|en|[fi]|pt|ru|zh|ja|ko|de|fr|sp|pl
indicatorDesc|Empower the attributes and aspects of this mechanic||Potencialize os atributos e aspectos deste mecânico|Расширьте возможности и возможности этого механизма|增強該機制的屬性和面向|このメカニズムの属性と側面を強化する|이 메커니즘의 능력치와 요소를 강화하세요|Verstärke die Eigenschaften und Aspekte dieser Mechanik.|Renforcez les attributs et les aspects de cette mécanique|Potencia los atributos y aspectos de esta mecánica|Wzmocnij atrybuty i aspekty tej mechaniki
view_incarnation|View Incarnation||Ver Encarnação|Просмотреть воплощение|查看化身天賦樹|インカーネーションを表示|인카네이션 보기|Inkarnation ansehen|Voir Incarnation|Ver Encarnación|Zobacz Wcielenie
view_ether|View Ether||Ver Éter |Просмотреть эфир |查看乙太天賦樹|エーテルを表示 |에테르 보기 |Äther ansehen|Voir Éther |Ver Éter|Zobacz Ether
|||||||||||
[Chaos Tower]|||||||||||
etherCtSmall01_name|Luck of the Draw||Sorte no Sorteio|Удача в розыгрыше|抽籤運氣|運命のいたずら|운에 맡기기|Glückssache|Coup de chance|Suerte del sorteo|Szczęście Losu
etherCtSmall02_name|Safe Haven||Refúgio Seguro|Безопасное убежище|安全港|安全な避難所|안전지대|Sicherer Hafen|Refuge sûr|Refugio seguro|Bezpieczna Przystań
etherCtSmall03_name|Soul Valuation||Avaliação da Alma|Оценка души|靈魂價值|魂の評価|영혼 평가|Seelenbewertung|Évaluation de l'âme|Valoración del alma|Wycena Duszy
etherCtSmall04_name|Chaotic Population Decrease||Redução da População Caótica|Хаотическое сокращение населения|混亂的人口減少|混沌の人口減少|혼돈 인구 감소|Chaotische Bevölkerungsabnahme|Diminution de la population chaotique|Disminución de la población caótica|Zmniejszenie Chaotycznej Populacji
etherCtSmall05_name|Chaotic Population Increase||Aumento da População Caótica|Хаотическое увеличение населения|混亂的人口增加|混沌の人口増加|혼돈 인구 증가|Chaotische Bevölkerungszunahme|Augmentation de la population chaotique|Aumento de la población caótica|Zwiększenie Chaotycznej Populacji
etherCtSmall06_name|The Tower´s Presence||A Presença da Torre|Присутствие башни|高塔降臨|塔の存在|탑의 존재|Die Präsenz des Turms|Présence de la Tour|La presencia de la torre|Obecność Wieży
etherCtSmall07_name|Chaotic Presence||Presença Caótica |Хаотичное Присутствие|混沌氣場|混沌の気配 |혼돈의 존재|Chaotische Präsenz |Présence chaotique |Presencia Caótica|Chaotyczna obecność
etherCtBig01_name|More Ways of Suffering||Mais Formas de Sofrimento|Больше способов страданий|更多苦難方式|さらなる苦しみ|더 많은 고통의 방식|Mehr Leidenswege|Souffrances supplémentaires|Más formas de sufrimiento|Więcej Sposobów Cierpienia
etherCtBig02_name|Whispering of the Colosseum||Sussurros do Coliseu|Шепот Колизея|競技場低語|コロシアムの囁き|콜로세움의 속삭임|Das Flüstern des Kolosseums|Murmures du Colisée|Susurros del Coliseo|Szept Koloseum
etherCtBig03_name|Amplified Magic Find||Aumento da Busca Mágica|Усиленный поиск магии|強化物品稀有度|魔法発見率の増幅|증폭된 마법 발견 확률|Verstärkte Magiefundrate|Découverte magique amplifiée|Hallazgo mágico amplificado|Wzmocniona Szansa na Magiczne Przedmioty
etherCtBig04_name|Divine Blessing||Bênção Divina|Божественное благословение|神聖祝福|神の祝福|신의 축복|Göttlicher Segen|Bénédiction divine|Bendición divina|Boskie Błogosławieństwo
etherCtBig05_name|Ying & Yang||Yin e Yang|Инь и Ян|陰陽|陰陽|음양|Yin & Yang|Yin et Yang|Yin y Yang|Ying & Yang
etherCtBig06_name|Raging Chaos||Caos Desenfreado|Яростный хаос|狂怒混亂|激怒の混沌|격렬한 혼돈|Wütendes Chaos|Chaos déchaîné|Caos furioso|Wściekły Chaos
etherCtBig07_name|Tower Revelation||Revelação da Torre|Откровение башни|高塔啟示錄|塔の啓示|탑의 계시|Turm-Enthüllung|Révélation de la Tour|Revelación de la torre|Objawienie Wieży
etherCtBig08_name|Call of the Tower||O Chamado da Torre|Зов Башни|高塔的號召|塔の呼び声|타워의 부름|Ruf des Turms|L'Appel de la Tour|Llamada de la Torre|Zew Wieży
etherCtBig09_name|Summoner of Chaos||Invocador do Caos |Призыватель Хаоса|混沌召喚者|混沌の召喚者 |카오스의 소환사|Beschwörer des Chaos |Invocateur du Chaos |Invocador del Caos|Przywoływacz Chaosu
etherCtSmall01|Chance to skip the next tower floor||Chance de pular o próximo andar da torre|Шанс пропустить следующий этаж башни|有機會跳過下一層樓層|次の塔の階をスキップするチャンス|다음 탑 층 건너뛰기 찬스|Chance, die nächste Turmetage zu überspringen|Chance de passer l'étage suivant de la tour|Probabilidad de saltar el siguiente piso de la torre|Szansa na pominięcie następnego piętra wieży
etherCtSmall02|Chance per floor for debuffs to be disabled||Chance por andar de debuffs serem desativados|Шанс отключения дебаффов на каждом этаже|機率解除樓層的減益效果|各階でデバフが無効化されるチャンス|층별 디버프 해제 찬스|Chance pro Etage, dass Debuffs deaktiviert werden|Chance par étage de désactiver les malus|Probabilidad por piso de desactivar desventajas|Szansa na piętro, że debuffy zostaną wyłączone
etherCtSmall03|Increased monster Magic Find in Chaos Tower floors||Aumento da Busca Mágica de monstros nos andares da Torre do Caos|Увеличенный поиск магии монстрами на этажах Башни Хаоса|混沌塔中樓層怪物的物品稀有度|混沌の塔の階でのモンスターの魔法発見率の増加|혼돈의 탑 층에서 몬스터 마법 발견 확률 증가|Erhöhte Magiefundrate von Monstern in den Chaosturm-Etagen|Découverte magique des monstres augmentée dans les étages de la Tour du Chaos|Aumento del Hallazgo Mágico de los monstruos en los pisos de la Torre del Caos|Zwiększona Szansa na Magiczne Przedmioty potworów na piętrach Chaos Tower
etherCtSmall04|Decreased amount of monsters per floor||Redução da quantidade de monstros por andar|Уменьшенное количество монстров на этаже|每層怪物數量減少|各階のモンスターの減少|층당 몬스터 수 감소|Verringerte Anzahl von Monstern pro Etage|Nombre de monstres par étage diminué|Disminución de la cantidad de monstruos por piso|Zmniejszona ilość potworów na piętrze
etherCtSmall05|Increased amount of monsters per floor||Aumento da quantidade de monstros por andar|Увеличенное количество монстров на этаже|每層怪物數量增加|各階のモンスターの増加|층당 몬스터 수 증가|Erhöhte Anzahl von Monstern pro Etage|Nombre de monstres par étage augmenté|Aumento de la cantidad de monstruos por piso|Zwiększona ilość potworów na piętrze
etherCtSmall06|Increased chance to find a Chaos Tower||Aumento da chance de encontrar uma Torre do Caos|Увеличенный шанс найти Башню Хаоса|發現混沌塔的機率|混沌の塔を見つけるチャンスの増加|혼돈의 탑 발견 확률 증가|Erhöhte Chance, einen Chaosturm zu finden|Chance accrue de trouver une Tour du Chaos|Mayor probabilidad de encontrar una Torre del Caos|Zwiększona szansa na znalezienie Chaos Tower
etherCtSmall07|Increased Chaos Tower discovery radius.|||Увеличен радиус обнаружения Башни Хаоса.|增加混沌之塔的發現範圍。||카오스 타워 발견 반경이 증가|||Mayor radio de descubrimiento de la Torre del Caos|
etherCtBig01|Gain an additional debuff option||Obter uma opção de debuff adicional|Получите дополнительную опцию дебаффа|個額外的減益選項|追加のデバフオプションを獲得|추가 디버프 옵션 획득|Eine zusätzliche Debuff-Option erhalten|Option de malus supplémentaire|Obtén una opción de desventaja adicional|Otrzymaj dodatkową opcję debuffu
etherCtBig02|Chance per floor to drop a Colosseum Fragment||Chance por andar de dropar um Fragmento do Coliseu|Шанс выпадения фрагмента Колизея на каждом этаже|每層掉落鬥獸場碎片的機率|各階でコロシアムの破片をドロップするチャンス|층별 콜로세움 조각 드롭 확률 증가|Chance pro Etage, ein Kolosseumfragment zu erhalten|Chance par étage d'obtenir un Fragment du Colisée|Probabilidad por piso de soltar un Fragmento del Coliseo|Szansa na piętro na drop Colosseum Fragment
etherCtBig03|Increased total Magic Find applied to the Chaos Tower chest||Aumento da Busca Mágica total aplicada ao baú da Torre do Caos|Увеличенный общий поиск магии, применяемый к сундуку Башни Хаоса|混沌塔寶箱的總物品稀有度|混沌の塔の宝箱に適用される合計魔法発見率の増加|혼돈의 탑 상자에 적용되는 총 마법 발견 확률 증가|Erhöhte Gesamt-Magiefundrate, die auf die Chaosturm-Truhe angewendet wird|Découverte magique totale augmentée pour le coffre de la Tour du Chaos|Aumento del Hallazgo Mágico total aplicado al cofre de la Torre del Caos|Zwiększona całkowita Szansa na Magiczne Przedmioty stosowana do skrzyni Chaos Tower
etherCtBig04|Gain an additional Chaos Tower buff||Obter um buff adicional da Torre do Caos|Получите дополнительный бафф Башни Хаоса|個額外的混沌塔增益效果|追加の混沌の塔バフを獲得|추가 혼돈의 탑 버프 획득|Ein zusätzlicher Chaosturm-Buff erhalten|Bonus supplémentaire pour la Tour du Chaos|Obtén una mejora adicional de la Torre del Caos|Otrzymaj dodatkowy buff Chaos Tower
etherCtBig05|Gain two additional Chaos Tower buffs doubling the effectiveness of all your debuffs||Obter dois buffs adicionais da Torre do Caos, dobrando a eficácia de todos os seus debuffs|Получите два дополнительных баффа Башни Хаоса, удваивающих эффективность всех ваших дебаффов|個額外的混沌塔增益，但使所有減益效果翻倍|すべてのデバフの効果を2倍にする追加の混沌の塔バフを2つ獲得|모든 디버프 효과를 두 배로 증가시키는 추가 혼돈의 탑 버프 2개 획득|Erhalte zwei zusätzliche Chaosturm-Buffs in der ersten Ebene, die Wirksamkeit all Debuffs wird verdoppelt|Deux bonus supplémentaires pour la Tour du Chaos, doublant l'efficacité de tous vos malus|Obtén dos mejoras adicionales de la Torre del Caos que duplican la efectividad de todas tus desventajas|Otrzymaj dwa dodatkowe buffy Chaos Tower, podwaja skuteczność wszystkich twoich debuffów
etherCtBig06|Increased monster movement speed inside Chaos Tower||Aumento da velocidade de movimento dos monstros dentro da Torre do Caos|Увеличенная скорость передвижения монстров внутри Башня Хаоса|混沌塔內怪物的移動速度|混沌の塔内のモンスターの移動速度の増加|혼돈의 탑 내부 몬스터 이동 속도 증가|Erhöhte Bewegungsgeschwindigkeit von Monstern im Chaosturm|Vitesse de déplacement des monstres augmentée dans la Tour du Chaos|Aumento de la velocidad de movimiento de los monstruos dentro de la Torre del Caos|Zwiększona prędkość ruchu potworów wewnątrz Chaos Tower
etherCtBig07|Chaos Tower is always revealed on the map||A Torre do Caos é sempre revelada no mapa |Башня Хаоса всегда отображается на карте. |混沌塔始終在地圖上顯示|混沌の塔は常に公開されます地図 |혼돈의 탑이 항상 지도에 표시됨 |Der Chaosturm ist immer auf der Karte sichtbar|La Tour du Chaos est toujours révélée sur la carte |La Torre del Caos siempre se revela en el mapa|Chaos Tower zawsze widoczna na mapie
etherCtBig08|Increased Chaos Tower discovery radius.||Aumentado o raio de descoberta da Torre do Caos.|Увеличен радиус обнаружения Башни Хаоса.|增加混沌之塔的發現範圍。|カオスタワーの発見範囲を拡大しました。|카오스 타워 발견 반경 증가|Der Entdeckungsradius für Chaos-Türme wurde erhöht.|Rayon de découverte de la Tour du Chaos augmenté.|Mayor radio de descubrimiento de la Torre del Caos|Zwiększono promień wykrywania Wieży Chaosu.
etherCtBig09|Increased chance to find a Chaos Tower||Aumentada a chance de encontrar uma Torre do Caos. |Повышена вероятность обнаружения Башни Хаоса.|找到混沌之塔的機率提高。|カオスタワーの発見率を向上させました。 |카오스 타워를 발견할 확률 증가|Die Wahrscheinlichkeit, einen Chaos-Turm zu finden, wurde erhöht. |Probabilité de trouver une Tour du Chaos augmentée. |Mayor probabilidad de encontrar una Torre del Caos|Zwiększono szansę na znalezienie Wieży Chaosu.
ctIndicator_name|Chaos Tower||Torre do Caos |Башня Хаоса |混沌塔|カオスタワー |혼돈의 탑|Chaosturm|Tour du Chaos |Torre del Caos|Chaos Tower
|||||||||||
[Chaos Pillar]|||||||||||
etherCpSmall01_name|Conjuring Darkness||Conjuração da Escuridão|Вызывание Тьмы|召喚黑暗|闇の召喚|어둠 소환|Beschwörung der Dunkelheit|Invocation des Ténèbres|Invocando la oscuridad|Przywoływanie Ciemności
etherCpSmall02_name|Density of Evil||Densidade do Mal|Плотность Зла|邪惡密度|邪悪の密度|악의 밀도|Dichte des Bösen|Densité du Mal|Densidad del mal|Gęstość Zła
etherCpSmall03_name|Immaterial Lock||Fechadura Imaterial|Нематериальный Замок|非物質鎖定|非物質のロック|무형의 자물쇠|Immaterielles Schloss|Verrou Immatériel|Cerradura inmaterial|Niematerialna Blokada
etherCpSmall04_name|Dwelling Evil||Mal Habitante|Обитель Зла|邪惡居所|邪悪の棲み処|거주하는 악|Innewohnendes Böses|Mal Proscrit|Mal morador|Mieszkające Zło
etherCpSmall05_name|Amplified Darkness||Escuridão Amplificada|Усиленная Тьма|黑暗強化|増幅された闇|증폭된 어둠|Verstärkte Dunkelheit|Ténèbres Amplifiées|Oscuridad amplificada|Wzmocniona Ciemność
etherCpSmall06_name|Hierarchy of Chaos||Hierarquia do Caos|Иерархия Хаоса|混亂階層|混沌の階層|혼돈의 계층|Hierarchie des Chaos|Hiérarchie du Chaos|Jerarquía del caos|Hierarchia Chaosu
etherCpSmall07_name|Step in the Dark||Passo na Escuridão|Шаг во тьму|踏入黑暗|闇への一歩|어둠 속으로의 발걸음|Schritt in die Dunkelheit|Pas dans les Ténèbres|Un paso en la oscuridad|Krok w Ciemność
etherCpSmall08_name|Pillar’s Presence||A Presença de Pillar |Присутствие Столпа|支柱氣場|ピラーの存在感 |기둥의 존재|Pillars Präsenz |La présence de Pillar |Presencia del Pilar|Obecność Pillar
etherCpBig01_name|Chaos Multitude||Multidão do Caos|Множество Хаоса|混亂群聚|混沌の群れ|혼돈의 무리|Chaos-Menge|Multitude du Chaos|Multitud del caos|Chaotyczna Wielość
etherCpBig02_name|Chaotic Aftershock||Repercussão Caótica|Хаотический Афтершок|混亂餘波|混沌の余震|혼돈의 여파|Chaotischer Nachbeben|Réplique Chaotique|Réplica caótica|Chaotyczny Późniejszy Szok
etherCpBig03_name|Evil Within The Chaos||Mal Dentro do Caos|Зло внутри Хаоса|混亂中的邪惡|混沌の中の邪悪|혼돈 속의 악|Das Böse im Chaos|Le Mal au Cœur du Chaos|El mal dentro del caos|Zło w Chaosie
etherCpBig04_name|Glimmering Darkness||Escuridão Cintilante|Мерцающая Тьма|閃爍黑暗|きらめく闇|반짝이는 어둠|Schimmernde Dunkelheit|Ténèbres Scintillantes|Oscuridad resplandeciente|Błyszczący Cień
etherCpBig05_name|Relic Infused Chaos||Caos Infundido com Relíquia|Хаос, наполненный реликвиями|遺物注入混亂|遺物注入の混沌|유물이 주입된 혼돈|Relikt-durchdrungenes Chaos|Chaos Imprégné de Reliques|Caos infundido con reliquias|Chaos Nasączony Reliktami
etherCpBig06_name|Prayer For Darkness||Oração pela Escuridão|Молитва о Тьме|黑暗祈禱|闇への祈り|어둠을 위한 기도|Gebet für die Dunkelheit|Prière pour les Ténèbres|Oración por la oscuridad|Modlitwa o Ciemność
etherCpBig07_name|Call of the Pillar||Chamado do Pilar|Зов Столпа|柱之呼喚|柱の呼び声|기둥의 부름|Ruf der Säule|Appel du Pilier|Llamada del Pilar|Wezwanie Filaru
etherCpBig08_name|Summoner of Pillars||Invocador de Pilares |Призыватель Столпов|柱之召喚|柱の召喚者 |기둥의 소환자|Beschwörer der Säulen |Invocateur de Piliers |Invocador de Pilares|Przywoływacz Filarów
etherCpBig09_name|Whispering Prophet||Whispering Prophet|Шепчущий пророк|低語先知|囁く預言者|속삭이는 예언자|Flüsternder Prophet|Augmentation des chances d'apparition des Piliers du Chaos|Profeta Susurrante|Szeptający Prorok
etherCpSmall01|Increased spawn chance of Chaos Pillars||Aumenta a chance de surgimento de Pilares do Caos|Увеличенная вероятность появления Столпов Хаоса|混沌柱生成機率|混沌の柱の出現率増加|혼돈 기둥 생성 확률 증가|Erhöhte Wahrscheinlichkeit für das Erscheinen von Chaossäulen|Augmentation des chances d'apparition des Piliers du Chaos|Mayor probabilidad de aparición de Pilares del Caos|Zwiększona szansa na spawn Chaos Pillars
etherCpSmall02|Increases the chance of higher tier Chaos Pillars||Aumenta a chance de Pilares do Caos de nível superior|Увеличена вероятность появления Столпов Хаоса более высокого уровня|更高階的混沌柱出現機率|高位の混沌の柱の出現率増加|상위 등급 혼돈 기둥 생성 확률 증가|Erhöht die Wahrscheinlichkeit für höherstufige Chaossäulen|Augmentation des chances d'obtenir des Piliers du Chaos de niveau supérieur|Mayor probabilidad de Pilares del Caos de mayor nivel|Zwiększa szansę na Chaos Pillars wyższego tieru
etherCpSmall03|Chance to not consume a chaos key when opening a Chaos Pillar||Chance de não consumir uma chave do caos ao abrir um Pilar do Caos|Шанс не расходовать ключ Хаоса при открытии Столпа Хаоса|機率開啟混沌柱時不消耗混沌鑰匙|混沌の柱を開く際に混沌の鍵を消費しない確率|혼돈 기둥을 열 때 혼돈 열쇠를 소모하지 않을 확률 증가|Chance, beim Öffnen einer Chaossäule keinen Chaosschlüssel zu verbrauchen|Chance de ne pas consommer de clé du chaos lors de l'ouverture d'un Pilier du Chaos|Probabilidad de no consumir una Llave del Caos al abrir un Pilar del Caos|Szansa na niezużycie klucza chaosu przy otwieraniu Chaos Pillar
etherCpSmall04|Increased amount of monsters spawned by Chaos Pillar||Aumenta a quantidade de monstros gerados pelo Pilar do Caos|Увеличенное количество монстров, порождаемых Столпом Хаоса|混沌柱生成的怪物數量|混沌の柱から出現するモンスターの数増加|혼돈 기둥에서 생성되는 몬스터 수 증가|Erhöhte Anzahl der von Chaossäulen beschworenen Monster|Augmentation du nombre de monstres invoqués par les Piliers du Chaos|Mayor cantidad de monstruos generados por un Pilar del Caos|Zwiększona ilość potworów spawnionych przez Chaos Pillar
etherCpSmall05|Chance for Chaos Pillars to gain an additional affix||Chance de Pilares do Caos ganharem um afixo adicional|Шанс на получение Столпами Хаоса дополнительного аффикса|混沌柱獲得額外詞綴的幾率提高|混沌の柱に追加の接辞が付與される確率|혼돈 기둥에 추가 속성이 부여될 확률 증가|Chance, dass Chaossäulen einen zusätzlichen Affix erhalten|Chance d'obtenir un affixe supplémentaire pour les Piliers du Chaos|Probabilidad de que los Pilares del Caos obtengan un afijo adicional|Szansa na dodatkowy afiks dla Chaos Pillars
etherCpSmall06|Chance for monsters to spawn as higher rarity||Chance de monstros surgirem com raridade maior|Шанс на появление монстров более высокой редкости|機率怪物生成為更的高稀有度|モンスターが高レアリティで出現する確率|더 높은 희귀도의 몬스터가 생성될 확률 증가|Chance, dass Monster mit höherer Seltenheit erscheinen|Chance d'obtenir des monstres de rareté supérieure|Probabilidad de que los monstruos aparezcan con mayor rareza|Szansa na spawn potworów jako wyższa rzadkość
etherCpSmall07|Gain increased movement speed for a short duration when opening a Chaos Pillar||Ganha velocidade de movimento aumentada por um curto período ao abrir um Pilar do Caos|Увеличение скорости передвижения на короткое время при открытии Столпа Хаоса|移動速度提升在開啟混沌柱時|混沌の柱を開く際に短時間移動速度が上昇|혼돈 기둥을 열 때 짧은 시간 동안 이동 속도 증가|Erhöhte Bewegungsgeschwindigkeit für kurze Zeit beim Öffnen einer Chaossäule|Bonus de vitesse de déplacement temporaire lors de l'ouverture d'un Pilier du Chaos|Obtén velocidad de movimiento aumentada durante un breve periodo al abrir un Pilar del Caos|Zyskaj zwiększoną prędkość ruchu na krótki czas przy otwieraniu Chaos Pillar
etherCpSmall08|Increased Chaos Pillar discovery range.||Aumentado o alcance de detecção do Pilar do Caos. |Увеличен радиус обнаружения Столпа Хаоса.|增加混沌之柱的發現範圍。|カオス・ピラーの発見範囲を拡大しました。 |카오스 기둥 발견 범위 증가|Erhöhte Entdeckungsreichweite der Chaos-Säule. |Portée de détection du pilier du chaos augmentée. |Mayor radio de descubrimiento de los Pilares del Caos|Zwiększono zasięg wykrywania Filaru Chaosu.
etherCpBig01|Increased amount of Chaos Pillars||Aumenta a quantidade de Pilares do Caos|Увеличенное количество Столпов Хаоса|混沌柱的數量|混沌の柱の数増加|혼돈 기둥 개수 증가|Erhöhte Anzahl an Chaossäulen|Augmentation du nombre de Piliers du Chaos|Mayor cantidad de Pilares del Caos|Zwiększona ilość Chaos Pillars
etherCpBig02|Chance for a Chaos Pillar to activate twice||Chance de um Pilar do Caos ativar duas vezes|Шанс на активацию Столпа Хаоса дважды|機率混沌柱會啟動兩次|混沌の柱が2回起動する確率|혼돈 기둥이 두 번 활성화될 확률 증가|Chance, dass eine Chaossäule zweimal aktiviert wird|Chance d'activer un Pilier du Chaos deux fois|Probabilidad de que un Pilar del Caos se active dos veces|Szansa na dwukrotną aktywację Chaos Pillar
etherCpBig03|Chance for a Chaos Pillar to have boss materials affix||Chance de um Pilar do Caos ter o afixo de materiais de chefe|Шанс на получение Столпа Хаоса с аффиксом материалов босса|機率混沌柱會帶有首領材料詞綴|混沌の柱にボス素材の接辞が付與される確率|혼돈 기둥에 보스 재료 속성이 부여될 확률 증가|Chance, dass eine Chaossäule den Affix „Bossmaterialien“ erhält|Chance d'obtenir un affixe de matériaux de boss pour un Pilier du Chaos|Probabilidad de que un Pilar del Caos tenga el afijo de materiales de jefe|Szansa na afiks materiałów bossa dla Chaos Pillar
etherCpBig04|Chance for a Chaos Pillar to have a unique items affix||Chance de um Pilar do Caos ter o afixo de itens únicos|Шанс на Столп Хаоса получить уникальный аффикс предмета|機率混沌柱會帶有獨特物品詞綴|カオスピラーにユニークなアイテムアフィックスが付與される|혼돈 기둥에 고유 아이템이 부여될 확률 증가 접두사|Chance, dass eine Chaossäule den Affix „Einzigartige Gegenstände“ erhält|Chance d'obtenir un affixe d'objets uniques pour un |Probabilidad de que un Pilar del Caos tenga el afijo de objetos únicos|Szansa na afiks unikalnych przedmiotów dla Chaos Pillar
etherCpBig05|Chance for a Chaos Pillar to have the relic affix||Chance Para que um Pilar do Caos tenha o afixo de relíquia|Шанс получить реликвию на Столпе Хаоса|機率混沌柱會帶有遺物詞綴|カオスピラーにレリックアフィックスが付與される可能性あり|혼돈 기둥에 유물 접두사가 붙을 확률|Chance, dass eine Chaossäule den Relikt Affix erhält|Pilier du Chaos Ouvrez un Pilier du Chaos pour obtenir l'affixe de relique.|Probabilidad de que un Pilar del Caos tenga el afijo de reliquia|Szansa na afiks reliktu dla Chaos Pillar
etherCpBig06|Gain a random Shrine Buff when opening a Chaos Pillar||Ganhe um bônus de Santuário aleatório ao abrir um Pilar do Caos|Получить случайный бафф Святилища при открытии Столпа Хаоса|開啟渾沌柱時獲得隨機神殿增益|カオスピラーを開封するとランダムな聖域バフを獲得|혼돈 기둥을 열 때 무작위 신전 버프를 획득합니다|Erhält einen zufälligen Schrein-Buff beim Öffnen einer Chaossäule|Obtenez un bonus de sanctuaire aléatoire en ouvrant un Pilier du Chaos.|Obtén una mejora de santuario aleatoria al abrir un Pilar del Caos|Otrzymaj losowy buff ołtarza przy otwieraniu Chaos Pillar
etherCpBig07|Increased Chaos Pillar discovery range.||Aumentado o alcance de detecção dos Pilares do Caos.|Увеличен радиус обнаружения Столпа Хаоса.|增加混沌之柱的發現範圍。|カオスピラーの発見範囲を拡大しました。|카오스 기둥 발견 범위 증가|Die Entdeckungsreichweite von Chaos-Säulen wurde erhöht.|Augmentation de la portée de détection des Piliers du Chaos.|Mayor radio de descubrimiento de los Pilares del Caos|Zwiększono zasięg wykrywania Filarów Chaosu.
etherCpBig08|Increased spawn chance of Chaos Pillars||Aumentada a chance de surgimento dos Pilares do Caos. |Повышена вероятность появления Столпов Хаоса.|增加混沌之柱的生成機率|カオスピラーの出現率を増加させました。 |카오스 기둥의 발견 확률 증가|Die Spawn-Wahrscheinlichkeit von Chaos-Säulen wurde erhöht. |Augmentation de la probabilité d'apparition des Piliers du Chaos. |Mayor probabilidad de aparición de Pilares del Caos|Zwiększono szansę na pojawienie się Filarów Chaosu.
etherCpBig09|Chance per pillar tier to contain a Prophet’s Wisdom||Chance por nível de pilar de conter Sabedoria do Profeta|Шанс за каждый уровень столпа получить Мудрость пророка|每階級的支柱包含先知智慧的機率|ピラーの階層ごとにプロフェッツ・ウィズダムが含まれる確率|기둥 등급당 예언자의 지혜를 포함할 확률|Chance pro Säulenstufe, die Weisheit eines Propheten zu enthalten|Chances par niveau de pilier de contenir une Sagesse du Prophète|Probabilidad por nivel de pilar de contener Sabiduría del Profeta|Szansa na poziom filaru na zawarcie Mądrości Proroka
cpIndicator_name|Chaos Pillar||Pilar do Caos |Столп Хаоса |混沌柱|カオスピラー |혼돈 기둥 |Chaossäule|Pilier du Chaos |Pilar del Caos|Chaos Pillar
|||||||||||
[Mining]|||||||||||
etherMinSmall01_name|Gold Rush||Corrida do Ouro|Золотая лихорадка|黃金狂潮|ゴールドラッシュ|골드 러시|Goldrausch|Ruée vers l'or|Fiebre del oro|Gorączka Złota
etherMinSmall02_name|Increasing Value||Valor Crescente|Повышение ценности|價值提升|価値上昇|가치 상승|Steigender Wert|Valeur croissante|Valor creciente|Rosnąca Wartość
etherMinSmall03_name|Abundance of Materials||Abundância de Materiais|Изобилие материалов|豐富材料|豊富な素材|풍부한 재료|Reichlich an Materialien|Abondance de matériaux|Abundancia de materiales|Obfitość Materiałów
etherMinSmall04_name|Lucky Hit||Acerto de Sorte|Удачная находка|幸運一擊|幸運な一撃|행운의 발견|Glückstreffer|Coup de chance|Golpe de suerte|Szczęśliwy Traf
etherMinSmall05_name|Swift Labour||Trabalho Rápido|Быстрый труд|迅速勞動|迅速な労働|빠른 작업|Schnelle Arbeit|Travail rapide|Trabajo rápido|Szybka Praca
etherMinSmall06_name|Prospecting Hit||Acerto de Prospecção|Попадание в цель|命中勘探|探鉱の一撃|탐사 성공|Treffer bei der Prospektion|Prospection fructueuse|Golpe de prospección|Trafienie w Poszukiwaniach
etherMinSmall07_name|Jewelry Within||Joias Dentro|Ювелирные изделия внутри|暗藏珠寶|宝石の宝庫|보석 함유|Schmuckfunde|Bijoux cachés|Joyas interiores|Biżuteria Wewnątrz
etherMinSmall08_name|Presence of the Vein||Presença da Veia|Наличие вены|礦脈氣場|静脈の存在|광맥의 존재|Präsenz der Ader|Présence de la veine|Presencia de la Veta|Obecność żyły
etherMinSmall09_name|Worthy||Digno |Достойный|有價值的|価値あるもの |가치 있는 자|Würdig |Digne |Valioso|Godny
etherMinBig01_name|Goblin Patrol||Patrulha Goblin|Патруль гоблинов|巡邏哥布林|ゴブリンの巡回|고블린 순찰|Goblinpatrouille|Patrouille gobeline|Patrulla de goblins|Patrol Goblinów
etherMinBig02_name|Careful Extraction||Extração Cuidadosa|Осторожная добыча|謹慎開採|慎重な採掘|신중한 채굴|Sorgfältige Extraktion|Extraction prudente|Extracción cuidadosa|Ostrożna Ekstrakcja
etherMinBig03_name|Divine Luck||Sorte Divina|Божественная удача|神聖幸運|神の幸運|신의 행운|Göttliches Glück|Chance divine|Suerte divina|Boskie Szczęście
etherMinBig04_name|Pristine Extraction||Extração Imaculada|Первозданная добыча|完美開採|完璧な採掘|완벽한 채굴|Makellose Extraktion|Extraction parfaite|Extracción impecable|Doskonała Ekstrakcja
etherMinBig05_name|Call of the Ore||Chamado do Minério|Зов руды|礦石的號召|鉱石の呼び声|광석의 부름|Ruf des Erzes|Appel du minerai|Llamado del Mineral|Zew kruszcu
etherMinBig06_name|Instant Prospection||Prospecção Instantânea|Мгновенный поиск потенциальных клиентов|即時探勘|即時探鉱|즉시 탐사|Sofortige Prospektion|Prospection instantanée|Prospección Instantánea|Natychmiastowa prospekcja
etherMinBig07_name|49’er||49’er|49-й|淘金客|49’er|49’er|49er|49’er|Los del 49|49’er
etherMinBig08_name|Gifts from Valhalla||Presentes de Valhalla |Дары из Вальхаллы|瓦爾哈啦的賜福|ヴァルハラからの贈り物 |발할라의 선물|Geschenke aus Walhall |Cadeaux du Valhalla |Regalos del Valhalla|Dary z Walhalli
etherMinSmall01|Chance for an ore node to spawn additional node next to it||Chance de um nó de minério gerar um nó adicional próximo a ele|Шанс на появление дополнительного узла рядом с рудным узлом|礦脈節點有機率在旁邊額外產生一個節點|鉱脈の横に追加鉱脈が生成される確率|광맥 옆에 추가 광맥이 생성될 확률|Chance, dass neben einem Erzader ein weiterer Knotenpunkt erscheint|Chance qu'un gisement supplémentaire apparaisse à proximité d'un filon de minerai|Probabilidad de que un nodo de mineral genere otro nodo adyacente|Szansa, że węzeł rudy spawnuje dodatkowy węzeł obok
etherMinSmall02|Chance when mined for an ore node to upgrade into a higher tier node instead of breaking||Chance de um nó de minério ser aprimorado para um nó de nível superior em vez de quebrar|Шанс на улучшение рудного узла до более высокого уровня вместо его разрушения при добыче|開採礦脈時有機率升級回復更高階節點而非破壞|採掘時に鉱脈が破壊される代わりに上位ランクの鉱脈へアップグレードされる確率|채굴 시 광맥이 파괴되는 대신 상위 등급 광맥으로 업그레이드될 확률|Chance, dass ein Erzaderpunkt beim Abbau zu einem höherwertigen Knotenpunkt aufgewertet wird, anstatt zu zerbrechen|Chance, lors de l'extraction d'un gisement de minerai, d'évoluer en un gisement de niveau supérieur au lieu de se briser|Probabilidad de que, al extraer un nodo de mineral, este suba de nivel en lugar de romperse|Szansa przy wydobyciu, że węzeł rudy ulepszy się do wyższego tieru zamiast się zniszczyć
etherMinSmall03|Increases the chance of an ore node to spawn as a rich or an overflowing vein.||Aumenta a chance de um nó de minério surgir como uma veia rica ou transbordante.|Увеличивает шанс появления богатой или переполненной жилы рудного узла.|機率礦脈生成為富有或充盈的礦脈|鉱脈が豊富または溢れ出す鉱脈で生成される確率が上昇|광맥이 풍부하거나 넘쳐흐르는 광맥으로 생성될 확률 증가|Erhöht die Chance, dass ein Erzaderpunkt als ergiebige oder überlaufende Ader erscheint.|Augmente la probabilité qu'un gisement de minerai apparaisse comme un filon riche ou débordant|Aumenta la probabilidad de que un nodo de mineral aparezca como una veta rica o rebosante|Zwiększa szansę na spawn węzła rudy jako bogatej lub przelewającej się żyły
etherMinSmall04|Chance to do a lucky hit rolling till failure, dropping additional ore for each successful roll. ||Chance de um acerto de sorte rolando até falhar, dropando minério adicional para cada rolagem bem-sucedida.|Шанс совершить удачное бросок кубика, при котором допускаются неудачные попытки, а за каждый успешный бросок выпадает дополнительная руда.|機率觸發幸運一擊並持續判定直到失敗為止，每次成功判定會額外掉落礦石。|失敗するまでラッキー発見が発動し、成功するたびに追加の鉱石を獲得|확률로 실패할 때까지 행운의 발견 발동, 성공할 때마다 추가 광석 획득|Chance, einen Glückstreffer zu würfeln, bis man scheitert und für jeden erfolgreichen Wurf zusätzliches Erz erhält.|Chance de faire un coup de chance en lançant les dés jusqu'à l'échec, obtenant du minerai supplémentaire à chaque lancer réussi|Probabilidad de realizar un golpe de suerte tirando hasta fallar, obteniendo mineral adicional por cada éxito.|Szansa na wykonanie szczęśliwego trafu – rzut aż do porażki, dropując dodatkowe rudy za każdy udany rzut
etherMinSmall05|Gain movement phasing and stacking movement speed after mining a node.||Ganha velocidade de movimento progressiva e cumulativa após minerar um nó.|Получаете фазирование движения и увеличиваете скорость передвижения после добычи узла.|移動速度在開採節點後並獲得相位效果|鉱脈採掘後の移動 位相調整と移動速度 重ね合わせ取得|광맥 채굴 후 이동 위상 조절 및 이동 속도 중첩 획득|Erhält nach dem Abbau eines Knotenpunkts Bewegungsphasen und stapelbare Bewegungsgeschwindigkeit.|Gagne la vitesse de déplacement et le passage en phase après l'extraction d'un gisement|Obtienes traspaso y velocidad de movimiento acumulativa tras extraer un nodo|Zyskaj fazowanie ruchu i stackującą się prędkość ruchu po wydobyciu węzła
etherMinSmall06|Chance to gain a prospect material from mining rich or overflowing veins.||Chance de obter um material de prospecção ao minerar veias ricas ou transbordantes.|Шанс получить материал для поиска при добыче богатых или переполненных жил.|開採富有或充盈的礦脈時有機率獲得探勘材料|豊富または溢れんばかりの鉱脈 採掘時に探査素材取得確率が上昇|풍부하거나 넘쳐흐르는 광맥 채굴 시 탐사 재료 획득 확률 증가|Chance, beim Abbau ergiebiger oder überlaufender Adern ein Prospektionsmaterial zu erhalten.|Chance d'obtenir un matériau de prospection en extrayant des filons riches ou débordants|Probabilidad de obtener un material de prospección al extraer vetas ricas o rebosantes|Szansa na uzyskanie materiału prospect z wydobycia bogatych lub przelewających się żył
etherMinSmall07|Chance to drop an Uncut Jewel when mining an ore node.||Chance de dropar uma Joia Bruta ao minerar um nó de minério.|Шанс выпадения необработанного драгоценного камня при добыче рудного узла.|機率開採礦脈節點時掉落未切割珠寶|鉱脈採掘時に未加工の宝石取得確率が上昇|광맥 채굴 시 가공되지 않은 보석 획득 확률 증가|Chance, beim Abbau eines Erzaderpunkts einen ungeschliffenen Juwel zu erhalten.|Chance d'obtenir un joyau brut lors de l'extraction d'un gisement|Probabilidad de obtener una joya sin tallar al extraer un nodo de mineral|Szansa na drop Nieoszlifowanego Klejnotu przy wydobyciu węzła rudy
etherMinSmall08|Increased Mining Node discovery range.||Aumentado o alcance de detecção de nós de mineração.|Увеличен радиус обнаружения майнинговых узлов.|增加採礦節點的發現範圍。|採掘ポイントの発見範囲を拡大しました。|채광 노드 발견 범위 증가.|Erhöhte Reichweite zum Aufspüren von Erz- und Mineralvorkommen.|Portée de détection des gisements miniers augmentée.|Mayor radio de descubrimiento de Nodos de Minería.|Zwiększono zasięg wykrywania złóż surowców.
etherMinSmall09|Chance to summon a portal to Asgard when mining a Rich or Overflowing node.||Chance de invocar um portal para Asgard ao minerar um nó Rico ou Transbordante. |При добыче ресурсов из богатых или переполненных месторождений существует вероятность вызвать портал в Асгард.|開採富有或充盈的礦節點時，有機率召喚通往阿斯加德的傳送門。|「豊富な（Rich）」または「溢れ出る（Overflowing）」採掘ポイントを採掘した際、アスガルドへのポータルを召喚する確率を追加しました。 |풍부한 광맥 또는 넘치는 광맥 채광 시 아스가르드로 통하는 포탈 소환 확률.|Chance, beim Abbau eines ergiebigen oder überquellenden Vorkommens ein Portal nach Asgard zu beschwören. |Chance d'invoquer un portail vers Asgard lors de l'extraction d'un gisement riche ou surabondant. |Probabilidad de invocar un portal a Asgard al minar un nodo Rico o Rebosante.|Szansa na przywołanie portalu do Asgardu podczas wydobycia z bogatego lub przepełnionego złoża.
etherMinBig01|Chance to get ambushed by Ore Goblins that drop ore and materials based on the mined node.||Chance de ser emboscado por Goblins de Minério que dropam minério e materiais com base no nó minerado.|Шанс попасть в засаду рудных гоблинов, которые сбрасывают руду и материалы в зависимости от добытого узла.|機率被礦石哥布林伏擊，它們會根據開採的節點掉落礦石和材料|採掘した鉱脈に応じて鉱石や素材をドロップする鉱石ゴブリンの奇襲に遭う確率|채굴한 광맥에 따라 광석과 재료를 드롭하는 광석 고블린의 기습당한 확률|Chance, von Erzgoblins überfallen zu werden, die Erz und Materialien basierend auf dem abgebauten Knotenpunkt fallen lassen.|Chance de subir une embuscade de gobelins mineurs qui laissent tomber du minerai et des matériaux en fonction du gisement extrait|Probabilidad de ser emboscado por goblins de mineral que sueltan materiales según el nodo extraído|Szansa na zasadzkę Ore Goblins, które dropią rudę i materiały w zależności od wydobytego węzła
etherMinBig02|Chance for the ore node to not break upon mining and become mineable again.||Chance de o nó de minério não quebrar ao ser minerado e se tornar minerável novamente.|Шанс, что рудный узел не сломается при добыче и снова станет пригодным для добычи.|機率礦脈節點開採後不被破壞，可再次開採|採掘時に鉱脈が壊れず、再び採掘できる確率|채굴 시 광맥이 부서지지 않고 다시 채굴 가능해질 확률.|Chance, dass der Erzaderpunkt beim Abbau nicht zerbricht und erneut abbaubar wird.|Chance que le gisement de minerai ne se brise pas lors de l'extraction et redevienne exploitable Chance d'obtenir une carte de tarot aléatoire en extrayant un gisement d'or et de rubis.|Probabilidad de que el nodo de mineral no se rompa al extraerlo y pueda minarse de nuevo|Szansa, że węzeł rudy nie zniszczy się przy wydobyciu i będzie możliwy do ponownego wydobycia
etherMinBig03|Chance for a Gold and Ruby ore node to randomly drop any Tarot Card.||Chance de um nó de minério de ouro e rubi dropar aleatoriamente qualquer carta de tarô.|Шанс, что из золотого или рубинового рудного узла случайным образом выпадет любая карта Таро.|機率黃金與紅寶石礦脈隨機掉落任意塔羅牌|金とルビーの鉱脈で、タロットカードのうちの一枚がランダムにドロップする確率|금과 루비 광맥에서 타로 카드 중 하나가 무작위로 드롭될 확률.|Chance, dass eine Gold- und Rubin-Erzader zufällig eine beliebige Tarotkarte fallen lässt.|Chance d'obtenir une gemme pure en extrayant un filon abondant.|Probabilidad de que un nodo de oro y rubí suelte aleatoriamente cualquier carta del tarot|Szansa, że węzeł rudy złota i rubinów losowo dropnie dowolną Kartę Tarota
etherMinBig04|Chance to drop a Pristine Gem from an overflowing vein.||Chance de dropar uma gema imaculada de uma veia transbordante.|Шанс выпадения первозданного самоцвета из переполненной жилы.|機率充盈的礦脈會掉落嶄新寶石|鉱脈が溢れる場所で純粋な宝石がドロップする確率|광맥이 넘쳐흐르는 곳에서 순수한 보석이 드롭될 확률.|Chance, dass eine überlaufende Ader einen makellosen Edelstein fallen lässt.|Il est possible qu'un filon abondant recèle une pierre précieuse d'une qualité irréprochable. |Probabilidad de obtener una gema prístina de una veta rebosante|Szansa na drop Doskonałego Klejnotu z przelewającej się żyły
etherMinBig05|Increased Mining Node discovery range.||Alcance de detecção de nós de mineração aumentado.|Увеличен радиус обнаружения майнинговых узлов.|增加採礦點的發現範圍。|採掘ポイントの発見範囲が拡大。|채광 노드 발견 범위 증가.|Erhöhte Entdeckungsreichweite für Erz-Vorkommen.|Portée de détection des gisements accrue.|Mayor radio de descubrimiento de Nodos de Minería.|Zwiększony zasięg wykrywania złóż.
etherMinBig06|Mining Nodes break instantly, but every other mining node is disabled.||Nós de mineração quebram instantaneamente, mas todos os outros nós de mineração são desativados.|Узлы майнинга мгновенно выходят из строя, но все остальные узлы майнинга отключаются.|採礦點會立即採完，但其他乙太採礦天賦效果都會被禁用。|採掘ポイントは即座に破壊されるが、他の採掘ポイントはすべて無効化される。|채광 노드가 즉시 파괴되지만, 다른 모든 채광 노드 비활성화.|Erz-Vorkommen werden sofort abgebaut, aber jedes zweite Vorkommen ist deaktiviert.|Les gisements se brisent instantanément, mais un gisement sur deux est désactivé.|Los Nodos de Minería se rompen al instante, pero todos los demás variantes de nodos de minería quedan desactivadas.|Złoża pękają natychmiast, ale co drugie złoże jest wyłączone.
etherMinBig07|Chance for nodes to spawn as Rich or Overflowing.||Chance de os nós surgirem como Ricos ou Transbordantes.|Вероятность появления узлов с характеристиками «Богатый» или «Переполненный».|採礦點有機率生成為富有或充盈狀態。|採掘ポイントが「リッチ（Rich）」または「オーバーフロー（Overflowing）」として出現する確率。|채광 노드가 풍부한 광맥 또는 넘치는 광맥으로 생성될 확률.|Chance, dass Vorkommen als „reichhaltig“ oder „überquellend“ erscheinen.|Probabilité que les gisements apparaissent sous forme riche ou débordante.|Probabilidad de que los nodos aparezcan como Ricos o Rebosantes.|Szansa na pojawienie się złóż bogatych lub przepełnionych.
etherMinBig07_02|Chance for nodes to become Bottomless.||Chance de os nós se tornarem Inesgotáveis.|Вероятность того, что узлы станут бездонными.|採礦點有機率變為無盡礦點。|採掘ポイントが「底なし（Bottomless）」になる確率。|채광 노드가 무한 광맥으로 변할 확률.|Chance, dass Vorkommen „bodenlos“ werden.|Probabilité que les gisements deviennent inépuisables.|Probabilidad de que los nodos se vuelvan Inagotables.|Szansa na to, że złoża staną się niewyczerpane.
etherMinBig08|Chance for nodes to spawn as Asgardian veins.||Chance de os nós surgirem como veios Asgardianos. |Вероятность появления узлов, похожих на асгардские жилы.|採礦點有機率生成為阿斯加德礦脈。|採掘ポイントが「アスガルドの鉱脈（Asgardian veins）」として出現する確率。 |채광 노드가 아스가르드 광맥으로 생성될 확률.|Chance, dass Vorkommen als Asgard-Adern erscheinen. |Probabilité que les gisements apparaissent sous forme de filons asgardiens. |Probabilidad de que los nodos aparezcan como vetas Asgardianas.|Szansa na pojawienie się złóż asgardzkich.
minIndicator_name|Mining||Mineração |Добыча |採礦|採掘 |채굴 |Erzabbau|Minière |Minería|Górnictwo
|||||||||||
[Eternal Battlefield]|||||||||||
etherEBSmall01_name|The Call to War||O Chamado à Guerra|Зов войны|戰爭召喚|戦争召集|전쟁 소집|Der Ruf zum Krieg|L'Appel à la Guerre|Llamada a la guerra|Wezwanie na Wojnę
etherEBSmall02_name|Tokens of Battle||Símbolos da Batalha|Знаки битвы|戰鬥代幣|戦いの証|전투의 증표|Schlachtzeichen|Jetons de Bataille|Fichas de batalla|Tokeny Bitwy
etherEBSmall03_name|Growing Mayhem||Caos Crescente|Нарастающий хаос|日益混亂|増大する混亂|점점 커지는 대혼란|Wachsendes Chaos|Chaos Croissant|Caos creciente|Rosnące Zamieszanie
etherEBSmall04_name|Legion of War||Legião da Guerra|Легион войны|戰爭軍團|戦争軍団|전쟁의 군단|Kriegslegion|Légion de Guerre|Legión de guerra|Legion Wojny
etherEBSmall05_name|Blitzkrieg||Blitzkrieg|Блицкриг|閃電戰|電撃戦|전격전|Blitzkrieg|Blitzkrieg|Blitzkrieg|Blitzkrieg
etherEBSmall06_name|Eternal Warfare||Guerra Eterna|Вечная война|永恆戰爭|永遠の戦い|영원한 전쟁|Ewiger Krieg|Guerre éternelle|Guerra Eterna|Wieczna wojna
etherEBSmall07_name|Foretold||Predita|Предсказано|預言|予言されしもの|예언된 운명|Prophezeit|Annoncée|Profetizado|Przepowiedziana
etherEBSmall08_name|Spoils of Eternal War||Espólios da Guerra Eterna|Трофеи Вечной Войны|永恆戰爭的戰利品|永遠の戦いの戦利品|영원한 전쟁의 전리품|Beute des ewigen Krieges|Butin de la guerre éternelle|Botín de la Guerra Eterna|Łupy wiecznej wojny
etherEBSmall09_name|Emerging Battle||Batalha Emergente |Возникающая битва|崛起戰場|勃発する戦い |떠오르는 전투 |Aufkommende Schlacht |Bataille émergente |Batalla Emergente|Nadchodząca bitwa
etherEBBig01_name|The Key to Battle||A Chave da Batalha|Ключ к битве|戰鬥之鑰|戦いの鍵|전투의 열쇠|Der Schlüssel zur Schlacht|La Clé de la Bataille|La llave de la batalla|Klucz do Bitwy
etherEBBig02_name|Never Ending Conflict||Conflito Infinito|Бесконечный конфликт|永無止境的衝突|終わりなき紛争|끝없는 갈등|Endloser Konflikt|Conflit Sans Fin|Conflicto interminable|Nigdy Niekończący się Konflikt
etherEBBig03_name|Mirror Execution||Execução Espelhada|Зеркальная казнь|鏡像處刑|鏡の処刑|거울 속 처형|Spiegelexekution|Exécution Miroir|Ejecución espejo|Egzekucja Lustra
etherEBBig04_name|Encore of War||Bis da Guerra|На бис войны|戰爭重演|戦争のアンコール|전쟁의 앙코르|Zugabe des Krieges|Rappel de Guerre|Bis de guerra|Bis Wojny
etherEBBig05_name|Spoils of War||Espólios de Guerra|Трофеи войны|戰爭戰利品|戦利品|전리품|Kriegsbeute|Butin de Guerre|Botín de guerra|Łupy Wojny
etherEBBig06_name|Dishonored Samurai||Samurai Desonrado|Опозоренный самурай|蒙羞武士|不名誉な侍|불명예스러운 사무라이|Entehrter Samurai|Samouraï déshonoré|Samurái Deshonrado|Zhańbiony samuraj
etherEBBig07_name|Prophet of War||Profeta da Guerra|Пророк войны|戰爭先知|戦の預言者|전쟁의 예언자|Prophet des Krieges|Prophète de la guerre|Profeta de la Guerra|Prorok wojny
etherEBBig08_name|Eternal Treasure Vault||Cofre de Tesouros Eternos|Вечное сокровище|永恆寶庫|永遠の宝物庫|영원한 보물 보관함|Tresor der ewigen Schätze|Coffre aux trésors éternels|Cámara del Tesoro Eterno|Wieczny skarbiec
etherEBBig09_name|Mirror of Eternity||Espelho da Eternidade|Зеркало Вечности|永恆之鏡|永遠の鏡|영원의 거울|Spiegel der Ewigkeit|Miroir de l'éternité|Espejo de la Eternidad|Zwierciadło wieczności
etherEBBig10_name|Battle in the Horizon||Batalha no Horizonte|Битва на горизонте|地平線之戰|地平線の戦い|지평선의 전투|Schlacht am Horizont|Bataille à l'horizon|Batalla en el Horizonte|Bitwa na horyzoncie
etherEBBig11_name|Summoner of Battlefields||Invocador de Campos de Batalha |Призыватель полей сражений|戰場召喚者|戦場の召喚師 |전장의 소환사 |Beschwörer der Schlachtfelder |Invocateur de champs de bataille |Invocador de Campos de Batalla|Przywoływacz pól bitewnych
etherEBSmall01|Increased chance to spawn an Eternal Battlefield in your maps.||Aumenta a chance de gerar um Campo de Batalha Eterno em seus mapas.|Увеличенная вероятность появления Вечного поля битвы на ваших картах.|地圖中永恆戰場生成的機率|マップに永遠の戦場が出現する確率が上昇します。|지도에 영원한 전장이 생성될 확률이 증가|Erhöhte Chance, ein Ewiges Schlachtfeld auf euren Karten erscheinen zu lassen.|Augmentation des chances de faire apparaître un Champ de Bataille Éternel sur vos cartes.|Mayor probabilidad de que aparezca un Campo de Batalla Eterno en tus mapas|Zwiększona szansa na spawn Eternal Battlefield na twoich mapach
etherEBSmall02|Increased chance to drop Battle Fragments from monsters spawned by Eternal Battlefield.||Aumenta a chance de obter Fragmentos de Batalha de monstros gerados pelo Campo de Batalha Eterno.|Увеличенная вероятность выпадения боевых фрагментов из монстров, появляющихся на Вечном поле битвы.|永恆戰場生成怪物所掉落戰鬥碎片的機率|永遠の戦場から出現するモンスターからバトルフラグメントがドロップする確率が上昇します。|영원한 전장에서 생성되는 몬스터에게서 전투 조각을 획득할 확률이 증가|Erhöhte Chance, dass Monster, die vom Ewigen Schlachtfeld erscheinen, Kampffragmente fallen lassen.|Augmentation des chances d'obtenir des Fragments de Bataille en tuant les monstres du Champ de Bataille Éternel.|Mayor probabilidad de que los monstruos del Campo de Batalla Eterno suelten Fragmentos de Batalla|Zwiększona szansa na drop Battle Fragments z potworów spawnionych przez Eternal Battlefield
etherEBSmall03|Increases the amount of monsters spawned by the Eternal Battlefield.||Aumenta a quantidade de monstros gerados pelo Campo de Batalha Eterno.|Увеличивает количество монстров, появляющихся на Вечном поле битвы.|永恆戰場生成的怪物數量|永遠の戦場から出現するモンスターの数が増加します。|영원한 전장에서 생성되는 몬스터의 수가 증가|Erhöht die Anzahl der Monster, die vom Ewigen Schlachtfeld erscheinen.|Augmentation du nombre de monstres générés par le Champ de Bataille Éternel.|Aumenta la cantidad de monstruos generados en el Campo de Batalla Eterno|Zwiększa ilość potworów spawnionych przez Eternal Battlefield
etherEBSmall04|Chance for monsters from Eternal Battlefield to spawn as higher rarity.||Chance de monstros do Campo de Batalha Eterno surgirem com raridade maior.|Шанс появления монстров с Вечного поля битвы более высокой редкости.|永恆戰場生成怪物為更高稀有度的機率|永遠の戦場から出現するモンスターのレアリティが高くなる確率が上昇します。|영원한 전장에서 더 높은 등급의 몬스터가 생성될 확률이 증가|Chance, dass Monster vom Ewigen Schlachtfeld mit höherer Seltenheit erscheinen.|Augmentation des chances que les monstres du Champ de Bataille Éternel apparaissent avec une rareté supérieure.|Probabilidad de que los monstruos del Campo de Batalla Eterno aparezcan con mayor rareza|Szansa na spawn potworów z Eternal Battlefield jako wyższa rzadkość
etherEBSmall05|Increases the speed of which Eternal Battlefield opens and closes causing monsters to be spawned faster.||Aumenta a velocidade de abertura e fechamento do Campo de Batalha Eterno, fazendo com que os monstros surjam mais rapidamente.|Увеличивает скорость открытия и закрытия Вечного поля битвы, что приводит к более быстрому появлению монстров.|永恆戰場開啟與關閉的速度，使怪物更快生成|永遠の戦場の開閉速度が上昇し、モンスターの出現速度が速くなります。|영원한 전장이 열리고 닫히는 속도가 빨라져 몬스터가 더 빨리 생성|Erhöht die Geschwindigkeit, mit der sich das Ewige Schlachtfeld öffnet und schließt, wodurch Monster schneller erscheinen.|Augmentation de la vitesse d'ouverture et de fermeture du Champ de Bataille Éternel, ce qui accélère l'apparition des monstres.|Aumenta la velocidad de apertura y cierre del Campo de Batalla Eterno, haciendo que los monstruos aparezcan más rápido|Zwiększa szybkość otwierania i zamykania Eternal Battlefield, powodując szybszy spawn potworów
etherEBSmall06|Increased Eternal Battlefield maximum radius.||Raio máximo do Campo de Batalha Eterno aumentado.|Увеличен максимальный радиус Вечного Поля Битвы.|增加永恆戰場的最大範圍。|永遠の戦場の最大半径を拡大。|영원한 전장의 최대 반경 증가.|Maximaler Radius des Ewigen Schlachtfelds erhöht.|Augmentation du rayon maximal du Champ de bataille éternel.|Mayor radio máximo del Campo de Batalla Eterno.|Zwiększono maksymalny promień Wiecznego Pola Bitwy.
etherEBSmall07|Increased chance for Eternal Battlefield monsters to drop Gypsy’s Prophecy.||Aumento da chance de monstros do Campo de Batalha Eterno concederem a Profecia da Cigana.|Повышена вероятность выпадения карты «Пророчество Цыганки» из монстров на Вечном Поле Битвы.|提高永恆戰場怪物掉落吉普賽預言的機率。|永遠の戦場のモンスターが「ジプシーの予言」をドロップする確率を上昇。|영원한 전장 몬스터가 집시의 예언을 드롭할 확률 증가.|Wahrscheinlichkeit erhöht, dass Monster auf dem Ewigen Schlachtfeld „Gypsy’s Prophecy“ fallen lassen.|Augmentation des chances que les monstres du Champ de bataille éternel laissent tomber la Prophétie de la gitane.|Mayor probabilidad de que los monstruos del Campo de Batalla Eterno suelten Profecías Gitanas.|Zwiększono szansę na upuszczenie przez potwory Wiecznego Pola Bitwy Proroctwa Cygana.
etherEBSmall08|Chance for Eternal Battlefield monsters to have +1 to Loot Amount||Chance de monstros do Campo de Batalha Eterno terem +1 na Quantidade de Saque.|Есть вероятность, что монстры из Вечного поля битвы получат +1 к количеству добычи.|永恆戰場怪物有機率額外掉落 +1 掉落物數量|永遠の戦場のモンスターがドロップアイテム数を+1する確率を上昇。|영원한 전장 몬스터가 전리품 수량 +1을 가질 확률.|Wahrscheinlichkeit hinzugefügt, dass Monster auf dem Ewigen Schlachtfeld +1 auf die Beutemenge gewähren.|Augmentation des chances que les monstres du Champ de bataille éternel aient un bonus de +1 à la quantité de butin.|Probabilidad de que los monstruos del Campo de Batalla Eterno tengan +1 a la Cantidad de Botín.|Szansa na +1 do ilości łupów przez potwory Wiecznego Pola Bitwy.
etherEBSmall09|Increased Eternal Battlefield portal discovery radius.||Raio de descoberta do portal do Campo de Batalha Eterno aumentado. |Увеличен радиус обнаружения портала на Вечное Поле Битвы.|增加永恆戰場傳送門的發現範圍。|永遠の戦場のポータル発見半径を拡大。 |영원한 전장 포탈 발견 반경 증가.|Entdeckungsradius für Portale auf dem Ewigen Schlachtfeld erhöht. |Augmentation du rayon de découverte des portails du Champ de bataille éternel. |Mayor radio de descubrimiento de portales del Campo de Batalla Eterno.|Zwiększono promień odkrywania portalu Wiecznego Pola Bitwy.
etherEBBig01|Chance for ancient monsters from Eternal Battlefield portal event to drop a stack of battle fragments when killed.||Chance de monstros ancestrais do evento do portal do Campo de Batalha Eterno concederem um conjunto de fragmentos de batalha ao serem derrotados.|Шанс, что древние монстры из события портала на Вечном поле битвы выпадут стопкой боевых фрагментов при убийстве.|永恆戰場傳送門事件中的遠古怪物被擊殺時掉落一組戰鬥碎片的機率|永遠の戦場ポータルイベントの古代モンスターを倒した際に、バトルフラグメントのスタックがドロップする確率が上昇します。|영원한 전장 포털 이벤트에서 고대 몬스터를 처치했을 때 전투 조각을 획득할 확률이 증가|Chance, dass uralte Monster vom Portal-Event des Ewigen Schlachtfelds beim Tod einen Stapel Kampffragmente fallen lassen.|Chance que les monstres anciens de l'événement du portail du Champ de bataille éternel laissent tomber une pile de fragments de bataille lorsqu'ils sont tués. |Probabilidad de que los monstruos ancestrales del Campo de Batalla Eterno suelten un montón de fragmentos al morir|Szansa, że starożytne potwory z wydarzenia portalu Eternal Battlefield dropną stack Battle Fragments po zabiciu
etherEBBig02|Chance for Eternal Battlefield to restart after cleared. This effect can only occur once.||Chance do Campo de Batalha Eterno reiniciar após ser concluído. Este efeito só pode ocorrer uma vez.|Шанс перезапустить Вечное поле битвы после зачистки. Этот эффект может произойти только один раз.|永恆戰場清除後會再開啟一次的機率（此效果只會發生一次）|クリア後​​に「永遠の戦場」が再開される可能性がある。この効果は一度しか発生しない。 |영원한 전장을 클리어한 후 다시 시작될 확률. 이 효과는 한 번만 발생.|Chance, dass das Ewige Schlachtfeld nach dem Säubern neu startet. Dieser Effekt kann nur einmal auftreten.|Possibilité de relancer le Champ de bataille éternel après l'avoir terminé. Cet effet ne peut se produire qu'une seule fois. |Probabilidad de que el Campo de Batalla Eterno se reinicie tras completarse. Solo puede ocurrir una vez|Szansa na restart Eternal Battlefield po wyczyszczeniu. Efekt może wystąpić tylko raz
etherEBBig03|Chance to clone Sung Lee inside Eternal Battlefield. Double the suffering, double the reward.||Chance de clonar Sung Lee dentro do Campo de Batalha Eterno. O dobro do sofrimento, o dobro da recompensa.|Шанс клонировать Сонг Ли внутри Вечного поля битвы. Двойные страдания, двойная награда.|機率複製永恆戰場中的宋李，雙倍苦難，雙倍獎勵|永遠の戦場内でソン・リーをクローンするチャンス。苦しみも報酬も2倍。 |영원한 전장 안에서 성 리를 복제할 확률. 고통도 두 배, 보상도 두 배.|Chance, Sung Lee im Ewigen Schlachtfeld zu klonen. Doppeltes Leid, doppelte Belohnung.|Possibilité de cloner Sung Lee dans Eternal Battlefield. Deux fois plus de souffrance, deux fois plus de récompense. |Probabilidad de clonar a Sung Lee en el Campo de Batalla Eterno. Doble sufrimiento, doble recompensa|Szansa na sklonowanie Sung Lee wewnątrz Eternal Battlefield. Podwójne cierpienie, podwójna nagroda
etherEBBig04|Chance to spawn an additional Eternal Battlefield portal instead of portal to town after killing sung lee.||Chance de gerar um portal adicional para o Campo de Batalha Eterno em vez do portal para a cidade após derrotar Sung Lee.|Шанс появления дополнительного портала на Поле Вечной Битвы вместо портала в город после убийства Сун Ли.|機率在擊殺宋李後，會生成一個永恆戰場傳送門而非返回城鎮的傳送門|ソン・リーを倒した後、町へのポータルの代わりに、追加の永遠の戦場ポータルが出現する可能性がある。 |성 리를 처치한 후 마을로 가는 포털 대신 영원한 전장 포털이 추가로 생성될 확률 증가|Chance, nach dem Besiegen von Sung Lee ein zusätzliches Portal zum Ewigen Schlachtfeld anstelle des Stadtportals zu erhalten.|Chance de faire apparaître un portail supplémentaire vers le Champ de bataille éternel au lieu d'un portail vers la ville après avoir tué Sung Lee. |Probabilidad de abrir un portal adicional al Campo de Batalla Eterno en lugar de uno a la ciudad tras matar a Sung Lee|Szansa na spawn dodatkowego portalu Eternal Battlefield zamiast portalu do miasta po zabiciu Sung Lee
etherEBBig05|Increased chance to drop rare materials from the Eternal Battle Field zone.||Aumento da chance de obter materiais raros na zona do Campo de Batalha Eterno.|Увеличенный шанс выпадения редких материалов в зоне Поле Вечной Битвы.|永恆戰場區域內掉落稀有材料的機率|永遠の戦場ゾーンで希少素材がドロップする確率が上昇しました。 |영원한 전장 지역에서 희귀 재료가 드롭될 확률이 증가|Erhöhte Chance, seltene Materialien im Ewigen Schlachtfeld zu finden.|Augmentation des chances d'obtenir des matériaux rares dans la zone du Champ de bataille éternel.|Mayor probabilidad de obtener materiales raros en la zona del Campo de Batalla Eterno|Zwiększona szansa na drop rzadkich materiałów z obszaru Eternal Battle Field
etherEBBig06|Eternal Battlefield may be guarded by Forsaken Ronin.||O Campo de Batalha Eterno pode ser guardado pelo Ronin Abandonado.|Вечное Поле Битвы может охраняться Отрекшимся Ронином.|永恆戰場可能由被遺棄的浪人守護。|「永遠の戦場（Eternal Battlefield）」は、「見捨てられた浪人（Forsaken Ronin）」に守られている場合があります。|영원한 전장이 버림받은 로닌의 수호를 받을 수 있습니다.|Das „Eternal Battlefield“ kann von einem „Forsaken Ronin“ bewacht werden.|Le Champ de bataille éternel peut être gardé par un Rōnin délaissé.|El Campo de Batalla Eterno puede estar custodiado por Ronin Abandonados.|Wieczne Pole Bitwy może być strzeżone przez Porzuconego Ronina.
etherEBBig07|Eternal Battlefield may be attacked by Sung Lee’s Herald.||O Campo de Batalha Eterno pode ser atacado pelo Arauto de Sung Lee.|Вечное Поле Битвы может быть атаковано Вестником Сон Ли.|永恆戰場可能會受到李宋使者的攻擊。|「永遠の戦場」は、「スン・リーの使者（Sung Lee’s Herald）」の襲撃を受ける場合があります。|영원한 전장이 성 리의 전령에게 습격당할 수 있습니다.|Das „Eternal Battlefield“ kann von „Sung Lee’s Herald“ angegriffen werden.|Le Champ de bataille éternel peut être attaqué par le Héraut de Sung Lee.|El Campo de Batalla Eterno puede ser atacado por el Heraldo de Sung Lee.|Wieczne Pole Bitwy może zostać zaatakowane przez Herolda Sung Lee.
etherEBBig08|to Eternal Battlefield monster Loot Amount, but Battle Fragments no longer drop.||à quantidade de espólios de monstros do Campo de Batalha Eterno, mas Fragmentos de Batalha não são mais obtidos.|Количество добычи с монстра «Вечное поле битвы» увеличивается, но фрагменты битвы больше не выпадают.|永恆戰場怪物掉落物數量，但不再掉落戰場碎片。|「永遠の戦場」のモンスターからの戦利品量（ただし、「戦いの破片（Battle Fragments）」はドロップしなくなります）。|영원한 전장 몬스터의 전리품 수량이 증가하지만, 전투 파편이 더 이상 드롭되지 않습니다.|Beute-Menge der Monster im „Eternal Battlefield“; es werden jedoch keine „Battle Fragments“ mehr fallen gelassen.|au butin de monstre du Champ de bataille éternel, mais les Fragments de bataille ne sont plus lâchés.|a la Cantidad de Botín de los monstruos del Campo de Batalla Eterno, pero los Fragmentos de Batalla ya no aparecen.|do ilości łupów z potworów na Wiecznym Polu Bitwy, jednak Fragmenty Bitwy nie będą już wypadać.
etherEBBig09|Chance to spawn an additional Eternal Battlefield portal in the zone.||Chance de surgir um portal adicional do Campo de Batalha Eterno na área.|Есть шанс создать дополнительный портал Вечного Поля Битвы в этой зоне.|該區域有機率生成額外的永恆戰場傳送門。|そのエリア内に、「永遠の戦場」へのポータルが追加で出現する確率。|지역에 추가 영원한 전장 포탈이 생성될 확률이 있습니다.|Chance, ein zusätzliches Portal zum „Eternal Battlefield“ in der Zone erscheinen zu lassen.|Chance de faire apparaître un portail supplémentaire vers le Champ de bataille éternel dans la zone.|Probabilidad de generar un portal adicional del Campo de Batalla Eterno en la zona.|Szansa na pojawienie się w strefie dodatkowego portalu na Wieczne Pole Bitwy.
etherEBBig10|Increased Eternal Battlefield portal discovery radius.||Raio de descoberta do portal do Campo de Batalha Eterno aumentado.|Увеличен радиус обнаружения портала на Вечное Поле Битвы.|增加永恆戰場傳送門的發現範圍。|「永遠の戦場」のポータルを発見できる範囲の拡大。|영원한 전장 포탈 발견 반경 증가.|Vergrößerter Entdeckungsradius für Portale zum „Eternal Battlefield“.|Rayon de découverte des portails du Champ de bataille éternel augmenté.|Mayor radio de descubrimiento de portales del Campo de Batalla Eterno.|Zwiększony zasięg wykrywania portalu na Wieczne Pole Bitwy.
etherEBBig11|Increased chance to spawn an Eternal Battlefield in your maps.||Chance aumentada de surgir um Campo de Batalha Eterno em seus mapas. |Повышена вероятность появления Вечного поля битвы на ваших картах.|增加在你的地圖中生成永恆戰場的機率。|マップ内に「永遠の戦場」が出現する確率の増加。 |맵에서 영원한 전장이 생성될 확률 증가.|Erhöhte Chance, ein „Eternal Battlefield“ in deinen Karten erscheinen zu lassen. |Probabilité accrue de faire apparaître un Champ de bataille éternel dans vos cartes. |Mayor probabilidad de generar un Campo de Batalla Eterno en tus mapas.|Zwiększona szansa na pojawienie się Wiecznego Pola Bitwy na twoich mapach.
ebIndicator_name|Eternal Battle Field||Campo de Batalha Eterno |Поле Вечной Битвы |永恆戰場|永遠の戦場 |영원한 전장 |Ewiges Schlachtfeld|Champ de bataille éternel |Campo de Batalla Eterno|Eternal Battle Field
|||||||||||
[Shadow Realm]|||||||||||
etherSRSmall01_name|Whispering Shadows||Sombras Sussurrantes|Шепчущие тени|陰影低語|囁く影|속삭이는 그림자들|Flüsternde Schatten|Ombres murmurantes|Sombras susurrantes|Szepty Cieni
etherSRSmall02_name|Dimensional Abundance||Abundância Dimensional|Изобилие измерений|豐富次元|次元の豊穣|차원의 풍요|Dimensionale Fülle|Abondance dimensionnelle|Abundancia dimensional|Obfitość Wymiarowa
etherSRSmall03_name|Dwelling Shadows||Sombras Habitantes|Обитающие тени|陰影居所|棲む影|거주하는 그림자들|Wohnende Schatten|Ombres habitées|Sombras moradoras|Mieszkające Cienie
etherSRSmall04_name|Shadows Presence||Presença de Sombras|Присутствие теней|暗影氣場|影の気配|그림자들의 존재|Schattenpräsenz|Présence des ombres|Presencia Sombría|Obecność cieni
etherSRSmall05_name|Darker Shadows||Sombras Mais Escuras |Темные тени|深邃暗影|より濃い影 |더 짙은 그림자들|Dunklere Schatten |Ombres plus sombres |Sombras Más Oscuras|Ciemniejsze cienie
etherSRBig01_name|Shadow Carriers||Portadores das Sombras|Носители теней|陰影攜帶者|影の運び手|그림자 운반자들|Schattenträger|Porteurs d'ombres|Portadores de sombras|Nosiiciele Cieni
etherSRBig02_name|Black Market Hierarchy||Hierarquia do Mercado Negro|Иерархия черного рынка|黑市階層|闇市場の階層|암시장 계층 구조|Schwarzmarkthierarchie|Hiérarchie du marché noir|Jerarquía del mercado negro|Hierarchia Czarnego Rynku
etherSRBig03_name|Key to the Shadows||Chave das Sombras|Ключ к теням|陰影之鑰|影の鍵|그림자의 열쇠|Schlüssel zu den Schatten|Clé des ombres|Llave de las sombras|Klucz do Cieni
etherSRBig04_name|Twice the Shadows||Duas vezes mais Sombras|Вдвое больше теней|雙倍陰影|二倍の影|두 배의 그림자|Doppelte Schatten|Deux fois plus d'ombres|El doble de sombras|Podwójne Cienie
etherSRBig05_name|Fortune of Shadows||Fortuna das Sombras|Удача теней|陰影幸運|影の幸運|그림자의 행운|Schattenschicksal|Fortune des ombres|Fortuna de las sombras|Szczęście Cieni
etherSRBig06_name|Call of the Shadow Realm||Chamado do Reino das Sombras|Зов Царства Теней|影之領域的號召|影の領域の呼び声|그림자 왕국의 부름|Ruf des Schattenreichs|Appel du Royaume des Ombres|Llamado del Reino de las Sombras|Zew Królestwa Cieni
etherSRBig07_name|Reaper’s Toll||Tributo do Ceifador|Жертва Смерти|死神的過路費|死神の報い|리퍼의 울림|Tribut des Schnitters|Le Tribut du Faucheur|Tributo del Segador|Danina Żniwiarza
etherSRBig08_name|Summoner of Shadows||Invocador de Sombras |Призыватель Теней|暗影召喚者|影の召喚者 |그림자들의 소환자|Beschwörer der Schatten |Invocateur des Ombres |Invocador de Sombras|Przywoływacz Cieni
etherSRSmall01|Increased chance to spawn a Shadow Realm in your maps.||Aumenta a chance de surgir um Reino das Sombras em seus mapas.|Увеличенная вероятность появления Царства Теней на ваших картах.|地圖中暗影國度產生機率提高|マップに影の領域が出現する確率が上昇します。|지도에서 그림자 영역이 생성될 확률 증가|Erhöhte Chance, ein Schattenreich auf euren Karten erscheinen zu lassen.|Augmentation des chances de faire apparaître un Royaume des ombres sur vos cartes.|Mayor probabilidad de que aparezca un Reino de las Sombras en tus mapas|Zwiększona szansa na spawn Shadow Realm na twoich mapach
etherSRSmall02|Increased chance to drop dimensional shards from monsters within the Shadow Realm.||Aumenta a chance de obter fragmentos dimensionais de monstros dentro do Reino das Sombras.|Увеличенная вероятность выпадения пространственных осколков из монстров в Царстве Теней.|暗影國度內怪物掉落次元碎片的機率提高|影の領域内のモンスターから次元の破片がドロップする確率が上昇します。|그림자 영역 내 몬스터에게서 차원 조각이 드롭될 확률 증가|Erhöhte Chance, dass Monster im Schattenreich Dimensionssplitter fallen lassen.|Augmentation des chances d'obtenir des fragments dimensionnels sur les monstres du Royaume des ombres.|Mayor probabilidad de que los monstruos del Reino de las Sombras suelten fragmentos dimensionales|Zwiększona szansa na drop Dimensional Shards z potworów w Shadow Realm
etherSRSmall03|Increases the size of monster packs within the Shadow Realm.||Aumenta o tamanho dos grupos de monstros dentro do Reino das Sombras.|Увеличивает размер групп монстров в Царстве Теней.|增加暗影國度內的怪物群大小|影の領域内のモンスターの群れのサイズが上昇します。|그림자 영역 내 몬스터 무리의 크기 증가|Erhöht die Größe von Monstergruppen im Schattenreich.|Augmentation de la taille des groupes de monstres dans le Royaume des ombres.|Aumenta el tamaño de los grupos de monstruos en el Reino de las Sombras|Zwiększa rozmiar paczek potworów w Shadow Realm
etherSRSmall04|Increased Shadow Realm discovery range.|||Увеличен радиус обнаружения Царства Теней.|增加影之領域的發現範圍。||그림자 왕국 발견 범위 증가.|||Mayor alcance de descubrimiento del Reino de las Sombras.|
etherSRSmall05|Chance for monsters in Shadow Realm to spawn as higher rarity.|||В Царстве Теней повышается вероятность появления монстров более высокой редкости.|影之領域中的怪物有機率以更高的稀有度生成。||그림자 왕국의 몬스터가 더 높은 등급으로 생성될 확률 증가.|||Probabilidad de que los monstruos del Reino de las Sombras aparezcan con una rareza superior.|
etherSRBig01|Ancient monsters within the Shadow Realm have a chance to respawn as shadow goblins.||Monstros ancestrais dentro do Reino das Sombras têm uma chance de ressurgir como goblins das sombras.|Древние монстры в Царстве Теней имеют шанс возродиться в виде теневых гоблинов.|暗影國度內的遠古怪物有幾率以影子哥布林形式重生|影の領域内の古代モンスターが影のゴブリンとして再出現する可能性があります。|그림자 영역 내 고대 몬스터가 그림자 고블린으로 다시 생성될 확률 증가|Antike Monster im Schattenreich können als Schattengoblins wiedererscheinen.|Les monstres anciens du Royaume des ombres ont une chance de réapparaître sous forme de gobelins d'ombre.|Los monstruos ancestrales del Reino de las Sombras pueden reaparecer como goblins de las sombras|Starożytne potwory w Shadow Realm mają szansę na odrodzenie się jako shadow goblins
etherSRBig02|Increases the chance of Veras to spawn as a higher tier merchant.||Aumenta a chance de Veras surgir como um mercador de nível superior.|Увеличивает вероятность появления Вераса в качестве торговца более высокого уровня.|黑市商人有機率以更高階的形式生成|ヴェラスが上位の商人として出現する確率が上昇します。|베라스가 더 높은 등급의 상인으로 생성될 확률 증가|Erhöht die Chance, dass Veras als höherrangiger Händler erscheint.|Augmentation des chances que Veras apparaisse en tant que marchand de niveau supérieur.|Aumenta la probabilidad de que Veras aparezca como un mercader de mayor nivel|Zwiększa szansę na spawn Veras jako wyższego tieru kupca
etherSRBig03|Chance for ancient monsters within the Shadow Realm to drop a stack of dimensional shards.||Chance de monstros ancestrais dentro do Reino das Sombras obterem um conjunto de fragmentos dimensionais.|Шанс на то, что древние монстры в Царстве Теней выпадут из стаи пространственных осколков.|暗影國度內的遠古怪物有機率掉落一組次元碎片|影の領域内の古代モンスターが次元の破片のスタックをドロップする可能性があります。|그림자 영역 내 고대 몬스터가 차원 조각 묶음을 드롭할 확률 증가|Chance, dass antike Monster im Schattenreich einen Stapel Dimensionssplitter fallen lassen.|Chance pour les monstres anciens du Royaume des ombres de laisser tomber une pile de fragments dimensionnels.|Probabilidad de que los monstruos ancestrales del Reino de las Sombras suelten un montón de fragmentos|Szansa, że starożytne potwory w Shadow Realm dropną stack Dimensional Shards
etherSRBig04|Chance to clone Shade of Death within Reaper´s Breach. Double the suffering, double the reward.||Chance de clonar a Sombra da Morte dentro da Fenda do Ceifador. O dobro do sofrimento, o dobro da recompensa.|Шанс клонировать Тень Смерти в Разломе Жнеца. Двойные страдания, двойная награда.|在收割者裂縫中複製闇影收割者，雙倍苦難，雙倍獎勵|リーパーズ・ブリーチ内で死の影をクローンする可能性があります。苦しみは二倍、報酬も二倍。|사신의 균열에서 죽음의 그림자를 복제할 확률 증가. 고통은 두 배, 보상도 두 배|Chance, den Schatten des Todes in Schnitters Bresche zu klonen. Doppeltes Leid, doppelte Belohnung.|Chance de cloner l'Ombre de la Mort dans la Brèche du Faucheur. Deux fois plus de souffrance, deux fois plus de récompense.|Probabilidad de clonar a la Sombra de la Muerte en la Brecha del Segador. Doble sufrimiento, doble recompensa|Szansa na sklonowanie Shade of Death w Reaper’s Breach. Podwójne cierpienie, podwójna nagroda
etherSRBig05|Increased Total Magic Find in Shadow Realm.||Aumenta a Busca Mágica Total no Reino das Sombras.|Увеличенный общий показатель поиска магии в Царстве Теней.|暗影國度內掉落率提升|影の領域における魔法発見量が上昇します。|그림자 영역에서 마법 아이템 발견 확률이 총합적으로 증가|Erhöhte Gesamtmenge an Magiefund im Schattenreich.|Augmentation du total de découverte magique dans le Royaume des ombres.|Aumento del Hallazgo Mágico total en el Reino de las Sombras|Zwiększona Całkowita Szansa na Magiczne Przedmioty w Shadow Realm
etherSRBig06|Increased Shadow Realm discovery range.|||Увеличен радиус обнаружения Царства Теней.|增加影之領域的發現範圍。||그림자 왕국 발견 범위 증가.|||Mayor alcance de descubrimiento del Reino de las Sombras.|
etherSRBig07|Dimensional Shard drop rates|||Скорость выпадения пространственных осколков|次元碎片掉落率||차원 파편 드롭률 증가.|||Tasa de obtención de Fragmentos Dimensionales|
etherSRBig07_02|Chance to drop Dimensional Shards as Codex Pages.|||Есть шанс получить Пространственные Осколки в качестве страниц Кодекса.|有機率將次元碎片轉化為法典書頁掉落。||차원 파편이 코덱스 페이지로 드롭될 확률 증가.|||Probabilidad de obtener Fragmentos Dimensionales como Páginas del Códice.|
etherSRBig08|Increased chance to spawn a Shadow Realm in your maps.|||Повышена вероятность появления Царства Теней на ваших картах.|增加在你的地圖中生成影之領域的機率。||맵에서 그림자 영역이 생성될 확률 증가.|||Mayor probabilidad de generar un Reino de las Sombras en tus mapas.|
srIndicator_name|Shadow Realm||Reino das Sombras |Царство Теней |暗影國度|影の領域 |그림자 영역 |Schattenreich|Royaume des ombres |Reino de las Sombras|Shadow Realm
|||||||||||
[Prime Evil]|||||||||||
etherPeSmall01_name|Presence of Evil||Presença do Mal|Присутствие зла|邪惡存在|邪悪の存在|악의 현존|Präsenz des Bösen|Présence du Mal|Presencia del mal|Obecność Zła
etherPeSmall02_name|Unholy Luck||Sorte Profana|Нечестивая удача|不潔幸運|不浄なる幸運|불경한 행운|Unheiliges Glück|Chance Maléfique|Suerte impía|Nieświęte Szczęście
etherPeSmall03_name|Guardians of Evil||Guardiões do Mal|Хранители зла|邪惡守護者|邪悪の守護者|악의 수호자들|Wächter des Bösen|Gardiens du Mal|Guardianes del mal|Strażnicy Zła
etherPeSmall04_name|Prime Treasure||Tesouro Primordial|Первородное сокровище|至高寶藏|至高の宝|최고의 보물|Urschatz|Trésor Suprême|Tesoro primordial|Najcenniejszy Skarb
etherPeSmall05_name|Infernal Bodyguards||Guarda-costas Infernais|Адские телохранители|地獄護衛|地獄の護衛|지옥의 호위병들|Höllische Leibwächter|Gardes du corps infernaux|Guardaespaldas Infernales|Piekielni ochroniarze
etherPeSmall06_name|Skeleton Key||Chave-mestra |Скелетный ключ|萬能鑰匙|スケルトン・キー |스켈레톤 키|Skelettschlüssel |Clé squelette |Llave Esquelética|Szkieletowy klucz
etherPeBig01_name|The Key of Terror||A Chave do Terror|Ключ ужаса|恐怖之鑰|恐怖の鍵|공포의 열쇠|Der Schlüssel des Schreckens|Clé de la Terreur|La llave del terror|Klucz Terroru
etherPeBig02_name|Manifesting Cycle||Ciclo de Manifestação|Цикл проявления|循環顯現|顕現のサイクル|현현하는 순환|Manifestierender Zyklus|Cycle de Manifestation|Ciclo de manifestación|Manifestujący Cykl
etherPeBig03_name|Unkillable Evil||Mal Imortal|Неубиваемое зло|不死邪惡|不死の邪悪|불멸의 악|Unsterbliches Böses|Mal Invincible|Mal inmortal|Nieśmiertelne Zło
etherPeBig04_name|Soul Sacrifice||Sacrifício da Alma|Жертва души|靈魂獻祭|魂の生贄|영혼의 희생|Seelenopfer|Sacrifice d'Âme|Sacrificio de alma|Ofiara Duszy
etherPeBig05_name|Son of Lucifer||Filho de Lúcifer|Сын Люцифера|路西法之子|ルシファーの息子|루시퍼의 아들|Sohn Luzifers|Fils de Lucifer|Hijo de Lucifer|Syn Lucyfera
etherPeBig06_name|Infernal Ascendancy||Ascensão Infernal|Адское Возвышение|地獄昇華|奈落の昇華|지옥의 우위|Höllische Herrschaft|Ascension infernale|Ascendencia Infernal|Piekielna Supremacja
etherPeBig07_name|Key to Damnation||Chave para a Danação |Ключ к проклятию|詛咒之鑰|破滅への鍵 |저주받은 키|Schlüssel zur Verdammnis |Clé de la damnation |Llave de la Condenación|Klucz do Potępienia
etherPeSmall01|Increased chance to drop Prime Evil parts from Act Bosses.||Aumenta a chance de obter partes do Mal Primordial de Chefes de Ato.|Увеличен шанс выпадения частей Первородного зла из боссов актов.|章節首領掉落至高邪惡部件的機率|アクトボスから至高の邪悪パーツをドロップする確率が上昇。|액트 보스에게서 최고 악의 부품이 드롭될 확률 증가|Erhöhte Chance, Teile des Urbösen von Aktbossen zu erhalten.|Augmentation des chances d'obtenir des fragments du Mal Suprême sur les boss d'acte.|Mayor probabilidad de obtener partes del Mal Primordial de jefes de acto|Zwiększona szansa na drop części Prime Evil z bossów Aktu
etherPeSmall02|Chance to double the amount of Prime Evil parts dropped from Act Bosses.||Chance de dobrar a quantidade de partes do Mal Primordial obtidas de Chefes de Ato.|Шанс удвоить количество частей Первородного зла, выпадающих из боссов актов.|機率章節首領掉落的至高邪惡部件數量翻倍|アクトボスからドロップする至高の邪悪パーツの数が2倍になる確率。|액트 보스에게서 드롭되는 최고 악의 부품의 양이 두 배로 증가할 확률|Chance, die Anzahl der von Aktbossen erhaltenen Teile des Urbösen zu verdoppeln.|Deux fois plus de chances d'obtenir des fragments du Mal Suprême sur les boss d'acte.|Probabilidad de duplicar las partes del Mal Primordial obtenidas de jefes de acto|Szansa na podwojenie ilości części Prime Evil dropniętych z bossów Aktu
etherPeSmall03|Increases the Magic Find of monsters inside Act Boss dungeons.||Aumenta a Busca Mágica de monstros dentro das masmorras de Chefes de Ato.|Увеличивает шанс поиска магии у монстров в подземельях с боссами актов.|章節首領地下城內怪物的物品稀有度|アクトボスダンジョン内のモンスターのマジックファインドが上昇。|액트 보스 던전 내 몬스터의 마법 발견 확률 증가|Erhöht die Magiefundrate von Monstern in Aktboss-Dungeons.|Augmentation du bonus de trouvaille magique des monstres dans les donjons des boss d'acte.|Aumenta el Hallazgo Mágico de los monstruos en mazmorras de jefes de acto|Zwiększa Szansę na Magiczne Przedmioty potworów wewnątrz lochów bossów Aktu
etherPeSmall04|Chance to spawn a Ruby Chest after killing an Act Boss.||Chance de gerar um Baú Rubi após matar um Chefe de Ato.|Шанс появления рубинового сундука после убийства босса акта.|擊殺章節首領後生成紅寶石寶箱的機率|アクトボスを倒した後、ルビーチェストが出現する確率。|액트 보스를 처치한 후 루비 상자가 생성될 확률|Chance, nach dem Töten eines Aktbosses eine Rubintruhe erscheinen zu lassen.|Chance de faire apparaître un Coffre de Rubis après avoir vaincu un boss d'acte.|Probabilidad de que aparezca un cofre de rubí tras matar a un jefe de acto|Szansa na spawn Ruby Chest po zabiciu bossa Aktu
etherPeSmall05|to Monster Pack Size within of Boss Dungeons.||ao tamanho dos grupos de monstros nas Masmorras de Chefes.|Размер стаи монстров в пределах подземелий с боссами.|首領地牢內的怪物群數量|ボスダンジョン内のモンスターパックのサイズを調整しました。|보스 던전 내 몬스터 무리 크기 증가.|Erhöhung der Monstergruppengröße in Boss-Dungeons.|à la taille des groupes de monstres dans les donjons de boss.|al Tamaño de los Grupos de Monstruos dentro de las Mazmorras de Jefes.|do wielkości grup potworów w lochach z bossami.
etherPeSmall06|Increased Chaos Key drop chance within Boss Dungeons.||Aumentada a chance de obtenção de Chaves do Caos nas Masmorras de Chefes. |Повышена вероятность выпадения Ключа Хаоса в подземельях с боссами.|提高首領地牢內混沌鑰匙的掉落機率。|ボスダンジョン内での「カオスの鍵」のドロップ率を増加させました。 |보스 던전 내 카오스 키 드롭 확률 증가. |Erhöhte Drop-Chance für Chaos-Schlüssel in Boss-Dungeons. |Augmentation de la probabilité d'obtenir des Clés du chaos dans les donjons de boss. |Mayor probabilidad de obtención de Llaves del Caos dentro de las Mazmorras de Jefes.|Zwiększono szansę na zdobycie Chaos Key w lochach z bossami.
etherPeBig01|Chance to drop a Key of Terror when killing an Act Boss.||Chance de obter uma Chave do Terror ao matar um Chefe de Ato.|Шанс выпадения Ключа ужаса при убийстве босса акта.|機率擊殺章節首領時掉落恐怖鑰匙|アクトボスを倒した際に恐怖の鍵をドロップする確率。|액트 보스를 처치하면 공포의 열쇠가 드롭될 확률|Chance, beim Töten eines Aktbosses einen Schlüssel des Schreckens zu erhalten.|Chance d'obtenir une Clé de la Terreur en vainquant un boss d'acte.|Probabilidad de obtener una Llave del Terror al matar a un jefe de acto|Szansa na drop Klucza Terroru przy zabiciu bossa Aktu
etherPeBig02|Act Bosses gain the chance to drop a Prime Evil part from the next boss in the cycle.||Chefes de Ato ganham a chance de obter uma parte do Mal Primordial do próximo chefe do ciclo.|Боссы актов получают шанс выпадения части Первородного зла из следующего босса в цикле.|機率章節首領掉落下一個章節首領的至高邪惡部件|アクトボスは、サイクル内の次のボスから至高の邪悪パーツをドロップする確率を獲得。|액트 보스가 다음 보스에게서 최고 악의 부품을 드롭할 확률 추가|Aktbosse erhalten die Chance, vom nächsten Boss im Zyklus ein Teil des Urbösen zu erhalten.|Les boss d'acte ont une chance supplémentaire de laisser tomber un fragment du Mal Suprême lors du boss suivant du cycle.|Los jefes de acto pueden soltar una parte del Mal Primordial del siguiente jefe del ciclo|Bossowie Aktu zyskują szansę na drop części Prime Evil z następnego bossa w cyklu
etherPeBig03|Chance for an Act Boss to respawn after being killed.||Chance de um Chefe de Ato ressurgir após ser morto.|Шанс возрождения босса акта после его убийства.|章節首領被擊殺後有機率重生|アクトボスが倒された後、復活する確率。|액트 보스를 처치한 후 다시 나타날 확률|Chance, dass ein Aktboss nach seinem Tod wieder erscheint.|Chance de réapparition d'un boss d'acte après sa mort.|Probabilidad de que un jefe de acto reaparezca tras ser derrotado|Szansa na odrodzenie się bossa Aktu po zabiciu
etherPeBig04|You can no longer drop Prime Evil parts from Act Bosses, but double the chances to drop a Soul Gem.||Você não pode mais obter partes do Mal Primordial de Chefes de Ato, mas dobra as chances de obter uma Gema da Alma.|Вы больше не можете получить части Первородного зла из боссов актов, но удваиваете шанс выпадения Камня души.|章節首領的靈魂寶石掉落機率，但您無法再從章節首領掉落至高邪惡部件|アクトボスから至高の邪悪パーツはドロップしなくなるが、ソウルジェムのドロップ率が2倍になる。|액트 보스에게서 더 이상 최고 악의 부품을 드롭할 수 없지만, 영혼석 드롭 확률이 두 배로 증가|Man kann keine Teile des Urbösen mehr von Aktbossen erhalten, aber die Chance, einen Seelenstein zu erhalten, verdoppelt sich.|Il n'est plus possible d'obtenir des fragments du Mal Suprême sur les boss d'acte, mais les chances d'obtenir une Gemme Spirituelle sont doublées.|Ya no caen partes del Mal Primordial de jefes de acto, pero se duplica la probabilidad de Gema de alma|Nie możesz już dropić części Prime Evil z bossów Aktu, ale podwaja się szansa na drop Soul Gem
etherPeBig05|Chance to clone Damien within Fallen Inoya. Double the suffering, double the reward.||Chance de clonar Damien dentro de Inoya Caído. O dobro do sofrimento, o dobro da recompensa.|Шанс клонировать Дэмиена внутри Падшей Инойи. Вдвое больше страданий, вдвое больше награды.|機率在墮落伊諾亞中複製達米安，雙倍苦難，雙倍獎勵|​​堕ちたイノヤの中にダミアンをクローンする確率。苦しみも報酬も2倍。|타락한 이노야에서 데미안을 복제할 확률. 고통도 두 배, 보상도 두 배.|Chance, Damien in Fallen Inoya zu klonen. Doppeltes Leid, doppelte Belohnung.|Chance de cloner Damien dans Inoya Déchue. Deux fois plus de souffrance, deux fois plus de récompense.|Probabilidad de clonar a Damien en Inoya Caída. Doble sufrimiento, doble recompensa|Szansa na sklonowanie Damiena w Fallen Inoya. Podwójne cierpienie, podwójna nagroda
etherPeBig06|Chance for monsters to spawn as higher rarity within Boss Dungeons.||Chance de monstros surgirem com raridade mais alta em Masmorras de Chefe.|В подземельях с боссами повышается вероятность появления монстров более высокой редкости.|首領地牢中的怪物有機率以更高的稀有度生成。|ボスダンジョン内で、モンスターがより高いレアリティで出現する可能性があります。|보스 던전 내 몬스터가 더 높은 등급으로 생성될 확률 증가.|Chance, dass Monster in Boss-Dungeons mit höherer Seltenheit erscheinen.|Les monstres ont une chance d'apparaître avec une rareté supérieure dans les donjons de boss.|Probabilidad de que los monstruos aparezcan con una rareza superior dentro de las Mazmorras de Jefes.|W lochach z bossami istnieje szansa na pojawienie się potworów o wyższej rzadkości.
etherPeBig07|Bosses have a high chance of dropping Chaos Keys.||Chefes têm uma alta chance de deixar cair Chaves do Caos. |У боссов высока вероятность выпадения Ключей Хаоса.|首領有高機率掉落混沌鑰匙。|ボスは高い確率で「カオスキー」をドロップします。 |보스가 높은 확률로 카오스 키를 드롭.|Bosse haben eine hohe Chance, Chaos-Schlüssel fallen zu lassen. |Les boss ont une forte probabilité de lâcher des Clés du chaos. |Los jefes tienen una alta probabilidad de soltar Llaves del Caos.|Bossowie mają dużą szansę na pozostawienie po sobie Kluczy Chaosu.
peIndicator_name|Prime Evil||Mal Primordial |Первородное Зло |至高邪恶|プライム・イービル |최고 악 |Das größte Übel|Mal Suprême |Mal Primordial|Prime Evil
|||||||||||
[Overworld]|||||||||||
etherOwSmall01_name|Presence of Evil||Presença do Mal|Присутствие зла|邪惡存在|邪悪の存在|악의 현존|Präsenz des Bösen|Présence du Mal|Presencia del mal|Obecność Zła
etherOwSmall02_name|Sonya´s Hunt||Caçada de Sonya|Охота Сони|索妮亞的狩獵|ソーニャの狩り|소냐의 사냥|Sonyas Jagd|La Chasse de Sonya|Caza de Sonya|Polowanie Sonyi
etherOwSmall03_name|Heimdall´s Blessing||Bênção de Heimdall|Благословение Хеймдалла|海姆達爾的祝福|ヘイムダルの祝福|헤임달의 축복|Heimdalls Segen|La Bénédiction d'Heimdall|Bendición de Heimdall|Błogosławieństwo Heimdalla
etherOwSmall04_name|Realm of Angels||Reino dos Anjos|Царство ангелов|天使領域|天使の領域|천사의 영역|Reich der Engel|Le Royaume des Anges|Reino de los ángeles|Królestwo Aniołów
etherOwSmall05_name|Divine Beings||Seres Divinos|Божественные существа|神聖生物|神々|신성한 존재들|Göttliche Wesen|Êtres Divins|Seres divinos|Boskie Istoty
etherOwSmall06_name|Swarm||Enxame|Рой|蜂擁而至|群れ|군집|Schwarm|Essaim|Enjambre|Rój
etherOwSmall07_name|Hidden Compartment||Compartimento Oculto|Скрытое отделение|隱藏夾層|隠し区画|숨겨진 공간|Verstecktes Fach|Compartiment caché|Compartimento Oculto|Ukryta skrytka
etherOwSmall08_name|Bloated Reward||Recompensa Inflada|Раздутая награда|豐厚獎勵|肥大した報酬|부풀어 오른 보상|Aufgeblähte Belohnung|Récompense gonflée|Recompensa Hinchada|Przesadna nagroda
etherOwSmall09_name|Guardians of the Coven||Guardiões do Coven|Стражи Ковена|集會所守護者|魔女団の守護者|코븐의 수호자|Wächter des Zirkels|Gardiens du Coven|Guardianes del Aquelarre|Strażnicy sabatu
etherOwSmall10_name|Abomination’s Eye||Olho da Abominação |Глаз Отвращения|憎惡之眼|忌まわしき者の眼 |어보미네이션의 눈 |Auge der Monstrosität |Œil de l’abomination |Ojo de la Abominación|Oko abominacji
etherOwBig01_name|Treasure Chests||Baús de Tesouro|Сундуки с сокровищами|寶箱|宝箱|보물 상자|Schatzkisten|Coffres au Trésor|Cofres de tesoro|Skrzynie ze Skarbami
etherOwBig02_name|Vengeful Goblins||Goblins Vingativos|Мстительные гоблины|復仇哥布林|復讐のゴブリン|복수심에 불타는 고블린들|Rachsüchtige Goblins|Gobelins Vengeurs|Goblins vengativos|Mściwe Gobliny
etherOwBig03_name|The Guardian´s of Hell||Os Guardiões do Inferno|Хранители ада|地獄守護者|地獄の守護者|지옥의 수호자들|Die Wächter der Hölle|Les Gardiens de l'Enfer|Los guardianes del infierno|Strażnicy Piekieł
etherOwBig04_name|Back to Basics||De Volta ao Básico|Возвращение к основам|回歸基礎|基本に立ち返る|기본으로 돌아가기|Zurück zu den Wurzeln|Retour aux Fondamentaux|Vuelta a lo básico|Powrót do Podstaw
etherOwBig05_name|Ready to Pop||Prestes a Explodir|Готов взорваться|即將爆裂|爆発寸前|터질 준비 완료|Kurz vor dem Platzen|Sur le point d'éclater|A Punto de Estallar|Gotowy do eksplozji
etherOwBig06_name|Pilfering Damned||Ladravaz Maldito|Воровство, проклятие|偷竊的受詛者|盗みの呪われた者|약탈하는 저주받은 자|Diebische Verdammte|Larcin maudit|Malditos Saqueadores|Przeklęty złodziej
etherOwBig07_name|Empowered Abominations||Abominações Empoderadas|Усиленные мерзости|強化憎惡|強化された忌まわしきもの|강화된 어보미네이션|Gestärkte Abscheulichkeiten|Abominations surpuissantes|Abominaciones Mejoradas|Wzmocnione abominacje
etherOwBig08_name|Corrupted Divinity||Divindade Corrompida|Испорченное божество|腐化神性|堕落した神性|타락한 신성|Verderbte Göttlichkeit|Divinité corrompue|Divinidad Corrupta|Skażone bóstwo
etherOwBig09_name|Fallen Guardians||Guardiões Caídos|Падшие Стражи|殞落守護者|堕落した守護者|타락한 가디언들|Gefallene Wächter|Gardiens déchus|Guardianes Caídos|Upadli strażnicy
etherOwBig10_name|Flesh Golem||Golem de Carne|Плотяной Голем|血肉魔像|肉体ゴーレム|살점 골렘|Fleischgolem|Golem de chair|Gólem de Carne|Golem z ciała
etherOwBig11_name|Hellsmith||Ferreiro Infernal|Хеллсмит|地獄鍛造師|地獄の鍛冶屋|헬스미스|Höllenschmied|Forgeron infernal|Forjador Infernal|Piekielny kowal
etherOwBig12_name|Abominable Clairvoyance||Clarividência Abominável |Отвратительное ясновидение|憎惡洞察|忌まわしき千里眼 |끔찍한 천리안|Abscheuliche Hellsicht |Clairvoyance abominable |Clarividencia Abominable|Odrażająca jasnowidzenie
etherOwSmall01|Increases the chance of chests in Overworld zones containing a Mimic.||Aumenta a chance de baús em zonas do Mundo Superior conterem um Mímico.|Увеличивает вероятность появления мимика в сундуках в зонах Верхнего мира.|主世界區域中寶箱變為寶箱怪的機率|オーバーワールドゾーンの宝箱からミミックが出現する確率が上昇します。|오버월드 지역의 상자에서 미믹이 나올 확률 증가|Erhöht die Chance, dass Truhen in Oberweltzonen einen Mimik enthalten.|Augmente les chances de trouver un Mimic dans les coffres des zones du Monde Extérieur.|Aumenta la probabilidad de que los cofres del Overworld contengan un Mímico|Zwiększa szansę na to, że skrzynie w strefach Overworld zawierają Mimica
etherOwSmall02|Increases the chance of Overworld monsters dropping Dungeon Keys when killed.||Aumenta a chance de monstros do Mundo Superior deixarem cair Chaves de Masmorra ao serem derrotados.|Увеличивает вероятность выпадения ключей от подземелий из монстров Верхнего мира после их убийства.|主世界怪物被擊殺時掉落地下城鑰匙的機率|オーバーワールドのモンスターを倒した際にダンジョンキーをドロップする確率が上昇します。|오버월드 몬스터를 처치했을 때 던전 열쇠가 나올 확률 증가|Erhöht die Chance, dass Oberweltmonster beim Tod Dungeonschlüssel fallen lassen.|Augmente les chances que les monstres du Monde Extérieur laissent tomber des Clés de Donjon lorsqu'ils sont tués.|Mayor probabilidad de que los monstruos del Overworld suelten llaves de mazmorra|Zwiększa szansę na drop Dungeon Keys z potworów Overworld po zabiciu
etherOwSmall03|Increases the chance of Overworld monsters dropping Bifröst Keys when killed.||Aumenta a chance de monstros do Mundo Superior deixarem cair Chaves de Bifröst ao serem derrotados.|Увеличивает вероятность выпадения ключей от Бифроста из монстров Верхнего мира после их убийства.|主世界怪物被擊殺時掉落彩虹橋鑰匙的機率|オーバーワールドのモンスターを倒した際にビフレストキーをドロップする確率が上昇します。|오버월드 몬스터를 처치했을 때 비프로스트 열쇠가 나올 확률 증가|Erhöht die Chance, dass Oberweltmonster beim Tod Bifröstschlüssel fallen lassen.|Augmente les chances que les monstres du Monde Extérieur laissent tomber des Clés du Bifröst lorsqu'ils sont tués.|Mayor probabilidad de que los monstruos del Overworld suelten llaves de Bifröst|Zwiększa szansę na drop Bifröst Keys z potworów Overworld po zabiciu
etherOwSmall04|Chance for Overworld monsters to spawn with the Fallen Angel affix.||Chance de monstros do Mundo Superior surgirem com o afixo Anjo Caído.|Шанс появления монстров Верхнего мира с модификатором «Падший ангел».|機率主世界怪物生成≤墮落天使≥詞綴|オーバーワールドのモンスターが「堕天使」のアフィックスを持って出現する確率が上昇します。|오버월드 몬스터가 타락한 천사 속성을 가지고 나타날 확률 증가|Chance, dass Oberweltmonster mit dem Affix „Gefallener Engel“ erscheinen.|Augmente les chances que les monstres du Monde Extérieur apparaissent avec l'affixe Ange Déchu.|Probabilidad de que los monstruos del Overworld aparezcan con el afijo Ángel caído|Szansa na spawn potworów Overworld z afiksem Fallen Angel
etherOwSmall05|Chance for Overworld monsters to spawn with the Divine affix.||Chance de monstros do Mundo Superior surgirem com o afixo Divino.|Шанс появления монстров Верхнего мира с модификатором «Божественный».|機率主世界怪物生成≤神聖≥詞綴|オーバーワールドのモンスターが「神」のアフィックスを持って出現する確率が上昇します。|오버월드 몬스터가 신 속성을 가지고 나타날 확률 증가|Chance, dass Oberweltmonster mit dem Affix „Göttlich“ erscheinen.|Augmente les chances que les monstres du Monde Extérieur apparaissent avec l'affixe Divin.|Probabilidad de que los monstruos del Overworld aparezcan con el afijo Divino|Szansa na spawn potworów Overworld z afiksem Divine
etherOwSmall06|Chance to double the amount of Colossal Chest monsters.||Chance de dobrar a quantidade de monstros do Baú Colossal.|Есть шанс удвоить количество монстров из Колоссальных сундуков.|有機率使巨型寶箱的怪物數量翻倍。|「巨大な宝箱」のモンスターの数を2倍にする確率。|거대 보물상자 몬스터 수가 2배가 될 확률.|Chance, die Anzahl der Monster aus der Kolossalen Truhe zu verdoppeln.|Chance de doubler le nombre de monstres du Coffre colossal.|Probabilidad de duplicar la cantidad de monstruos del Cofre Colosal.|Szansa na podwojenie liczby potworów z Kolosalnej Skrzyni.
etherOwSmall07|Chance to open the Colossal Chest an additional time.||Chance de abrir o Baú Colossal uma vez adicional.|Возможность открыть Огромный сундук ещё раз.|有機率額外開啟一次巨型寶箱。|「巨大な宝箱」をもう一度開ける確率。|거대 보물상자를 추가로 한 번 더 열 수 있는 확률.|Chance, die Kolossale Truhe ein weiteres Mal zu öffnen.|Chance d'ouvrir le Coffre colossal une fois de plus.|Probabilidad de abrir el Cofre Colosal una vez adicional.|Szansa na dodatkowe otwarcie Kolosalnej Skrzyni.
etherOwSmall08|to Colossal Chest monster Magic Find||Bônus de Magic Find contra monstros do Baú Colossal.|к монстру «Колоссальный сундук» Магический поиск|巨型寶箱怪物的物品稀有度|「巨大な宝箱」のモンスターに対する「Magic Find（魔法のアイテム発見率）」。|거대 보물상자 몬스터의 매직 아이템 발견 확률|Magic Find für Monster aus der Kolossalen Truhe|Bonus de découverte magique pour les monstres du Coffre colossal.|al Hallazgo Mágico de los monstruos del Cofre Colosal|Bonus do Magic Find dla potworów z Kolosalnej Skrzyni.
etherOwSmall09|Chance to spawn an additional monster pack with each Colossal Chest monster.||Chance de surgir um grupo de monstros adicional com cada monstro do Baú Colossal.|Есть шанс получить дополнительную группу монстров с каждым монстром из Колоссального сундука.|每隻巨型寶箱怪物都有機率額外生成一群怪物。|「巨大な宝箱」のモンスターが出現する際、追加でモンスターの集団を出現させる確率。|각 거대 보물상자 몬스터와 함께 추가 몬스터 무리가 생성될 확률.|Chance, bei jedem Monster aus der Kolossalen Truhe eine zusätzliche Monstergruppe erscheinen zu lassen.|Chance de faire apparaître un groupe de monstres supplémentaire avec chaque monstre du Coffre colossal.|Probabilidad de generar un grupo de monstruos adicional con cada monstruo del Cofre Colosal.|Szansa na pojawienie się dodatkowej grupy potworów wraz z każdym potworem z Kolosalnej Skrzyni.
etherOwSmall10|Increased Colossal Chest discovery range||Alcance de descoberta do Baú Colossal aumentado. |Увеличен диапазон обнаружения Колоссального сундука.|增加巨型寶箱的發現範圍|「巨大な宝箱」の発見範囲の拡大。 |거대 보물상자 발견 범위 증가|Erhöhte Entdeckungsreichweite für Kolossale Truhen |Portée de découverte du Coffre colossal accrue. |Mayor alcance de descubrimiento del Cofre Colosal|Zwiększony zasięg wykrywania Kolosalnej Skrzyni.
etherOwBig01|Ancient monsters in Overworld zones have a chance to drop a Chest when killed.||Monstros ancestrais em zonas do Mundo Superior têm uma chance de deixar cair um Baú ao serem derrotados.|Древние монстры в зонах Верхнего мира имеют шанс выпадения сундука после убийства.|機率主世界區域的遠古怪物被擊殺時掉落寶箱|オーバーワールドゾーンの古代モンスターを倒した際に宝箱をドロップする確率が上昇します。|오버월드 지역의 고대 몬스터를 처치했을 때 일정 확률로 상자를 드롭|Uralte Monster in Oberweltzonen haben eine Chance, beim Tod eine Truhe fallen zu lassen.|Les monstres Anciens des zones du Monde Extérieur ont une chance de laisser tomber un Coffre lorsqu'ils sont tués.|Los monstruos ancestrales del Overworld pueden soltar un cofre al morir|Starożytne potwory w strefach Overworld mają szansę na drop Skrzyni po zabiciu
etherOwBig02|Ancient monsters in Overworld zones have a chance to respawn as a random Goblin when killed.||Monstros ancestrais em zonas do Mundo Superior têm uma chance de ressurgir como um Goblin aleatório ao serem derrotados.|Древние монстры в зонах Верхнего мира имеют шанс возродиться в виде случайного гоблина после убийства.|機率主世界區域的遠古怪物會隨機重生為哥布林|オーバーワールドゾーンの古代モンスターを倒した際にランダムなゴブリンとして再出現する確率が上昇します。|오버월드 지역의 고대 몬스터를 처치했을 때 일정 확률로 무작위 고블린으로 부활|Uralte Monster in Oberweltzonen haben eine Chance, beim Tod als zufälliger Goblin wiederzuerscheinen.|Les monstres Anciens des zones du Monde Extérieur ont une chance de réapparaître sous la forme d'un Gobelin aléatoire lorsqu'ils sont tués.|Los monstruos ancestrales del Overworld pueden reaparecer como un goblin aleatorio|Starożytne potwory w strefach Overworld mają szansę na odrodzenie się jako losowy Goblin po zabiciu
etherOwBig03|Chance for Overworld monsters to spawn with the Guardian of Hell affix.||Chance de monstros do Mundo Superior surgirem com o afixo Guardião do Inferno.|Шанс появления монстров Верхнего мира с модификатором «Хранитель ада».|機率主世界怪物生成≤地獄守護者≥詞綴|オーバーワールドのモンスターが「地獄の守護者」のアフィックスを持って出現する確率が上昇します。|오버월드 몬스터가 지옥의 수호자 속성을 가지고 나타날 확률 증가|Chance, dass Oberweltmonster mit dem Affix „Wächter der Hölle“ erscheinen.|Chance de voir apparaître des monstres du monde normal avec l'affixe Gardien de l'Enfer. |Probabilidad de que los monstruos del Overworld aparezcan con el afijo Guardián del infierno|Szansa na spawn potworów Overworld z afiksem Guardian of Hell
etherOwBig04|Increased Total Magic Find in Overworld maps but you no longer spawn any mechanics in your maps.||Aumento na quantidade total de itens mágicos encontrados nos mapas do Mundo Superior, mas você não gera mais nenhuma mecânica nos seus mapas.|Увеличен общий показатель поиска магии на картах открытого мира, но при этом на картах больше не появляются никакие механики.|主世界地圖總物品稀有度，但地圖中不再生成任何機制|オーバーワールドマップでの魔法発見総量が増加しますが、マップ上にギミックは出現しなくなります。|오버월드 맵에서 마법 아이템 발견 확률이 총 증가하지만, 더 이상 맵에 메커니즘이 생성되지 않습니다.|Erhöhte Gesamtmenge an Magiefunden in Oberweltkarten, aber es werden keine Mechaniken mehr in euren Karten erzeugt.|Augmentation du nombre total d'objets magiques trouvés sur les cartes du monde normal, mais vous ne ferez plus apparaître aucun mécanisme sur vos cartes. |Mayor Hallazgo Mágico total en el Overworld, pero ya no aparecen otras mecánicas|Zwiększona Całkowita Szansa na Magiczne Przedmioty na mapach Overworld, ale nie spawnują się żadne mechaniki na twoich mapach
etherOwBig05|Chance for Colossal Chest Monsters to spawn with Bloating affix.||Chance de monstros do Baú Colossal surgirem com o afixo Inchaço.|Есть вероятность появления гигантских сундуковых монстров с эффектом «вздутие».|巨型寶箱怪物有機率攜帶≤經驗≥詞條。|巨大宝箱モンスターに膨張アフィックスが付与される確率。|거대 보물상자 몬스터가 부풀어 오른 접사를 가지고 생성될 확률.|Chance, dass Monster in Kolossalen Truhen mit dem Affix „Aufgedunsen“ erscheinen.|Augmentation des chances d'apparition des monstres des coffres colossaux avec l'affixe Gonflement.|Probabilidad de que los monstruos del Cofre Colosal aparezcan con el afijo Hinchado.|Szansa na pojawienie się potworów z kolosalną skrzynią z dodatkiem Wzdęcie.
etherOwBig06|to Colossal Chest loot amount||Aumenta a quantidade de itens saqueados do Baú Colossal.|к огромному количеству добычи из сундука|巨型寶箱掉落物數量|巨大宝箱の戦利品量増加|거대 보물상자의 전리품 수량 증가|Erhöhte Beutemenge in Kolossalen Truhen|Augmentation du butin des coffres colossaux.|a la cantidad de botín del Cofre Colosal.|do ilości łupów z kolosalnej skrzyni
etherOwBig06_02|Increased Total Magic Find to the Colossal Chest||Aumenta a quantidade total de Encontrar Magia no Baú Colossal.|Увеличен общий шанс найти магию в Колоссальном сундуке.|增加巨型寶箱的總物品稀有度|巨大宝箱のマジックファインド合計増加|거대 보물상자의 총 매직 아이템 발견 확률 증가.|Erhöhte Gesamt-Magiefundrate für Kolossale Truhen|Augmentation du bonus total de découverte magique pour les coffres colossaux.|Mayor Hallazgo Mágico Total del Cofre Colosal.|Zwiększona całkowita ilość znalezionych magicznych przedmiotów w kolosalnej skrzyni
etherOwBig07|Colossal Chest monsters are now spawned as Fallen rarity||Os monstros do Baú Colossal agora surgem com a raridade Decaído.|Монстры из Колоссальных Сундуков теперь появляются в качестве существ редкости Падших.|巨型寶箱怪物現在會以「墮落」稀有度生成|巨大宝箱モンスターがフォールンレアリティで出現するようになりました|거대 보물상자 몬스터가 이제 타락한 등급으로 생성|Monster in Kolossalen Truhen erscheinen nun als Gefallene|Les monstres des coffres colossaux apparaissent désormais avec la rareté Déchu.|Los monstruos del Cofre Colosal ahora aparecen con el afijo Caído.|Potwory z kolosalną skrzynią pojawiają się teraz jako rzadkość Upadłych
etherOwBig08|Chance for Colossal Chest mosters to spawn with the Divine affix||Chance de monstros do Baú Colossal surgirem com o afixo Divino.|Есть вероятность появления гигантских монстров из сундуков с божественным свойством.|巨型寶箱怪物有機率攜帶≤神聖≥詞條|巨大宝箱モンスターに神聖アフィックスが付与される確率|거대 보물상자 몬스터가 신성 접사를 가지고 생성될 확률|Chance, dass Monster in Kolossalen Truhen mit dem Affix „Göttlich“ erscheinen|Augmentation des chances d'apparition des monstres des coffres colossaux avec l'affixe Divin.|Probabilidad de que los monstruos del Cofre Colosal aparezcan con el afijo Divino.|Szansa na pojawienie się potworów z kolosalną skrzynią z dodatkiem Boskość
etherOwBig09|Chance for additional monsters to become Fallen. Additional monsters are always at least Legions.||Chance de monstros adicionais se tornarem Decaídos. Monstros adicionais são sempre pelo menos da Legião.|Есть вероятность, что дополнительные монстры превратятся в Падших. Дополнительные монстры всегда представляют собой как минимум Легионы.|有機率使額外怪物轉化為墮落階級。額外怪物至少為軍團階級。|追加のモンスターがフォールンになる確率。追加のモンスターは常にレギオン以上です。|추가 몬스터가 타락한 등급으로 변할 확률. 추가 몬스터는 항상 최소 군단 등급.|Chance, dass zusätzliche Monster zu Gefallenen werden. Zusätzliche Monster sind immer mindestens Legionen.|Augmentation des chances que des monstres supplémentaires deviennent Déchus. Ces monstres supplémentaires sont toujours au moins de niveau Légion.|Probabilidad de que los monstruos adicionales se conviertan en Caídos. Los monstruos adicionales siempre son, como mínimo, Legiones.|Szansa na to, że dodatkowe potwory staną się Upadłymi. Dodatkowe potwory to zawsze co najmniej Legiony.
etherOwBig10|Chance for Ancient monsters in a zone with Colossal Chest to be spawned as an Abomination.||Chance de monstros Ancestrais em uma zona com Baú Colossal surgirem como uma Abominação.|В зоне с Колоссальным сундуком существует вероятность появления Древних монстров в виде Чудовища.|在擁有巨型寶箱的區域中，遠古怪物有機率生成為憎惡體。|巨大宝箱のあるゾーンの古代モンスターがアボミネーションとして出現する確率。|거대 보물상자가 있는 지역의 고대 몬스터가 어보미네이션으로 생성될 확률.|Chance, dass Uralte Monster in einem Gebiet mit Kolossalen Truhen als Abscheulichkeit erscheinen.|Augmentation des chances d'apparition des monstres Anciens dans une zone contenant des coffres colossaux sous forme d'Abomination.|Probabilidad de que los monstruos Ancestrales de una zona con un Cofre Colosal aparezcan como una Abominación.|Szansa na pojawienie się starożytnych potworów w strefie z kolosalną skrzynią jako Abominacja.
etherOwBig11|to Additional Colossal Chest rolls for Blacksmith’s Mallet||Aumenta o número de rolagens adicionais do Baú Colossal para o Malho do Ferreiro.|Дополнительные огромные сундуки для молотка кузнеца|鐵匠之槌在巨型寶箱額外抽取次數|鍛冶屋の槌の追加ロールに巨大宝箱が追加|대장장이의 망치에 대한 추가 거대 보물상자 굴림 횟수 증가|Zusätzliche Würfe für den Schmiedehammer in Kolossalen Truhen|Augmentation des résultats supplémentaires pour le Maillet du forgeron dans les coffres colossaux.|a las tiradas adicionales del Cofre Colosal para Mazos del Herrero.|do dodatkowych rzutów na kolosalną skrzynię dla młota kowalskiego
etherOwBig12|Increased Colossal Chest discovery range||Aumenta o alcance de descoberta do Baú Colossal. |Увеличен диапазон обнаружения Колоссального сундука.|增加巨型寶箱的發現範圍|巨大宝箱の発見範囲増加 |거대 보물상자 발견 범위 증가|Erhöhte Entdeckungsreichweite für Kolossale Truhen |Augmentation de la zone de découverte des coffres colossaux. |Mayor alcance de descubrimiento del Cofre Colosal.|Zwiększony zasięg odkrywania kolosalnej skrzyni
owIndicator_name|Overworld||Mundo Superior |Обычный мир |主世界|オーバーワールド |오버월드 |Oberwelt|Monde extérieur |Overworld|Overworld
|||||||||||
[Unstable Rift]|||||||||||
etherUrSmall01_name|Unstable Presence||Presença Instável|Нестабильное присутствие|不穩定存在|不安定な存在|불안정한 존재|Instabile Präsenz|Présence instable|Presencia inestable|Niestabilna Obecność
etherUrSmall02_name|Material Unstability||Instabilidade Material|Материальная нестабильность|不穩定材料|物質的不安定性|물질적 불안정성|Materielle Instabilität|Instabilité matérielle|Inestabilidad material|Niestabilność Materiału
etherUrSmall03_name|Essence Vaults||Cofres de Essência|Хранилища сущности|精華寶庫|エッセンス・ヴォールト|정수 금고|Essenzgewölbe|Coffres d'essence|Bóvedas de esencia|Skarbce Esencji
etherUrSmall04_name|Orbital Stability||Estabilidade Orbital|Орбитальная стабильность|軌道穩定|軌道安定性|궤도 안정성|Orbitale Stabilität|Stabilité orbitale|Estabilidad orbital|Stabilność Orbitalna
etherUrSmall05_name|Not Unstable Enough||Não Instável o Suficiente|Недостаточно нестабильно|還不夠不穩定|不安定さが足りない|불안정하지 않음|Nicht instabil genug|Insuffisamment instable|¿No es suficiente inestabilidad?|Nie Wystarczająco Niestabilne
etherUrSmall06_name|Rift’s Presence||A Presença da Fenda |Присутствие Рифта|裂隙氣場|亀裂の気配 |균열의 존재|Die Präsenz des Risses |La présence de la Faille |Presencia de la Grieta.|Obecność Szczeliny
etherUrBig01_name|Glitched Timeline||Linha Temporal Glitchada|Искаженная временная линия|故障時間軸|グリッチしたタイムライン|오류가 발생한 시간선|Verzerrte Zeitlinie|Chronologie altérée|Línea temporal bugeada|Zglitchowana Linia Czasu
etherUrBig02_name|Chaotic Fortune||Fortuna Caótica|Хаотическая удача|混亂幸運|混沌の幸運|혼돈의 운명|Chaotisches Glück|Fortune chaotique|Fortuna caótica|Chaotyczne Szczęście
etherUrBig03_name|Unstable Conquest||Conquista Instável|Нестабильное завоевание|不穩定征服|不安定な征服|불안정한 정복|Instabile Eroberung|Conquête instable|Conquista inestable|Niestabilne Podbicie
etherUrBig04_name|Mirror of Unstability||Espelho da Instabilidade|Зеркало нестабильности|不穩定鏡像|不安定の鏡|불안정의 거울|Spiegel der Instabilität|Miroir d'instabilité|Espejo de la inestabilidad|Lustro Niestabilności
etherUrBig05_name|Warped Fortune||Fortuna Distorcida|Искаженная удача|扭曲幸運|歪んだ幸運|왜곡된 운명|Verzerrtes Glück|Fortune déformée|Fortuna distorsionada|Zniekształcone Szczęście
etherUrBig06_name|Call of the Rift||Chamado da Fenda|Зов Разлома|裂隙的號召|裂け目の呼び声|균열의 부름|Ruf des Risses|Appel de la Faille|Llamado de la Grieta.|Zew Szczeliny
etherUrBig07_name|Warp to Sheeponia||Teletransporte para Sheeponia|Переместиться в Шипонию|躍遷至綿羊洲|シープオニアへ転送|쉬포니아로 워프|Teleport nach Sheeponia|Téléportation vers Sheeponia|Teletransporte a Sheeponia.|Teleportacja do Sheeponii
etherUrBig08_name|Warp to Hell||Teletransporte para o Inferno|Искажение в ад|躍遷至地獄|地獄へ転送|지옥으로 워프|Teleport in die Hölle|Téléportation vers l'Enfer|Teletransporte al Infierno.|Teleportacja do Piekła
etherUrBig09_name|Warp to Heaven||Teletransporte para o Paraíso|Переместитесь на небеса|躍遷至天堂|天国へ転送|천국으로 워프|Teleport in den Himmel|Téléportation vers le Paradis|Teletransporte al Cielo.|Teleportacja do Nieba
etherUrBig10_name|Unstable Destiny||Destino Instável|Нестабильная судьба|反覆無常的命運|不安定な運命|불안정한 운명|Instabiles Schicksal|Destin instable|Destino Inestable|Niestabilne Przeznaczenie
etherUrBig11_name|Summoner of Rifts||Invocador de Fendas |Призыватель Разломов|裂隙召喚者|裂け目の召喚師 |균열의 소환사|Beschwörer der Risse |Invocateur de failles |Invocador de Grietas|Przywoływacz Szczelin
etherUrSmall01|Increased chance to spawn an Unstable Rift on your maps.||Aumento da chance de surgir uma Fenda Instável em seus mapas.|Увеличенная вероятность появления Нестабильного разлома на ваших картах.|地圖中不穩定裂縫生成機率|マップ上に不安定な裂け目が出現する確率が上昇します。|지도에 불안정한 균열이 생성될 확률 증가|Erhöhte Chance, einen Instabilen Riss auf euren Karten erscheinen zu lassen.|Augmentation des chances de faire apparaître une faille instable sur vos cartes.|Mayor probabilidad de que aparezca una Falla inestable en tus mapas|Zwiększona szansa na spawn Unstable Rift na twoich mapach
etherUrSmall02|Monsters within Unstable Rift have an increased chance of dropping Unstable Dust when killed.||Monstros dentro da Fenda Instável têm uma chance maior de dropar Pó Instável ao serem derrotados.|У монстров в Нестабильном разломе увеличена вероятность выпадения Нестабильной пыли при убийстве.|不穩定裂縫內怪物被擊殺時掉落不穩定粉塵的機率|不安定な裂け目内のモンスターは、倒された際に不安定なダストをドロップする確率が上昇します。|불안정한 균열 내 몬스터를 처치하면 불안정한 먼지를 드롭할 확률 증가|Monster in einem Instabilen Riss lassen beim Tod mit erhöhter Wahrscheinlichkeit Instabilen Staub fallen.|Les monstres dans une faille instable ont plus de chances de laisser tomber de la poussière instable lorsqu'ils sont tués.|Los monstruos de la Falla inestable tienen mayor probabilidad de soltar Polvo inestable|Potwory w Unstable Rift mają zwiększoną szansę na drop Unstable Dust po zabiciu
etherUrSmall03|Monsters within Unstable Rift have an increased chance of dropping Essence Vaults when killed.||Monstros dentro da Fenda Instável têm uma chance maior de dropar Cofres de Essência ao serem derrotados.|У монстров в Нестабильном разломе увеличена вероятность выпадения Хранилищ сущности при убийстве.|不穩定裂縫內怪物被擊殺時掉落精華寶庫的機率|不安定な裂け目内のモンスターは、倒された際にエッセンス・ヴォールトをドロップする確率が上昇します。|불안정한 균열 내 몬스터를 처치하면 정수 금고를 드롭할 확률 증가|Monster in einem Instabilen Riss lassen beim Tod mit erhöhter Wahrscheinlichkeit Essenzgewölbe fallen.|Les monstres dans une faille instable ont plus de chances de laisser tomber des coffres d'essence lorsqu'ils sont tués.|Los monstruos de la Falla inestable tienen mayor probabilidad de soltar Bóvedas de esencia|Potwory w Unstable Rift mają zwiększoną szansę na drop Essence Vaults po zabiciu
etherUrSmall04|Ancient monsters within the Unstable Rift have a chance to be respawned as Orb Goblins.||Monstros ancestrais dentro da Fenda Instável têm uma chance de ressurgir como Goblins Orb.|У древних монстров в Нестабильном разломе есть шанс возродиться в виде Сферных гоблинов.|機率不穩定裂縫內的遠古怪物以寶珠哥布林的形式重生|不安定な裂け目内の古代モンスターは、オーブゴブリンとして復活する可能性があります。|불안정한 균열 내 고대 몬스터가 오브 고블린으로 다시 생성될 확률 증가|Uralte Monster in einem Instabilen Riss können als Kugelgoblins wiedererscheinen.|Les monstres anciens dans une faille instable ont une chance de réapparaître sous forme de gobelins orbes.|Los monstruos ancestrales de la Falla inestable pueden reaparecer como Goblins de orbe|Starożytne potwory w Unstable Rift mają szansę na odrodzenie się jako Orb Goblins
etherUrSmall05|Chance for monster packs to have extra monsters within Unstable Rift.||Chance de grupos de monstros terem monstros extras dentro da Fenda Instável.|Шанс, что в группах монстров появятся дополнительные монстры в Нестабильном разломе.|機率不穩定裂縫內怪物群有額外怪物數量|モンスターパックに不安定な裂け目内のモンスターが追加される可能性があります。|몬스터 무리에 불안정한 균열 내 추가 몬스터가 나타날 확률 증가|Chance, dass Monstergruppen in einem Instabilen Riss zusätzliche Monster enthalten.|Possibilité pour les groupes de monstres de contenir des monstres supplémentaires dans une faille instable.|Probabilidad de que los grupos de la Falla inestable contengan monstruos adicionales|Szansa na dodatkowe potwory w paczkach wewnątrz Unstable Rift
etherUrSmall06|Increased Unstable Rift discovery range.||Aumentado o alcance de detecção de Fendas Instáveis. |Увеличен радиус обнаружения Нестабильного Разлома.|增加不穩定裂隙的發現範圍。|「不安定な亀裂」の発見範囲を拡大しました。 |불안정한 균열 발견 범위 증가|Die Entdeckungsreichweite für Instabile Risse wurde erhöht. |Portée de détection des failles instables augmentée. |Mayor alcance de descubrimiento de Grietas Inestables.|Zwiększono zasięg wykrywania Niestabilnych Szczelin.
etherUrBig01|Chance to be warped into Asgard when entering an Unstable Rift.||Chance de ser teleportado para Asgard ao entrar em uma Fenda Instável.|Шанс быть телепортированным в Асгард при входе в Нестабильный разлом.|機率進入不穩定裂縫時被傳送至阿斯嘉德|不安定な裂け目に入った際にアスガルドにワープする可能性があります。|불안정한 균열에 진입할 때 아스가르드로 순간 이동될 확률 증가|Chance, beim Betreten eines Instabilen Risses nach Asgard teleportiert zu werden.|Possibilité d'être téléporté à Asgard en entrant dans une faille instable.|Probabilidad de ser transportado a Asgard al entrar en una Falla inestable|Szansa na przeniesienie do Asgard przy wejściu do Unstable Rift
etherUrBig02|Increased chance to warp into Rift of Fortune when entering an Unstable Rift.||Aumento da chance de ser teleportado para a Fenda da Fortuna ao entrar em uma Fenda Instável.|Увеличенная вероятность телепортироваться в Разлом удачи при входе в Нестабильный разлом.|機率進入不穩定裂縫時傳送至財富裂縫|不安定な裂け目に入った際に幸運の裂け目にワープする確率が上昇します。|불안정한 균열에 진입할 때 행운의 균열로 순간 이동될 확률 증가|Erhöhte Chance, beim Betreten eines Instabilen Risses in einen Riss des Glücks teleportiert zu werden.|Augmentation des chances d'être téléporté dans la faille de la fortune en entrant dans une faille instable.|Mayor probabilidad de entrar en la Falla de la fortuna desde una Falla inestable|Zwiększona szansa na przeniesienie do Rift of Fortune przy wejściu do Unstable Rift
etherUrBig03|Guaranteed tier 4 Challenge Dungeon when being warped into a dungeon.||Masmorra de Desafio de nível 4 garantida ao ser teleportado para uma masmorra.|Гарантированное прохождение подземелья 4-го уровня сложности при телепортации в подземелье.|被傳送至地下城時必定為四階挑戰地下城|ダンジョンにワープした際、必ずティア4のチャレンジダンジョンに遭遇します。 |던전으로 순간이동 시 4단계 도전 던전 확정 입장|Garantierter Herausforderungsdungeon der Stufe 4 beim Teleportieren in einen Dungeon.|Donjon de défi de niveau 4 garanti lors de la téléportation dans un donjon. |Mazmorra de desafío de nivel 4 garantizada al ser transportado a una mazmorra|Gwarantowany Challenge Dungeon tier 4 przy przeniesieniu do lochu
etherUrBig04|Chance to duplicate any Unique Item drops within the Unstable Rift, the additional item is Mirrored.||Chance de duplicar qualquer item único obtido na Fenda Instável; o item adicional é espelhado.|Шанс дублировать любые уникальные предметы, выпадающие в Нестабильном Разломе, дополнительный предмет будет зеркальным.|機率不穩定裂縫內獨特物品掉落時複製一份（額外物品為鏡像）|不安定な裂け目内でドロップしたユニークアイテムを複製するチャンスがあり、追加アイテムはミラーリングされます。 |불안정한 균열 내에서 모든 고유 아이템 드롭 확률 증가, 추가 아이템은 동일 아이템 획득|Es besteht die Chance, dass ein beliebiger einzigartiger Gegenstand, der im Instabilen Riss gefunden wird, dupliziert wird; der zusätzliche Gegenstand ist gespiegelt.|Chance de dupliquer tout objet unique obtenu dans la Faille instable ; l'objet supplémentaire est un miroir. |Probabilidad de duplicar objetos únicos en la Falla inestable; el objeto adicional es espejado|Szansa na duplikację dowolnego dropu Unikalnego Przedmiotu wewnątrz Unstable Rift – dodatkowy przedmiot jest Mirrored
etherUrBig05|Increased Total Magic Find inside non-codex Unstable Rifts.||Aumento do valor total de Encontrar Itens Mágicos dentro da Fenda Instável.|Увеличен общий показатель поиска магии внутри Нестабильного Разлома.|提高非法典的不穩定裂縫內的總物品稀有度。|不安定な裂け目内での魔法発見総量が増加。 |확률로 불안정한 균열 내에서 총 마법 아이템 발견 확률 증가|Erhöhte Gesamtmenge an Magiefunden innerhalb des Instabilen Risses.|Augmentation du taux de découverte magique total à l'intérieur de la faille instable. |Mayor Hallazgo Mágico total dentro de la Falla inestable|Zwiększona Całkowita Szansa na Magiczne Przedmioty wewnątrz Unstable Rift
etherUrBig06|Increased Unstable Rift discovery range.||Aumentado o alcance de detecção de Fendas Instáveis.|Увеличен радиус обнаружения Нестабильного Разлома.|增加不穩定裂隙的發現範圍。|不安定な裂け目の発見範囲が拡大しました。|불안정한 균열 발견 범위 증가.|Die Entdeckungsreichweite für Instabile Risse wurde erhöht.|Portée de détection des Failles instables augmentée.|Mayor alcance de descubrimiento de Grieta Inestables.|Zwiększono zasięg wykrywania Niestabilnych Szczelin.
etherUrBig07|Chance to warp to Sheeponia when entering Unstable Rift.||Chance de ser teleportado para Sheeponia ao entrar em uma Fenda Instável.|Возможность телепортироваться в Шипонию при входе в Нестабильный Разлом.|進入不穩定裂隙時，有機率躍遷至綿羊之地。|不安定な裂け目に入った際に、シーポニアへワープする確率が上昇しました。|불안정한 균열 진입 시 쉬포니아로 이동할 확률.|Chance, beim Betreten eines Instabilen Risses nach Sheeponia teleportiert zu werden.|Probabilité d'être téléporté à Sheeponia en entrant dans une Faille instable.|Probabilidad de teletransportarse a Sheeponia al entrar en una Grieta Inestable.|Szansa na przeniesienie do Sheeponii po wejściu do Niestabilnej Szczeliny.
etherUrBig08|Chance to warp to Arch Demon’s Plateau when entering Unstable Rift.||Chance de ser teleportado para o Planalto do Arquidemônio ao entrar em uma Fenda Instável.|При входе в Нестабильный Разлом появляется возможность телепортироваться на Плато Верховного Демона.|進入不穩定裂隙時，有機率躍遷至惡魔高原。|不安定な裂け目に入った際に、大悪魔の高原へワープする確率が上昇しました。|불안정한 균열 진입 시 아크 데몬의 고원으로 이동할 확률.|Chance, beim Betreten eines Instabilen Risses zum Plateau des Erz-Dämons teleportiert zu werden.|Probabilité d'être téléporté au Plateau du Démon suprême en entrant dans une Faille instable.|Probabilidad de teletransportarse a la Meseta del Archidemonio al entrar en una Grieta Inestable.|Szansa na przeniesienie na Płaskowyż Arcydemona po wejściu do Niestabilnej Szczeliny.
etherUrBig09|Chance to warp to Angelic Realm when entering Unstable Rift.||Chance de ser teleportado para o Reino Angelical ao entrar em uma Fenda Instável.|При входе в Нестабильный Разлом появляется возможность телепортироваться в Царство Ангелов.|進入不穩定裂隙時，有機率躍遷至天使領域。|不安定な裂け目に入った際に、天使の領域へワープする確率が上昇しました。|불안정한 균열 진입 시 천사의 영역으로 이동할 확률.|Chance, beim Betreten eines Instabilen Risses in das Reich der Engel teleportiert zu werden.|Probabilité d'être téléporté au Royaume angélique en entrant dans une Faille instable.|Probabilidad de teletransportarse al Reino Angelical al entrar en una Grieta Inestable.|Szansa na przeniesienie do Królestwa Aniołów po wejściu do Niestabilnej Szczeliny.
etherUrBig10|Chance for Unstable Dust drops to convert into Destiny Shards.||Chance de converter Pó Instável obtido em Fragmentos do Destino.|Есть вероятность получить Нестабильную Пыль, которую можно обменять на Осколки Судьбы.|不穩定塵埃掉落時，有機率轉化為命運碎片。|不安定な塵のドロップが運命の破片に変換される確率が上昇しました。|불안정한 먼지 드롭이 운명의 파편으로 변환될 확률.|Chance, dass Instabiler Staub beim Aufheben in Schicksalssplitter umgewandelt wird.|Probabilité que la Poussière instable obtenue se transforme en Éclats du destin.|Probabilidad de que el Polvo Inestable obtenido se convierta en Fragmentos del Destino.|Szansa na zamianę wypadającego Niestabilnego Pyłu w Odłamki Przeznaczenia.
etherUrBig11|Increased chance to spawn an Unstable Rift on your maps.||Aumentada a chance de surgimento de uma Fenda Instável em seus mapas. |Повышена вероятность появления Нестабильного Разлома на ваших картах.|增加在地圖中生成不穩定裂隙的機率。|マップ上に不安定な裂け目が出現する確率が上昇しました。 |맵에서 불안정한 균열이 생성될 확률 증가.|Erhöhte Chance, dass auf deinen Karten ein Instabiler Riss erscheint. |Probabilité accrue de faire apparaître une Faille instable sur vos cartes. |Mayor probabilidad de generar una Grieta Inestable en tus mapas.|Zwiększono szansę na pojawienie się Niestabilnej Szczeliny na mapach.
urIndicator_name|Unstable Rift||Fenda Instável |Нестабильный Разлом |不穩定裂縫|不安定な裂け目 |불안정한 균열 |Instabiler Riss|Faille instable |Falla inestable|Unstable Rift
|||||||||||
[Dungeons]|||||||||||
etherDngSmall01_name|Bloated Dungeon||Masmorra Inchada|Раздутое подземелье|膨脹地下城|膨れ上がったダンジョン|거대한 던전|Aufgeblähter Dungeon|Donjon surpeuplé|Mazmorra hinchada|Wzdęty Loch
etherDngSmall02_name|Bypassing the Lock||Contornando a Fechadura|Обход замка|繞過鎖定|鍵を突破する|자물쇠 우회|Das Schloss umgehen|Contourner la serrure|Bypasear la cerradura|Omiń Blokadę
etherDngSmall03_name|Finding the Key||Encontrando a Chave|Нахождение ключа|尋找鑰匙|鍵を見つける|열쇠 찾기|Den Schlüssel finden|Trouver la clé|Buscando la llave|Znajdź Klucz
etherDngSmall04_name|Valuable Dungeon||Masmorra Valiosa|Ценное подземелье|珍貴地下城|貴重なダンジョン|귀중한 던전|Wertvoller Dungeon|Donjon précieux|Mazmorra valiosa|Wartościowy Loch
etherDngSmall05_name|Bloating Treasure Chests||Baús de Tesouro Inchados|Вздутые сундуки с сокровищами|膨脹寶箱|膨張する宝箱|부풀어 오른 보물 상자|Aufgeblähte Schatztruhen|Coffres au trésor gonflés|Cofres del Tesoro Hinchados|Napęczniałe skrzynie ze skarbami
etherDngSmall06_name|Challenging Treasure Chests||Baús de Tesouro Desafiadores|Сложные сундуки с сокровищами|挑戰寶箱|難関の宝箱|도전적인 보물 상자|Herausfordernde Schatztruhen|Coffres au trésor redoutables|Cofres del Tesoro Desafiantes|Wymagające skrzynie ze skarbami
etherDngSmall07_name|Key to Satanism||A Chave para o Satanismo|Ключ к сатанизму|撒旦之鑰|サタニズムへの鍵|사탄교의 열쇠|Schlüssel zum Satanismus|Clé du satanisme|Llave del Satanismo|Klucz do satanizmu
etherDngSmall08_name|Dungeon’s Presence||Presença da Masmorra |Присутствие Подземелья|地牢氣場|ダンジョンの気配 |던전의 존재감|Präsenz des Dungeons |Présence du donjon |Presencia de la Mazmorra|Obecność lochu
etherDngBig01_name|Not Challenging Enough?||Não é Desafiador o Suficiente?|Недостаточно сложно?|還不夠有挑戰性？|物足りない？|충분히 어렵지 않나요?|Nicht herausfordernd genug?|Pas assez difficile ?|¿No es suficiente desafío?|Nie Wystarczająco Wyzwanie?
etherDngBig02_name|Dwelling Treasure Chest||Baú do Tesouro da Morada|Сундук с сокровищами|寶箱居所|宝箱|보물 상자|Schatzkiste im Behausungsbau|Coffre au trésor caché|Cofre de tesoro morador|Mieszkająca Skrzynia ze Skarbami
etherDngBig03_name|Colossal Mimicry||Mímica Colossal|Колоссальная мимикрия|巨型擬態|巨大な模倣|거대 모방|Kolossale Mimikry|Mimétisme colossal|Mimetismo colosal|Kolosalna Mimikra
etherDngBig04_name|Peak Valuation||Valor Máximo|Пиковая ценность|巔峰估值|最高評価|최고 가치|Höchster Wert|Valeur maximale|Valoración máxima|Szczytowa Wycena
etherDngBig05_name|Midas Touch||Toque de Midas|Прикосновение Мидаса|點石成金|ミダスの手|미다스의 손|Midas-Berührung|Toucher de Midas|Toque de Midas|Dotyk Midasa
etherDngBig06_name|Unstable Alchemy||Alquimia Instável|Нестабильная алхимия|不穩定的煉金術|不安定な錬金術|불안정한 연금술|Instabile Alchemie|Alchimie instable|Alquimia Inestable|Niestabilna alchemia
etherDngBig07_name|Devil’s Gamble||Aposta do Diabo|Дьявольская авантюра|惡魔的豪賭|悪魔の賭け|데빌의 도박|Wagnis des Teufels|Pari du diable|Apuesta del Diablo|Diabelski hazard
etherDngBig08_name|Echo of the Dungeon||Eco da Masmorra |Эхо Подземелья|地牢迴響|ダンジョンの残響 |던전의 메아리|Echo des Verlieses |Écho du donjon |Eco de la Mazmorra|Echo lochu
etherDngSmall01|Increases the size of monster packs in Dungeons.||Aumenta o tamanho dos grupos de monstros nas Masmorras.|Увеличивает размер групп монстров в подземельях.|地下城中怪物群數量|ダンジョン内のモンスターの群れのサイズが大きくなります。|던전 내 몬스터 무리의 크기 증가|Erhöht die Größe der Monstergruppen in Dungeons.|Augmente la taille des groupes de monstres dans les donjons.|Aumenta el tamaño de los grupos de monstruos en las mazmorras|Zwiększa rozmiar paczek potworów w Lochach
etherDngSmall02|Chance to not consume the Dungeon Keys when entering a Challenge Dungeon.||Chance de não consumir as Chaves da Masmorra ao entrar em uma Masmorra de Desafio.|Шанс не использовать ключи от подземелья при входе в сложное подземелье.|機率在進入挑戰地下城時不消耗地下城鑰匙|チャレンジダンジョンに入る際にダンジョンキーを消費しない確率が上がります。|도전 던전 입장 시 던전 열쇠를 소모하지 않을 확률 증가|Chance, die Dungeonschlüssel beim Betreten eines Herausforderungsdungeons nicht zu verbrauchen.|Chance de ne pas consommer les clés de donjon en entrant dans un donjon de défi.|Probabilidad de no consumir llaves al entrar en una mazmorra de desafío|Szansa na niezużycie Dungeon Keys przy wejściu do Challenge Dungeon
etherDngSmall03|Monsters within the Dungeon have an increased chance of dropping a Key for that Dungeon.||Os monstros dentro da Masmorra têm uma chance maior de dropar uma Chave para aquela Masmorra.|У монстров в подземелье повышается шанс выпадения ключа от этого подземелья.|地下城內怪物掉落該地下城鑰匙的機率|ダンジョン内のモンスターがそのダンジョンの鍵をドロップする確率が上がります。|던전 내 몬스터가 해당 던전 열쇠를 드롭할 확률 증가|Monster im Dungeon haben eine erhöhte Chance, einen Schlüssel für diesen Dungeon fallen zu lassen.|Les monstres du donjon ont une chance accrue de laisser tomber une clé pour ce donjon.|Los monstruos de la mazmorra tienen mayor probabilidad de soltar su propia llave|Potwory w Lochu mają zwiększoną szansę na drop Klucza do tego Lochu
etherDngSmall04|Increases the Magic Find of monsters inside Dungeons.||Aumenta a Busca Mágica dos monstros dentro das Masmorras.|Увеличивает показатель поиска магии у монстров в подземельях.|地下城內怪物的物品稀有度|ダンジョン内のモンスターのマジックファインドが上がります。|던전 내 몬스터의 마법 아이템 발견 확률 증가|Erhöht die Magiefundrate von Monstern in Dungeons.|Augmente la chance de trouver des objets magiques chez les monstres des donjons.|Aumenta el Hallazgo Mágico de los monstruos dentro de las mazmorras|Zwiększa Szansę na Magiczne Przedmioty potworów wewnątrz Lochów
etherDngSmall05|Increased Magic Find when opening chests.||Chance aumentada de encontrar itens mágicos ao abrir baús.|Увеличен шанс выпадения магических предметов при открытии сундуков.|開啟寶箱時，增加物品稀有度。|宝箱を開けた際の「Magic Find（魔法のアイテム発見率）」が上昇しました。|상자를 열 때 매직 아이템 발견 확률 증가.|Erhöhte Chance auf magische Gegenstände beim Öffnen von Truhen.|Augmentation de la chance de trouver des objets magiques lors de l'ouverture des coffres.|Mayor Hallazgo Mágico al abrir cofres.|Zwiększona szansa na znalezienie magicznych przedmiotów (Magic Find) przy otwieraniu skrzyń.
etherDngSmall06|Increased Loot Amount when opening the Challenge Dungeon reward Chest.||Quantidade de itens obtidos aumentada ao abrir o baú de recompensa da Masmorra de Desafio.|Увеличено количество добычи при открытии сундука с наградой за прохождение сложного подземелья.|開啟挑戰地牢獎勵寶箱時，增加掉落物數量。|チャレンジダンジョンの報酬の宝箱から得られる戦利品の量が増加しました。|챌린지 던전 보상 상자를 열 때 전리품 수량이 증가.|Erhöhte Beutemenge beim Öffnen der Belohnungstruhe des Herausforderungs-Dungeons.|Augmentation de la quantité de butin lors de l'ouverture du coffre de récompense du donjon de défi.|Mayor cantidad de botín al abrir el Cofre de recompensa de la Mazmorra de Desafío.|Zwiększona ilość łupów przy otwieraniu skrzyni z nagrodą za ukończenie lochu wyzwania (Challenge Dungeon).
etherDngSmall07|Dungeon chests have a 3% chance to replace a Satanic item with Satanic Dice ||Baús de masmorra têm 3% de chance de substituir um item Satânico por um Dado Satânico.|В сундуках подземелий есть 3%-ный шанс заменить сатанинский предмет на сатанинские игральные кости.|地牢寶箱有 3% 機率將撒旦裝備替換為撒旦骰子。|ダンジョンの宝箱において、Satanicアイテムの代わりに「Satanic Dice」が出現する確率が3%に設定されました。|던전 상자가 사탄 아이템 대신 3% 확률로 사탄 주사위를 드롭|Dungeon-Truhen haben eine Chance von 3 %, einen satanischen Gegenstand durch satanische Würfel zu ersetzen.|Les coffres de donjon ont 3 % de chances de remplacer un objet satanique par des Dés sataniques.|Los cofres de la Mazmorra tienen un 3 % de probabilidad de reemplazar un objeto Satánico por Dados Satánicos.|Skrzynie w lochach mają 3% szansy na zastąpienie przedmiotu klasy Satanic przedmiotem Satanic Dice.
etherDngSmall08|Increased Dungeon discovery radius.||Raio de descoberta de masmorras aumentado. |Увеличен радиус обнаружения подземелий.|增加地牢的發現半徑。|ダンジョンの発見範囲（半径）が拡大されました。 |던전 발견 반경이 증가.|Vergrößerter Entdeckungsradius für Dungeons. |Augmentation du rayon de découverte des donjons. |Mayor radio de descubrimiento de Mazmorras.|Zwiększony zasięg wykrywania lochów.
etherDngBig01|Increased Challenge Dungeon buffs and debuffs||Aumenta os buffs e debuffs da Masmorra de Desafio.|Увеличивает баффы и дебаффы сложных подземелий.|挑戰地下城增益與減益效果|チャレンジダンジョンのバフとデバフが上昇します。|도전 던전 버프 및 디버프 효과 증가|Verstärkte Buffs und Debuffs in Herausforderungsdungeons.|Bonus et malus des donjons de défi augmentés.|Aumenta las mejoras y desventajas de la mazmorra de desafío|Zwiększone buffy i debuffy Challenge Dungeon
etherDngBig02|Chance to open the Challenge Dungeon chest an additional time.||Chance de abrir o baú da Masmorra de Desafio uma vez adicional.|Шанс открыть сундук сложного подземелья дополнительно.|挑戰地下城寶箱有額外開啟一次的機率|チャレンジダンジョンの宝箱をもう一度開ける確率が上がります。|도전 던전 상자를 한 번 더 열 수 있는 확률 증가|Chance, die Truhe im Herausforderungsdungeon ein weiteres Mal zu öffnen.|Chance d'ouvrir le coffre du donjon de défi une fois de plus.|Probabilidad de abrir el cofre de la mazmorra de desafío una vez más|Szansa na ponowne otwarcie skrzyni Challenge Dungeon
etherDngBig03|Chance for the Challenge Dungeon chest to spawn a Colossal Mimic.||Chance do baú da Masmorra de Desafio gerar uma Mímica Colossal.|Шанс появления Колоссальной мимикрии из сундука сложного подземелья.|機率挑戰地下城寶箱生成為巨型寶箱怪|チャレンジダンジョンの宝箱から巨大な模倣が出現する確率が上がります。|도전 던전 상자에서 거대 모방이 나타날 확률 증가|Chance, dass in der Truhe im Herausforderungsdungeon eine kolossale Mimikry erscheint.|Chance de faire apparaître un Mimétisme colossal dans le coffre du donjon de défi.|Probabilidad de que el cofre de la mazmorra de desafío genere un Mímico colosal|Szansa na spawn Kolosalnego Mimica ze skrzyni Challenge Dungeon
etherDngBig04|Increases the chance of dropping High Quality Materials from the Challenge Dungeon chest.||Aumenta a chance de dropar Materiais de Alta Qualidade do baú da Masmorra de Desafio.|Увеличивает шанс выпадения высококачественных материалов из сундука сложного подземелья.|挑戰地下城寶箱掉落高品質材料的機率|チャレンジダンジョンの宝箱から高品質の素材がドロップする確率が上がります。|도전 던전 상자에서 고급 재료가 드롭될 확률 증가|Erhöht die Chance, hochwertige Materialien aus der Truhe im Herausforderungsdungeon zu erhalten.|Augmente les chances d'obtenir des matériaux de haute qualité dans le coffre du donjon de défi.|Mayor probabilidad de obtener materiales de alta calidad en el cofre de desafío|Zwiększa szansę na drop materiałów wysokiej jakości ze skrzyni Challenge Dungeon
etherDngBig05|Midas Touch Gold Find. All items dropped by the Dungeon chest below Heroic rarity are transformed into gold, with an unmodifiable gold find bonus. ||"Bônus de Ouro ""Toque de Midas"". Todos os itens obtidos em baús de Masmorra com raridade inferior a Heroica são transformados em ouro, com um bônus fixo de obtenção de ouro."|Прикосновение Мидаса: поиск золота. Все предметы, выпадающие из сундуков в подземельях и имеющие уровень редкости ниже героического, превращаются в золото с неизменяемым бонусом к поиску золота.|點石成金額外金幣。地牢寶箱掉落的所有低於英雄稀有度的物品都會轉化為金幣，並帶有不可修改的金幣掉落數量加成。|「マイダスタッチ（ゴールド獲得）」：ダンジョンの宝箱からドロップする「ヒロイック」未満のレアリティのアイテムがすべてゴールドに変換され、変更不可のゴールド獲得ボーナスが付与される。|미다스의 손 골드 획득량. 던전 상자에서 드롭되는 영웅 등급 미만의 모든 아이템이 골드로 변환되며, 골드 획득량 보너스는 변경할 수 없습니다.|„Midas-Berührung“ (Goldfund): Alle Gegenstände, die von Dungeon-Truhen fallen gelassen werden und eine Seltenheit unterhalb von „Heroisch“ aufweisen, werden in Gold umgewandelt – inklusive eines unveränderbaren Goldfund-Bonus.|Bonus d'or « Toucher de Midas ». Tous les objets obtenus dans le coffre de donjon dont la rareté est inférieure à « Héroïque » sont transformés en or, avec un bonus fixe de gain d'or.|Hallazgo de Oro del Toque de Midas. Todos los objetos de rareza inferior a Heroica obtenidos del cofre de la Mazmorra se transforman en oro, con un bonus de Hallazgo de Oro no modificable.|Złoto z Midasowego Dotyku. Wszystkie przedmioty wypadające ze skrzyń w lochach (o rzadkości niższej niż Heroiczna) są zamieniane na złoto, z niezmienialną premią do zdobywanego złota.
etherDngBig06|Alchemy Gold Find. All items dropped by the Dungeon chest are transformed into gold, with an unmodifiable gold find bonus. ||"Bônus de Ouro ""Alquimia"". Todos os itens obtidos em baús de Masmorra são transformados em ouro, com um bônus fixo de obtenção de ouro."|Алхимия: Нахождение золота. Все предметы, выпадающие из сундуков в подземелье, превращаются в золото, при этом бонус к нахождению золота не изменяется.|煉金術額外金幣。地城寶箱掉落的所有物品都會轉化為金幣，並帶有不可修改的金幣掉落數量加成。|「錬金術（ゴールド獲得）」：ダンジョンの宝箱からドロップするすべてのアイテムがゴールドに変換され、変更不可のゴールド獲得ボーナスが付与される。|연금술 골드 획득량. 던전 상자에서 드롭되는 모든 아이템이 골드로 변환되며, 골드 획득량 보너스는 변경할 수 없습니다.|„Alchemie“ (Goldfund): Alle Gegenstände, die von Dungeon-Truhen fallen gelassen werden, werden in Gold umgewandelt – inklusive eines unveränderbaren Goldfund-Bonus.|Bonus d'or « Alchimie ». Tous les objets obtenus dans le coffre de donjon sont transformés en or, avec un bonus fixe de gain d'or.|Hallazgo de Oro de Alquimia. Todos los objetos obtenidos del cofre de la Mazmorra se transforman en oro, con un bonus de Hallazgo de Oro no modificable.|Złoto z Alchemii. Wszystkie przedmioty wypadające ze skrzyń w lochach są zamieniane na złoto, z niezmienialną premią do zdobywanego złota.
etherDngBig07|Chance for Dungeon chests to replace Satanic item drops with Satanic Dice ||Chance de baús de Masmorra substituírem itens Satânicos por Dados Satânicos.|Есть шанс, что в сундуках подземелий вместо сатанинских предметов выпадут сатанинские игральные кости.|地牢寶箱有機率將原本掉落的撒旦裝備替換為撒旦骰子。|ダンジョンの宝箱からドロップする「サタニック」アイテムが「サタニックダイス」に置き換わる確率。|던전 상자가 사탄 아이템 드롭 대신 사탄 주사위를 드롭 확률.|Chance, dass Dungeon-Truhen statt „Satanischer“ Gegenstände „Satanische Würfel“ enthalten.|Chance que les coffres de donjon remplacent les objets de rareté « Satanique » par des Dés sataniques.|Probabilidad de que los cofres de la Mazmorra reemplacen los objetos Satánicos obtenidos por Dados Satánicos.|Szansa na to, że skrzynie w lochach zamiast przedmiotów klasy Satanic będą zawierać Kości Satanic (Satanic Dice).
etherDngBig08|Increased Dungeon discovery radius.||Raio de descoberta de Masmorras aumentado. |Увеличен радиус обнаружения подземелий.|增加地城的發現半徑。|ダンジョンの発見範囲の拡大。 |던전 발견 반경 증가.|Erhöhter Entdeckungsradius für Dungeons. |Rayon de découverte de donjon accru. |Mayor radio de descubrimiento de Mazmorras.|Zwiększony zasięg wykrywania lochów.
dngIndicator_name|Dungeon||Masmorra |Подземелье |地下城|ダンジョン |던전 |Dungeon|Donjon |Mazmorra|Loch
|||||||||||
[Colossal Chest]|||||||||||
etherCcSmall01_name|Colossal Monstrosities||Monstrosidades Colossais|Колоссальные чудовища|巨型怪物|巨大な怪物|거대 괴물|Kolossale Monstrositäten|Monstruosités Colossales|Monstruosidades colosales|Kolosalne Potworności
etherCcSmall02_name|Runic Colossus||Colosso Rúnico|Рунический колосс|符文巨像|ルーンコロッサス|룬 거상|Runenkoloss|Colosse Runique|Coloso rúnico|Runiczny Kolos
etherCcSmall03_name|Gigantic Monstrosities||Monstrosidades Gigantescas|Гигантские чудовища|巨大怪物|巨大な怪物|거대 괴물|Gigantische Monstrositäten|Monstruosités Gigantesques|Monstruosidades gigantescas|Gigantyczne Potworności
etherCcSmall04_name|Orbital Fortune||Fortuna Orbital|Орбитальная удача|軌道幸運|軌道上の幸運|궤도의 행운|Orbitales Glück|Fortune Orbitale|Fortuna orbital|Orbitalne Szczęście
etherCcBig01_name|Exceptional Fortune||Fortuna Excepcional|Исключительная удача|卓越幸運|並外れた幸運|특별한 행운|Außergewöhnliches Glück|Fortune Exceptionnelle|Fortuna excepcional|Wyjątkowe Szczęście
etherCcBig02_name|Dwelling Colossal Chest||Baú Colossal da Morada|Колоссальный сундук|巨型寶箱居所|住居の巨大な宝箱|거대 상자의 거주지|Kolossale Behausungskiste|Coffre Colossal Abrité|Cofre colosal morador|Mieszkająca Kolosalna Skrzynia
etherCcBig03_name|Extra Colossal||Colossal Extra|Дополнительный колоссальный монстр|額外巨型|追加の巨大な怪物|추가 거대 괴물|Zusätzliche Kolossale|Colossal Supplémentaire|Colosal extra|Dodatkowy Kolosal
etherCcBig04_name|Colossal Relic||Relíquia Colossal|Колоссальная реликвия|巨型遺物|巨大な遺物|거대 유물|Kolossales Relikt|Relique Colossale|Reliquia colosal|Kolosalny Relikt
etherCcSmall01|Increased amount of colossal monsters spawned.||Aumento na quantidade de monstros colossais gerados.|Увеличено количество появляющихся колоссальных монстров.|生成的巨型怪物數量增加|巨大な怪物の出現数が増加します。|소환되는 거대 괴물의 수 증가|Erhöhte Anzahl kolossaler Monster erscheint.|Nombre accru de monstres colossaux.|Aumenta la cantidad de monstruos colosales generados|Zwiększona ilość spawnionych kolosalnych potworów
etherCcSmall02|Increased chance of dropping runes from the colossal chest.||Aumento na chance de obter runas do baú colossal.|Увеличен шанс выпадения рун из колоссального сундука.|巨型寶箱掉落符文的機率提高|巨大な宝箱からルーンがドロップする確率が増加します。|거대 상자에서 룬이 드롭될 확률 증가|Erhöhte Chance, Runen aus der kolossalen Kiste zu erhalten.|Augmentation des chances d'obtenir des runes dans le coffre colossal.|Mayor probabilidad de obtener runas del cofre colosal|Zwiększona szansa na drop run ze skrzyni kolosalnej
etherCcSmall03|Chance for colossal monstrosities to be stronger and gain additional magic find.||Chance de monstros colossais serem mais fortes e ganharem bônus de Encontrar Magia.|Шанс того, что колоссальные чудовища станут сильнее и получат дополнительную способность поиска магии.|巨型怪物有機率變得更強並獲得額外物品稀有度|巨大な怪物がより強力になり、追加の魔法発見力を得る可能性があります。|거대 괴물이 더 강해지고 마법 발견 확률이 증가할 확률|Chance, dass kolossale Monstrositäten stärker sind und zusätzliche Magiefunde erhalten.|Chance pour les monstruosités colossales d'être plus fortes et d'obtenir un bonus de découverte magique.|Los monstruos colosales pueden ser más fuertes y tener más Hallazgo Mágico|Szansa na to, że kolosalne potworności będą silniejsze i zyskają dodatkową Szansę na Magiczne Przedmioty
etherCcSmall04|Colossal monstrosities have an increased chance of dropping orbs when killed.||Monstrosidades colossais têm maior chance de obter orbes ao serem derrotadas.|У колоссальных чудовищ увеличен шанс выпадения сфер при убийстве.|巨型怪物被擊殺時掉落寶珠的機率提高|巨大な怪物を倒した際にオーブをドロップする確率が増加します。|거대 괴물을 처치했을 때 오브가 드롭될 확률 증가|Kolossale Monstrositäten lassen beim Tod häufiger Kugeln fallen.|Augmentation des chances pour les monstruosités colossales de laisser tomber des orbes lorsqu'elles sont tuées.|Las monstruosidades colosales tienen mayor probabilidad de soltar orbes al morir|Kolosalne potworności mają zwiększoną szansę na drop orbs po zabiciu
etherCcBig01|Chance for the colossal chest to drop an exceptional common item.||Chance do baú colossal gerar um item comum excepcional.|Шанс того, что из колоссального сундука выпадет исключительный обычный предмет.|巨型寶箱有機率掉落卓越普通物品|巨大な宝箱から並外れたコモンアイテムがドロップする可能性があります。|거대 상자에서 특별한 일반 아이템이 드롭될 확률|Chance, dass die kolossale Kiste einen außergewöhnlichen gewöhnlichen Gegenstand enthält.|Chance pour le coffre colossal de contenir un objet commun exceptionnel.|Probabilidad de que el cofre colosal suelte un objeto común excepcional|Szansa na drop wyjątkowego zwykłego przedmiotu ze skrzyni kolosalnej
etherCcBig02|Chance to open the colossal chest an additional time.||Chance de abrir o baú colossal uma vez adicional.|Шанс открыть колоссальный сундук дополнительно.|巨型寶箱有機率額外開啟一次|巨大な宝箱をもう一度開ける可能性があります。|거대 상자를 한 번 더 열 수 있는 확률|Chance, die kolossale Kiste ein weiteres Mal zu öffnen.|Chance d'ouvrir le coffre colossal une fois de plus.|Probabilidad de abrir el cofre colosal una vez más|Szansa na ponowne otwarcie skrzyni kolosalnej
etherCcBig03|Chance to have an extra colossal chest in overworld maps.||Chance de haver um baú colossal extra nos mapas do mundo aberto.|Шанс получить дополнительный колоссальный сундук на картах открытого мира.|主世界地圖中有機率額外生成一個巨型寶箱|オーバーワールドマップに巨大な宝箱が追加で出現する可能性があります。|오버월드 맵에 거대 상자가 하나 더 나타날 확률|Chance auf eine zusätzliche kolossale Kiste in der Oberwelt.|Chance de trouver un coffre colossal supplémentaire sur les cartes du monde.|Probabilidad de encontrar un cofre colosal extra en los mapas del mundo|Szansa na dodatkową kolosalną skrzynię na mapach overworld
etherCcBig04|Colossal chest spawns a random relic when opened.||O baú colossal gera uma relíquia aleatória ao ser aberto.|Колоссальный сундук при открытии порождает случайную реликвию.|巨型寶箱開啟時生成隨機遺物|巨大な宝箱を開けるとランダムな遺物が出現します。|거대 상자를 열면 무작위 유물 드롭|Die kolossale Kiste enthält beim Öffnen ein zufälliges Relikt.|Le coffre colossal génère une relique aléatoire à l'ouverture.|El cofre colosal genera una reliquia aleatoria al abrirse|Kolosalna skrzynia spawnuje losowy relikt po otwarciu
ccIndicator_name|Colossal Chest||Baú Colossal |Колоссальный сундук |巨型寶箱|巨大な宝箱 |거대 상자 |Kolossale Kiste|Coffre Colossal |Cofre colosal|Kolosalna Skrzynia
|||||||||||
[Ruby Gardens]|||||||||||
etherRgSmall01_name|Ruby Treasure||Tesouro de Rubi|Рубиновые сокровища|紅寶石寶藏|ルビーの宝|루비 보물|Rubinschatz|Trésor de rubis|Tesoro de rubí|Rubinowy Skarb
etherRgSmall02_name|Fortune of the Garden||Fortuna do Jardim|Удача сада|花園幸運|庭園の幸運|정원의 행운|Gartenglück|Fortune du jardin|Fortuna del jardín|Szczęście Ogrodu
etherRgSmall03_name|Ruby Charming||Encanto de Rubi|Очарование рубинами|紅寶石魅惑|ルビーの魅力|루비 매력|Rubinzauber|Charme de rubis|Encanto de rubí|Rubinowe Uroki
etherRgSmall04_name|Garden Goblins||Goblins do Jardim|Садовые гоблины|花園哥布林|庭園のゴブリン|정원 고블린|Gartenkobolde|Gobelins du jardin|Goblins del jardín|Gobliny Ogrodu
etherRgSmall05_name|Ruby Keys||Chaves de Rubi|Рубиновые ключи|紅寶石金鑰|ルビーの鍵|루비 키|Rubinschlüssel|Clés rubis|Llaves de Rubí|Rubinowe klucze
etherRgSmall06_name|Dragonic Chests||Baús Dracônicos |Драконьи сундуки|龍之寶箱|ドラゴニック・チェスト |드라고닉 상자|Drachentruhen |Coffres draconiques |Cofres Dracónicos|Smocze skrzynie
etherRgBig01_name|Garden´s Blessing||Bênção do Jardim|Благословение сада|花園祝福|庭園の祝福|정원의 축복|Gartensegen|Bénédiction du jardin|Bendición del jardín|Błogosławieństwo Ogrodu
etherRgBig02_name|Chaotic Endrixia||Endrixia Caótica|Хаотическая Эндриксия|混亂恩德里西亞|混沌のエンドリクシア|혼돈의 엔드릭시아|Chaotische Endrixia|Endrixia chaotique|Endrixia caótica|Chaotyczna Endrixia
etherRgBig03_name|Dragon´s Slumber||Sono do Dragão|Драконий сон|沉睡巨龍|ドラゴンの眠り|용의 잠|Drachenschlaf|Sommeil du dragon|Sueño del dragón|Sen Smoka
etherRgBig04_name|Entry to the Garden||Entrada para o Jardim|Вход в сад|花園入口|庭園への入り口|정원으로의 입장|Eintritt in den Garten|Entrée du jardin|Entrada al Jardín|Wejście do Ogrodu
etherRgBig05_name|Wrath of Endrixia||A Ira de Endrixia |Гнев Эндриксии|恩德里克西亞之怒|エンドリクシアの怒り |엔드릭시아의 분노|Zorn von Endrixia |Colère d'Endrixia |Ira de Endrixia|Gniew Endrixii
etherRgSmall01|Chance to increase the amount of times chests are opened within Ruby Gardens.||Chance de aumentar a quantidade de vezes que baús são abertos nos Jardins de Rubi.|Шанс увеличить количество открытий сундуков в Рубиновых садах.|機率增加紅寶石花園內寶箱開啟次數|ルビーガーデン内で宝箱が開けられる回数が増える可能性があります。|루비 정원에서 상자가 열리는 횟수 증가|Chance, die Anzahl der geöffneten Truhen in Rubingärten zu erhöhen.|Augmente les chances d'ouvrir des coffres dans les Jardins de rubis.|Probabilidad de abrir más veces los cofres en los Jardines de rubí|Szansa na zwiększenie ilości otwarć skrzyń w Ruby Gardens
etherRgSmall02|Dragon monsters in Ruby Gardens gain increased Magic Find.||Monstros dragões nos Jardins de Rubi ganham um aumento na Busca Mágica.|Драконьи монстры в Рубиновых садах получают повышенный шанс выпадения магии.|紅寶石花園內龍類怪物的物品稀有度|ルビーガーデン内のドラゴンモンスターのマジックファインドが増加します。|루비 정원의 용 몬스터는 마법 발견 확률 증가|Drachenmonster in Rubingärten haben eine erhöhte Magiefundrate.|Les dragons des Jardins de rubis bénéficient d'une augmentation de la découverte d'objets magiques.|Los dragones de los Jardines de rubí tienen mayor Hallazgo Mágico|Smocze potwory w Ruby Gardens zyskują zwiększoną Szansę na Magiczne Przedmioty
etherRgSmall03|Chance for common charm drops within Ruby Gardens always roll the highest affix tiers.||A chance de itens comuns nos Jardins de Rubi sempre serem de nível de afixo mais alto.|Шанс выпадения обычных амулетов в Рубиновых садах всегда имеет наивысший уровень аффиксов.|紅寶石花園內普通護符掉落始終擲出最高階詞綴|ルビーガーデン内でコモンチャームがドロップする際、常に最高ティアのアフィックスが付與される可能性があります。|루비 정원에서 일반 부적 드롭 시 항상 가장 높은 접두사 등급이 붙을 확률 증가|Gewöhnliche Zauber in Rubingärten haben immer die höchsten Affixstufen.|Les charmes communs obtenus dans les Jardins de rubis ont toujours les meilleurs affixes.|Los hechizos comunes en los Jardines de rubí siempre tienen los afijos más altos|Szansa na drop zwykłych charmsów w Ruby Gardens zawsze roluje najwyższe tiery afiksów
etherRgSmall04|Chance to spawn Treasure Goblins when opening a Ruby Chest within Ruby Gardens.||Chance de gerar Goblins do Tesouro ao abrir um Baú de Rubi nos Jardins de Rubi.|Шанс появления Гоблинов-сокровищниц при открытии рубинового сундука в Рубиновых садах.|機率在紅寶石花園內開啟紅寶石寶箱時生成寶藏哥布林|ルビーガーデン内でルビーの宝箱を開けると、宝箱ゴブリンが出現する可能性があります。|루비 정원에서 루비 상자를 열 때 보물 고블린이 나타날 확률 증가|Chance, dass beim Öffnen einer Rubintruhe in Rubingärten Schatzkobolde erscheinen.|Augmente les chances de faire apparaître des gobelins au trésor en ouvrant un coffre de rubis dans les Jardins de rubis.|Probabilidad de que aparezcan Goblins del tesoro al abrir un cofre de rubí|Szansa na spawn Treasure Goblins przy otwieraniu Ruby Chest w Ruby Gardens
etherRgSmall05|Increased Chance to drop Ruby Keys.||Chance aumentada de obter Chaves de Rubi.|Повышена вероятность выпадения рубиновых ключей.|增加紅寶石鑰掉落機率。|ルビーの鍵のドロップ率が上昇。|루비 키 드롭 확률 증가|Erhöhte Chance, Rubin-Schlüssel zu erhalten.|Probabilité accrue d'obtenir des Clés en rubis.|Mayor probabilidad de obtener Llaves de Rubí.|Zwiększona szansa na zdobycie Rubinowych Kluczy.
etherRgSmall06|Chance for Chests in Overworld to spawn as Ruby Chests.||Chance de Baús no Mundo Aberto surgirem como Baús de Rubi. |В открытом мире существует вероятность появления рубиновых сундуков.|主世界中的寶箱有機率生成為紅寶石寶箱。|オーバーワールドの宝箱がルビーの宝箱として出現する確率が上昇。 |확률로 오버월드의 상자가 루비 상자로 생성|Chance, dass Truhen in der Oberwelt als Rubin-Truhen erscheinen. |Probabilité que les coffres du monde extérieur apparaissent sous forme de Coffres en rubis. |Probabilidad de que los cofres del Mundo Exterior aparezcan como Cofres de Rubí.|Szansa na to, że skrzynie w świecie gry pojawią się jako Rubinowe Skrzynie.
etherRgBig01|Chance to spawn up to 10 additional Ruby Chests in Ruby Gardens.||Chance de gerar até 10 Baús de Rubi adicionais nos Jardins de Rubi.|Шанс появления до 10 дополнительных рубиновых сундуков в Рубиновых садах.|機率紅寶石花園內額外生成最多十個紅寶石寶箱|ルビーガーデン内に最大10個の追加のルビーの宝箱が出現する可能性があります。|루비 정원에 루비 상자가 최대 10개 추가로 나타날 확률 증가|Chance, bis zu 10 zusätzliche Rubintruhen in Rubingärten erscheinen zu lassen.|Augmente les chances de faire apparaître jusqu'à 10 coffres de rubis supplémentaires dans les Jardins de rubis.|Probabilidad de generar hasta 10 cofres de rubí adicionales en los Jardines de rubí|Szansa na spawn do 10 dodatkowych Ruby Chests w Ruby Gardens
etherRgBig02|Endrixia gains increased Life and Damage but has a chance to drop an Unholy or Angelic Charm.||Endrixia ganha mais Vida e Dano, mas tem uma chance de dropar um Amuleto Profano ou Angélico.|Эндриксия получает повышенный запас здоровья и урона, но имеет шанс выпадения Нечестивого или Ангельского амулета.|恩德里西亞掉落邪惡或天使護身符的機率，恩德里西亞獲得生命與傷害提升。|エンドリクシアのライフとダメージが増加しますが、不浄または天使のチャームをドロップする可能性があります。|엔드릭시아는 생명력과 공격력이 증가하지만, 불경 또는 천사 부적을 드롭할 확률|Endrixia erhält mehr Leben und Schaden, kann aber einen Unheiligen oder Engelscharm fallen lassen.|Endrixia gagne en vie et en dégâts, mais a une chance de laisser tomber un charme impie ou angélique.|Endrixia tiene más vida y daño, pero puede soltar un Hechizo Impío o Angélico|Endrixia zyskuje zwiększone Życie i Obrażenia, ale ma szansę na drop Unholy lub Angelic Charm
etherRgBig03|Spawn five Ruby Chests where Endrixia would spawn. Endrixia no longer spawns.||Gera cinco Baús de Rubi onde Endrixia costumava aparecer. Endrixia não aparece mais.|Появляется пять рубиновых сундуков там, где должна появиться Эндриксия. Эндриксия больше не появляется.|在恩德里西亞原本生成位置生成五個紅寶石寶箱，恩德里西亞不在生成|エンドリクシアが出現する場所に5つのルビーの宝箱が出現します。エンドリクシアは出現しなくなります。|엔드릭시아가 나타나는 자리에 루비 상자 5개가 생성. 엔드릭시아는 더 이상 나타나지 않습니다.|Fünf Rubintruhen erscheinen an den Stellen, an denen Endrixia erscheinen würde. Endrixia erscheint nicht mehr.|Fait apparaître cinq coffres de rubis à l'emplacement d'Endrixia. Endrixia n'apparaît plus.|Aparecen cinco cofres de rubí en lugar de Endrixia. Endrixia ya no aparece|Spawn pięć Ruby Chests w miejscu, gdzie normalnie spawnowałaby się Endrixia. Endrixia już się nie pojawia
etherRgBig04|Increased Chance to drop Ruby Keys.||Chance aumentada de obter Chaves de Rubi.|Повышена вероятность выпадения рубиновых ключей.|增加紅寶石鑰掉落機率。|ルビーの鍵のドロップ率が上昇しました。|루비 키 드롭 확률 증가.|Erhöhte Chance, Rubin-Schlüssel zu erhalten.|Probabilité accrue d'obtenir des Clés de rubis.|Mayor probabilidad de obtener Llaves de Rubí.|Zwiększona szansa na zdobycie Rubinowych Kluczy.
etherRgBig05|Ruby Chests in Overworld have a chance to spawn Endrixia, but she no longer spawns in Ruby Gardens.||Baús de Rubi no Mundo Superior têm chance de fazer a Endrixia aparecer, mas ela não surge mais nos Jardins de Rubi. |В обычных сундуках в Верхнем мире есть шанс, что появится Эндриксия, но в Рубиновых садах она больше не появляется.|主世界中的紅寶石寶箱有機率生成恩德里克西亞，但她不再於紅寶石花園中生成。|オーバーワールドにあるルビーの宝箱から「エンドリクシア（Endrixia）」が出現する可能性がありますが、ルビー・ガーデンでは出現しなくなりました。 |오버월드의 루비 상자에서 엔드릭시아가 생성될 확률이 있지만, 더 이상 루비 정원에서는 생성되지 않습니다.|Rubin-Truhen in der Oberwelt haben eine Chance, Endrixia erscheinen zu lassen; sie erscheint jedoch nicht mehr in den Rubin-Gärten. |Les Coffres de rubis du monde extérieur ont une chance de faire apparaître Endrixia, mais celle-ci n'apparaît plus dans les Jardins de rubis. |Los Cofres de Rubí del Mundo Exterior tienen una probabilidad de generar a Endrixia, pero ya no aparece en los Jardines de Rubí.|Rubinowe Skrzynie w świecie zewnętrznym (Overworld) mają szansę przywołać Endrixię, jednak nie pojawia się ona już w Rubinowych Ogrodach.
rgIndicator_name|Ruby Gardens||Jardins de Rubi |Рубиновые сады |紅寶石花園|ルビーガーデン |루비 정원 |Rubingärten|Jardins de rubis |Jardines de rubí|Ruby Gardens
|||||||||||
[Bifröst]|||||||||||
etherBfSmall01_name|Path to Bifröst||Caminho para Bifröst|Путь в Бифрёст|通往彩虹橋之路|ビフレストへの道|비프로스트로 가는 길|Pfad nach Bifröst|Chemin vers le Bifröst|Camino al Bifröst|Ścieżka do Bifröst
etherBfSmall02_name|Key to Bifröst||Chave para Bifröst|Ключ к Бифрёсту|彩虹橋之鑰|ビフレストの鍵|비프로스트의 열쇠|Schlüssel nach Bifröst|Clé du Bifröst|Llave del Bifröst|Klucz do Bifröst
etherBfBig01_name|Asgard´s Treasure||Tesouro de Asgard|Сокровища Асгарда|阿斯嘉德寶藏|アスガルドの宝|아스가르드의 보물|Asgards Schatz|Trésor d'Asgard|Tesoro de Asgard|Skarb Asgardu
etherBfBig02_name|Shrines of Chaos||Santuários do Caos|Святилища Хаоса|混亂神殿|混沌の聖域|혼돈의 신전|Schreine des Chaos|Sanctuaires du Chaos|Santuarios del caos|Ołtarze Chaosu
etherBfBig03_name|Shepherd´s Nightmare||Pesadelo do Pastor|Кошмар Пастуха|牧羊人的惡夢|羊飼いの悪夢|목동의 악몽|Hirtenalptraum|Cauchemar du Berger|Pesadilla del pastor|Koszmar Pasterza
etherBfBig04_name|Ruins of Niflheim||Ruínas de Niflheim|Руины Нифльхейма|尼弗海姆廢墟|ニフルヘイムの遺跡|니플헤임의 폐허|Ruinen von Niflheim|Ruines de Niflheim|Ruinas de Niflheim|Ruiny Niflheim
etherBfBig05_name|Goblin Invasion||Invasão Goblin|Вторжение гоблинов|哥布林入侵|ゴブリンの侵略|고블린 침공|Goblininvasion|Invasion des Gobelins|Invasión de goblins|Inwazja Goblinów
etherBfBig06_name|Luna´s Blessing||Bênção de Luna|Благословение Луны|露娜的祝福|ルナの祝福|루나의 축복|Lunas Segen|Bénédiction de Luna|Bendición de Luna|Błogosławieństwo Luny
etherBfBig07_name|Immense Challenge||Desafio Imenso|Огромное испытание|巨大挑戰|巨大な挑戦|엄청난 도전|Immense Herausforderung|Défi immense|Desafío inmenso|Ogromne Wyzwanie
etherBfBig08_name|Freedom of Choice||Liberdade de Escolha|Свобода выбора|自由選擇|選択の自由|자유로운 선택|Freie Wahl|Liberté de choix|Libertad de elección|Wolność Wyboru
etherBfSmall01|Chance to not consume the key when entering bifröst.||Chance de não consumir a chave ao entrar em Bifröst.|Шанс не использовать ключ при входе в Бифрёст.|機率進入彩虹橋時不消耗鑰匙|ビフレストに入る際に鍵を消費しないチャンス。|비프로스트 입장 시 열쇠를 소모하지 않을 확률 증가|Chance, den Schlüssel beim Betreten von Bifröst nicht zu verbrauchen.|Possibilité de ne pas consommer la clé en entrant dans le Bifröst.|Probabilidad de no consumir la llave al entrar al Bifröst|Szansa na niezużycie klucza przy wejściu do Bifröst
etherBfSmall02|Monsters have an increased chance of dropping bifröst keys.||Os monstros têm uma chance maior de dropar chaves de Bifröst.|У монстров повышается шанс выпадения ключей от Бифрёста.|怪物掉落彩虹橋鑰匙的機率|モンスターがビフレストの鍵をドロップする確率が上昇。|몬스터가 비프로스트 열쇠를 드롭할 확률 증가|Monster lassen mit erhöhter Wahrscheinlichkeit Bifröst-Schlüssel fallen.|Les monstres ont une chance accrue de laisser tomber des clés du Bifröst.|Los monstruos tienen mayor probabilidad de soltar llaves del Bifröst|Potwory mają zwiększoną szansę na drop bifröst keys
etherBfBig01|Chance to spawn up to 10 additional chests in asgard.||Chance de gerar até 10 baús adicionais em Asgard.|Шанс появления до 10 дополнительных сундуков в Асгарде.|機率阿斯嘉中有額外生成最多十個寶箱|アスガルドに最大10個の追加宝箱が出現するチャンス。|아스가르드에 최대 10개의 상자가 추가로 생성될 확률 증가|Chance, dass bis zu 10 zusätzliche Truhen in Asgard erscheinen.|Possibilité de faire apparaître jusqu'à 10 coffres supplémentaires à Asgard.|Probabilidad de generar hasta 10 cofres adicionales en Asgard|Szansa na spawn do 10 dodatkowych skrzyń w Asgardzie
etherBfBig02|Mists of chaos gain increased amount of chaos shrines.||Névoas do Caos ganha uma quantidade maior de santuários do caos.|В Туманах Хаоса увеличивается количество святилищ Хаоса.|混亂迷霧中混亂神殿數量|混沌の霧に混沌の聖域が増加。|혼돈의 안개에 혼돈의 신전 수가 증가|In den Nebeln des Chaos gibt es mehr Chaosschreine.|Les Brumes du Chaos contiennent davantage de sanctuaires du Chaos.|Las Nieblas del caos tienen mayor cantidad de santuarios del caos|Mgły chaosu zyskują zwiększoną ilość ołtarzy chaosu
etherBfBig03|Sheeponia spawns an additional sheep king.||Sheeponia gera um rei ovelha adicional.|В Шипонии появляется дополнительный король овец.|綿羊之地額外生成一個羊王|シープニアに羊王が追加で出現。|시포니아에 양왕이 추가 생성|In Sheeponia erscheint ein zusätzlicher Schafkönig.|Sheeponia fait apparaître un roi mouton supplémentaire.|Ovejonia genera un Rey oveja adicional|Sheeponia spawnuje dodatkowego króla owiec
etherBfBig04|Niflheim gains increased monster pack size.||Niflheim tem um tamanho de grupo de monstros maior.|В Нифльхейме увеличивается размер стаи монстров.|尼弗海姆怪物群規模增大|ニフルヘイムのモンスターの群れのサイズが増加。|니플헤임의 몬스터 무리 크기 증가|In Niflheim gibt es mehr Monstergruppen.|La taille des groupes de monstres à Niflheim est augmentée.|Niflheim tiene grupos de monstruos más grandes|Niflheim zyskuje zwiększony rozmiar paczek potworów
etherBfBig05|Rift of Fortune has increased amounts of goblins.||A Fenda da Fortuna tem uma quantidade maior de goblins.|В Разломе Удачи увеличивается количество гоблинов.|幸運裂縫中哥布林數量增加|運命の裂け目にゴブリンが増加。|운명의 균열에 고블린 수 증가|Im Riss des Schicksals gibt es mehr Goblins.|La Faille de la Fortune contient davantage de gobelins.|La Falla de la fortuna tiene mayor cantidad de goblins|Rift of Fortune ma zwiększoną ilość goblinów
etherBfBig06|Decreases the amount of monsters required to complete luna´s quest.||Diminui a quantidade de monstros necessários para completar a missão de Luna.|Уменьшается количество монстров, необходимых для выполнения квеста Луны.|完成露娜任務所需的怪物數量減少|ルナのクエストを完了するために必要なモンスターの数が減少。|루나의 퀘스트를 완료하는 데 필요한 몬스터 수 감소|Die Anzahl der benötigten Monster für Lunas Quest wird verringert.|Diminution du nombre de monstres requis pour terminer la quête de Luna.|Reduce la cantidad de monstruos para completar la misión de Luna|Zmniejsza ilość potworów wymaganych do ukończenia questa Luny
etherBfBig07|Challenge dungeons are always tier 4.||Masmorras de desafio são sempre de nível 4.|Подземелья-испытания всегда 4-го уровня.|挑戰地下城始終回復四階|チャレンジダンジョンは常にティア4。|도전 던전은 항상 4단계입니다.|Herausforderungsdungeons sind immer Stufe 4.|Les donjons de défi sont toujours de niveau 4.|Las mazmorras de desafío siempre son de nivel 4|Challenge dungeons są zawsze tier 4
etherBfBig08|Gain an additional choice from heimdall.||Ganha uma escolha adicional em Heimdall.|Получается дополнительный выбор в Хеймдалле.|從海姆達爾處獲得額外選擇|ヘイムダルから追加の選択肢を獲得。|헤임달에서 선택지가 하나 더 추가|Eine zusätzliche Wahlmöglichkeit bei Heimdall.|Obtenez un choix supplémentaire auprès de Heimdall.|Obtén una opción adicional en Heimdall|Otrzymaj dodatkową opcję wyboru od Heimdalla
bfIndicator_name|Bifröst||Bifröst |Бифрёст |彩虹橋|ビフレスト |비프로스트 |Bifröst|Bifröst |Bifröst|Bifröst
|||||||||||
[Universal]|||||||||||
etherUnSmall01_name|Magic Find||Encontrar Itens Mágicos|Поиск магии|物品稀有度|マジックファインド|마법 발견 확률|Magischer Fund|Découverte magique|Hallazgo mágico|Szansa na Magiczne Przedmioty
etherUnSmall02_name|Experience Gain||Ganho de Experiência|Получение опыта|經驗獲取|経験値獲得|경험치 획득량|Erfahrungsgewinn|Gain d'expérience|Ganancia de experiencia|Zdobywanie Doświadczenia
etherUnSmall03_name|Materials||Materiais|Материалы|材料|素材|재료|Materialien|Matériaux|Materiales|Materiały
etherUnSmall04_name|Codex||Códice|Кодекс|法典|コーデックス|도서|Kodex|Codex|Códice|Kodeks
etherUnSmall01|Increased Total Magic Find||Aumento do Total de Encontrar Itens Mágicos|Увеличение общего количества найденных магических предметов|稀有度提高|マジックファインド合計増加|총 마법 발견 확률 증가|Erhöhter Gesamtwert für Magischen Fund|Découverte magique totale augmentée|Hallazgo Mágico total aumentado|Zwiększona Całkowita Szansa na Magiczne Przedmioty
etherUnSmall02|to Experience Gain||para Ganho de Experiência|для получения опыта|經驗獲取提高|経験値獲得|경험치 획득량 증가|zu Erfahrungsgewinn|Convertie en gain d'expérience|a la ganancia de experiencia|do Zdobywania Doświadczenia
etherUnSmall03|Increased material drop rate||Aumento da taxa de obtenção de materiais|Увеличение вероятности выпадения материалов|材料掉落率提高|素材ドロップ率増加|재료 드롭률 증가|Erhöhte Material-Drop-Rate|Taux d'obtention de matériaux augmenté|Tasa de caída de materiales aumentada|Zwiększona szansa na drop materiałów
etherUnSmall04|Increased codex drop rate||Aumento da taxa de obtenção do códice |Увеличение вероятности выпадения кодекса |法典掉落率提高|コーデックスドロップ率増加 |도서 드롭률 증가 |Erhöhte Kodex-Drop-Rate|Taux d'obtention de codex augmenté |Tasa de caída de códices aumentada|Zwiększona szansa na drop kodeksów
|||||||||||
[Unholy Siege]|||||||||||
etherUSSmall01_name|Unholy Sieging||Cerco Profano|Нечестивая осада|邪惡圍攻|不浄の包囲|불경한 공성전|Unheilige Belagerung|Siège impie|Asedio impío|Nieświęte Oblężenie
etherUSSmall02_name|Unholy Magic Find||Encontrar Magia Profana|Поиск нечестивой магии|不潔稀有度|不浄の魔法発見|불경한 마법 발견 확률 증가|Unheiliger Magiefund|Trouver de la magie impie|Hallazgo Mágico impío|Nieświęta Szansa na Magiczne Przedmioty
etherUSSmall03_name|Unholy Cards||Cartas Profanas|Нечестивые карты|邪惡卡牌|不浄のカード|불경한 카드|Unheilige Karten|Cartes impies|Cartas impías|Nieświęte Karty
etherUSSmall04_name|Invasion||Invasão|Вторжение|入侵|侵攻|침공|Invasion|Invasion|Invasión|Inwazja
etherUSSmall05_name|Empowered Invaders||Invasores Fortalecidos|Наделённые силой захватчики|強化入侵者|強化された侵略者|강화된 침략자|Verstärkte Invasoren|Envahisseurs renforcés|Invasores Potenciados|Wzmocnieni najeźdźcy
etherUSSmall06_name|Empowered Sieging||Cerco Fortalecido|Усиленная осада|強化圍城|強化された包囲攻撃|강화된 공성|Verstärkte Belagerung|Siège renforcé|Asedio Potenciado|Wzmocnione oblężenie
etherUSSmall07_name|Unholy Presence||Presença Profana |Нечестивое Присутствие|邪惡氣場|邪悪な気配 |불경한 존재|Unheilige Präsenz |Présence impie |Presencia Profana|Nieświęta obecność
etherUSBig01_name|Long Lasting Siege||Cerco Prolongado|Длительная осада|持久圍攻|長期にわたる包囲|오랜 지속 공성전|Lang anhaltende Belagerung|Siège prolongé|Asedio prolongado|Długotrwałe Oblężenie
etherUSBig02_name|Siege Swarm||Enxame de Cerco|Осадный рой|蜂群圍攻|包囲群|공성전 무리|Belagerungsschwarm|Essaim de siège|Enjambre de asedio|Rój Oblężenia
etherUSBig03_name|Strange Encounters||Encontros Estranhos|Странные встречи|奇妙遭遇|奇妙な遭遇|기묘한 조우|Seltsame Begegnungen|Rencontres étranges|Encuentros Extraños|Dziwne spotkania
etherUSBig04_name|Mimicry||Mimetismo|Имитация|擬態|擬態|모방|Mimikry|Mimétisme|Imitación|Mimikra
etherUSBig05_name|Dimensional Breach||Ruptura Dimensional|Пространственное нарушение|次元裂隙|次元の亀裂|차원 균열|Dimensionsriss|Brèche dimensionnelle|Brecha Dimensional|Wyrwa wymiarowa
etherUSBig06_name|Call of the Unholy||Chamado do Profano|Зов нечестивых|邪惡號召|邪悪なる者の呼び声|불경한 자의 부름|Ruf des Unheiligen|Appel de l'impie|Llamado de lo Profano|Wezwanie Nieświętego
etherUSBig07_name|Divine Steve||Steve Divino|Божественный Стив|神聖史蒂夫|神聖なるスティーブ|신성한 스티브|Göttlicher Steve|Steve divin|Steve Divino|Boski Steve
etherUSBig08_name|Deck of Cards||Baralho de Cartas|Колода карт|整副卡牌|トランプのデッキ|카드 덱|Kartenspiel|Jeu de cartes|Mazo de Cartas|Talia kart
etherUSBig09_name|Everlasting Siege||Cerco Eterno|Вечная осада|永恆圍城|終わりのない包囲戦|영원한 공성|Ewige Belagerung|Siège éternel|Asedio Eterno|Niekończące się oblężenie
etherUSBig10_name|Hazard no More||Fim dos Perigos|Больше никакой опасности|解除危害|危険の排除|더 이상 위험하지 않음|Keine Gefahr mehr|Fin des périls|Sin Peligros|Koniec zagrożeń
etherUSBig11_name|Summoner of Siege||Invocador de Cerco |Призыватель осады|圍城召喚師|包囲の召喚師 |공성의 소환사|Beschwörer der Belagerung |Invocateur de siège |Invocador del Asedio|Przywoływacz oblężenia
etherUSSmall01|Increased chance to spawn an Unholy Siege in the map.||Aumento da chance de surgir um Cerco Profano no mapa.|Повышена вероятность появления Нечестивой Осады на карте. |地圖中邪惡圍攻生成率|マップ上で不浄の包囲が発生する確率が増加。|지도에 불경한 공성전이 생성될 확률 증가|Erhöhte Chance, eine unheilige Belagerung auf der Karte auszulösen.|Augmentation des chances d'apparition d'un siège impie sur la carte.|Mayor probabilidad de aparición de Asedio impío en el mapa|Zwiększona szansa na spawn Unholy Siege na mapie
etherUSSmall02|Increased Magic Find on monsters from Unholy Siege||Aumento da chance de encontrar magia em monstros do Cerco Profano|Увеличенная способность поиска магии у монстров из «Нечестивой осады». |邪惡圍攻怪物的物品稀有度|不浄の包囲モンスターの魔法発見率が増加|불경한 공성전 몬스터의 마법 발견 확률 증가|Erhöhter Magiefund bei Monstern aus unheiligen Belagerungen|Augmentation des chances de trouver de la magie sur les monstres du siège impie.|Mayor Hallazgo Mágico en monstruos de Asedio impío|Zwiększona Szansa na Magiczne Przedmioty potworów z Unholy Siege
etherUSSmall03|Increased chance for Unholy Siege monsters to drop Tarot Cards||Aumento da chance de monstros do Cerco Profano droparem Cartas de Tarô|Повышена вероятность выпадения карт Таро из монстров Нечестивой Осады. |邪惡圍攻怪物掉落塔羅牌的機率|不浄の包囲モンスターがタロットカードをドロップする確率が増加|불경한 공성전 몬스터가 타로 카드를 드롭할 확률 증가|Erhöhte Chance, dass Monster aus unheiligen Belagerungen Tarotkarten fallen lassen|Augmentation des chances que les monstres du siège impie laissent tomber des cartes de tarot.|Mayor probabilidad de que caigan Cartas del Tarot en Asedio impío|Zwiększona szansa na drop Kart Tarota z potworów Unholy Siege
etherUSSmall04|to Monster Pack Size.||ao tamanho do grupo de monstros.|до размера монстр-пака.|怪物群大小|モンスターパックのサイズを増加。|몬스터 무리 크기 증가.|auf die Größe der Monstergruppen.|à la taille des groupes de monstres.|al tamaño de los grupos de monstruos.|do wielkości grup potworów.
etherUSSmall05|Increased chance for Unholy Siege monsters to spawn as higher rarity.||Maior chance de monstros do Cerco Profano (Unholy Siege) surgirem com raridade mais alta.|Повышена вероятность появления монстров из «Нечестивой осады» более высокой редкости.|增加邪惡圍城怪物以更高稀有度生成的機率。|「Unholy Siege（不浄の包囲）」のモンスターがより高いレアリティで出現する確率が増加。|불경한 공성전 몬스터가 더 높은 등급으로 생성될 확률 증가.|Erhöhte Chance, dass Monster der „Unholy Siege“ (Unheilige Belagerung) mit höherer Seltenheit erscheinen.|Probabilité accrue que les monstres du Siège Impie apparaissent avec une rareté supérieure.|Mayor probabilidad de que los monstruos del Asedio Impío aparezcan con una rareza superior.|Zwiększona szansa, że ​​potwory z Unholy Siege będą miały wyższą rzadkość.
etherUSSmall06|Increased chance to spawn an Unholy Siege in the map.||Maior chance de um Cerco Profano surgir no mapa.|Повышена вероятность появления Нечестивой Осады на карте.|增加在地圖中生成邪惡圍城的機率。|マップ内で「Unholy Siege」が発生する確率が増加。|맵에서 불경한 공성전이 생성될 확률 증가.|Erhöhte Chance, dass eine „Unholy Siege“ auf der Karte erscheint.|Probabilité accrue de faire apparaître un Siège Impie sur la carte.|Mayor probabilidad de generar un Asedio Impío en el mapa.|Zwiększona szansa na pojawienie się Unholy Siege na mapie.
etherUSSmall07|Increased Unholy Siege discovery radius.||Raio de detecção do Cerco Profano aumentado.|Увеличен радиус обнаружения в режиме «Нечестивая осада».|增加邪惡圍城的發現半徑。|「Unholy Siege」の発見範囲を拡大。|불경한 공성전 발견 반경 증가.|Vergrößerter Entdeckungsradius für die „Unholy Siege“.|Rayon de détection du Siège Impie augmenté.|Mayor radio de descubrimiento de Asedios Impíos.|Zwiększony zasięg wykrywania Unholy Siege.
etherUSBig01|to Maximum Unholy Siege waves.||até o número máximo de ondas do Cerco Profano|к максимальному количеству волн нечестивой осады |邪惡圍攻最大波數|不浄の包囲ウェーブの最大数まで|불경한 공성전 최대 웨이브 수 증가|zu maximalen Wellen unheiliger Belagerungen|Nombre maximal de vagues de siège impie.|al máximo de oleadas de Asedio impío|do Maksymalnej liczby fal Unholy Siege
etherUSBig02|Additional monster pack per wave.||Pacote de monstros adicional por onda|Дополнительный набор монстров за каждую волну |波額外怪物群|ウェーブごとにモンスターパックが追加|웨이브당 추가 몬스터 무리 생성|Zusätzliches Monsterpak pro Welle|Pack de monstres supplémentaire par vague.|Grupo de monstruos adicional por oleada|Dodatkowa paczka potworów na falę
etherUSBig03|More likely Unholy Sieges have Special Invaders.||Maior probabilidade de Cercos Profanos conterem Invasores Especiais.|Вероятнее всего, в «Нечестивых осадах» будут использоваться особые захватчики.|邪惡圍城更有可能包含特殊入侵者。|「Unholy Siege」に「Special Invader（特別な侵入者）」が含まれる可能性が増加。|불경한 공성전에 특수 침략자가 등장할 확률 증가.|Höhere Wahrscheinlichkeit, dass bei der „Unholy Siege“ besondere Invasoren auftreten.|Probabilité accrue que les Sièges Impies incluent des Envahisseurs Spéciaux.|Mayor probabilidad de que los Asedios Impío tengan Invasores Especiales.|Większe prawdopodobieństwo pojawienia się specjalnych najeźdźców (Special Invaders) w Unholy Siege.
etherUSBig04|Increased chance for Unholy Siege to contain Mimics.||Maior chance de o Cerco Profano conter Mímicos.|Повышена вероятность того, что в «Нечестивой осаде» удастся сдержать Мимиков.|增加邪惡圍城包含寶箱怪的機率。|「Unholy Siege」に「Mimic（ミミック）」が含まれる確率が増加。|불경한 공성전에 미믹이 포함될 확률 증가.|Erhöhte Chance, dass die „Unholy Siege“ Mimics enthält.|Probabilité accrue que le Siège Impie contienne des Mimiques.|Mayor probabilidad de que el Asedio Impío contenga Mímicos.|Zwiększona szansa na wystąpienie Mimików w Unholy Siege.
etherUSBig05|Chance to warp reality when activating Unholy Siege, spewing forth armies of unspeakable horrors.||Chance de distorcer a realidade ao ativar o Cerco Profano, liberando exércitos de horrores indescritíveis.|Активация способности «Нечестивая осада» дает возможность исказить реальность, обрушивая на мир армии неописуемых ужасов.|發動邪惡圍城時有機率扭曲現實，湧出不可名狀的恐怖軍團。|「Unholy Siege」起動時に現実が歪み、言葉を絶する恐怖の軍勢が溢れ出す可能性を追加。|불경한 공성전 활성화 시 현실이 뒤틀리며, 말로 형용할 수 없는 공포의 군단이 쏟아져 나올 확률.|Chance, beim Aktivieren der „Unholy Siege“ die Realität zu verzerren und Armeen unsagbarer Schrecken freizusetzen.|Probabilité de distordre la réalité lors de l'activation du Siège Impie, libérant des armées d'horreurs innommables.|Probabilidad de distorsionar la realidad al activar un Asedio Impío, desatando ejércitos de horrores indescriptibles.|Szansa na zakrzywienie rzeczywistości przy aktywacji Unholy Siege, uwalniające armie niewyobrażalnych koszmarów.
etherUSBig06|Increased Unholy Siege discovery radius.||Raio de detecção do Cerco Profano aumentado.|Увеличен радиус обнаружения в режиме «Нечестивая осада».|增加邪惡圍城的發現半徑。|「Unholy Siege」の発見範囲を拡大。|불경한 공성전 발견 반경 증가.|Vergrößerter Entdeckungsradius für die „Unholy Siege“.|Rayon de détection du Siège Impie augmenté.|Mayor radio de descubrimiento de Asedios Impíos.|Zwiększony zasięg wykrywania Unholy Siege.
etherUSBig07|Stickmans from Unholy Siege have a very small chance of dropping Divine Cards.||"Os ""Stickmans"" do Cerco Profano têm uma chance muito pequena de deixar cair Cartas Divinas."|В режиме «Нечестивая осада» у человечков-стикманов очень мала вероятность выпадения божественных карт.|邪惡圍城中的火柴人有機率掉落神聖卡牌。|「Unholy Siege」の「Stickman」が「Divine Card」をドロップする確率をわずかに追加。|불경한 공성전의 스틱맨이 매우 낮은 확률로 신성 카드를 드롭.|„Stickmen“ aus der „Unholy Siege“ haben eine sehr geringe Chance, „Divine Cards“ (Göttliche Karten) fallenzulassen.|Les Stickmen du Siège Impie ont une très faible probabilité de lâcher des Cartes Divines.|Los Stickman del Asedio Impío tienen una pequeña probabilidad de soltar Cartas Divinas.|Potwory typu „Stickman” z Unholy Siege mają bardzo małą szansę na upuszczenie Boskich Kart (Divine Cards).
etherUSBig08|Chance for Tarot Cards from Unholy Siege to drop as Tarot Decks.||Chance de Cartas de Tarot do Cerco Profano serem obtidas como Baralhos de Tarot.|Есть шанс получить карты Таро из задания «Нечестивая осада» в качестве колод Таро.|邪惡圍城中掉落的塔羅牌有機率直接轉化為塔羅牌組。|「Unholy Siege」で入手できる「Tarot Card」が「Tarot Deck」としてドロップする確率を追加。|불경한 공성전에서 드롭되는 타로 카드가 타로 덱으로 드롭될 확률.|Chance, dass Tarotkarten aus der „Unholy Siege“ als Tarot-Decks fallen.|Probabilité que les Cartes de Tarot du Siège Impie soient obtenues sous forme de Jeux de Tarot.|Probabilidad de que las Cartas del Tarot obtenidas del Asedio Impío se conviertan en Mazos de Tarot.|Szansa, że ​​karty tarota z Unholy Siege wypadną w formie talii tarota.
etherUSBig09|Increased chance to spawn an Unholy Siege in the map.||Maior chance de um Cerco Profano surgir no mapa.|Повышена вероятность появления Нечестивой Осады на карте.|增加在地圖中生成邪惡圍城的機率。|マップ内で「Unholy Siege」が発生する確率が増加。|맵에서 불경한 공성전이 생성될 확률 증가.|Erhöhte Chance, dass eine „Unholy Siege“ auf der Karte erscheint.|Probabilité accrue de faire apparaître un Siège Impie sur la carte.|Mayor probabilidad de generar un Asedio Impío en el mapa.|Zwiększona szansa na pojawienie się Unholy Siege na mapie.
etherUSBig10|Hazards are removed from Unholy Siege but monsters gain 2 additional affixes and increased life.||Perigos são removidos do Cerco Profano, mas os monstros ganham 2 afixos adicionais e vida aumentada.|В способности «Нечестивая осада» убраны все опасности, но монстры получают 2 дополнительных свойства и увеличенное количество здоровья.|移除邪惡圍城中的環境危害，但怪物獲得 2 個額外詞條且生命值增加。|「Unholy Siege」からハザード（危険ギミック）が排除されるが、モンスターが追加で2つの特性（Affix）を獲得し、ライフが増加する。|불경한 공성전에서 위험 요소가 제거되지만, 몬스터가 추가 접사 2개와 증가된 생명력을 얻습니다.|Gefahrenquellen werden aus der „Unholy Siege“ entfernt, aber die Monster erhalten 2 zusätzliche Affixe und mehr Leben.|Les dangers sont supprimés du Siège Impie, mais les monstres gagnent 2 affixes supplémentaires et voient leurs points de vie augmenter.|Los Peligros se eliminan del Asedio Impío, pero los monstruos obtienen 2 afijos adicionales y más vida.|Z Unholy Siege usunięto zagrożenia środowiskowe, ale potwory zyskują 2 dodatkowe cechy (afiksy) i zwiększoną liczbę punktów życia.
etherUSBig11|Increased chance to spawn an Unholy Siege in the map.||Maior chance de um Cerco Profano surgir no mapa. |Повышена вероятность появления Нечестивой Осады на карте.|增加在地圖中生成邪惡圍城的機率。|マップ内で「Unholy Siege」が発生する確率が増加。 |맵에서 불경한 공성전이 생성될 확률 증가.|Erhöhte Chance, dass eine „Unholy Siege“ auf der Karte erscheint. |Probabilité accrue de faire apparaître un Siège Impie sur la carte. |Mayor probabilidad de generar un Asedio Impío en el mapa.|Zwiększona szansa na pojawienie się Unholy Siege na mapie.
usIndicator_name|Unholy Siege||Cerco Profano |Нечестивая осада |邪惡圍攻|不浄の包囲 |불경한 공성전 |Unheilige Belagerung|Siège impie |Asedio impío|Unholy Siege
|||||||||||
[Cursed Spirit]|||||||||||
etherCSBig01_name|Cursed Swarm||Enxame Amaldiçoado|Проклятый Рой|詛咒蜂群|呪われた群れ|저주받은 무리|Verfluchter Schwarm|Essaim maudit|Enjambre maldito|Przeklęty Rój
etherCSBig02_name|Cursed Lifespan||Vida Mágica Amaldiçoada|Проклятая продолжительность жизни|詛咒壽命|呪われた寿命|저주받은 수명|Verfluchte Lebensdauer|Durée de vie maudite|Longevidad maldita|Przeklęty Czas Życia
etherCSBig03_name|Timecursed Pustule||Pústula Amaldiçoada pelo Tempo|Проклятая гнойница времени|時間詛咒膿包|時間呪われた膿疱|시간의 저주를 받은 고름|Zeitverfluchte Pustel|Pustule maudite par le temps|Pústula maldita por el tiempo|Czasoprzestrzenny Pęcherz
etherCSBig04_name|Ghastly Reward||Recompensa Macabra|Ужасная награда|陰森獎勵|恐ろしい報酬|섬뜩한 보상|Grauenhafte Belohnung|Récompense macabre|Recompensa Espeluznante|Upiorna nagroda
etherCSBig05_name|Cystbuster||Destruidor de Cistos|Кисторазрушитель|囊腫克星|嚢胞破壊者|낭종 파괴자|Zystenbrecher|Éclateur de kystes|Reventador de Quistes|Pogromca cyst
etherCSBig06_name|Call of the Altar||Chamado do Altar|Зов Алтаря|祭壇號召|祭壇の呼び声|제단의 부름|Ruf des Altars|Appel de l'autel|Llamado del Altar|Wezwanie ołtarza
etherCSBig07_name|Borrowed Time||Tempo Emprestado|Заимствованное время|偷生|借り物の時間|빌린 시간|Geliehene Zeit|Sursis|Tiempo Prestado|Pożyczony czas
etherCSBig08_name|Summoner of Spirits||Invocador de Espíritos |Призыватель духов|靈魂召喚師|霊の召喚者 |영혼의 소환사|Beschwörer der Geister |Invocateur d'esprits |Invocador de Espíritus|Przywoływacz duchów
etherCSSmall01_name|Cursed Lands||Terras Amaldiçoadas|Проклятые земли|詛咒之地|呪われた土地|저주받은 땅|Verfluchte Lande|Terres maudites|Tierras malditas|Przeklęte Ziemie
etherCSSmall02_name|Timecursed Entities||Entidades Amaldiçoadas pelo Tempo|Сущности, проклятые временем|時間詛咒實體|時間呪われた存在|시간의 저주를 받은 존재들|Zeitverfluchte Wesen|Entités maudites par le temps|Entidades malditas por el tiempo|Czasoprzestrzenne Istoty
etherCSSmall03_name|Time Depletion||Esgotamento Temporal|Истощение времени|時間消耗|時間枯渇|시간 소모|Zeitverfall|Déclin temporel|Agotamiento temporal|Wyczerpanie Czasu
etherCSSmall04_name|Stacked Magic Find||Acúmulo de Encontrar Itens Mágicos|Увеличенный шанс найти магию|疊加物品稀有度|マジックファインド増加|중첩된 마법 발견 확률|Gestapelte Magiefunde|Bonus magique cumulé|Hallazgo Mágico acumulado|Stackująca Się Szansa na Magiczne Przedmioty
etherCSSmall05_name|Tomb Raider||Saqueadora de Tumbas|Расхитительница гробниц|古墓奇兵|トゥームレイダー|무덤 도굴꾼|Grabräuber|Pilleur de tombes|Saqueador de Tumbas|Tomb Raider
etherCSSmall06_name|Gooey Treasure||Tesouro Pegajoso|Липкое сокровище|黏液寶藏|粘り気のある財宝|끈적한 보물|Klebriger Schatz|Trésor visqueux|Tesoro Pegajoso|Lepki skarb
etherCSSmall07_name|Cursed Presence||Presença Maldita |Проклятое Присутствие|詛咒氣場|呪われた気配 |저주받은 존재|Verfluchte Präsenz |Présence maudite |Presencia Maldita|Przeklęta obecność
etherCSBig01|Chance for an additional monster pack per spawn.||Chance de um grupo de monstros adicional por surgimento|Шанс получить дополнительную группу монстров за каждое появление|每次機率生成額外的怪物群|出現ごとにモンスターパックが追加で出現する確率|소환 시 몬스터 무리 추가 생성 확률|Chance auf ein zusätzliches Monsterpaket pro Spawn|Chance d'obtenir un groupe de monstres supplémentaire par apparition|Probabilidad de un grupo de monstruos extra por aparición|Szansa na dodatkową paczkę potworów przy spawnieniu
etherCSBig02|Increased maximum life time.||Aumento da vida máxima|Увеличенное максимальное время жизни|最大存活時間|最大寿命増加|최대 수명 증가|Erhöhte maximale Lebensdauer|Durée de vie maximale augmentée|Tiempo de vida máximo aumentado|Zwiększony maksymalny czas życia
etherCSBig03|Additional pustule per spawn.||Pústula adicional por surgimento|Дополнительная гнойница за каждое появление|每次產生的膿包|出現ごとに膿疱が追加|소환 시 고름 추가 생성|Zusätzliche Pustel pro Spawn|Pustule supplémentaire par apparition|Pústula adicional por aparición|Dodatkowy pęcherz przy spawnieniu
etherCSBig04|Increased chance to roll for chase items when Cursed Spirit dies.||Maior chance de obter itens de destaque ao derrotar um Espírito Amaldiçoado.|Повышена вероятность выпадения редких предметов при смерти Проклятого Духа.|詛咒之靈死亡時，增加骰出該地圖加成裝備的機率。|「呪われた霊（Cursed Spirit）」が倒された際、目玉となるアイテム（チェイスアイテム）の抽選が発生する確率が上昇しました。|저주받은 영혼 처치 시 희귀 아이템이 등장할 확률 증가.|Erhöhte Chance, beim Tod eines verfluchten Geistes (Cursed Spirit) auf seltene Beutegegenstände („Chase Items“) zu würfeln.|Probabilité accrue d'obtenir des objets rares (« chase items ») à la mort d'un Esprit maudit.|Mayor probabilidad de obtener objetos de persecución al morir el Espíritu Maldito.|Zwiększona szansa na wylosowanie cennych przedmiotów po śmierci Przeklętego Ducha.
etherCSBig05|Experience Globes dropped when popping a pustule.||Globos de Experiência são deixados ao estourar uma pústula.|При выдавливании гнойничка наблюдалось выпадение шариков.|擠破膿疱時掉落經驗球。|膿疱（pustule）を破裂させた際に、経験値オーブがドロップするようになりました。|경험치 구슬을 터뜨리면 경험치 구슬 드롭.|Erfahrungskugeln werden fallen gelassen, wenn eine Pustel zum Platzen gebracht wird.|Des orbes d'expérience sont lâchés lors de l'éclatement d'une pustule.|Se obtienen Globos de Experiencia al reventar una pústula.|Kule doświadczenia wypadające po pęknięciu krosty.
etherCSBig06|Increased Cursed Spirit discovery radius.||Raio de detecção do Espírito Amaldiçoado aumentado.|Увеличен радиус обнаружения проклятых духов.|增加詛咒之靈的發現半徑。|「呪われた霊」の発見範囲が拡大しました。|저주받은 영혼 발견 반경 증가.|Vergrößerter Entdeckungsradius für verfluchte Geister.|Rayon de détection des Esprits maudits accru.|Mayor radio de descubrimiento de Espíritus Malditos.|Zwiększony zasięg wykrywania Przeklętego Ducha.
etherCSBig07|Increased Cursed Spirit duration when popping a pustule. Pustules no longer cleanse the corrupted ground and monsters gain an additional affix.||Duração do Espírito Amaldiçoado aumentada ao estourar uma pústula. Pústulas não limpam mais o solo corrompido, e os monstros ganham um afixo adicional.|Увеличена длительность действия эффекта «Проклятый дух» при выдавливании гнойничка. Гнойнички больше не очищают зараженную землю, а монстры получают дополнительный эффект.|擠破膿疱時延長詛咒之靈的持續時間。膿疱不再淨化腐化地面，且怪物獲得 1 個額外詞条。|膿疱を破裂させた際の「呪われた霊」の持続時間が延長されました。膿疱を破裂させても汚染された地面は浄化されなくなり、代わりにモンスターが追加の特性（affix）を獲得するようになりました。|농포를 터뜨릴 때 저주받은 영혼의 지속 시간이 증가. 농포가 더 이상 타락한 지면을 정화하지 않으며, 몬스터가 추가 접사를 얻습니다.|Verlängerte Wirkungsdauer des verfluchten Geistes beim Platzen einer Pustel. Pusteln reinigen nicht mehr den korrumpierten Boden, und Monster erhalten ein zusätzliches Affix.|Durée de vie des Esprits maudits prolongée lors de l'éclatement d'une pustule. Les pustules ne purifient plus le sol corrompu et les monstres gagnent un affixe supplémentaire.|Mayor duración del Espíritu Maldito al reventar una pústula. Las pústulas ya no purifican el suelo corrupto y los monstruos obtienen un afijo adicional.|Wydłużony czas trwania Przeklętego Ducha po pęknięciu krosty. Krosty nie oczyszczają już skażonego terenu, a potwory zyskują dodatkową cechę.
etherCSBig08|Increased chance to spawn Cursed Spirit in the map.||Maior chance de surgimento de um Espírito Amaldiçoado no mapa. |Повышена вероятность появления Проклятого Духа на карте.|增加在地圖中生成詛咒之靈的機率。|マップ内で「呪われた霊」が出現する確率が上昇しました。 |맵에서 저주받은 영혼이 생성될 확률 증가.|Erhöhte Wahrscheinlichkeit, dass ein verfluchter Geist auf der Karte erscheint. |Probabilité accrue d'apparition d'Esprits maudits dans la carte. |Mayor probabilidad de generar un Espíritu Maldito en el mapa.|Zwiększona szansa na pojawienie się Przeklętego Ducha na mapie.
etherCSSmall01|Increased chance to spawn Cursed Spirit in the map.||Aumento da chance de surgir um Espírito Amaldiçoado no mapa|Увеличенный шанс появления Проклятого Духа на карте|地圖中詛咒之靈生成機率|マップ内で呪われた精霊が出現する確率増加|지도에서 저주받은 영혼 생성 확률 증가|Erhöhte Chance, einen Verfluchten Geist auf der Karte zu beschwören|Chance accrue d'apparition d'un Esprit maudit sur la carte|Mayor probabilidad de aparición del Espíritu maldito en el mapa|Zwiększona szansa na spawn Cursed Spirit na mapie
etherCSSmall02|Increased life time replenished per monster kill.||Aumento da vida útil recuperada por morte de monstro|Увеличенное время жизни, восстанавливаемое за каждое убийство монстра|每次擊殺怪物詛咒之靈回復的生命|モンスターを倒すごとに回復する寿命増加|몬스터 처치 시 수명 회복량 증가|Erhöhte Lebenswiederherstellung pro getötetem Monster|Durée de vie restaurée augmentée par monstre tué|Tiempo de vida recuperado por cada muerte|Zwiększone odnawianie czasu życia za każde zabicie potwora
etherCSSmall03|Decreased wait time between spawns.||Redução do tempo de espera entre surgimentos|Уменьшенное время ожидания между появлениями|生成間格的等待時間減少|出現間隔の短縮|소환 간격 감소|Verkürzte Wartezeit zwischen Spawns|Temps d'attente réduit entre les apparitions|Tiempo de espera reducido entre apariciones|Zmniejszony czas oczekiwania między spawnami
etherCSSmall04|Increased Magic Find from wave clears.||Aumento do Encontrar Itens Mágicos ao eliminar ondas|Увеличенный шанс найти магию при зачистке волн|波次清除時物品稀有度提高|ウェーブクリア時のマジックファインド増加|웨이브 클리어 시 마법 발견 확률 증가|Erhöhte Magiefunde durch Wellenbesiegung|Bonus magique lors de la suppression des vagues|Hallazgo Mágico aumentado al limpiar oleadas|Zwiększona Szansa na Magiczne Przedmioty za wyczyszczenie fali
etherCSSmall05|Increased chance to roll for chase items when Cursed Spirit dies.||Chance aumentada de obter itens de perseguição ao derrotar o Espírito Amaldiçoado.|Повышена вероятность выпадения редких предметов при смерти Проклятого Духа.|詛咒之靈死亡時，增加骰出該地圖加成裝備的機率。|呪われた精霊が死亡した際に、追跡アイテムを入手できる確率が上昇する。|저주받은 영혼 처치 시 희귀 아이템이 등장할 확률 증가.|Erhöhte Chance auf Jagdgegenstände beim Tod des Verfluchten Geistes.|Probabilité accrue d'obtenir des objets rares (« chase items ») à la mort de l'Esprit maudit.|Mayor probabilidad de obtener objetos de persecución al morir el Espíritu Maldito.|Zwiększona szansa na znalezienie przedmiotów do pościgu, gdy Duch Przeklęty zginie.
etherCSSmall06|Magic Find added to Cursed Spirit per popped pustule.||Bônus de Magic Find adicionado ao Espírito Amaldiçoado para cada pústula estourada.|Навык «Поиск магии» добавляется к показателю «Проклятый дух» за каждую лопнувшую гнойничку.|每擠破一個膿疱，增加詛咒之靈的物品掉落品質。|膿疱が破裂するごとに、呪われた精霊にマジックファインドが加算される。|농포를 터뜨릴 때마다 저주받은 영혼의 매직 아이템 발견 확률 증가.|Magiefund des Verfluchten Geistes pro geplatzter Pustel erhöht.|Bonus de découverte d'objets magiques ajouté à l'Esprit maudit pour chaque pustule éclatée.|Se añade Hallazgo Mágico al Espíritu Maldito por cada pústula explotada.|Znalezienie Magii dodane do Ducha Przeklętego za każdym razem, gdy zostanie usunięty ropień.
etherCSSmall07|Increased Cursed Spirit discovery radius.||Raio de detecção do Espírito Amaldiçoado aumentado. |Увеличен радиус обнаружения проклятых духов.|增加詛咒之靈的發現半徑。|呪われた精霊の発見範囲が拡大する。 |저주받은 영혼 발견 반경 증가.|Erhöhter Entdeckungsradius des Verfluchten Geistes. |Rayon de détection de l'Esprit maudit augmenté. |Mayor radio de descubrimiento de Espíritus Malditos.|Zwiększony promień odkrycia Ducha Przeklętego.
csIndicator_name|Cursed Spirit||Espírito Amaldiçoado |Проклятый Дух |詛咒之靈|呪われた精霊 |저주받은 영혼 |Verfluchter Geist|Esprit maudit |Espíritu maldito|Cursed Spirit
|||||||||||
[Incarnation Nodes]|||||||||||
inc_desc_woodcutter|You can destroy trees with melee attacks gaining stacks of branches throwing them towards monsters on hit||Você pode destruir árvores com ataques corpo a corpo, acumulando galhos e arremessando-os contra os monstros ao atingi-los.|Вы можете уничтожать деревья рукопашными атаками, получая стопки веток и бросая их в монстров при попадании.|您可以用近戰攻擊摧毀樹木，獲得樹枝層數，在命中時向怪物投擲樹枝|近接攻撃で木を破壊し、枝のスタックを獲得して、命中時にモンスターに向かって投げつけることができます。|근접 공격으로 나무를 파괴하고 나뭇가지를 쌓아 몬스터에게 던질 수 있습니다.|Du kannst Bäume mit Nahkampfangriffen zerstören und dabei Stapel von Ästen sammeln, die du bei einem Treffer auf Monster werfen kannst.|Vous pouvez détruire les arbres au corps à corps et ramasser des branches à lancer sur les monstres lorsqu'ils vous touchent.|Puedes destruir árboles con ataques cuerpo a cuerpo para acumular ramas y lanzarlas al golpear|Możesz niszczyć drzewa atakami melee, zyskując stacki gałęzi i rzucając nimi w potwory przy trafieniu
inc_desc_vampirism|Life Steal is now instant but you cannot replenish life from any other sources||O Roubo de Vida agora é instantâneo, mas você não pode recuperar vida de outras fontes.|Кража жизни теперь мгновенна, но вы не можете восполнять здоровье из других источников.|生命偷取現在回復即時，但您無法從其他來源回復生命|ライフスティールは即時発動しますが、他のソースからライフを回復することはできません。|생명력 흡수가 즉시 발동되지만, 다른 방법으로는 생명력을 회복할 수 없습니다.|Lebensraub erfolgt nun sofort, aber du kannst deine Lebenspunkte nicht aus anderen Quellen wiederherstellen.|Le vol de vie est désormais instantané, mais vous ne pouvez plus récupérer de santé par d'autres moyens.|El Robo de Vida es instantáneo, pero no puedes recuperar vida de ninguna otra fuente|Kradzież Życia jest teraz natychmiastowa, ale nie możesz odnawiać życia z żadnych innych źródeł
inc_desc_stampede|Deal damage when phasing through monsters||Causa dano ao atravessar monstros.|Наносите урон, проходя сквозь монстров.|相位移動穿透怪物時造成傷害|モンスターをすり抜ける際にダメージを與えます。|몬스터를 통과할 때 데미지를 줍니다.|Verursache Schaden, wenn du durch Monster hindurchgehst.|Infligez des dégâts en traversant les monstres.|Infliges daño al atravesar monstruos|Zadajesz obrażenia przechodząc fazą przez potwory
inc_desc_retaliatory_evasion|Throw both of your weapons towards the attacker when evading damage||Arremessa ambas as armas contra o atacante ao se esquivar de dano.|Бросайте оба своих оружия в атакующего, уклоняясь от урона.|閃避傷害時向攻擊者投擲兩把武器|ダメージを回避する際に、両方の武器を攻撃者に向かって投げつけます。|데미지를 회피할 때 양손의 무기를 공격자에게 던집니다.|Wirf beim Ausweichen vor Schaden beide Waffen in Richtung des Angreifers.|Lorsque vous esquivez des dégâts, lancez vos deux armes vers l'attaquant.|Lanza ambas armas hacia el atacante al esquivar daño|Rzucasz obiema broniami w atakującego przy uniknięciu obrażeń
inc_desc_vikings_last_stand|When below 40% Maximum Life deal Increased Damage but also take Increased Damage from all sources||Quando sua vida máxima estiver abaixo de 40%, causa dano aumentado, mas também recebe dano aumentado de todas as fontes.|При уровне здоровья ниже 40% наносите увеличенный урон, но также получаете увеличенный урон от всех источников.|當生命值低於40%時，造成的傷害增加，但同時也會受到所有來源的傷害增加。|最大ライフが40%未満の場合、與えるダメージが増加しますが、すべてのソースからのダメージも増加します。|생명력 40% 이하에서 공격력이 증가하지만, 받는 데미지도 증가합니다.|Unter 40 % maximalem Leben verursacht man erhöhten Schaden, erleidet aber auch erhöhten Schaden aus allen Quellen.|En dessous de 40 % de votre santé maximale, vous infligez plus de dégâts, mais vous en subissez également davantage.|Con menos del 40% de Vida, infliges más daño pero también recibes más daño de toda fuente|Gdy poniżej 40% Maksymalnego Życia zadajesz Zwiększone Obrażenia, ale również otrzymujesz Zwiększone Obrażenia ze wszystkich źródeł
inc_desc_divine_power|When Below 40% Maximum Life take Less Damage from all sources but also deal Less Damage||Quando sua vida máxima estiver abaixo de 40%, recebe menos dano de todas as fontes, mas também causa menos dano.|При уровне здоровья ниже 40% получаете меньше урона от всех источников, но также наносите меньше урона.|當生命值低於40%時，受到的所有傷害都會降低，但造成的傷害也會降低。|最大ライフが40%未満の場合、すべてのソースからのダメージが減少しますが、與えるダメージも減少します。|생명력 40% 이하에서 받는 데미지가 감소하지만, 공격력도 감소합니다.|Bei weniger als 40 % maximalem Leben erleidet man weniger Schaden aus allen Quellen, verursacht aber auch weniger Schaden.|En dessous de 40 % de votre santé maximale, vous subissez moins de dégâts, mais vous en infligez également moins.|Con menos del 40% de Vida, recibes menos daño pero también infliges menos daño|Gdy poniżej 40% Maksymalnego Życia otrzymujesz Mniejsze Obrażenia ze wszystkich źródeł, ale zadajesz Mniejsze Obrażenia
inc_desc_risky_hunting|When at full Life gain increased total Attack Speed and Damage Dealt but also decreased Damage Reduction and All Resistances||Quando estiver com a vida cheia, ganha velocidade de ataque total e dano causado aumentados, mas também tem redução de dano e todas as resistências reduzidas.|При полном здоровье получаете увеличенную общую скорость атаки и наносимый урон, но также уменьшенное снижение урона и все сопротивления.|生命值全滿時，攻擊速度和總傷害輸出都會提高，但傷害減免和所有抗性都會降低。|ライフが満タンの場合、総攻撃速度と総ダメージが増加しますが、ダメージ軽減とすべての耐性が減少します。|생명력이 최대일 때 총 공격 속도와 공격력이 증가하지만, 데미지 감소율과 모든 저항력이 감소합니다.|Bei vollem Leben werden Angriffsgeschwindigkeit und Schaden erhöht, gleichzeitig aber Schadensreduktion und alle Resistenzen verringert.|À pleine santé, votre vitesse d'attaque et vos dégâts augmentent, mais votre réduction des dégâts et toutes vos résistances diminuent.|Con la Vida al máximo, ganas Velocidad de Ataque y Daño, pero pierdes Reducción de Daño y Resistencias|Gdy przy pełnym Życiu zyskujesz zwiększoną całkowitą Szybkość Ataku i Zadawane Obrażenia, ale również zmniejszone Zmniejszenie Obrażeń i Wszystkie Odporności
inc_desc_hunters_resilience|When below 40% Maximum Life gain increased total Attack Speed, Increased Damage Dealt, Increased Damage Reduction and Increased All Resistances||Quando sua vida máxima estiver abaixo de 40%, ganha velocidade de ataque total aumentada, dano causado aumentado, redução de dano aumentada e todas as resistências aumentadas.|При уровне здоровья ниже 40% получаете увеличенную общую скорость атаки, увеличенный наносимый урон, увеличенное снижение урона и увеличенные все сопротивления.|當生命值低於40%時，提升總攻擊速度、造成傷害、傷害減免和所有抗性。|最大ライフが40%未満の場合、総攻撃速度、総ダメージ、ダメージ軽減、すべての耐性が増加します。|생명력 40% 이하에서 총 공격 속도, 공격력, 데미지 감소율, 모든 저항력이 증가합니다.|Bei weniger als 40 % maximalem Leben werden Angriffsgeschwindigkeit, verursachter Schaden, Schadensreduktion und alle Resistenzen erhöht.|En dessous de 40 % de votre santé maximale, votre vitesse d'attaque, vos dégâts infligés, votre réduction des dégâts et toutes vos résistances augmentent.|Con menos del 40% de Vida, ganas Velocidad de Ataque, Daño, Reducción de Daño y Resistencias|Gdy poniżej 40% Maksymalnego Życia zyskujesz zwiększoną całkowitą Szybkość Ataku, Zwiększone Zadawane Obrażenia, Zwiększone Zmniejszenie Obrażeń i Zwiększone Wszystkie Odporności
inc_desc_safe_landing|When landing after jumping unleash an area of effect pulse knocking monsters back and stunning them when colliding with terrain||Ao aterrissar após um salto, libera um pulso de área de efeito que empurra os monstros para trás e os atordoa ao colidir com o terreno.|При приземлении после прыжка выпускайте импульс по области, отбрасывая монстров назад и оглушая их при столкновении с местностью.|跳躍落地時釋放範圍脈衝，擊退怪物並在其與地形碰撞時使其眩暈。|ジャンプ後に着地すると、範囲効果パルスを放ち、モンスターをノックバックさせ、地形に衝突した際にスタンさせます。|점프 후 착지 시 광역 파동을 발사하여 몬스터를 뒤로 밀쳐내고 지형과 충돌 시 기절시킵니다.|Bei der Landung nach einem Sprung wird ein Flächeneffekt ausgelöst, der Monster zurückstößt und sie beim Aufprall auf das Gelände betäubt.|À l'atterrissage après un saut, un effet de zone est déclenché, repoussant les monstres et les étourdissant à l'impact. |Al aterrizar tras un salto, liberas un pulso que repele a los monstruos y los aturde contra el terreno|Przy lądowaniu po skoku wyzwalasz impuls obszarowy, odrzucający potwory i ogłuszający je przy zderzeniu z terenem
inc_desc_evasive_tactics|When Evading call down a barrage of arrows stunning and dealing damage to nearby monsters||Ao se esquivar, invoca uma saraivada de flechas que atordoam e causam dano aos monstros próximos.|При уклонении обрушивайте град стрел, оглушающих и наносящих урон ближайшим монстрам.|閃避時召喚箭雨，擊暈傷害附近的怪物。|回避すると、矢の弾幕を呼び出し、近くのモンスターをスタンさせ、ダメージを與えます。|회피 시 화살 세례를 소환하여 주변 몬스터를 기절시키고 데미지를 줍니다.|Beim Ausweichen wird ein Pfeilhagel herbeigerufen, der nahegelegene Monster betäubt und ihnen Schaden zufügt.|Lors d'une esquive, une pluie de flèches est invoquée, étourdissant et blessant les monstres proches.|Al esquivar, invocas una lluvia de flechas que aturde y daña a los monstruos cercanos|Przy unikaniu przywołujesz salwę strzał ogłuszającą i zadającą obrażenia pobliskim potworom
inc_desc_temporal_echo|Every 6th spell creates a temporal echo that casts the same spell with increased damage||A cada 6 feitiços, cria um eco temporal que conjura o mesmo feitiço com dano aumentado.|Каждое шестой заклинание создает временное эхо, которое повторяет то же самое заклинание, но с увеличенный урон.|每第 6 次施放術法時會產生一個迴響，以更高的傷害再次施放相同的術法。|6回呪文を唱えるごとに「時間の残響」が生成され、同じ呪文がより高いダメージで発動する。 |6번째 주문을 시전할 때마다 시간의 메아리가 생성되어, 증가된 피해량으로 동일한 주문을 시전합니다. |Jeder sechste Zauber erzeugt ein Zeitecho, das denselben Zauber mit erhöhtem Schaden wirkt. |Chaque sixième sort crée un écho temporel qui lance le même sort avec des dégâts accrus. |Cada sexto hechizo crea un eco temporal que lanza el mismo hechizo con daño aumentado. |Co szóste zaklęcie tworzy echo czasowe, które rzuca to samo zaklęcie, zadając zwiększone obrażenia.
inc_desc_wizards_wrath|Gain 50% increased total cast rate but over heat after 10 casts causing decreased cast rate but increased total damage||Ganha 50% de aumento na taxa de conjuração total, mas superaquece após o uso. 10 conjurações que reduzem a taxa de conjuração, mas aumentam o dano total.|Увеличивает общую скорость применения заклинаний на 50%, но вызывает перегрев после 10 применений, что приводит к снижению скорости применения, но увеличению общего урона.|總施法速度提升50%，但施法10次後過熱，導致施法速度降低，但總傷害提升。|獲得総詠唱速度が50%増加しますが、10回詠唱後にオーバーヒート状態となり、詠唱速度が低下しますが、総ダメージが増加します。|총 시전 속도가 50% 증가합니다. 하지만 10회 시전 후 과열되어 시전 속도가 감소하지만 총 데미지 증가|Erhöht die Gesamtzauberrate um 50 %, führt aber nach 10 Zaubern zu Überhitzung, wodurch die Zauberrate sinkt, der Gesamtschaden jedoch steigt.|Augmente la vitesse d'incantation de 50 %, mais après 10 sorts, la capacité surchauffe, réduisant la vitesse d'incantation tout en augmentant les dégâts totaux.|Ganas 50% de Velocidad de Lanzamiento, pero tras 10 hechizos te sobrecalientas: menos velocidad y más daño|Zyskujesz 50% zwiększonej całkowitej szybkości rzucania, ale po 10 rzutach przegrzewasz się, powodując zmniejszoną szybkość rzucania, ale zwiększone całkowite obrażenia
inc_desc_wizardry|Gain a stack of Wizardry when you cast a spell up to 50 stacks||Ganhe um acúmulo de Magia ao conjurar uma magia, até um máximo de 50 acúmulos.|Получает один стак «Волшебства» при применении заклинания (до 50 стаков).|施放法術時獲得一層巫術效果，最多可疊加50層。|呪文を詠唱するたびにウィザードリーのスタックを1つ獲得し、最大50スタックまで蓄積します。|주문을 시전할 때마다 위저드리 중첩을 획득하며 최대 50중첩까지 쌓을 수 있습니다.|Erhalte einen Stapel Zauberei, wenn du einen Zauber wirkst (bis zu 50 Stapel).|Vous gagnez une charge de Sorcellerie lorsque vous lancez un sort (jusqu'à 50 charges).|Ganas una carga de Hechicería al lanzar un hechizo (hasta 50 cargas)|Zyskujesz stack Wizardry przy rzucaniu czaru, maksymalnie 50 stacków
inc_desc_void_blast|Summon projectile chain hits unleash a Void Blast dealing damage around the target||A sequência de projéteis invocados libera uma Explosão do Vazio, causando dano ao redor do alvo.|Цепочка попаданий снарядов призыва вызывает «Взрыв Пустоты», наносящий урон вокруг цели.|召喚的投射物命中後會釋放虛空爆裂，對目標周圍造成傷害。|召喚した投射物が連鎖的にヒットすると、対象の周囲にダメージを與えるヴォイドブラストを放ちます。|소환 투사체 연쇄 공격 시 대상 주변에 데미지를 주는 공허 폭발을 일으킵니다.|Beschwört eine Projektilkette, die einen Leerenstoß auslöst und Schaden um das Ziel herum verursacht|Invoque une chaîne de projectiles qui déclenche une Explosion du Néant, infligeant des dégâts autour de la cible.|Los impactos de proyectiles de invocación desatan una Explosión del Vacío alrededor del objetivo|Trafienia łańcuchowe pocisków przywołań wyzwalają Void Blast zadający obrażenia wokół celu
inc_desc_combusting_carcass|Summons explode at 25% life dealing area of effect fire damage based on their life||As invocações explodem com 25% de vida, causando dano de fogo em área baseado em sua vida.|Призываемые существа взрываются при 25% здоровья, нанося огненный урон по области, зависящий от их здоровья.|召喚物生命值降至25%時爆炸，造成基於自身生命值的範圍火焰傷害。|召喚物はライフが25%になると爆発し、ライフに応じた範囲の炎ダメージを與えます。|소환수는 생명력의 25%에 도달하면 폭발하여 생명력에 비례하는 광역 불 데미지를 입힙니다.|Beschwörungen explodieren bei 25 % ihrer Lebenspunkte und verursachen Flächenschaden durch Feuer, dessen Schaden von ihrer Lebensenergie abhängt.|Les invocations explosent à 25 % de leurs points de vie, infligeant des dégâts de feu de zone proportionnels à leurs points de vie.|Las invocaciones explotan al 25% de Vida, infligiendo daño de fuego en área según su vida|Przywołania eksplodują przy 25% życia, zadając obrażenia obszarowe ogniem na podstawie ich życia
inc_desc_living_carcass|Summons now explode instantly after coming in contact with a monster||As invocações agora explodem instantaneamente após entrarem em contato com um monstro.|Призываемые существа теперь взрываются мгновенно после контакта с монстром.|召喚物現在會在接觸到怪物後立即爆炸。|召喚物はモンスターに接触すると即座に爆発します。|소환수는 이제 몬스터와 접촉하는 즉시 폭발합니다.|Beschwörungen explodieren nun sofort, sobald sie mit einem Monster in Kontakt kommen.|Les invocations explosent désormais instantanément au contact d'un monstre.|Las invocaciones ahora explotan instantáneamente al entrar en contacto con un monstruo|Przywołania teraz eksplodują natychmiast po kontakcie z potworem
inc_desc_paradox_elements|Hitting a monster with an element increases its damage mitigation towards that element but increasing damage dealt with other elements||Atingir um monstro com um elemento aumenta sua mitigação de dano contra esse elemento, mas também aumenta o dano causado contra outros elementos.|Попадание по монстру элементом увеличивает его защиту от урона этим элементом, но увеличивает урон, наносимый другими элементами.|使用元素攻擊怪物會提高對該元素的傷害減免，但同時也會增加其對其他元素造成的傷害。|モンスターに特定の属性の攻撃を当てると、その属性に対するダメージ軽減率が上昇しますが、他の属性のダメージも増加します。|몬스터에게 특정 속성 공격을 가하면 해당 속성에 대한 데미지 감소율이 증가하지만 다른 속성에 대한 데미지 증가|Wenn man ein Monster mit einem Element trifft, erhöht sich zwar seine Schadensreduktion gegenüber diesem Element, aber gleichzeitig erhöht sich der Schaden, den es mit anderen Elementen verursacht.|Toucher un monstre affecté par un effet élémentaire augmente sa réduction de dégâts contre cet élément, mais augmente également les dégâts qu'il inflige contre les autres éléments.|Golpear con un elemento aumenta la mitigación del monstruo a ese elemento, pero aumenta el daño de los demás|Trafienie potwora elementem zwiększa jego zmniejszenie obrażeń wobec tego elementu, ale zwiększa obrażenia zadawane innymi elementami
inc_desc_surging_storm|Gain a stack of Surging Storm every second gaining increased Damage but also increased Damage taken from all sources capping at 10 stacks. The buff is removed when you get hit.||Ganhe um acúmulo de Tempestade Crescente a cada segundo, aumentando o dano recebido, mas também o dano recebido de todas as fontes, com um limite de 10 acúmulos. O efeito é removido ao ser atingido.|Получает один стак «Вздымающейся бури» каждую секунду, увеличивая урон, а также урон, получаемый от всех источников, максимум 10 стаков. Бафф снимается при попадании.|每秒獲得一層「風暴湧動」效果，提升造成的傷害，但同時也提升受到的所有傷害，最多疊加10層。  受到攻擊時，此增益效果移除。  |毎秒サージングストームのスタックを1つ獲得し、ダメージが増加しますが、あらゆるソースからの被ダメージも増加します（最大10スタック）。このバフは攻撃を受けると解除されます。|매초 격류 폭풍 중첩을 획득하여 공격력이 증가하지만 모든 공격으로부터 받는 데미지도 증가합니다. 최대 10중첩까지 쌓을 수 있으며, 공격을 받으면 버프가 사라집니다.|Du erhältst jede Sekunde einen Stapel von „Wütender Sturm“, der deinen Schaden erhöht, aber auch deinen erlittenen Schaden aus allen Quellen erhöht (maximal 10 Stapel). Der Buff verschwindet, sobald du getroffen wirst.|Vous gagnez une charge de « Tempête » chaque seconde, ce qui augmente vos dégâts mais aussi les dégâts subis de toutes sources (maximum 10 charges). Le bonus disparaît dès que vous êtes touché.|Ganas una carga de Tormenta cada segundo: más Daño infligido y recibido (máx. 10). Se pierde al ser golpeado.|Co sekundę zyskujesz stack Surging Storm, zwiększający Obrażenia, ale również zwiększający otrzymywane Obrażenia ze wszystkich źródeł, maksymalnie 10 stacków. Buff znika przy trafieniu
inc_desc_death_over_time|Shatters the immunity of monsters that are immune to damage over time effects. Non immune monsters take increased damage by half the value||Quebra a imunidade de monstros imunes a efeitos de dano contínuo. Monstros não imunes recebem dano aumentado pela metade do valor.|Разрушает иммунитет монстров, невосприимчивых к эффектам периодического урона. Монстры без иммунитета получают увеличенный урон вдвое.|打破對持續傷害效果免疫的怪物的抗性。非免疫怪物增加一半受到的傷害。|継続ダメージ効果に耐性を持つモンスターの耐性を破壊します。耐性を持たないモンスターは、受けるダメージが半減します。|지속 데미지 효과에 면역인 몬스터의 면역을 파괴합니다. 면역이 없는 몬스터는 받는 데미지가 절반으로 증가합니다.|Durchbricht die Immunität von Monstern, die gegen Schaden-über-Zeit-Effekte immun sind. Nicht immunen Monstern wird der Schaden um die Hälfte erhöht.|Brise l'immunité des monstres insensibles aux dégâts sur la durée. Les dégâts infligés aux monstres non immunisés sont augmentés de moitié.|Rompe la inmunidad al daño en el tiempo. Los monstruos no inmunes reciben un 50% más de daño|Rozbija odporność potworów na efekty obrażeń w czasie. Nieodporne potwory otrzymują zwiększone obrażenia o połowę wartości
inc_desc_master_wands|You can now dual wield wands||Agora você pode usar duas varinhas.|Теперь вы можете использовать два жезла одновременно.|你現在可以同時使用兩根魔杖了。|杖を二刀流できるようになりました。|이제 완드를 양손에 들 수 있습니다.|Du kannst jetzt zwei Zauberstäbe gleichzeitig führen.|Vous pouvez désormais manier deux baguettes simultanément.|Ahora puedes usar dos varitas simultáneamente|Możesz teraz dwu-władać różdżkami
inc_desc_manafury|Spell Mana Leech is now instant but you can no longer replenish mana from any other sources||Drene de Mana Mágica agora é instantânea, mas você não pode mais recuperar mana de outras fontes.|Заклинание «Похищение маны» теперь мгновенное, но вы больше не можете пополнять ману из других источников.|法術魔力吸取現在變成即時，但你無法再從任何其他來源回復魔力。|マナリーチの呪文は即時発動するようになりましたが、他の手段でマナを回復することはできなくなりました。|주문 마나 흡수가 즉시 발동되지만, 다른 어떤 수단으로도 마나를 회복할 수 없습니다.|Der Zauber Manaentzug wirkt nun sofort, aber du kannst kein Mana mehr aus anderen Quellen auffüllen.|Le sort Drain de mana est désormais instantané, mais vous ne pouvez plus régénérer votre mana d'autres sources.|El Robo de Maná con hechizos es instantáneo, pero no puedes recuperar maná de ninguna otra fuente|Kradzież Many czarów jest teraz natychmiastowa, ale nie możesz już odnawiać many z żadnych innych źródeł
inc_desc_patienc_power|Your mana replenish now happens every 2 seconds with increased power||Sua recuperação de mana agora ocorre a cada 2 segundos com poder aumentado.|Ваше пополнение маны теперь происходит каждые 2 секунды с увеличенной силой.|你的魔力值現在每 2 秒回復一次，而且效果更強。|マナ回復は2秒ごとに発生し、回復力が向上しました。|마나 회복이 2초마다 강화되어 발동됩니다.|Deine Mana-Regeneration erfolgt nun alle 2 Sekunden mit erhöhter Stärke.|Votre régénération de mana s'effectue désormais toutes les 2 secondes et est plus puissante.|Tu regeneración de maná ocurre cada 2 segundos con potencia aumentada|Twoje odnawianie many dzieje się teraz co 2 sekundy ze zwiększoną mocą
inc_desc_manafunnel|Overflowing mana recover from taking damage now heals you||A recuperação de mana excedente ao receber dano agora cura você.|Переизбыток маны, восполняющий полученный урон, теперь лечит вас.|現在受到傷害時，溢出的魔力值回復可以回復你的生命值。|マナが溢れると、ダメージを受けた際に回復し、體力も回復します。|데미지를 입어 마나가 넘치면 이제 체력이 회복됩니다.|Überschüssiges Mana, das durch erlittenen Schaden wiederhergestellt wird, heilt dich nun.|Le mana excédentaire restauré en subissant des dégâts vous soigne désormais.|El exceso de recuperación de maná al recibir daño ahora te cura|Nadmiarowe odzyskanie many z otrzymanych obrażeń teraz leczy cię
inc_desc_agitation|When taking damage gain a stack of agitation increasing your movement speed for a short duration||Ao receber dano, você ganha um acúmulo de agitação, aumentando sua velocidade de movimento por um curto período.|При получении урона вы получаете стак «Возбуждения», увеличивающий вашу скорость передвижения на короткое время.|受到傷害時獲得一層激昂效果，短時間內提高你的移動速度。|ダメージを受けると、興奮スタックを獲得し、短時間移動速度が上昇します。|데미지를 입을 때마다 흥분 중첩이 생성되어 짧은 시간 동안 이동 속도가 증가합니다.|Wenn du Schaden erleidest und einen Stapel Erregung erhältst, erhöht sich deine Bewegungsgeschwindigkeit für kurze Zeit.|Lorsque vous subissez des dégâts et gagnez une charge d'Excitation, votre vitesse de déplacement est augmentée pendant un court instant.|Al recibir daño ganas una carga de Agitación, aumentando tu velocidad de movimiento brevemente|Przy otrzymaniu obrażeń zyskujesz stack agitation, zwiększający prędkość ruchu na krótki czas
inc_desc_vanguard_of_storm|Damage returned as zaps of lightning when wielding a Shield||O dano é retornado como raios ao usar um escudo. |Урон возвращается в виде разрядов молнии при использовании щита. |使用盾牌時，受到的傷害會以閃電的形式反彈。|盾を装備している場合、受けたダメージは稲妻となって跳ね返されます。 |방패를 들고 있을 때 입은 데미지가 번개 형태로 되돌아갑니다. |Der Schaden kehrte beim Führen eines Schildes in Form von Blitzen zurück.|Les dégâts sont renvoyés sous forme d'éclairs lorsque vous maniez un bouclier. |El daño se devuelve como relámpagos al usar un escudo|Obrażenia zwrócone jako błyskawice przy używaniu Tarczy
inc_desc_hercules_grip|Enables Dual Wielding any combination of one handed and two handed melee weapons. Applicable for Swords, Maces, Axes, Claws and Polearms.||Permite empunhar simultaneamente qualquer combinação de armas corpo a corpo de uma ou duas mãos. Aplicável a espadas, maças e machados.|Позволяет использовать в режиме двойного владения любое сочетание одноручного и двуручного оружия ближнего боя. Подходит для мечей, булав и топоров.|允許雙持單手與雙手近戰武器的任意組合. 適用於劍、錘、斧、爪與長柄武器. |片手近接武器と両手近接武器を自由に組み合わせて二刀流を行うことが可能になる（対象：剣、メイス、斧）。|한손 및 양손 근접 무기를 조합하여 자유롭게 쌍수로 사용 가능. 검, 철퇴, 도끼에 적용|Ermöglicht das gleichzeitige Führen (Dual Wielding) beliebiger Kombinationen aus ein- und zweihändigen Nahkampfwaffen (Schwerter, Streitkolben und Äxte).|Inflige aux monstres environnants, dans un large rayon, des dégâts arcaniques équivalents à une partie de vos points de vie maximum.|Permite empuñar cualquier combinación de armas cuerpo a cuerpo de una y dos manos. Aplicable a espadas, mazas y hachas.|Umożliwia walkę dwoma broniami w dowolnej kombinacji jednoręcznej i dwuręcznej broni białej. Dotyczy mieczy, buław i toporów.
inc_desc_wallbanger|Projectiles hitting terrain unleash grenades around the impact point dealing increased damage.||Projéteis que atingem o terreno liberam granadas ao redor do ponto de impacto, causando dano aumentado.|При попадании снарядов в рельеф местности вокруг точки удара высвобождаются гранаты, наносящие повышенный урон.|投射物擊中地形時，會在撞擊點周圍釋放手榴彈，造成更多傷害。|地形に命中した投射物は、着弾点周辺に手榴弾を放ち、増加したダメージを与える。|지형에 명중한 투사체가 충돌 지점 주변에 수류탄을 발사하여 증가된 데미지를 준다.|Projektile, die auf den Boden treffen, setzen Granaten um den Einschlagspunkt herum frei, die erhöhten Schaden verursachen.|Les projectiles qui touchent le terrain libèrent des grenades autour du point d'impact, infligeant des dégâts accrus.|Los proyectiles que impactan contra el terreno liberan granadas alrededor del punto de impacto, que infligen daño aumentado.|Pociski uderzające w teren uwalniają granaty wokół punktu uderzenia, zadając zwiększone obrażenia.
inc_desc_malicious_veins|Emmit a portion of your maximum life as arcane damage to monsters around you on a large radius||Libera uma parte da sua vida máxima como dano arcano contra monstros ao seu redor, em um raio amplo.|Наносите часть своего максимального запаса здоровья в виде магического урона монстрам вокруг вас в большом радиусе.|對大範圍內的周圍怪物造成相當於你最大生命值一定比例的奧術傷害。|自身の最大ライフの一定割合を「アーケインダメージ」として放出し、周囲の広範囲にいるモンスターにダメージを与える。|최대 생명력의 일부를 주변 넓은 범위의 몬스터에게 아케인 데미지로 방출|Füge Monstern in einem großen Umkreis um dich herum Arkanschaden in Höhe eines Teils deines maximalen Lebens zu.|Inflige aux monstres environnants, dans un large rayon, des dégâts arcaniques équivalents à une partie de vos points de vie maximum.|Emite una parte de tu vida máxima como daño Arcano a los monstruos cercanos en um amplio radio.|Emituje część twojego maksymalnego życia jako obrażenia magiczne potworom wokół ciebie w dużym promieniu.
inc_desc_growing_momentum|Gain stacks of Growing Momentum on monster kill increasing your skill area of effect radius.||"Acumula cargas de ""Ímpeto Crescente"" ao matar monstros, aumentando o raio da área de efeito de suas habilidades."|Накапливайте заряды «Растущего импульса» при убийстве монстра, увеличивая радиус действия вашего умения.|擊殺怪物時獲得積聚動能層數，增加你的技能範圍半徑。|モンスターを倒すと「Growing Momentum（高まる勢い）」のスタックを獲得し、スキルの効果範囲（半径）が拡大する。|몬스터 처치 시 성장하는 기세 중첩을 얻으며, 스킬의 광역 반경 증가.|Erhalte beim Töten von Monstern Stapel von „Wachsender Schwung“ (Growing Momentum), die den Wirkungsradius deiner Fähigkeiten vergrößern.|Gagnez des cumuls de « Momentum croissant » en tuant des monstres ; chaque cumul augmente le rayon de la zone d'effet de vos compétences.|Obtienes acumulaciones de Impulso Creciente al matar monstruos, lo que aumenta el radio de área de efecto de tus habilidades.|Zyskujesz ładunki Rosnącego Pędu przy zabijaniu potworów, zwiększając promień działania twojej umiejętności.
inc_desc_cull_the_weak|Bleeding monsters are executed below a certain amount of life. Does not work against bosses.||Monstros sangrando são executados quando sua vida cai abaixo de um certo limite. Não funciona contra chefes.|Монстры, у которых осталось меньше здоровья, погибают от кровотечения. Не действует на боссов.|處決生命值低於一定數值的流血狀態怪物。對頭目無效。|出血状態のモンスターのライフが一定値を下回ると、即座に撃破（トドメ）する（ボスには無効）。|출혈 중인 몬스터의 생명력이 일정 수치 이하로 내려가면 처형. 보스는 미적용.|Blutende Monster werden hingerichtet, sobald ihr Leben unter einen bestimmten Wert fällt. Funktioniert nicht bei Bossen.|Les monstres subissant des saignements sont achevés lorsqu'ils passent sous un certain seuil de points de vie. Ne fonctionne pas contre les boss.|Los monstruos que Sangran son ejecutados al quedar por debajo de cierta cantidad de vida. No funciona contra jefes.|Krwawiące potwory są zabijane poniżej określonego poziomu życia. Nie działa przeciwko bossom.
inc_desc_the_ripper|Requires a dagger||Requer uma adaga. |Требуется кинжал|需要匕首。|ダガーの装備が必要。 |단검이 필요|Erfordert einen Dolch. |Nécessite une dague. |Requiere una daga|Wymaga sztyletu.
|||||||||||
inc_name_cull_the_weak|Cull the Weak||Abater os Fracos|Отсеять слабых|淘汰弱者|弱者の淘汰|약자 처단|Auslese der Schwachen|Élimination des faibles|Rematar a los Débiles|Eliminacja słabych
inc_name_growing_momentum|Growing Momentum||Ímpeto Crescente|Набирающий обороты импульс|積聚動能|高まる勢い|성장하는 기세|Wachsende Dynamik|Élan croissant|Impulso Creciente|Narastający impet
inc_name_the_ripper|The Ripper||O Estripador|Потрошитель|開膛手|ザ・リッパー|리퍼|Der Schlitzer|L'Éventreur|El Desgarrador|Rozpruwacz
inc_name_enhanced_damage_dagger|Dagger Enhanced Damage||Dano Aprimorado de Adaga|Усиление урона от кинжала|匕首增加傷害|ダガーのダメージ強化|단검 강화 데미지|Erhöhter Dolchschaden|Dégâts accrus des dagues|Daño Mejorado con Dagas|Zwiększone obrażenia sztyletu
inc_name_physical_damage_dagger|Dagger Physical Damage||Dano Físico de Adaga|Физический урон от кинжала|匕首物理傷害|ダガーの物理ダメージ|단검 물리 데미지|Physischer Dolchschaden|Dégâts physiques des dagues|Daño Físico con Dagas|Obrażenia fizyczne sztyletu
inc_name_melee_projectile_damage|Melee Projectile Damage||Dano de Projétil Corpo a Corpo|Урон от снарядов ближнего боя|近戰投射物傷害|近接投射物ダメージ|근접 투사체 데미지|Schaden durch Nahkampfprojektile|Dégâts des projectiles de mêlée|Daño de Proyectiles Cuerpo a Cuerpo|Obrażenia pocisków w walce wręcz
inc_name_crushing_reach|Crushing Reach||Alcance Esmagador|Сокрушительный удар|毀滅攻擊距離|粉砕のリーチ|크러싱의 사거리|Zerschmetternde Reichweite|Allonge écrasante|Alcance Demoledor|Miażdżący zasięg
inc_name_melee_projectile_size|Melee Projectile Size||Tamanho de Projétil Corpo a Corpo|Размер снаряда ближнего боя|近戰投射物尺寸|近接投射物のサイズ|근접 투사체 크기|Größe von Nahkampfprojektilen|Taille des projectiles de mêlée|Tamaño de Proyectiles Cuerpo a Cuerpo|Rozmiar pocisków w walce wręcz
inc_name_enlarged_projectile|Enlarged Projectile||Projétil Ampliado|Увеличенный снаряд|巨大投射物|巨大投射物|확대된 투사체|Vergrößertes Projektil|Projectile agrandi|Proyectil Ampliado|Powiększony pocisk
inc_name_unstable_powder|Unstable Powder||Pólvora Instável|Нестабильный порошок|不穩定火藥|不安定な火薬|불안정한 화약|Instabiles Pulver|Poudre instable|Pólvora Inestable|Niestabilny proch
inc_name_barrel_of_tnt|Barrel of TNT||Barril de TNT|Бочка тротила|炸藥桶|TNTの樽|TNT 통|TNT-Fass|Baril de TNT|Barril de TNT|Beczka TNT
inc_name_explosive_expertise|Explosive Expertise||Especialização em Explosivos|Взрывоопасный опыт|爆破專長|爆発の熟練|폭발 전문화|Experte für Sprengstoffe|Expertise en explosifs|Maestría Explosiva|Ekspercka wiedza o materiałach wybuchowych
inc_name_explosion_skills|Explosion Skills||Habilidades de Explosão|Навыки взрыва|爆炸技能|爆発スキル|폭발 스킬|Explosionsfertigkeiten|Compétences explosives|Habilidades de Explosión|Umiejętności wybuchowe
inc_name_skill_stacks|Skill Stacks||Acúmulos de Habilidade|Наборы навыков|技能層數|スキルスタック|스킬 중첩|Fertigkeitsstapel|Cumuls de compétence|Acumulaciones de Habilidad|Ładunki umiejętności
inc_name_malicious_veins|Malicious Veins||Veias Maliciosas|Злобные вены|惡之脈動|悪意の脈動|악의의 혈맥|Bösartige Adern|Veines malveillantes|Venas Maliciosas|Złośliwe żyły
inc_name_slow_life|Slow Life||Lentidão de Vida|Медленная жизнь|緩慢生命|スロー・ライフ|느린 생명력|Verlangsamende Lebenskraft|Vie ralentie|Vida Lenta|Spowolnienie regeneracji życia
inc_name_struck_effectiveness|Struck Effectiveness||Eficácia de Acerto|Поразила эффективность|受擊效果|被撃時の効果|피격 효과|Effektivität bei Treffern|Efficacité des coups reçus|Eficacia al ser Golpeado|Efektywność trafień
inc_name_self_flagellation|Self Flagellation||Autoflagelação|Самобичевание|自我鞭笞|自虐の鞭打ち|자해 고통|Selbstgeißelung|Autoflagellation|Autoflagelación|Samobiczowanie
inc_name_colossus_charge|Colossus Charge||Investida do Colosso|Колоссальный удар|巨像衝鋒|巨人の突撃|거인의 돌진|Koloss-Ladung|Charge colossale|Carga del Coloso|Szarża kolosa
inc_name_vitalizing_charge|Vitalizing Charge||Investida Vitalizante|Жизненно важный заряд|活力衝鋒|活力の突撃|활력의 돌진|Vitalisierende Ladung|Charge vitalisante|Carga Vitalizante|Witalizująca szarża
inc_name_bounty_hunting|Bounty Hunting||Caça a Recompensas |Охота за головами|賞金獵人|賞金稼ぎ |현상금 사냥|Kopfgeldjagd |Chasse aux primes |Caza de Recompensas|Polowanie na głowy
inc_name_defense|Defense||Defesa|Защита|防禦|防御力|방어력|Verteidigung|Défense|Defensa|Obrona
inc_name_armor|Armor||Armadura|Броня|護甲|アーマー|방어구|Rüstung|Armure|Armadura|Pancerz
inc_name_mana_p|Increased Mana||Mana Aumentada|Увеличенная мана|魔力提高|マナ増加|마나 증가|Erhöhtes Mana|Mana accru|Maná aumentado|Zwiększona Mana
inc_name_mana|Maximum Mana||Mana Máxima|Максимальная мана|最大魔力|最大マナ|최대 마나|Maximales Mana|Mana maximum|Maná máximo|Maksymalna Mana
inc_name_life|Maximum Life||Vida Máxima|Максимальное здоровье|最大生命|最大ライフ|최대 생명력|Maximales Leben|Vie maximum|Vida máxima|Maksymalne Życie
inc_name_strength|Strength||Força|Сила|力量|筋力|힘|Stärke|Force|Fuerza|Siła
inc_name_strength_physical_damage|Strength & Physical Damage||Força e Dano Físico|Сила и физический урон|力量與物理傷害|筋力&物理ダメージ|힘 및 물리 공격력|Stärke & Physischer Schaden|Force et dégâts physiques|Fuerza y daño físico|Siła & Obrażenia Fizyczne
inc_name_dexterity|Dexterity||Destreza|Ловкость|敏捷|敏捷性|민첩성|Geschicklichkeit|Dextérité|Destreza|Zręczność
inc_name_energy|Energy||Energia|Энергия|能量|エナジー|에너지|Energie|Énergie|Energía|Energia
inc_name_intelligence|Intelligence||Inteligência|Интеллект|智力|知力|지능|Intelligenz|Intelligence|Inteligencia|Inteligencja
inc_name_vitality|Vitality||Vitalidade|Жизненная сила|體力|生命力|활력|Vitalität|Vitalité|Vitalidad|Witalność
inc_name_bulk_dexterity|Bulk Dexterity||Destreza em Massa|Общая ловкость|敏捷體型|バルク敏捷|민첩성 증가|Robuste Geschicklichkeit|Dextérité de masse|Destreza masiva|Masywna Zręczność
inc_name_amplified_dexterity|Amplified Dexterity||Destreza Amplificada|Усиленная ловкость|强化敏捷|増幅された敏捷性|민첩성 증폭|Verstärkte Geschicklichkeit|Dextérité amplifiée|Destreza amplificada|Wzmocniona Zręczność
inc_name_physical_damage|Physical Damage||Dano Físico|Физический урон|物理傷害|物理ダメージ|물리 공격력|Physischer Schaden|Dégâts physiques|Daño físico|Obrażenia Fizyczne
inc_name_life_physical_damage|Life & Physical Damage||Vida e Dano Físico|Жизненный и физический урон|生命與物理傷害|ライフ&物理ダメージ|생명력 및 물리 공격력|Leben & Physischer Schaden|Dégâts physiques et de vie|Vida y daño físico|Życie & Obrażenia Fizyczne
inc_name_enhanced_damage|Enhanced Damage||Dano Aprimorado|Усиленный урон|增強傷害|強化ダメージ|강화된 공격력|Erhöhter Schaden|Dégâts améliorés|Daño mejorado|Zwiększone Obrażenia
inc_name_enhanced_damage_ranged|Ranged Enhanced Damage||Dano Aprimorado à Distância|Усиленный урон от дальнего боя|遠程增強傷害|遠距離強化ダメージ|원거리 강화 공격력|Erhöhter Fernkampfschaden|Dégâts à distance améliorés|Daño a distancia mejorado|Zwiększone Obrażenia Dystansowe
inc_name_carving_sharpness|Carving Sharpness||Afiamento de Talha|Острота при резьбе|雕刻鋒利|彫刻の鋭さ|날카로운 조각|Schnittschärfe|Tranchant du sculpteur|Filo tallador|Rzeźbiąca Ostrość
inc_name_blunt_trauma|Blunt Trauma||Trauma Contundente|Тупая травма|鈍擊創傷|鈍器外傷|둔기 외상|Stumpfe Traumata|Flou|Trauma contundente|Tępy Uraz
inc_name_woodcutter|Wood Cutter||Lenhador|Дровосек|伐木者|ウッドカッター|나무꾼|Holzfäller|Bûcheron|Leñador|Drwal
inc_name_life_steal|Life Steal||Roubo de Vida|Кража жизни|生命偷取|ライフスティール|생명력 흡수|Lebensraub|Vol de vie|Robo de vida|Kradzież Życia
inc_name_mana_steal|Mana Steal||Roubo de Mana|Кража маны|魔力偷取|マナスティール|마나 흡수|Manaraub|Vol de mana|Robo de maná|Kradzież Many
inc_name_vampirism|Vampirism||Vampirismo|Вампиризм|吸血鬼體質|吸血|흡혈|Vampirismus|Vampirisme|Vampirismo|Wampiryzm
inc_name_unholy_blood|Unholy Blood||Sangue Profano|Нечестивая кровь|不潔之血|不浄な血|불경한 피|Unheiliges Blut|Sang impie|Sangre impía|Nieświęta Krew
inc_name_movement_speed|Movement Speed||Velocidade de Movimento|Скорость передвижения|移動速度|移動速度|이동 속도|Bewegungstempo|Vitesse de déplacement|Velocidad de movimiento|Prędkość Ruchu
inc_name_phasing_miitigation|Phasing Mitigation||Mitigação de Faseamento|Снижение фазирования|相位減免|位相緩和|위상 변화 감소|Phasenreduktion|Atténuation de phase|Mitigación de fase|Łagodzenie Fazowania
inc_name_stampede|Stampede||Estampida|Нашествие|奔騰|スタンピード|스탬피드|Ansturm|Charge|Estampida|Szarża
inc_name_quickstep|Quickstep||Passo Rápido|Быстрый шаг|快速步伐|クイックステップ|퀵스텝|Schnellschritt|Pas rapide|Paso rápido|Szybki Krok
inc_name_conv_strength|Conversion Strength||Força de Conversão|Преобразование силы|力量轉換|筋力変換|변환력|Stärkeumwandlung|Conversion de force|Conversión de fuerza|Konwersja Siły
inc_name_attack_speed|Attack Speed||Velocidade de Ataque|Скорость атаки|攻擊速度|攻撃速度|공격 속도|Angriffstempo|Vitesse d'attaque|Velocidad de ataque|Szybkość Ataku
inc_name_rage|Rage||Fúria|Ярость|怒氣|激怒|분노|Wut|Rage|Furia|Wściekłość
inc_name_raging_titan|Raging Titan||Titã Furioso|Яростный Титан|狂怒泰坦|レイジングタイタン|격노하는 거인|Wütender Titan|Titan enragé|Titán furioso|Wściekły Tytan
inc_name_bleeding|Bleeding||Sangramento|Кровотечение|出血|出血|출혈|Blutung|Saignement|Sangrado|Krwawienie
inc_name_rupturing_veins|Rupturing Veins||Veias Rupturadas|Разрыв вен|破裂血管|破裂する血管|파열된 정맥|Geplatzte Adern|Rupture des veines|Venas rotas|Pękające Żyły
inc_name_ailment_damage_two_handed|Two Handed Ailment Damage||Dano de Aflição com Duas Mãos|Урон от негативных эффектов двуручного оружия|雙手武器持續傷害|両手武器による状態異常ダメージ|양손 무기 상태 이상 데미지|Zweihand-Leidensschaden|Dégâts d'affliction à deux mains|Daño de estado a dos manos|Obrażenia Dolegliwości Dwuręcznej
inc_name_carnage_over_time|Carnage Over Time||Carnificina ao Longo do Tempo|Кровопролитие со временем|殺戮持續傷害|継続ダメージ|지속적인 대학살|Gemetzel über Zeit|Carnage sur la durée|Carnicería en el tiempo|Rzeź w Czasie
inc_name_all_resistances|All Resistances||Todas as Resistências |Все сопротивления|全抗性|全耐性|모든 저항력|Alle Resistenzen|Toutes les résistances|Todas las resistencias|Wszystkie Odporności
inc_name_antimagus_warrior|Antimagus Warrior||Guerreiro Antimago|Воин-Антимаг|反法師戰士|アンチマガス・ウォリアー|안티마구스 전사|Antimagus-Krieger|Guerrier anti-mage|Guerrero antimago|Wojownik Antymag
inc_name_battle_toughness|Battle Toughness||Resistência em Combate|Боевая выносливость|戰鬥韌性|戦闘強靭|전투 강인함|Kampfzähigkeit|Résistance au combat|Dureza de batalla|Wytrzymałość Bitewna
inc_name_dual_wielding|Dual Wielding||Empunhadura Dupla|Двойной Владение оружием|雙持|二刀流|이도류|Zweihandkampf|Double maniement|Doble empuñadura|Dwu-władanie
inc_name_blindspot|Blindspot||Ponto Cego|Слепая зона|盲點|ブラインドスポット|사각지대|Blindheitswinkel|Aveuglement ciblé|Punto ciego|Ślepy Punkt
inc_name_gigantus|Gigantus||Gigantus|Гигантус|巨神|ギガンタス|기간투스|Gigantus|Gigantus|Gigantus|Gigantus
inc_name_charge|Charge||Investida|Атака|衝鋒|突撃|돌진|Ansturm|Charge|Carga|Szarża
inc_name_ramming_rampage|Ramming Rampage||Fúria Implacável|Таран|撞擊狂奔|突進ランページ|돌격 광란|Rasender Amoklauf|Fureur implacable|Arremetida desenfrenada|Taranożna Szarża
inc_name_knockback|Knockback||Repulsão|Отбрасывание|擊退|ノックバック|넉백|Rückstoß|Répulsion|Repulsión|Odrzut
inc_name_furious_smash|Furious Smash||Esmagamento Furioso|Яростный удар|狂怒重擊|猛烈な一撃 |격노의 강타|Wütender Schlag|Écrasement furieux|Golpe furioso|Wściekłe Uderzenie
inc_name_area_of_effect|Area of Effect||Área de Efeito|Площадный удар|範圍效果|範囲攻撃|범위 효과 범위|Flächeneffekt|Zone d'effet|Área de efecto|Obszar Efektu
inc_name_area_of_effect_damage|Area of Effect Damage||Dano em Área de Efeito|Урон по области|範圍效果傷害|範囲ダメージ|광역 데미지|Flächeneffektschaden|Zone de Dégâts d'effet|Daño en área de efecto|Obrażenia Obszarowe
inc_name_covering_battlefield|Covering The Battlefield||Cobrindo o Campo de Batalha|Покрытие поля боя|戰場覆蓋|戦場を覆う|전장 전체 커버|Das Schlachtfeld abdecken|Couverture du champ de bataille|Cubriendo el campo de batalla|Pokrywanie Pola Bitwy
inc_name_deadly_blow|Deadly Blow||Golpe Mortal|Смертельный удар|致命一擊|デッドリー・ブロウ|치명적인 강타|Tödlicher Schlag|Frappe mortelle|Golpe mortal|Śmiertelny Cios
inc_name_unholy_deadly_blow|Unholy Deadly Blow||Golpe Mortal Profano|Нечестивый смертельный удар|邪惡致命一擊|邪悪なデッドリー・ブロウ|불경한 치명적인 강타|Unheiliger tödlicher Schlag|Frappe mortelle impie |Golpe mortal impío|Nieświęty Śmiertelny Cios
inc_name_unarmed|Unarmed||Desarmado|Без оружия|赤手空拳|素手|맨손 공격|Unbewaffnet|Sans armes|Desarmado|Bez Broni
inc_name_unarmed_wargod|Unarmed Wargod||Deus da Guerra Desarmado|Безоружный бог войны|空手戰神|素手の戦神|맨손 전투신|Unbewaffneter Kriegsgott|Dieu de la Guerre (sans armes)|Dios de la guerra desarmado|Bezbronny Bóg Wojny
inc_name_far_reaching_carnage|Far Reaching Carnage||Carnificina de Longo Alcance|Далеко идущая бойня|遠距離殺戮|遠距離殺戮|광범위한 학살|Weitreichendes Gemetzel|Carnage à longue portée|Carnicería de largo alcance|Dalekosiężna Rzeź
inc_name_melee_attack_range|Melee Attack Range||Alcance de Ataque Corpo a Corpo|Дальность атаки ближнего боя |近戰攻擊範圍|近接攻撃範囲|근접 공격 사거리|Nahkampfangriffsreichweite|Portée d'attaque au corps à corps|Alcance de ataque cuerpo a cuerpo|Zasięg Ataku Melee
inc_name_ranged_advatance|Range Advantage||Vantagem de Alcance|Дальность атаки ближнего боя|範圍優勢|射程距離の優位性|사거리 우위|Reichweitenvorteil|Avantage de portée|Ventaja de alcance|Zaleta Zasięgu
inc_name_evasion_dual_wield|Dual Wielding Evasion||Evasão com Empunhadura Dupla|Преимущество в дальности|雙持閃避|二刀流回避|양손 무기 회피|Ausweichen beim Zweihandkampf|Évasion double|Evasión con doble empuñadura|Unik przy Dwu-władaniu
inc_name_retaliatory_evasion|Retaliatory Evasion||Evasão Retaliatória|Уклонение при использовании двух оружий|反擊閃避|反撃回避|반격 회피|Vergeltungsausweichen|Évasion ripostante|Evasión retaliatoria|Odpierający Unik
inc_name_axe_damage|Axe Damage||Dano de Machado|Ответное уклонение|斧頭傷害|斧ダメージ|도끼 데미지|Axtschaden|Dégâts de hache|Daño de hacha|Obrażenia Topora
inc_name_accurate_cleaver|Accurate Cleaver||Cutelo Preciso|Урон от топора|精準劈砍|正確な鉈|정확한 식칼|Präziser Spalter|Fendoir précis|Hacha precisa|Precyzyjny Rąbanie
inc_name_swinging_axes|Swinging Axes||Machados Balançantes|Точный тесак|揮舞斧頭|振り回す斧|휘두르는 도끼|Schwingende Äxte|Haches tournoyantes|Hachas oscilantes|Zamachujące Się Topory
inc_name_paid_in_blood|Paid in Blood||Pago com Sangue|Размахивание топорами|以血償還|血の代償|피의 대가|Mit Blut bezahlt|Paiement dans le sang|Pagado con sangre|Płatne Krwią
inc_name_collateral_damage|Collateral Damage||Dano Colateral|Заплачено кровью|附帶傷害|巻き添え被害|부수적 데미지|Kollateralschaden|Dégâts collatéraux|Daño colateral|Uszkodzenia Uboczne
inc_name_fragile_berserker|Fragile Berserker||Berserker Frágil|Сопутствующий ущерб|脆弱狂戰士|脆い狂戦士|연약한 광전사|Zerbrechlicher Berserker|Berserker fragile|Berserker frágil|Kruchego Berserkera
inc_name_two_handed_damage|Two Handed Damage||Dano com Duas Mãos|Хрупкий берсерк|雙手武器傷害|両手武器ダメージ|양손 무기 데미지|Zweihandschaden|Dégâts à deux mains|Daño a dos manos|Obrażenia Dwuręczne
inc_name_hercules_grip|Hercules Grip||Empunhadura de Hércules|Урон от двуручного оружия|大力士握力|ヘラクレスの握力|헤라클레스의 손아귀|Herkulesgriff|Poigne d'Hercule|Agarre de Hércules|Uścisk Herkulesa
inc_name_wargod|Wargod||Deus da Guerra|Хватка Геркулеса|戰神|戦神|전투신|Kriegsgott|Dieu de la Guerre|Dios de la guerra|Bóg Wojny
inc_name_attack_rating|Attack Rating||Classificação de Ataque|Бог войны|攻擊命中率|命中率|공격 등급|Angriffswert|Puissance d'attaque|Índice de ataque|Celność Ataku
inc_name_precise_striking|Precise Striking||Golpe Preciso|Рейтинг атаки|精準打擊|精密打撃|정밀 타격|Präziser Schlag|Frappe précise|Golpe preciso|Precyzyjne Uderzanie
inc_name_strength_to_life|Strength To Life||Força Vital|Точный удар|力量轉生命|筋力を生命力へ|힘을 생명력으로|Stärke zum Leben|Force vitale|Fuerza vital|Siła na Życie
inc_name_vital_power|Vital Power||Poder Vital|Сила для жизни|體力之力|バイタルパワー|활력|Vitale Kraft|Puissance vitale|Poder vital|Moc Witalna
inc_name_life_replenish|Life Replenish||Regeneração de Vida|Жизненная сила|生命回復|ライフ回復|생명력 회복|Lebensregeneration|Régénération de vie|Regeneración de vida|Odnawianie Życia
inc_name_rapid_mending|Rapid Mending||Cura Rápida|Восстановление жизни|快速癒合|迅速な修復|빠른 치유|Schnelle Heilung|Guérison rapide|Remiendo rápido|Szybkie Gojenie
inc_name_first_aid|First Aid||Primeiros Socorros|Быстрое исцеление|急救|応急処置|응급 처치 |Erste Hilfe|Premiers soins|Primeros auxilios|Pierwsza Pomoc
inc_name_crowd_control_diminish|Crowd Control Diminish||Controle de Multidão |Первая помощь|群體控制削弱|CC減少|군중 제어 감소|Massenkontrolle verringern|Contrôle des foules|Reducción de control de masas|Zmniejszenie Kontroli Tłumu
inc_name_no_escape|No Escape||Sem Escapatória|Уменьшение контроля толпы|無處可逃|逃げ場なし|탈출 불가|Kein Entkommen|Sans issue|Sin escape|Nie ma Ucieczki
inc_name_nowhere_to_hide|Nowhere to Hide||Sem Onde se Esconder|Нет выхода|無處藏身|隠れる場所なし|숨을 곳 없음|Nirgends verstecken|Nulle cachette|Sin donde esconderse|Nie ma gdzie się Schować
inc_name_low_life_attack_speed|Low Life Attack Speed||Velocidade de Ataque com Vida Baixa|Негде спрятаться|低生命攻擊速度|低生命力攻撃速度|낮은 생명력 공격 속도|Niedrige Lebensangriffsgeschwindigkeit|Vitesse d'attaque à faible santé|Velocidad de ataque con vida baja|Szybkość Ataku przy Niskim Życiu
inc_name_vikings_last_stand|Viking´s Last Stand||Última Resistência do Viking|Низкая скорость атаки|維京人的最後抵抗|ヴァイキングの最後の抵抗|바이킹의 최후의 저항|Wikinger's letztes Gefecht|Dernier rempart du Viking|Última resistencia vikinga|Ostatni Bastion Wikinga
inc_name_divine_power|Divine Prayer||Oração Divina|Последний бой викинга|神聖祈禱|神聖なる祈り|신성한 기도|Göttliches Gebet|Prière divine|Oración divina|Boska Modlitwa
inc_name_physical_mana|Physical Mana||Mana Física|Божественная молитва|物理魔力|物理マナ|물리 마나|Physisches Mana|Mana physique|Maná físico|Mana Fizyczna
inc_name_power_of_mana|Power of Mana||Poder da Mana|Физическая мана|魔力之力|マナの力|마나의 힘|Mana-Kraft|Puissance de mana|Poder del maná|Moc Many
inc_name_elemental_suppression|Elemental Suppression||Supressão Elemental|Сила маны|元素壓抑|元素抑制|원소 억제|Elementare Unterdrückung|Suppression élémentaire|Supresión elemental|Tłumienie Żywiołów
inc_name_effective_suppression|Effective Suppression||Supressão Eficaz|Стихийное подавление|有效壓抑|効果的な抑制|효과 억제|Effektive Unterdrückung|Suppression efficace|Supresión efectiva|Skuteczne Tłumienie
inc_name_vital_suppression|Vital Suppression||Supressão Vital|Эффективное подавление|生命抑制|生命力抑制|생명력 억제|Vitale Unterdrückung|Suppression vitale|Supresión vital|Witalne Tłumienie
inc_name_damage_mitigated|Damage Mitigated||Dano Mitigado|Жизненное подавление|傷害減免|ダメージ軽減|데미지 감소|Schadensminderung|Dégâts atténués|Daño mitigado|Złagodzone Obrażenia
inc_name_ignoring_pain|Ignoring Pain||Ignorando a Dor|Снижение урона|無視痛苦|痛みの無視|고통 무시|Schmerz ignorieren|Ignorer la douleur|Ignorar dolor|Ignorowanie Bólu
inc_name_critical_hits|Critical Hits||Acertos Críticos|Игнорирование боли|暴擊|クリティカルヒット|치명타|Kritische Treffer|Coups critiques|Golpes críticos|Trafienia Krytyczne
inc_name_critical_damage|Critical Damage||Dano Crítico|Критические удары|暴擊傷害|クリティカルダメージ|치명타 데미지|Kritischer Schaden|Dégâts critiques|Daño crítico|Obrażenia Krytyczne
inc_name_critical_absolution|Critical Absolution||Absolvição Crítica|Критический урон|暴擊赦免|クリティカルアブソリューション|치명타 구원|Kritische Absolution|Absolution critique|Absolución crítica|Absolucja Krytyczna
inc_name_projectile_damage|Projectile Damage||Dano de Projétil|Критическое отпущение грехов|投射物傷害|投射物ダメージ|투사체 데미지|Projektilschaden|Dégâts de projectiles|Daño de proyectil|Obrażenia Pocisków
inc_name_carving_shot|Carving Shot||Tiro de Talhar|Урон от снарядов|雕琢射擊|カービングショット|조각 사격|Scharfschuss|Tir tranchant|Disparo tallador|Rzeźbiący Strzał
inc_name_powershot|Powershot||Tiro Poderoso|Резьба Выстрел|強力射擊|パワショット|파워샷|Kraftschuss|Tir puissant|Disparo potente|Mocny Strzał
inc_name_flask_regeneration|Flask Regeneration||Regeneração de Frasco|Мощный выстрел|藥劑回復|フラスコ再生|물약 재생|Trankregeneration|Régénération de fiole|Regeneración de frascos|Regeneracja Flaszek
inc_name_apothecary|Apothecary||Boticário|Регенерация колбы|藥劑師|アポセカリー|약제사|Apotheker|Apothicaire|Boticario|Aptekarz
inc_name_raging_maniac|Raging Maniac||Maniaco Furioso|Аптекарь|狂怒瘋子|レイジングマニアック|격노하는 광인|Wütender Wahnsinniger|Maniaque furieux|Maníaco enfurecido|Wściekły Maniak
inc_name_close_combat|Close Combat||Combate Corpo a Corpo|Яростный маньяк|近身戰鬥|近接戦闘|근접 전투|Nahkampf Kampf|Corps à corps Combat|Combate cercano|Walka Wręcz
inc_name_burstshot|Burstshot||Rajada de Tiros|Ближний бой|爆發射擊|バーストショット|연사 사격|Salvenschuss|Rafale de tirs|Ráfaga de disparos|Salwa Wybuchowa
inc_name_deadly_dexterity|Deadly Dexterity||Destreza Mortal|Выстрел очередью|致命敏捷|デッドリーデクスタリティ|치명적인 민첩성|Tödliche Geschicklichkeit|Dextérité mortelle|Destreza mortal|Śmiertelna Zręczność
inc_name_dexterity_transfusion|Dexterity Transfusion||Transfusão de Destreza|Смертельная ловкость|敏捷输血|デクスタリティトランスフュージョン|민첩성 수혈|Geschicklichkeitstransfusion|Transfusion de dextérité|Transfusión de destreza|Transfuzja Zręczności
inc_name_armor_break|Armor Break||Quebra de Armadura|Переливание ловкости|護甲破壞|アーマーブレイク|갑옷 파괴|Rüstungsbruch|Brise-armure|Ruptura de armadura|Przebicie Pancerza
inc_name_shattering_elements|Shattering Elements||Elementos Estilhaçantes|Пробитие брони|元素破碎|シャタリングエレメンツ|파괴하는 원소|Zersplitternde Elemente|Éléments fracassants|Elementos fragmentadores|Rozbijanie Żywiołów
inc_name_garrote|Garrote||Garrote|Разрушающие элементы|絞殺|ガロット|교살|Würgegriff|Garrot |Garrote|Garota
inc_name_blood_loss|Blood Loss||Perda de Sangue|Удушение|失血|失血|혈액 손실|Blutverlust|Perte de sang|Pérdida de sangre|Utrata Krwi
inc_name_poisoned_damage|Poisoned Damage||Dano de Envenenamento|Кровопотеря|中毒傷害|毒ダメージ|독 데미지|Vergiftungsschaden|Dégâts de poison|Daño de veneno|Obrażenia Zatrucia
inc_name_stacked_pandemic|Stacked Pandemic||Pandemia Acumulada|Отравление|疊加瘟疫|スタックドパンデミック|중첩된 전염병|Gestapelte Pandemie|Pandémie cumulée|Pandemia acumulada|Stackująca Się Pandemia
inc_name_rapid_corrosion|Rapid Corrosion||Corrosão Rápida|Накопленный урон от пандемии|快速腐蝕|ラピッドコロージョン|급속 부식|Schnelle Korrosion|Corrosion rapide|Corrosión rápida|Szybka Korozja
inc_name_burning_damage|Burning Damage||Dano de Queimadura|Быстрая коррозия|燃燒傷害|燃焼ダメージ|화상 데미지|Verbrennungsschaden|Dégâts de brûlure|Daño de quemadura|Obrażenia Palenia
inc_name_agonizing_heat|Agonizing Heat||Calor Agonizante|Огненный урон|痛苦灼熱|アゴナイジングヒート|고통스러운 열기|Qualvolle Hitze|Chaleur insoutenable|Calor agonizante|Agonizujące Ciepło
inc_name_stasis_damage|Stasis Damage||Dano de Estase|Мучительный жар|停滯傷害|スタシスダメージ|정지 데미지|Stasisschaden|Dégâts de stase|Daño de estasis|Obrażenia Stasis
inc_name_static_shock|Static Shock||Choque Estático|Урон от стазиса|靜電衝擊|スタティックショック|정전기 충격|Statischer Schock|Choc statique|Choque estático|Statyczny Szok
inc_name_ailment_damage|Ailment Damage||Dano de Aflição|Статический шок|持續傷害|状態異常ダメージ|상태 이상 데미지|Leidensschaden|Dégâts d'affliction|Daño de estado|Obrażenia Dolegliwości
inc_name_stacked_pain|Stacked Pain||Dor Acumulada|Урон от недуга|疊加痛苦|スタックドペイン|중첩된 고통|Gestapelter Schmerz|Douleur cumulée|Dolor acumulado|Stackujący Się Ból
inc_name_forking_projectile|Forking Projectile||Projétil Bifurcado|Накопленная боль|分裂投射物|フォッキングプロジェクタイル|갈라진 투사체|Gabelprojektil|Projectile bifurqué|Proyectil bifurcado|Rozwidlający Się Pocisk
inc_name_multiforking|Multiforking||Multibifurcado|Разветвленный снаряд|多重分裂|マルチフォッキング |다중 갈라짐|Mehrfachgabel|Multi-bifurqué|Bifurcación múltiple|Wielorozwidlenie
inc_name_multishot|Multishot||Multitiro|Многократное разветвление|多重射擊|マルチショット|다중 사격|Mehrfachschuss|Tirs multiples|Multidisparo|Wielostrzał
inc_name_combat_mitigation|Combat Mitigation||Mitigação de Combate|Многократный выстрел|戰鬥減免|戦闘軽減|전투 데미지 감소|Schadensminderung im Kampf|Atténuation des dégâts de combat|Mitigación de combate|Łagodzenie Walki
inc_name_agile_vigor|Agile Vigor||Vigor Ágil |Снижение урона в бою |敏捷活力|俊敏な活力|민첩한 활력|Agile Kraft|Vigueur agile|Vigor ágil|Zwinna Wigor
inc_name_natures_prophet|Nature´s Prophet||Profeta da Natureza|Ловкая энергия|自然先知|自然の預言者|자연의 예언자|Naturprophet|Prophète de la nature|Profeta de la naturaleza|Prorok Natury
inc_name_vital_resistance|Vital Resistance||Resistência Vital|Пророк природы|活力抗性|生命抵抗力|생명 저항|Vitale Resistenz|Résistance vitale|Resistencia vital|Odporność Witalna
inc_name_blessed_knight|Blessed Knight||Cavaleiro Abençoado|Жизненная сопротивляемость|祝福騎士|祝福された騎士|축복받은 기사|Gesegneter Ritter|Chevalier béni|Caballero bendito|Błogosławiony Rycerz
inc_name_vampiric_touch|Vampiric Touch||Toque Vampírico|Благословенный рыцарь|吸血鬼之觸|吸血鬼の接触|흡혈의 손길|Vampirische Berührung|Toucher vampirique|Toque vampírico|Wampiryczny Dotyk
inc_name_rapid_funnel|Rapid Funnel||Funil Rápido|Вампирское прикосновение|快速匯聚|高速ファンネル|빠른 깔때기|Schneller Trichter|Entonnoir rapide|Embudo rápido|Szybki Lejek
inc_name_pulsating_radius|Pulsating Radius||Raio Pulsante|Быстрая воронка|脈動半徑|脈動する半徑|맥동하는 반경|Pulsierender Radius|Rayon pulsant|Radio pulsante|Pulsujący Promień
inc_name_total_chaos|Total Chaos||Caos Total|Пульсирующий радиус|全面混亂|完全なる混沌|완전한 혼돈|Totales Chaos|Chaos total|Caos total|Całkowity Chaos
inc_name_ramping_pulse|Ramping Pulse||Pulso Crescente|Полный хаос|脈衝增強|加速する脈動|증가하는 맥동|Ansteigender Puls|Impulsion ascendante|Pulso ascendente|Narastający Puls
inc_name_spacial_conversion|Spacial Conversion||Conversão Espacial|Нарастающий импульс|空間轉換|空間変換|공간 변환|Raumumwandlung|Conversion spatiale|Conversión espacial|Konwersja Przestrzenna
inc_name_ethers_pull|Ether´s Pull||Atração do Éter|Пространственное преобразование|乙太牽引|エーテルの引力|에테르의 끌어당김|Ätherzug|Attraction éthérique|Atracción del éter|Pociąg Etheru
inc_name_orbital_damage|Orbital Damage||Dano Orbital|Притяжение эфира|環繞傷害|軌道ダメージ|궤도 데미지|Orbitalschaden|Dégâts orbitaux|Daño orbital|Obrażenia Orbitalne
inc_name_orbital_speed|Orbital Speed||Velocidade Orbital|Орбитальный урон|環繞速度|軌道速度|궤도 속도|Orbitalgeschwindigkeit|Vitesse orbitale|Velocidad orbital|Prędkość Orbitalna
inc_name_orbiting_landmass|Orbiting Landmass||Massa Terrestre em Órbita|Орбитальная скорость|環繞大小|軌道上の陸塊|궤도하는 지형|Umkreisende Landmasse|Masse terrestre en orbite|Masa terrestre orbital|Orbitująca Masa Lądu
inc_name_spacetime|Spacetime||Espaço-Tempo|Орбитальная поверхность суши|時空|時空|시공간|Raumzeit|Espace-temps|Espacio-tiempo|Przestrzeń-Czas
inc_name_bullseye|Bull´s Eye||Olho de Boi|Пространство-время|公牛之眼|ブルズアイ|정확한 명중|Volltreffer|Cible parfaite|Diana|Oko Byka
inc_name_trembling_headshot|Trembling Headshot||Tiro na Cabeça Tremulante|Меткий выстрел|顫抖爆頭|震えるヘッドショット|떨리는 헤드샷|Zitternder Kopfschuss|Tir à la tête tremblant|Disparo a la cabeza tembloroso|Drżący Strzał w Głowę
inc_name_ying_yang|Ying & Yang||Yin e Yang|Дрожащий хедшот|陰陽|陰陽|음양|Yin & Yang|Yin et Yang|Yin y yang|Ying & Yang
inc_name_attack_speed_full_life|Attack Speed at Full Life||Velocidade de Ataque com Vida Cheia|Инь и Ян|滿生命攻擊速度|フルライフ時の攻撃速度|체력이 최대일 때 공격 속도|Angriffsgeschwindigkeit bei vollem Leben|Vitesse d'attaque à pleine santé|Velocidad de ataque con vida completa|Szybkość Ataku przy Pełnym Życiu
inc_name_risky_hunting|Risky Hunting||Caça Arriscada|Скорость атаки при полном здоровье|危險狩獵|危険な狩り|위험한 사냥|Risikoreiche Jagd|Chasse risquée|Caza arriesgada|Ryzykowne Polowanie
inc_name_attack_speed_low_life|Attack Speed at Low Life||Velocidade de Ataque com Vida Baixa|Рискованная охота|低生命攻擊速度|低ライフ時の攻撃速度|체력이 낮을 때 공격 속도 |Angriffsgeschwindigkeit bei niedrigem Leben|Vitesse d'attaque à faible santé|Velocidad de ataque con vida baja|Szybkość Ataku przy Niskim Życiu
inc_name_hunters_resilience|Hunter´s Resilience||Resiliência do Caçador|Скорость атаки при низком уровне здоровья|獵人韌性|ハンターの回復力|사냥꾼의 회복력|Jägerresistenz|Résilience du chasseur|Resiliencia del cazador|Odporność Łowcy
inc_name_jump_power|Jump Power||Poder de Salto|Устойчивость охотника|跳躍力量|ジャンプ力|점프력|Sprungkraft|Puissance de saut|Potencia de salto|Moc Skoku
inc_name_double_jump|Double Jump||Salto Duplo|Сила прыжка|二段跳|二段ジャンプ|이단 점프|Doppelsprung|Double saut|Salto doble|Podwójny Skok
inc_name_safe_landing|Safe Landing||Aterrissagem Segura|Двойной прыжок|安全著陸|安全な着地|안전한 착지|Sichere Landung|Atterrissage en toute sécurité|Aterrizaje seguro|Bezpieczne Lądowanie
inc_name_hit_recovery|Hit Recovery||Recuperação de Golpe|Безопасное приземление|擊中回復|ヒットリカバリー|피격 회복|Trefferwiederherstellung|Récupération après un coup|Recuperación de impacto|Odzyskanie po Trafieniu
inc_name_dodge_master|Dodge Master||Mestre da Esquiva|Восстановление после удара|閃避大師|回避マスター|회피의 달인|Ausweichmeister|Maître de l'esquive|Maestro de la esquiva|Mistrz Uników
inc_name_phys_conv_poison|Physical Damage Converted to Poison||Dano Físico Convertido em Veneno|Мастер уклонения|物理傷害轉回復毒素|物理ダメージを毒に変換|물리 데미지를 독으로 전환|Physischer Schaden in Gift umgewandelt|Dégâts physiques convertis en poison|Daño físico convertido en veneno|Obrażenia Fizyczne Przekonwertowane na Truciznę
inc_name_poison_impact|Poison Impact||Impacto Venenoso|Физический урон, преобразуемый в яд|毒素衝擊|毒の衝撃|독 충격|Gifteinschlag|Impact empoisonné|Impacto de veneno|Wpływ Trucizny
inc_name_phys_conv_cold|Physical Damage Converted to Cold||Dano Físico Convertido em Frio|Удар яда|物理傷害轉回復冰霜|物理ダメージを冷気に変換|물리 데미지를 냉기로 전환|Physischer Schaden in Kälte umgewandelt|Dégâts physiques convertis en froid|Daño físico convertido en frío|Obrażenia Fizyczne Przekonwertowane na Zimno
inc_name_cold_impact|Cold Impact||Impacto Frio|Физический урон, преобразуемый в холод|冰冷衝擊|冷気の衝撃|냉기 충격|Kälteinschlag|Froid Impact|Impacto de frío|Wpływ Zimna
inc_name_phys_conv_fire|Physical Damage Converted to Fire||Dano Físico Convertido em Fogo|Удар холода|物理傷害轉回復火焰|物理ダメージを炎に変換|물리 데미지를 불로 전환|Physischer Schaden in Feuer umgewandelt|Dégâts physiques convertis en feu|Daño físico convertido en fuego|Obrażenia Fizyczne Przekonwertowane na Ogień
inc_name_fire_impact|Fire Impact||Impacto de Fogo|Физический урон, преобразуемый в огонь|火焰衝擊|炎の衝撃|불 충격|Feuereinschlag|Impact de feu|Impacto de fuego|Wpływ Ognia
inc_name_phys_conv_lightning|Physical Damage Converted to Lightning||Dano Físico Convertido em Relâmpago|Удар огня|物理傷害轉回復閃電|物理ダメージを雷に変換|물리 데미지를 번개로 전환|Physischer Schaden in Blitz umgewandelt|Dégâts physiques convertis en foudre|Daño físico convertido en rayo|Obrażenia Fizyczne Przekonwertowane na Błyskawice
inc_name_lightning_impact|Lightning Impact||Impacto de Relâmpago|Физический урон, преобразуемый в молнию|閃電衝擊|雷の衝撃|번개 충격|Blitzeinschlag|Impact de foudre|Impacto de rayo|Wpływ Błyskawic
inc_name_phys_conv_arcane|Physical Damage Converted to Arcane||Dano Físico Convertido em Arcano |Удар молнии|物理傷害轉回復奧術|物理ダメージを秘術に変換|물리 데미지를 마법으로 전환|Physischer Schaden in Arkan umgewandelt|Dégâts physiques convertis en arcanes|Daño físico convertido en arcano|Obrażenia Fizyczne Przekonwertowane na Arkaniczne
inc_name_arcane_impact|Arcane Impact||Impacto Arcano|Физический урон, преобразуемый в Тайная магия|奧術衝擊|秘術の衝撃|마법 충격|Arkaner Einschlag|Impact arcanique|Impacto arcano|Wpływ Arkany
inc_name_bow_damage|Bow Damage||Dano de Arco|Удар тайной магии|弓箭傷害|弓のダメージ|활 데미지|Bogenschaden|Dégâts d'arcanes |Daño de arco|Obrażenia Łuku
inc_name_bow_mastery|Bow Mastery||Maestria com Arco|Урон от лука|弓箭精通|弓熟練度|활 숙련|Bogenbeherrschung|Maîtrise du tir à l'arc|Maestría con arco|Mistrzostwo Łuku
inc_name_gun_damage|Gun Damage||Dano de Arma de Fogo|Мастерство владения луком|槍械傷害|銃ダメージ|총기 데미지|Waffenschaden|Dégâts des armes à feu|Daño de armas de fuego|Obrażenia Broni Palnej
inc_name_gun_mastery|Gun Mastery||Maestria com Arma de Fogo|Урон от огнестрельного оружия|槍械精通|銃熟練度|총기 숙련|Waffenbeherrschung|Maîtrise des armes à feu|Maestría con armas de fuego|Mistrzostwo Broni Palnej
inc_name_throwing_damage|Throwing Damage||Dano de Arremesso|Мастерство владения огнестрельным оружием|投擲傷害|投擲ダメージ|투척 공격 데미지|Wurfschaden|Dégâts des projectiles|Daño de lanzamiento|Obrażenia Broni Miotanej
inc_name_throwing_mastery|Throwing Mastery||Maestria com Arremesso|Урон от метательного оружия|投擲精通|投擲熟練度|투척 공격 숙련|Wurfbeherrschung|Maîtrise des projectiles|Maestría de lanzamiento|Mistrzostwo Broni Miotanej
inc_name_explosion_aoe|Explosion Area of Effect||Área de Efeito de Explosão|Мастерство метательного оружия|爆炸範圍效果|爆発範囲効果|폭발 범위 효과|Explosionswirkungsbereich|Zone d'effet d'une explosion|Área de efecto de explosión|Powierzchnia Wybuchu
inc_name_explosion_damage|Explosion Damage||Dano de Explosão|Зона поражения взрыва|爆炸傷害|爆発ダメージ|폭발 데미지|Explosionsschaden|Dégâts d'explosion|Daño de explosión|Obrażenia Wybuchu
inc_name_collateral_explosion|Collateral Explosion||Explosão Colateral|Урон от взрыва|附帶爆炸|巻き添え爆発|부수적 폭발|Kollateralschaden|Explosion collatérale|Explosión colateral|Wybuch Uboczny
inc_name_concentrated_damage|Concentrated Damage||Dano Concentrado|Сопутствующий взрыв|集中傷害|集中ダメージ|집중 데미지|Konzentrierter Schaden|Dégâts concentrés|Daño concentrado|Skoncentrowane Obrażenia
inc_name_manalicious_energy|Manalicious Energy||Energia Manalicious|Концентрированный урон|充盈魔力能量|マナリシャスエネルギー|마나 에너지|Manische Energie|Énergie manalicieuse|Energía manaliciosa|Energia Manalicious
inc_name_energetic|Energetic||Energético|Энергия маниакального действия|精力充沛|エネルギッシュ|활기찬|Energetisch|Énergétique|Energético|Energiczny
inc_name_rapid_manafunnel|Rapid Manafunnel||Funil de Mana Rápido|Энергетический|快速匯聚魔力|ラピッドマナファネル|빠른 마나 회오리|Schneller Manakanal|Concentration de mana rapide|Embudo de maná rápido|Szybki Lejek Many
inc_name_manafueled_damage|Manafueled Damage||Dano Impulsionado por Mana|Быстрый манафонель|魔力驅動傷害|マナ燃料ダメージ |마나 연료 데미지|Mana-Schaden|Dégâts boostés par le mana|Daño potenciado por maná|Obrażenia Napędzane Maną
inc_name_energetic_carnage|Energetic Carnage||Carnificina Energética|Урон, подпитываемый маниакальным оружием|能量屠戮|エネルギッシュな大虐殺|활기찬 대학살|Energetisches Gemetzel|Carnage énergétique|Carnicería energética|Energiczna Rzeź
inc_name_homing_missile|Homing Missile||Míssil Teleguiado|Энергетическая бойня|追蹤導彈|ホーミングミサイル|유도 미사일|Zielsuchende Rakete|Missile guidé|Misil teleguiado|Samonaprowadzający Pocisk
inc_name_missile_shockwave|Missile Shockwave||Onda de Choque de Míssil|Самонаводящаяся ракета|導彈衝擊波|ミサイル衝撃波|미사일 충격파|Raketen-Schockwelle|Onde de choc d'un missile|Onda de choque de misil|Fala Uderzeniowa Pocisku
inc_name_rocket_barrage|Rocket Barrage||Barragem de Foguetes|Ударная волна от ракеты|火箭齊射|ロケット弾幕|로켓 포격|Raketenhagel|Barrage de roquettes|Barrage de cohetes|Salwa Rakiet
inc_name_missile_explosion|Missile Explosion||Explosão de Míssil|Ракетный залп|導彈爆炸|ミサイル爆発|미사일 폭발|Raketenexplosion|Explosion de missiles|Explosión de misil|Wybuch Pocisku
inc_name_evasion_chance|Evasion Chance||Chance de Evasão|Взрыв ракеты|閃避幾率|回避率|회피 확률|Ausweichchance|Chance d'esquive|Probabilidad de evasión|Szansa na Unik
inc_name_vital_evasion|Vital Evasion||Evasão Vital|Шанс уклонения|活力閃避|生命の危機回避|치명적인 회피|Vitale Ausweichchance|Esquive vitale|Evasión vital|Witalny Unik
inc_name_evasive_tactics|Evasion Tactics||Táticas de Evasão|Жизненно важное уклонение|閃避戰術|回避戦術|회피 전술|Ausweichtaktiken|Tactiques d'esquive|Tácticas de evasión|Taktyki Uników
inc_name_bulk_intelligence|Bulk Intelligence||Inteligência em Massa|Тактика уклонения |批量智力|バルクインテリジェンス|지능 증가|Massenintelligenz|Intelligence collective|Inteligencia masiva|Masywna Inteligencja
inc_name_amplified_intelligence|Amplified Intelligence||Inteligência Amplificada|Интеллект|智慧體型|増幅インテリジェンス|지능 증폭|Verstärkte Intelligenz|Intelligence amplifiée|Inteligencia amplificada|Wzmocniona Inteligencja
inc_name_magic_damage|Magic Damage||Dano Mágico|Усиленный интеллект|魔法傷害|魔法ダメージ|마법 데미지|Magieschaden|Dégâts magiques|Daño mágico|Obrażenia Magiczne
inc_name_magisters_intellect|Magister´s Intellect||Intelecto do Mago|Магический урон|魔導師智力|魔術師の知性|마법사의 지능|Magisterintelligenz|Intelligence du mage|Intelecto del magister|Intelekt Magistra
inc_name_temporal_echo|Temporal Echo||Eco Temporal|Интеллект Магистра|時間迴響|時間的残響|시간의 메아리|Temporales Echo|Écho temporel|Eco temporal|Temporalne Echo
inc_name_agile_wizard|Agile Wizard||Mago Ágil|Временное эхо|敏捷法師|俊敏な魔法使い|민첩한 마법사|Flinker Zauberer|Mage agile|Mago ágil|Zwinny Czarodziej
inc_name_time_surge|Time Surge||Surto Temporal|Ловкий волшебник|時間湧動|タイムサージ|시간의 격류|Zeitschub|Surcharge temporelle|Oleada temporal|Szał Czasu
inc_name_faster_cast_rate|Faster Cast Rate||Taxa de Conjuração Mais Rápida|Всплеск времени|施法速率|高速詠唱速度|시전 속도 증가|Schnelleres Wirken Bewertung|Vitesse d'incantation accrue|Velocidad de lanzamiento aumentada|Szybsza Szybkość Rzucania
inc_name_wizards_mastery|Wizard´s Mastery||Maestria do Mago|Ускоренная скорость применения заклинаний|法師精通|魔法使いの熟練|마법사의 숙련|Zaubererbeherrschung|Maîtrise de la magie|Maestría de mago|Mistrzostwo Czarodzieja
inc_name_wizards_wrath|Wizard´s Wrath||Ira do Mago|Мастерство волшебника|法師之怒|魔法使いの怒り|마법사의 분노|Zorn des Zauberers|Colère du mage|Ira del mago|Gniew Czarodzieja
inc_name_wizardry|Wizardry||Magia|Гнев волшебника|巫術|魔術|위저드리|Zauberkunst|Magie|Hechicería|Czarodziejstwo
inc_name_mageguard|Mage Guard||Guarda Mágica|Волшебство|法師護盾|魔道士の守護|마법사의 수호|Magierwache|Garde magique|Guardia mágica|Straż Maga
inc_name_mana_replenish|Mana Replenish||Reposição de Mana|Защита мага|魔力回復|マナ補充|마나 회복|Manaregeneration|Régénération de mana|Regeneración de maná|Odnawianie Many
inc_name_manawell|Manawell||Poço de Mana|Восстановление маны|魔力之滴|マナウェル|마나샘|Manabrunnen|Puits de mana|Pozo de maná|Studnia Many
inc_name_patience_power|Patience is Power||Paciência é Poder |Колодец маны|耐心即力量|忍耐は力なり|인내는 힘이다|Geduld ist Macht|La patience est une force|La paciencia es poder|Cierpliwość to Moc
inc_name_spell_haste|Spell Haste||Aceleração de Magia|Терпение — сила|法術急速|呪文加速|주문 가속|Zaubertempo|Accélération magique|Celeridad de hechizo|Przyspieszenie Czarów
inc_name_spell_aoe|Spell Area of Effect Radius||Raio de Área de Efeito da Magia|Ускорение заклинаний|法術範圍效果半徑|呪文範囲効果半徑|주문 범위 반경|Zauberwirkungsbereich Radius|Rayon de la zone d'effet du sort|Radio de área del hechizo|Promień Obszaru Efektu Czarów
inc_name_spell_damage|Spell Area of Effect Damage||Dano de Área de Efeito da Magia|Радиус действия заклинаний|法術範圍效果傷害|呪文範囲効果ダメージ|주문 범위 데미지|Flächenschaden des Zaubers|Dégâts de la zone d'effet du sort|Daño de área del hechizo|Obrażenia Obszarowe Czarów
inc_name_spellbender|Spellbender||Dominador de Magias|Урон от заклинаний по области|法術操控者|スペルベンダー|주문 조종자|Zauberbändiger|Dominateur de sorts|Dominador de hechizos|Zaklinacz Czarów
inc_name_critical_spellhit|Critical Spellhit||Acerto Crítico de Magia|Заклинатель заклинаний|法術暴擊|クリティカルヒット|치명타 주문 적중률|Kritischer Zaubertreffer|Coup critique magique|Crítico de hechizo|Krytyczne Trafienie Czarów
inc_name_warlocks_fury|Warlock´s Fury||Fúria do Bruxo|Критический удар заклинанием|術士之怒|ウォーロックの激怒|흑마법사의 분노 |Hexenmeisterwut|Sorcier Furie|Furia del brujo|Furia Warlocka
inc_name_chaos_meteor|Chaos Meteor||Meteoro do Caos|Ярость чернокнижника|混亂隕石|カオスメテオ|혼돈의 운석|Chaosmeteor|Météore du Chaos|Meteoro del caos|Chaos Meteor
inc_name_concentration_radius|Concentration Radius||Raio de Concentração|Метеор хаоса|專注半徑|集中半徑|집중 반경|Konzentrationsradius|Rayon de concentration|Radio de concentración|Promień Koncentracji
inc_name_spell_duration|Spell Duration||Duração da Magia|Радиус концентрации|法術持續時間|呪文持續時間|주문 지속 시간|Zauberdauer|Durée du sort|Duración del hechizo|Czas Trwania Czaru
inc_name_manainfused_hour_glass|Mana Infused Hour Glass||Ampulheta Infundida com Mana|Длительность заклинаний|魔力注入沙漏|マナ注入砂時計|마나 주입 모래시계|Mana-erfüllte Sanduhr|Sablier imprégné de mana|Reloj de arena infundido con maná|Godzina Szklana Nasączona Maną
inc_name_sentry_damage|Sentry Damage||Dano de Sentinela|Песочные часы, наполненные маной|哨兵傷害|セントリーダメージ|센트리 데미지|Wachturmschaden|Dégâts de la sentinelle|Daño de centinela|Obrażenia Wartowników
inc_name_mechanical_engineering|Mechanical Engineering||Engenharia Mecânica|Урон от часового|機械工程|機械工学|기계 공학|Maschinenbau|Ingénierie mécanique|Ingeniería mecánica|Inżynieria Mechaniczna
inc_name_sentry_attack_speed|Sentry Attack Speed||Velocidade de Ataque da Sentinela|Механическая инженерия|哨兵攻擊速度|セントリー攻撃速度|센트리 공격 속도|Wachturm Angriffsgeschwindigkeit|Vitesse d'attaque de la sentinelle|Velocidad de ataque de centinela|Szybkość Ataku Wartowników
inc_name_peak_engineering|Peak Engineering||Engenharia Máxima|Скорость атаки часового|巅峰工程|ピークエンジニアリング|최고의 공학|Maximale Ingenieurskunst|Ingénierie maximale|Ingeniería de vanguardia|Szczyt Inżynierii
inc_name_double_cast|Double Cast||Lançamento Duplo|Пиковая инженерия|雙重施法|ダブルキャスト|이중 시전|Doppelzauber|Double incantation|Lanzamiento doble|Podwójny Rzut
inc_name_roll_the_dice|Roll the Dice||Rolar os Dados|Двойное применение заклинаний|投擲|サイコロを振る|주사위 굴리기|Würfelwurf|Lancer les dés|Echar los dados|Rzuć Kości
inc_name_asphyxiating_touch|Asphyxiating Touch||Toque Asfixiante|Бросок кубиков|窒息觸碰|窒息接触|질식의 손길|Erstickende Berührung|Toucher asphyxiant|Toque asfixiante|Duszący Dotyk
inc_name_summon_attack_radius|Summon Attack Radius||Raio de Ataque da Invocação|Удушающее прикосновение|召喚攻擊半徑|攻撃範囲召喚|소환 공격 반경|Angriffsradius von Beschwörungen|Rayon d'attaque de l'invocation |Radio de ataque de invocación|Zasięg Ataku Przywołań
inc_name_trembling_smash|Trembling Smash||Esmagamento Trêmulo|Радиус атаки призыва|颤抖重擊|震動の打撃|떨리는 강타|Zitternder Schlag|Écrasement tremblant|Golpe tembloroso|Drżące Uderzenie
inc_name_summon_projectile_size|Summon Projectile Size||Tamanho do Projétil da Invocação|Дрожащий удар|召喚投射物尺寸|投射物サイズ召喚|소환 투사체 크기|Projektilgröße von Beschwörungen|Taille des projectiles invoqués|Tamaño de proyectil de invocación|Rozmiar Pocisków Przywołań
inc_name_spellfork|Spellfork||Garfo de Magia|Размер снаряда призыва|法術分裂|スペルフォーク|주문 분기|Zaubergabel|Fourche magique|Bifurcación de hechizo|Rozwidlenie Czarów
inc_name_colossal_projectiles|Colossal Projectiles||Projéteis Colossais|Вилка заклинаний|巨型投射物|巨大な投射物|거대한 투사체|Kolossale Projektile|Projectiles colossaux|Proyectiles colosales|Kolosalne Pociski
inc_name_summon_melee_damage|Summon Melee Damage||Dano Corpo a Corpo da Invocação|Колоссальные снаряды|召喚近戰傷害|近接ダメージ召喚|소환 근접 공격 데미지|Nahkampfschaden von Beschwörungen|Dégâts de mêlée invoqués|Daño cuerpo a cuerpo de invocación|Obrażenia Melee Przywołań
inc_name_summon_projectile_damage|Summon Projectile Damage||Dano de Projétil da Invocação|Урон от призыва в ближнем бою|召喚投射物傷害|投射物ダメージ召喚|소환 투사체 데미지|Projektilschaden von Beschwörungen|Dégâts des projectiles invoqués|Daño de proyectil de invocación|Obrażenia Pocisków Przywołań
inc_name_chaining_malignance|Chaining Malignance||Malignidade Encadeada|Снаряд призыва Урон|連鎖惡意|連鎖する悪意|연쇄 악의|Kettenbösartigkeit|Malignité en chaîne|Malignidad encadenada|Łańcuchowa Złośliwość
inc_name_void_blast|Void Blast||Explosão do Vazio|Цепная Злоба|虚空爆破|虚無の爆発|공허 폭발|Leerenexplosion|Explosion du vide|Explosión del vacío|Void Blast
inc_name_summon_damage|Summon Damage||Dano da Invocação|Взрыв Пустоты|召喚傷害|召喚ダメージ|소환 데미지|Schaden von Beschwörungen|Dégâts d'invocation|Daño de invocación|Obrażenia Przywołań
inc_name_cleaving_spirits|Cleaving Spirits||Espíritos Cortantes|Призыв Урона|劈砍靈魂|精霊の切断|분열하는 영혼|Spaltende Geister|Esprits fendants|Espíritus hendedores|Rozcinające Duchy
inc_name_summon_attack_speed|Summon Attack Speed||Velocidade de Ataque da Invocação|Рассекающие Духи|召喚攻擊速度|攻撃速度召喚|소환 공격 속도|Angriffsgeschwindigkeit von Beschwörungen|Vitesse d'attaque invoquée|Velocidad de ataque de invocación|Szybkość Ataku Przywołań
inc_name_spirit_scatter|Spirit Scatter||Dispersão Espiritual|Призыв Скорости Атаки|靈魂散射|精霊の散乱|영혼 흩뿌리기|Geisterstreuung|Dispersion spirituelle|Dispersión de espíritus|Rozproszenie Duchów
inc_name_conjured_legion|Conjured Legion||Legião Conjurada|Рассеяние Духов|召喚軍團|召喚された軍団|소환된 군단|Beschworene Legion|Légion conjurée|Legión conjurada|Przyzwany Legion
inc_name_summon_life|Summon Life||Invocação da Vida|Призыв Легиона|召喚生命|生命召喚|생명 소환|Leben beschwören|Invocation de vie|Vida de invocación|Życie Przywołań
inc_name_combusting_carcass|Combusting Carcass||Carcaça em Combustão|Призыв Жизни|燃燒軀體|燃え盛る死骸|불타는 시체|Verbrennender Kadaver|Carcasse en combustion|Cadáver en combustión|Spalające Się Truchło
inc_name_living_carcass|Living Carcass||Carcaça Viva|Сжигающий Туша|活體軀體|生きた死骸|살아있는 시체|Lebender Kadaver|Carcasse vivante|Cadáver viviente|Żywe Truchło
inc_name_colossal_monstrosity|Colossal Monstrosity||Monstruosidade Colossal|Живая Туша|巨型怪物|巨大な怪物|거대한 괴물|Kolossales Monstrum|Monstruosité colossale|Monstruosidad colosal|Kolosalna Potworność
inc_name_elemental_break|Elemental Break||Quebra Elemental|Колоссальное Чудовище|元素破擊|元素破壊|원소 파괴|Elementarbruch|Brise élémentaire|Ruptura elemental|Przebicie Żywiołowe
inc_name_paradox_elements|Paradox of Elements||Paradoxo de Elementos|Стихийный Разрыв|元素悖論|元素のパラドックス|원소의 역설|Paradox der Elemente|Paradoxe des éléments|Paradoja de los elementos|Paradoks Żywiołów
inc_name_arcanist|Arcanist||Arcanista|Парадокс Стихий|奧術師|アルカニスト|마법사|Arkanist|Arcaniste|Arcanista|Arkanista
inc_name_tundramagus|Tundramagus||Tundramagus|Арканист|凍土法師|ツンドラマグス|툰드라마구스|Tundramagus|Tundramagus|Mago de la tundra|Tundramag
inc_name_pyromancer|Pyromancer||Piromante|Тундрамагус|火焰法師|パイロマンサー|화염술사|Pyromant|Pyromancien|Piromante|Piromanta
inc_name_thundergod|Thundergod||Deus do Trovão|Пиромант|雷神|サンダーゴッド |천둥의 신|Donnergott|Dieu du tonnerre|Dios del trueno|Bóg Gromu
inc_name_venomancer|Venomancer||Venomante|Бог Грома|毒術師|ヴェノマンサー|독술사|Venomancer|Vénérateur|Venomante|Venomancer
inc_name_mirror_valhalla|Mirror of Valhalla||Espelho de Valhalla|Веномант|瓦爾哈拉鏡像|ヴァルハラの鏡|발할라의 거울|Spiegel von Walhalla|Miroir du Valhalla|Espejo de Valhalla|Lustro Valhalli
inc_name_surging_storm|Surging Storm||Tempestade Impetuosa|Зеркало Вальхаллы|湧動風暴|サージングストーム|폭풍의 격류|Sturmsturm|Tempête déferlante|Tormenta creciente|Surging Storm
inc_name_valkyries_embrace|Valkyrie´s Embrace||Abraço da Valquíria|Бурный Шторм|女武神擁抱|ヴァルキリーの抱擁|발키리의 포옹|Umarmung der Walküre|Étreinte de la Valkyrie|Abrazo de la valquiria|Objęcia Walkirii
inc_name_death_over_time|Death Over Time||Morte ao Longo do Tempo|Объятия Валькирии|死亡持續傷害|デスオーバータイム|시간에 따른 죽음|Tod über Zeit|Mort sur la durée|Muerte en el tiempo|Śmierć w Czasie
inc_name_soulburn_essence|Soulburn Essence||Essência da Queima da Alma |Смерть С течением времени|靈魂燃燒精华|ソウルバーンエッセンス|영혼의 불타오름 정수|Seelenbrand-Essenz|Essence de brûlure d'âme|Esencia de quemadura de alma|Esencja Soulburn
inc_name_manahunger|Manahunger||Fome de Mana|Сущность Жжения Души|魔力飢渴|マナハンガー|마나 굶주림|Manahunger|Faim de mana|Hambre de maná|Głód Many
inc_name_hunger_for_mana|Hunger for Mana||Fome de Mana|Жажда маны|對魔力的飢渴|マナへの渇望|마나 갈망|Hunger nach Mana|Faim de mana|Sed de maná|Głód Many
inc_name_mana_redirection|Mana Redirection||Redirecionamento de Mana|Перенаправление маны|魔力重定向|マナリダイレクション|마나 재분배|Manaumleitung|Redirection de mana|Redirección de maná|Przekierowanie Many
inc_name_astral_tank|Astral Tank||Tanque Astral|Астральный танк|星界坦克|アストラルタンク|아스트랄 탱커|Astraltank|Tank astral|Tanque astral|Astralny Czołg
inc_name_guradian_attack_speed|Guardian Attack Speed||Velocidade de Ataque do Guardião|Скорость атаки Стража|守護者攻擊速度|ガーディアン攻撃速度|수호자 공격 속도|Angriffsgeschwindigkeit des Wächters|Vitesse d'attaque du gardien|Velocidad de ataque del guardián|Szybkość Ataku Strażników
inc_name_sand_beam|Sand Beam||Raio de Areia|Песчаный луч|沙之光束|サンドビーム|모래 광선|Sandstrahl|Rayon de sable|Rayo de arena|Promień Piasku
inc_name_guardian_damage|Guardian Damage||Dano do Guardião|Урон Стража|守護者傷害|ガーディアンダメージ|수호자 데미지|Schaden des Wächters|Dégâts du gardien|Daño del guardián|Obrażenia Strażników
inc_name_desert_ripple|Desert Ripple||Ondulação do Deserto|Пустынная рябь|沙漠漣漪|デザートリップル|사막의 잔물결|Wüstenwelle|Onde du désert|Ondulación del desierto|Fala Piasku Pustyni
inc_name_mirage|Mirage||Miragem|Мираж|幻影|ミラージュ|신기루|Fata Morgana|Mirage|Espejismo|Mirage
inc_name_desert_legion|Desert Legion||Legião do Deserto|Пустынный легион|沙漠軍團|デザートレギオン|사막 군단|Wüstenlegion|Légion du désert|Legión del desierto|Legion Pustyni
inc_name_cold_damage|Cold Damage||Dano de Frio|Холодный урон|冰霜傷害|冷気ダメージ|냉기 데미지|Kälteschaden|Dégâts de froid|Daño de frío|Obrażenia Lodowe
inc_name_frozen_touch|Frozen Touch||Toque Congelante|Замороженное прикосновение|冰凍之觸|フローズンタッチ|얼어붙은 손길|Gefrorene Berührung|Toucher gelé|Toque gélido|Zamarznięty Dotyk
inc_name_fire_damage|Fire Damage||Dano de Fogo|Огненный урон|火焰傷害|火炎ダメージ|불 데미지|Feuerschaden|Feu Dégâts|Daño de fuego|Obrażenia Ogniste
inc_name_burning_touch|Burning Touch||Toque Ardente|Горящее прикосновение|燃燒之觸|バーニングタッチ|불타는 손길|Brennende Berührung|Toucher brûlant|Toque ardiente|Płonący Dotyk
inc_name_poison_damage|Poison Damage||Dano de Veneno|Ядовитый урон|毒素傷害|毒ダメージ|독 데미지|Giftschaden|Dégâts de poison|Daño de veneno|Obrażenia Trujące
inc_name_venomous_touch|Venomous Touch||Toque Venenoso|Ядовитое прикосновение|剧毒之觸|ベノマスタッチ|독의 손길|Giftige Berührung|Toucher venimeux|Toque venenoso|Jadowity Dotyk
inc_name_arcane_damage|Arcane Damage||Dano Arcano|Магический урон|奥術傷害|アルケインダメージ|아케인 데미지|Arkaner Schaden|Dégâts arcaniques|Daño arcano|Obrażenia Arkaniczne
inc_name_arcanas_touch|Arcana´s Touch||Toque Arcano|Прикосновение Арканы|奥術之觸|アルカナのタッチ|아케인의 손길|Arkane Berührung|Toucher des arcanes|Toque arcano|Dotyk Arkany
inc_name_lightning_damage|Lightning Damage||Dano de Relâmpago|Урон от молнии|閃電傷害|雷ダメージ|번개 데미지|Blitzschaden|Dégâts de foudre|Daño de rayo|Obrażenia Błyskawic
inc_name_storms_touch|Storm´s Touch||Toque da Tempestade|Прикосновение Бури|風暴觸碰|ストームタッチ|폭풍의 손길|Sturmberührung|Toucher de la tempête|Toque de la tormenta|Dotyk Burzy
inc_name_spell_damage_wands|Magic Skill Damage with Wands||Dano de Habilidade Mágica com Varinhas|Урон от магических навыков с помощью жезлов|持魔杖時的魔法技能傷害|ワンドによる魔法スキルダメージ|완드 마법 데미지|Magieschaden mit Zauberstäben|Dégâts des compétences magiques avec des baguettes|Daño de habilidad mágica con varas|Obrażenia Umiejętności Magicznych z Różdżkami
inc_name_master_wands|Master of Wands||Mestre das Varinhas|Мастер жезлов|魔杖大師|ワンドマスター|완드의 달인|Meister der Zauberstäbe|Maître des baguettes|Maestro de varas|Mistrz Różdżek
inc_name_faster_cast_rate_wands|Faster Cast Rate with Wands||Taxa de Conjuração Mais Rápida com Varinhas|Более высокая скорость применения заклинаний с помощью жезлов|持魔杖更快施法速率|ワンドによる詠唱速度向上|완드 시전 속도 증가|Schnellere Zaubergeschwindigkeit mit Zauberstäben|Vitesse d'incantation accrue avec les baguettes|Velocidad de lanzamiento con varas aumentada|Szybsza Szybkość Rzucania z Różdżkami
inc_name_master_wand_handler|Master Wand Handler||Mestre do Manuseio de Varinhas|Мастер владения жезлами|法杖操控大師|ワンドハンドラーマスター|완드 달인|Meister der Zauberstäbe|Maître des baguettes|Maestro en manejo de varas|Mistrz Obsługi Różdżek
inc_name_orbital_spell_damage|Orbital Spell Damage||Dano de Feitiço Orbital|Урон от орбитальных заклинаний|環繞法術傷害|軌道呪文ダメージ|궤도 마법 데미지|Orbitaler Zauberschaden|Dégâts des sorts orbitaux|Daño de hechizo orbital|Obrażenia Czarów Orbitalnych
inc_name_short_orbit|Short Orbit||Órbita Curta|Короткая орбита|短軌跡|ショートオービット|짧은 궤도|Kurzer Orbit|Orbite courte|Órbita corta|Krótka Orbita
inc_name_long_orbit|Long Orbit||Órbita Longa|Длинная орбита|長軌跡|ロングオービット|긴 궤도|Langer Orbit|Orbite longue|Órbita larga|Długa Orbita
inc_name_orbital_spell_size|Orbital Spell Size||Tamanho do Feitiço Orbital|Размер орбитального заклинания|環繞法術大小|軌道呪文サイズ|궤도 마법 크기|Orbitale Zaubergröße|Taille des sorts orbitaux|Tamaño de hechizo orbital|Rozmiar Czarów Orbitalnych
inc_name_giant_slayer|Giant Slayer||Matador de Gigantes|Убийца гигантов|巨人殺手|ジャイアントスレイヤー|거인 학살자 |Riesentöter|Tueur de géants|Asesino de gigantes|Pogromca Gigantów
inc_name_ant_crusher|Ant Crusher||Esmagador de Formigas|Сокрушитель муравьев|螞蟻粉碎者|アントクラッシャー|개미 분쇄기|Ameisenzermalmer|Broyeur de fourmis|Aplastahormigas|Rozgniatacz Mrówek
inc_name_suppressed_elements|Suppressed Elements||Elementos Suprimidos|Подавленные стихии|壓抑元素|サプレッシドエレメンツ|억제된 원소|Unterdrückte Elemente|Éléments supprimés|Elementos suprimidos|Tłumione Żywioły
inc_name_replenishing_evasion|Replenishing Evasion||Evasão Revigorante|Восстанавливающее уклонение|回復閃避|リプレニッシングエヴァジョン|회피 회복|Ausweichen wiederherstellen|Évasion régénératrice|Evasión regenerativa|Odnawiający Unik
inc_name_spell_mana_leech|Spell Mana Leech||Dreno de Mana Mágica|Вскрытие маны от заклинаний|法術魔力偷取|スペルマナリーチ|주문 마나 흡수|Zauber-Manaentzug|Vol de mana des sorts|Succión de maná de hechizo|Kradzież Many Czarów
inc_name_manafury|Manafury||Fúria de Mana|Ярость маны|魔力狂怒|マナフューリー|마나 분노|Manafury|Fureur de mana|Furia de maná|Furia Many
inc_name_paid_in_mageblood|Paid in Mage Blood||Pago com Sangue de Mago|Оплачено кровью мага|以法師之血償還|ペイドインメイジブラッド|마법사의 피로 지불됨|Bezahlt mit Magierblut|Paiement en sang de mage|Pagado con sangre de mago|Płatne Krwią Maga
inc_name_spell_projectile_damage|Spell Projectile Damage||Dano de Projétil Mágico|Урон от снарядов заклинаний|法術投射物傷害|スペルプロジェクタイルダメージ|주문 투사체 데미지|Zauberprojektilschaden|Dégâts des projectiles magiques|Daño de proyectil de hechizo|Obrażenia Pocisków Czarów
inc_name_magic_duality|Magic Duality||Dualidade Mágica|Магическая двойственность|魔法二元性|魔法の二元性|마법 이중성|Magische Dualität|Dualité magique|Dualidad mágica|Magiczna Dualność
inc_name_twohanded_spell_projectile_damage|Two-Handed Spell Projectile Damage||Dano de Projétil Mágico de Duas Mãos|Урон от снарядов двуручных заклинаний|雙手武器法術投射物傷害|両手持ち魔法投射物ダメージ|양손 주문 투사체 데미지|Zauberprojektilschaden mit Zweihandwaffen|Dégâts des projectiles magiques à deux mains|Daño de proyectil de hechizo a dos manos|Obrażenia Pocisków Czarów Dwuręcznych
inc_name_master_of_staves|Master of Staves||Mestre dos Cajados|Мастер Посохи|法杖大師|杖の達人|지팡이의 달인|Meister der Stäbe|Maître des bâtons|Maestro de bastones|Mistrz Kosturów
inc_name_twohanded_damage_reduction|Two-Handed Damage Reduction||Redução de Dano de Duas Mãos|Снижение урона от двуручного оружия|雙手武器傷害減免|両手持ちダメージ軽減|양손 데미지 감소|Schadensreduktion mit Zweihandwaffen|Réduction des dégâts à deux mains|Reducción de daño a dos manos|Zmniejszenie Obrażeń Dwuręcznych
inc_name_colossus_of_staves|Colossus of Staves||Colosso dos Cajados|Колосс посохов|法杖巨像|杖の巨像|지팡이의 거인|Koloss der Stäbe|Colosse des bâtons|Coloso de bastones|Kolos Kosturów
inc_name_crushing_blow|Crushing Blow||Esmagamento Sopro|Сокрушительный удар|粉碎一擊|粉砕の一撃|분쇄 강타|Zerschmetternder Schlag|Coup écrasant|Golpe demoledor|Miażdżący Cios
inc_name_crusher|Crusher||Triturador|Сокрушитель|粉碎者|粉砕者|분쇄기|Zermalmer|Broyeur |Triturador|Miażdżący
inc_name_stacking_mitigation|Stacking Mitigation||Mitigação de Empilhamento |Накопление снижения урона|疊加減免|軽減効果の累積|중첩 감소|Stapelbare Schadensreduktion|Cumul de l'atténuation|Mitigación acumulativa|Stackujące Się Łagodzenie
inc_name_bulk_armor|Bulk Armor||Armadura Volumosa|Прочная броня|批量護甲|重装甲|대량 방어구|Massive Rüstung|Armure massive|Armadura voluminosa|Masywny Pancerz
inc_name_amplified_armor|Amplified Armor||Armadura Amplificada|Усиленная броня|强化護甲|強化装甲|증폭된 방어구|Verstärkte Rüstung|Armure amplifiée|Armadura amplificada|Wzmocniony Pancerz
inc_name_armory|Armory||Arsenal|Оружейная|軍械庫|武器庫|무기고|Rüstungskammer|Armurerie|Armería|Zbrojownia
inc_name_oak_shield|Oak Shield||Escudo de Carvalho|Дубовый щит|橡木盾牌|樫の盾|참나무 방패|Eichenschild|Bouclier de chêne|Escudo de roble|Dębowa Tarcza
inc_name_bulwark|Bulwark||Baluarte|Защита|壁壘|防壁|방어벽|Bollwerk|Rempart|Baluarte|Ostoja
inc_name_phys_reduction|Physical Damage Reduction||Redução de Dano Físico|Снижение физического урона|物理傷害減免|物理ダメージ軽減|물리 데미지 감소|Reduzierung von physischem Schaden|Réduction des dégâts physiques|Reducción de daño físico|Zmniejszenie Obrażeń Fizycznych
inc_name_immortal_goliath|Immortal Goliath||Golias Imortal|Бессмертный Голиаф|不朽哥利亞|不死のゴリアテ|불멸의 골리앗|Unsterblicher Goliath|Goliath immortel|Goliat inmortal|Nieśmiertelny Goliat
inc_name_damage_return|Damage Return||Retorno de Dano|Возврат урона|傷害反彈|ダメージリターン|데미지 반출|Schadensrückgabe|Renvoi de dégâts|Devolución de daño|Zwrot Obrażeń
inc_name_thorned_vanguard|Thorned Vanguard||Vanguarda Espinhosa|Шипованный авангард|荊棘先锋|棘の先鋒|가시 돋친 선봉대|Dornige Vorhut|Avant-garde épineuse|Vanguardia de espinas|Kolczasty Awangard
inc_name_quillboar|Quillboar||Javali Espinhoso|Кивокарь|豪猪|クイルボア|깃털 멧돼지|Stachelschwein|Sanglier à piquants|Jabalí de púas|Quillboar
inc_name_burn_them_all|Burn Them All||Queime Todos|Сжечь их всех|焚燒一切|全てを焼き尽くせ|모두 불태워라|Verbrennt sie alle|Brûlez-les tous|Quémalos a todos|Spal ich Wszystkich
inc_name_soul_ignition|Soul Ignition||Ignição da Alma|Воспламенение души|靈魂點燃|魂の點火 |영혼 점화|Seelenentzündung|Allumage de l'âme|Ignición de alma|Zapalenie Duszy
inc_name_bad_gas|Bad Gas||Gás Maligno|Плохой газ|毒氣|悪臭ガス|나쁜 가스|Schlechtes Gas|Gaz nocif|Gas tóxico|Złe Gazy
inc_name_vital_heart|Vital Heart||Coração Vital|Жизненно важное сердце|活力之心|生命の心臓|생명의 심장|Lebensherz|Cœur vital|Corazón vital|Witalne Serce
inc_name_damage_taken_mana|Damage Taken Recovered as Mana||Dano Recebido Recuperado como Mana|Получаемый урон восстанавливается в виде маны|受到的傷害回復為魔力|受けたダメージをマナとして回復|받은 데미지를 마나로 회복|Erlittener Schaden wird als Mana wiederhergestellt|Dégâts subis récupérés sous forme de mana|Daño recibido recuperado como maná|Otrzymane Obrażenia Odzyskane jako Mana
inc_name_manafunnel|Mana Funnel||Funil de Mana|Воронка маны|魔力匯聚|マナファンネル|마나 깔때기|Mana-Trichter|Canal de mana|Embudo de maná|Lejek Many
inc_name_soldiers_prayer|Soldier´s Prayer||Oração do Soldado|Молитва солдата|士兵祈祷|兵士の祈り|병사의 기도|Gebet des Soldaten|Prière du soldat|Oración del soldado|Modlitwa Żołnierza
inc_name_feast_of_elements|Feast of the Elements||Festa dos Elementos|Пир стихий|元素盛宴|元素の饗宴|원소의 향연|Fest der Elemente|Festin des éléments|Festín de elementos|Uczta Żywiołów
inc_name_hulking_colossus|Hulking Colossus||Colosso Imponente|Огромный колосс |巨型哥利亞|巨大な巨像|거대한 거인|Gewaltiger Koloss|Colosse colossal|Coloso imponente|Potężny Kolos
inc_name_buff_aura_radius|Buffing Aura Radius||Raio da Aura de Aprimoramento|Радиус усиления ауры|增益光環半徑|強化オーラ範囲|버프 오라 범위|Radius der Stärkungsaura|Rayon d'aura de renforcement|Radio de aura de mejora|Promień Aury Buffującej
inc_name_damage_aura_radius|Damaging Aura Radius||Raio da Aura de Dano|Радиус урона ауры|傷害光環半徑|ダメージオーラ範囲|데미지 오라 범위|Radius der Schadensaura|Rayon d'aura de dégâts|Radio de aura de daño|Promień Aury Obrażającej
inc_name_divine_essence|Divine Essence||Essência Divina|Божественная сущность|神聖精華|神聖なるエッセンス|신성한 정수|Göttliche Essenz|Essence divine|Esencia divina|Boska Esencja
inc_name_buff_aura_effectiveness|Buffing Aura Effectiveness||Eficácia da Aura de Aprimoramento|Эффективность усиления ауры|增益光環效果|強化オーラ効果|버프 오라 효과 증가|Effektivität der Stärkungsaura|Efficacité de l'aura de renforcement|Efectividad de aura de mejora|Skuteczność Aury Buffującej
inc_name_holy_presence|Holy Presence||Presença Sagrada|Святое присутствие|神聖存在|聖なる存在|신성 존재감|Heilige Präsenz|Présence sacrée|Presencia sagrada|Święta Obecność
inc_name_leeching_defense|Leeching Defense||Defesa Sanguessuga|Защита путем высасывания|吸血防御|吸収防御|흡혈 방어|Verteidigungsentzug|Défense vampirique|Defensa de succión|Wysysająca Obrona
inc_name_divine_bulwark|Divine Bulwark||Baluarte Divino|Божественный бастион|神聖壁壘|神聖なる防壁|신성한 방벽|Göttliches Bollwerk|Rempart divin|Baluarte divino|Boska Ostoja
inc_name_vigor|Vigor||Vigor|Энергия|活力|活力|활력|Vitalität|Vigueur|Vigor|Wigor
inc_name_bloating_organs|Bloating Organs||Órgãos Inchados|Раздутые органы|膨脹器官|膨張する臓器|팽창하는 장기|Aufblähung Organe|Organes gonflés|Órganos inflamados|Wzdęte Organy
inc_name_immovable_object|Immovable Object||Objeto Imóvel|Неподвижный объект|不可動摇之物|動かせない物體|움직일 수 없는 물체|Unbewegliches Objekt|Objet inamovible|Objeto inamovible|Nieruchomy Obiekt
inc_name_colossus|Colossus||Colosso|Колосс|巨像|巨像|거대|Koloss|Colosse|Coloso|Kolos
inc_name_citadel|Citadel||Cidadela|Цитадель|壁壘|城塞|요새|Zitadelle|Citadelle|Ciudadela|Cytadela
inc_name_siphoning_cold|Siphoning Cold||Sifão de Frio|Высасывание холода|吸取冰冷|冷気の吸収|냉기 흡수|Kälte absaugen|Siphon de froid|Sifón de frío|Ssanie Zimna
inc_name_siphoning_fire|Siphoning Fire||Sifão de Fogo|Высасывание огня|吸取火焰|炎の吸収|불 흡수|Feuer absaugen|Siphon de feu|Sifón de fuego|Ssanie Ognia
inc_name_siphoning_poison|Siphoning Poison||Sifão de Veneno|Высасывание яда|吸取毒素|毒の吸収|독 흡수|Gift absaugen|Siphon de poison|Sifón de veneno|Ssanie Trucizny
inc_name_siphoning_arcane|Siphoning Arcane||Sifão de Arcano|Высасывание магии|吸取奥術|秘術の吸収|마법 흡수|Arkane Energie absaugen|Siphon d'arcane|Sifón arcano|Ssanie Arkany
inc_name_siphoning_lightning|Siphoning Lightning||Sifão de Relâmpago|Высасывание молнии|吸取閃電|雷の吸収|번개 흡수|Blitz absaugen|Siphon de foudre|Sifón de rayo|Ssanie Błyskawic
inc_name_agitation|Agitation||Agitação|Возбуждение|激怒|動揺|동조|Aufruhr|Agitation|Agitación|Agitacja
inc_name_armor_conversion|Armor Conversion||Conversão de Armadura|Преобразование брони|護甲轉換|装甲変換|갑옷 변환|Rüstungsumwandlung|Conversion d'armure|Conversión de armadura|Konwersja Pancerza
inc_name_shield_warrior|Shield Warrior||Guerreiro do Escudo|Воин со щитом|盾牌戰士|シールドウォーリアー|방패 전사 |Schildkrieger|Guerrier au bouclier|Guerrero con escudo|Wojownik Tarczy
inc_name_shield_maiden|Shield Maiden||Donzela do Escudo |Дева со щитом|盾牌少女|シールドメイデン|방패 여전사|Schildmaid|Demoiselle au bouclier|Doncella del escudo|Dziewica Tarczy
inc_name_blessed_vanguard|Blessed Vanguard||Vanguarda Abençoada|Благословенный авангард|祝福先锋|祝福された先鋒|축복받은 선봉대|Gesegnete Vorhut|Avant-garde bénie|Vanguardia bendita|Błogosławiony Awangard
inc_name_attack_range|Attack Range||Alcance de Ataque|Диапазон атаки|攻擊範圍|攻撃範囲|공격 범위|Angriffsreichweite|Portée d'attaque|Alcance de ataque|Zasięg Ataku
inc_name_shield_mastery|Shield Mastery||Maestria do Escudo|Мастерство щита|盾牌精通|シールドマスタリー|방패 숙련|Schildbeherrschung|Bouclier Maîtrise|Maestría con escudo|Mistrzostwo Tarczy
inc_name_evading_force|Evading Force||Força Evasiva|Уклонение от удара|閃避之力|回避力|회피력|Kraft ausweichen|Force d'esquive|Fuerza evasiva|Siła Uników
inc_name_lower_power|Lower Power||Poder Reduzido|Низшая сила|力量降低|パワー低下|힘 감소|Geringere Kraft|Puissance réduite|Poder reducido|Niższa Moc
inc_name_lost_resistances|Lost Resistances||Resistências Perdidas|Потерянные сопротивления|抗性喪失|抵抗力喪失|저항력 상실|Verlorene Resistenzen|Résistances perdues|Resistencias perdidas|Utracone Odporności
inc_name_absolute_weakness|Absolute Weakness||Fraqueza Absoluta|Абсолютная слабость|絕對弱點|絶対的な弱點|절대적 약화|Absolute Schwäche|Faiblesse absolue|Debilidad absoluta|Absolutna Słabość
inc_name_just_dont_get_hit|Just Dont Get Hit||Simplesmente Não Seja Atingido|Просто не получайте ударов|别被擊中就好|攻撃を受けないこと|맞지 않기|Lass dich bloß nicht treffen|Évitez les coups|Simplemente no dejes que te golpeen|Po Prostu Nie Daj Się Trafić
inc_name_power_of_weakness|Power of Weakness||Poder da Fraqueza|Сила слабости|弱點之力|弱點の力|약화의 힘|Macht der Schwäche|Pouvoir de la faiblesse|Poder de la debilidad|Moc Słabości
inc_name_power_of_mitigation|Power of Mitigation||Poder da Mitigação|Сила смягчения|減免之力|軽減の力|데미지 경감의 힘|Kraft der Schadensminderung|Pouvoir d'atténuation|Poder de mitigación|Moc Łagodzenia
inc_name_mana_tank|Mana Tank||Tanque de Mana|Танк маны|魔力坦克|マナタンク|마나 탱커|Mana-Tank|Réserve de mana|Tanque de maná|Czołg Many
inc_name_echoing_thorns|Echoing Thorns||Espinhos Ecoantes|Эхо шипов|回響荊棘|反響する棘|메아리치는 가시|Echoende Dornen|Épines résonnantes|Espinas resonantes|Rozbrzmiewające Kolce
inc_name_sharp_thorns|Sharp Thorns||Espinhos Afiados|Острые шипы|尖锐荊棘|鋭い棘|날카로운 가시|Scharfe Dornen|Épines acérées|Espinas afiladas|Ostre Kolce
inc_name_magic_tolerance|Magic Tolerance||Tolerância Mágica|Устойчивость к магии|魔法耐受|魔法耐性|마법 내성|Magische Toleranz|Tolérance magique|Tolerancia mágica|Tolerancja Magiczna
inc_name_physical_tolerance|Physical Tolerance||Tolerância Física|Устойчивость к физическому воздействию|物理耐受|物理寛容|물리 내성|Physische Toleranz|Tolérance physique|Tolerancia física|Tolerancja Fizyczna
inc_name_spiritual_fullfilment|Spiritual Fulfilment||Realização Espiritual|Духовное исполнение|滿足靈魂|精神的な充足|영적 충족|Spirituelle Erfüllung|Épanouissement spirituel|Plenitud espiritual|Duchowe Spełnienie
inc_name_vital_spirituality|Vital Spirituality||Espiritualidade Vital|Жизненно важная духовность|靈性活力|活力に満ちた精神性|활력 넘치는 영성|Lebenskraft|Spiritualité vitale |Espiritualidad vital|Witalna Duchowość
inc_name_delayed_gratification|Delayed Gratification||Gratificação Adiada|Отложенное удовлетворение|延遲滿足|遅延された満足|지연된 만족|Verzögerte Belohnung|Gratification différée|Gratificación postergada|Opóźniona Satysfakcja
inc_name_monsters_rest_in_peace|Monsters Rest in Peace||Monstros Descansam em Paz|Монстры покоятся с миром|怪物安息|モンスターよ、安らかに眠れ|괴물들의 안식|Monster ruhen in Frieden|Les monstres reposent en paix|Que los monstruos descansen en paz|Potwory Spoczywają w Pokoju
inc_name_peace_after_death|Peace After Death||Paz Após a Morte|Мир после Смерть|死亡後的安寧|死後の平和|사후의 평화|Frieden nach dem Tod|Paix après la mort|Paz tras la muerte|Pokój po Śmierci
inc_name_damage_return_bosses|Damage Returned against Bosses||Dano Devolvido contra Chefes|Возвращаемый урон боссам|對首領的傷害反彈|ボスへのダメージ反射|보스에게 되돌려주는 데미지|Schaden wird von Bossen zurückgeworfen|Dégâts infligés aux boss|Daño devuelto contra jefes|Obrażenia Zwrócone wobec Bossów
inc_name_colossus_slayer|Colossus Slayer||Matador de Colossos|Убийца Колоссов|巨像殺手|巨像殺し|거대 사냥꾼|Koloss-Bezwinger|Tueur de colosses|Asesino de colosos|Pogromca Kolosów
inc_name_returned_echo|Returned Echo||Eco Retornado|Возвращаемое эхо|回響反彈|反響する残響|되돌아오는 메아리|Zurückgekehrtes Echo|Écho renvoyé|Eco devuelto|Rozbrzmiewające Echo
inc_name_echoing_till_failure|Echoing Till Failure||Ecoando Até a Falha|Эхо до провала|回響直到失败|失敗まで続く残響|실패할 때까지 메아리치기|Echo bis zum Scheitern|Écho de l'échec|Resonancia hasta el fallo|Echo aż do Porażki
inc_name_suppressive_toughness|Suppressive Toughness||Resistência Supressiva|Подавляющая стойкость|壓抑韌性|抑制的な強靭さ|억압적인 강인함|Unterdrückende Zähigkeit|Résistance au suppresseur|Tenacidad supresora|Tłumiąca Wytrzymałość
inc_name_defensive_fighter|Defensive Fighter||Lutador Defensivo|Защитный боец|防御戰士|防御型ファイター|방어적인 전사|Defensiver Kämpfer|Combattant défensif|Luchador defensivo|Bojownik Obronny
inc_name_from_defense_to_offense|From Defense to Offense||Da Defesa para o Ataque|От защиты к нападению|從防御轉為進攻|防御から攻撃へ|방어에서 공격으로|Vom Angriff zum Verteidigungsmodus|De la défense à l'attaque|De la defensa al ataque|Z Obrony na Ofensywę
inc_name_defensive_battlemage|Defensive Battlemage||Mago de Batalha Defensivo|Защитный боевой маг|防御戰鬥法師|防御型バトルメイジ|방어적인 전투 마법사|Defensiver Kampfmagier|Mage de bataille défensif|Mago de batalla defensivo|Obronny Mag Bitewny
inc_name_from_defense_to_wizard|From Defense to Wizard||Da Defesa para o Mago|От защиты к волшебнику|從防御轉為法師|防御から魔法使いへ |방어에서 마법사로|Vom Verteidigungsmodus zum Zauberer|De la défense à la magie|De la defensa a la magia|Z Obrony na Czarodzieja
inc_name_fire_resistance|Fire Resistance||Resistência ao Fogo|Сопротивление огню|火焰抗性|火炎耐性|불 저항|Feuerresistenz|Résistance au feu|Resistencia al fuego|Odporność na Ogień
inc_name_cold_resistance|Cold Resistance||Resistência ao Frio|Сопротивление холоду|冰霜抗性|冷気耐性|냉기 저항|Kälteresistenz|Résistance au froid|Resistencia al frío|Odporność na Zimno
inc_name_lightning_resistance|Lightning Resistance||Resistência ao Relâmpago|Сопротивление молнии|閃電抗性|雷耐性|번개 저항|Blitzresistenz|Résistance à la foudre|Resistencia al rayo|Odporność na Błyskawice
inc_name_poison_resistance|Poison Resistance||Resistência ao Veneno|Сопротивление яду|毒素抗性|毒耐性|독 저항|Giftresistenz|Résistance au poison|Resistencia al veneno|Odporność na Truciznę
inc_name_arcane_resistance|Arcane Resistance||Resistência Arcana|Сопротивление магии|奥術抗性|秘術耐性|아케인 저항|Arkanresistenz|Résistance aux arcanes|Resistencia arcana|Odporność Arkaniczna
inc_name_vanguard_of_fire|Vanguard of Fire||Vanguarda do Fogo|Авангард огня|火焰先鋒|炎の先鋒|불의 선봉대|Vorhut des Feuers|Avant-garde du feu|Vanguardia del fuego|Awangard Ognia
inc_name_vanguard_of_cold|Vanguard of Cold||Vanguarda do Frio|Авангард холода|冰冷先鋒|冷気の先鋒|냉기의 선봉대|Vorhut der Kälte|Avant-garde du froid|Vanguardia del frío|Awangard Zimna
inc_name_vanguard_of_lightning|Vanguard of Lightning||Vanguarda do Relâmpago|Авангард молнии|閃電先鋒|雷の先鋒|번개의 선봉대|Vorhut des Blitzes|Avant-garde de la foudre|Vanguardia del rayo|Awangard Błyskawic
inc_name_vanguard_of_poison|Vanguard of Poison||Vanguarda do Veneno|Авангард яда|毒素先鋒|毒の先鋒|독의 선봉대|Vorhut des Giftes|Avant-garde du poison|Vanguardia del veneno|Awangard Trucizny
inc_name_vanguard_of_arcane|Vanguard of Arcane||Vanguarda Arcana|Авангард магии|奥術先鋒|秘術の先鋒|아케인의 선봉대|Vorhut der Arkanen Magie|Avant-garde arcanique|Vanguardia arcana|Awangard Arkany
inc_name_light_radius|Light Radius||Raio de Luz|Световой радиус|光照半徑|光の範囲|빛 반경|Lichtradius|Éclair|Radio de luz|Promień Światła
inc_name_light_in_dark|Light In The Dark||Luz na Escuridão|Свет во тьме|黑暗中的光芒|暗闇の中の光|어둠 속의 빛|Licht in der Dunkelheit|Lumière dans les ténèbres|Luz en la oscuridad|Światło w Ciemności
inc_name_powerfunnel|Powerfunnel||Canalização de Poder|Воронка энергии|力量匯聚|パワーファネル|파워펀넬|Krafttrichter|Canalisation de la puissance|Canalización de poder|Lejek Mocy
inc_name_powerfunneled_lifespan|Powerfunneled Lifespan||Poder Canalizado Duração da Vida|Продолжительность жизни, увеличенная за счет воронки энергии|力量匯聚壽命|パワーファネルによる寿命|파워펀넬 수명|Krafttrichter-Lebensdauer|Durée de vie de la puissance canalisée|Duración de vida potenciada|Żywotność Nasączona Lejkiem Mocy
inc_name_deflecting_aegis|Deflecting Aegis||Égide Defletora|Отражающий щит|偏轉神盾|偏向の盾|방어하는 방패|Ablenkende Aegis|Égide déviante|Égida deflectora|Odbijająca Aegida
inc_name_vanguard_of_storm|Vanguard of Storm||Vanguarda da Tempestade|Авангард бури|風暴先锋|嵐の先鋒|폭풍의 선봉대|Vorhut des Sturms|Avant-garde des tempêtes|Vanguardia de la tormenta|Awangard Burzy
inc_name_hurricane_of_bones|Hurricane of Bones||Furacão de Ossos|Ураган костей|白骨颶風|骨のハリケーン|뼈의 허리케인|Hurrikan der Knochen|Ouragan d'os|Huracán de huesos|Huragan Kości
inc_name_shield_skill_damage|Shield Skill Damage||Dano de Habilidade com Escudo|Урон от навыков щита|盾牌技能傷害|シールドスキルダメージ|방패 스킬 데미지|Schildfertigkeitsschaden|Dégâts des compétences de bouclier|Daño de habilidad de escudo|Obrażenia Umiejętności Tarczy
inc_name_commander_of_tarethiel|Commander of Tarethiel||Comandante de Tarethiel|Командир Таретиэля|塔雷希爾指挥官|タレシエルの司令官|타레티엘의 사령관|Kommandant von Tarethiel|Commandant de Tarethiel|Comandante de Tarethiel|Dowódca Tarethiel
inc_name_bulwark_of_tarethiel|Bulwark of Tarethiel||Baluarte de Tarethiel|Защитный щит Таретиэля|塔雷希爾壁壘|タレシエルの防壁|타레티엘의 요새|Bollwerk von Tarethiel|Bastion de Tarethiel|Baluarte de Tarethiel|Ostoja Tarethiel
inc_name_extra_projectile_chance|Extra Projectile Chance||Chance Extra de Projétil|Дополнительный шанс снаряда|額外投射物幾率|追加投射物確率|추가 투사체 확률|Zusätzliche Projektilchchance|Bonus de chance de projectile|Probabilidad de proyectil adicional|Szansa na Dodatkowy Pocisk
inc_name_artillery|Artillery||Artilharia|Артиллерия|砲術|砲撃|포병|Artillerie|Artillerie|Artillería|Artyleria
inc_name_ranger_expertise|Ranger Expertise||Especialização de Patrulheiro|Экспертиза рейнджера|游侠专精|レンジャーの熟練度|레인저 전문성|Waldläufer-Expertise|Spécialisation éclaireur|Especialización de explorador|Ekspertyza Rangera
inc_name_maximum_damage|Maximum Damage||Dano Máximo|Максимальный урон|最大傷害|最大ダメージ|최대 데미지|Maximaler Schaden|Dégâts maximums|Daño máximo|Maksymalne Obrażenia
inc_name_shield_wielders_carnage|Shield Wielder´s Carnage||Carnificina do Portador de Escudo|Резня щитоносца|持盾殺戮|盾使いの殺戮|방패 사용자의 학살|Gemetzel des Schildträgers|Carnage du porteur de bouclier|Carnicería del portador de escudo|Rzeź Posiadacza Tarczy
inc_name_minimum_damage|Minimum Damage||Dano Mínimo|Минимальный урон|最小傷害|最小ダメージ|최소 데미지|Minimaler Schaden|Dégâts minimums|Daño mínimo|Minimalne Obrażenia
inc_name_shield_wielders_baseline|Shield Wielder´s Baseline||Dano Base do Portador de Escudo|Базовый урон щитоносца|持盾基準|盾使いの基本|방패 사용자의 기본 공격력|Grundwert des Schildträgers|Dégâts de base du porteur de bouclier|Base del portador de escudo|Baza Posiadacza Tarczy
inc_name_shield_wielders_vigor|Shield Wielder´s Vigor||Vigor do Portador de Escudo|Щит Сила Владельца|持盾活力|盾使いの活力|방패 사용자의 활력|Vitalität des Schildträgers|Vigueur des dégâts du porteur de bouclier|Vigor del portador de escudo|Wigor Posiadacza Tarczy
inc_name_jewelry|Jewelry||Joias|Ювелирные изделия|珠寶|宝石|장신구|Schmuck|Joyaux|Joyería|Biżuteria
inc_name_black_hole|Black Hole||Buraco Negro|Черная дыра|黑洞|ブラックホール|블랙홀|Schwarzes Loch|Trou noir|Agujero negro|Czarna Dziura
inc_name_all_attributes|All Attributes||Todos os Atributos |Все атрибуты |全屬性|全属性 |모든 능력치|Alle Attribute|Tous les attributs |Todos los atributos|Wszystkie Atrybuty
inc_name_slug_slinger|Slug Slinger||Lançador de Projéteis|Метатель слизней|彈丸射手|スラッグ・スリンガー|점액탄 사수|Schleimschleuderer|Lance-limaces|Lanzador de Balas|Wyrzutca Pocisków
inc_name_ranged_projectile_speed|Ranged Projectile Speed||Velocidade de Projétil à Distância|Скорость полета снаряда на дальнем расстоянии|遠程投射物速度|遠距離投射物速度|원거리 투사체 속도|Geschwindigkeit von Fernkampfgeschossen|Vitesse des projectiles à distance|Velocidad de Proyectiles a Distancia|Szybkość pocisków dystansowych
inc_name_flying_debris|Flying Debris||Destroços Voadores|Летающие обломки|飛散碎片|飛散する破片|날아오는 파편|Fliegende Trümmer|Débris volants|Escombros Voladores|Lecące odłamki
inc_name_melee_projectile_speed|Melee Projectile Speed||Velocidade de Projétil Corpo a Corpo|Скорость снаряда в ближнем бою|近戰投射物速度|近接投射物速度|근접 투사체 속도|Geschwindigkeit von Nahkampfgeschossen|Vitesse des projectiles de mêlée|Velocidad de Proyectiles Cuerpo a Cuerpo|Szybkość pocisków w walce wręcz
inc_name_magic_damage_mitigation|Magic Damage Mitigation||Mitigação de Dano Mágico|Снижение магического урона|減免魔法傷害|魔法ダメージ軽減|마법 데미지 경감|Magieschadensreduzierung|Réduction des dégâts magiques|Mitigación de Daño Mágico|Redukcja obrażeń magicznych
inc_name_anti_magic_shell|Anti-Magic Shell||Escudo Antimagia|Антимагическая оболочка|反魔法護盾|アンチマジック・シェル|안티-매직 보호막|Antimagische Hülle|Bouclier antimagique|Caparazón Antimágico|Powłoka antymagiczna
inc_name_elemental_light_radius|Elemental Light Radius||Raio de Luz Elemental|Радиус элементарного света|元素照亮範圍|エレメンタル・ライトの範囲|원소 빛 반경|Elementarer Lichtradius|Rayon de lumière élémentaire|Radio de Luz Elemental|Promień światła żywiołu
inc_name_light_in_darkness|Light in the Darkness||Luz na Escuridão|Свет во тьме|黑暗微光|暗闇の光|어둠 속의 빛|Licht in der Dunkelheit|Lumière dans les ténèbres|Luz en la Oscuridad|Światło w ciemności
inc_name_lingering_frostbite|Lingering Frostbite||Congelamento Persistente|Затяжное обморожение|持續凍傷|持続する凍傷|지속되는 동상|Anhaltende Erfrierung|Gelure persistante|Escarcha Persistente|Utrzymujące się odmrożenie
inc_name_lingering_shadowburn|Lingering Shadowburn||Queimadura Sombria Persistente|Затяжное ожог тени|持續影灼|持続するシャドウバーン|지속되는 그림자 화상|Anhaltender Schattenbrand|Brûlure d'ombre persistante|Quemadura Umbría Persistente|Utrzymujące się wypalenie cieniem
inc_name_lingering_poison|Lingering Poison||Veneno Persistente|Длительное действие яда|持續中毒|持続する毒|지속되는 독|Anhaltendes Gift|Poison persistant|Veneno Persistente|Utrzymująca się trucizna
inc_name_lingering_burn|Lingering Burning||Queimadura Persistente|Затяжное жжение|持續燃燒|持続する炎上|지속되는 화상|Anhaltendes Brennen|Brûlure persistante|Quemadura Persistente|Utrzymujące się podpalenie
inc_name_lingering_stasis|Lingering Stasis||Estase Persistente|Длительный застой|持續停滯|持続するステイシス|지속되는 정체|Anhaltende Stasis|Stase persistante|Stasis Persistente|Utrzymująca się staza
inc_name_frostbite_duration|Frostbite Duration||Duração do Congelamento|Продолжительность обморожения|凍傷持續時間|凍傷の持続時間|동상 지속시간|Dauer der Erfrierung|Durée de la gelure|Duración de Escarcha|Czas trwania odmrożenia
inc_name_shadowburn_duration|Shadowburn Duration||Duração da Queimadura Sombria|Длительность эффекта «теневого ожога»|影灼持續時間|シャドウバーンの持続時間|그림자 화상 지속시간|Dauer des Schattenbrands|Durée de la brûlure d'ombre|Duración de Quemadura Umbría|Czas trwania wypalenia cieniem
inc_name_poisoned_duration|Poisoned Duration||Duração do Envenenamento|Продолжительность отравления|中毒持續時間|毒状態の持続時間|독 지속시간|Dauer der Vergiftung|Durée de l'empoisonnement|Duración de Envenenamiento|Czas trwania zatrucia
inc_name_burning_duration|Burning Duration||Duração da Queimadura|Продолжительность горения|燃燒持續時間|炎上の持続時間|화상 지속시간|Dauer des Brennens|Durée de la brûlure|Duración de Quemadura|Czas trwania podpalenia
inc_name_stasis_duration|Stasis Duration||Duração da Estase|Продолжительность стазиса|停滯持續時間|ステイシスの持続時間|정체 지속시간|Dauer der Stasis|Durée de la stase|Duración de Stasis|Czas trwania stazy
inc_name_deadeye_marksman|Deadeye Marksman||Atirador de Elite|Меткий стрелок|神射手|デッドアイ・マークスマン|데드아이 명사수|Scharfschütze|Tireur d'élite|Francotirador Certero|Celny Strzelec
inc_name_multishot_chance|Multishot Chance||Chance de Disparo Múltiplo|Шанс на многократный выстрел|多重射擊機率|マルチショット発生率|멀티샷 확률|Mehrfachschuss-Chance|Chance de tir multiple|Probabilidad de Disparo Múltiple|Szansa na wielokrotny strzał
inc_name_bow_multishot_chance|Bow Multishot Chance||Chance de Disparo Múltiplo com Arco|Шанс на многократный выстрел из лука|弓箭多重射擊機率|弓のマルチショット発生率|활 멀티샷 확률|Bogen-Mehrfachschuss-Chance|Chance de tir multiple (arc)|Probabilidad de Disparo Múltiple con Arco|Szansa na wielokrotny strzał z łuku
inc_name_wall_banger|Wallbanger||Atravessador de Paredes|Уоллбангер|撞牆反彈|ウォールバンガー|벽 관통|Wandtreffer|Ricochet mural|Rompeparedes|Przebijacz Ścian
inc_name_leap_skill_damage|Leap Skill Damage||Dano de Habilidade de Salto|Урон от навыка «Прыжок»|跳躍技能傷害|リープスキルのダメージ|도약 스킬 데미지|Schaden durch Sprungfertigkeiten|Dégâts de compétence de saut|Daño de Habilidades de Salto|Obrażenia umiejętności skoku
inc_name_deadly_parkour|Deadly Parkour||Parkour Mortal|Смертоносный паркур|致命跑酷|デッドリー・パルクール|치명적인 파쿠르|Tödlicher Parkour|Parkour mortel|Parkour Mortal|Zabójczy parkour
inc_name_fire_break|Fire Break||Ruptura de Fogo|Противопожарная полоса|火焰破甲|ファイア・ブレイク|불 파괴|Feuer-Durchbruch|Rupture de feu|Ruptura Ígnea|Przełamanie ognia
inc_name_fulminating_flames|Fulminating Flames||Chamas Fulminantes|Взрывающееся пламя|猛烈火焰|爆発する炎|폭발하는 화염|Explosive Flammen|Flammes fulminantes|Llamas Fulminantes|Wybuchowe płomienie
inc_name_piercing_ignition|Piercing Ignition||Ignição Perfurante|Проникающее воспламенение|穿透點燃|貫通する着火|관통하는 점화|Durchdringende Entzündung|Embrasement perçant|Ignición Perforante|Przebijający zapłon
inc_name_heart_of_fire|Heart of Fire||Coração de Fogo|Сердце огня|烈火之心|炎の心臓|불의 심장|Herz des Feuers|Cœur de feu|Corazón de Fuego|Serce ognia
inc_name_poison_break|Poison Break||Ruptura de Veneno|Ядовитый перерыв|劇毒破甲|ポイズン・ブレイク|독 파괴|Gift-Durchbruch|Rupture de poison|Ruptura del Veneno|Przełamanie trucizny
inc_name_corroded_veins|Corroded Veins||Veias Corroídas|Коррозированные вены|腐蝕脈絡|腐食する血管|부식된 혈맥|Korrodierte Adern|Veines corrodées|Venas Corroídas|Skorodowane żyły
inc_name_piercing_toxins|Piercing Toxins||Toxinas Perfurantes|Токсины, проникающие в кожу|穿透毒素|貫通する毒素|관통하는 독소|Durchdringende Toxine|Toxines perçantes|Toxinas Perforantes|Przebijające toksyny
inc_name_vile_pustules|Vile Pustules||Pústulas Vis|Мерзкие гнойнички|邪惡膿疱|邪悪な膿疱|사악한 농포|Bösartige Pusteln|Pustules immondes|Pústulas Viles|Wstrętne krosty
inc_name_arcane_break|Arcane Break||Ruptura Arcana|Тайный Разрыв|奧術破甲|アーケイン・ブレイク|아케인 파괴|Arkaner Durchbruch|Rupture arcanique|Ruptura Arcana|Przełamanie magii tajemnej
inc_name_suffocating_touch|Suffocating Touch||Toque Sufocante|Удушающее прикосновение|窒息之觸|窒息の接触|질식의 손길|Erstickende Berührung|Toucher suffocant|Toque Asfixiante|Duszący dotyk
inc_name_piercing_essence|Piercing Essence||Essência Perfurante|Эссенция для пирсинга|穿透精華|貫通するエッセンス|관통하는 정수|Durchdringende Essenz|Essence perçante|Esencia Perforante|Przebijająca esencja
inc_name_arcana_destruction|Arcana Destruction||Destruição Arcana|Разрушение Арканы|奧術毀滅|魔力の破壊|아르카나 파괴|Arkane Zerstörung|Destruction arcanique|Destrucción Arcana|Destrukcja magii tajemnej
inc_name_lightning_break|Lightning Break||Ruptura de Raio|Молниеносный перерыв|閃電破甲|ライトニング・ブレイク|번개 파괴|Blitz-Durchbruch|Rupture de foudre|Ruptura Eléctrica|Przełamanie błyskawic
inc_name_essence_of_storm|Essence of Storm||Essência da Tempestade|Суть бури|風暴精華|嵐のエッセンス|폭풍의 정수|Essenz des Sturms|Essence de la tempête|Esencia de la Tormenta|Esencja burzy
inc_name_piercing_stasis|Piercing Stasis||Estase Perfurante|Пронзающий стазис|穿透停滯|貫通するステイシス|관통하는 정체|Durchdringende Stasis|Stase perçante|Stasis Perforante|Przebijająca staza
inc_name_storm_turbulence|Storm Turbulence||Turbulência da Tempestade|Штормовая турбулентность|風暴亂流|嵐の乱気流|폭풍의 격동|Sturm-Turbulenz|Turbulences de tempête|Turbulencia de Tormenta|Turbulencje burzy
inc_name_cold_break|Cold Break||Ruptura de Gelo|Холодный перерыв|冰霜破甲|コールド・ブレイク|냉기 파괴|Kälte-Durchbruch|Rupture de froid|Ruptura Gélida|Przełamanie chłodu
inc_name_festering_cold|Festering Cold||Frio Purulento|Гнойная простуда|潰爛寒霜|蝕む冷気|곪아가는 냉기|Schwärende Kälte|Froid purulent|Frío Infeccioso|Raniący chłód
inc_name_piercing_frostburn|Piercing Frostburn||Queimadura de Gelo Perfurante|Пронизывающий обморожение|穿透霜灼|貫通する凍傷の火傷|관통하는 프로스트번|Durchdringender Frostbrand|Brûlure de givre perçante|Escarcha Perforante|Przebijające odmrożenie
inc_name_avalanche_of_boulders|Avalanche of Boulders||Avalanche de Rochas|Лавина валунов|巨石崩落|岩塊の雪崩|바위의 눈사태|Felslawine|Avalanche de rochers|Avalancha de Rocas|Lawina głazów
inc_name_rays_of_magic|Rays of Magic||Raios de Magia |Лучи Магии|魔法光束|魔法の光線 |마법의 광선|Magische Strahlen |Rayons magiques |Rayos de Magia|Promienie magii
|||||||||||
inc_execution|Excecution Treshold||Limite de Execução|Порог исполнения|斬殺閾値|処刑発動ライン|처형 기준치|Hinrichtungsschwelle|Cumuls maximums|Umbral de Ejecución|Próg egzekucji
inc_area_of_effect_momentum|Area of Effect radius per stack||Raio da área de efeito por acúmulo|Радиус зоны действия на каждый стопку|每層效果範圍半徑|スタックごとの効果範囲（半径）|스택당 광역 반경|Radius des Wirkungsbereichs pro Stapel|Rayon de la zone d'effet par cumul|Radio de área de efecto por acumulación|Promień obszaru działania na ładunek
inc_area_of_effect_momentum_stack|Maximum Stacks||Máximo de acúmulos|Максимальное количество стопок|最大層數|最大スタック数|최대 스택|Maximale Stapelanzahl|Cumuls maximums|Acumulaciones Máximas|Maksymalna liczba ładunków
inc_the_ripper|Chance on hit to unleash multiple piercing daggers flying in a cone dealing damage.||Chance ao acertar de disparar múltiplas adagas perfurantes em cone, causando dano.|При попадании появляется шанс выпустить несколько пронзающих кинжалов, летящих конусом и наносящих урон.|擊中時有幾率釋放多把穿透匕首呈扇形飛出並造成傷害。|ヒット時、扇状に貫通する複数の短剣を放ちダメージを与える確率|명중 시 일정 확률로 여러 개의 관통 단검을 원뿔 형태로 발사하여 데미지를 가합니다.|Chance bei Treffer, mehrere durchschlagende Dolche in einem Kegel freizusetzen, die Schaden verursachen.|Chance, à l'impact, de libérer plusieurs dagues perforantes en cône infligeant des dégâts.|Probabilidad al golpear de lanzar múltiples dagas perforantes en forma de cono que infligen daño.|Szansa przy trafieniu na uwolnienie wielu przebijających sztyletów lecących w stożku i zadających obrażenia.
inc_dagger_physical_damage_f|to Physical Damage while wielding a Dagger||Dano Físico ao empunhar uma Adaga|к физическому урону при использовании кинжала|使用匕首時的物理傷害|短剣装備時の物理ダメージ|단검 착용 시 물리 데미지 증가|Physischer Schaden bei Verwendung eines Dolches|Dégâts physiques en maniant une dague|al Daño Físico al empuñar una Daga|do obrażeń fizycznych podczas władania sztyletem
inc_dagger_physical_damage_enhanced|to Enhanced Damage while wielding a Dagger||Dano Aumentado ao empunhar uma Adaga|для увеличения урона при использовании кинжала|使用匕首時的增加傷害|短剣装備時のダメージ強化|단검 착용 시 강화 데미지 증가|Erhöhter Schaden bei Verwendung eines Dolches|Dégâts accrus en maniant une dague|al Daño Mejorado al empuñar una Daga|do zwiększonych obrażeń podczas władania sztyletem
inc_melee_projectile_damage|Increased Melee Projectile Damage||Dano de Projétil Corpo a Corpo Aumentado|Увеличенный урон от снарядов ближнего боя|增加近戰投射物傷害|近接投射物ダメージ増加|근접 투사체 데미지 증가|Erhöhter Schaden durch Nahkampfprojektile|Dégâts accrus des projectiles de mêlée|Daño de Proyectiles Cuerpo a Cuerpo aumentado|Zwiększone obrażenia pocisków w walce wręcz
inc_melee_projectile_critical_damage|Increased Melee Projectile Critical Damage||Dano Crítico de Projétil Corpo a Corpo Aumentado|Увеличен критический урон от снарядов ближнего боя.|增加近戰投射物暴擊傷害|近接投射物クリティカルダメージ増加|근접 투사체 치명타 데미지 증가|Erhöhter kritischer Schaden durch Nahkampfprojektile|Dégâts critiques accrus des projectiles de mêlée|Daño Crítico de Proyectiles Cuerpo a Cuerpo aumentado|Zwiększone obrażenia krytyczne pocisków w walce wręcz
inc_melee_projectile_size|Increased Melee Projectile Size||Tamanho de Projétil Corpo a Corpo Aumentado|Увеличен размер снаряда ближнего боя|增加近戰投射物大小|近接投射物サイズ増加|근접 투사체 크기 증가|Erhöhte Größe von Nahkampfprojektilen|Taille accrue des projectiles de mêlée|Tamaño de Proyectiles Cuerpo a Cuerpo aumentado|Zwiększony rozmiar pocisków w walce wręcz
inc_explosion_skills|to Explosion Skills||para Habilidades de Explosão|к навыкам взрыва|爆炸技能|爆発スキルへの補正|폭발 스킬 증가|Bonus für Explosionsfertigkeiten|Bonus aux compétences d'explosion|a las Habilidades de Explosión|do umiejętności wybuchowych
inc_skill_stacks|to Maximum Skill Stacks||para Acúmulos Máximos da Habilidade|до максимального количества навыков|技能最大層數|スキル最大スタック数への補正|최대 스킬 스택 증가|Bonus für maximale Fertigkeitsstapel|Bonus au nombre maximal de cumuls de compétence|a las Acumulaciones Máximas de Habilidad|do maksymalnej liczby ładunków umiejętności
inc_malicious_veins|of Maximum life dealt as Arcane Damage||de Vida Máxima causado como Dano Arcano|Максимальное количество здоровья, наносимое в виде магического урона|將最大生命值的特定比例轉換為奧術傷害|最大ライフの一定割合を魔力（Arcane）ダメージとして与える|최대 생명력의 일부를 아케인 데미지로 가함|Prozentsatz des maximalen Lebens als Arkanschaden verursacht|Pourcentage de la vie maximale infligé en tant que dégâts arcaniques|de la vida máxima infligido como Daño Arcano|jako obrażenia tajemne (wartość zależna od maksymalnego zdrowia)
inc_reduced_movement_speed|Reduced Movement Speed||Velocidade de Movimento Reduzida|Сниженная скорость передвижения|降低移動速度|移動速度低下|이동 속도 감소|Verringerte Bewegungsgeschwindigkeit|Vitesse de déplacement réduite|Velocidad de Movimiento reducida|Zmniejszona prędkość ruchu
inc_struck_effectiveness|Increased Struck Skill effectiveness||Eficácia da Habilidade Atingida Aumentada|Повышена эффективность удара.|受擊技能效果增加|被弾時発動スキルの効果増加|피격 스킬 효과 증가|Erhöhte Effektivität der getroffenen Fertigkeit|Efficacité accrue de la compétence déclenchée|Eficacia aumentada de las Habilidades al ser Golpeado|Zwiększona skuteczność trafionej umiejętności
inc_struck_level|to Level of Struck Skills||para Nível de Habilidades Atingidas|до уровня навыков удара|受擊技能等級|被弾時発動スキルのレベルへの補正|피격 스킬 레벨 증가|Bonus auf die Stufe der getroffenen Fertigkeiten|Bonus au niveau de la compétence déclenchée|al nivel de las Habilidades al ser Golpeado|do poziomu trafionych umiejętności
inc_charging_damage_per_vitality|Increased Charge Skill damage per point in Vitality||Dano de Habilidade de Carga Aumentado por ponto em Vitalidade|Увеличенный урон от навыка «Заряд» за каждое очко в живучести.|每點體力增加衝鋒技能傷害|Vitality（生命力）の値に応じたチャージスキルダメージ増加|활력 포인트당 돌진 스킬 데미지 증가|Erhöhter Schaden von Aufladefertigkeiten pro Punkt in Vitalität|Dégâts accrus de la compétence de charge par point de Vitalité|Daño de Habilidades de Carga aumentado por cada punto de Vitalidad|Zwiększone obrażenia umiejętności typu szarża za każdy punkt Witalności
inc_damage_return_p|Increased Damage Returned||Dano Retornado Aumentado|Увеличенный возвращаемый урон|增加反射傷害|反射ダメージ増加|데미지 반사 증가|Erhöhter reflektierter Schaden|Dégâts renvoyés accrus|Daño Reflejado aumentado|Zwiększone obrażenia zwrotne
inc_projectile_skills|to Projectile Skills||para Habilidades de Projétil|к навыкам метания снарядов|投射物技能|投射物スキルへの補正|투사체 스킬 증가|Bonus für Projektilfertigkeiten|Bonus aux compétences de projectile|a las Habilidades de Proyectiles|do umiejętności wykorzystujących pociski
inc_fire_break|Increased Fire Break||Ruptura de Fogo Aumentada|Усиленная противопожарная полоса|增加火焰破甲|炎上ブレイク（Fire Break）増加|불 파괴 증가|Erhöhter Feuerschaden-Durchbruch|Rupture de feu accrue|Ruptura Ígnea aumentada|Zwiększone obrażenia efektu Fire Break
inc_fire_break_crit_chance|Chance for Critical Fire Break||Chance de Ruptura de Fogo Crítica|Шанс на создание критического огненного барьера|火焰破甲暴擊機率|炎上ブレイクのクリティカル発生率|크리티컬 불 파괴 발동 확률|Chance auf kritischen Feuerschaden-Durchbruch|Chance de rupture de feu critique|Probabilidad de Ruptura Ígnea Crítica|Szansa na krytyczny efekt Fire Break
inc_fire_break_crit_damage|Critical Fire Break Damage||Dano de Ruptura de Fogo Crítica|Критический урон от пробития огня|火焰破甲暴擊傷害|炎上ブレイクのクリティカルダメージ|크리티컬 불 파괴 데미지|Schaden bei kritischem Feuerschaden-Durchbruch|Dégâts de rupture de feu critique|Daño de Ruptura Ígnea Crítica|Obrażenia krytyczne efektu Fire Break
inc_heart_of_fire|Chance to unleash Heart of Fire on Fire hit||Chance de liberar Coração de Fogo ao acertar com Fogo|Шанс выпустить Heart of Fire на Fire hit|火焰擊中時有幾率釋放烈火之心|炎属性攻撃ヒット時に「Heart of Fire」を放つ確率|화염 명중 시 불의 심장을 발동할 확률|Chance, bei einem Feuertreffer „Herz des Feuers“ auszulösen|Chance de libérer « Cœur de feu » lors d'un coup de feu|Probabilidad de activar Corazón de Fuego al golpear con Fuego|Szansa na uwolnienie efektu Heart of Fire przy trafieniu obrażeniami od ognia
inc_heart_of_fire_damage|Heart of Fire Damage||Dano de Coração de Fogo|Повреждения от «Сердца огня»|烈火之心傷害|「Heart of Fire」のダメージ|불의 심장 데미지|Schaden von „Herz des Feuers“|Dégâts de « Cœur de feu »|Daño de Corazón de Fuego|Obrażenia efektu Heart of Fire
inc_poison_break|Increased Poison Break||Ruptura de Veneno Aumentada|Усиленный яд|增加劇毒破甲|毒ブレイク（Poison Break）増加|독 파괴 증가|Erhöhter Giftschaden-Durchbruch|Rupture de poison accrue|Ruptura del Veneno aumentada|Zwiększone obrażenia efektu Poison Break
inc_poison_break_crit_chance|Chance for Critical Poison Break||Chance de Ruptura de Veneno Crítica|Шанс на критический прорыв яда|劇毒破甲暴擊機率|毒ブレイクのクリティカル発生率|크리티컬 독 파괴 발동 확률|Chance auf kritischen Giftschaden-Durchbruch|Chance de rupture de poison critique|Probabilidad de Ruptura del Veneno Crítica|Szansa na krytyczny efekt Poison Break
inc_poison_break_crit_damage|Critical Poison Break Damage||Dano de Ruptura de Veneno Crítica|Критический урон от разрыва ядовитого барьера|劇毒破甲暴擊傷害|毒ブレイクのクリティカルダメージ|크리티컬 독 파괴 데미지|Schaden bei kritischem Giftschaden-Durchbruch|Dégâts de rupture de poison critique|Daño de Ruptura del Veneno Crítica|Obrażenia krytyczne efektu Poison Break
inc_vile_pustules|Chance to unleash Vile Pustules on Poison hit||Chance de liberar Pústulas Vis ao acertar com Veneno|Шанс выпустить мерзкие гнойнички при попадании ядом|毒素擊中時有幾率釋放邪惡膿疱|毒属性攻撃ヒット時に「Vile Pustules」を放つ確率|독 명중 시 사악한 농포를 발동할 확률|Chance, bei einem Gifttreffer „Bösartige Pusteln“ auszulösen|Chance de libérer « Pustules immondes » lors d'un coup de poison|Probabilidad de activar Pústulas Viles al golpear con Veneno|Szansa na uwolnienie efektu Vile Pustules przy trafieniu obrażeniami od trucizny
inc_vile_pustules_damage|Vile Pustules Damage||Dano de Pústulas Vis |Гнойные гнойные язвы повреждают|邪惡膿疱傷害|「Vile Pustules」のダメージ|사악한 농포 데미지|Schaden von „Bösartige Pusteln“|Dégâts de « Pustules immondes »|Daño de Pústulas Viles|Obrażenia efektu Vile Pustules
inc_arcane_break|Increased Arcane Break||Aumento de Ruptura Arcana|Усиленный магический прорыв|增加奧術破甲|魔力ブレイク（Arcane Break）増加|아케인 파괴 증가|Erhöhter Arkanschaden-Durchbruch|Rupture arcanique accrue|Ruptura Arcana aumentada|Zwiększone obrażenia efektu Arcane Break
inc_arcane_break_crit_chance|Chance for Critical Arcane Break on hit||Chance de Ruptura Arcana Crítica ao acertar|Шанс на критический прорыв тайной магии при попадании.|擊中時有幾率造成奧術破甲暴擊|ヒット時に魔力ブレイクのクリティカルが発生する確率|명중 시 크리티컬 아케인 파괴 발동 확률|Chance auf kritischen Arkanschaden-Durchbruch bei Treffer|Chance de rupture arcanique critique à l'impact|Probabilidad de Ruptura Arcana Crítica al golpear|Szansa na krytyczny efekt Arcane Break przy trafieniu
inc_arcane_break_crit_damage|Critical Arcane Break Damage||Dano de Ruptura Arcana Crítica|Критический урон от магического пробития|奧術破甲暴擊傷害|魔力ブレイクのクリティカルダメージ |크리티컬 아케인 파괴 데미지|Schaden bei kritischem Arkanschaden-Durchbruch |Dégâts de rupture arcanique critique |Daño de Ruptura Arcana Crítica|Obrażenia krytyczne efektu Arcane Break 
inc_arcana_destruction|Chance to unleash Arcana Destruction on Arcane hit||Chance de desencadear Destruição Arcana ao acertar um ataque Arcano|Шанс обрушить Разрушительный удар Тайной магии при попадании Тайной магией.|奧術擊中時有幾率釋放奧術毀滅|アルケイン攻撃時にアルケイン破壊を発動する確率|아케인 명중 시 아케인 파괴를 발동할 확률|Chance, bei einem Arkantreffer Arkane Zerstörung auszulösen|Chance de déclencher Destruction des arcanes lors d'un coup des arcanes|Probabilidad de activar Destrucción Arcana al golpear con daño Arcano|Szansa na uwolnienie Zniszczenia Arkan przy trafieniu Arkanem
inc_arcana_destruction_damage|Arcana Destruction Damage||Dano de Destruição Arcana|Урон от разрушения магии|奧術毀滅傷害|アルケイン破壊ダメージ|아케인 파괴 데미지|Schaden durch Arkane Zerstörung|Dégâts de Destruction des arcanes|Daño de Destrucción Arcana|Obrażenia Zniszczenia Arkan
inc_lightning_break|Increased Lightning Break||Aumento de Ruptura de Relâmpago|Усиленная молниеотводная зона|增加閃電破甲|ライトニングブレイク増加|번개 파괴 증가|Erhöhter Blitzbruch|Rupture de foudre accrue|Ruptura Eléctrica aumentada|Zwiększone Złamanie Błyskawicy
inc_lightning_break_crit_chance|Chance for Critical Lightning Break on hit||Chance de Ruptura de Relâmpago Crítica ao acertar|Шанс на критический удар «Молниеносный прорыв» при попадании.|擊中時有幾率造成閃電破甲暴擊|クリティカルライトニングブレイク発生確率|명중 시 크리티컬 번개 파괴 발동 확률|Chance auf kritischen Blitzbruch bei Treffer|Chance de Rupture de foudre critique à l'impact|Probabilidad de Ruptura Eléctrica Crítica al golpear|Szansa na krytyczne Złamanie Błyskawicy przy trafieniu
inc_lightning_break_crit_damage|Critical Lightning Break Damage||Dano de Ruptura de Relâmpago Crítica|Критический урон от молнии|閃電破甲暴擊傷害|クリティカルライトニングブレイクダメージ|크리티컬 번개 파괴 데미지|Schaden durch kritischen Blitzbruch|Dégâts de Rupture de foudre critique|Daño de Ruptura Eléctrica Crítica|Krytyczne Obrażenia Złamania Błyskawicy
inc_storm_turbulence|Chance to unleash Storm Turbulence on Lightning hit||Chance de desencadear Turbulência Tempestuosa ao acertar um ataque Relâmpago|Шанс вызвать штормовую турбулентность при попадании молнии.|閃電擊中時有幾率釋放風暴亂流|ライトニング攻撃時にストームタービュランスを発動する確率|번개 명중 시 폭풍의 격동을 발동할 확률|Chance, bei einem Blitztreffer Sturmturbulenzen auszulösen|Chance de déclencher Turbulence de tempête lors d'un coup de foudre|Probabilidad de activar Turbulencia de Tormenta al golpear con daño de Rayo|Szansa na uwolnienie Turbulencji Burzy przy trafieniu Błyskawicą
inc_storm_turbulence_damage|Storm Turbulence Damage||Dano de Turbulência Tempestuosa|Ущерб от штормовой турбулентности|風暴亂流傷害|ストームタービュランスダメージ|폭풍의 격동 데미지|Schaden durch Sturmturbulenzen|Dégâts de Turbulence de tempête|Daño de Turbulencia de Tormenta|Obrażenia Turbulencji Burzy
inc_cold_break|Increased Cold Break||Aumento de Ruptura de Gelo|Усиленный холодный перерыв|增加冰霜破甲|コールドブレイク増加|냉기 파괴 증가|Erhöhter Kältebruch|Rupture de froid accrue|Ruptura Gélida aumentada|Zwiększone Złamanie Zimna
inc_cold_break_crit_chance|Chance for Critical Cold Break on hit||Chance de Ruptura de Gelo Crítica ao acertar|Шанс на критический холодовой удар при попадании.|擊中時有幾率造成冰霜破甲暴擊|クリティカルコールドブレイク発生確率|명중 시 크리티컬 냉기 파괴 발동 확률|Chance auf kritischen Kältebruch bei Treffer|Chance de Rupture de froid critique à l'impact|Probabilidad de Ruptura Gélida Crítica al golpear|Szansa na krytyczne Złamanie Zimna przy trafieniu
inc_cold_break_crit_damage|Critical Cold Break Damage||Dano de Ruptura de Gelo Crítica|Критическое повреждение от холодового разрыва|冰霜破甲暴擊傷害|クリティカルコールドブレイクダメージ|크리티컬 냉기 파괴 데미지|Schaden durch kritischen Kältebruch|Dégâts de Rupture de froid critique|Daño de Ruptura Gélida Crítica|Krytyczne Obrażenia Złamania Zimna
inc_avalanche_of_boulders|Chance to unleash Avalanche of Boulders on Cold hit||Chance de desencadear Avalanche de Rochas ao acertar um ataque de Gelo|Шанс обрушить лавину валунов при холодном ударе.|冰霜擊中時有幾率釋放巨石雪崩|コールド攻撃時にアバランチオブボルダーズを発動する確率|냉기 명중 시 바위의 눈사태를 발동할 확률|Chance, bei einem Kältetreffer eine Felslawine auszulösen|Chance de déclencher Avalanche de rochers lors d'un coup de froid|Probabilidad de activar Avalancha de Rocas al golpear con daño de Frío|Szansa na uwolnienie Lawiny Głazów przy trafieniu Zimnem
inc_avalanche_of_boulders_damage|Avalanche of Boulders Damage||Dano de Avalanche de Rochas|Ущерб от лавины валунов|巨石雪崩傷害|アバランチオブボルダーズダメージ|바위의 눈사태 데미지|Schaden durch Felslawine|Dégâts d'Avalanche de rochers|Daño de Avalancha de Rocas|Obrażenia Lawiny Głazów
inc_ranged_projectile_speed|Increased Ranged Projectile Speed||Aumento da Velocidade de Projéteis à Distância|Увеличена скорость полета снаряда на дальних дистанциях.|增加遠程投射物速度|遠距離投射物速度増加|원거리 투사체 속도 증가|Erhöhte Projektilgeschwindigkeit für Fernkampfangriffe|Vitesse des projectiles à distance accrue|Velocidad de Proyectiles a Distancia aumentada|Zwiększona Prędkość Pocisku Dystansowego
inc_melee_projectile_speed|Increased Melee Projectile Speed||Aumento da Velocidade de Projéteis Corpo a Corpo|Увеличена скорость полета снарядов в ближнем бою.|增加近戰投射物速度|近接投射物速度増加|근접 투사체 속도 증가|Erhöhte Projektilgeschwindigkeit für Nahkampfangriffe|Vitesse des projectiles de mêlée accrue|Velocidad de Proyectiles Cuerpo a Cuerpo aumentada|Zwiększona Prędkość Pocisku Wręcz
inc_magic_damage_mitigated|Magic Damage taken Reduced||Redução do Dano Mágico recebido|Получаемый магический урон снижается.|減少受到的魔法傷害|魔法ダメージ軽減|받는 마법 데미지 감소|Magieschaden reduziert|Réduction des dégâts magiques subis|Daño Mágico recibido reducido|Zmniejszone Otrzymywane Obrażenia Magiczne
inc_elemental_perc_light_radius|to Magic Skill Damage per points in Light Radius||para Dano de Habilidade Mágica por ponto no Raio de Luz|к урону от магических навыков за каждое очко в радиусе света|每點照亮範圍增加魔法技能傷害|ライト半径内のポイントあたりの魔法スキルダメージ|빛 반경 포인트당 마법 스킬 데미지 증가|auf Magieschaden pro Punkt im Lichtradius|Bonus aux dégâts des compétences magiques par point de rayon de lumière|al Daño de Habilidades Mágicas por cada punto de Radio de Luz|do Obrażenia Umiejętności Magicznych na punkty w Promieniu Światła
inc_elemental_flat_light_radius|to Magic Skill Damage per points in Light Radius||para Dano de Habilidade Mágica por ponto no Raio de Luz|к урону от магических навыков за каждое очко в радиусе света|每點照亮範圍增加魔法技能傷害|ライト半径内のポイントあたりの魔法スキルダメージ|빛 반경 포인트당 마법 스킬 데미지 증가|auf Magieschaden pro Punkt im Lichtradius|Bonus aux dégâts des compétences magiques par point de rayon de lumière|al Daño de Habilidades Mágicas por cada punto de Radio de Luz|do Obrażenia Umiejętności Magicznych na punkty w Promieniu Światła
inc_frostbite_duration|Increased Frostbite Duration||Aumento da Duração de Congelamento|Увеличение продолжительности обморожения|延長凍傷持續時間|フロストバイト持続時間増加|동상 지속시간 증가|Erhöhte Dauer von Frostbeulen|Durée de Gelure accrue|Duración de Escarcha aumentada|Zwiększony Czas Trwania Odmrożenia
inc_shadowburn_duration|Increased Shadowburn Duration||Aumento da Duração de Queimadura Sombria|Увеличена длительность эффекта «Теневого ожога».|延長影灼持續時間|シャドウバーン持続時間増加|그림자 화상 지속시간 증가|Erhöhte Dauer von Schattenbrand|Durée de Brûlure d'ombre accrue|Duración de Quemadura Umbría aumentada|Zwiększony Czas Trwania Oparu Cienia
inc_poisoned_duration|Increased Poisoned Duration||Aumento da Duração de Envenenamento|Увеличенная продолжительность отравления|延長中毒持續時間|ポイズン持続時間増加|독 지속시간 증가|Erhöhte Dauer von Vergiftung|Durée d'Empoisonnement accrue|Duración de Envenenado aumentada|Zwiększony Czas Trwania Zatrucia
inc_burning_duration|Increased Burning Duration||Aumento da Duração de Queimadura|Увеличенная продолжительность горения|延長燃燒持續時間|バーニング持続時間増加|화상 지속시간 증가|Erhöhte Dauer von Brennen|Durée de Brûlure accrue|Duración de Quemadura aumentada|Zwiększony Czas Trwania Podpalenia
inc_stasis_duration|Increased Stasis Duration||Aumento da Duração de Estase|Увеличение продолжительности стаза|延長停滯持續時間|ステイシス持続時間増加|정체 지속시간 증가|Erhöhte Dauer von Stasis|Durée de Stase accrue|Duración de Stasis aumentada|Zwiększony Czas Trwania Zastoju
inc_multishot_projectiles|to Maximum Multishot Projectiles unleashed||para Multishot Máximo Projéteis disparados|к максимальному количеству выпущенных многозарядных снарядов|多重射擊發射的最多投射物數量|マルチショット投射物の最大発射数増加|최대 멀티샷 투사체 발사 수 증가|auf maximale Anzahl abgefeuerter Mehrfachschussprojektile|Bonus au nombre maximal de projectiles de tir multiple|al máximo de Proyectiles de Disparo Múltiple lanzados|do Maksymalnej Mocy Pocisków Wielostrzałowych uwolniony
inc_bow_multishot_projectiles|to Maximum Multishot Projectiles unleashed when using a bow||Até o máximo de projéteis disparados ao usar um arco|до максимального количества многозарядных снарядов, выпускаемых при использовании лука|使用弓時多重射擊發射的最多投射物數量|マルチショット投射物の最大発射数増加弓|활 사용 시 최대 멀티샷 투사체 발사 수 증가|auf maximale Anzahl abgefeuerter Mehrfachschussprojektile bei Verwendung eines Bogens|Bonus au nombre maximal de projectiles de tir multiple avec un arc|al máximo de Proyectiles de Disparo Múltiple lanzados al usar un arco|do maksymalnej liczby pocisków wielokrotnego strzału wystrzeliwanych podczas używania łuku
inc_multishot_chance|Chance to unleash multiple projectiles on attack||Chance de disparar múltiplos projéteis ao atacar|Возможность выпустить несколько снарядов в атаке|攻擊時有幾率發射多枚投射物|攻撃時に複数の投射物を発射する確率|공격 시 여러 투사체를 발사할 확률|Chance, mehrere Projektile beim Angriff|Chance de tirer plusieurs projectiles lors d'une attaque|Probabilidad de lanzar múltiples proyectiles al atacar|Szansa na uwolnienie wielu pocisków podczas ataku
inc_bow_multishot_chance|Chance to unleash multiple projectiles on attack when using a bow||Chance de disparar múltiplos projéteis ao atacar ao usar um arco|Возможность выпустить несколько снарядов при атаке с использованием лука.|使用弓攻擊時有幾率發射多枚投射物|弓使用時に攻撃時に複数の投射物を発射する確率|활 사용 시 공격할 때 여러 투사체를 발사할 확률|Chance, beim Bogenangriff mehrere Projektile abzufeuern|Chance de tirer plusieurs projectiles lors d'une attaque avec un arc|Probabilidad de lanzar múltiples proyectiles al atacar con un arco|Szansa na uwolnienie wielu pocisków podczas ataku podczas używania łuku
inc_wallbanger_damage|Wallbanger Damage||Dano de impacto na parede|Урон от Wallbanger|撞牆反彈傷害|壁破壊ダメージ|벽 관통 데미지|Wanddurchschlagsschaden|Dégâts de Choc mural|Daño de Rompeparedes|Obrażenia od Wallbangera
inc_leap_skill_damage|Increased Damage with Leap skills||Dano aumentado com habilidades de salto |Увеличенный урон при использовании навыков «Прыжок»|增加跳躍技能傷害|リープスキル使用時のダメージ増加 |도약 스킬 데미지 증가|Erhöhter Schaden durch Sprungfähigkeiten |Dégâts accrus avec les compétences de Bond |Daño aumentado con Habilidades de Salto|Zwiększone obrażenia dzięki umiejętnościom Leap
inc_armor_p|Increased Armor||Aumento de Armadura|Увеличение брони|護甲|アーマー増加|방어구 증가|Erhöhte Rüstung|Augmentation d'armure|Armadura aumentada|Zwiększony Pancerz
inc_armor_f|to Armor||para Armadura|к броне|護甲|アーマーへ|방어구|zu Rüstung|Armure|a la armadura|do Pancerza
inc_strength_f|to Strength||para Força|к силе|力量|筋力へ|힘|zu Stärke|Force|a la fuerza|do Siły
inc_strength_p|Increased Strength||Aumento de força |Повышенная сила|力量提高|筋力の向上 |힘 추가|Gesteigerte Kraft |Force accrue |Fuerza aumentada|Zwiększona siła 
inc_strength_total|Increased Total Strength||Aumento de Força Total|Увеличение общей силы|總力量|総筋力増加|총 힘 증가|Erhöhte Gesamtstärke|Augmentation de force totale|Fuerza total aumentada|Zwiększona Całkowita Siła
inc_dexterity_f|to Dexterity||para Destreza|к ловкости|敏捷|器用さへ|민첩성|zu Geschicklichkeit|Dextérité|a la destreza|do Zręczności
inc_dexterity_p|Increased Dexterity||Aumento de Destreza|Увеличение ловкости|敏捷|器用さ増加|민첩성 추가|Erhöhte Geschicklichkeit|Augmentation de dextérité|Destreza aumentada|Zwiększona Zręczność
inc_energy_f|to Energy||para Energia|к энергии|能量|エネルギーへ|에너지|zu Energie|Énergie|a la energía|do Energii
inc_energy_p|Increased Energy||Aumento de Energia|Увеличение энергии|能量|エネルギー増加|에너지 증가|Erhöhte Energie|Augmentation d'énergie|Energía aumentada|Zwiększona Energia
inc_intelligence_f|to Intelligence||para Inteligência|к интеллекту|智力|知力へ|지능|zu Intelligenz|Intelligence|a la inteligencia|do Inteligencji
inc_intelligence_p|Increased Intelligence||Aumento de Inteligência|Увеличение интеллекта|智力|知力増加|지능 증가|Erhöhte Intelligenz|Augmentation d'intelligence|Inteligencia aumentada|Zwiększona Inteligencja
inc_vitality_f|to Vitality||para Vitalidade|к выносливости|體力|生命力へ|활력|zu Vitalität|Vitalité|a la vitalidad|do Witalności
inc_life_f|to Maximum Life||para Vida Máxima|к максимальному запасу здоровья|最大生命|最大ライフへ|최대 생명력|zu Maximales Leben|Vie maximale|a la vida máxima|do Maksymalnego Życia
inc_life_p|Increased Maximum Life||Aumento de Vida Máxima|Увеличение максимального запаса здоровья|最大生命|最大ライフ増加|최대 생명력 증가|Erhöhtes Maximales Leben|Augmentation de vie maximale|Vida máxima aumentada|Zwiększone Maksymalne Życie
inc_life_per_strength|to Maximum Life per 5 points in Strength||para Vida Máxima a cada 5 pontos em Força|к максимальному запасу здоровья за каждые 5 очков силы|每五點力量提供最大生命|筋力5ポイントごとに最大ライフ増加|힘 5포인트 마다 최대 생명력 증가|zu Maximales Leben pro 5 Punkte in Stärke|Vie maximale par tranche de 5 points de Force|a la vida máxima por cada 5 puntos de fuerza|do Maksymalnego Życia na 5 punktów Siły
inc_mana_f|to Maximum Mana||para Mana Máxima|к максимальной мане|最大魔力|最大マナへ|최대 마나|zu Maximales Mana|Mana maximum|al maná máximo|do Maksymalnej Many
inc_mana_p|Increased Maximum Mana||Aumento de Mana Máxima|Увеличение максимальной маны|最大魔力|最大マナ増加|최대 마나 증가|Erhöhtes Maximales Mana|Augmentation de mana maximum|Maná máximo aumentado|Zwiększona Maksymalna Mana
inc_mana_total|Increased Total Maximum Mana||Aumento de Mana Máxima Total|Увеличение общего максимального запаса маны|總最大魔力|総最大マナ増加|최대 총 마나 증가|Erhöhtes Gesamt-Maximales Mana|Augmentation totale de mana maximum|Maná máximo total aumentado|Zwiększona Całkowita Maksymalna Mana
inc_physical_damage_f|to Physical Damage||para Dano Físico|к физическому урону|物理傷害|物理ダメージへ|물리 데미지|zu Physischem Schaden|Dégâts physiques|al daño físico|do Obrażeń Fizycznych
inc_physical_damage_p|Increased Attack Damage||Aumento de Dano Físico|Увеличение физического урона|攻擊傷害|物理ダメージ増加|물리 데미지 증가|Erhöhter Physischer Schaden|Augmentation des dégâts physiques|Daño físico aumentado|Zwiększone Obrażenia Fizyczne
inc_physical_damage_below_life|Increased Physical Damage while below 40% Maximum Life||Aumento de Dano Físico quando a Vida Máxima estiver abaixo de 40%|Увеличение физического урона, пока уровень здоровья ниже 40%|物理傷害，當生命值低於40%時。|最大ライフが40%未満の間、物理ダメージ増加|생명력 40% 이하에서 물리데미지 증가|Erhöhter Physischer Schaden unter 40 % Maximalem Leben|Augmentation des dégâts physiques lorsque la vie maximale est inférieure à 40 %|Daño físico aumentado con menos del 40% de vida máxima|Zwiększone Obrażenia Fizyczne gdy poniżej 40% Maksymalnego Życia
inc_physical_per_mana|Increased Physical Damage per 500 mana||Aumento de Dano Físico a cada 500 de mana|Увеличение физического урона за каждые 500 маны|物理傷害，當魔力為每五百的數值時。|マナ500ごとに物理ダメージ増加|마나 500당 물리 데미지 증가|Erhöhter Physischer Schaden pro 500 Mana|Augmentation des dégâts physiques par tranche de 500 mana|Daño físico aumentado por cada 500 de maná|Zwiększone Obrażenia Fizyczne na 500 many
inc_energy_added_physical_damage|of Energy is Added as Physical Damage||de Energia é adicionado como Dano Físico|энергия добавляется в качестве физического урона|的能量值增加為物理傷害|エネルギーが物理ダメージとして加算される|에너지가 물리 데미지에 추가|Energie wird als Physischer Schaden hinzugefügt|L'énergie est ajoutée en dégâts physiques|de la energía se añade como daño físico|Energii dodawane jako Obrażenia Fizyczne
inc_enhanced_damage_melee|to Melee Enhanced Damage||para Dano Corpo a Corpo Aprimorado|к усиленному урону в ближнем бою|近戰增强傷害|近接強化ダメージへ|근접 강화 데미지|zu Nahkampfschaden-Erhöht|Dégâts de mêlée améliorés|al daño cuerpo a cuerpo mejorado|do Zwiększonych Obrażeń Melee
inc_enhanced_damage_ranged|to Ranged Enhanced Damage||para Dano à Distância Aprimorado|к усиленному урону в дальнем бою|遠程增强傷害|遠距離強化ダメージへ|원거리 강화 데미지|zu Fernkampfschaden-Erhöht|Dégâts à distance améliorés|al daño a distancia mejorado|do Zwiększonych Obrażeń Dystansowych
inc_enhanced_damage_melee_total|Increased Total Melee Enhanced Damage||Aumento de Dano Corpo a Corpo Total Aprimorado|Увеличение общего усиленного урона в ближнем бою|總近戰增强傷害|総近接強化ダメージ増加|총 근접 강화 데미지 증가|Erhöhter Nahkampfschaden|Augmentation des dégâts de mêlée totaux améliorés|Daño cuerpo a cuerpo mejorado total aumentado|Zwiększone Całkowite Zwiększone Obrażenia Melee
inc_enhanced_damage_ranged_total|Increased Total Ranged Enhanced Damage||Aumento de Dano à Distância Total Aprimorado|Увеличение общего усиленного урона в дальнем бою|總遠程增强傷害|総遠距離強化ダメージ増加|총 원거리 강화 데미지 증가|Erhöhter Fernkampfschaden|Augmentation des dégâts à distance totaux améliorés|Daño a distancia mejorado total aumentado|Zwiększone Całkowite Zwiększone Obrażenia Dystansowe
inc_branch_damage|Branch Damage||Dano de Ramo|Урон от ветвей|樹枝傷害|枝ダメージ|갈래 데미지|Astschaden|Dégâts de branchement|Daño de rama|Obrażenia Gałęzi
inc_life_steal|Increased Life Steal||Aumento de Roubo de Vida|Увеличение вампиризма|生命偷取|ライフスティール増加|생명력 흡수 증가|Erhöhte Lebensraubrate|Augmentation du vol de vie|Robo de vida aumentado|Zwiększona Kradzież Życia
inc_life_steal_suppressed|of Life Stolen Suppressed||de Vida Roubada Suprimida|подавленного количества украденной жизни|被壓抑的生命偷取|ライフスティール抑制|생명력 흡수 억제|von unterdrücktem Leben|(Vol de vie supprimé)|de robo de vida suprimido|Część Skradzionego Życia Tłumiona
inc_life_steal_total|Increased Total Life Steal||Aumento de Roubo de Vida Total|Увеличение общего вампиризма |總生命偷取|総ライフスティール増加|총 생명력 흡수 증가|Erhöhter Gesamtlebensraub|Vol de vie total augmenté|Robo de vida total aumentado|Zwiększona Całkowita Kradzież Życia
inc_life_steal_below_life|Increased Total Life Steal while below 40% Maximum Life||Aumento de Roubo de Vida Total quando a Vida Máxima estiver abaixo de 40%|Увеличение общего вампиризма при уровне здоровья ниже 40%|總生命偷取，當生命值低於40%時|最大ライフが40%未満の間、総ライフスティール増加|생명력 40%이하에서 총 생명력 흡수 증가|Erhöhter Gesamtlebensraub unter 40 % maximalem Leben|Vol de vie total augmenté lorsque la santé maximale est inférieure à 40 %|Robo de vida total aumentado con menos del 40% de vida máxima|Zwiększona Całkowita Kradzież Życia gdy poniżej 40% Maksymalnego Życia
inc_life_steal_rate|Increased Rate of Life Steal||Aumento da Taxa de Roubo de Vida|Увеличение скорости вампиризма|生命偷取速率|ライフ増加率増加盗む|생명력 흡수율 증가|Erhöhte Lebensraubrate|Taux de vol de vie augmenté|Tasa de robo de vida aumentada|Zwiększona Szybkość Kradzieży Życia
inc_mana_steal|Increased Mana Steal||Aumento de Mana Roubo|Увеличение кражи маны|魔力偷取|マナ吸収増加|마나 흡수 증가|Erhöhter Manaraub|Vol de mana augmenté|Robo de maná aumentado|Zwiększona Kradzież Many
inc_mana_steal_rate|Increases Rate of Mana Steal||Aumenta a Taxa de Roubo de Mana|Увеличение скорости кражи маны|魔力偷取速率|マナ吸収率増加|마나 흡수율 증가|Erhöhte Manaraubrate|Taux de vol de mana augmenté|Aumenta la tasa de robo de maná|Zwiększa Szybkość Kradzieży Many
inc_movement_speed|Increased Movement Speed||Aumenta a Velocidade de Movimento|Увеличение скорости передвижения|移動速度|移動速度増加|이동 속도 증가|Erhöhte Bewegungsgeschwindigkeit|Augmentation du déplacement Vitesse|Velocidad de movimiento aumentada|Zwiększona Prędkość Ruchu
inc_movement_speed_total|Increased Total Movement Speed||Aumenta a Velocidade de Movimento Total|Увеличение общей скорости передвижения|總移動速度|総移動速度増加|총 이동 속도 증가|Erhöhte Gesamtbewegungsgeschwindigkeit|Augmente la vitesse de déplacement totale|Velocidad de movimiento total aumentada|Zwiększona Całkowita Prędkość Ruchu
inc_movement_speed_conv_attack_damage|of your Increased Movement Speed converted to Attack Damage||do seu Aumento de Velocidade de Movimento convertido em Dano de Ataque|Внедрение вашей увеличенной скорости передвижения в урон от атаки|移動速度轉為您的攻擊傷害|移動速度増加分が攻撃ダメージに変換される|증가된 이동 속도가 공격 데미지로 변환|von deiner erhöhten Bewegungsgeschwindigkeit in Angriffsschaden umgewandelt|De votre vitesse de déplacement : augmentation convertie en dégâts d'attaque|de tu velocidad de movimiento aumentada convertida en daño de ataque|Część twojej Zwiększonej Prędkości Ruchu konwertowana na Obrażenia Ataku
inc_damage_mitigation_phasing|to Damage Mitigation when phasing through monsters||para Mitigação de Dano ao atravessar monstros|Внедрение снижения урона при прохождении сквозь монстров|傷害減免，當相位穿透怪物時|モンスターをすり抜ける際のダメージ軽減|몬스터를 통과할 때 데미지 완화|zu Schadensreduktion beim Durchdringen von Monstern|À la réduction des dégâts lors du déplacement autour des monstres|a la mitigación de daño al atravesar monstruos|do Łagodzenia Obrażeń przy fazowaniu przez potwory
inc_stampede_damage|Stampede Damage based on your physical damage||Dano de Estampida baseado no seu dano físico|Урон от «Натиска» в зависимости от вашего физического урона|基于物理傷害的衝鋒傷害|物理ダメージに基づく突撃ダメージ|물리 데미지를 기반으로한 스탬피드 데미지|Stampede-Schaden basierend auf deinem physischen Schaden|Dégâts de piétinement basés sur vos dégâts physiques|Daño de estampida basado en tu daño físico|Obrażenia Szarży na podstawie twoich obrażeń fizycznych
inc_strength_conv_magic_damage|of Strength Added as Magic Skill Damage||de Força convertido em Dano de Habilidade Mágica|Сила добавляется в качестве урона от магического навыка.|力量轉為魔法技能傷害|筋力増加分が魔法スキルダメージに変換される|힘을 마법 스킬 데미지로 변환|von Stärke in Magieschaden umgewandelt|De la force convertie en dégâts de capacité magique|de fuerza convertido en daño de habilidad mágica|Siły konwertowanej na Obrażenia Umiejętności Magicznych
inc_attack_speed|Increased Attack Speed||Aumenta a Velocidade de Ataque|Увеличение скорости атаки|攻擊速度|攻撃速度増加 |공격 속도 증가|Erhöhte Angriffsgeschwindigkeit|Augmente la vitesse d'attaque|Velocidad de ataque aumentada|Zwiększona Szybkość Ataku
inc_attack_speed_total|Increased Total Attack Speed||Aumenta a Velocidade de Ataque Total|Увеличение общей скорости атаки|總攻擊速度|総攻撃速度増加|총 공격 속도 증가|Erhöhte Gesamtangriffsgeschwindigkeit|Augmente la vitesse d'attaque totale|Velocidad de ataque total aumentada|Zwiększona Całkowita Szybkość Ataku
inc_attack_speed_below|Increased Attack Speed when below 40% Maximum Life||Aumenta a Velocidade de Ataque quando abaixo de 40% da Vida Máxima|Увеличение скорости атаки при уровне здоровья ниже 40%|攻擊速度，當生命值低於40%時。|最大ライフが40%未満の時に攻撃速度増加|생명력 40%이하에서 공격 속도 증가|Erhöhte Angriffsgeschwindigkeit unter 40 % maximalem Leben|Augmente la vitesse d'attaque lorsque vos points de vie sont inférieurs à 40 %|Velocidad de ataque aumentada con menos del 40% de vida máxima|Zwiększona Szybkość Ataku gdy poniżej 40% Maksymalnego Życia
inc_attack_speed_full_life|Increased Attack Speed when at Full Life||Aumenta a Velocidade de Ataque quando com Vida Cheia|Увеличение скорости атаки при полном здоровье|攻擊速度當生命全滿時|ライフが満タンの時に攻撃速度増加|생명력이 가득 찼을때 공격 속도 증가|Erhöhte Angriffsgeschwindigkeit bei vollem Leben|Augmente la vitesse d'attaque lorsque vos points de vie sont au maximum|Velocidad de ataque aumentada con la vida al máximo|Zwiększona Szybkość Ataku gdy przy Pełnym Życiu
inc_attack_speed_low_life|Increased Attack Speed when below 40% Maximum Life||Aumenta a Velocidade de Ataque quando abaixo de 40% da Vida Máxima|Увеличение скорости атаки при уровне здоровья ниже 40%|攻擊速度，當生命值低於40%時。。|最大ライフが40%未満の時に攻撃速度増加|생명력 40%이하에서 공격 속도 증가|Erhöhte Angriffsgeschwindigkeit unter 40 % maximalem Leben|Augmente la vitesse d'attaque lorsque vos points de vie sont inférieurs à 40 % |Velocidad de ataque aumentada con menos del 40% de vida máxima|Zwiększona Szybkość Ataku gdy poniżej 40% Maksymalnego Życia
inc_max_rage_stacks|to Maximum Rage Stacks||para Acúmulos Máximos de Fúria|Внедрение максимального количества стаков ярости|最大怒氣層數|最大レイジスタックまで|최대 분노 중첩까지|zu maximalen Wutstapeln|Pour un maximum de cumuls de Fureur|a las acumulaciones máximas de furia|do Maksymalnej Liczby Stacków Wściekłości
inc_damage_rage|Damage Increased per Stack of Rage||Dano Aumentado por Acúmulo de Fúria|Увеличение урона от дальнобойных снарядов за каждый стак ярости|每層怒氣提供的傷害|レイジスタックごとにダメージ増加|분노 중첩당 데미지 증가|Schaden pro Wutstapel erhöht|Dégâts accrus par cumul de Fureur|Daño aumentado por acumulación de furia|Obrażenia Zwiększone na Stack Wściekłości
inc_projectile_ranged_damage_rage|Increased Ranged Projectile Damage per stack of rage||Dano de Projétil à Distância Aumentado por Acúmulo de Fúria|Общий наносимый урон|每層怒氣提供的遠程投射物傷害|レイジスタックごとに遠距離投射物ダメージ増加|분노 중첩당 원거리 투사체 데미지 증가|Erhöhter Fernkampfprojektilschaden pro Stapel Wut|Dégâts des projectiles à distance accrus par cumul de Fureur|Daño de proyectil a distancia aumentado por acumulación de furia|Zwiększone Obrażenia Pocisków Dystansowych na stack wściekłości
inc_damage_total|Total Damage Dealt||Dano Total Causado|Шанс наложить кровотечение при попадании|總傷害|総與ダメージ|총 데미지|Gesamtschaden|Dégâts totaux infligés|Daño total infligido|Całkowite Zadawane Obrażenia
inc_bleed_chance_onhit|Chance to inflict Bleeding on hit||Chance de infligir Sangramento ao acertar|Увеличение урона от кровотечения|機率命中時造成流血|命中時に出血効果を付與する確率|적중 시 출혈 효과 부여 확률 증가|Chance, bei Treffer Blutung zu verursachen|Chance d'infliger Saignement à l'impact|Probabilidad de infligir sangrado al golpear|Szansa na zadanie Krwawienia przy trafieniu
inc_bleed_damage|Increased Bleed Damage||Dano de Sangramento Aumentado|Увеличение частоты кровотечения|流血傷害提高|出血ダメージ増加|출혈 데미지 증가|Erhöhter Blutungsschaden|Dégâts de saignement accrus|Daño de sangrado aumentado|Zwiększone Obrażenia Krwawienia
inc_bleed_frequency|Increased Bleed Frequency||Frequência de Sangramento Aumentada|Шанс нанести 150% Урон по области при кровотечении|流血頻率|出血頻度増加|출혈 빈도 증가|Erhöhte Blutungshäufigkeit|Fréquence de saignement accrue|Frecuencia de sangrado aumentada|Zwiększona Częstotliwość Krwawienia
inc_bleed_aoe_damage|Chance to deal 150% area of effect damage on bleed tick||Chance de causar 150% de dano em área no pulso de sangramento|до максимального количества стаков кровотечения|機率在計算流血傷害時造成150%範圍效果傷害|出血ティック時に範囲ダメージの150%を與える確率|출혈 시 광역 데미지의 150% 추가 데미지 부여 확률 증가|Chance, bei jedem Blutungsimpuls 150 % Flächenschaden zu verursachen|Chance d'infliger 150 % de dégâts de zone sur le poignet qui saigne|Probabilidad de infligir 150% de daño de área por cada pulso de sangrado|Szansa na zadanie 150% obrażeń obszarowych przy ticku krwawienia
inc_bleed_stacks|to Maximum Bleeding Stacks||para Acúmulos Máximos de Sangramento |Увеличенный урон от негативных эффектов при использовании двуручного оружия|最大流血層數|最大出血スタックまで|최대 출혈 중첩까지|bis zu maximalen Blutungsstapeln|Pour un maximum de cumuls de Saignement|a las acumulaciones máximas de sangrado|do Maksymalnej Liczby Stacków Krwawienia
inc_ailment_damage_two_handed|Increased Ailment Damage when using a Two Handed Weapon||Aumento do dano de doenças ao usar uma arma de duas mãos|Увеличенный общий урон от негативных эффектов при использовании двуручного оружия|使用雙手武器時持續傷害|両手武器使用時の状態異常ダメージ増加|양손 무기 사용 시 상태 이상 데미지 증가|Erhöhter Leidensschaden bei Verwendung einer Zweihandwaffe|Dégâts de maladie accrus avec une arme à deux mains|Daño de estados alterados aumentado al usar un arma a dos manos|Zwiększone Obrażenia Dolegliwości przy użyciu Dwuręcznej Broni
inc_ailment_damage_two_handed_total|Increased Total Ailment Damage when using a Two Handed Weapon||Aumento do dano total de doenças ao usar uma arma de duas mãos|Увеличенная частота негативных эффектов при использовании двуручного оружия|使用雙手武器時總持續傷害|両手武器使用時の総状態異常ダメージ増加|양손 무기 사용 시 총 상태 이상 데미지 증가|Erhöhter Gesamt-Leidensschaden bei Verwendung einer Zweihandwaffe|Dégâts de maladie totaux accrus avec une arme à deux mains|Daño de estados alterados total aumentado al usar un arma a dos manos|Zwiększone Całkowite Obrażenia Dolegliwości przy użyciu Dwuręcznej Broni
inc_ailment_frequency_two_handed|Increased Ailment Frequency when using a Two Handed Weapon||Aumento da frequência de doenças ao usar uma arma de duas mãos|Все сопротивления|使用雙手武器時持續傷害頻率|両手武器使用時の状態異常頻度増加|양손 무기 사용 시 상태 이상 빈도 증가|Erhöhte Leidenshäufigkeit bei Verwendung einer Zweihandwaffe|Fréquence de maladie accrue avec une arme à deux mains|Frecuencia de estados alterados aumentada al usar un arma a dos manos|Zwiększona Częstotliwość Dolegliwości przy użyciu Dwuręcznej Broni
inc_all_resistances|to All Resistances||para todas as resistências|Все сопротивления в сумме|全抗性|全耐性増加|모든 저항|bis zu allen Resistenzen|Pour toutes les résistances|a todas las resistencias|do Wszystkich Odporności
inc_all_resistances_total|to Total All Resistances||para o total de todas as resistências|Все сопротивления в максимальном значении|總全抗性|全耐性合計増加|총 모든 저항|bis zu allen Resistenzen insgesamt|Pour le total de toutes les résistances|al total de todas las resistencias|do Całkowitych Wszystkich Odporności
inc_all_resistances_max|to Maximum All Resistances||para o máximo de todas as resistências|Сопротивления, преобразованные в здоровье|最大全抗性|全耐性最大値増加|최대 모든 저항|bis zu allen maximalen Resistenzen|Pour le maximum de toutes les résistances|a la resistencia máxima global|do Maksymalnych Wszystkich Odporności
inc_all_resistances_conv_life|of Resistances converted to Life||de resistências convertidas em vida|Шанс уклониться от элементального урона|抗性轉為生命|抵抗力を生命力に変換|저항력을 생명력으로 전환|von in Leben umgewandelten Resistenzen|Des résistances converties en vie|de las resistencias convertidas en vida|Odporności konwertowanych na Życie
inc_evade_elemental_damage|Chance to evade elemental damage||Chance de evasão de dano elemental|Увеличенный урон при использовании двух оружий|機率閃避元素傷害|元素ダメージを回避する確率増加|원소 데미지 회피 확률 증가|Chance, Elementarschaden auszuweichen|Chance d'esquiver les dégâts élémentaires|Probabilidad de evadir daño elemental|Szansa na uniknięcie obrażeń żywiołowych
inc_damage_dual_wielding|Increased Attack Damage when Dual Wielding||Aumento do dano ao usar duas armas|Увеличенный общий урон при использовании двух оружий|雙持時攻擊傷害提高|二刀流時のダメージ増加|이도류 사용 시 데미지 증가|Erhöhter Schaden beim Führen von zwei Waffen|Dégâts accrus avec deux armes|Daño aumentado al usar dos armas|Zwiększone Obrażenia przy Dwu-władaniu
inc_damage_dual_wielding_total|Increased Total Damage when Dual Wielding||Aumento do dano total ao usar duas armas|Увеличенный урон от зарядки за каждое очко Силы|雙持時總傷害|二刀流時の合計ダメージ増加|이도류 사용 시 총 데미지 증가|Erhöhter Gesamtschaden beim Führen von zwei Waffen|Dégâts totaux accrus avec deux armes|Daño total aumentado al usar dos armas|Zwiększone Całkowite Obrażenia przy Dwu-władaniu
inc_charging_damage_per_strength|Increased Charging Damage per point in Strength||Aumento do dano de carregamento por ponto em Força|Увеличенная сила отбрасывания|每點力量提供的衝鋒傷害|筋力1ポイントあたりのチャージダメージ増加|힘 스탯 1포인트당 돌진 데미지 증가|Erhöhter Angriffsschaden pro Stärkepunkt|Dégâts de charge accrus par point de Force|Daño de carga aumentado por punto de fuerza|Zwiększone Obrażenia Szarży na punkt Siły
inc_knockback_force|Increased Knockback Force||Aumento da força de repulsão|Увеличенный урон от отбрасывания|擊退強度|ノックバック力増加|넉백력 증가|Erhöhte Rückstoßkraft|Répulsion de Force accrue|Fuerza de empuje aumentada|Zwiększona Siła Odrzutu
inc_knockback_damage|Increased Knockback Damage||Aumento do dano de repulsão|Увеличенный урон при сбивании монстров с пути|擊退傷害|ノックバックダメージ増加|넉백 데미지 증가|Erhöhter Rückstoßschaden|Dégâts de répulsion accrus|Daño de empuje aumentado|Zwiększone Obrażenia Odrzutu
inc_knockback_terrain_damage|Increased Damage when knocking monsters into terrain||Aumento do dano ao arremessar monstros contra o terreno|Увеличенный радиус действия навыков по области|將怪物擊退至地形時的傷害|モンスターを地形に叩きつけた際のダメージ増加|몬스터를 지형에 밀쳐낼 때 데미지 증가|Erhöhter Schaden beim Zurückstoßen von Monstern ins Gelände|Dégâts accrus lors de la projection de monstres au sol|Daño aumentado al empujar monstruos contra el terreno|Zwiększone Obrażenia przy odrzucaniu potworów w teren
inc_area_of_effect_skill_radius|Increased Area of Effect skill radius||Aumento do raio de efeito de habilidades em área|Увеличенный общий радиус действия всех навыков|範圍效果技能半徑|範囲攻撃スキルの半徑増加|범위 스킬의 반경 증가|Erhöhter Wirkungsbereich von Fertigkeiten|Zone d'effet accrue Rayon des compétences|Radio de las habilidades de área de efecto aumentado|Zwiększony promień obszaru efektu umiejętności
inc_area_of_effect_skill_radius_total|Increased Total Area of Effect radius of all skills||Aumento do raio de efeito total de todas as habilidades|Увеличенный урон, наносимый навыками по области|所有技能總範圍效果半徑|全スキルの合計範囲攻撃半徑増加|모든 스킬의 총 범위 증가|Erhöhter Gesamtwirkungsbereich aller Fertigkeiten|Rayon total des compétences augmenté|Radio total de todas las habilidades aumentado|Zwiększony Całkowity promień obszaru efektu wszystkich umiejętności
inc_area_of_effect_skill_damage|Increased damage dealt by Area of Effect skills||Aumento do dano causado por habilidades em área|Радиус действия по области, преобразованный в урон по области|範圍效果技能造成的傷害|範囲攻撃スキルのダメージ増加|범위 스킬 데미지 증가|Erhöhter Schaden durch Flächenangriffe|Dégâts infligés par les compétences à effet de zone augmentés|Daño de las habilidades de área de efecto aumentado|Zwiększone obrażenia zadawane przez umiejętności obszarowe
inc_area_of_effect_radius_conv_aoe_damage|of Area of Effect Radius converted to Area of Effect Damage||de raio de efeito convertido em dano em área|Шанс на смертельный удар|範圍效果半徑轉為範圍效果傷害|範囲攻撃半徑が範囲攻撃ダメージに変換される割合増加|범위 효과 반경이 범위 데미지로 전환|Flächenwirkungsradius wird in Flächenschaden umgewandelt|Rayon d'effet converti en dégâts de zone|del radio de efecto convertido en daño de área|Część Promienia Obszaru Efektu konwertowana na Obrażenia Obszarowe
inc_deadly_blow_chance|Chance for a deadly blow||Chance de um golpe mortal|Повышенная эффективность Смертельного удара |致命一擊機率|デッドリー・ブロウ発生確率増加|치명적 강타 확률|Chance auf einen tödlichen Schlag|Chance de coup fatal|Probabilidad de golpe mortal|Szansa na śmiertelny cios
inc_deadly_blow_effectiveness|Increased effectiveness of Deadly Blow||Aumento da eficácia de Golpe Mortal|Повышенная эффективность «Смертельного удара»|致命一擊效果提高|デッドリー・ブロウの有効性増加|치명적 강타 효과 증가|Erhöhte Effektivität des tödlichen Schlags|Efficacité accrue du coup fatal|Eficacia de golpe mortal aumentada|Zwiększona skuteczność Śmiertelnego Ciosu
inc_deadly_blow_aoe_chance|Chance to deal area of effect damage with deadly blow||Chance de causar dano em área com Golpe Mortal|Шанс нанести урон по области с помощью «Смертельного удара»|機率致命一擊造成範圍效果傷害|デッドリー・ブロウで範囲攻撃ダメージを與える確率増加|치명적 강타로 범위 데미지를 입힐 확률|Chance, mit dem tödlichen Schlag Flächenschaden zu verursachen|Chance d'infliger des dégâts de zone avec le coup fatal|Probabilidad de infligir daño de área con golpe mortal|Szansa na zadanie obrażeń obszarowych śmiertelnym ciosem
inc_deadly_blow_aoe_damage|Deadly Blow Area of Effect Damage||Dano em área de Golpe Mortal|Урон по области от «Смертельного удара»|致命一擊範圍效果傷害|デッドリー・ブロウの範囲攻撃ダメージ増加 |치명적 강타의 범위 데미지|Flächenschaden des tödlichen Schlags|Dégâts de zone du coup fatal|Daño de área de golpe mortal|Obrażenia Obszarowe Śmiertelnego Ciosu
inc_unarmed_damage|Increased Damage while Unarmed||Aumento do dano enquanto Desarmado|Увеличенный урон в рукопашном бою|赤手空拳時傷害提高|素手時のダメージ増加|맨손일 때 데미지 증가|Erhöhter Schaden im unbewaffneten Kampf|Dégâts augmentés à mains nues|Daño desarmado aumentado|Zwiększone Obrażenia bez Broni
inc_strength_conv_damage_unarmed|of Strength Added as weapon damage when Unarmed, Strength no longer provides Attack Damage.||Quando desarmado, a Força é convertida em dano de arma, e a Força deixa de fornecer dano de ataque. |При использовании без оружия сила добавляется к урону от оружия, но больше не увеличивает урон от атаки.|空手時力量附加為武器傷害，力量不再提供攻擊傷害。 |素手の場合、筋力は武器ダメージに変換され、筋力は攻撃ダメージを提供しなくなります。 |맨손일 때 힘은 무기 공격력으로 전환되며, 더 이상 공격력에 영향을 미치지 않습니다. |Stärke wird im unbewaffneten Zustand in Waffenschaden umgewandelt; Stärke verursacht keinen Angriffsschaden mehr. |de force ajoutée en tant que dégâts d'arme en étant désarmé, la force ne fournit plus de dégâts d'attaque|La Fuerza se convierte en daño de arma cuando se está desarmado, la Fuerza ya no proporciona daño de ataque. |Siły zamienionej na obrażenia od broni w trybie walki bez broni, Siła nie zadaje już obrażeń od ataku.
inc_melee_damage_far_less_close|Increased Melee Damage dealt to monsters at long range but deal less damage to monsters close to you||Aumento do dano corpo a corpo causado a monstros a longa distância, mas causa menos dano a monstros próximos|Увеличенный радиус атаки|對遠距離怪物近戰傷害提高，但對近距離怪物傷害降低|遠距離の敵に與える近接ダメージ増加、ただし近距離の敵へのダメージ減少|원거리 몬스터에게 근접 데미지 증가 하지만 가까운 몬스터에게는 데미지 감소|Erhöhter Nahkampfschaden gegen Monster auf große Distanz, aber geringerer Schaden gegen Monster in der Nähe|Dégâts de mêlée augmentés contre les monstres à distance, mais réduits contre les monstres au corps à corps|Daño cuerpo a cuerpo aumentado contra enemigos lejanos y reducido contra enemigos cercanos|Zwiększone Obrażenia Melee zadawane potworom z daleka, ale mniejsze obrażenia potworom blisko ciebie
inc_attack_radius|Increased Attack Radius||Aumento do raio de ataque|Увеличенная дальность атаки в ближнем бою|攻擊半徑提高|攻撃範囲の拡大|공격 범위 증가|Erhöhter Angriffsradius|Portée d'attaque augmentée|Radio de ataque aumentado|Zwiększony Zasięg Ataku
inc_melee_attack_range|Increased Melee Attack Range||Aumento do alcance de ataque corpo a corpo|Увеличенный урон в ближнем бою по монстрам, находящимся далеко от вас|近戰攻擊範圍提高|近接攻撃範囲の拡大|근접 공격 사거리 증가|Erhöhte Nahkampfangriffsreichweite|Portée d'attaque au corps à corps augmentée|Alcance de ataque cuerpo a cuerpo aumentado|Zwiększony Zasięg Ataku Melee
inc_melee_damage_far|Increased Melee Damage to Monsters far away from you||Aumento do dano corpo a corpo contra monstros distantes|Шанс уклониться от снарядов при использовании двух мечей|對遠離您的怪物近戰傷害|遠距離のモンスターへの近接ダメージの拡大|멀리 떨어진 몬스터에게 근접 피해 증가|Erhöhter Nahkampfschaden gegen weit entfernte Monster|Dégâts de mêlée augmentés contre les monstres éloignés|Daño cuerpo a cuerpo aumentado contra monstruos lejanos|Zwiększone Obrażenia Melee zadawane potworom daleko od ciebie
inc_evade_projectile_dual_wield|Chance to Evade projectiles when dual wielding||Chance de evadir projéteis ao usar duas armas|Урон от метательного оружия|雙持斧頭時機率閃避投射物|二刀流時の投射物回避率の上昇|이도류 사용 시 투사체 회피 확률|Chance, Projektilen beim Führen von zwei Waffen auszuweichen|Chance d'esquiver les projectiles en maniement de deux armes|Probabilidad de esquivar proyectiles al usar dos armas|Szansa na Unik pocisków przy dwu-władaniu
inc_weapon_throw_damage|Weapon Throw Damage||Dano de arremesso de arma|Увеличенный урон при использовании топора|武器投擲傷害|武器投擲ダメージの拡大|무기 투척 데미지|Schaden durch Waffenwürfe|Dégâts des lancers d'armes|Daño de lanzamiento de arma|Obrażenia Rzutu Bronią
inc_axe_damage|Increased Damage when wielding an Axe||Aumento do dano ao usar um machado|Увеличенный общий показатель атаки при использовании топора|使用斧頭時的傷害提高|斧装備時のダメージの拡大|도끼 사용 시 데미지 증가|Erhöhter Schaden beim Führen einer Axt|Dégâts augmentés avec une hache|Daño aumentado al usar un hacha|Zwiększone Obrażenia przy użyciu Topora
inc_axe_attack_rating_total|Increased Total Attack Rating when wielding an Axe||Aumento da classificação de ataque total ao usar um machado|превращается в физический урон при использовании двух топоров|使用斧頭時的總攻擊命中率|斧を使用すると命中率が上昇|도끼 사용 시 총 명중률 증가|Erhöhte Gesamtangriffswertung beim Führen einer Axt|Augmentation de la puissance d'attaque totale avec une hache|Índice de ataque total aumentado al usar un hacha|Zwiększona Całkowita Celność Ataku przy użyciu Topora
inc_axe_physical_damage_f|to Physical Damage when dual wielding Axes||Dano físico ao usar dois machados|Увеличенный радиус атаки при использовании двух топоров|雙持斧頭時的物理傷害|斧二刀流時の物理ダメージの拡大|도끼 이도류 사용 시 물리 데미지 증가|In physischen Schaden umgewandelt beim Führen von zwei Äxten|Dégâts physiques avec deux haches|al daño físico al usar dos hachas|do Obrażeń Fizycznych przy dwu-władaniu Toporami
inc_axe_attack_radius|Increased Attack Radius when dual wielding Axes||Aumento do raio de ataque ao usar dois machados|Ваши затраты маны берутся из здоровья|雙持斧頭時的攻擊半徑|斧の二刀流使用時に命中率が上昇|도끼 이도류 사용 시 명중률 증가|Erhöhter Angriffsradius beim Führen von zwei Äxten|Rayon d'attaque augmenté avec deux haches|Radio de ataque aumentado al usar dos hachas|Zwiększony Zasięg Ataku przy dwu-władaniu Toporami
inc_mana_cost_life|of Your Mana Costs are taken from life instead||Seus custos de mana são descontados da vida|Увеличенный урон по площади по монстрам вокруг цели|魔力消耗改為從生命扣除|マナコストの一部がライフから消費される|당신의 마나 비용을 생명력으로 사용|Manakosten werden von Lebenspunkten abgezogen|Le coût en mana est déduit des points de vie|de tus costes de maná se deducen de la vida|Część Kosztu Many pobierana z życia zamiast
inc_splash_damage|Increased splash damage to monsters around the target||Aumento do dano em área contra monstros ao redor do alvo|Увеличенный урон от атаки в ближнем бою при использовании двуручного оружия ближнего боя|對目標周圍怪物造成的額外濺射傷害|ターゲット周囲のモンスターに與えるスプラッシュダメージ増加|대상 주변 몬스터에게 주는 스플래시 데미지 증가|Erhöhter Flächenschaden gegen Monster in der Nähe des Ziels|Dégâts de zone augmentés Monstres autour de la cible|Daño por salpicadura aumentado contra monstruos cercanos al objetivo|Zwiększone obrażenia rozbryzgowe do potworów wokół celu
inc_damage_two_handed_melee|Increased Melee Attack Damage when using a Two Handed Melee Weapon||Aumento do dano de ataque corpo a corpo ao usar uma arma corpo a corpo de duas mãos|Теперь вы можете использовать два оружия одновременно Использование двуручного оружия ближнего боя|使用雙手近戰武器時近戰攻擊傷害|両手近接武器使用時の近接攻撃ダメージの拡大|양손 근접 무기 사용시 근접 공격 데미지 증가|Erhöhter Nahkampfangriff Schaden beim Einsatz einer Zweihand-Nahkampfwaffe|Dégâts des attaques de mêlée augmentés avec une arme de mêlée à deux mains|Daño de ataque cuerpo a cuerpo aumentado al usar armas a dos manos|Zwiększone Obrażenia Ataku Melee przy użyciu Dwuręcznej Broni Melee
inc_dual_wield_two_handed_melee|You can now dual wield Two Handed Melee Weapons||Agora você pode usar duas armas corpo a corpo de duas mãos|Ограничения на тип оружия, используемого вашим навыком, сняты|您現在可以雙持雙手近戰武器|両手近接武器を二刀流で使用できるようになる|당신은 양손 근접 무기를 이도류로 사용할 수 있습니다|Du kannst nun zwei Zweihand-Nahkampfwaffen gleichzeitig führen.|Vous pouvez désormais utiliser deux armes de mêlée à deux mains|Ahora puedes usar dos armas cuerpo a cuerpo a dos manos|Możesz teraz dwu-władać Dwuręcznymi Broniami Melee
inc_skill_weapon_type_restriction|Your skill weapon type restrictions are removed||Restrições de tipo de arma de habilidade removidas|К рейтингу атаки|移除您的技能武器類型限制|スキル武器タイプの制限が解除される|스킬의 무기 타입 제한을 제거|Die Einschränkungen deiner Fertigkeitswaffentypen werden aufgehoben.|Restrictions de type d'arme supprimées|Se eliminan las restricciones de tipo de arma para habilidades|Ograniczenia typu broni twoich umiejętności są usunięte
inc_attack_rating_f|to Attack Rating||Classificação de ataque|Увеличен рейтинг атаки|攻擊命中率|命中率|명중률|Angriffswert erhöht|Indice d'attaque|al índice de ataque|do Celności Ataku
inc_attack_rating_p|Increased Attack Rating||Classificação de ataque aumentada|Увеличен общий рейтинг атаки|攻擊命中率提高|命中率の拡大|명중률 증가|Angriffswert erhöht|Indice d'attaque augmenté|Índice de ataque aumentado|Zwiększona Celność Ataku
inc_attack_rating_total|Increased Total Attack Rating||Classificação de ataque total aumentada|Защита цели игнорируется|總攻擊命中率提高|合計命中率の拡大|총 명중률 증가|Gesamtangriffswert erhöht|Indice d'attaque total augmenté|Índice de ataque total aumentado|Zwiększona Całkowita Celność Ataku
inc_target_defense_ignored|of Target Defense Ignored||Defesa do alvo ignorada|Сила добавляется как увеличенное максимальное здоровье|無視目標防禦|ターゲット防御力の無視|대상 방어력 무시|Zielverteidigung ignoriert|Défense de la cible ignorée|de la defensa del objetivo ignorada|Ignorowana Obrona Celu
inc_strength_added_life|of Strength Added as increased Maximum Life||Força adicionada como Aumento da Vida Máxima|Восстанавливается здоровье в секунду|的力量值增加為最大生命值|筋力の一部が最大ライフの増加として加算される|힘이 최대 생명력으로 추가|Stärke als erhöhtes Maximalleben hinzugefügt|Force ajoutée comme augmentation des points de vie maximum|de fuerza añadida como vida máxima aumentada|Siły dodawanej jako zwiększone Maksymalne Życie
inc_life_replenish_f|Life Replenished per second||Vida Regenerada por segundo|Восстанавливается максимальное здоровье в секунду|每秒回復生命|毎秒のライフ回復量の増加|초당 생명력 회복량|Lebensregeneration pro Sekunde|Points de vie régénérés par seconde|Vida regenerada por segundo|Życie odnawiane na sekundę
inc_max_life_replenish|of Maximum Life replenished per second||da Vida Máxima regenerada por segundo|Увеличивается общее восстановление здоровья, когда текущее здоровье ниже 40% от максимального здоровья|每秒最大生命回復|毎秒の最大ライフ回復量の増加|초당 최대 생명력 회복량|von maximalem Leben pro Sekunde|Points de vie maximum régénérés par seconde |de la vida máxima regenerada por segundo|Część Maksymalnego Życia odnawiana na sekundę
inc_life_replenish_total_below|Increased Total Life Replenish when current life is below 40% of Maximum Life||Aumento da Regeneração Total de Vida quando a vida atual estiver abaixo de 40% da Vida Máxima|Снижается ослабление контроля толпы|總生命回復，當前生命低於40%時。|現在の合計ライフ回復量の増加ライフが最大ライフの40%未満の場合|현재 생명력이 최대 생명력의 40% 이하에서 총 생명력 회복량 증가|Erhöhte Gesamtlebensregeneration, wenn das aktuelle Leben unter 40 % des maximalen Lebens liegt|Régénération de santé totale augmentée lorsque la santé actuelle est inférieure à 40 % de la santé maximale|Regeneración de vida total aumentada con menos del 40% de vida máxima|Zwiększone Całkowite Odnawianie Życia gdy aktualne życie jest poniżej 40% Maksymalnego Życia
inc_crowd_control_diminish|Decreased Crowd Control Diminish||Redução da Redução de Controle de Grupo|Снижается иммунитет монстров к контролю толпы|群體控制削弱減少|クラウドコントロール効果低下|군중 제어 감소 효과 감소|Verringerte Abschwächung von Massenkontrolle|Réduction de la réduction des effets de contrôle des foules|Reducción de la disminución de control de masas|Zmniejszone Zmniejszenie Kontroli Tłumu
inc_crowd_control_immunity|Decreased Monster Crowd Control Immunity||Redução da Imunidade de Monstros a Controle de Grupo|Увеличивается урон, наносимый монстрам с иммунитетом к контролю толпы|怪物群體控制免疫減少|モンスターのクラウドコントロール耐性低下|몬스터 군중 제어 면역 감소|Verringerte Immunität von Monstern gegen Massenkontrolle|Immunité réduite des monstres aux effets de contrôle des foules|Inmunidad de los monstruos al control de masas reducida|Zmniejszona Odporność Potworów na Kontrolę Tłumu
inc_crowd_control_immunity_damage|Increased Damage dealt to monsters with Crowd Control Immunity||Aumento do Dano causado a monstros com Imunidade a Controle de Grupo|Общий наносимый и получаемый урон|對群體控制免疫的怪物傷害|クラウドコントロール耐性を持つモンスターへのダメージ増加|군중 제어 면역 몬스터에게 주는 데미지 증가|Erhöhter Schaden gegen Monster mit Immunität gegen Massenkontrolle|Dégâts infligés aux monstres immunisés aux effets de contrôle des foules augmentés |Daño aumentado contra monstruos inmunes al control de masas|Zwiększone Obrażenia zadawane potworom odpornym na Kontrolę Tłumu
inc_damage_dealt_taken_below|Total Damage Dealt and Damage Taken||Dano Total Causado e Dano Recebido|Шанс подавить входящий элементальный урон|總傷害與受到傷害|総與ダメージと被ダメージ|총 데미지 및 받는 데미지 증가|Gesamtschaden verursacht und erlitten|Dégâts totaux infligés et dégâts reçus|Daño total infligido y daño recibido|Całkowite Zadawane Obrażenia i Otrzymywane Obrażenia
inc_elemental_suppression|Chance to suppress incoming elemental damage||Chance de suprimir dano elemental recebido|Повышена эффективность подавления элементального урона|機率壓抑來襲的元素傷害|受ける属性ダメージを抑制する確率|받는 원소 데미지를 억제할 확률|Chance, eingehenden Elementarschaden zu unterdrücken|Chance de supprimer les dégâts élémentaires reçus|Probabilidad de suprimir el daño elemental recibido|Szansa na tłumienie przychodzących obrażeń żywiołowych
inc_elemental_suppression_effectiveness|Increased elemental suppression effectiveness||Aumento da eficácia da supressão elemental|Восстанавливается максимальное здоровье при подавлении|元素壓抑效果|属性抑制効果増加|원소 억제 효과 증가|Erhöhte Effektivität der Elementarunterdrückung|Efficacité accrue de la suppression élémentaire|Efectividad de la supresión elemental aumentada|Zwiększona skuteczność tłumienia żywiołów
inc_life_replenish_suppression|of Maximum Life replenished when suppressing||da Vida Máxima regenerada ao suprimir|Входящий урон смягчается|壓抑時回復的最大生命|抑制時に最大ライフが回復|억제 시 최대 생명력 회복량 증가|von maximalem Leben, das bei Unterdrückung wiederhergestellt wird|Régénération maximale de santé lors de la suppression|de vida máxima regenerada al suprimir|Część Maksymalnego Życia odnawiana przy tłumieniu
inc_damage_mitigated|of Incoming Damage is mitigated||da Redução do Dano Recebido|Входящий урон игнорируется|減免受到的傷害|受けるダメージが軽減される|받는 데미지 감소량 증가|von eingehendem Schaden wird verringert|Réduction des dégâts subis|del daño recibido es mitigado|Część Przychodzących Obrażeń jest łagodzona
inc_damage_ignored|of Incoming Damage is ignored||da Redução do Dano Recebido|К шансу критического удара|無視受到的傷害|受けるダメージが無視される|받는 데미지 무시량 증가|von eingehendem Schaden wird ignoriert|Réduction des dégâts subis |del daño recibido es ignorado|Część Przychodzących Obrażeń jest ignorowana
inc_critical_chance|to Critical Strike Chance||da Chance de Acerto Crítico|Увеличивается урон от критического удара|暴擊機率|クリティカルヒット率増加|치명타 확률 증가|zur Chance auf kritische Treffer|Augmentation des chances de coup critique|a la probabilidad de golpe crítico|do Szansy na Trafienie Krytyczne
inc_critical_damage|Increased Critical Strike Damage||Aumento do Dano de Acerto Crítico|Увеличивается общий урон от критического удара|暴擊傷害|クリティカルヒットダメージ増加|치명타 데미지 증가|Erhöhter Schaden kritischer Treffer|Augmentation des dégâts critiques|Daño de golpe crítico aumentado|Zwiększone Obrażenia Trafienia Krytycznego
inc_total_critical_damage|Increased Total Critical Strike Damage||Aumento do Dano Total de Acerto Crítico|Увеличивается урон от снарядов дальнего боя |總暴擊傷害|総クリティカルヒットダメージ増加|총 치명타 데미지 증가|Erhöhter Gesamtschaden kritischer Treffer|Augmentation des dégâts critiques totaux|Daño de golpe crítico total aumentado|Zwiększone Całkowite Obrażenia Trafienia Krytycznego
inc_projectile_damage_ranged|Increased Ranged Projectile Damage||Aumento do Dano de Projéteis à Distância|Увеличенный урон от снарядов дальнего боя|遠程投射物傷害|遠距離投射物ダメージ増加|원거리 투사체 데미지 증가|Erhöhter Schaden durch Fernkampfprojektile|Augmentation des dégâts des projectiles à distance|Daño de proyectiles a distancia aumentado|Zwiększone Obrażenia Pocisków Dystansowych
inc_dodge_physical_damage|Chance to Dodge Physical Damage||Chance de Esquivar de Dano Físico|Шанс уклониться от физического урона|機率閃避物理傷害|物理ダメージ回避確率増加|물리 데미지 회피 확률 증가|Chance, physischem Schaden auszuweichen|Chance d'esquiver les dégâts physiques|Probabilidad de esquivar daño físico|Szansa na Unik Obrażeń Fizycznych
inc_increased_flask_regeneration|Increased Life Regeneration from Flasks||Aumento da Regeneração de Vida de Frascos|Увеличенная регенерация здоровья от зелий|藥劑提供的生命回復|フラスコからのライフ回復増加|물리 물약으로 얻는 생명력 회복량 증가|Erhöhte Lebensregeneration durch Tränke|Régénération de santé des flacons améliorée|Regeneración de vida de los frascos aumentada|Zwiększona Regeneracja Życia z Flaszek
inc_damage_reduction_flask|Reduced damage taken while flask regeneration||Redução do dano recebido durante a regeneração do frasco |Сниженный получаемый урон во время регенерации зелий|藥劑回復期間受到傷害減少|フラスコ回復中の被ダメージ減少|물리 물약 재생 중 받는 데미지 감소|Reduzierter erlittener Schaden während der Trankregeneration|Dégâts subis réduits pendant la régénération des flacons |Daño recibido reducido durante la regeneración de frascos|Zmniejszone otrzymywane obrażenia podczas regeneracji z flaszki
inc_projectile_damage_ranged_close|Increased Ranged Projectile Damage to monsters close to you but deal less damage to monsters far away||Aumenta o dano de projéteis à distância contra monstros próximos, mas causa menos dano a monstros distantes.|Увеличенный урон от снарядов дальнего боя по монстрам, находящимся рядом, но меньший урон по монстрам, находящимся далеко|對近距離怪物遠程投射物傷害提高，但對遠距離怪物傷害降低|近距離モンスターへの遠距離投射物ダメージ増加（遠距離モンスターへのダメージは減少）|근접 몬스터에게 주는 원거리 투사체 데미지 증가 (원거리 몬스터에게는 데미지 감소)|Erhöhter Schaden durch Fernkampfprojektile gegen Monster in der Nähe, aber geringerer Schaden gegen weit entfernte Monster|Augmente les dégâts des projectiles à distance contre les monstres proches, mais réduit les dégâts contre les monstres éloignés.|Daño de proyectiles a distancia aumentado contra enemigos cercanos y reducido contra lejanos|Zwiększone Obrażenia Pocisków Dystansowych do potworów blisko ciebie, ale mniejsze obrażenia do potworów daleko
inc_ranged_additional_attack|Chance on ranged attack to perform it an additional time||Chance de executar um ataque à distância adicional.|Шанс на дополнительную атаку дальнего боя|機率遠程攻擊額外執行一次|遠距離攻撃時に追加で攻撃を行う確率|원거리 공격 시 추가 공격 확률 증가|Chance, einen Fernkampfangriff ein weiteres Mal auszuführen|Chance d'effectuer une attaque à distance supplémentaire.|Probabilidad de realizar un ataque a distancia adicional|Szansa przy ataku dystansowym na wykonanie go dodatkowy raz
inc_dexterity_conv_projectile_damage_ranged|of Dexterity Added as Ranged Projectile Damage||Dano de projétil à distância convertido em dano de projétil à distância.|Ловкость добавляется в качестве урона от снарядов дальнего боя.|敏捷轉為遠程投射物傷害|敏捷性が遠距離投射物ダメージに変換される|민첩을 원거리 투사체 데미지로 전환|von Geschicklichkeit, die in Fernkampfprojektil umgewandelt wird Schaden|de dextérité ajoutée en tant que dégâts de projectile à distance|de destreza convertida en daño de proyectiles a distancia|Zręczności Konwertowanej na Obrażenia Pocisków Dystansowych
inc_armor_break_onhit|Armor Break Inflicted on hit||Quebra de armadura aplicada ao atingir.|Наложение эффекта пробития брони при попадании|命中時造成護甲破壞|アーマーブレイク効果付與命中|적중 시 방어구 감소 효과 부여|Rüstungsbruch beim Treffer|Brise-armure appliquée à l'impact.|Ruptura de armadura aplicada al golpear|Przebicie Pancerza zadawane przy trafieniu
inc_elemental_break_onhit|Elemental Break Inflicted on hit||Quebra elemental aplicada ao atingir.|Наложение эффекта пробития стихии при попадании|命中時造成元素破壞|命中時に属性破壊を付與|적중 시 속성 파괴 효과 부여|Elementarbruch beim Treffer|Brise-élément appliquée à l'impact.|Ruptura elemental aplicada al golpear|Przebicie Żywiołowe zadawane przy trafieniu
inc_poisoned_chance_onhit|Chance to inflict Poisoned on hit||Chance de infligir envenenamento ao atingir.|Шанс наложить эффект отравления при попадании|機率命中時造成中毒|命中時に毒を付與する確率|적중 시 일정 확률로 중독 효과 부여|Chance, bei Treffer Vergiftung zu verursachen|Chance d'empoisonner à l'impact.|Probabilidad de infligir veneno al golpear|Szansa na zadanie Zatrucia przy trafieniu
inc_poisoned_damage|Increased Poisoned Damage||Aumento do dano de envenenamento.|Увеличенный урон от отравления|中毒傷害|毒ダメージ増加|중독 데미지 증가|Erhöhter Vergiftungsschaden|Dégâts de poison augmentés.|Daño por veneno aumentado|Zwiększone Obrażenia Zatrucia
inc_poisoned_stacks|to Maximum Poisoned Stacks||Até o máximo de acúmulos de envenenamento.|до максимального количества стаков отравления|最大中毒層數|毒スタック最大数増加 |최대 중독 중첩까지|bis zu maximalen Vergiftungsstapeln|Jusqu'au maximum des cumuls de poison.|a las acumulaciones máximas de veneno|do Maksymalnej Liczby Stacków Zatrucia
inc_poisoned_frequency|Increased Poisoned Frequency||Aumento da frequência de envenenamento.|Увеличенная частота отравления|中毒頻率|毒付與頻度増加|중독 빈도 증가|Erhöhte Vergiftungshäufigkeit|Fréquence d'empoisonnement augmentée.|Frecuencia de veneno aumentada|Zwiększona Częstotliwość Zatrucia
inc_burning_chance_onhit|Chance to inflict Burning on hit||Chance de infligir queimadura ao atingir.|Шанс наложить эффект горения при попадании|機率命中時造成燃燒|命中時に燃焼を付與する確率増加|적중 시 일정 확률로 화상 효과 부여|Chance, bei Treffer Verbrennung zu verursachen|Chance d'infliger des brûlures à l'impact.|Probabilidad de infligir quemadura al golpear|Szansa na zadanie Palenia przy trafieniu
inc_burning_damage|Increased Burning Damage||Aumento do dano de queimadura.|Увеличенный урон от горения|燃燒傷害|燃焼ダメージ増加|화상 데미지 증가|Erhöhter Verbrennungsschaden|Dégâts de brûlure augmentés.|Daño por quemadura aumentado|Zwiększone Obrażenia Palenia
inc_burning_stacks|to Maximum Burning Stacks||Aumento do acúmulo de queimadura.|до максимального количества стаков горения|最大燃燒層數|燃焼スタック最大数増加|최대 화상 중첩까지|bis zu maximalen Verbrennungsstapeln|Cumul de brûlure augmenté.|a las acumulaciones máximas de quemadura|do Maksymalnej Liczby Stacków Palenia
inc_stasis_chance_onhit|Chance to inflict Stasis on hit||Chance de infligir estase ao atingir.|Шанс наложить эффект стазиса при попадании|機率命中時造成静滞|命中時に静止状態を付與する確率増加|적중 시 일정 확률로 정체 효과 부여|Chance, bei Treffer Stasis zu verursachen|Chance d'infliger la stase à l'impact.|Probabilidad de infligir estasis al golpear|Szansa na zadanie Stasis przy trafieniu
inc_stasis_damage|Increased Stasis Damage||Aumento do dano de estase.|Увеличенный урон от стазиса|静滞傷害|静止ダメージ増加|정체 데미지 증가|Erhöhter Stasisschaden|Dégâts de stase augmentés.|Daño por estasis aumentado|Zwiększone Obrażenia Stasis
inc_stasis_stacks|to Maximum Stasis Stacks||Aumento do acúmulo de estase.|до максимального количества стаков стазиса|最大静滞層數|静止スタック最大数増加|최대 정체 중첩까지|bis zu maximalen Stasisstapeln|Cumul de stase augmenté.|a las acumulaciones máximas de estasis|do Maksymalnej Liczby Stacków Stasis
inc_ailment_damage|Increased Ailment Damage||Aumento do dano de aflição.|Увеличенный урон от негативных эффектов|持續傷害|状態異常ダメージ増加|상태 이상 데미지 증가|Erhöhter Leidensschaden|Dégâts d'affaiblissement augmentés.|Daño de estados alterados aumentado|Zwiększone Obrażenia Dolegliwości
inc_ailment_frequency|Increased Ailment Tick Frequency||Aumento da frequência de aplicação de aflição.|Увеличенная частота срабатывания негативных эффектов|持續傷害跳動頻率|状態異常ティック頻度増加|상태 이상 틱 빈도 증가|Erhöhte Leidens-Tick-Frequenz|Fréquence d'application d'affaiblissement augmentée.|Frecuencia de estados alterados aumentada|Zwiększona Częstotliwość Ticków Dolegliwości
inc_forking_projectile_chance|Chance for Projectiles to Fork||Chance de projéteis se bifurcarem.|Шанс на разветвление снарядов|投射物有機率分裂|投射物が分岐する確率増加|투사체 갈래 확률|Chance, dass sich Projektile verzweigen|Chance de division des projectiles.|Probabilidad de que los proyectiles se bifurquen|Szansa na Rozwidlenie Pocisków
inc_forking_projectile_extra|Extra Forking Projectile||Projétil bifurcado extra.|Дополнительное разветвление Снаряд|額外分裂投射物|分岐する投射物追加|추가 갈래 투사체|Zusätzliches verzweigendes Projektil|Projectile divisé supplémentaire.|Proyectil bifurcado adicional|Dodatkowy Rozwidlający Się Pocisk
inc_extra_projectile_ranged|Extra Projectile Fired with Ranged Attacks||Projétil extra disparado com ataques à distância.|Дополнительный снаряд, выпущенный при атаках дальнего боя|遠程攻擊額外發射投射物|遠距離攻撃で発射される投射物追加|원거리 공격 시 추가 투사체 발사|Zusätzliches Projektil bei Fernkampfangriffen|Projectile supplémentaire tiré avec les attaques à distance.|Proyectil adicional disparado con ataques a distancia.|Dodatkowy Pocisk Wystrzeliwany przy Atakach Dystansowych
inc_combat_mitigation_struck|Damage Mitigation for a short duration when struck||Redução de dano por um curto período ao ser atingido.|Снижение урона на короткое время при попадании|受到攻擊時短暫獲得的傷害減免|被弾時に短時間ダメージ軽減|피격 시 짧은 시간 동안 데미지 감소 효과 부여|Schadensreduktion für kurze Zeit bei Treffer|Réduction des dégâts pendant une courte période à l'impact.|Mitigación de daño durante un breve periodo al ser golpeado|Łagodzenie Obrażeń na krótki czas przy trafieniu
inc_combat_mitigation_stacks|to Maximum Combat Mitigation Stacks||Até o máximo de acúmulos de redução de dano em combate.|до максимального количества стаков снижения урона в бою|最大戰鬥減免層數|戦闘軽減スタック最大数増加|최대 전투 데미지 감소 중첩|bis zu maximalen Kampfreduktionsstapeln|Jusqu'au maximum des cumuls de réduction des dégâts en combat.|a las acumulaciones máximas de mitigación de combate|do Maksymalnej Liczby Stacków Łagodzenia Walki
inc_all_attributes_p|Increased All Attributes||Aumento de todos os atributos.|Увеличение всех характеристик|全属性提高|全属性増加|모든 능력치 증가|Erhöhte Attribute|Augmentation de toutes les caractéristiques. |Todos los atributos aumentados|Zwiększone Wszystkie Atrybuty
inc_vampiric_touch|Chance to replenish 150 life and 75 mana on hit with ranged attacks||Chance de recuperar 150 de vida e 75 de mana ao acertar com ataques à distância|Шанс восстановить 150 здоровья и 75 маны при попадании атаками дальнего боя|機率遠程攻擊命中時回復150生命與75魔力|遠距離攻撃命中時にライフ150とマナ75を回復する確率増加|원거리 공격 적중 시 일정 확률로 생명력 150, 마나 75 회복|Chance, bei Treffer mit Fernkampfangriffen 150 Leben und 75 Mana wiederherzustellen|Chance de récupérer 150 points de vie et 75 points de mana lors d'attaques à distance réussies.|Probabilidad de recuperar 150 de vida y 75 de maná al golpear con ataques a distancia|Szansa na uzupełnienie 150 życia i 75 many przy trafieniu atakiem dystansowym
inc_ramping_pulse|Chance on explosion or area of effect skill to gain a stack of Ramping Pulse increasing the radius of area of effect and explosion skills||Chance de habilidades de explosão ou área de efeito ganhar um acúmulo de Pulso Acelerado, aumentando o raio de habilidades de área de efeito e explosão|Шанс получить стак «Ускоряющегося импульса» при взрыве или использовании навыка области действия, увеличивающий радиус действия навыков области действия и взрыва|機率爆炸或範圍效果技能命中時有獲得一層脈衝增强，提高範圍效果與爆炸技能的半徑|爆発または範囲攻撃スキル命中時に、範囲攻撃と爆発スキルの半徑を拡大する「ランピングパルス」スタックを獲得する確率増加|폭발 또는 범위 스킬 사용 시 범위 및 폭발 스킬의 반경을 증가시키는 램핑 펄스 중첩 획득|Chance bei Explosionen oder Flächenangriffen, einen Stapel von „Ansteigender Impuls“ zu erhalten, der den Radius von Flächen- und Explosionsfertigkeiten erhöht|Chance pour les compétences de zone de gagner un effet d'Impulsion accélérée, augmentant leur rayon d'action. |Probabilidad de obtener Pulso Creciente al usar habilidades de área o explosión, aumentando su radio|Szansa przy wybuchu lub umiejętności obszarowej na zyskanie stacka Ramping Pulse zwiększającego promień umiejętności obszarowych i wybuchowych
inc_maximum_stacks|Maximum Stacks||Acúmulos Máximos|Максимальное количество стаков|最大層數|最大スタック|최대 중첩|Maximale Stapel|Accumulation maximale. |Máximo de acumulaciones|Maksymalna Liczba Stacków
inc_ethers_pull|Chance on hit for Area of Effect skills to pull monsters in||Chance de habilidades de área de efeito puxarem monstros ao acertar|Шанс при попадании навыками области действия притягивать монстров|機率範圍效果技能命中時將怪物拉向自己|範囲攻撃スキル命中時にモンスターを引き寄せる確率増加|광역 스킬 적중 시 몬스터 끌어당기기 확률|Chance bei Treffern mit Flächenangriffen, Monster heranzuziehen in|Chance d'attirer les monstres à l'impact avec les capacités de zone.|Probabilidad de que las habilidades de área atraigan monstruos al golpear|Szansa przy trafieniu umiejętnościami obszarowymi na przyciągnięcie potworów
inc_orbital_damage|Increased Orbiting Skill Damage||Aumento do dano de habilidades orbitais|Увеличение урона от навыка «Орбитальный удар»|環繞技能傷害|オービティングスキルダメージ増加|선회 스킬 데미지 증가|Erhöhter Schaden der Orbit-Fertigkeit|Dégâts accrus des capacités orbitales.|Daño de habilidades orbitales aumentado|Zwiększone Obrażenia Umiejętności Orbitalnych
inc_orbital_speed|Increased Orbiting Skill Speed||Aumento da velocidade de habilidades orbitais|Увеличение скорости навыка «Орбитальный удар»|環繞技能速度|オービティングスキル速度増加|선회 스킬 속도 증가|Erhöhte Geschwindigkeit der Orbit-Fertigkeit|Vitesse accrue des capacités orbitales. |Velocidad de habilidades orbitales aumentada|Zwiększona Prędkość Umiejętności Orbitalnych
inc_orbital_size|Increased Orbiting Skill Size||Aumento do tamanho da habilidade orbital|Увеличение размера навыка «Орбитальный удар»|環繞技能大小|増加オービティングスキルのサイズ増加|선회 스킬 사이즈 증가|Erhöhte Größe der Orbit-Fertigkeit|Augmentation de la taille de la capacité orbitale.|Tamaño de habilidades orbitales aumentado|Zwiększony Rozmiar Umiejętności Orbitalnych
inc_orbital_duration|Increased Orbiting Skill Duration||Aumento da duração da habilidade orbital|Увеличение длительности навыка «Орбитальный удар»|環繞技能持續時間|オービティングスキルの持續時間増加|선회 스킬 지속 시간 증가|Erhöhte Dauer der Orbit-Fertigkeit|Augmentation de la durée de la capacité orbitale. |Duración de habilidades orbitales aumentada|Zwiększony Czas Trwania Umiejętności Orbitalnych
inc_total_attack_speed_crit_chance_below|Increased Total Attack Speed when Critical Strike Chance is below 40%||Aumento da velocidade de ataque total quando a chance de acerto crítico for inferior a 40%|Увеличение общей скорости атаки, когда шанс критического удара ниже 40%|總攻擊速度，當暴擊率低於40%時。|クリティカル発生率が40%未満の場合、総攻撃速度増加|치명타 확률이 40% 이하일 때 총 공격 속도 증가 |Erhöhte Gesamtangriffsgeschwindigkeit, wenn die kritische Trefferchance unter 40 % liegt|Vitesse d'attaque totale augmentée lorsque les chances de coup critique sont inférieures à 40 %|Velocidad de ataque total aumentada con menos del 40% de probabilidad de crítico|Zwiększona Całkowita Szybkość Ataku gdy Szansa na Trafienie Krytyczne jest poniżej 40%
inc_ranged_projectile_damage_crit_chance_below|Increased Ranged Projectile Damage when Critical Strike Chance is below 40%||Aumento do dano de projéteis à distância quando a chance de acerto crítico for inferior a 40%|Увеличение урона от снарядов дальнего боя, когда шанс критического удара ниже 40%|遠程投射物傷害，當暴擊幾率低於40%時|クリティカル発生率が40%未満の場合、遠距離投射物のダメージ増加|치명타 확률이 40% 이하일 때 원거리 투사체 데미지 증가|Erhöhter Fernkampfschaden, wenn die kritische Trefferchance unter 40 % liegt|Dégâts des projectiles à distance augmentés lorsque les chances de coup critique sont inférieures à 40 %|Daño de proyectiles a distancia aumentado con menos del 40% de probabilidad de crítico|Zwiększone Obrażenia Pocisków Dystansowych gdy Szansa na Trafienie Krytyczne jest poniżej 40%
inc_risky_hunting|Increased Attack Speed & Damage and Decreased Damage Reduction & All Resistances||Aumento da velocidade e do dano de ataque e redução da redução de dano e de todas as resistências|Увеличение скорости и урона атаки и снижение снижения урона и всех сопротивлений|攻擊速度與傷害，傷害減免與全抗性降低|攻撃速度とダメージ増加、ダメージ軽減と全耐性減少|공격 속도 및 데미지 증가, 데미지 감소 및 모든 저항 감소|Erhöhte Angriffsgeschwindigkeit und -schaden sowie verringerte Schadensreduktion und alle Resistenzen|Vitesse d'attaque et dégâts augmentés, réduction des dégâts et de toutes les résistances|Velocidad y daño de ataque aumentados; mitigación y resistencias reducidas|Zwiększona Szybkość Ataku & Obrażenia oraz Zmniejszone Zmniejszenie Obrażeń & Wszystkie Odporności
inc_hunters_resilience|Increased Attack Speed & Damage and Increased Damage Reduction & All Resistances||Aumento da velocidade e do dano de ataque e aumento da redução de dano e de todas as resistências|Увеличение скорости и урона атаки и Увеличенное снижение урона и все сопротивления|攻擊速度、傷害、傷害減免、全抗性|攻撃速度とダメージ増加、ダメージ軽減と全耐性増加|공격 속도 및 데미지 증가, 데미지 감소 및 모든 저항 증가|Erhöhte Angriffsgeschwindigkeit und -schaden sowie erhöhte Schadensreduktion und alle Resistenzen|Vitesse d'attaque et dégâts augmentés, réduction des dégâts et de toutes les résistances augmentées|Velocidad, daño de ataque, mitigación y resistencias aumentadas|Zwiększona Szybkość Ataku & Obrażenia oraz Zwiększone Zmniejszenie Obrażeń & Wszystkie Odporności
inc_jump_power|Increased Jump Power||Aumento do poder de salto|Увеличенная сила прыжка|跳躍力量提高|ジャンプ力増加|점프력 증가|Erhöhte Sprungkraft|Puissance de saut augmentée|Potencia de salto aumentada|Zwiększona Moc Skoku
inc_double_jump|Extra Jump that can be performed mid air||Salto extra que pode ser realizado no ar|Дополнительный прыжок, который можно выполнить в воздухе|可在空中額外進行一次跳躍|空中での追加ジャンプ|공중에서 추가 점프 가능|Zusätzlicher Sprung, der in der Luft ausgeführt werden kann|Saut supplémentaire possible en l'air|Salto adicional en el aire|Dodatkowy Skok wykonywany w powietrzu
inc_stun_duration|Stun Duration||Duração do atordoamento|Длительность оглушения|昏迷持續時間|スタン持續時間|기절 지속 시간|Betäubungsdauer|Durée d'étourdissement |Duración del aturdimiento|Czas Ogłuszenia
inc_hit_recovery|Increased Hit Recovery||Aumento da recuperação de acerto|Увеличенное восстановление после удара|擊中回復|ヒットリカバリー増加|피격 후 빠른 회복 시간 증가|Erhöhte Treffererholung|Récupération après coup améliorée|Recuperación tras golpe aumentada|Zwiększone Odzyskanie po Trafieniu
inc_evasion_chance_struck|Chance to gain 100% Evasion for a short duration after being hit||Chance de ganhar 100% de evasão por um curto período após ser atingido|Шанс получить 100% уклонения на короткое время после получения удара|機率在受到攻擊後短暫獲得100%的閃避率|被弾後、短時間回避率100%を獲得する確率|피격 후 짧은 시간 동안 100% 회피 확률 증가|Chance, nach einem Treffer für kurze Zeit 100 % Ausweichen zu erhalten|Chance d'obtenir 100 % d'esquive pendant une courte période après avoir été touché|Probabilidad de obtener 100% de evasión brevemente tras ser golpeado|Szansa na uzyskanie 100% Uniku na krótki czas po trafieniu
inc_evasion_duration|Evasion Duration||Duração da evasão|Длительность уклонения|閃避持續時間|回避持續時間|회피 지속 시간|Ausweichdauer|Durée de l'esquive|Duración de la evasión|Czas Trwania Uniku
inc_phys_conv_poison|of Physical Damage converted to Poison||de dano físico convertido em veneno|от физического урона, преобразованного в яд|物理傷害轉為毒素|物理ダメージの一定割合を毒に変換|물리 데미지를 독으로 전환|von physischem Schaden in Giftschaden umgewandelt|Dégâts physiques convertis en poison|de daño físico convertido en veneno|Część Obrażeń Fizycznych przekonwertowana na Truciznę
inc_phys_conv_cold|of Physical Damage converted to Cold||de Dano Físico convertido para Frio|от физического урона, преобразованного в холод|物理傷害轉為冰霜|物理ダメージの一定割合を冷気に変換|물리 데미지를 냉기로 전환|von physischem Schaden in Kälteschaden umgewandelt|Dégâts physiques convertis en froid|de daño físico convertido en frío|Część Obrażeń Fizycznych przekonwertowana na Zimno
inc_phys_conv_fire|of Physical Damage converted to Fire||Dano Físico convertido para Fogo|от физического урона, преобразованного в огонь|物理傷害轉為火焰|物理ダメージの一定割合を炎に変換 |물리 데미지를 불로 전환|von physischem Schaden in Feuerschaden umgewandelt|Dégâts physiques convertis en feu |de daño físico convertido en fuego|Część Obrażeń Fizycznych przekonwertowana na Ogień
inc_phys_conv_lightning|of Physical Damage converted to Lightning||Dano Físico convertido para Relâmpago|от физического урона, преобразованного в молнию|物理傷害轉為閃電|物理ダメージの一定割合を雷に変換 |물리 데미지를 번개로 전환|von physischem Schaden in Blitzschaden umgewandelt|Dégâts physiques convertis en foudre|de daño físico convertido en rayo|Część Obrażeń Fizycznych przekonwertowana na Błyskawice
inc_phys_conv_arcane|of Physical Damage converted to Arcane||Dano Físico convertido para Arcano|от физического урона, преобразованного в магию|物理傷害轉為奥術|物理ダメージの一定割合を秘術に変換 |물리 데미지를 아케인으로 전환|von physischem Schaden in Arkanschaden umgewandelt|Dégâts physiques convertis en arcanes|de daño físico convertido en arcano|Część Obrażeń Fizycznych przekonwertowana na Arkaniczne
inc_projectile_damage_ranged_bow|Increased Ranged Projectile Damage when using a Bow||Aumento do Dano de Projéteis à Distância ao usar um Arco|Увеличенный урон от дальнобойных снарядов при использовании лука|使用弓箭時遠程投射物傷害|弓使用時、遠距離投射ダメージ増加|활 사용 시 원거리 투사체 데미지 증가|Erhöhter Fernkampfschaden mit Bogen|Dégâts des projectiles à distance augmentés avec un arc|Daño de proyectiles a distancia aumentado al usar un arco|Zwiększone Obrażenia Pocisków Dystansowych przy użyciu Łuku
inc_enhanced_damage_ranged_bow|to Enhanced Damage when using Bow||Dano Aprimorado ao usar um Arco|до усиленного урона при использовании лука|增强傷害，當使用弓箭時|弓使用時、強化ダメージに変換|활 사용 시 강화된 데미지로 전환|zu erhöhtem Schaden mit Bogen|Dégâts augmentés avec un arc|al daño mejorado al usar un arco|do Zwiększonych Obrażeń przy użyciu Łuku
inc_projectile_damage_ranged_gun|Increased Projectile Damage when using a Gun||Dano de Projéteis aumentado ao usar uma Arma de Fogo|Увеличенный урон от снарядов при использовании огнестрельного оружия|投射物傷害，當使用槍械時|銃使用時、投射ダメージ増加|총 사용 시 투사체 데미지 증가|Erhöhter Projektilschaden mit Schusswaffe|Dégâts des projectiles augmentés avec une arme à feu|Daño de proyectiles aumentado al usar un arma de fuego|Zwiększone Obrażenia Pocisków przy użyciu Broni Palnej
inc_enhanced_damage_ranged_gun|to Enhanced Damage when using Gun||Dano Aprimorado ao usar uma Arma de Fogo|до усиленного урона при использовании огнестрельного оружия|增强傷害，當使用槍械時|銃使用時、強化ダメージに変換|총 사용 시 강화된 데미지로 전환|zu erhöhtem Schaden mit Schusswaffe|Dégâts augmentés avec une arme à feu|al daño mejorado al usar un arma de fuego|do Zwiększonych Obrażeń przy użyciu Broni Palnej
inc_projectile_damage_ranged_throwing|Increased Projectile Damage when using a Throwing Weapon||Dano de Projéteis aumentado ao usar uma Arma de Arremesso|Увеличенный урон от снарядов при использовании метательного оружия|投射物傷害，當使用投擲武器時|投擲武器使用時、投射ダメージ増加|투척 무기 사용 시 투사체 데미지 증가|Erhöhter Projektilschaden mit Wurfwaffe|Dégâts des projectiles augmentés avec une arme de jet|Daño de proyectiles aumentado al usar un arma arrojadiza|Zwiększone Obrażenia Pocisków przy użyciu Broni Miotanej
inc_enhanced_damage_ranged_throwing|to Enhanced Damage when using Throwing Weapon||Dano Aprimorado ao usar uma Arma de Arremesso|до усиленного урона при использовании метательного оружия|增强傷害，當使用投擲武器時|投擲武器使用時、強化ダメージに変換|투척 무기 사용 시 강화된 데미지로 전환|zu erhöhtem Schaden mit Wurfwaffe|Dégâts augmentés avec une arme de jet |al daño mejorado al usar un arma arrojadiza|do Zwiększonych Obrażeń przy użyciu Broni Miotanej
inc_explosion_aoe|Increased Explosion area of effect radius||Raio da área de efeito da explosão aumentado|Увеличенный радиус зоны поражения взрыва|爆炸範圍效果半徑|爆発範囲効果半徑増加|폭발 범위 증가|Vergrößerter Wirkungsbereich der Explosion|Rayon de la zone d'explosion augmenté|Radio de área de explosión aumentado|Zwiększony promień obszaru wybuchu
inc_explosion_damage|Increased Explosion damage||Dano da explosão aumentado|Увеличенный урон от взрыва|爆炸傷害|爆発ダメージ増加|폭발 데미지 증가|Erhöhter Explosionsschaden|Dégâts de l'explosion augmentés|Daño de explosión aumentado|Zwiększone obrażenia wybuchu
inc_extra_explosion_chance|Chance to cause monsters damaged by an explosion to unleash an additional explosion||Chance de fazer com que monstros atingidos por uma explosão liberem uma explosão adicional|Шанс заставить монстров, получивших урон от взрыва, произвести дополнительный взрыв|機率被爆炸傷害的怪物會釋放額外的爆炸|爆発でダメージを受けたモンスターに追加爆発を起こさせる確率|폭발로 인한 피해를 입은 몬스터들이 추가 폭발 확률|Chance, dass von einer Explosion getroffene Monster eine zusätzliche Explosion auslösen|Chance de déclencher une explosion supplémentaire sur les monstres touchés par une explosion|Probabilidad de que una explosión genere una explosión adicional al golpear|Szansa na to, że potwory uszkodzone wybuchem wyzwolą dodatkowy wybuch
inc_explosion_aoe_conv_explosion_damage|of Explosion Area of Effect radius converted to Explosion Damage||Raio da área de efeito da explosão convertido para Dano da explosão|радиус зоны поражения взрыва, преобразованный в урон от взрыва |爆炸範圍效果半徑轉為爆炸傷害|爆発範囲効果半徑が爆発ダメージに変換|폭발 범위를 폭발 데미지로 전환|von Explosionswirkungsbereich in Explosionsschaden umgewandelt|Rayon de la zone d'explosion converti en dégâts d'explosion|del radio de explosión convertido en daño de explosión|Część Promienia Obszaru Wybuchu konwertowana na Obrażenia Wybuchu
inc_ranged_physical_damage_per_mana|Increased Ranged Physical Damage per 500 mana||Dano Físico à Distância aumentado por 500 de mana|Увеличение физического урона от дальнего боя за каждые 500 маны|遠程物理傷害，當魔力每500數值時|500マナごとに遠距離物理ダメージ増加|마나 500당 원거리 물리 데미지가 증가|Erhöhter Fernkampfschaden pro 500 Mana|Dégâts physiques à distance augmentés de 500 mana|Daño físico a distancia aumentado por cada 500 de maná|Zwiększone Obrażenia Fizyczne Dystansowe na 500 many
inc_energy_added_ranged_physical_damage|of Energy is Added as Ranged Physical Damage||Energia adicionada como Dano Físico à Distância|энергия добавляется в качестве физического урона от дальнего боя|的能量值增加為遠程物理傷害|エネルギーが遠距離物理ダメージとして追加|에너지의 일부가 원거리 물리 데미지로 추가|von Energie wird als Fernkampfschaden hinzugefügt|Énergie ajoutée aux dégâts physiques à distance|de energía añadida como daño físico a distancia|Energii dodawanej jako Obrażenia Fizyczne Dystansowe
inc_homing_missile_chance|Chance when attacking to fire a homing missile||Chance de disparar um míssil teleguiado ao atacar|Шанс при атаке выпустить самонаводящуюся ракету|攻擊時有幾率發射追蹤導彈|攻撃時にホーミングミサイルを発射する確率|공격 시 유도 미사일을 발사할 확률|Chance, beim Angriff eine zielsuchende Rakete abzufeuern|Chance de tirer un missile à tête chercheuse lors d'une attaque|Probabilidad de disparar un misil teledirigido al atacar|Szansa przy atakowaniu na wystrzelenie samonaprowadzającego się pocisku
inc_homing_missile_damage|Increased Homing Missile Damage||Dano do míssil teleguiado aumentado|Увеличенный урон от самонаводящихся ракет|追蹤導彈傷害提高|ホーミングミサイルダメージ増加|유도 미사일 데미지 증가|Erhöhter Schaden zielsuchender Raketen|Dégâts du missile à tête chercheuse augmentés |Daño de misil teledirigido aumentado|Zwiększone Obrażenia Samonaprowadzającego Się Pocisku
inc_homing_missile_shockwave_chance|Chance for homing missiles to unleash a shockwave of explosions||Chance de mísseis teleguiados liberarem uma onda de choque de explosões|Шанс на то, что самонаводящиеся ракеты вызовут ударную волну взрывов|機率追蹤導彈會释放爆炸衝擊波|ホーミングミサイルが爆発の衝撃波を放つ確率|유도 미사일이 폭발 충격파를 발생시킬 확률|Chance, dass zielsuchende Raketen eine Schockwelle von Explosionen auslösen|Chance pour les missiles à tête chercheuse de déclencher une onde de choc explosive|Probabilidad de que los misiles teledirigidos desaten una onda de explosiones|Szansa na wyzwolenie fali uderzeniowej wybuchów przez samonaprowadzające się pociski
inc_homing_missile_extra|additional Homing Missile||Míssil teleguiado adicional|дополнительная самонаводящаяся ракета|額外追蹤導彈|追加ホーミングミサイル|추가 유도 미사일|zusätzliche zielsuchende Rakete|Missile à tête chercheuse supplémentaire|misil teledirigido adicional|dodatkowy Samonaprowadzający Się Pocisk
inc_homing_missile_aoe|Increased Homing Missile Explosion area of effect radius||Raio da área de efeito da explosão do míssil teleguiado aumentado|Увеличен радиус поражения взрыва самонаводящейся ракеты|追蹤導彈爆炸範圍效果半徑提高|ホーミングミサイル爆発範囲効果半徑増加|유도 미사일 폭발 범위 효과 반경 증가|Erhöhte Explosionskraft zielsuchender Raketen Wirkungsbereichsradius|Rayon de la zone d'effet de l'explosion du missile à tête chercheuse augmenté|Radio de explosión del misil teledirigido aumentado|Zwiększony promień obszaru wybuchu samonaprowadzającego się pocisku
inc_evasion_chance|Chance to Evade incoming damage||Chance de evadir ataques recebidos dano|Шанс уклониться от входящего урона|機率閃避來襲傷害|被ダメージを回避する確率|받는 데미지 회피 확률|Chance, eingehendem Schaden auszuweichen|Chance d'esquiver les dégâts des attaques entrantes|Probabilidad de esquivar el daño recibido|Szansa na Unik przychodzących obrażeń
inc_life_replenish_evasion|of Maximum Life replenished when evading||de Vida Máxima restaurada ao se esquivar |максимальное количество здоровья, восстанавливаемое при уклонении|閃避時回復的最大生命|回避時に最大ライフが回復|회피 시 최대 생명력 회복|Maximales Leben wird beim Ausweichen wiederhergestellt|Vie maximale restaurée lors d'une esquive|de vida máxima restaurada al esquivar|Część Maksymalnego Życia odnawiana przy unikaniu
inc_evasive_tactics|of physical damage as Arrow Damage||de dano físico como Dano de Flecha|физический урон в виде урона от стрел|的物理傷害值增加為箭矢傷害|物理ダメージが矢ダメージとして増加|물리 데미지가 화살 데미지로 전환|Physischer Schaden wird als Pfeilschaden umgewandelt|Dégâts physiques (flèches, etc.)|de daño físico como daño de flecha|Część obrażeń fizycznych jako Obrażenia Strzału
inc_magic_damage_total|Increased Total Magic Skill Damage||Aumento do Dano Total de Habilidade Mágica|Увеличен общий урон от магических навыков|總魔法技能傷害|合計魔法スキルダメージ増加|총 마법 스킬 데미지 증가|Erhöhter Gesamtschaden der Magiefertigkeit|Dégâts magiques totaux augmentés|Daño total de habilidades mágicas aumentado|Zwiększone Całkowite Obrażenia Umiejętności Magicznych
inc_magic_damage_p|Increased Magic Skill Damage||Aumento do Dano de Habilidade Mágica|Увеличенный урон от магических навыков|魔法技能傷害提高|魔法スキルダメージ増加|마법 스킬 데미지 증가|Erhöhter Magiefertigkeitsschaden|Dégâts magiques augmentés|Daño de habilidades mágicas aumentado|Zwiększone Obrażenia Umiejętności Magicznych
inc_magic_damage_f|to Magic Skill Damage||para Dano de Habilidade Mágica|в виде урона от магических навыков|魔法技能傷害|魔法スキルダメージに|마법 스킬 데미지|zu Magiefertigkeitsschaden|Dégâts magiques augmentés |al daño de habilidades mágicas|do Obrażeń Umiejętności Magicznych
inc_intelligence_converted_magic_damage|of Intelligence Added as Magic Skill Damage||de Inteligência convertida em Dano de Habilidade Mágica|Интеллект, добавленный в качестве урона от магических навыков.|智力轉為魔法技能傷害|知力が魔法スキルダメージに変換|지능을 마법 스킬 데미지로 전환|Intelligenz wird in Magiefertigkeitsschaden umgewandelt|d'intelligence ajoutée en tant que dégâts de compétence magique|de inteligencia convertida en daño de habilidades mágicas|Inteligencji konwertowanej na Obrażenia Umiejętności Magicznych
inc_temporal_echo|Temporal Echo Damage||Dano de Eco Temporal|Урон от «Временного эха»|時間回響傷害|テンポラルエコーダメージ|시간의 메아리 데미지|Schaden durch Zeitecho|Dégâts d'Écho Temporel|Daño de eco temporal|Obrażenia Temporalnego Echa
inc_attack_speed_added_magic_damage|of your Increased Attack Speed is added as Magic Skill Damage||do seu Aumento de Velocidade de Ataque é adicionado como Dano de Habilidade Mágica|увеличенная скорость атаки добавляется в качестве урона от магических навыков|的攻擊速度值增加為魔法技能傷害|攻撃速度増加が魔法スキルダメージとして追加|증가된 공격 속도가 마법 스킬 데미지로 추가|Deine erhöhte Angriffsgeschwindigkeit wird als Magiefertigkeitsschaden hinzugefügt|Votre bonus de vitesse d'attaque est ajouté en dégâts de capacité magique|de tu velocidad de ataque aumentada se añade como daño de habilidad mágica|Część twojej Zwiększonej Szybkości Ataku dodawana jako Obrażenia Umiejętności Magicznych
inc_cannot_replenish_life|You cannot regenerate life from life replenish anymore||Você não pode mais regenerar vida com Reposição de Vida|Вы больше не можете восстанавливать здоровье с помощью восстановления здоровья|您無法再從生命回復效果中回復生命|ライフ回復でライフを回復できなくなりました|더 이상 생명력 회복으로 생명력을 회복할 수 없다.|Du kannst kein Leben mehr durch Lebenswiederherstellung regenerieren|Vous ne pouvez plus régénérer de points de vie avec Régénération de Vie|Ya no puedes regenerar vida mediante reposición de vida|Nie możesz już regenerować życia z odnawiania życia
inc_time_surge|Chance for Spell Critical hits to grant Time Surge for 5 seconds||Chance de Acertos Críticos de Feitiço concederem Surto Temporal por 5 segundos|Шанс на то, что критические удары заклинаний дадут «Взрыв времени» на 5 секунд|機率法術暴擊時獲得5秒的時間涌動|スペルクリティカルヒット発生確率5秒間タイムサージを付與|주문 치명타 시 5초 동안 시간의 파동을 부여할 확률|Chance, dass kritische Zaubertreffer 5 Sekunden lang Zeitschub gewähren|Chance d'infliger Surcharge Temporelle pendant 5 secondes lors des coups critiques des sorts|Probabilidad de que los críticos de hechizos otorguen Surto temporal por 5 segundos|Szansa na trafienie krytyczne czarem na przyznanie Time Surge na 5 sekund
inc_extra_spell_projectiles|Extra Spell Projectiles||Projéteis de Feitiço Extras|Дополнительные снаряды заклинаний|額外法術投射物|追加の呪文弾丸|추가 주문 투사체 발사|Zusätzliche Zauberprojektile|Projectiles de sorts supplémentaires|Proyectiles de hechizo adicionales|Dodatkowe Pociski Czarów
inc_faster_cast_rate|Increased Faster Cast Rate||Aumento da Taxa de Conjuração Mais Rápida|Увеличенная скорость произнесения заклинаний|施法速度|詠唱速度上昇|시전 속도 증가|Erhöhte Zaubergeschwindigkeit|Vitesse d'incantation accrue |Velocidad de conjuración aumentada|Zwiększona Szybsza Szybkość Rzucania
inc_faster_cast_rate_total|Increased Total Faster Cast Rate||Aumento da Taxa de Conjuração Mais Rápida Total|Увеличенная общая скорость произнесения заклинаний|總施法速度|合計詠唱速度上昇|총 시전 속도 증가|Erhöhte Gesamtzaubergeschwindigkeit|Vitesse d'incantation totale accrue|Velocidad de conjuración total aumentada|Zwiększona Całkowita Szybsza Szybkość Rzucania
inc_spell_haste|to Spell Haste||para Aceleração de Feitiço|в виде скорости произнесения заклинаний|法術急速|呪文ヘイスト|주문 가속|durch Zaubertempo|Pour l'accélération des sorts|a la celeridad de hechizos|do Przyspieszenia Czarów
inc_overheat|Increased Total Damage and Decreased Cast Rate from over heat||Aumento do Dano Total e Diminuição da Taxa de Conjuração devido ao superaquecimento|Увеличен Общий урон и снижение скорости применения заклинаний из-за перегрева|總傷害但在過熱時施法速率降低|オーバーヒートによる合計ダメージ増加と詠唱速度低下|과열로 인한 총 데미지 증가 및 시전 속도 감소|Erhöhter Gesamtschaden und verringerte Zaubergeschwindigkeit durch Überhitzung|Dégâts totaux accrus et vitesse d'incantation réduite en raison de la surchauffe|Daño total aumentado y velocidad de conjuración reducida por sobrecalentamiento|Zwiększone Całkowite Obrażenia i Zmniejszona Szybkość Rzucania z przegrzania
inc_wizardry|Faster Cast Rate per Stack of Wizardry||Taxa de Conjuração Mais Rápida por Acúmulo de Magia|Более высокая скорость применения заклинаний за каждый стак Волшебства|每層巫術提供的更快施法速率|ウィザードリースタックごとの詠唱速度上昇|위저드리 중첩당 시전 속도 증가|Erhöhte Zaubergeschwindigkeit pro Zauberwirker-Stapel|Vitesse d'incantation accrue par charge de sort|Velocidad de conjuración por acumulación de brujería|Szybsza Szybkość Rzucania na Stack Wizardry
inc_mageguard_chance|Chance to gain a stack of Mage Guard when you cast a spell up to 25 stacks||Chance de ganhar um acúmulo de Guarda Mágica ao conjurar um feitiço, até 25 acúmulos|Шанс получить стак Защиты Мага при применении заклинания (до 25 стаков)|機率施放法術時獲得一層法師護盾，最多25層|呪文詠唱時にメイジガードスタックを1つ獲得する確率（最大25スタック）|주문 시전 시 마법사의 수호 중첩 획득 확률 (최대 25중첩)|Chance, beim Wirken eines Zaubers einen Stapel Magierschutz zu erhalten (bis zu 25 Stapel)|Chance d'obtenir une charge de Garde magique lors de l'incantation d'un sort, jusqu'à 25 charges|Probabilidad de obtener una carga de Guardia mágica al lanzar un hechizo (máx. 25)|Szansa na zyskanie stacka Mage Guard przy rzucaniu czaru, maksymalnie 25 stacków
inc_mageguard_reduction|Damage Reduction per stack of Mage Guard||Redução de Dano por acúmulo de Guarda Mágica|Снижение урона за каждый стак Защиты Мага|由每層法師護盾提供的傷害減免|メイジガードスタックごとのダメージ軽減|마법사의 수호 중첩당 데미지 감소|Schadensreduktion pro Stapel Magierschutz|Réduction des dégâts par charge de Garde magique|Reducción de daño por acumulación de Guardia mágica|Zmniejszenie Obrażeń na stack Mage Guard
inc_mana_replenish|to Mana Replenish||para Reposição de Mana|для восстановления маны|魔力回復|マナ回復|마나 회복|durch Manaregeneration|Pour la régénération de mana |a la reposición de maná|do Odnawiania Many
inc_mana_replenish_total|Total Mana Replenish||Reposição Total de Mana|Общее восстановление маны|總魔力回復|合計マナ回復量|총 마나 회복량|Gesamte Manaregeneration|Régénération de mana complète|Reposición de maná total|Całkowite Odnawianie Many
inc_max_mana_per_second|of Maximum Mana regenerated per second||de Mana Máxima regenerada por segundo|от максимального количества маны, восстанавливаемой в секунду|每秒回復的最大魔力|1秒あたりの最大マナ回復量|초당 최대 마나 회복량|des maximal pro Sekunde regenerierten Manas|Mana régénéré maximum par seconde|del maná máximo regenerado por segundo|Część Maksymalnej Many regenerowana na sekundę
inc_spell_aoe|Increased Spell Area of Effect Radius||Aumento do Raio da Área de Efeito do Feitiço|Увеличенный радиус действия заклинаний|法術範圍效果半徑|呪文範囲効果半徑増加|주문 범위 증가|Erhöhter Zauberwirkungsradius|Rayon d'effet des sorts augmenté|Radio de área de efecto de hechizos aumentado|Zwiększony Promień Obszaru Efektu Czarów
inc_spell_aoe_damage|Increased Area of Effect Spell Damage||Aumento do Dano do Feitiço em Área de Efeito|Увеличенный урон от заклинаний с эффектом области действия|範圍效果法術傷害|範囲効果呪文ダメージ増加|범위 주문 데미지 증가|Erhöhter Flächenzauberschaden|Dégâts des sorts de zone augmentés|Daño de hechizos de área de efecto aumentado|Zwiększone Obrażenia Obszarowe Czarów
inc_spell_crit_chance|Chance to Critically Hit with Spells||Chance de Acerto Crítico com Feitiços|Шанс на критический удар заклинаниями|法術暴擊機率|呪文クリティカルヒット率増加|주문 치명타 확률 증가|Chance auf kritische Zaubertreffer|Chance de coup critique des sorts augmentée|Probabilidad de golpe crítico con hechizos|Szansa na Trafienie Krytyczne Czarami
inc_spell_crit_damage|Increased Spell Critical Damage||Aumento do Dano Crítico do Feitiço|Увеличенный критический урон заклинаниями|法術暴擊傷害|呪文クリティカルダメージ増加|주문 치명타 데미지 증가|Erhöhter kritischer Zauberschaden|Dégâts critiques des sorts augmentés|Daño crítico de hechizos aumentado|Zwiększone Obrażenia Krytyczne Czarów
inc_chaos_meteor|Chance on hit with Area of Effect Spells to call down a chaos meteor dealing 200% of the damage. The proc chance is lowered to 5% with non single hitting skills||Chance ao acertar Com feitiços de área de efeito, invoca um meteoro do caos que causa 200% do dano. A chance de ativação é reduzida para 5% com habilidades que não causam dano único.|Шанс при попадании заклинаниями с эффектом области действия вызвать метеор хаоса, наносящий 200% урона. Шанс срабатывания снижен до 5% для навыков, не наносящих одиночный удар.|範圍效果法術命中時有機率召喚混亂隕石，造成200%傷害（非單體技能時觸發機率降低至5%）. |範囲効果呪文命中時に、ダメージの200%を與えるカオスメテオを召喚する確率。非単発攻撃スキルでは発動確率が5%に低下します。|주문 적중 시 일정 확률로 데미지의 200%에 해당하는 혼돈의 운석 소환. 단일 공격 스킬이 아닌 경우 발동 확률 5%로 감소|Chance bei Treffern mit Flächenzaubern, einen Chaosmeteor herbeizurufen, der 200 % des Schadens verursacht. Die Auslösechance wird bei Fertigkeiten, die nicht nur einen einzelnen Treffer landen, auf 5 % reduziert.|Chance de déclenchement à l'impact. Avec les sorts de zone, invoque une Météore du Chaos infligeant 200 % de dégâts. Chance de déclenchement réduite à 5 % avec les capacités n'infligeant pas de dégâts uniques. |Probabilidad al golpear con hechizos de área de invocar un meteoro de caos (200% de daño). Probabilidad reducida al 5% con habilidades multi-objetivo.|Szansa przy trafieniu czarami obszarowymi na przywołanie chaos meteor zadającego 200% obrażeń. Szansa proca obniżona do 5% przy umiejętnościach nie pojedynczego trafienia
inc_spell_duration|Increased Spell Duration||Aumento da Duração da Magia|Увеличенная длительность заклинаний|法術持續時間提高|呪文持續時間増加|주문 지속 시간 증가|Erhöhte Zauberdauer|Durée des sorts augmentée|Duración de hechizos aumentada|Zwiększony Czas Trwania Czarów
inc_spell_duration_f|to Spell Duration||para Duração da Magia|до длительности заклинаний|法術持續時間|呪文持續時間増加|주문 지속 시간|zu Zauberdauer|Durée des sorts augmentée|a la duración de hechizos|do Czasu Trwania Czarów
inc_sentry_damage|Increased Sentry Damage||Aumento do Dano da Sentinela|Увеличенный урон от часовых|哨兵傷害|セントリーダメージ増加|센트리 데미지 증가|Erhöhter Wachturmschaden|Dégâts des tourelles augmentés|Daño de sentinela aumentado|Zwiększone Obrażenia Wartowników
inc_sentry_duration|Increased Sentry Duration||Aumento da Duração da Sentinela|Увеличенная длительность действия часовых|哨兵持續時間|セントリー持續時間増加|센트리 지속 시간 증가|Erhöhte Wachturmdauer|Durée des tourelles augmentée|Duración de sentinela aumentada|Zwiększony Czas Trwania Wartowników
inc_mechanical_engineering|Increased Total Sentry Damage but you can no longer deal damage your self||Aumento do Dano Total da Sentinela, mas você não pode mais causar dano a si mesmo|Увеличен общий урон от часовых, но вы больше не можете наносить урон сами|總哨兵傷害，但自身無法造成傷害|セントリーの総ダメージが増加しますが、自身はダメージを與えられなくなります。|센트리 총 데미지 증가 (단, 본인은 더 이상 데미지를 줄 수 없습니다)|Erhöhter Gesamtschaden der Wachtürme, aber du kannst selbst keinen Schaden mehr verursachen.|Dégâts totaux des tourelles augmentés, mais vous ne pouvez plus vous infliger de dégâts|Daño total de sentinelas aumentado, pero ya no puedes infligir daño directamente|Zwiększone Całkowite Obrażenia Wartowników, ale ty nie możesz już zadawać obrażeń
inc_sentry_attack_speed|Increased Sentry Attack Speed||Aumento da Velocidade de Ataque da Sentinela|Увеличенная скорость атаки часовых|哨兵攻擊速度|セントリー攻撃速度増加|센트리 공격 속도 증가|Erhöhte Angriffsgeschwindigkeit der Wachtürme.|Vitesse d'attaque des tourelles augmentée|Velocidad de ataque de sentinelas aumentada|Zwiększona Szybkość Ataku Wartowników
inc_sentry_extra_projectiles|Chance for Sentries to fire an additional projectile||Chance de Sentinelas dispararem um projétil adicional|Шанс на то, что часовые выпустят дополнительный снаряд|機率哨兵額外發射投射物|セントリーが追加の投射物を発射する確率増加|센트리 추가 투사체를 발사 확률 증가|Chance, dass Wächter ein zusätzliches Projektil abfeuern.|Chance pour les tourelles de tirer un projectile supplémentaire|Probabilidad de que las sentinelas disparen un proyectil adicional|Szansa na wystrzelenie dodatkowego pocisku przez Wartowników
inc_double_cast|Chance to cast an additional time when casting||Chance de conjurar uma vez adicional ao conjurar|Шанс на дополнительное применение при использовании|機率施法時額外施放一次|詠唱時に追加で詠唱する確率増加|시전 시 추가 시전 확률 증가|Chance, beim Wirken von fertigkeiten einen zusätzlichen Zauber zu wirken.|Chance de tirer un projectile supplémentaire lors de l'incantation|Probabilidad de realizar una conjuración adicional al lanzar|Szansa na dodatkowy rzut przy rzucaniu
inc_ailment_damage_added|of Skills Damage added to the Ailments damage||Dano de Habilidades adicionado ao dano de Aflições|Урон от навыков, добавленный к урону от негативных эффектов|的技能傷害值增加為持續傷害|状態異常ダメージにスキルダメージが加算されます |스킬 데미지가 상태 이상 데미지에 추가|Fertigkeitsschaden wird dem Leidensschaden hinzugefügt.|Dégâts de capacité ajoutés aux dégâts d'affaiblissement|del daño de habilidades añadido al daño de estados alterados|Część Obrażeń Umiejętności dodana do obrażeń Dolegliwości
inc_ailment_damage_only|Increased Ailment Damage but you can only deal damage with ailments||Aumento do Dano de Aflições, mas você só pode causar dano com aflições|Увеличенный урон от негативных эффектов, но вы можете наносить урон только с помощью негативных эффектов|持續傷害，但您只能用持續傷害造成傷害|状態異常ダメージ増加（ただし、状態異常ダメージのみを與えることができます）|상태 이상 데미지 증가 (단, 상태 이상으로만 데미지를 줄 수 있습니다)|Erhöhter Leidensschaden, aber du kannst nur Schaden mit Zuständen verursachen.|Dégâts d'affaiblissement augmentés, mais vous ne pouvez infliger des dégâts qu'avec des afflictions |Daño de estados alterados aumentado, pero solo puedes infligir daño mediante ellos|Zwiększone Obrażenia Dolegliwości, ale możesz zadawać obrażenia tylko dolegliwościami
inc_summon_attack_radius|Increased Summon Attack Radius||Aumento do Raio de Ataque da Invocação|Увеличенный радиус атаки призываемых существ|召喚攻擊半徑|召喚攻撃範囲増加|소환수 공격 범위 증가|Erhöhter Angriffsradius der Beschwörung.|Portée d'attaque des invocations augmentée|Radio de ataque de invocaciones aumentado|Zwiększony Zasięg Ataku Melee Przywołań
inc_summon_knock_up|Chance on summon hit to knock monsters up dealing increased damage||Chance, ao acertar a invocação, de arremessar monstros para o ar, causando dano aumentado|Шанс при попадании призываемого существа подбросить монстров вверх, нанося увеличенный урон|機率召喚物命中時擊飛怪物並造成額外傷害|召喚攻撃命中時にモンスターをノックアップさせ、ダメージ増加|소환수 적중 시 몬스터를 넉 업시켜 데미지를 줄 확률 증가|Chance, dass beschworene Monster bei einem Treffer hochgeschleudert werden und erhöhten Schaden verursachen.|Chance de projeter les monstres en l'air lors d'une invocation, infligeant des dégâts accrus|Probabilidad de que el golpe de una invocación lance enemigos por los aires e inflija daño aumentado|Szansa przy trafieniu przywołaniem na podrzucenie potworów zadając zwiększone obrażenia
inc_summon_knock_up_damage|Knock Up Damage||Dano de Arremesso ao Ar|Урон от подбрасывания|擊飛傷害|ノックアップダメージ|넉 업 데미지 증가|Schaden durch Hochschleudern.|Dégâts d'étourdissement|Daño de lanzamiento al aire|Obrażenia Podrzutu
inc_summon_projectile_size|Increased Summon Projectile Size||Aumento do Tamanho do Projétil da Invocação|Увеличенный размер снаряда призываемого существа|召喚投射物尺寸|召喚弾サイズ増加|소환 투사체 크기 증가|Erhöhte Größe der beschworenen Projektile.|Taille des projectiles d'invocation augmentée|Tamaño de proyectil de invocación aumentado|Zwiększony Rozmiar Pocisków Przywołań
inc_extra_spell_projectile|Extra Projectile||Projétil Extra|Дополнительный снаряд|額外投射物|追加弾|추가 투사체|Zusätzliches Projektil.|Projectile supplémentaire|Proyectil adicional|Dodatkowy Pocisk
inc_summon_fork_chance|Chance for summon projectile to fork on hit||Chance de projétil da invocação se bifurcar ao atingir|Шанс на то, что снаряд призываемого существа разветвится при попадании|機率召喚投射物命中時分裂|召喚弾命中時に分岐する確率|소환수 투사체가 적중 시 갈라질 확률 증가|Chance, dass sich das beschworene Projektil bei einem Treffer teilt.|Chance de division du projectile d'invocation à l'impact|Probabilidad de que el proyectil de invocación se bifurque al golpear|Szansa na rozwidlenie pocisku przywołania przy trafieniu
inc_summon_projectile_size_total|Increased Total Summon Projectile Size||Aumento do Tamanho Total do Projétil da Invocação|Увеличенный общий размер снаряда призываемого существа|總召喚投射物尺寸|召喚弾合計サイズ増加|소환수 투사체 총 크기 증가|Erhöhte Gesamtgröße der beschworenen Projektile.|Taille totale du projectile invoqué augmentée|Tamaño total de proyectiles de invocación aumentado|Zwiększony Całkowity Rozmiar Pocisków Przywołań
inc_summon_projectile_damage_total|Total Summon Projectile Damage||Dano Total do Projétil da Invocação|Общий урон от снаряда призываемого существа|總召喚投射物傷害|召喚弾合計ダメージ増加|소환수 투사체 총 데미지 증가|Gesamtschaden der beschworenen Projektile.|Dégâts totaux du projectile invoqué|Daño total de proyectiles de invocación|Całkowite Obrażenia Pocisków Przywołań
inc_summon_melee_damage|Increased Summon Melee Damage||Aumento do Dano Corpo a Corpo da Invocação|Увеличенный урон от рукопашного боя призываемого существа |召喚近戰傷害|召喚近接ダメージ増加|소환수 근접 공격 데미지 증가|Erhöhter Nahkampfschaden der Beschwörung.|Dégâts de mêlée de l'invocation augmentés|Daño cuerpo a cuerpo de invocaciones aumentado|Zwiększone Obrażenia Melee Przywołań
inc_summon_projectile_damage|Increased Summon Projectile Damage||Aumento do Dano do Projétil da Invocação|Увеличенный урон от призываемых снарядов|召喚投射物傷害|召喚弾ダメージ増加|소환수 투사체 데미지 증가|Erhöhter Projektilschaden der Beschwörung.|Dégâts du projectile invoqué augmentés|Daño de proyectiles de invocación aumentado|Zwiększone Obrażenia Pocisków Przywołań
inc_summon_projectile_chain|Chance for summon projectiles to chain on hit||Chance de projéteis da invocação se encadearem ao atingir|Шанс на цепочку призываемых снарядов при попадании|機率召喚投射物命中時連鎖|召喚弾命中時に連鎖する確率|소환수 투사체가 적중 시 연쇄 공격을 할 확률 증가|Chance, dass sich beschworene Projektile bei einem Treffer verketten.|Chance d'enchaînement des projectiles invoqués à l'impact |Probabilidad de que los proyectiles de invocación se encadenen al golpear|Szansa na łańcuchowanie pocisków przywołań przy trafieniu
inc_void_blast|Void Blast Damage||Dano da Explosão do Vazio|Урон от взрыва пустоты|虚空爆破傷害|虚無爆発ダメージ|공허 폭발 데미지|Schaden der Leerenexplosion.|Dégâts de l'explosion du Néant|Daño de explosión del vacío|Obrażenia Void Blast
inc_summon_damage|Increased Summon Damage||Aumento Dano de Invocação|Увеличенный урон от призываемых существ|召喚傷害|召喚ダメージ増加|소환수 데미지 증가|Erhöhter Beschwörungsschaden.|Augmentation des dégâts d'invocation|Daño de invocaciones aumentado|Zwiększone Obrażenia Przywołań
inc_summon_splash_damage|Increased Summon Splash Damage around the target||Aumento do dano de área da invocação ao redor do alvo|Увеличенный урон от взрыва призываемых существ вокруг цели|召喚物對目標周圍造成額外濺射傷害|対象周囲の召喚範囲ダメージ増加|대상 주변 소환수 범위 데미지 증가|Erhöhter Flächenschaden der Beschwörung um das Ziel herum.|Augmentation des dégâts de zone des invocations autour de la cible|Daño por salpicadura de invocaciones aumentado alrededor del objetivo|Zwiększone Obrażenia Rozbryzgowe Przywołań wokół celu
inc_summon_attack_speed|Increased Summon Attack Speed||Aumento da velocidade de ataque da invocação|Увеличенная скорость атаки призываемых существ|召喚攻擊速度|召喚攻撃速度増加|소환수 공격 속도 증가|Erhöhte Angriffsgeschwindigkeit der Beschwörung.|Augmentation de la vitesse d'attaque des invocations|Velocidad de ataque de invocaciones aumentada|Zwiększona Szybkość Ataku Przywołań
inc_spirit_scatter|Chance to unleash an additional attack or projectile on attack||Chance de desferir um ataque ou projétil adicional ao atacar|Шанс на дополнительную атаку или снаряд при атаке|機率攻擊時額外释放一次攻擊或投射物|攻撃時に追加攻撃または弾丸を放つ確率|공격 시 추가 공격 또는 투사체 발사 확률 증가|Chance, einen zusätzlichen Angriff auszulösen. Projektilangriff|Chance de lancer une attaque bonus ou un projectile lors d'une attaque|Probabilidad de lanzar un ataque o proyectil adicional al atacar|Szansa na wyzwolenie dodatkowego ataku lub pocisku przy ataku
inc_summon_amount|to Maximum Summon Amount||até a quantidade máxima de invocações|К максимальному количеству призываемых существ|最大召喚数量|最大召喚数増加|최대 소환수 수 증가|bis zur maximalen Beschwörungsmenge|Jusqu'au nombre maximum d'invocations|al límite máximo de invocaciones|do Maksymalnej Ilości Przywołań
inc_summon_life_p|Increased Summon Life||Aumento da vida da invocação|Увеличенное количество здоровья призываемых существ|召喚生命|召喚ライフ増加|소환수 생명력 증가|Erhöhte Lebenspunkte der Beschwörung|PV des invocations augmentées|Vida de invocaciones aumentada|Zwiększone Życie Przywołań
inc_combusting_carcass|of Maximum Life as Explosion Damage||da vida máxima como dano de explosão |от максимального количества здоровья в виде урона от взрыва|的最大生命等於爆炸傷害|最大ライフを爆発ダメージとして増加|최대 생명력의 폭발 데미지 증가|Maximaler Lebenspunkte als Explosionsschaden|PV maximum convertis en dégâts d'explosion|de vida máxima como daño de explosión|Część Maksymalnego Życia jako Obrażenia Wybuchu
inc_living_carcass|Living Carcass Explosion Damage||Dano de Explosão de Carcaça Viva|Урон от взрыва «Живой труп»|活體軀體爆炸傷害|生ける屍爆発ダメージ|생체의 시체 폭발 데미지 증가|Explosionsschaden des lebenden Kadavers|Dégâts de l'explosion du cadavre vivant|Daño de explosión de cadáver viviente|Obrażenia Wybuchu Żywego Truchła
inc_summon_damage_max_life|Extra Damage based on summons maximum life||Dano extra baseado na vida máxima das invocações|Дополнительный урон, основанный на максимальном количестве здоровья призываемых существ|基于召喚物最大生命的額外傷害|召喚の最大ライフに基づく追加ダメージ|소환수 최대 생명력에 비례한 추가 데미지 증가|Zusätzlicher Schaden basierend auf den maximalen Lebenspunkten der Beschwörung|Dégâts bonus basés sur les PV maximum de l'invocation|Daño adicional basado en la vida máxima de las invocaciones|Dodatkowe Obrażenia na podstawie maksymalnego życia przywołań
inc_elemental_break|to Elemental Break||para Quebra Elemental|К элементальному пробиванию|元素破壞|属性破壊増加|원소 파괴 증가|Elementarbruch|Pour Rupture élémentaire|a la ruptura elemental|do Przebicia Żywiołowego
inc_elemental_weakness|Elemental Weakness||Fraqueza Elemental|Элементарная слабость|元素弱點|属性弱點増加|원소 약화 증가|Elementarschwäche|Faiblesse élémentaire|Debilidad elemental|Słabość Żywiołowa
inc_arcane_damage_f|to Arcane Skill Damage||para Dano de Habilidade Arcana|К урону от магических навыков|奥術技能傷害|飛術スキルダメージ|아케인 스킬 데미지|Arkaner Fertigkeitsschaden|Pour les dégâts des compétences arcaniques|al daño de habilidades arcanas|do Obrażeń Umiejętności Arkanicznych
inc_arcane_damage_p|Increased Arcane Skill Damage||Aumento de Dano de Habilidade Arcana|Увеличенный урон от магических навыков|奥術技能傷害|飛術スキルダメージ増加|아케인 스킬 데미지 증가|Erhöhter Arkaner Fertigkeitsschaden|Dégâts des compétences arcaniques augmentés|Daño de habilidades arcanas aumentado|Zwiększone Obrażenia Umiejętności Arkanicznych
inc_arcane_damage_total|Increased Total Arcane Skill Damage||Aumento de Dano Total de Habilidade Arcana|Увеличенный общий урон от магических навыков|總奥術技能傷害|総飛術スキルダメージ増加|총 아케인 스킬 데미지 증가|Erhöhter Gesamtschaden durch Arkane Fertigkeiten|Dégâts totaux des compétences arcaniques augmentés|Daño total de habilidades arcanas aumentado|Zwiększone Całkowite Obrażenia Umiejętności Arkanicznych
inc_cold_damage_f|to Cold Skill Damage||para Dano de Habilidade de Gelo|К урону от навыков холода|冰霜技能傷害|冷気 スキルダメージ|냉기 스킬 데미지|Kältefertigkeitsschaden|Pour les dégâts des compétences de glace|al daño de habilidades de frío|do Obrażeń Umiejętności Lodowych
inc_cold_damage_p|Increased Cold Skill Damage||Aumento de Dano de Habilidade de Gelo|Увеличенный урон от навыков холода|冰霜技能傷害|冷気スキルダメージ増加|냉기 스킬 데미지 증가|Erhöhter Kältefertigkeitsschaden|Dégâts des compétences de glace augmentés |Daño de habilidades de frío aumentado|Zwiększone Obrażenia Umiejętności Lodowych
inc_cold_damage_total|Increased Total Cold Skill Damage||Aumento de Dano Total de Habilidade de Gelo|Увеличенный общий урон от навыков холода|總冰霜技能傷害|総冷気スキル ダメージ増加|총 냉기 스킬 데미지 증가|Erhöhter Gesamtschaden durch Kältefertigkeiten|Les dégâts totaux des compétences de glace ont augmenté. |Daño total de habilidades de frío aumentado|Zwiększone Całkowite Obrażenia Umiejętności Lodowych
inc_fire_damage_f|to Fire Skill Damage||para Dano de Habilidade de Fogo|К урону от навыков огня|火焰技能傷害|火スキルダメージ|불 스킬 데미지|Feuerfertigkeitsschaden|Dégâts de compétence de feu accrus |al daño de habilidades de fuego|do Obrażeń Umiejętności Ognistych
inc_fire_damage_p|Increased Fire Skill Damage||Aumento de Dano de Habilidade de Fogo|Увеличенный урон от навыков огня|火焰技能傷害|火スキルダメージ増加|불 스킬 데미지 증가|Erhöhter Feuerfertigkeitsschaden|Les dégâts totaux des compétences de feu ont été augmentés. |Daño de habilidades de fuego aumentado|Zwiększone Obrażenia Umiejętności Ognistych
inc_fire_damage_total|Increased Total Fire Skill Damage||Aumento de Dano Total de Habilidade de Fogo|Увеличенный общий урон от навыков огня|總火焰技能傷害|総火スキルダメージ増加|총 불 스킬 데미지 증가|Erhöhter Gesamtschaden durch Feuerfertigkeiten|Dégâts de compétence de foudre accrus |Daño total de habilidades de fuego aumentado|Zwiększone Całkowite Obrażenia Umiejętności Ognistych
inc_lightning_damage_f|to Lightning Skill Damage||para Dano de Habilidade de Relâmpago|К урону от навыков молнии|閃電技能傷害|雷スキルダメージ|번개 스킬 데미지|Blitzfertigkeitsschaden|Dégâts des capacités de foudre augmentés|al daño de habilidades de rayo|do Obrażeń Umiejętności Błyskawic
inc_lightning_damage_p|Increased Lightning Skill Damage||Aumento de Dano de Habilidade de Relâmpago|Увеличенный урон от навыков молнии|閃電技能傷害|雷スキルダメージ増加|번개 스킬 데미지 증가|Erhöhter Blitzfertigkeitsschaden|Dégâts totaux des capacités de foudre augmentés |Daño de habilidades de rayo aumentado|Zwiększone Obrażenia Umiejętności Błyskawic
inc_lightning_damage_total|Increased Total Lightning Skill Damage||Aumento de Dano Total de Habilidade de Relâmpago|Увеличенный Урон от навыков молнии|總閃電技能傷害|総雷スキルダメージ増加|총 번개 스킬 데미지 증가|Erhöhter Gesamtschaden durch Blitzfertigkeiten|Les dégâts des compétences de poison ont été augmentés. |Daño total de habilidades de rayo aumentado|Zwiększone Całkowite Obrażenia Umiejętności Błyskawic
inc_poison_damage_f|to Poison Skill Damage||para Dano de Habilidade de Veneno|к урону от навыков яда|毒素技能傷害|毒スキルダメージ|독 스킬 데미지|Giftfertigkeitsschaden|Dégâts des compétences de poison augmentés|al daño de habilidades de veneno|do Obrażeń Umiejętności Trujących
inc_poison_damage_p|Increased Poison Skill Damage||Aumento de Dano de Habilidade de Veneno|Увеличенный урон от навыков яда|毒素技能傷害|毒スキルダメージ増加|독 스킬 데미지 증가|Erhöhter Giftfertigkeitsschaden|Dégâts totaux des compétences de poison augmentés |Daño de habilidades de veneno aumentado|Zwiększone Obrażenia Umiejętności Trujących
inc_poison_damage_total|Increased Total Poison Skill Damage||Aumento de Dano Total de Habilidade de Veneno|Увеличенный общий урон от навыков яда|總毒素技能傷害|総毒スキルダメージ増加|총 독 스킬 데미지 증가|Erhöhter Gesamtschaden durch Giftfertigkeiten|Chance d'invoquer un Miroir d'Odin lors de l'utilisation d'une compétence, semant la destruction parmi les monstres proches.|Daño total de habilidades de veneno aumentado|Zwiększone Całkowite Obrażenia Umiejętności Trujących
inc_mirror_odin_chance|Chance on cast to summon a Mirror of Odin reaking havoc at nearby monsters||Chance ao conjurar de invocar um Espelho de Odin causando estragos em monstros próximos|Шанс при применении призвать Зеркало Одина, сеющее хаос среди ближайших монстров|機率施法時召喚奥丁鏡像，對附近怪物造成傷害|詠唱時、一定確率で周囲のモンスターを混亂させるオーディンの鏡を召喚|시전 시 일정 확률로 주변 몬스터를 혼란에 빠뜨리는 오딘의 거울을 소환|Chance beim Wirken, einen Spiegel Odins zu beschwören, der nahe Monster verwüstet|Dégâts de foudre infligés par Odin. |Probabilidad al conjurar de invocar un Espejo de Odín, sembrando el caos entre enemigos cercanos|Szansa przy rzucaniu na przyzwanie Lustra Odina siejącego spustoszenie wśród pobliskich potworów
inc_mirror_odin_damage|Lightning Damage dealt by odin||Dano de Relâmpago causado por Odin|Урон от молнии, наносимый Одином|奥丁造成的閃電傷害|オーディンによる雷ダメージ増加|오딘이 주는 번개 데미지|Blitzschaden durch Odin|Dégâts et dégâts subis augmentés|Daño de rayo infligido por Odín|Obrażenia Błyskawic zadawane przez Odina
inc_increased_damage_damage_taken|Increased Damage and Increased Damage Taken||Aumento de Dano e Aumento de Dano Recebido|Увеличенный урон и увеличенный получаемый урон|傷害與承受傷害|ダメージ増加および被ダメージ増加|데미지 증가 및 받는 데미지 증가|Erhöhter Schaden und erhöhter erlittener Schaden|Chance de récupérer le temps de recharge de toutes les compétences à la mort|Daño infligido y daño recibido aumentados|Zwiększone Obrażenia i Zwiększone Otrzymywane Obrażenia
inc_cooldown_recovery_kill_chance|Chance after kill to recover all skill cooldowns||Chance após a morte de recuperar todos os tempos de recarga de habilidades|Шанс после убийства восстановить все перезарядки навыков|機率擊殺後回復所有技能冷却|敵を倒した後に、全てのスキルクールダウンを回復する確率 |처치 후 일정 확률로 모든 스킬 재사용 대기시간 회복|Chance nach einem Kill, alle Fertigkeitsabklingzeiten wiederherzustellen|Récupération du temps de recharge|Probabilidad al matar de restablecer todos los tiempos de recarga|Szansa po zabiciu na odzyskanie wszystkich cooldownów umiejętności
inc_cooldown_recovery_kill|Cooldown Recovered||Tempo de Recarga Recuperado|Восстановленная перезарядка|冷卻回復|クールダウン回復|재사용 대기시간 회복|Wiederhergestellte Abklingzeit|Immunité aux dégâts continus des monstres brisés |Tiempo de recarga restablecido|Cooldown Odzyskany
inc_shatter_dot_immunity|of Monster Damage Over Time Immunity Shattered||de Imunidade a Dano Contínuo de Monstro Quebrada|от урона монстров со временем. Разрушенный иммунитет|破除的怪物持續傷害免疫效果|モンスターの継続ダメージ耐性破壊|몬스터 지속 데미지 면역 해제|von Monsterschaden über Zeit Immunität gegen Schaden über Zeit gebrochen|Dégâts des compétences magiques augmentés tous les 750 points de mana|de la inmunidad a daño en el tiempo del monstruo destrozada|Część Odporności Potworów na Obrażenia w Czasie Rozbita
inc_soulburn_essence|Increased Magic Skills Damage per 750 points in Mana||Aumento de Dano de Habilidades Mágicas a cada 750 pontos de Mana|Увеличенный урон от магических навыков за каждые 750 очков маны|魔法技能傷害，當魔力為每750數值時。|マナ750ポイントごとに魔法スキルダメージ増加|마나 750당 증가된 마법 스킬 데미지|Erhöhter Schaden magischer Fertigkeiten pro 750 Manapunkte|Coût en mana augmenté|Daño de habilidades mágicas aumentado por cada 750 puntos de maná|Zwiększone Obrażenia Umiejętności Magicznych na 750 punktów Many
inc_increased_manacost|Increased Manacost||Aumento de Custo de Mana|Увеличенная стоимость маны|魔力消耗|マナコスト増加|마나 소모량 증가|Erhöhte Manakosten|Mana maximum augmenté|Coste de maná aumentado|Zwiększony Koszt Many
inc_mana_added_magic_damage|of Increased Maximum Mana added as Magic Skill Damage||de Aumento de Mana Máxima adicionado como Dano de Habilidade Mágica|от увеличенного максимального запаса маны, добавляемого в качестве урона от магических навыков|的增加魔力%同樣增加為魔法技能傷害%|最大マナ増加分を魔法スキルダメージとして加算|증가된 최대 마나량이 마법 스킬 데미지로 추가|von Erhöhtes maximales Mana, das als Schaden magischer Fertigkeiten hinzugefügt wird|Dégâts des compétences magiques augmentés|del maná máximo aumentado añadido como daño de habilidad mágica|Część Zwiększonej Maksymalnej Many dodana jako Obrażenia Umiejętności Magicznych
inc_guardian_attack_speed|Increased Guardian Attack Speed||Aumento da Velocidade de Ataque do Guardião|Увеличенная скорость атаки Стража|守護者攻擊速度|ガーディアンの攻撃速度増加|수호자 공격 속도 증가|Erhöhte Angriffsgeschwindigkeit der Wächter|Vitesse d'attaque des Gardiens augmentée|Velocidad de ataque del guardián aumentada|Zwiększona Szybkość Ataku Strażników
inc_sand_beam|After 5 attacks guardians unleash a Sand Beam||Após 5 ataques, os guardiões liberam um Raio de Areia|После 5 атак Стражи выпускают Песчаный луч|守護者五次攻擊後釋放沙之光束|ガーディアンが5回攻撃後、サンドビームを放つ|5회 공격 후 수호자가 모래 광선 발사|Nach 5 Angriffen entfesseln Wächter einen Sandstrahl|Après 5 attaques, les Gardiens lancent un Éclair de sable|Tras 5 ataques, los guardianes lanzan un Rayo de arena|Po 5 atakach strażnicy wyzwalają Promień Piasku
inc_sand_beam_damage|Sand Beam Damage||Dano do Raio de Areia|Урон от Песчаного луча|沙之光束傷害|サンドビームダメージ|모래 광선 데미지|Sandstrahlschaden|Dégâts de l'Éclair de sable|Daño de Rayo de arena|Obrażenia Promienia Piasku
inc_guardian_damage_f|to Guardian Damage||para Dano do Guardião|к урону Стража|守護者傷害|ガーディアンダメージ増加|수호자 데미지|zu Wächterschaden|Dégâts des Gardiens|al daño de guardián|do Obrażeń Strażników
inc_desert_ripple|Chance on hit to unleash a Sand Ripple dealing damage on a radius around the target||Chance ao acertar de liberar uma Ondulação de Areia causando dano em um raio ao redor do alvo|Шанс при попадании выпустить Песчаную рябь, наносящую урон в радиусе вокруг цели|機率擊中目標時釋放沙塵漣漪，對目標周圍一定範圍內的區域造成傷害。 |命中時に一定範囲にダメージを與えるサンドリップルを放つ確率|적중 시 일정 확률로 대상 주변 반경에 데미지를 주는 모래 물결 발사|Chance beim Treffer, eine Sandwelle zu entfesseln, die Schaden in einem Radius um das Ziel verursacht|Chance de déclencher une Vague de sable à l'impact, infligeant des dégâts dans un rayon autour de la cible |Probabilidad al golpear de liberar una Onda de arena que daña en un radio alrededor del objetivo|Szansa przy trafieniu na wyzwolenie Fali Piasku zadającej obrażenia w promieniu wokół celu
inc_desert_ripple_damage|Desert Ripple Damage||Dano da Ondulação do Deserto|Урон от Пустынной ряби|沙塵漣漪傷害 |デザートリップルダメージ|사막 물결 데미지|Wüstenwellenschaden|Dégâts de Vague du Désert|Daño de Onda del desierto|Obrażenia Fali Piasku
inc_extra_guardian_chance|Chance when summoning guardian to spawn an extra guardian||Chance ao invocar um guardião de gerar um guardião extra|Шанс при призыве Стража призвать дополнительного страж|機率召喚守護者時額外再召喚一個|ガーディアン召喚時に追加のガーディアンを召喚する確率|수호자 소환 시 일정 확률로 추가 소환 수호자|Chance beim Beschwören eines Wächters, einen zusätzlichen Wächter zu beschwören|Chance d'invoquer un gardien supplémentaire lors de l'invocation d'un gardien|Probabilidad de invocar un guardián adicional al realizar la invocación|Szansa przy przyzywaniu strażnika na spawn dodatkowego strażnika
inc_guardian_duration|Guardian Duration||Duração do Guardião|Длительность действия стража|守護者持續時間|ガーディアン持續時間増加|수호자 지속 시간|Wächterdauer|Durée du gardien|Duración del guardián|Czas Trwania Strażnika
inc_guardian_amount|to Maximum Summoned Guardians||para Número Máximo de Guardiões Invocados|до максимального количества призванных стражей|最大召喚守護者数量|召喚できるガーディアンの最大数増加|최대 소환된 수호자|zu maximal beschworenen Wächtern|Nombre maximum de gardiens invoqués|al número máximo de guardianes invocados|do Maksymalnej Ilości Przyzwanych Strażników
inc_magic_damage_wands|Increased Magic Skill Damage while wielding a Wand||Aumento do Dano de Habilidade Mágica ao empunhar uma Varinha|Увеличенный урон от магических навыков при использовании волшебной палочки|持法杖時魔法技能傷害|ワンド装備時の魔法スキルダメージ増加|완드를 사용할 때 마법 스킬 데미지 증가|Erhöhter Schaden magischer Fertigkeiten beim Führen eines Zauberstabs|Dégâts des compétences magiques augmentés lors de l'utilisation d'une baguette|Daño de habilidad mágica aumentado al usar una varita|Zwiększone Obrażenia Umiejętności Magicznych przy użyciu Różdżki
inc_faster_cast_rate_wands|to Faster Cast Rate while wielding a wand||para Taxa de Conjuração Mais Rápida ao empunhar uma varinha|ускоренная скорость применения заклинаний при использовании волшебной палочки|持法杖時施法速度|ワンド装備時の詠唱速度増加|완드를 사용할 때 시전 속도 증가|zu schnellerer Zaubergeschwindigkeit beim Führen eines Zauberstab|Vitesse d'incantation augmentée lors de l'utilisation d'une baguette|a la velocidad de conjuración al usar una varita|do Szybszej Szybkości Rzucania przy użyciu różdżki
inc_faster_cast_rate_total_wands|Increased Total Faster Cast Rate while wielding a wand||Aumento da Taxa de Conjuração Mais Rápida Total ao empunhar uma varinha|Увеличенная общая скорость применения заклинаний при использовании волшебной палочки|持法杖時總施法速度|ワンド装備時の詠唱速度増加合計増加|완드를 사용할 때 총 시전 속도 증가|Erhöhte Zaubergeschwindigkeit beim Führen eines Zauberstabs|Vitesse d'incantation globale augmentée lors de l'utilisation d'une baguette|Velocidad de conjuración total aumentada al usar una varita|Zwiększona Całkowita Szybsza Szybkość Rzucania przy użyciu różdżki
inc_orbital_spell_damage|Orbital Spell Damage||Dano de Feitiço Orbital|Урон от орбитальных заклинаний|環繞法術傷害|オービタルスペルダメージ増加|궤도 주문 데미지|Orbitaler Zauberschaden|Dégâts des sorts orbitaux |Daño de hechizo orbital|Obrażenia Czarów Orbitalnych
inc_orbital_spell_damage_total|Total Orbital Spell Damage||Dano Total de Feitiço Orbital|Общий урон от орбитальных заклинаний|總環繞法術傷害|オービタルスペルダメージ合計増加|총 궤도 주문 데미지|Gesamter orbitaler Zauberschaden|Dégâts totaux du sort orbital|Daño total de hechizo orbital|Całkowite Obrażenia Czarów Orbitalnych
inc_orbital_spell_duration|Orbital Spell Duration||Duração do Feitiço Orbital|Длительность действия орбитальных заклинаний|環繞法術持續時間|オービタルスペル持續時間増加|궤도 주문 지속 시간|Orbitale Zauberdauer|Durée du sort orbital|Duración del hechizo orbital|Czas Trwania Czarów Orbitalnych
inc_orbital_spell_size|Orbital Spell Size||Tamanho do Feitiço Orbital|Размер орбитального заклинания|環繞法術尺寸|オービタルスペルサイズ増加|궤도 주문 크기|Orbitale Zaubergröße|Taille du sort orbital|Tamaño del hechizo orbital|Rozmiar Czarów Orbitalnych
inc_mana_life_replenished_evade|of Maximum Life replenished when evading||da Vida Máxima restaurada ao esquivar|максимального количества здоровья, восстанавливаемого при уклонении|最大生命回復在閃避時後|回避時に最大ライフ回復|회피 시 최대 생명력 회복량|Maximales Leben wird beim Ausweichen wiederhergestellt|Santé maximale restaurée lors d'une esquive|de la vida máxima restaurada al esquivar|Część Maksymalnego Życia odnawiana przy unikaniu
inc_spell_mana_leech|to Spell Mana Leech||para Roubo de Mana Mágica|поглощение маны заклинанием|法術魔力偷取|スペルマナリーチ増加|주문 마나 흡수|zu Zaubermanaentzug|Vol de mana magique |al robo de maná por hechizo|do Kradzieży Many Czarów
inc_manacosts_from_life|of Your Mana Costs are taken from life instead||seus Custos de Mana são retirados da vida em vez de vida|ваши затраты маны вместо этого берутся из здоровья|您的魔力消耗改為從生命扣除|マナ増加コストはライフから差し引かれる|마나 소모량이 생명력에서 차감됨|Deine Manakosten werden stattdessen vom Leben abgezogen|Son coût en mana est déduit des points de vie au lieu des points de santé.|de tus costes de maná se deducen de la vida|Część Kosztu Many pobierana z życia zamiast
inc_spell_projectile_damage|Increased Spell Projectile Damage||Aumento do Dano do Projétil Mágico|Увеличенный урон от снарядов заклинаний|法術投射物傷害提高|呪文投射物のダメージ増加|주문 투사체 데미지 증가|Erhöhter Schaden von Zauberprojektilen|Dégâts des projectiles magiques augmentés|Daño de proyectil mágico aumentado|Zwiększone Obrażenia Pocisków Czarów
inc_additional_spell_projectile|Additional Spell Projectile||Projétil Mágico Adicional|Дополнительный снаряд заклинания|額外法術投射物|追加の呪文投射物|주문 투사체 추가 수|Zusätzliches Zauberprojektil|Projectile magique supplémentaire|Proyectil mágico adicional|Dodatkowy Pocisk Czarów
inc_spell_projectile_size|Spell Projectile Size||Tamanho do Projétil Mágico|Размер снаряда заклинания|法術投射物尺寸|呪文投射物のサイズ|주문 투사체 크기|Größe von Zauberprojektilen|Taille du projectile magique|Tamaño del proyectil mágico|Rozmiar Pocisków Czarów
inc_spell_projectile_damage_twohanded|Increased Spell Projectile Damage when wielding a Staff or a Cane||Aumento do Dano do Projétil Mágico ao empunhar um Cajado ou uma Bengala|Увеличенный урон от снарядов заклинаний при использовании посоха или трости |持法杖或手杖時的法術投射物傷害|杖またはケーンを装備している時の呪文投射物のダメージ増加|케인 또는 스테프를 사용할 때 주문 투사체 데미지 증가|Erhöhter Schaden von Zauberprojektilen beim Führen eines Stabs oder Gehstocks|Dégâts des projectiles magiques augmentés lors de l'utilisation d'un bâton ou d'une baguette|Daño de proyectil mágico aumentado al usar bastón o vara|Zwiększone Obrażenia Pocisków Czarów przy użyciu Kija lub Laski
inc_damage_reduction|Damage Reduction||Redução de Dano|Снижение урона|傷害減免|ダメージ軽減|데미지 감소|Schadensreduktion|Réduction des dégâts|Reducción de daño|Zmniejszenie Obrażeń
inc_damage_reduction_cane|Damage Reduction when wielding a Staff or a Cane||Dano Redução ao empunhar um Cajado ou uma Bengala|Снижение урона при использовании посоха или трости|持法杖或手杖時的傷害減免|杖またはケーンを装備している時のダメージ軽減|케인 또는 스테프를 사용할 때 데미지 감소|Schadensreduktion beim Führen eines Stabs oder Gehstocks|Réduction des dégâts lors de l'utilisation d'un bâton ou d'une baguette|Reducción de daño al usar bastón o vara|Zmniejszenie Obrażeń przy użyciu Kija lub Laski
inc_block_physical_cane|Chance to block Physical Damage when wielding a Staff or a Cane||Chance de bloquear Dano Físico ao empunhar um Cajado ou uma Bengala|Шанс блокировать физический урон при использовании посоха или трости|機率格擋物理傷害當手持法杖或手杖時|杖またはケーンを装備している時の物理ダメージのブロック確率|케인 또는 스테프를 사용할 때 물리 데미지 차단 확률|Chance, physischen Schaden beim Führen eines Stabs oder Gehstocks zu blocken|Chance de bloquer les dégâts physiques lors de l'utilisation d'un bâton ou d'une baguette|Probabilidad de bloquear daño físico al usar bastón o vara|Szansa na blokowanie Obrażeń Fizycznych przy użyciu Kija lub Laski
inc_crushing_blow|Chance for a Crushing Blow||Chance de Golpe Esmagador|Шанс на сокрушительный удар|壓碎打擊機率|粉砕攻撃の確率|분쇄 강타 확률|Chance auf einen vernichtenden Schlag|Chance de porter un coup puissant|Probabilidad de golpe aplastante|Szansa na Miażdżący Cios
inc_crushing_blow_effectiveness|Crushing Blow Effectiveness||Eficácia do Golpe Esmagador |Эффективность сокрушительного удара|壓碎打擊效果|粉砕攻撃の有効性 |분쇄 강타 효과|Effektivität des vernichtenden Schlags|Efficacité du coup puissant |Efectividad de golpe aplastante|Skuteczność Miażdżącego Ciosu
inc_defense_f|to Defense||Para Defesa|к защите|防御|防御力|방어력|zur Verteidigung|Pour la défense|a la defensa|do Obrony
inc_defense_p|Increased Defense||Defesa Aumentada|Повышенная защита|防御|防御力上昇|방어력 증가|Erhöhte Verteidigung|Défense accrue|Defensa aumentada|Zwiększona Obrona
inc_damage_return|of Damage Taken returned to the Attacker||Dano Recebido devolvido ao Atacante|на величину получаемого урона, возвращаемого атакующему|受到的傷害反彈给攻擊者|受けたダメージの一部が攻撃者に返される|받은 데미지를 공격자에게 되돌려줌|Schaden, der dem Angreifer zurückgegeben wird|Les dégâts subis sont renvoyés à l'attaquant|del daño recibido se devuelve al atacante|Część Otrzymanych Obrażeń zwrócona Atakującemu
inc_phys_reduction|to Physical Damage Reduction||Para Redução de Dano Físico|к снижению физического урона|物理傷害減免|物理ダメージ軽減|물리 데미지 감소|zur Reduzierung des physischen Schadens|Pour la réduction des dégâts physiques :|a la reducción de daño físico|do Zmniejszenia Obrażeń Fizycznych
inc_reduced_damage_healed|of Reduced Damage Healed Over Time||Dano Reduzido Curado ao Longo do Tempo|на величину уменьшенного урона, восстанавливаемого со временем|隨時間回復的減少傷害|ダメージ軽減分が時間経過で回復|지속적으로 회복되는 데미지 감소|Reduzierter Schaden wird über Zeit geheilt|Réduction des soins prodigués au fil du temps|del daño reducido se cura en el tiempo|Część Zmniejszonych Obrażeń Uzdrowiona w Czasie
inc_damage_taken_reduced|Damage Taken Reduced||Dano Recebido Reduzido|На величину получаемого урона, уменьшенного|受到傷害減少|受けたダメージ減少|받는 데미지 감소|Erlittener Schaden reduziert|Réduction des dégâts subis|Daño recibido reducido|Otrzymane Obrażenia Zmniejszone
inc_damage_return_total|Increased Total Damage Return||Aumento do Retorno Total de Dano|Увеличенная общая возвращаемая величина урона|總傷害反彈|総ダメージ返還増加|총 반사 데미지 증가|Erhöhter Gesamtschadenrückgabe|Augmentation des dégâts totaux renvoyés|Daño devuelto total aumentado|Zwiększony Całkowity Zwrot Obrażeń
inc_quillboar_chance|Chance to unleash piercing spikes outwards when struck||Chance de liberar espinhos perfurantes ao ser atingido|Шанс выпустить пронзающие шипы при ударе|機率受到攻擊時向外釋放穿刺尖刺|攻撃を受けた際に貫通する棘を放つ確率|피격 시 일정 확률로 뾰족한 가시를 발사 |Chance, bei Treffern stechende Stacheln nach außen zu schleudern|Chance de projeter des pics acérés lors d'un impact|Probabilidad de lanzar púas perforantes al ser golpeado|Szansa na wyzwolenie przebijających kolców na zewnątrz przy trafieniu
inc_damage_return_burning|of Damage Returned is converted into Burning||Dano Retornado convertido em Queimadura|на величину возвращаемого урона, преобразуемого в урон от огня|反彈傷害轉為燃燒|返還したダメージの一部が燃焼ダメージに変換される|반격 데미지가 화상 데미지로 전환됩니다.|Zurückgegebener Schaden wird in Brennschaden umgewandelt|Les dégâts renvoyés infligent des brûlures|del daño devuelto se convierte en quemadura|Część Zwróconych Obrażeń konwertowana na Palenie
inc_soul_ignition_chance|Chance for monsters slain by damage return to explode dealing area of effect damage||Chance de monstros mortos pelo retorno de dano explodirem, causando dano em área|Шанс монстров, убитых возвращаемым уроном, взорваться, нанося урон по области|機率被傷害反彈擊殺的怪物會爆炸造成範圍傷害|ダメージ返還で倒されたモンスターが爆発し、範囲ダメージを與える確率|데미지로 처치된 몬스터가 일정 확률로 폭발하여 범위 데미지를 입힙니다.|Chance, dass durch Schaden getötete Monster bei ihrer Rückkehr explodieren und Flächenschaden verursachen|Chance pour les monstres tués par des dégâts d'exploser, infligeant des dégâts de zone|Probabilidad de que enemigos muertos por daño devuelto exploten infligiendo daño de área|Szansa na to, że potwory zabite zwrotem obrażeń eksplodują zadając obrażenia obszarowe
inc_soul_ignition_damage|Death Explosion damage||Dano de Explosão da Morte|Урон от взрыва смерти|死亡爆炸傷害|即死爆発ダメージ|죽음 폭발 데미지|Explosionsschaden|Dégâts d'explosion mortels |Daño de explosión al morir|Obrażenia Eksplozji Śmierci
inc_bad_gas_chance|Chance to leave a cloud of poisonous gas when struck||Chance de deixar uma nuvem de gás venenoso ao ser atingido|Шанс оставить облако ядовитого газа при ударе|機率受到攻擊時留下毒氣雲|攻撃を受けた際に毒ガスの雲を残す確率|피격 시 일정 확률로 독가스 구름 생성|Chance, bei Treffern eine Wolke giftigen Gases zu hinterlassen|Chance de laisser un nuage de gaz toxique en cas d'impact|Probabilidad de dejar una nube de gas venenoso al ser golpeado|Szansa na pozostawienie chmury trującego gazu przy trafieniu
inc_bad_gas_damage|Gas Cloud Poisoned Damage||Dano de Envenenamento da Nuvem de Gás|Урон от отравления газовым облаком|毒氣雲中毒傷害|毒ガス雲ダメージ|독가스 구름 중독 데미지|Vergiftungsschaden durch Gaswolke|Dégâts du poison du nuage de gaz|Daño de veneno de la nube de gas|Obrażenia Trucizny Chmury Gazu
inc_damage_taken_mana|of Damage Taken Recovered as Mana||Dano Recebido Recuperado como Mana|на величину получаемого урона, восстанавливаемого в виде маны|受到的傷害回復為魔力|受けたダメージの一部がマナとして回復|받은 데미지만큼 마나로 회복|Erlittener Schaden wird als Mana wiederhergestellt|Dégâts subis récupérés sous forme de mana|del daño recibido se recupera como maná|Część Otrzymanych Obrażeń Odzyskana jako Mana
inc_overflow_effectiveness|Overflow Effectiveness||Eficácia de Transbordamento|Эффективность переполнения|溢出效果|オーバーフロー効果|오버플로우 효율|Überschusseffektivität|Efficacité du débordement|Efectividad de desbordamiento|Skuteczność Nadmiaru
inc_overcap_resists_converted_life|of All Resistances over the cap converted to life||Todas as Resistências acima do limite convertidas em vida|на величину всех сопротивлений, превышающих максимальное значение, преобразуемых в здоровье|超過上限的全抗性轉為生命|上限を超えた全ての耐性がライフに変換される|최대치를 초과하는 모든 저항이 생명력으로 전환|Alle Widerstände über dem Limit werden in Leben umgewandelt|Toutes les résistances au-delà de la limite sont converties en points de vie|de todas las resistencias por encima del límite convertidas en vida|Część Wszystkich Odporności powyżej limitu konwertowana na życie
inc_defense_converted_life|of Your Defense is converted to life||Sua Defesa é convertida em vida|на величину вашей защиты, преобразуемой в здоровье|您的防御轉為生命|防御力の一部がライフに変換される|방어력이 생명력으로 전환|Deine Verteidigung wird in Leben umgewandelt|Votre défense est convertie en points de vie|de tu defensa convertida en vida|Część twojej Obrony konwertowana na życie
inc_damage_aura_radius|Increased Damaging Aura Radius||Raio da Aura de Dano Aumentado|Увеличенный радиус ауры, наносящей урон|傷害光環半徑|ダメージオーラ範囲増加|공격 오라 범위 증가|Erhöhter Radius der Schadensaura|Rayon d'aura de dégâts augmenté|Radio del aura de daño aumentado|Zwiększony Promień Aury Obrażającej
inc_buff_aura_radius|Increased Buffing Aura Radius||Raio da Aura de Aprimoramento Aumentado|Увеличенная аура усиления Радиус|增益光環半徑|バフオーラ範囲増加|버프 오라 범위 증가|Erhöhter Radius der Stärkungsaura|Rayon d'aura d'amélioration augmenté|Radio del aura de mejora aumentado|Zwiększony Promień Aury Buffującej
inc_aura_effectiveness|Increased Buffing Aura Effectiveness||Eficácia da Aura de Aprimoramento Aumentada|Повышенная эффективность усиливающей ауры|增益光環效果|バフオーラ効果増加|버프 오라 효율 증가|Erhöhte Effektivität der Stärkungsaura|Efficacité de l'aura d'amélioration augmentée|Efectividad del aura de mejora aumentada|Zwiększona Skuteczność Aury Buffującej
inc_damage_aura_effectiveness|Increased Damaging Aura Effectiveness||Eficácia da Aura de Dano Aumentada|Повышенная эффективность наносящей урон ауры|傷害光環效果|ダメージオーラ効果増加|공격 오라 효율 증가|Erhöhte Effektivität der Schadensaura|Efficacité de l'aura de dégâts augmentée|Efectividad de las auras de daño aumentada|Zwiększona Skuteczność Aury Obrażającej
inc_aura_skills|to Aura Skills||Para Habilidades de Aura|для навыков ауры|光環技能|オーラスキル|오라 스킬|zu Aura-Fertigkeiten|Pour les compétences d'aura |a las habilidades de aura|do Umiejętności Aur
inc_damage_taken_replenished_life|of Damage Replenished as Life when struck||Dano Reposto como Vida ao ser atingido|Урон восстанавливается в виде здоровья при ударе|受到攻擊時的傷害回復為生命|攻撃を受けた際にダメージの一部がライフとして回復|오라 스킬 적용 시 데미지가 생명력으로 회복|Schaden wird bei Treffern als Leben wiederhergestellt|Dégâts restaurés sous forme de points de vie lors d'un coup reçu|del daño restaurado como vida al ser golpeado|Część Obrażeń Odzyskana jako Życie przy trafieniu
inc_damage_taken_replenished_max_life|of Maximum Life replenished when struck||Vida Máxima Reposta ao ser atingido|Максимальное количество здоровья восстанавливается при ударе|受到攻擊時的最大生命回復|攻撃を受けた際に最大ライフの一部が回復|피격 시 최대 생명력이 회복|Maximales Leben wird bei Treffern wiederhergestellt|Points de vie maximum restaurés lors d'un coup reçu|de la vida máxima restaurada al ser golpeado|Część Maksymalnego Życia odnawiana przy trafieniu
inc_immovable_object|You can no longer dodge monster attacks but also cannot be stunned or frozen||Você não pode mais esquivar de ataques de monstros, mas também não pode ser atordoado ou Congelado|Вы больше не можете уклоняться от атак монстров, но также не можете быть оглушены или заморожены|您無法再閃避怪物攻擊，但也不會被昏迷或冰凍|モンスターの攻撃を回避できなくなりますが、スタンまたは凍結|몬스터 공격을 더 이상 회피할 수 없지만 기절이나 동결에도 걸리지 않습니다.|Du kannst Monsterangriffen nicht mehr ausweichen, aber auch nicht betäubt oder eingefroren werden|Vous ne pouvez plus esquiver les attaques des monstres, mais vous ne pouvez pas non plus être étourdi ou gelé|Ya no puedes esquivar ataques, pero eres inmune al aturdimiento y a la congelación|Nie możesz już unikać ataków potworów, ale również nie możesz być ogłuszony ani zamrożony
inc_stun_freeze_immune|Stun & Freeze Immunity||Imunidade a Atordoamento e Congelamento|Иммунитет к оглушению и заморозке|昏迷與冰凍免疫|スタン＆凍結耐性|기절 및 동결 면역|Immunität gegen Betäubung und Einfrieren|Immunité à l'étourdissement et au gel|Inmunidad al aturdimiento y la congelación|Odporność na Ogłuszenie & Zamrożenie
inc_colossus_stacks|to Maximum Colossus Stacks||até o máximo de acúmulos de Colosso|Максимальное количество стаков Колосса|最大巨像層數|コロッサススタック最大数|최대 거대화 중첩|zu Maximalem Koloss Stapel|jusqu'au maximum de cumuls de Colosse|a las acumulaciones máximas de Coloso|do Maksymalnej Liczby Stacków Kolosa
inc_colossus_damage|Colossus damage||Dano de Colosso|Урон от Колосса|巨像傷害|コロッサスダメージ|거대화 데미지|Koloss-Schaden|Dégâts de Colosse |Daño de Coloso|Obrażenia Kolosa
inc_colossus_life_replenish|Increased Life Replenish for each Colossus stack||Aumento na Regeneração de Vida para cada acúmulo de Colosso|Увеличенное восстановление здоровья за каждый стак Колосса|每層巨像提供的生命回復提高|コロッサススタックごとにライフ回復量が増加|거대화 중첩당 생명력 회복 증가|Erhöhte Lebensregeneration für jeden Koloss-Stapel|Régénération de santé accrue par application de Colosse|Regeneración de vida aumentada por cada acumulación de Coloso|Zwiększone Odnawianie Życia za każdy stack Kolosa
inc_cold_absorb|to Cold Absorb||para Absorção de Frio|Поглощение холода|冰冷吸收|冷気吸収|냉기 흡수|Kälteabsorption|Absorption du froid|a la absorción de frío|do Absorpcji Zimna
inc_fire_absorb|to Fire Absorb||para Absorção de Fogo|Поглощение огня|火焰吸收|火炎吸収|불 흡수|Feuerabsorption|Absorption du feu|a la absorción de fuego|do Absorpcji Ognia
inc_poison_absorb|to Poison Absorb||para Absorção de Veneno|Поглощение яда|毒素吸收|毒吸収|독 흡수|Giftabsorption|Absorption du poison|a la absorción de veneno|do Absorpcji Trucizny
inc_arcane_absorb|to Arcane Absorb||para Absorção Arcana|Поглощение магии|奥術吸收|秘術吸収|아케인 흡수|Arkanabsorption|Absorption arcanique|a la absorción arcana|do Absorpcji Arkany
inc_lightning_absorb|to Lightning Absorb||para Absorção de Relâmpago|Поглощение молнии|閃電吸收|雷吸収|번개 흡수|Blitzabsorption|Absorption de la foudre|a la absorción de rayo|do Absorpcji Błyskawic
inc_agitation_movement_speed|Agitation Movement Speed||Velocidade de Movimento de Agitação|Скорость передвижения от возбуждения|激怒移動速度|動揺移動速度|동조 이동 속도|Bewegungsgeschwindigkeit durch Unruhe|Bonus de vitesse de déplacement grâce à l'agitation |Velocidad de movimiento por agitación|Prędkość Ruchu Agitacji
inc_armor_converted_damage_return|of Armor Converted to Damage Return||da Armadura Convertida em Retorno de Dano|Броня преобразуется в возвращаемый урон|護甲轉為傷害反彈|アーマーのダメージがダメージリターンに変換|방어구가 데미지 반사로 변환|Rüstung in Schadensrückgabe umgewandelt|L'armure est convertie en dégâts renvoyés.|de armadura convertida en daño devuelto|Część Pancerza Konwertowana na Zwrot Obrażeń
inc_melee_damage_shield|Increased Melee Damage when using a Shield||Aumento no Dano Corpo a Corpo ao usar um Escudo|Увеличенный урон в ближнем бою при использовании щита|持盾時近戰傷害|シールド使用時の近接攻撃ダメージ増加|방패 사용 시 근접 데미지 증가|Erhöhter Nahkampfschaden mit Schild|Les dégâts de mêlée sont augmentés avec un bouclier.|Daño cuerpo a cuerpo aumentado al usar un escudo|Zwiększone Obrażenia Melee przy użyciu Tarczy
inc_critical_damage_shield|Increased Total Critical Strike Damage when using a Shield||Aumento no Dano Crítico Total ao usar um Escudo|Увеличенный общий урон от критических ударов при использовании щита|持盾時總暴擊傷害|シールド使用時のクリティカルヒットダメージ増加|방패 사용 시 치명타 데미지 증가|Erhöhter kritischer Gesamtschaden mit Schild|Les dégâts critiques totaux sont augmentés avec un bouclier.|Daño crítico total aumentado al usar un escudo|Zwiększone Całkowite Obrażenia Trafienia Krytycznego przy użyciu Tarczy
inc_damage_mitigation_shield|Damage Mitigation when using a Shield||Mitigação de Dano ao usar um Escudo|Снижение урона при использовании щита|持盾時傷害減免|シールド使用時のダメージ軽減|방패 사용 시 데미지 완화|Schadensreduktion mit Schild|Réduction des dégâts avec un bouclier.|Mitigación de daño al usar un escudo|Łagodzenie Obrażeń przy użyciu Tarczy
inc_attack_range_shield|Increased Melee Attack Range when using a Shield||Aumento no Alcance de Ataque Corpo a Corpo ao usar um Escudo|Увеличенная дальность атаки в ближнем бою при использовании щита|持盾時近戰攻擊範圍|シールド使用時の近接攻撃範囲増加|방패 사용 시 근접 공격 범위 증가|Erhöhte Nahkampfangriffsreichweite mit Schild|Portée des attaques de mêlée augmentée avec un bouclier.|Alcance de ataque cuerpo a cuerpo aumentado al usar un escudo|Zwiększony Zasięg Ataku Melee przy użyciu Tarczy
inc_evading_force|Chance to gain 25% Evasion for a short duration when struck||Chance de ganhar 25% de Evasão por um curto período ao ser atingido|Шанс получить 25% уклонения на короткое время при ударе|機率受到攻擊時短暫獲得25%閃避率|被弾時に短時間回避率25%増加の確率|피격 시, 짧은 시간 동안 회피 25%를 획득할 확률|Chance, bei Treffern kurzzeitig 25 % Ausweichen zu erhalten|Chance d'obtenir 25 % d'esquive pendant une courte durée après avoir été touché.|Probabilidad de obtener un 25% de evasión brevemente al ser golpeado|Szansa na zyskanie 25% Uniku na krótki czas przy trafieniu
inc_all_resistances_cap|is now your cap on All Resistances||Limite em Todas as Resistências|Ограничение всех уровней сопротивления|[你的全抗性上限為50%]|全耐性の上限|모든 저항 최대치 제한|Maximierung aller Resistenzen|Limite maximale pour toutes les résistances.|Límite de todas las resistencias|Limit Wszystkich Odporności
inc_negative_all_resistances_life|of Your Negative All Resistances are added as Increased Maximum Life||de Suas Resistências Negativas são adicionadas como Aumento na Vida Máxima|Ваше отрицательное значение Все сопротивления суммируются Увеличение максимального запаса здоровья|您的負全抗性增加為最大生命|マイナス全耐性が最大ライフ増加として加算|모든 부정적 저항이 최대 생명력 추가|Negative Resistenzen werden als erhöhtes maximales Leben hinzugefügt|Les résistances négatives sont ajoutées aux points de vie maximum. |de tus resistencias negativas añadidas como vida máxima aumentada|Część twoich Negatywnych Wszystkich Odporności dodana jako Zwiększone Maksymalne Życie
inc_negative_all_resistances_damage|of Negative All Resistances added as increased damage||de Todas as Resistências Negativas são adicionadas como aumento no dano|Отрицательное значение: все сопротивления добавляются в виде увеличенного урона|負全抗性增加為傷害|マイナス全耐性がダメージ増加として加算|모든 부정적 저항이 데미지 추가|Negative Resistenzen werden als erhöhter Schaden hinzugefügt|Les résistances négatives se cumulent en bonus de dégâts.|de tus resistencias negativas añadidas como daño aumentado|Negatywnych Wszystkich Odporności dodanych jako zwiększone obrażenia
inc_damage_taken_mitigated|of Damage Taken Mitigated||de Dano Recebido Mitigado|Снижение получаемого урона|受到傷害被減免|被ダメージ軽減|받는 데미지 감소|Abgeschwächter Schaden|Dégâts subis réduits.|del daño recibido es mitigado|Część Otrzymanych Obrażeń Złagodzona
inc_mana_tank|of Damage Taken is drained from mana instead||de Dano Recebido é drenado de mana|Полученный урон расходуется на ману|受到的傷害改為從魔力扣除|被ダメージがマナから消費される|받는 데미지가 마나 소모로 전환됨|Erlittener Schaden wird stattdessen von Mana abgezogen|Les dégâts subis consomment du mana.|del daño recibido se deduce del maná|Część Otrzymanych Obrażeń jest odciągana z many zamiast
inc_echoing_thorns|Chance to return the damage as area of effect damage||Chance de retornar o dano como dano em área|Шанс вернуть урон в виде урона по области|機率以範圍效果形式反彈傷害|ダメージを範囲攻撃ダメージとして返還する確率|데미지를 광역 데미지로 되돌릴 확률 |Chance, den Schaden als Flächenschaden zurückzuwerfen|Chance de renvoyer les dégâts sous forme de dégâts de zone.|Probabilidad de devolver el daño como daño de área|Szansa na zwrócenie obrażeń jako obrażenia obszarowe
inc_damage_return_critical|Chance for returned damage to critically hit||Chance de o dano retornado causar um acerto crítico|Шанс на критический удар при возврате урона|機率反彈傷害變為暴擊|返還ダメージがクリティカルヒットする確率 |되돌린 데미지가 치명타로 적중할 확률|Chance, dass zurückgeworfener Schaden kritisch trifft|Chance d'infliger un coup critique avec les dégâts renvoyés.|Probabilidad de que el daño devuelto sea crítico|Szansa na krytyczne trafienie zwróconymi obrażeniami
inc_damage_return_critical_damage|Critical Damage||Dano Crítico|Критический урон|暴擊傷害|クリティカルダメージ|치명타 데미지|Kritischer Schaden|Dégâts critiques.|Daño crítico|Obrażenia Krytyczne
inc_magic_damage_reduction_max|to Maximum Magic Damage Reduction||para Redução Máxima de Dano Mágico|К максимальному снижению магического урона|最大魔法傷害減免|最大魔法ダメージ軽減|최대 마법 데미지 감소|Maximale Magieschadenreduktion|Réduction maximale des dégâts magiques.|a la reducción máxima de daño mágico|do Maksymalnego Zmniejszenia Obrażeń Magicznych
inc_physical_damage_reduction_max|to Maximum Physical Damage Reduction||para Redução Máxima de Dano Físico|К максимальному снижению физического урона|最大物理傷害減免|最大物理ダメージ軽減|최대 물리 데미지 감소|Maximale physische Schadenreduktion|Réduction maximale des dégâts physiques.|a la reducción máxima de daño físico|do Maksymalnego Zmniejszenia Obrażeń Fizycznych
inc_max_mana_added_life|of Maximum Mana added as Maximum life||de Mana Máxima adicionada como Máxima Vida|Максимальное количество маны добавляется в виде максимального запаса здоровья |的最大魔力值增加為最大生命值|最大マナが最大ライフとして加算|최대 마나의 일부를 최대 생명력으로 추가|Maximales Mana wird als maximales Leben hinzugefügt|Mana maximum converti en points de vie maximum.|del maná máximo añadido como vida máxima|Część Maksymalnej Many dodana jako Maksymalne Życie
inc_max_life_added_mana|of Maximum Life added as Maximum Mana||Vida Máxima adicionada como Mana Máxima|Максимальное количество здоровья добавляется как максимальное количество маны|的最大生命值增加為最大魔力值|最大ライフが最大マナとして加算|최대 생명력의 일부를 최대 마나로 추가|Maximales Leben wird als maximales Mana hinzugefügt|Points de vie maximum convertis en mana maximum.|de la vida máxima añadida como maná máximo|Część Maksymalnego Życia dodana jako Maksymalna Mana
inc_delayed_gratification|Life replenish now happens every 2 seconds with increased power||A regeneração de vida agora ocorre a cada 2 segundos com poder aumentado|Восстановление здоровья теперь происходит каждые 2 секунды с увеличенной силой|生命回復現在每兩秒發生一次且強度提高|ライフ回復が2秒ごとに発生し、パワーが増加|생명력 회복이 강화된 효과와 함께 2초마다 발생|Lebensregeneration erfolgt nun alle 2 Sekunden mit erhöhter Stärke|La régénération de santé se produit désormais toutes les 2 secondes avec une puissance accrue. |La regeneración de vida ocurre cada 2 segundos con mayor potencia|Odnawianie życia dzieje się teraz co 2 sekundy ze zwiększoną mocą
inc_life_replenish_p|Increased Life Replenish||Regeneração de Vida Aumentada|Увеличенное восстановление здоровья|生命回復|ライフ回復増加|생명력 회복 증가|Erhöhte Lebensregeneration|Régénération de santé accrue|Regeneración de vida aumentada|Zwiększone Odnawianie Życia
inc_monsters_rest|Chance for monsters to rest in peace||Chance de monstros descansarem em paz|Шанс монстрам обрести покой|機率怪物安息|モンスターが安らかに眠る確率|몬스터가 편안히 잠들 확률|Chance, dass Monster in Frieden ruhen|Chance pour les monstres de reposer en paix|Probabilidad de que los monstruos descansen en paz|Szansa na to, że potwory spoczną w pokoju
inc_damage_return_boss|Increased Damage Return against Bosses||Retorno de Dano Aumentado contra Chefes|Увеличенный возвращаемый урон по боссам|對首領的傷害反彈|ボスに対するダメージリターン増加|보스에게 되돌려주는 데미지 증가|Erhöhte Schadensrückgabe gegen Bosse|Dégâts réfléchis accrus contre les boss|Daño devuelto contra jefes aumentado|Zwiększony Zwrot Obrażeń wobec Bossów
inc_damage_return_boss_double|Chance for returned damage against a boss to echo an additional time||Chance de dano retornado contra um chefe ecoar uma vez adicional|Шанс на то, что возвращаемый урон по боссу отразится дополнительно|機率對首領的反彈傷害額外回響一次|ボスに対するリターンダメージが追加で1回反響する確率|보스에게 되돌려주는 데미지가 추가로 메아리칠 확률|Chance, dass erlittener Schaden gegen einen Boss ein weiteres Mal widerhallt|Chance que les dégâts réfléchis contre un boss se répètent|Probabilidad de que el daño devuelto contra un jefe se repita una vez más|Szansa na to, że zwrócone obrażenia wobec bossa odbiją się dodatkowy raz
inc_damage_return_double|Chance for returned damage to echo an additional time||Chance de dano retornado ecoar uma vez adicional|Шанс на то, что возвращаемый урон отразится дополнительно|機率反彈傷害額外回響一次|リターンダメージが追加で1回反響する確率|되돌려주는 데미지가 추가로 메아리칠 확률|Chance, dass erlittener Schaden ein weiteres Mal widerhallt|Chance que les dégâts réfléchis se répètent|Probabilidad de que el daño devuelto se repita una vez más|Szansa na to, że zwrócone obrażenia odbiją się dodatkowy raz
inc_echoing_till_failure|Chance for returned damage to echo an additional time till failior||Chance de dano retornado ecoar uma vez adicional até a falha|Шанс на то, что возвращаемый урон отразится дополнительно до провала|機率反彈傷害額外回響直到失敗|リターンダメージが失敗まで追加で1回反響する確率|내구도가 파괴될 때까지 되돌려주는 데미지가 추가로 메아리칠 확률|Chance, dass erlittener Schaden bis zum Versagen ein weiteres Mal widerhallt|Chance que les dégâts réfléchis se répètent jusqu'à échec|Probabilidad de que el daño devuelto se repita sucesivamente hasta fallar|Szansa na to, że zwrócone obrażenia odbiją się dodatkowy raz aż do porażki
inc_armor_added_attack_damage|of Armor added as Attack Damage||Armadura adicionada como Dano de Ataque|Броня добавляется как урон от атаки|的護甲值增加為攻擊傷害|アーマーが攻撃力として加算|방어구의 일부를 공격력으로 추가|Rüstung als Angriffsschaden hinzugefügt|Armure ajoutée aux dégâts d'attaque|de armadura añadida como daño de ataque|Pancerza dodawanego jako Obrażenia Ataku
inc_armor_added_magic_damage|of Armor added as Magic Skill Damage||Armadura adicionada como Dano de Habilidade Mágica|Броня добавляется как урон от магических навыков|的護甲值增加為魔法技能傷害|アーマーが魔法スキルダメージとして加算|방어구의 일부를 마법 스킬 데미지로 추가|Rüstung als Magieschaden hinzugefügt|Armure ajoutée aux dégâts des compétences magiques |de armadura añadida como daño de habilidad mágica|Pancerza dodawanego jako Obrażenia Umiejętności Magicznych
inc_fire_resistance|to Fire Resistance||Resistência ao Fogo|К сопротивлению огню|火焰抗性|火耐性|불 저항력|Feuerresistenz erhöht|Résistance au feu|a la resistencia al fuego|do Odporności na Ogień
inc_cold_resistance|to Cold Resistance||Resistência ao Frio |К сопротивлению холоду|冰冷抗性|冷気耐性|냉기 저항력|Kälteresistenz erhöht|Résistance au froid|a la resistencia al frío|do Odporności na Zimno
inc_lightning_resistance|to Lightning Resistance||Resistência a Relâmpagos|К сопротивлению молнии|閃電抗性|雷耐性|번개 저항력|Blitzresistenz erhöht|Résistance à la foudre|a la resistencia al rayo|do Odporności na Błyskawice
inc_poison_resistance|to Poison Resistance||Resistência a Venenos|К сопротивлению яду|毒素抗性|毒耐性|독 저항력|Giftresistenz erhöht|Résistance au poison|a la resistencia al veneno|do Odporności na Truciznę
inc_arcane_resistance|to Arcane Resistance||Resistência Arcana|К сопротивлению магии|奥術抗性|秘術耐性|아케인 저항력|Arkanresistenz erhöht|Résistance aux arcanes|a la resistencia arcana|do Odporności Arkanicznej
inc_fire_resistance_converted_fire_damage|of your Fire Resistance is converted to Increased Fire Skill Damage||da sua Resistência ao Fogo é convertida em Aumento de Dano de Habilidade de Fogo|Ваше сопротивление огню преобразуется в увеличенный урон от огненных навыков|火焰抗性轉為火焰技能傷害|火耐性の一定割合が火スキルダメージ増加に変換|불 저항력의 일부를 불 스킬 데미지 증가로 전환|Ein Teil deiner Feuerresistenz wird in erhöhten Feuerschaden umgewandelt|Votre résistance au feu est convertie en dégâts de feu accrus pour vos capacités |de tu resistencia al fuego convertida en daño de fuego aumentado|Część twojej Odporności na Ogień konwertowana na Zwiększone Obrażenia Umiejętności Ognistych
inc_cold_resistance_converted_cold_damage|of your Cold Resistance is converted to Increased Cold Skill Damage||Resistência ao Gelo é convertida em Aumento de Dano de Habilidade de Gelo|Ваше сопротивление холоду преобразуется в увеличенный урон от холодных навыков|冰霜抗性轉為冰霜技能傷害|冷気耐性の一定割合が冷気スキルダメージ増加に変換|냉기 저항력의 일부를 냉기 스킬 데미지 증가로 전환|Ein Teil deiner Kälteresistenz wird in erhöhten Kälteschaden umgewandelt|La résistance à la glace augmente les dégâts des compétences de glace.|de tu resistencia al frío convertida en daño de frío aumentado|Część twojej Odporności na Zimno konwertowana na Zwiększone Obrażenia Umiejętności Lodowych
inc_lightning_resistance_converted_lightning_damage|of your Lightning Resistance is converted to Increased Lightning Skill Damage||Resistência a Relâmpagos é convertida em Aumento de Dano de Habilidade de Relâmpago|Ваше сопротивление молнии преобразуется в увеличенный урон от молниеносных навыков|閃電抗性轉為閃電技能傷害|雷耐性の一定割合が雷スキルダメージ増加に変換|번개 저항력의 일부를 번개 스킬 데미지 증가로 전환|Ein Teil deiner Blitzresistenz wird in erhöhten Blitzschaden umgewandelt|La résistance à la foudre augmente les dégâts des compétences de foudre.|de tu resistencia al rayo convertida en daño de rayo aumentado|Część twojej Odporności na Błyskawice konwertowana na Zwiększone Obrażenia Umiejętności Błyskawic
inc_poison_resistance_converted_poison_damage|of your Poison Resistance is converted to Increased Poison Skill Damage||Resistência a Venenos é convertida em Aumento de Dano de Habilidade de Veneno|Ваше сопротивление яду преобразуется в увеличенный урон от ядовитых навыков|毒素抗性轉為毒素技能傷害|毒耐性の一定割合が毒スキルダメージ増加に変換|독 저항력의 일부를 독 스킬 데미지 증가로 전환|Ein Teil deiner Giftresistenz wird in erhöhten Giftschaden umgewandelt|La résistance au poison augmente les dégâts des compétences de poison.|de tu resistencia al veneno convertida en daño de veneno aumentado|Część twojej Odporności na Truciznę konwertowana na Zwiększone Obrażenia Umiejętności Trujących
inc_arcane_resistance_converted_arcane_damage|of your Arcane Resistance is converted to Increased Arcane Skill Damage||Resistência Arcana é convertida em Aumento de Dano de Habilidade Arcana|Ваше сопротивление магии преобразуется в увеличенный урон от магических навыков|奥術抗性轉為奥術技能傷害|秘術耐性の一定割合が秘術スキルダメージ増加に変換ダメージ|아케인 저항력의 일부를 아케인 스킬 데미지 증가로 전환 데미지|Ein Teil deiner Arkanresistenz wird in erhöhten Arkanschaden umgewandelt|La résistance aux arcanes augmente les dégâts des compétences arcaniques. |de tu resistencia arcana convertida en daño arcano aumentado|Część twojej Odporności Arkanicznej konwertowana na Zwiększone Obrażenia Umiejętności Arkanicznych
inc_light_radius|to Light Radius||Raio de Luz|К радиусу освещения|光照半徑|光の範囲|광원 반경|Lichtradius erhöht|Rayon de Lumière|al radio de luz|do Promienia Światła
inc_light_radius_add_all_attributes|of your Light Radius Added as Increased All Attributes||Raio de Luz adicionado como Aumento de Todos os Atributos|В ваш радиус освещения добавляется как увеличение всех атрибутов|您的光照半徑增加為全属性|光の範囲が全属性増加として加算される|모든 능력치가 증가함에 따라 광원의 반경이 추가|Erhöhter Lichtradius und alle Attribute|Le Rayon de Lumière confère un bonus à toutes les caractéristiques.|de tu radio de luz añadido como todos los atributos aumentados|Część twojego Promienia Światła dodana jako Zwiększone Wszystkie Atrybuty
inc_attack_damage_convert_life|of Attack Damage Converted to Increased Life||Dano de Ataque convertido em Aumento de Vida|Урон от атаки преобразуется в Увеличение здоровья|攻擊傷害轉為生命|攻撃ダメージがライフ増加に変換される|공격 데미지를 생명력으로 변환|Angriffsschaden in erhöhtes Leben umgewandelt|Les dégâts d'attaque sont convertis en bonus de santé.|del daño de ataque convertido en vida aumentada|Obrażeń Ataku konwertowanych na Zwiększone Życie
inc_damage_return_f|to Damage Returned||Dano Retornado|к возвращаемому урону|傷害反彈|返されるダメージ|반사 데미지|zu zurückgeworfenem Schaden|Dégâts réfléchis|al daño devuelto|do Zwróconych Obrażeń
inc_damage_return_shield_f|to Damage Returned when wielding a Shield||Dano Retornado ao usar um Escudo|к возвращаемому урону при использовании щита|持盾時傷害反彈|シールド装備時の返されるダメージ|방패 장착 시 반사 데미지 추가|zurückgeworfener Schaden beim Tragen eines Schildes|Dégâts réfléchis lors de l'utilisation d'un bouclier.|al daño devuelto al usar un escudo|do Zwróconych Obrażeń przy użyciu Tarczy
inc_damage_returned_lightning|of Returned Damage is dealt as Lightning Damage||Dano Retornado é causado como Dano de Relâmpago|к возвращаемому урону, наносимому как урон от молнии|反彈傷害以閃電傷害形式造成|返されるダメージの一部が雷ダメージとして與えられる|반사 데미지가 번개 데미지로 적용|zurückgeworfener Schaden wird als Blitzschaden verursacht|Les dégâts réfléchis sont infligés sous forme de dégâts de rayon.|del daño devuelto se inflige como daño de rayo|Część Zwróconych Obrażeń zadawana jako Obrażenia Błyskawic
inc_hurricane_of_bones|Chance to gain an orbiting Bone Fragment when struck||Chance de ganhar um Fragmento Ósseo orbitando ao ser atingido|Шанс получить вращающийся фрагмент кости при ударе|機率受到攻擊時獲得一個環繞骨片|被弾時に軌道を描く骨片を獲得する確率|피격 시 일정 확률로 궤도를 도는 뼈 파편 획득|Chance, beim Treffer ein kreisendes Knochenfragment zu erhalten|Chance d'obtenir un Fragment d'Os Orbital en étant touché.|Probabilidad de obtener un fragmento óseo orbital al ser golpeado|Szansa na zyskanie orbitującego Fragmentu Kości przy trafieniu
inc_hurricane_of_bones_damage|of Return Damage inherited by Bone Fragment||Dano Retornado herdado de Fragmento Ósseo|к возвращаемому урону, наследуемому фрагментом кости|骨片繼承的反彈傷害|返されるダメージの一部が骨片に継承される|뼈 파편에서 반환 데미지 계승|vom Knochenfragment geerbter Rückwurfschaden|Les dégâts réfléchis sont hérités du fragment d'os.|del daño devuelto heredado por el fragmento óseo|Część Zwróconych Obrażeń dziedziczona przez Fragment Kości
inc_shield_skill_damage|Increased Damage by Shield Skills||Dano aumentado por Habilidades de Escudo|Увеличение урона от навыков щита|盾牌技能傷害|シールドスキルによるダメージ増加|방패 스킬로 인한 데미지 증가|Erhöhter Schaden durch Schildfertigkeiten|Dégâts augmentés par les compétences de bouclier. |Daño de habilidades con escudo aumentado|Zwiększone Obrażenia Umiejętności Tarczy
inc_shield_skill_radius|Increased radius of Shield Skills||Raio aumentado de Habilidades de Escudo|Увеличение радиуса действия навыков щита|盾牌技能半徑|シールドスキルの範囲増加|방패 스킬 반경 증가|Erhöhter Radius von Schildfertigkeiten|Rayon d'action accru avec les compétences de bouclier|Radio de las habilidades con escudo aumentado|Zwiększony promień Umiejętności Tarczy
inc_shield_skills|to Shield Skills||Habilidades de Escudo|к навыкам щита|盾牌技能|シールドスキル|방패 스킬|zu Schildfertigkeiten|Compétences de bouclier|a las habilidades con escudo|do Umiejętności Tarczy
inc_extra_projectile_chance|Chance to fire an additional projectile when performing a ranged attack||Chance de disparar um projétil adicional ao realizar um ataque à distância|Шанс выстрелить дополнительным снарядом при выполнении атаки дальнего боя|機率進行遠程攻擊時額外發射投射物|遠距離攻撃時に追加の投射物を発射する確率|원거리 공격 시 추가 투사체 발사 확률|Chance, bei einem Fernkampfangriff ein zusätzliches Projektil abzufeuern|Chance de lancer un projectile supplémentaire lors d'une attaque à distance|Probabilidad de disparar un proyectil adicional al realizar un ataque a distancia|Szansa na wystrzelenie dodatkowego pocisku przy ataku dystansowym
inc_extra_projectile_ranged|Additional projectile fired when performing a ranged attack||Projétil adicional disparado ao realizar um ataque à distância|Дополнительный снаряд, выпущенный при выполнении атаки дальнего боя|進行遠程攻擊時額外發射投射物|遠距離攻撃時に追加の投射物を発射|원거리 공격 시 추가 투사체 발사|Zusätzliches Projektil wird bei einem Fernkampfangriff abgefeuert|Projectile supplémentaire lancé lors d'une attaque à distance|Proyectil adicional disparado al realizar un ataque a distancia|Dodatkowy pocisk wystrzeliwany przy ataku dystansowym
inc_maximum_damage_shield|to Maximum Damage when wielding a shield||Dano Máximo ao usar um escudo|к максимальному урону при использовании щита|最大傷害當裝備盾牌時|シールド装備時の最大ダメージ増加|방패 장착 시 최대 데미지|zu maximalem Schaden beim Tragen eines Schildes|Dégâts maximums avec un bouclier|al daño máximo al usar un escudo|do Maksymalnych Obrażeń przy użyciu tarczy
inc_maximum_damage_shield_p|Increased Maximum Damage when wielding a shield||Dano Máximo aumentado ao usar um escudo|Увеличение максимального урона при использовании щита|持盾時最大傷害|シールド装備時の最大ダメージ増加|방패 장착 시 최대 데미지 증가|Erhöhter maximaler Schaden beim Tragen eines Schildes|Dégâts maximums augmentés avec un bouclier|Daño máximo aumentado al usar un escudo|Zwiększone Maksymalne Obrażenia przy użyciu tarczy
inc_minimum_damage_shield|to Minimum Damage when wielding a shield||Dano Mínimo ao usar um Escudo|к минимальному урону при использовании щита|最小傷害當裝備盾牌時|シールド装備時の最小ダメージ増加|방패 장착 시 최소 데미지|zu minimalem Schaden beim Tragen eines Schildes|Dégâts minimums augmentés avec un bouclier|al daño mínimo al usar un escudo|do Minimalnych Obrażeń przy użyciu tarczy
inc_minimum_damage_shield_p|Increased Minimum Damage when wielding a shield||Aumento do dano mínimo ao empunhar um escudo|Увеличение минимального урона при использовании щита|持盾時最小傷害|シールド装備時の最小ダメージ増加|방패 창착 시 최소 데미지 증가|Erhöhter minimaler Schaden beim Tragen eines Schildes|Dégâts minimums augmentés avec un bouclier|Daño mínimo aumentado al usar un escudo|Zwiększone Minimalne Obrażenia przy użyciu tarczy
inc_vitality_shield_f|to Vitality when wielding a shield||para Vitalidade ao empunhar um escudo|к живучести при использовании щита|體力當裝備盾牌時|シールド装備時の生命力増加|방패 창착 시 활력|zu Vitalität beim Tragen eines Schildes|Vitalité accrue avec un bouclier|a la vitalidad al usar un escudo|do Witalności przy użyciu tarczy
inc_vitality_shield_p|Increased Vitality when wielding a shield||Aumento da Vitalidade ao empunhar um escudo|Увеличение живучести при использовании щита|持盾時的體力|シールド装備時の生命力増加|방패 창착 시 활력 증가|Erhöhte Vitalität beim Tragen eines Schildes|Vitalité accrue avec un bouclier|Vitalidad aumentada al usar un escudo|Zwiększona Witalność przy użyciu tarczy
inc_socketable_slot|Socketable Slot||Espaço para Encaixe|Встраиваемый слот|可镶嵌槽位|ソケット可能なスロット|소켓형 슬롯 |Ausrüstbarer Slot|Emplacement d'ajustement|Ranura para engarce|Slot do Socketowania
inc_black_hole|Path to any Black Hole||Caminho para qualquer Buraco Negro|Путь к любой черной дыре|通往任意黑洞之路|任意のブラックホールへのパス|블랙홀로 가는 길|Pfad zu jedem Schwarzen Loch|Voie vers n'importe quel trou noir|Camino a cualquier agujero negro|Ścieżka do dowolnej Czarnej Dziury
inc_all_attributes_f|to All Attributes||para Todos os Atributos |ко всем атрибутам |全属性 |全ステータス|모든 능력치|zu allen Attributen|pour tous les attributs |a todos los atributos|do Wszystkich Atrybutów 
