[quest]|en|fi|pt|ru|zh|ja|ko|de|fr|sp|pl
|||||||||||
[TUTORIAL]|||||||||||
quest_name_1|Skills and Stats||Habilidades e Atributos| Навыки и статистика|技能和屬性|スキルとステータス|스킬과 능력치||
quest_description_1|Access the Stat & Skills by pressing [c_coin][input_talents][c_reset] and assign a Skill Point and Attribute Points. Afterwards close the menu and from your skill bar on the bottom left press a skill slot to assign a skill.||Atribua um ponto de habilidade, pontos de atributo e vincule uma habilidade ativa.|Получите доступ к характеристикам и навыкам, нажав [c_coin][input_talents][c_reset], и распределите очко навыков и очки характеристик. После этого закройте меню и на панели навыков в левом нижнем углу нажмите на ячейку навыка, чтобы назначить навык.|按下 [c_coin][input_talents][c_reset] 開啟屬性與技能選單，並分配技能點數與屬性點數。隨後關閉選單，點擊左下角技能欄中的技能槽位來設定技能。|スキルポイント、ステータスポイントを割り振り、アクティブスキルを割り当てる。|스킬 포인트와 능력치 포인트를 할당하고, 활성화 스킬을 단축키에 등록하세요|Öffne die Statuswerte und Fertigkeiten, indem du [c_coin][input_talents][c_reset] drückst und einen Fertigkeitspunkt sowie Attributpunkte zuweist. Schließe anschließend das Menü und drücke in deiner Fertigkeitenleiste unten links auf einen Fertigkeitsplatz, um eine Fertigkeit zuzuweisen.|Accédez aux Statistiques et Compétences en appuyant sur [c_coin][input_talents][c_reset] et attribuez un point de compétence et des points d'attribut. Fermez ensuite le menu et, depuis votre barre de compétences en bas à gauche, appuyez sur un emplacement de compétence pour en attribuer une.|Accede a las estadísticas y habilidades pulsando [c_coin][input_talents][c_reset] y asigna un punto de habilidad y puntos de atributo. Después, cierra el menú y, desde la barra de habilidades en la esquina inferior izquierda, pulsa una ranura de habilidad para asignar una habilidad.|Uzyskaj dostęp do Statystyk i Umiejętności naciskając [c_coin][input_talents][c_reset], przypisz Punkt Umiejętności i Punkty Atrybutów. Następnie zamknij menu i z paska umiejętności na dole po lewej naciśnij slot umiejętności, aby ją przypisać.
quest_description_1_2|Access the Stat & Skills by pressing [c_coin][input_talents][c_reset] and assign a Skill Point and Attribute Points. Afterwards close the menu press “[input_incarnation_zoom]” to assign a skill.||||按下 [c_coin][input_talents][c_reset] 鍵即可進入屬性和技能介面，並分配技能點數和屬性點。之後關閉選單，按下“[input_incarnation_zoom]”鍵即可分配技能。|||Öffne die Statuswerte und Fertigkeiten, indem du [c_coin][input_talents][c_reset] drückst und einen Fertigkeitspunkt sowie Attributpunkte zuweist. Schließe anschließend das Menü und drücke „[input_incarnation_zoom]“, um eine Fertigkeit zuzuweisen.|Accédez aux Statistiques et Compétences en appuyant sur [c_coin][input_talents][c_reset] et attribuez un point de compétence et des points d'attribut. Fermez ensuite le menu et appuyez sur « [input_incarnation_zoom] » pour attribuer une compétence.|Accede a las estadísticas y habilidades pulsando [c_coin][input_talents][c_reset] y asigna un punto de habilidad y puntos de atributo. Después, cierra el menú y pulsa [input_incarnation_zoom] para asignar una habilidad.|Uzyskaj dostęp do Statystyk i Umiejętności naciskając [c_coin][input_talents][c_reset], przypisz Punkt Umiejętności i Punkty Atrybutów. Następnie zamknij menu i naciśnij „[input_incarnation_zoom]”, aby przypisać umiejętność.
quest_description_1_3|Access the Stat & Skills by tapping the [c_coin]Stat Screen[c_reset] icon in the UI and assign a Skill Point and Attribute Points. Afterwards close the menu and assign your skill on one of the action buttons on the right side of the screen.|||Получите доступ к экрану характеристик и навыков, нажав на значок [c_coin]Экран характеристик[c_reset] в интерфейсе, и распределите очко навыка и очки характеристик. После этого закройте меню и назначьте свой навык на одну из кнопок действия в правой части экрана.|點擊介面中的[c_coin]屬性畫面[c_reset]圖示開啟屬性與技能頁面，並分配技能點數與屬性點數。隨後關閉選單，將技能配置到螢幕右側的任一快捷鍵上。||UI의 [c_coin]스텟 화면[c_reset] 아이콘을 누르고 능력치 & 스킬 창을 열어 스킬 포인트와 스탯 포인트를 분배하세요. 그 후 메뉴를 닫고 화면 우측에 있는 액션 버튼 중 하나에 스킬을 지정하세요.|||Accede a Estadísticas y Habilidades tocando el ícono [c_coin]Pantalla de Estadísticas[c_reset] en la interfaz y asigna un Punto de Habilidad y Puntos de Atributo. Después, cierra el menú y asigna tu habilidad a uno de los botones de acción del lado derecho de la pantalla.|
quest_objective_1_1|Open Stat & Skill tree||Abrir Atributos & Árvore de Habilidades| Открыть дерево характеристик и навыков|開啟狀態欄和技能樹|ステータス＆スキルツリーを開く|능력치 및 스킬 트리를 여세요||
quest_objective_1_2|Assign an Attribute Point||Atribua um Ponto de Atributo| Назначить атрибутивную точку|分配屬性點|ステータスポイントを割り振る|능력치 포인트를 할당하세요||
quest_objective_1_3|Assign a Skill Point||Atribua um Ponto de Habilidade| Назначить очко навыка|分配技能點數|スキルポイントを割り振る|스킬 포인트를 할당하세요||
quest_objective_1_4|Bind a Skill into a Skill Button||Vincule uma Habilidade a um Botão de Habilidade| Привязать навык к кнопке навыка|將技能綁定到技能按鈕|スキルをスキルボタンに割り当てる|스킬을 스킬 단축키에 등록하세요||
quest_name_2|Keys and Chests||Chaves e Baús| Ключи и сундуки|鑰匙和箱子|鍵と宝箱|열쇠 그리고 상자||
quest_description_2|Pick up the key using, open your Inventory by pressing [c_coin][input_inventory][c_reset] and navigate to your key ring. Then proceed towards north to open the Golden Chest by the well.||"Pegue a chave, abra o Inventário pressionando ""C"" e navegue até o chaveiro. Em seguida, siga em direção ao norte para abrir o Baú Dourado ao lado do poço."|Подберите ключ, откройте инвентарь, нажав [c_coin][input_inventory][c_reset], и перейдите к вашей связке ключей. Затем направляйтесь на север, чтобы открыть Золотой сундук у колодца.|拾取鑰匙，按下 [c_coin][input_inventory][c_reset] 開啟背包並切換至鑰匙圈頁面。接著往北走，開啟井邊的黃金寶箱。|"鍵を拾い、""C""キーを押してインベントリを開き、キーリングに移動します。次に北へ進み、井戸のそばにある黄金の宝箱を開けましょう。"|"열쇠를 주운 후, ""C"" 키를 눌러 인벤토리를 열고 하단의 열쇠 고리 탭으로 이동하세요. 그런 다음 북쪽 우물 옆에 있는 황금 상자를 여세요."|Nimm den Schlüssel, öffne dein Inventar mit [c_coin][input_inventory][c_reset] und navigiere zu deinem Schlüsselbund. Gehe dann nach Norden, um die goldene Truhe am Brunnen zu öffnen.|Ramasse la clé, ouvre ton inventaire en appuyant sur [c_coin][input_inventory][c_reset] et accède à ton trousseau de clés. Ensuite, dirige-toi vers le nord pour ouvrir le coffre doré près du puits.|Recoge la llave, abre tu inventario pulsando [c_coin][input_inventory][c_reset] y ve a tu llavero. Luego, dirígete al norte para abrir el cofre dorado junto al pozo.|Podnieś klucz, otwórz ekwipunek naciskając [c_coin][input_inventory][c_reset] i przejdź do pierścienia kluczy. Następnie udaj się na północ, aby otworzyć Złotą Skrzynię przy studni.
quest_description_2_2|Pick up the key using [c_coin][input_use][c_reset], then open your Inventory [nl]by pressing [c_coin][input_inventory][c_reset] and navigate to your key ring [nl]with [c_coin][input_left_trigger][c_reset] or [c_coin][input_right_trigger][c_reset].[nl]Close the inventory by pressing [c_coin][input_incarnation_remove][c_reset], then proceed towards north to open the Golden Chest by the well.|||Подберите ключ, откройте инвентарь, нажав [c_coin][input_inventory][c_reset], и перейдите к связке ключей, нажав «[c_coin][input_left_trigger][c_reset]» или «[input_right_trigger]». Затем направляйтесь на север, чтобы открыть Золотой сундук у колодца.|使用 [c_coin][input_use][c_reset] 拾取鑰匙，接著按下 [c_coin][input_inventory][c_reset] 開啟背包，[nl]並使用 [c_coin][input_left_trigger][c_reset] 或 [c_coin][input_right_trigger][c_reset] 切換至鑰匙圈頁面。[nl]按下 [c_coin][input_incarnation_remove][c_reset] 關閉背包，然後往北走開啟井邊的黃金寶箱。||열쇠를 획득하고, [c_coin][input_inventory][c_reset] 키를 눌러 인벤토리를 연 뒤 “[c_coin][input_left_trigger][c_reset]” 또는 “[input_right_trigger]” 키를 눌러 열쇠고리 메뉴로 이동하세요. 그다음 북쪽으로 이동하여 우물 옆에 있는 황금 상자를 여세요.|Nimm den Schlüssel, öffne dein Inventar mit [c_coin][input_inventory][c_reset] und navigiere zu deinem Schlüsselbund mit „[c_coin][input_left_trigger][c_reset]“ oder „[input_right_trigger]“. Gehe dann nach Norden, um die goldene Truhe am Brunnen zu öffnen.|Ramasse la clé, ouvre ton inventaire en appuyant sur [c_coin][input_inventory][c_reset] et accède à ton trousseau de clés en appuyant sur « [c_coin][input_left_trigger][c_reset] » ou « [input_right_trigger] ». Ensuite, dirige-toi vers le nord pour ouvrir le coffre doré près du puits.|Recoge la llave, abre tu inventario pulsando [c_coin][input_inventory][c_reset] y ve a tu llavero pulsando “[input_left_trigger]” o “[input_right_trigger]”. Luego, dirígete al norte para abrir el cofre dorado junto al pozo.|Podnieś klucz, otwórz ekwipunek naciskając [c_coin][input_inventory][c_reset] i przejdź do pierścienia kluczy naciskając „[c_coin][input_left_trigger][c_reset]” lub „[input_right_trigger]”. Następnie udaj się na północ, aby otworzyć Złotą Skrzynię przy studni.
quest_description_2_3|Pick up the key, open your Inventory by tapping the [c_coin]Inventory[c_reset] icon in the UI and tap the key ring. Then proceed towards north to open the Golden Chest by the well.|||Подберите ключ, откройте инвентарь, нажав значок [c_coin]Инвентарь[c_reset] в интерфейсе, и нажмите на связку ключей. Затем направляйтесь на север, чтобы открыть Золотой сундучок у колодца.|拾取鑰匙，點擊介面中的[c_coin]背包[c_reset]圖示開啟你的物品欄，並點擊鑰匙圈。隨後往北移動，開啟井邊的黃金寶箱。||열쇠를 획득하고, UI의 [c_coin]인벤토리[c_reset] 아이콘을 눌러 인벤토리를 연 뒤 열쇠고리를 누르세요. 그다음 북쪽으로 이동하여 우물 옆에 있는 황금 상자를 여세요. |||Recoge la llave, abre tu Inventario tocando el ícono [c_coin]Inventario[c_reset] en la interfaz y toca el llavero. Luego dirígete al norte para abrir el Cofre Dorado junto al pozo.|
quest_objective_2_1|Pick up the Key||Pegue a chave| Подними ключ|拿起鑰匙|鍵を拾う|열쇠를 주우세요||
quest_objective_2_2|Open Key Ring in the Inventory||Abra o chaveiro no inventário| Открыть связку ключей в инвентаре|在背包中打開鑰匙欄位|インベントリでキーリングを開く|인벤토리에서 열쇠 고리창을 여세요||
quest_objective_2_3|Open Chest by the well in north||Baú aberto ao lado do poço no norte| Открытый сундук у колодца на севере|打開北邊井旁的箱子|北の井戸そばの宝箱を開ける|북쪽 우물 옆에 있는 상자를 여세요||
quest_name_4|Bunny Hopping||Pulos de Coelho| Прыжки кролика|跳躍|バニーホッピング|버니 합||
quest_description_4|Land on these indicators! Its easy! Just press ”Space” and your character will land on your cursors location!||"Pouse nesses indicadores! É fácil! Basta pressionar ""Espaço"" e seu personagem aterrissará no local do cursor!"| Приземлитесь на эти указатели! Это просто! Просто нажмите «Пробел», и ваш персонаж приземлится на место, где находится ваш курсор!|這很容易! 只需按下“空格”, 你的角色就會落在你的鼠標位置!|これらのマーカーに着地しよう！簡単だよ！「スペース」キーを押すだけで、キャラクターがカーソルの位置に着地する！|표시된 지점에 착지하세요! 아주 쉬워요! 스페이스바를 누르면 캐릭터가 커서 위치로 점프해 착지합니다!||
quest_description_4_2|Land on these indicators! Its easy! Just press [c_coin][input_jump][c_reset] in order to jump towards the direction you are facing!||Aterre nesses indicadores! É fácil! Basta pressionar [c_coin][input_jump][c_reset] para pular na direção em que você está olhando!|Приземлитесь на эти индикаторы! Это легко! Просто нажмите [c_coin][input_jump][c_reset], чтобы прыгнуть в направлении, в котором вы смотрите!|落在這些指示器上！很簡單！只需按下 [c_coin][input_jump][c_reset] 即可向你面向的方向跳躍！|これらのインジケーターに着地しましょう！簡単です！[c_coin][input_jump][c_reset]を押すだけで、向いている方向にジャンプします！|이 표시 위에 착지하세요! 아주 쉽습니다! [c_coin][input_jump][c_reset]을 눌러 바라보는 방향으로 점프하세요!|Lande auf diesen Markierungen! Ganz einfach! Drücke einfach [c_coin][input_jump][c_reset], um in die Richtung zu springen, in die du schaust!|Atterrissez sur ces indicateurs ! C'est facile ! Appuyez simplement sur [c_coin][input_jump][c_reset] pour sauter dans la direction où vous regardez !|¡Aterriza en estos indicadores! ¡Es fácil! Solo presiona [c_coin][input_jump][c_reset] para saltar en la dirección en la que estás mirando.|Wyląduj na tych wskaźnikach! To łatwe! Po prostu naciśnij [c_coin][input_jump][c_reset], aby skoczyć w kierunku, w którym patrzysz!
quest_description_4_3|Land on these indicators! Its easy! Just tap the [c_coin][input_jump][c_reset] button in order to jump towards the direction you are facing!|||Приземляйтесь на эти указатели! Это легко! Просто нажмите кнопку [c_coin][input_jump][c_reset], чтобы прыгнуть в направлении, куда вы смотрите!|踩上這些指示標記！這很簡單！只需點擊[c_coin][input_jump][c_reset]按鈕，即可朝你面向的方向跳躍！||이 표시 위로 착지하세요! 정말 쉽습니다! 바라보고 있는 방향으로 점프하려면 [c_coin][input_jump][c_reset] 버튼을 누르기만 하면 됩니다!|||¡Aterriza sobre estos indicadores! ¡Es fácil! ¡Solo toca el botón [c_coin][input_jump][c_reset] para saltar en la dirección hacia la que estás mirando!|
quest_objective_4_1|Jumps performed||Saltos realizados| Прыжки выполнены|進行跳躍|ジャンプ回数|점프 수행 횟수||
quest_name_5|Rotten and moldy firewood||Lenha podre e mofada| Гнилые и заплесневелые дрова|腐爛發霉的柴火|腐ったカビだらけの薪|썩어 곰팡이가 핀 장작||
quest_description_5|Make firewood out of that beast! The corrupted ent is located north east.||Faça lenha dessa fera! O ent corrompido está localizado a nordeste.| Из этого зверя дрова наделай! Оскверненный энт находится на северо-востоке.|把那頭野獸當作柴火！那頭腐爛的野獸位於東北方|あの獣から薪を作ろう！汚染されたエントは北東にいる。|저 괴물을 장작으로 만들어버리세요! 타락한 엔트는 북동쪽에 있습니다.||
quest_objective_5_1|Scorchwood Slain||Madeira Chamuscada morto| Скорчвуд убит|殺死焚木|スコーチウッド討伐数|스코치우드 처치||
quest_name_6|Adventurer´s Journal||Diário do Aventureiro|Журнал искателя приключений|冒險者日誌|冒険者の日誌|모험가의 일지|Abenteurertagebuch|Journal de l'aventurier|Diario del Aventurero|Dziennik Przygodnika
quest_description_6|Access the journal by pressing [c_coin][input_pause_menu][c_reset] and open the journal. In the journal you can find explanations for different mechanics, crafting recipes, prospecting recipes, runeword combinations, items and relics!||Acesse o diário pressionando [c_coin][input_pause_menu][c_reset] e abra-o. No diário, você encontrará explicações sobre diferentes mecânicas, receitas de criação, receitas de prospecção, combinações de palavras rúnicas, itens e relíquias!|Открыть журнал можно, нажав [c_coin][input_pause_menu][c_reset]. В журнале вы найдете объяснения различных механик, рецепты крафта, рецепты поиска ресурсов, комбинации рунных слов, предметы и реликвии!|按下 [c_coin][input_pause_menu][c_reset] 即可開啟日誌。日誌中包含各種機制的說明、製作配方、勘探配方、符文之語組合、物品和遺物的相關資訊！|[c_coin][input_pause_menu][c_reset]を押して日誌を開くと、日誌にアクセスできます。日誌には、様々なゲームシステムの説明、クラフトレシピ、採掘レシピ、ルーンワードの組み合わせ、アイテム、遺物などが掲載されています！|[c_coin][input_pause_menu][c_reset] 키를 눌러 일지를 열어보세요. 일지에는 다양한 게임 메커니즘, 제작법, 채집법, 룬워드 조합, 아이템 및 유물에 대한 설명이 담겨 있습니다!|Öffne das Tagebuch, indem du [c_coin][input_pause_menu][c_reset] drückst. Im Tagebuch findest du Erklärungen zu verschiedenen Spielmechaniken, Handwerksrezepten, Prospektionsrezepten, Runenwortkombinationen, Gegenständen und Relikten!|Accédez au journal en appuyant sur [c_coin][input_pause_menu][c_reset] et ouvrez-le. Vous y trouverez des explications sur différentes mécaniques de jeu, des recettes d'artisanat et de prospection, des combinaisons de runes, ainsi que des informations sur les objets et les reliques !|Accede al diario pulsando [c_coin][input_pause_menu][c_reset] y ábrelo. En él encontrarás explicaciones de diferentes mecánicas, recetas de crafteo, recetas de prospección, combinaciones de runas, objetos y reliquias.|Uzyskaj dostęp do dziennika naciskając [c_coin][input_pause_menu][c_reset] i otwórz dziennik. W dzienniku znajdziesz wyjaśnienia różnych mechanik, przepisów rzemieślniczych, przepisów na poszukiwanie, kombinacji runewordów, przedmiotów i reliktów!
quest_description_6_3|Access the journal by tapping the [c_coin]Pause[c_reset] icon in the UI and tap the book icon to open your journal. In the journal you can find explanations for different mechanics, crafting recipes, prospecting recipes, runeword combinations, items and relics!|||Получите доступ к журналу, нажав значок [c_coin]Пауза[c_reset] в интерфейсе и нажав значок книги, чтобы открыть журнал. В журнале вы можете найти объяснения различных механик, рецептов крафта, рецептов поиска полезных ископаемых, комбинаций рунных слов, предметов и реликвий!|通过点击用户界面中的[c_coin]暂停[c_reset]图标进入日志，然后点击书本图标即可打开你的日志。在日志中，你可以找到不同机制、制作配方、勘探配方、符文词缀组合、物品和遗迹的说明！||UI의 [c_coin]일시정지[c_reset] 아이콘을 누른 뒤 책 아이콘을 터치하여 일지를 열어보세요. 일지에서는 다양한 시스템 설명, 제작 레시피, 채광/채굴 레시피, 룬어 조합법, 아이템 및 유물에 대한 정보를 확인할 수 있습니다!|||Accede al diario tocando el ícono [c_coin]Pausa[c_reset] en la interfaz y luego toca el ícono del libro para abrirlo. En el diario encontrarás explicaciones sobre distintas mecánicas, recetas de fabricación, recetas de prospección, combinaciones de palabras rúnicas, objetos y reliquias.|
quest_objective_6_1|Open the journal||Abrir o diário |Открыть журнал |打開日誌 |日誌を開く |일지 열기 |Öffne das Tagebuch|Ouvrir le journal |Abre el diario |Otwórz dziennik
quest_name_18|Learn to mine|Louhitaan|Aprenda a minerar| Научитесь добывать|學習挖礦|鉱山を学ぶ|채광 배우기|Lerne meine|On rentre du boulot
quest_description_18|Mine copper ore on normal difficulty.|Louhi kuparimalmia normaalilla vaikeusasteella.|Minere minério de cobre na dificuldade normal.| Добывайте медную руду на обычном уровне сложности.|在普通難度開採銅礦。|銅鉱石を通常の難易度で鉱山します。|정상적인 난이도에서 구리 광석 채광.|Minen Sie Kupfererz auf normalem Schwierigkeitsgrad.|Extraire du minerai de cuivre en difficulté normale.
quest_objective_18_1|Copper Ore|Kuparimalmia|Minério de Cobre| Медная руда|銅礦|銅鉱石|구리 광석|Kupfererz|Minerai de cuivre
quest_name_19|Chaos Tower|Kaaositorni|Torre do Caos| Башня Хаоса|混沌塔|カオスタワー|카오스 타워|Chaosturm|A l'assaut de la Tour du chaos
quest_description_19|Solve the mystery of the Chaos Tower.|Ratkaise kaaostornin mysteeri.|Resolva o mistério da Torre do Caos.| Разгадайте тайну Башни Хаоса.|解決混沌塔的奧秘。|カオスタワーの謎を解き明かそう。|카오스 타워의 수수께끼를 풀어보세요.|Löse das Geheimnis des Chaosturms.|Résolvez le mystère de la Tour du chaos.
quest_objective_19_1|Towers cleared|Tornia läpäisty|Torres limpas| Башни очищены|完成混沌塔|タワーがクリアされました|타워 클리어|Türme geräumt|Tours nettoyées
quest_objective_19_2|King Rakhul slain|Kuningas Rakhul tapettu|Rei Rakhul morto | Король Рахул убит|消滅	拉胡爾國王|ラクフル王が殺害される |라쿨 왕 처치 |König Rakhul getötet |Roi Rakhul tué 
quest_objective_19_3|Find Kukkonen|Löydä Kukkonen|Encontre Kukkonen| Найти Кукконена|尋找庫科寧|クッコネンを探す|쿠코넨 찾기|Finde Kukkonen|Trouver Kukkonen
quest_name_20|Learn Jewelcrafting||Aprenda Joalheria| Изучите ювелирное дело|學習珠寶製作|ジュエルクラフティングを習得する|보석세공 배우기||Apprendre la joaillerie
quest_description_20|Prospect copper ore||Inspecione minério de cobre| Разведка медной руды|需要銅礦|銅鉱石を探査する|구리 광석 채광하기||Raffiner du minerai de cuivre
quest_objective_20_1|Copper Ore prospected||Minério de Cobre inspecionado| Разведаны месторождения медной руды|分解銅礦|銅鉱石を探査済み|구리 광석 채광 완료||Minerai de cuivre raffiné
quest_name_21|Fortune told|Ennustettu|Sorte Contada| Судьба сказала|預言|運命の予言|운명이 점쳐졌습니다|Fortune told|La bonne aventure
quest_description_21|Prophet Luna has shown you a glimpse into the future...[nl][c_heroic]([fortune_item_name])[c_reset][nl]Now the question is when?|Profeetta Luna on näyttänyt sinulle silmäyksen tulevaan... Nyt kysymys kuuluu, milloin?|A Profeta Luna lhe mostrou um vislumbre do futuro...[nl][c_heroic]([fortune_item_name])[c_reset][nl]Agora a pergunta é quando?| Пророк Луна показала вам взгляд в будущее...[nl][c_heroic]([fortune_item_name])[c_reset][nl]Теперь вопрос в том, когда?|先知露娜向你展示了未來的一瞥... [nl] [c_heroic]（[fortune_item_name]）[c_reset] [nl]現在的問題是未來在什麼時候？|予言者ルナが未来の一端を見せてくれた…[nl][c_heroic]（[fortune_item_name]）[c_reset][nl]さあ、問題はいつだ？|예언자 루나가 당신에게 미래의 한 장면을 보여주었습니다... [nl][c_heroic]([fortune_item_name])[c_reset][nl]이제 남은 질문은 '언제인가?'입니다.|Prophet Luna has shown you a glimpse into the future... Now the question is when?|La prophétesse Luna vous a donné un aperçu de l'avenir... La question est maintenant de savoir quand cela va se produire ?
quest_objective_21_1|Fortune fulfilled|Ennustus täytetty|Fortuna realizada| Удача сбылась|預言實現了|運命達成|운명이 실현되었습니다|Fortune fulfilled|Aventure accomplie
quest_objective_21_2|Enemies killed|Enemies killed|Inimigos Mortos| Враги убиты|擊殺敵人|Enemies killed|敵を倒した数|처치한 적 수|Enemies killed|Ennemis tués
quest_objective_21_3|Vanaheim Entered||||進入華納海姆|ヴァナヘイムに突入|바나헤임 입장|||
|||||||||||
[HALLOWEEN EVENT]|||||||||||
quest_name_100|Trick or Treat!|Karkki tai kepponen!|Doçuras ou Travessuras!| Кошелек или жизнь!|不給糖果就搗蛋！|トリック・オア・トリート！|과자를 걸 안 주면 장난칠 거야!|Suesses oder Saures!|Des bonbons ou des sorts !
quest_description_100|You must collect a lot of candy in Act 1. A. Lot.|Kerää karkkia. Paljon. Karkkia.|Você deve coletar muitos doces. Muito.| В первом акте вам нужно собрать много конфет. А. Много.|你得找一大堆糖。[nl]一 大 堆。|あなたはキャンディをたくさん集めなければなりません。たーくーさーん。|Act I 에서 사탕을 많이 모으십시오. 무조건. 많이.|Sammle Suessigkeiten. Viele. Suessigkeiten.|Tu dois collecter beaucoup de bonbons. Vraiment. Beaucoup.
quest_objective_100_1|Candy collected|Karkkia kerätty.|Doces coletados| Конфеты собраны|已收集的糖果。|キャンディーが集められました。|모은 사탕|Suessigkeiten gesammelt.|Bonbons collectés
quest_name_101|Find the Candy Apples!|Etsi karkkiomenat!|Encontre as maçãs de doce!| Найдите карамельные яблоки!|找到蘋果糖！|リンゴのキャンディーを見つけよう！|사과 사탕을 찾아라!|Suche nach kandierten aepfeln!|Trouvez les pommes d'amour !
quest_description_101|Find a Candy Apple in each Act.|Löydä karkkiomena jokaisesta tasosta.|Encontre uma Maçã Doce em cada ATO.| Найдите карамельное яблоко в каждом акте.|在每個章節中找到蘋果糖。|各幕のリンゴキャンディーを見つけましょう。|모든 액트에 숨겨져 있는 사과 사탕을 찾으십시오.|Finde einen kandierten Apfel in jedem Akt.|Trouvez une pomme d'amour dans chaque acte.
quest_objective_101_1|Act I Apple found|Taso I omena löydetty.|Maçã do ATO I encontrada.| Акт I Яблоко найдено|章節I的蘋果糖找到了。|幕 I のリンゴキャンディーが見つかりました。|발견한 Act I 사과.|Akt I: Apfel gefunden.|Acte I - Pomme trouvée
quest_objective_101_2|Act II Apple found|Taso II omena löydetty.|Maçã do ATO II encontrada.| Акт II Яблоко найдено|章節II的蘋果糖找到了。|幕 II のリンゴキャンディーが見つかりました。|발견한 Act II 사과.|Akt II: Apfel gefunden.|Acte II - Pomme trouvée
quest_objective_101_3|Act III Apple found|Taso III omena löydetty.|Maçã do ATO III encontrada.| Акт III Яблоко найдено|章節III的蘋果糖找到了。|幕 III のリンゴキャンディーが見つかりました。|발견한 Act III 사과.|Akt III: Apfel gefunden.|Acte III - Pomme trouvée
quest_objective_101_4|Act IV Apple found|Taso IV omena löydetty.|Maçã do ATO IV encontrada.| Акт IV Яблоко найдено|章節IV的蘋果糖找到了。|幕 IV のリンゴキャンディーが見つかりました。|발견한 Act IV 사과.|Akt IV: Apfel gefunden.|Acte IV - Pomme trouvée
quest_name_102|Trick them all!|Keppostelua!|Engane todos eles!| Обмани их всех!|騙過他們！|奴らを騙せ！|모두 속여주지!|Streiche spielen!|Trompez-les tous !
quest_description_102|Use the Candy Basket to trick enemies.|Käytä karkkikoreja houkutellaksesi vihollisia.|Utilizar a cesta de doces para enganar os inimigos.| Используйте Корзинку с конфетами, чтобы обмануть врагов.|用糖果籃欺騙敵人。|キャンディバスケットを使って敵を騙しましょう。|사탕 바구니로 적들을 속이십시오.|Verwende Suessigkeiten, um Gegner anzulocken.|Utilisez le panier de bonbons pour tromper les ennemis.
quest_objective_102_1|Enemies lured into baskets|Vihollista houkuteltu koreihin.|Inimigos atraídos para cestas| Враги заманены в корзины|上當的敵人。|敵が小箱に誘い込まれました。|유인당한 적|Gegner in Koerbe gelockt.|Ennemis attirés dans les paniers
quest_name_103|Death has the answer|Kuolemalla on vastaus|A morte tem a resposta| У смерти есть ответ.|死亡就是答案|死は答えである|죽음에는 답이 있다|Der Tod hat die Antwort|La réponse est dans la Mort
quest_description_103|Kill Candy Grim Reaper in Act II.|Surmaa Karkkiviikatemies tasossa II.|Mate o Ceifador de Doces no ATO II.| Убейте Кэнди Грим Рипер во втором акте.|殺死在章節II的糖果死神。|幕 II でキャンディ・グリム・リーパーを殺してください。|Act II에서 사탕 사신을 죽이십시오.|Besiegt den kandierten Gevatter Tod in Akt II.|Tuez la Faucheuse de bonbons dans l'Acte II.
quest_objective_103_1|Candy Grim Reaper killed|Karkkiviikatemies surmattu.|Ceifador de Doces morto| Кэнди Грим Рипер убит|殺死糖果死神。|キャンディー・グリム・リーパーが殺されました。|처치한 사탕 사신|Kandierter Gevatter Tod getoetet.|Faucheuse de bonbons tuée
quest_name_104|Kill the Pumpkin King|Surmaa Kurpitsakuningas|Mate o Rei Abóbora| Убить Короля Тыквы|殺死南瓜國王|パンプキン・キングを殺す|호박 왕 죽이기|Toete den Kuerbiskoenig|Tuer le roi des citrouilles
quest_description_104|Kill Damien the Pumpkin King in Act IV.|Surmaa Kurpitsakuningas Damien tasossa IV.|Mate Damien, o Rei Abóbora, no ATO IV.| Убейте Дэмиена, Короля Тыкв, в четвертом акте.|殺死章節IV的南瓜國王達米安|幕 IV でパンプキン・キングのダミアンを殺してください。|액트 IV에서 호박 왕 데미언을 죽이십시오.|Toete Damien den Kuerbiskoenig im Akt IV.|Tuez Damien, le roi des citrouilles, dans l'Acte IV.
quest_objective_104_1|Damien the Pumpkin King killed|Kurpitsakuningas Damien surmattu.|Damien, o Rei Abóbora morto.| Убит Дэмиен, Король Тыкв|已殺死南瓜國王達米安。|パンプキン・キングのダミアンが殺されました。|처치한 호박 왕 데미언|Damien der Kuerbiskoenig getoetet.|Damien, le roi des citrouilles tué
quest_name_110|Lost Skull|Kadonnut kallo|Caveira Perdida| Потерянный Череп|骷髏頭|失われた頭蓋骨|잃어버린 해골|Verlorener Schaedel|Crâne perdu
quest_description_110|Take this snoring skull back to Town of Inoya and hang it somewhere.|Vie kuorsaava kallo Inoyan kylään ja ripusta se jonnekin.|Leve esse crânio roncador de volta para a Cidade de Inoya e pendure-o em algum lugar.| Отвезите этот храпящий череп обратно в город Иноя и повесьте его где-нибудь.|把這個打鼾的頭骨帶回伊諾亞鎮，掛在某個地方。|このいびきを かく頭蓋骨をイ ノヤの町に戻し、 どこかに掛 けてください。|이 코골이 두개골을 이노야 마을로 가져가 어딘가에 매달아라.|Bring diesen Schnarchschaedel zurueck zur Stadt von Inoya und haeng ihn irgendwo auf.|Ramenez ce crâne ronfleur à la ville d'Inoya et accrochez-le quelque part.
quest_objective_110_1|Skull hanged|Kallo ripustettu.|Caveira enforcada| Череп повешенный|骷髏吊死。|頭蓋骨が絞首刑に。|해골 교수형|Schaedel aufgehaengt.|Crâne suspendu
quest_name_111|Hanging Straight|Roiku suorassa|Pendurado Reto| Висит прямо|直吊|まっすぐぶら下げ|똑바로 매달기|Gerade gehaengt|Se tenir bien droit
quest_description_111|Find the skeleton's spine and pelvis from any Ancient Skeleton.|Löydä luurangon selkäranka ja lantio miltä tahansa pomolta.|Encontre a coluna e a pélvis do esqueleto de qualquer chefe.| Найдите позвоночник и таз любого древнего скелета.|從任何古代骷髏中找到骷髏的脊柱和骨盆。|ボスからスケル トンの脊椎と骨 盤を見つけます。|고대 해골에게서 척추와 골반을 찾으십시오.|Finde das Rueckgrat und Becken von jedem Boss.|Trouvez la colonne vertébrale et le bassin du squelette sur n'importe quel boss.
quest_objective_111_1|Spine found|Selkäranka löydetty.|Coluna encontrada.| Найден позвоночник|發現脊椎。|脊椎が見つかりました。|척추 발견|Vollstaendige Wirbelsaeule gefunden.|Colonne vertébrale trouvée
quest_name_112|Main Hand|Oikea käsi|Mão Principal| Основная рука|主手|利き手|메인 손|Die Rechte Hand|Première main
quest_description_112|Collect the skeleton's right hand from any Ancient Skeleton.|Löydä luurangon oikea käsi miltä tahansa pomolta.|Colete a mão direita do esqueleto de qualquer chefe.|Заберите правую руку скелета у любого древнего скелета.|從任何遠古骷髏中收集骷髏的右手。|ボスからスケルト ンの右手を集める。|고대 해골에게서 해골의 오른손을 모으십시오.|Sammle die rechte Hand von jedem Boss.|Récupérez la main droite du squelette sur n'importe quel boss.
quest_objective_112_1|Hand found|Käsi löydetty.|Mão encontrada.| Найден вручную|找到手。|手が見つかりました。|손 발견|Rechte Hand gefunden.|Main trouvée
quest_name_113|Secondary Hand|Vasen käsi|Mão Secundária| Вторичная рука|次要手|セカンダリーハンド|세컨드 손|Die Linke Hand|Seconde main
quest_description_113|Collect the skeleton's left hand from any Ancient Skeleton.|Löydä luurangon vasen käsi miltä tahansa pomolta.|Colete a mão esquerda do esqueleto de qualquer chefe.| Заберите левую руку скелета у любого древнего скелета.|從任何遠古骷髏中收集骷髏的左手。|ボスからスケルト ンの左手を集めてください。|고대 해골에게서 해골의 왼손을 수집하십시오.|Sammle die linke Hand von jedem Boss.|Récupérez la main gauche du squelette sur n'importe quel boss.
quest_objective_113_1|Hand found|Käsi löydetty.|Mão encontrada.| Найден вручную|找到手。|手が見つかりました。|손 발견|Linke Hand gefunden.|Main trouvée
quest_name_114|Footwork|Jalkatyötä|Trabalho de Pés| Футворк|步法|フットワーク|발놀림|Fussarbeit|Jeu de jambes
quest_description_114|Collect the skeleton's right foot from any Ancient Skeleton.|Löydä luurangon oikea jalka miltä tahansa pomolta.|Colete o pé direito do esqueleto de qualquer chefe.| Возьмите правую ногу скелета из любого древнего скелета.|從任何遠古骷髏中收集骷髏的右腳。|ボスからスケルト ンの右足を集めます。|고대 해골에게서 해골의 오른발을 모으십시오.|Sammle den rechten Fuss von jedem Boss.|Récupérez le pied droit du squelette sur n'importe quel boss.
quest_objective_114_1|Leg found|Jalka löydetty.|Perna encontrada.| Нога найдена|找到腿。|足が見つかりました。|다리 발견|Rechten Fuss gefunden.|Pied trouvé
quest_name_115|Happy Feet|Iloiset jalat|Pés Felizes| Счастливые ноги|快樂腳|ハッピーフィート|행복한 발걸음|Glueckliche Fuesse|Se lever du bon pied
quest_description_115|Collect the skeleton's left foot from any Ancient Skeleton.|Löydä luurangon vasen jalka miltä tahansa pomolta.|Colete o pé esquerdo do esqueleto de qualquer chefe.| Возьмите левую ногу скелета из любого древнего скелета.|從任何遠古骷髏中收集骷髏的左腳。|ボスからスケルト ンの左足を集めます。|고대 해골에게서 해골의 왼발을 모으십시오.|Sammle den linken Fuss von jedem Boss.|Récupérez le pied gauche du squelette sur n'importe quel boss.
quest_objective_115_1|Leg found|Jalka löydetty.|Perna encontrada.| Нога найдена|找到腿。|足が見つかりました。|다리 발견|Linken Fuss gefunden.|Pied trouvé
|||||||||||
[Halloween dailies]|||||||||||
quest_name_120|Fill the Pot|Pata täyteen|Encha a Panela| Наполни горшок|加滿鍋|ポットを埋める|냄비를 채우십시오|Fülle den Topf|Un pot bien rempli
quest_description_120|Collect ingredients in Act I.|Kerää aineksia tasossa I.|Colete ingredientes no ATO I.| Соберите ингредиенты в Акте I.|在第一章中收集成分。|幕 Iで成分を収集します。|Act I에서 재료를 수집하십시오.|Sammle Zutaten in Akt I.|Collecter les ingrédients dans l'Acte I.
quest_objective_120_1|Spider legs|Hämähäkin jalat|Pernas de aranha| Паучьи ноги|蜘蛛腿|クモの足|거미 다리|Spinnenbeine|Pattes d'araignée
quest_objective_120_2|Maggot's slime|Tuokan lima|Gosma de larva| Слизь личинки|蛆黏液|ウジのスライム|구더기 점액|Madenschleim|Bave d'asticot
quest_objective_120_3|Pumpkin juice|Kurpitsamehu|Suco de abóbora| Тыквенный сок|南瓜汁|かぼちゃジュース|호박 쥬스|Kürbissaft|Jus de citrouille
quest_objective_120_4|Rat ears|Rotan korvat|Orelhas de rato| Крысиные уши|老鼠耳朵|ラットの耳|쥐 귀|Rattenohren|Oreilles de rat
quest_name_121|Kill Gurag|Surmaa Gurag|Mate Gurag| Убить Гурага|殺死古拉格|グラグを殺す|구라그 처치|Töte Gurag|Tuer Gurag
quest_description_121|Collect Gurag's spirit by using the Soul Box.|Kerää Guragin sielu Sielulaatikon avulla.|Colete o espírito de Gurag usando a Caixa da Alma.| Соберите дух Гурага, используя Ящик Души.|使用靈魂盒子收集古拉格的靈魂。|ソウルボックス を使用して、 グラッグの精神 を収集します。|영혼 상자 유물을 사용하여 구라그의 영혼을 모으십시오.|Sammle Gurags Geist mit der Seelenbox.|Récupérez l'esprit de Gurag en utilisant la boîte à âme.
quest_objective_121_1|Gurag's spirit|Guragin sielu|Espírito de Gurag| Дух Гурага|古拉格的靈魂|グラッグの精神|구라그의 영혼|Gurags Geist|Esprit de Gurag
quest_name_122|Feather party!|Höyhenjuhlat!|Festa de penas!| Перьевая вечеринка!|羽毛派對！|フェザーパーティ！|깃털 파티!|Federparty!|Fête des plumes !
quest_description_122|Find chickens in Act II and collect their feathers.|Löydä kanoja tasosta II ja kerää niiden höyheniä.|Encontre galinhas no ATO II e colete suas penas.| Найдите кур во втором акте и соберите их перья.|在第二章中找到雞並收集羽毛。|幕 IIでニワトリを見つけ、羽を集めます。|Act II에서 닭을 찾아서 깃털을 모으십시오.|Finde Hühner in Akt II und sammle ihre Federn ein.|Trouvez des poulets dans l'Acte II et ramassez leurs plumes.
quest_objective_122_1|Feathers|Höyheniä|Penas| Перья|羽毛|羽毛|깃털|Gefieder|Plumes
quest_name_123|Embarrass Death|Nöyryytä Kuolemaa|Morte Constrangida| Смутить Смерть|尴尬死亡|恥ずかしい死|난처한 죽음|Peinlicher Tod|Embarrasser la Mort
quest_description_123|During the fight throw the chicken mask at the Grim Reaper and kill him.|Tappelun aikana, heitä Kananaamari Viikatemiestä päin ja surmaa hänet.|Durante a luta, jogue a máscara de galinha no Ceifador e mate-o.| Во время боя бросьте куриную маску в Мрачного Жнеца и убейте его.|在戰鬥中將雞面具丟向死神,並殺死他。|戦いの最中に、 死神にチキ ンマスクを 投げて殺し てください。|전투 중에 사신에게 치킨 마스크를 던져 죽입니다.|Während des Kampfes wirf die Hühnermaske auf Sensenmann und töte ihn.|Pendant le combat, lancez le masque de poulet sur la Faucheuse et tuez-la.
quest_objective_123_1|Death embarrassed|Kuolema nöyryytetty|Morte envergonhada| Смерть смущенная|死亡尴尬|死神は恥ずかしい|부끄러운 죽음|Der Tod ist verlegen|Mort embarrassée
quest_name_124|Gathering ingredients|Kerää aineksia|Recolhendo ingredientes| Сбор ингредиентов|收集成分|材料を集める|재료 수집|Zutaten sammeln|Collecte d'ingrédients
quest_description_124|Collect the following ingredients in Act III.|Kerää seuraavat ainekset tasosta III.|Colete os seguintes ingredientes no ATO III.| Соберите следующие ингредиенты в третьем акте.|在第三章中收集以下成分。|幕 IIIで次の成分を収集します。|Act III에서 다음 재료를 수집하십시오.|Sammeln Sie die folgenden Zutaten in Akt III.|Récupérez les ingrédients suivants dans l'Acte III.
quest_objective_124_1|Ghost skulls|Haamukallot|Caveiras fantasmas| Призрачные черепа|幽靈顱骨|ゴーストスカル|유령 두개골|Geisterschädel|Crânes de fantômes
quest_objective_124_2|Dust feeder teeth|Tomunsyöjän hampaat|Dentes do alimentador de poeira| Зубья пылеуловителя|廢品動物牙齒|ダストフィーダー歯|먼지 피더 이빨|Staubzufuhrzähne|Dents de cracheur de poussière
quest_objective_124_3|Mummy bandages|Muumion siteet|Curativos de múmia| Мумия бинты|木乃伊繃帶|ミイラ包帯|미라 붕대|Mumienbinden|Bandages de momie
quest_objective_124_4|Spellbook|Loitsukirja|Livro de feitiços| Книга заклинаний|法術書|魔法書|마법서|Zauberbuch|Livre de sorts
quest_name_125|Anubis' Own Medicine|Anubiksen omaa lääkettä|Remédio Próprio de Anubis| Собственное лекарство Анубиса|阿努比斯自己的藥|アヌビス自身の薬|아누비스의 약|Anubis 'eigene Medizin|Remède personnel d'Anubis
quest_description_125|Curse Anubis with the Cursed Book.|Viimeistele Anubis Kirotulla Kirjalla.|Finalize Anubis com o Livro Amaldiçoado.| Прокляните Анубиса с помощью Проклятой книги.|用 《被詛咒的書》 詛咒阿努比斯。|呪われた本でア ヌビスを締めく くってください。|저주받은 책으로 아누비스를 마무리하십시오.|Beende Anubis mit dem verfluchten Buch.|Achevez Anubis avec le Livre maudit.
quest_objective_125_1|Anubis cursed|Anubis surmattu|Anúbis morto| Анубис проклял|詛咒阿努比斯|アヌビス殺害|아누비스|Anubis getötet|Anubis tué
quest_name_126|Suck it!|Imuroi!|Chupe!| Отсоси!|吸！|吸いなさい！|빨아들여!|Saugen Sie es!|Aspirez ça !
quest_description_126|Suck in 30 Damien's heads using the head extractor.|Imuroi 30 Damienin päätä Päänkeräimellä.|Chupe 30 cabeças de Damien usando o extrator de cabeça.| Высосите 30 голов Дэмиена с помощью экстрактора голов.|使用頭部吸取器吸入30個達米安的頭。|ヘッドエク ストラクタ を使用して 30 のダミアン ヘッドを吸 い込みます。|헤드 추출기를 사용하여 30 개의 데미언 헤드를 빨아들입니다.|Saugen Sie 30 Damien-Köpfe mit dem Kopfextraktor ein.|Aspirez 30 têtes de Damien à l'aide de l'extracteur de têtes.
quest_objective_126_1|Heads extracted|Päätä kerätty|Cabeças extraídas| Головы извлечены|吸頭|抽出された頭|추출 된 헤드|Köpfe extrahiert|Têtes extraites
|||||||||||
[XMAS EVENT]|||||||||||
quest_name_200|Sweet annihilation|Ihana tuho|Aniquilação Adocicada| Сладкое уничтожение|甜蜜毀滅|甘美な消滅|달콤한 전멸|Suesse Vernichtung|Anéantissement des sucreries
quest_description_200|Collect candy canes in Act I.|Kerää karkkitankoja tasossa I.|Colete bengalas doces no ATO I.| Собирайте леденцы в первом акте.|在章節I收集拐杖糖。|幕 I のケーンのキャンデーを集めてください。|Act I에서 사탕 지팡이을 모으십시오.|Sammle Zuckerstangen in Akt I.|Collectez des sucres d'orge dans l'acte I.
quest_objective_200_1|Candy canes collected|Karkkitankoa kerätty.|Bengalas Doces coletadas| Собранные леденцы|已收集拐杖糖。|ケーンのキャンディーが集められました。|모은 사탕 지팡이|Zuckerstangen gesammelt.|Sucres d'orge collectées
quest_name_201|My Grandma made those!|Ne ovat mummoni tekemät!|Minha avó fez isso!| Их приготовила моя бабушка!|這些是我奶奶做的！|私のおばあちゃんが作った！|우리 할머니가 만들어 준 거라구!|Meine Oma hat die gemacht!|C'est ma grand-mère qui les a faits !
quest_description_201|Retrieve the Christmas stockings from Gurag in Act I.|Hae joulusukat Guragilta tasossa I.|Recupere as meias de Natal de Gurag no ATO I.| Заберите рождественские чулки у Гурага в первом акте.|從章節I的古拉格收集聖誕襪。|幕 I のグラゴからのクリスマス・ストッキングを取り戻してください。|Act I에서 구라그에게 빼앗긴 크리스마스 양말을 되찾아오십시오.|Hole die Weihnachtsstruempfe von Gurag im ersten Akt.|Récupérez les chaussettes de Noël de Gurag à l'acte I.
quest_objective_201_1|Christmas stockings retrieved|Joulusukat haettu.|Meias de Natal recuperadas| Рождественские чулки извлечены|已收集的聖誕襪。|クリスマス・ストッキングが取り戻されました。|되찾은 크리스마스 양말|Weihnachtsstruempfe gefunden.|Chaussettes de Noël récupérés
quest_name_202|Building a Snowman|Lumiukkoa rakentamassa|Construindo um boneco de neve| Слепить снеговика|造雪人|雪だるまを作る|눈사람 만들기|Schneemann bauen|Fabriquer un bonhomme de neige
quest_description_202|Collect snowballs by killing enemies in Act II.|Kerää lumipalloja surmaamalla vihollisia tasossa II.|Colete bolas de neve matando inimigos no ATO II.| Собирайте снежки, убивая врагов во втором акте.|透過殺死章節II的敵人收​​集雪球。|幕 II で敵を殺すことによってスノーボールを集めてください。|Act II에서 적을 죽여 눈덩이를 모으십시오.|Sammle Schneebaelle durch Toeten von Gegnern in Akt II.|Récupérez des boules de neige en tuant des ennemis dans l'Acte II.
quest_objective_202_1|Snowballs collected|Lumipalloa kerätty.|Bolas de neve coletadas| Снежки собраны|已收集雪球。|スノーボールが集められました。|모은 눈덩이|Schneebaelle gesammelt.|Boules de neige collectées
quest_name_203|Find my head!|Etsi pääni!|Encontre minha cabeça!| Найди мою голову!|找到我的頭！|私の頭を見つけ！|내 머리를 찾아줘!|Finde meinen Kopf!|Trouvez ma tête !
quest_description_203|Retrieve Snowman's head from Grim Reaper in Act II.|Hae lumiukon pää Viikatemieheltä tasossa II.|Recupere a cabeça de Boneco de Neve do Ceifador no ATO II.| Заберите голову Снеговика у Мрачного Жнеца во втором акте.|從章節II的死神收集雪人的頭。|幕 II のグリム・リーパーから雪だるまの頭を取り戻してください。|Act II에서 사신에게 빼앗긴 눈사람 머리를 되찾아오십시오.|Hole im zweiten Akt den Kopf des Schneemanns vom Sensenmann.|Récupérez la tête du Bonhomme de neige auprès du Faucheur sinistre dans l'Acte II.
quest_objective_203_1|Snowman's head retrieved|Lumiukon pää haettu.|Cabeça do boneco de neve recuperada| Голова снеговика найдена.|已收集雪人的頭。|雪だるまの頭が取り戻されました。|되찾은 눈사람 머리|Schneemanns Kopf gefunden.|Tête du bonhomme de neige récupérée
quest_name_204|Snowball fight!|Lumisota!|Luta na neve!| Игра в снежки!|打雪仗！|雪合戦！|눈 싸움!|Schneeballschlacht!|Combat de boules de neige !
quest_description_204|Use the Snowball relic to cover enemies in snow!|Käytä lumipalloaarretta peittääksesi harvinaisia vihollisia lumeen!|Utilizar a relíquia da bola de neve para cobrir os inimigos com neve!| Используйте реликвию «Снежный ком», чтобы покрыть врагов снегом!|用雪球遺物將敵人埋起來！|スノーボールの遺物を使って珍しい敵を雪の中に埋めましょう！|눈덩이 유물을 사용하여 희귀 몬스터를 눈으로 덮어버리십시오!|Verwende Schneebaelle, um seltene Gegner im Schnee zu entdecken!|Utilisez la relique Boule de neige pour recouvrir les ennemis de neige !
quest_objective_204_1|Enemies hit|Vihollista osuttu.|Inimigos atingidos| Враги поражены|已擊中敵人。|レアな敵がヒットされました。|눈덩이에 맞은 희귀 몬스터|Seltenen Gegner gefunden.|Ennemis touchés
quest_name_205|It's so dark|On niin pimeää|Está tão escuro| Так темно|太暗了|とても暗い|너무 어두워|Es ist so dunkel|Il fait si sombre
quest_description_205|Collect Christmas lights in Act III.|Kerää jouluvaloja tasossa III.|Colete luzes de Natal no ATO III.| Соберите рождественские огни в третьем акте.|在章節III收集聖誕燈。|幕 III でクリスマス・ライトを集めましょう。|Act III에서 크리스마스 전구를 모으십시오.|Sammle Weihnachtsbeleuchtung in Akt III.|Collectez les guirlandes de Noël dans l'acte III.
quest_objective_205_1|Christmas lights collected|Jouluvaloja kerätty.|Luzes de Natal recolhidas| Рождественские огни собраны|已收集聖誕燈。|クリスマス・ライトが集められました。|모은 크리스마스 전구|Weihnachtsbeleuchtung gesammelt.|Guirlandes de Noël collectées
quest_name_206|This town is missing something...|Tästä kylästä puuttuu jotain...|Esta cidade está faltando alguma coisa...| Этому городу чего-то не хватает...|這個小鎮缺了什麼東西…|この町は何かが欠けている…|뭔가가 빠졌는데...|Dieser Stadt fehlt etwas ...|Il manque quelque chose à cette ville...
quest_description_206|Retrieve the Christmas Tree from Anubis in Act III.|Hae joulukuusi Anubikselta tasossa III.|Recupere a árvore de Natal de Anúbis no ATO III.| Заберите рождественскую елку у Анубиса в третьем акте.|從章節III的阿努比斯收集聖誕樹。|幕 III のアヌビスからクリスマス・ツリーを取り戻してください。|Act III에서 아누비스에게 빼앗긴 크리스마스 트리를 되찾아오십시오.|Holt den Weihnachtsbaum von Anubis in Akt III.|Récupérez l'arbre de Noël d'Anubis à l'acte III.
quest_objective_206_1|Christmas tree retrieved|Joulukuusi haettu.|Árvore de Natal recuperada| Рождественская елка извлечена|已收集聖誕樹。|クリスマス・ツリーが取り戻されました。|되찾은 크리스마스 트리|Weihnachtsbaum abgeholt.|Arbre de Noël récupéré
quest_name_207|Robin Hood is my idol|Robin Hood on idolini|Robin Hood é meu ídolo| Робин Гуд мой кумир|羅賓漢是我的偶像|ロビンフッドは私のアイドル|로빈 훗은 내 우상|Robin Hood ist mein Idol|Robin des bois est mon idole
quest_description_207|Use Thief's glove to steal Christmas decorations from enemies.|Käytä varkaan käsinettä varastaaksesi joulukoristeita vihollisilta.|Utilizar a luva de ladrão para roubar decorações de Natal dos inimigos.| Используйте перчатку вора, чтобы украсть рождественские украшения у врагов.|使用盜賊手套從敵人那裡偷取聖誕裝飾。|泥棒の手袋を使って敵からクリスマスの装飾品を盗んでください。|도둑의 장갑을 사용해서 적들로부터 크리스마스 장식을 훔치십시오.|Benutze die Diebeshandschuhe, um Weihnachtsschmuck vonGegnern zu stehlen.|Utilisez le gant de voleur pour voler les décorations de Noël de vos ennemis.
quest_objective_207_1|Christmas decoration stolen|Joulukoristeita varastettu.|Decoração de Natal roubada|Украдено рождественское украшение|已偷到聖誕裝飾。|クリスマス装飾が盗まれました。|훔친 크리스마스 장식|Weihnachtsdekoration gestohlen.|Décoration de Noël volée
quest_name_208|Let's bring the Christmas spirit!|Tulkoon joulun henki!|Vamos trazer o espírito de Natal!| Давайте принесем с собой рождественское настроение!|讓我們帶來聖誕之魂吧！|クリスマス・スピリットを持っていこう！|제대로 크리스마스 분위기를 내보자!|Lasst uns den Weihnachtsgeist holen!|Faisons briller l'esprit de Noël !
quest_description_208|Retrieve the Christmas star from Damien in Act IV.|Hae joulutähti Damienilta tasossa IV.|Recupere a estrela de Natal de Damien no ATO IV.| Заберите рождественскую звезду у Дэмиена в четвертом акте.|從章節IV的達米安處取得聖誕星星。|幕 IV のダミアンからクリスマス・スターを取り戻してください。|Act IV에서 데미언에게 빼앗긴 크리스마스 별을 되찾아오십시오.|Holt den Weihnachtsstern von Damien in Akt IV.|Récupérez l'étoile de Noël auprès de Damien à l'acte IV.
quest_objective_208_1|Christmas star retrieved|Joulutähti haettu.|Estrela de Natal recuperada| Рождественская звезда извлечена|已收集聖誕星星。|クリスマス・スターが取り戻されました。|되찾은 크리스마스 별|Weihnachtsstern abgeholt.|Étoile de Noël récupérée
quest_name_209|Santa needs help!||Papai Noel precisa de ajuda!| Санте нужна помощь!|聖誕老人需要幫助|サンタが助けを必要としている！|산타가 도움이 필요해요!||Le Père Noël a besoin d'aide !
quest_description_209|Enter North Pole from Danethorpe and help Santa.||Ajude o Papai Noel no ATO 2 Zona 1| Отправляйтесь на Северный полюс из Дэнторпа и помогите Санте.|從丹尼索普進入北極，幫助聖誕老人|ダネソプから北極に入り、サンタを助けよう。|데인소프에서 북극으로 들어가 산타를 도와주세요.||Aidez le Père Noël dans l'Acte 2 Zone 1
quest_objective_209_1|North Pole reached||Polo Norte alcançado| Северный полюс достигнут|到達北極|北極に到達|북극 도착||Pôle Nord atteint
quest_objective_209_2|Santa saved||Papai Noel salvo| Санта спасён|聖誕老公公得救了|サンタを救出した|산타 구출||Père Noël sauvé
|||||||||||
[ANNIVERSARY EVENT]|||||||||||
quest_name_300|Insert Coin|Aseta kolikko|Insira moeda| Вставьте монету|投幣|コインを入れる|동전을 넣으세요|Muenze einwerfen|Insérer une pièce
quest_description_300|Retrieve an Ancient Coin from Gurag in Act I.|Hae muinainen kolikko Guragilta tasossa I.|Recupere uma moeda antiga de Gurag no ATO I.| Заберите древнюю монету у Гурага в Акте I.|在第一章中從古拉格取回古錢幣。|幕 Iでグラグから古代のコインを回収します。|Act I에서 구라그에게 고대 주화를 회수하십시오.|Holt in Akt I eine uralte Muenze von Gurag.|Récupérer une pièce ancienne à Gurag dans l'acte I.
quest_objective_300_1|Coin retrieved|Kolikko haettu.|Moeda recuperada| Монета извлечена|找回硬幣。|コインを回収。|동전 횟수|Muenze gesammelt.|Pièce récupérée
|||||||||||
[GATES_OF_VALHALLA]|||||||||||
quest_name_399|Memory of Mevius||Memória de Mevius| Память о Мевиусе|關於梅維烏斯的記憶|メビウスの記憶|뫼비우스의 기억||
quest_description_399|Enter the portal to the Memory of Mevius in south east of Inoya||Entre no portal para a Memória de Mevius no sudeste de Inoya| Войдите в портал Памяти Мевиуса на юго-востоке Инои.|進入伊諾亞東南部的梅維烏斯記憶傳送門|イノヤの南東にあるメビウスの記憶のポータルに入る|이노야 남동쪽에 있는 포탈을 통해 뫼비우스의 기억으로 들어가세요.||
quest_objective_399_1|Memory of mevius entered||Memória de Mevius entrou| Память о Мевиусе вошла|進入梅維烏斯的記憶|メビウスの記憶に入った|뫼비우스의 기억에 진입||
quest_name_400|Welcome to Valhalla|Tervetuloa Valhallaan|Bem vindo a Valhalla| Добро пожаловать в Вальхаллу|歡迎來到瓦爾哈拉|ヴァルハラへようこそ|발할라에 오신 것을 환영합니다|Welcome to Valhalla|Bienvenue au Valhalla
quest_description_400|Reach Plain of Ida in Act 8 Zone 2.|Etsi pääsy Idan tasangolle taso 8 alueella 2.|Chegue na Planície de Ida no ATO 8 Zona 2.| Достигните Равнины Иды в Акте 8, Зоне 2.|達8-2的伊達平原.|第8幕 ゾーン2のイダの平原に到達する|Act 8 막 2 구역에서 이다 평원을 도달하세요.|Reach Plain of Ida in Act 8 Zone 2.|Atteignez la Plaine d'Ida dans l'Acte 8 Zone 2.
quest_objective_400_1|Plain of Ida reached|Idan tasanko löydetty.|Planície de Ida alcançada| Достигнута равнина Ида|抵達伊達平原|イダの平原に到達した|이다 평원에 도착|Plain of Ida reached|Plaine d'Ida atteint
quest_name_401|Valkyrie Hunting|Valkyrien metsästys|Caça às Valquírias| Охота на валькирию|狩獵女武神|ヴァルキリー狩り|발키리 헌팅|Valkyrie Hunting|Chasse à la Valkyrie
quest_description_401|Get the key to Valhalla from the Valkyrie.|Get the key to Valhalla from the Valkyrie.|Pegue a chave para Valhalla da Valquíria| Получите ключ от Вальхаллы от Валькирии.|從女武神那裡拿到瓦爾哈拉殿堂的鑰匙.|ヴァルキリーからヴァルハラの鍵を手に入れる|발할라의 열쇠를 발키리에게 받으세요.|Get the key to Valhalla from the Valkyrie.|Obtenez la clé pour Valhalla auprès de la Valkyrie.
quest_objective_401_1|Valkyrie found|Valkyrie löydetty|Valquíria encontrada| Валькирия найдена|發現女武神|ヴァルキリーを発見|발키리 발견|Valkyrie found|Valkyrie trouvée
quest_objective_401_2|Key obtained|Avain saatu|Chave obtida| Ключ получен|獲得密鑰|鍵を入手した|열쇠 획득|Key obtained|Clé obtenue
quest_name_402|Gates of Valhalla|Valhallan portit|Portões de Valhalla| Врата Валгаллы|瓦爾哈拉殿堂之門|ヴァルハラの門|발할라 게이트|Gates of Valhalla|Les portes du Valhalla
quest_description_402|Return to Act 8 Zone 2 and enter Valhalla. |Mene Valhallaan.|Retorne ao ATO 8 Zona 2 e entre em Valhalla.| Вернитесь в Акт 8, Зону 2 и войдите в Вальгаллу.|返回8-2，進入瓦爾哈拉. |第8幕 ゾーン2に戻り、ヴァルハラに入る|발할라에 입장하세요.|Enter Valhalla. |Retournez dans la zone 2 de l'acte 8 et entrez dans le Valhalla. 
quest_objective_402_1|Valhalla entered|Valhalla entered|Entrou em Valhalla| В Вальхаллу вошел|進入瓦爾哈拉|ヴァルハラに入った|발할라 입장|Valhalla entered|Entrer dans le Valhalla
quest_name_403|Access Denied|Pääsy evätty|Acesso Negado| Доступ запрещен|禁止進入|進入禁止|접근 거부|Access Denied|Accès refusé
quest_description_403|Find a way forward through the caves.|Find a way forward through the caves.|Encontre um caminho através das cavernas.| Найдите путь вперед через пещеры.|找到一條穿過洞穴的路.|洞窟を進む方法を見つける|동굴을 통해 진행할 방법을 찾으세요.|Find a way forward through the caves.|Trouvez un moyen d'avancer dans les grottes.
quest_objective_403_1|Cave explored|Luola tutkittu|Caverna explorada.| Пещера исследована|探索洞穴.|洞窟を探索した|동굴 탐험 완료|Cave explored.|Grotte explorée
quest_name_404|Eternal Peace|Ikuinen rauha|Paz Eterna| Вечный Мир|永恆的和平|永遠の平和|영원한 평화|Eternal Peace|Paix éternelle
quest_description_404|Help Astrid find her childs Toy Bear in Act 8 Zone 4.|Help the souls in the camp.|Ajude Astrid a encontrar o Urso de Brinquedo de seu filho no ATO 8 Zona 4.| Помогите Астрид найти игрушечного медведя ее ребенка в акте 8, зоне 4.|在8-4幫助阿斯特麗德找到她孩子的玩具熊.|アストリッドの子供のおもちゃのクマを第8幕 ゾーン4で見つけるのを手伝う|아스트리드가 아이의 곰인형을 찾을 수 있도록 Act 8 지역 4에서 도와주세요.|Help the souls in the camp.|Aidez Astrid à retrouver l'ours en peluche de son enfant dans l'Acte 8 Zone 4.
quest_objective_404_1|Toy found|Lelu löydetty|Brinquedo encontrado| Игрушка найдена|找到玩具.|おもちゃを見つけた|장난감 발견|Toy found.|Jouet trouvé
quest_name_405|Purge|Puhdistus|Expurgo| Удалять|淨化|淨化|정화|Purge|Purge
quest_description_405|Slay the Corrupted Refugees in Act 8 Zone 4.|Slay the corrupted souls.|Mate os Refugiados Corrompidos no ATO 8 Zona 4.|Убейте зараженных беженцев в Акте 8, Зоне 4.|在8-4殺死腐化的難民.|第8幕 ゾーン4で堕落した難民を討伐する|Act 8 지역 4에서 타락한 영혼들을 처치하세요.|Slay the corrupted souls.|Tuez les réfugiés corrompus dans la zone 4 de l'acte 8.
quest_objective_405_1|Corrupted souls slain|Sielut surmattu|Almas Corrompidas eliminadas| Убитые испорченные души|擊殺腐爛靈魂.|堕落した魂を討伐した|영혼 처치|Souls slain.|Âmes corrompues tuées
quest_name_406|River Rapids|River Rapids|Corredeiras| Речные пороги|激流河|急流|급류|River Rapids|Ce matin c'est rafting !
quest_description_406|Travel to Helheim through River Gjöll.|Travel to Helheim through River Gjöll.|Viaje para Helheim pelo rio Gjöll| Отправляйтесь в Хельхейм через реку Гьёлль.|經由傑爾河前往赫爾海姆.|ヨル川を通ってヘルヘイムへ向かう|욜 강을 따라 헬헤임으로 이동하세요.|Travel to Helheim through River Gjöll.|Voyage à Helheim par la rivière Gjöll.
quest_objective_406_1|Gate of Helheim reached.|Helheim saavutettu|Heilheim alcançado| Достигнуты врата Хельхейма.|到達赫爾海姆.|ヘルヘイムの門に到達した|헬헤임 게이트 도착|Helheim reached.|Helheim atteint
quest_name_407|Destiny|Kohtalo|Destino| Судьба|命運|命運|운명이 |Destiny|Destinée
quest_description_407|Slay Corrupted Odin.|Surmaa korruptoitunut Odin.|Eliminte Odin Corrompido| Убейте Оскверненного Одина.|殺死墮落的奧丁.|堕落したオーディンを討伐する|타락한 오딘을 처치하세요.|Slay Corrupted Odin.|Tuer Odin corrompu.
quest_objective_407_1|Odin slain|Odin surmattu|Odin morto| Один убит|擊殺奧丁.|オーディンを討伐した|오딘 처치|Odin slain.|Odin tué
quest_name_408|The Awesome Ring - part 1||O Anel Fantástico – parte 1| Удивительное кольцо - часть 1|令人驚嘆的戒指-第1部分|素晴らしき指輪 - パート1|굉장한 반지 – 1부||L'anneau grandiose - partie 1
quest_description_408|Collect lots of braggite.||Colete bastante braggite| Соберите много браггита.|收集許多布拉格礦|大量のブラギットを集める|브래그라이트를 많이 모으세요||Collectez beaucoup de braggite.
quest_objective_408_1|Braggite collected||Braggite coletada| Браггит собран|布拉格礦收集|ブラギットを集めた|브래그라이트 수집||Braggite collectée
quest_name_409|Mystery Key||Chave Misteriosa| Таинственный ключ|神秘鑰匙|謎の鍵|수수께끼 열쇠||Clé mystère
quest_description_409|Find out where the key goes to.||Descubra para onde a chave vai.| Узнайте, куда идет ключ.|找出鑰匙的位置|鍵がどこに使われるかを調べる|이 열쇠가 어디에 쓰이는지 알아내세요.||Découvrez où va la clé.
quest_objective_409_1|Find the owner of the key.||Encontre o dono da chave| Найдите владельца ключа.|尋找密鑰的擁有者|鍵の持ち主を見つける|열쇠의 주인을 찾으세요.||Trouvez le propriétaire de la clé.
quest_name_410|The Awesome Ring - part 2||O Anel Fantástico – parte 2| Удивительное кольцо - часть 2|令人驚嘆的戒指-第2部分|素晴らしき指輪 - パート2|굉장한 반지 – 2부||L'anneau grandiose - partie 2
quest_description_410|Collect Essence of the Gods from bosses.||Colete Essência dos Deuses de chefões.| Собирайте Эссенцию Богов с боссов.|從BOSS收集神性|ボスから神々のエッセンスを集める|보스로부터 신들의 에센스를 모으세요.||Récupérez de l'essence des dieux sur les boss.
quest_objective_410_1|Essence of the Gods collected||Essência dos Deuses coletada| Собранная сущность богов|收集的神性|神々のエッセンスを集めた|신들의 에센스 수집||Essence des dieux collectée
quest_name_411|The Awesome Ring - part 3||O Anel Fantástico – parte 3| Удивительное кольцо - часть 3|令人驚嘆的戒指-第3部分|素晴らしき指輪 - パート3|굉장한 반지 – 3부||L'anneau grandiose - partie 3
quest_description_411|Find your desired Awesome Gem.||Encontre sua Gema Fantástica desejada.| Найдите желаемый вами потрясающий драгоценный камень.|找到你想要的BOSS靈魂|望みの素晴らしいジェムを見つける|원하는 굉장한 보석을 찾으세요.||Trouvez la gemme grandiose de votre choix.
quest_objective_411_1|Gem collected||Gema coletada| Собранный драгоценный камень|收集的寶石|ジェムを集めた|보석 수집||Gemme collectée
quest_name_420|Chains of Gold||Correntes de Ouro| Цепи из золота|黃金鏈|黄金の鎖|황금의 사슬||Chaînes d'or
quest_description_420|Mine and transport 20 kg of gold from the fallen chains to safety.||Minere e transporte 20 kg de ouro das correntes caídas para a segurança.| Добудьте и перенесите 20 кг золота из упавших цепей в безопасное место.|從墜落的鍊子上開採並運送20公斤黃金到安全地帶|倒れた鎖から20kgの金を採掘し安全な場所へ運ぶ|무너진 사슬에서 금을 채굴해 20kg을 안전하게 운반하세요.||Extraire et transporter 20 kg d'or des chaînes tombées au sol pour les mettre en sécurité.
quest_objective_420_1|kg gold transported||kg de ouro transportado| кг золота перевезено|運輸的黃金公斤數|運んだ金のkg数|금 운반||kg d'or transporté
quest_objective_420_2|Troll patrol slain||Patrulha de trolls morta| Патруль троллей убит|擊殺巨魔巡邏隊|トロールの巡回隊を討伐した|트롤 순찰대 처치||Patrouille de trolls tuée
quest_name_430|Hungry Haldor||Haldor Faminto| Голодный Хальдор|飢餓的哈爾多|腹ペコのハルドル|배고픈 할도르||Haldor affamé
quest_description_430|Get the meat of a delicious hog.||Consiga a carne de um porco delicioso.| Получите мясо вкуснейшей свинины.|去弄點豬肉吃|美味しい猪の肉を手に入れる|맛있는 돼지고기를 구하세요.||Récupérez la viande d'un délicieux porc.
quest_objective_430_1|Meat collected||Carne coletada| Мясо собрано|收集的肉|肉を集めた|고기 수집||Viande collectée
quest_objective_430_2|Meat cooked||Carne cozinhada| Мясо приготовленное|熟肉|肉を料理した|고기 요리||Viande cuite
quest_name_431|Hurrdurr’s Rollercoaster||Montanha Russa de Hurrdurr| Американские горки Хэррдурра|赫爾杜爾的雲霄飛車|ハードゥルのローラーコースター|후르더르의 롤러코스터||Les montagnes russes de Hurrdurr
quest_description_431|Find cart wheels in Forgotten Caves and attach them to Hurrdurr’s cart.||Encontre e encaixe rodas no carrinho de Hurrdurr.| Найдите колеса для телеги в Забытых пещерах и прикрепите их к телеге Хёррдурра.|在被遺忘的洞穴中找到推車輪子，並將它們連接到赫爾杜爾的推車上|忘れられた洞窟で車輪を見つけ、ハードゥルの荷車に取り付ける|잊혀진 동굴에서 카트 바퀴를 찾아 후르더르의 카트에 부착하세요.||Trouvez et fixez les roues sur le chariot de Hurrdurr.
quest_objective_431_1|Wheels found||Rodas encontradas| Колеса найдены|找到輪子|車輪を見つけた|바퀴 발견||Roues trouvées
quest_objective_431_2|Wheels attached||Rodas encaixadas| Колеса прикреплены|車輪配件|車輪を取り付けた|바퀴 부착||Roues attachées
quest_name_432|Balldur Muspelheim||Balldur Muspelheim|Балдур Муспельхейм|穆斯貝爾海姆|バルドル・ムスペルヘイム|발드르 무스펠하임||Baldur Muspelheim
quest_description_432|Do the thing||Faz a coisa| Сделай дело|做那件事|事を行う|일을 완료 하세요||Faire la chose
quest_objective_432_1|Thing done||Coisa feita| Дело сделано|完成的事情|事を行った|일 완료||Chose faite
quest_name_433|Frøya’s Scale Armor||Armadura de Escamas de Frøya| Чешуйчатая броня Фрёйи|弗萊亞鱗片甲|フレイヤの鱗鎧|프레이야의 비늘 갑옷||L'armure d'écailles de Freya
quest_description_433|Collect Naga scales and return them to Frøya in Act 8 Zone 2.||Colete escamas de Naga e retorne elas a Frøya no ATO 8 Zona 2.| Соберите чешую Наги и верните ее Фрёйе в Зоне 2 Акта 8.|收集納加鱗片並將其歸還給在8-2的神父|ナーガの鱗を集め、第8幕 ゾーン2のフレイヤに届ける|나가의 비늘을 모아 Act 8 지역 2에서 프레이야에게 돌아가세요.||Récupérez les écailles de naga et rendez-les à Freya dans l'Acte 8 Zone 2.
quest_objective_433_1|Scales collected||Escamas coletadas| Весы собраны|收集的鳞片|鱗を集めた|비늘 수집||Écailles collectées
quest_name_434|Tired Viking||Viking Cansado| Уставший викинг|疲憊的維京人|疲れたヴァイキング|피곤한 바이킹||Viking fatigué
quest_description_434|Find potion reagents and conjure it in Act 8 Zone 5.||Encontre reagentes de poção e conjure-a no ATO 8 Zona 5.| Найдите реагенты для зелья и создайте его в Зоне 5 Акта 8.|在8-5找到藥劑|第8幕 ゾーン5で薬の材料を集めて調合する|Act 8 지역 5에서 물약 재료를 찾아 제조하세요.||Trouvez des réactifs de potion et concoctez-les dans la zone 5 de l'acte 8.
quest_objective_434_1|Doom weed||Erva da desgraça| дурная трава|厄運雜草|破滅の草|둠 위드||Herbe du destin
quest_objective_434_2|Water from Gjöll||Água de Gjöll| Вода из Гьёлля|傑爾的水|ヨルの水|욜 강의 물||Eau de Gjöll
quest_objective_434_3|Corrupted dirt||Terra corrompida| Испорченная грязь|腐蝕的污垢|堕落した土|부패한 흙||Terre corrompue
quest_objective_434_4|Potion conjured||Poção conjurada| Зелье, сотворенное|魔藥變魔|薬を調合した|물약 제조||Potion concoctée
quest_name_435|Beacons of Gjöll||| Маяки Гьёлля|傑爾燈塔|ヨルの灯台|욜이 봉화||
quest_description_435|Ignite the four beacons to open the gate to the tunnel.||| Зажгите четыре маяка, чтобы открыть ворота в туннель.|點燃四個燈塔，打開隧道大門。|4つの灯台に火を灯してトンネルの門を開ける|터널로 가는 문을 열기 위해 네 개의 봉화를 점화하세요.||
quest_objective_435_1|Ignite Northwest beacon||| Зажгите северо-западный маяк|點燃位於西北方的燈塔|北西の灯台に火を灯す|북서쪽 봉화 점화||
quest_objective_435_2|Ignite Northeast beacon||| Зажгите северо-восточный маяк|點燃位於東北的燈塔|北東の灯台に火を灯す|북동쪽 봉화 점화||
quest_objective_435_3|Ignite Southwest beacon||| Зажгите юго-западный маяк|點燃位於西南的燈塔|南西の灯台に火を灯す|남서쪽 봉화 점화||
quest_objective_435_4|Ignite Southeast beacon||| Зажгите юго-восточный маяк|點燃位於東南的燈塔|南東の灯台に火を灯す|남동쪽 봉화 점화||
quest_objective_435_5|Travel through the tunnel||| Путешествие через туннель|回到船上穿過隧道|トンネルを通る|터널 통과||
quest_objective_435_6|Explore Island||| Исследуйте остров|探索島嶼|島を探索する|섬 탐험||
quest_objective_435_7|Slay Jormungandr||| Убей Ёрмунганда|擊殺耶夢加得|ヨルムンガンドを討伐する|요르문간드 처치||
|||||||||||
[Valhalla dailies]|||||||||||
quest_name_440|River Raider||Invasor de Rios| Речной рейдер|河流掠奪者|リバー・レイダー|강습자||Ce soir c'est encore rafting !
quest_description_440|Complete River Gjöll.||Complete o minigame do Rio Gjöll.| Полная река Гьёлль.|完成吉爾河迷你小遊戲|ヨル川をクリアする|욜 강을 완수||Terminer le mini-jeu de la rivière Gjöll.
quest_objective_440_1|Jörmungar slain||Jörmungar morto| Ёрмунгар убит|擊殺耶爾蒙|ヨルムンガル討伐済み|요르문간드 처치||Jörmungar tué
quest_dialog_440|Gjallarknut here! Remember me? We had an epic adventure on river Gjöll and gave that big snake a good whoop! But alas, it's back eating my customers! I'll reward you if you're up for another whooping.||Aqui é Gjallarknut! Lembra de mim? Tivemos uma aventura épica no rio Gjöll e demos uma boa surra naquela cobra gigante! Mas, infelizmente, ela voltou a comer meus clientes! Eu o recompensarei se você estiver disposto a dar outra surra.| Гьялларкнут слушает! Помните меня? У нас было эпическое приключение на реке Гьёлль, и мы устроили этой большой змее хорошую трепку! Но, увы.|在這裡Gjallarknut！[nl]還記得我嗎？[nl]我們在吉爾河上進行了一次史詩般的冒險，並對那條大蛇發出了響亮的叫聲！[nl]但唉，它又在吃我的乘客了！[nl]如果你再來一次歡呼，我會獎勵你的|「ギャルナルクヌート、ここにいるよ！覚えてる？ヨル川で壮大な冒険をして、あの大きな蛇をやっつけたんだ！でもまた戻ってきて客を食べてるんだよ！もしまたやる気があるなら、報酬をあげるよ。」|욜에서의 모험 기억나? 그 큰 뱀을 혼쭐내줬잖아! 그런데 또 나타나서 내 손님들을 잡아먹고 있어! 또 한 번 혼내주면 보상을 줄게!||Salut c'est [c_lime]Gjallarknut[c_reset] ! Vous vous souvenez de moi ? Nous avons vécu une aventure épique sur la [c_aqua]Rivière Gjöll[c_reset] et nous avons donné une bonne raclée à ce gros serpent ! Mais hélas, il est revenu pour manger mes clients ! Je te récompenserai si tu es prêt à lui donner une autre raclée.
quest_name_441|The Golden Heist ||O Golpe do Ouro| Золотое ограбление|黃金竊盜案|黄金の強奪|황금 도둑질||Le braquage doré
quest_description_441|Find and use a glowing rock to find and collect the Golden Warrior statue from Gladsheim.||Recupere a Estátua do Guerreiro Dourado em Gladsheim.| Найдите и используйте светящийся камень, чтобы найти и забрать статую Золотого Воина из Гладсхейма.|從亡靈之森≤8-1≥的地下城格拉茲海姆二樓， 地圖左右兩側的碎片撿起後取回面向副本出口的右邊的牆壁取回黃金戰士雕像. |グラズハイムから黄金の戦士像を見つけて回収するために、光る石を使う|글라드스헤임에서 빛나는 돌을 사용해 황금 워리어 조각상을 찾아보세요.||Récupérez la statue dorée de la guerrière en or à Gladsheim.
quest_objective_441_1|Statue collected||Estátua coletada| Статуя собрана|回收雕像|像を回収した|조각상 수집||Statue récupérée
quest_dialog_441|I know this is no job for a hero, but to be one you sometimes need to take a dip to the dark side. [c_yellow]Inside the walls of Gladsheim Halls[c_reset] is hidden a precious little statue, the Golden Warrior portraying the Leader of Valkyries. I wa... WE need it, for uhm.. MUSEUM! Yes, a museum of.. statues... Anyway, we pay a handsome amount of gold for it. There are special [c_yellow]glowing stones[c_reset] inside the halls. Its illumination might help you find the statue...||Sei que esse trabalho não é para um herói, mas para ser um herói, às vezes é preciso dar um mergulho no lado negro. [c_yellow]Dentro das paredes dos Salões de Gladsheim[c_reset] está escondida uma pequena estátua preciosa, o Guerreiro Dourado retratando a Líder das Valquírias. Eu quer... NÓS precisamos dela, para é... um MUSEU! Sim, um museu de... estátuas... De qualquer forma, pagamos uma bela quantia em ouro por ela. Há pedras brilhantes [c_yellow]pedras brilhantes[c_reset] especiais dentro dos corredores. Sua iluminação pode ajudá-lo a encontrar a estátua...| Я знаю, что это работа не для героя.|我知道這份工作不適合英雄，但要成為英雄，有時你需要深入黑暗面.[nl]在格拉茲海姆大廳的牆壁裡隱藏著一尊珍貴的小雕像——描繪女武神領袖的金色戰士.[nl]我想……我們需要它..博物館！[nl]是的…博物館..雕像...不管怎樣，[nl]我們為此付出了相當多的紅寶石|「これは英雄向きの仕事じゃないかもしれないけど、英雄になるためには時に闇の世界に足を踏み入れる必要があるんだ。[c_yellow]グラズハイムのホールの中[c_reset]には、ヴァルキリーのリーダーを表現した貴重な黄金の戦士像が隠されている。…私たち、いや、私たちはそれを必要としているんだ、うーん、博物館のために！そう、彫像の博物館… とにかく、そのためにかなりの金を払うよ。ホールの中には特別な[c_yellow]光る石[c_reset]がある。光が像を見つける手助けになるだろう。」|영웅답지 않은 일일 수도 있지만, 가끔은 어둠에 발을 들여야 진짜 영웅이 되는 법이지. [c_yellow]글라드스헤임 전당 안[c_reset]에는 발키리의 수장을 형상화한 ‘황금 전사’ 조각상이 숨겨져 있어. 우리는... 박물관을 위해 필요해! 어쨌든 잘 보상할 테니, 안에 있는 [c_yellow]빛나는 돌[c_reset] 활용해서 찾아줘...||Je sais que ce travail n'est pas digne un héros, mais pour en être un il faut parfois savoir se salir les mains. Dans les murs du [c_aqua]Hall de Gladsheim[c_reset] se cache une précieuse petite statue, la guerrière d'or, qui représente la cheffe des Valkyries. Je la v... NOUS en avons besoin pour... heu ... un MUSÉE ! Oui, un musée de... heu... statues... Quoi qu'il en soit, nous payons une belle somme en rubis pour l'obtenir.
quest_name_442|Naga Treasury ||Tesouro de Naga| Сокровищница Нага|娜迦寶庫|ナーガの宝庫|나가 보물창고||Trésor Naga
quest_description_442|Retrieve the Golden Snake amulet from Naga Temple.||Recupere o Amuleto da Serpente Dourada no Templo de Naga| Добудьте амулет Золотой Змеи из Храма Наг.|從氾濫的平原≤8-2≥地下城娜迦神廟二樓，副本出口往左邊牆壁走進密室取回金蛇護身符|ナーガ神殿から黄金の蛇のアミュレットを取り戻す|나가 신전에서 황금 뱀 어뮬렛을 회수하세요.||Récupérez l'amulette du serpent d'or dans le temple Naga.
quest_objective_442_1|Amulet found||Amuleto encontrado| Амулет найден|找到護身符|アミュレットを見つけた|어뮬렛 획득||Amulette trouvée
quest_objective_442_2|Temple escaped||Fuga do templo| Храм сбежал|逃離神廟|神殿から脱出した|신전 탈출||Le temple s'est échappé
quest_dialog_442|Rumor has it that the Naga Temple holds the greatest treasury in Valhalla. It is also said to be the home of the Golden Snake amulet. Find it, and bring it here for my collection. Beware: Nagas are known to be sneaky and mischievous, your way back might not be as easy as you think. ||Há rumores de que o Templo Naga possui o maior tesouro de Valhalla. Dizem também que é o lar do amuleto da Serpente Dourada. Encontre-o e traga-o aqui para minha coleção. Cuidado: Os nagas são conhecidos por serem sorrateiros e maliciosos. Seu caminho de volta pode não ser tão fácil quanto você pensa.| Ходят слухи, что Храм Нага хранит величайшую сокровищницу в Вальхалле. Также говорят, что это дом амулета Золотой Змеи. Найти его|有傳言說那加神廟擁有瓦爾哈拉最大的金庫.[nl]據說這裡也是金蛇護身符的故鄉.[nl]找到它，帶到這裡來收藏.[nl]小心：[nl]眾所周知，娜迦是狡猾和頑皮的——你回來的路可能並不像你想像的那麼容易|「噂によるとナーガ神殿はヴァルハラで最大の宝庫を持っているそうだ。黄金の蛇のアミュレットもそこにあると言われている。見つけてここに持ってきてほしい。注意してくれ、ナーガは狡猾でいたずら好きだから、帰り道は簡単ではないかもしれない。」|전설에 따르면 나가 신전은 발할라에서 가장 많은 보물을 간직한 장소래. 황금 뱀 어뮬렛도 그곳에 있지. 조심해 나가는 교활해서 돌아오는 길이 만만치 않을 거야.||La rumeur veut que le [c_aqua]Temple Naga[c_reset] détienne le plus grand trésor du Valhalla. On dit aussi que c'est là que se trouve l'[c_yellow]amulette du serpent d'or[c_reset]. Trouvez-la et rapportez-la ici pour ma collection. Attention : Les Nagas sont connus pour être sournois et malicieux, votre quête pourrait ne pas être aussi simple que vous le pensez.
quest_name_443|The Crown of Surtr ||A Coroa de Surtr| Корона Сурта|蘇爾特的王冠|スルトの王冠|수르트의 왕관||La couronne de Surt
quest_description_443|Remove Surtr's crown in Muspelheim.||Remova a coroa de Surtr em Muspelheim| Снимите корону Сурта в Муспельхейме.|在遺忘洞穴≤8-3≥地下城穆斯貝爾海姆裡點擊旁邊的鐵鍊拆除蘇爾特王冠. |ムスペルヘイムでスルトの王冠を取り除く|무스펠헤임에서 수르트의 왕관을 제거하세요.||Retirer la couronne de Surt à Muspelheim.
quest_objective_443_1|Crown removed||Coroa removida| Корона удалена|摘下王冠|王冠を取り除いた|왕관 제거||Couronne retirée
quest_dialog_443|In the realm of fire and lava stands Surtr, forever chained to his realm. For eons he has been dormant, turned into obsidian statue that merely displays a fraction of his burning soul. But something is happening, signs indicate he's waking up. We need a hero who could pull of the impossible: get Surtr's crown off of him, it's the source of his power. Good luck to the brave soul who might attempt this. ||No reino do fogo e da lava está Surtr, eternamente acorrentado ao seu reino. Por eras, ele ficou adormecido, transformado em uma estátua de obsidiana que exibe apenas uma fração de sua alma ardente. Mas algo está acontecendo, os sinais indicam que ele está acordando. Precisamos de um herói que consiga realizar o impossível: tirar a coroa de Surtr de cima dele, pois ela é a fonte de seu poder. Boa sorte para a alma corajosa que tentar fazer isso.| В царстве огня и лавы стоит Сурт|在火焰和熔岩的王國中，蘇爾特永遠被束縛在他的王國中.[nl]億萬年來，[nl]他一直處於休眠狀態，[nl]變成了一尊黑石雕像，[nl]只展示了他燃燒的靈魂的一小部分.[nl]但有跡象表明他醒了.[nl]我們需要一個能夠完成不可能的事情的英雄：從他身上摘下蘇爾特的王冠——這是他力量的源泉.[nl]祝勇敢的人好運|「火と溶岩の国にスルトはいる。永遠にその領域に鎖で繋がれたままだ。長い間眠りについており、黒曜石の像となり、その燃える魂の一部だけを表している。しかし何かが起きている。彼が目覚めつつある兆候がある。彼の力の源である王冠を取り外せる英雄が必要だ。これに挑戦する勇敢な魂に幸運あれ。」|불과 용암의 영역에서 수르트는 오랜 시간 동안 사슬에 묶인 채 흑요석상으로 잠들어 있었지. 그런데 최근 징조들이 그가 깨어나고 있음을 암시하고 있어. 그의 힘의 원천인 왕관을 벗겨야 해. 이건 거의 불가능한 일일 수도 있어. 행운을 빈다!||Dans le royaume du feu et de la lave se tient [c_red]Surt[c_reset], à jamais enchaîné à son royaume à [c_aqua]Muspelheim[c_reset]. Depuis des lustres, il est en sommeil, transformé en statue d'obsidienne qui ne laisse s'exprimer qu'une fraction de son âme flamboyante. Mais quelque chose se passe, des signes indiquent qu'il se réveille. Nous avons besoin d'un héros capable de réaliser l'impossible : lui retirer la [c_yellow]Couronne de Surt[c_reset], qui est la source de son pouvoir. Bonne chance à l'âme courageuse qui tentera l'aventure.
quest_name_444|Grim Skull ||Crânio Sinistro| Мрачный Череп|冷酷的骷髅|グリムスカル|그림 스컬||Crâne sinistre
quest_description_444|Find the mystical skull in Niflhel.||Encontre a caveira mística em Niflhel.| Найдите мистический череп в Нифльхеле.|在在赫爾海姆≤8-5≥地下城尼夫海姆內的骨堆裡找到神秘頭骨|ニフルヘルで神秘的な頭蓋骨を見つける|니플헤임에서 신비로운 해골을 찾으세요.||Trouvez le crâne mystique à Niflhel.
quest_objective_444_1|Skull collected||Caveira coletada| Череп собран|收集頭骨|頭蓋骨を回収した|해골 획득||Crâne collecté
quest_dialog_444|There is an old tale of a great and respected warrior who lost his life and was sent to Niflhel to rot. His skull is rumored to be somewhere in there collected by the legendary beast Grimbone and it’s said to hold some mystical powers. Find the skull and return it here, perhaps we would find some use for it. ||Há uma antiga história de um grande e respeitado guerreiro que perdeu a vida e foi enviado a Niflhel para apodrecer. Há rumores de que seu crânio esteja em algum lugar lá, coletado pela lendária fera Grimbone, e dizem que ele possui alguns poderes místicos. Encontre o crânio e devolva-o aqui, talvez encontremos algum uso para ele.| Есть старая история о великом и уважаемом воине, который потерял свою жизнь и был отправлен гнить в Нифльхель. Ходят слухи, что его череп где-то там, собранный легендарным зверем Гримбоуном, и говорят, что он обладает какой-то мистической силой. Найдите череп и верните его сюда|有一個古老的傳說，[nl]一個偉大而受人尊敬的戰士失去了生命，[nl]並被送到尼夫爾海姆腐爛。[nl]據傳說，他的頭骨據說就在那裡，[nl]被傳說中的野獸Grimbone收藏著，[nl]據說它具有某些神秘的力量。[nl]找到這顆頭骨，[nl]把它帶回這裡，[nl]也許我們會找到一些用途|「かつて偉大で尊敬された戦士が命を落とし、ニフルヘルに送られて腐敗しているという古い話がある。その頭蓋骨は伝説の獣グリムボーンに集められていると言われ、神秘的な力を持つとも言われている。頭蓋骨を見つけてここに持ってきてくれ。何か役に立つかもしれない。」|예전 위대한 전사가 전사한 후 니플헤임에서 썩고 있다는 전설이 있어. 그의 해골은 그림본이라는 전설 속 괴수가 가져갔고, 신비한 힘을 지닌다고 해. 그 해골을 찾아줘. 유용하게 쓸 수 있을지도 몰라.||Une vieille histoire raconte qu'un héros prestigieux a perdu la vie et a été envoyé à Niflhel pour y croupir. On dit que son crâne se trouve quelque part, collecté par la bête légendaire Grimbone, et qu'il renferme des pouvoirs mystiques. Trouvez le crâne et ramenez-le ici, nous pourrons peut-être l'utiliser.
quest_name_445|WANTED: Xor||PROCURADO: Xor| ТРЕБУЕТСЯ: Ксор|通緝：Xor|指名手配: ゾール|현상수배: 조르||Chasse quotidienne
quest_description_445|Use Pulser to find Xor in Event Horizon and kill him.||Use o Pulsador para encontrar Xor no Horizonte de Eventos| С помощью пульсатора найдите Ксора в Горизонте событий и убейте его.|使用任務給予的遺物脈衝器在視界≤7-2≥中找到Xor並殺死他|パルサーを使ってイベントホライゾンでゾールを見つけて倒す|사건의 지평선에서 펄서를 사용해 조르를 찾아 죽이세요.||Trouvez [daily_hunt_enemy] dans l'acte [daily_hunt_act].
quest_objective_445_1|Xor dead||Xor morto| Ксор мертв|擊殺Xor|ゾール討伐済み|조르 사망||[daily_hunt_enemy] tué
quest_dialog_445|WANTED: XOR. An inter dimensional mercenary called Xor is wanted dead! A recent sighting has confirmed that he is indeed hiding somewhere in the Event Horizon. Take the Pulser, use it to find him and kill him.||PROCURA-SE: XOR. Um mercenário interdimensional chamado Xor é desejado morto! Um avistamento recente confirmou que ele está de fato escondido em algum lugar do Horizonte de Eventos. Pegue o Pulsador, use-o para encontrá-lo e matá-lo.| РАЗЫСКИВАЕТСЯ: КСОР. Межпространственный наемник по имени Ксор разыскивается мертвым! Недавнее наблюдение подтвердило, что он действительно скрывается где-то в Горизонте Событий. Возьмите Пульсар|通緝：XOR。[nl]一名名為XOR的跨維度傭兵被通緝！[nl]最近的一次目擊證實，[nl]他確實藏身於事件視界中的某個地方。[nl]拿起脈衝槍，用它來找到他並殺死他|「指名手配: ゾール。異次元の用心棒ゾールが死体で求められている！最近の目撃情報で彼がイベントホライゾンのどこかに隠れていることが確認された。パルサーを使って見つけて倒せ。」|조르는 다른 차원의 용병이야. 최근 목격 정보에 따르면 사건의 지평선 어딘가에 숨어 있어. 펄서를 사용해 그를 찾아 제거해줘!||RECHERCHÉ : [daily_hunt_enemy], pour crimes contre l'humanité et le royaume de Tarethiel. Vu pour la dernière fois dans l'Acte [daily_hunt_act]. Récompense pour preuve de sa mort.
quest_name_446|Anita’s Amulet||Amuleto de Anita|Амулет Аниты|Anita的護身符|アニタのアミュレット|이니타의 부적||
quest_description_446|Find Anita’s amulet in the Sea of Karponia||Encontre o amuleto de Anita no Mar de Karponia| Найдите амулет Аниты в море Карпонии.|在卡波尼亞海≤5-4≥中的小怪身上找到Anita的護身符|カルポニアの海でアニタのアミュレットを見つける|카르포니아 바다에서 아니타의 어뮬렛을 찾으세요.||
quest_objective_446_1|Amulet found||Amuleto encontrado| Амулет найден|找到護身符|アミュレットを見つけた|어뮬렛 획득||
quest_dialog_446|Hey there, stranger! I am Anita, from Danethrope. I was on a visit in the east, Shujo Retreat, and when swimming in the ocean I got attacked by a bunch of Piranhas. When I swam to safety one of those pesky little fishes grabbed and possibly ate my Amulet. It is really important to me. I will pay you handsomely if you can find it!||Olá, estranho! Eu sou Anita, de Danethrope. Eu estava em uma visita ao leste, no Retiro de Shujo, e quando estava nadando no oceano fui atacada por um bando de piranhas. Quando nadei para me salvar, um desses peixinhos irritantes agarrou e possivelmente comeu meu amuleto. Ele é muito importante para mim. Eu lhe pagarei muito bem se você conseguir encontrá-lo!| Привет|嘿，陌生人！我是丹尼索普的Anita。[nl]我到東部修礁避難所旅行，在海裡游泳時被一群食人魚襲擊了。[nl]當我游到安全地帶時，其中一條討厭的小魚抓住並可能吃掉了我的護身符。[nl]這對我來說真的很重要。[nl]如果你能找到它，我會給你豐厚的報酬！|「こんにちは、見知らぬ人！私はダネスソープのアニタ。東のシュジョウリトリートに行った時に海で泳いでいたら、ピラニアの群れに襲われた。安全な場所に泳ぎ着いたとき、あの小さな魚の一匹が私のアミュレットを掴んで多分食べてしまったの。とても大切なものだから、見つけてくれたら相応の報酬を払うよ！」|안녕, 난 아니타야. 데인소프 출신인데 동쪽 슈조 은둔지에 방문했을 때 바다에서 피라냐 떼의 공격을 받았어. 간신히 도망쳤는데, 그중 한 마리가 내 부적을 삼켰어. 나한텐 정말 중요한 물건이야. 찾아준다면 후하게 보상할게!||
quest_name_447|Awful Abominations||Abominações Horrendas| Ужасные мерзости|憎惡怪物|ひどい怪物|끔찍한 변이체들||
quest_description_447|Clear Abomination events||Limpe eventos de Abominação| Очистить события Мерзость|打開位於≤1-5≥、≤3-3≥、≤3-4≥、≤4-3≥、≤5-2≥、≤6-4≥的巨大箱子，完成憎惡事件. |アボミネーションイベントをクリアする|변이체 이벤트를 정리하세요.||
quest_objective_447_1|Colossal chests opened||Baús colossais abertos| Открыты колоссальные сундуки|打開巨大箱子|巨大なチェストを開ける|거대한 상자 열기||
quest_dialog_447|Gar Nor here! I need a strong and heroic adventurer to put a stop to those colossal monsters! If you are up for it I will give you an additional reward on top of whatever you find when searching and slaying these foul creatures!||Gar Nor aqui! Preciso de um aventureiro forte e heroico para acabar com esses monstros colossais! Se você estiver disposto a isso, eu lhe darei uma recompensa adicional além do que você encontrar ao procurar e matar essas criaturas imundas!| Гар Нор здесь! Мне нужен сильный и героический искатель приключений, чтобы остановить этих колоссальных монстров! Если вы готовы, я дам вам дополнительную награду сверх того, что вы найдете, когда будете искать и убивать этих мерзких тварей!|Gar Nor在這裡！[nl]我需要一個強壯而英勇的冒險家來阻止那些巨大的怪物！[nl]如果你願意，[nl]除了你在搜尋和殺死這些邪惡生物​​時所發現的任何東西外，[nl]我還會給你額外的獎勵！|「ガル・ノルだ！巨大なモンスターたちを止めるために強く勇敢な冒険者が必要だ！挑戦するなら、討伐報酬に加えてさらに報酬をあげよう！」|가르 노르다! 용감한 영웅이 필요해. 이 괴물들을 처치해준다면 상자에서 얻는 것 외에도 특별 보상을 줄게!||
quest_name_448|To The Tower!||Para a Torre!| В Башню!|前往塔|塔へ！|타워로!||
quest_description_448|Clear a Chaos Tower||Limpe uma Torre do Caos| Очистите Башню Хаоса|完成混沌塔|カオスタワーをクリアする|카오스 타워 클리어||
quest_objective_448_1|Chaos Tower cleared||Torre do Caos concluída| Башня Хаоса очищена.|通關混沌塔|カオスタワークリア済み|카오스 타워 클리어 완료||
quest_dialog_448|Um here! Please, any Hero in Tarethiel reading this. I need [c_yellow]YOUR[c_reset] help. At some point, these walking Towers emerged from the Chaos to cause havoc in Tarethiel. Me and Mayor Kukkonen tried to find a way to destroy one, but got sucked into it and I barely got out alive. Kukkonen is still in there! Help me cleanse these Chaos Towers once and for all!||Um aqui! Por favor, para qualquer Herói em Tarethiel lendo isso, Eu preciso [c_yellow]DA SUA[c_reset] ajuda. Em algum momento, estas Torres ambulantes emergiram do Caos para causar destruição em Tarethiel. Eu e o Prefeito Kukkonen tentamos achar uma forma de destruir uma, mas ele foi puxado para dentro de uma e eu quase não sai vivo. Kukkonen ainda está lá! Me ajude a limpar estas Torres do Caos de uma vez por todas!| Эм, вот! Пожалуйста.|嗯，這裡！[nl]拜託，任何在塔雷斯艾爾的英雄們讀到這篇文章。[nl]我需要你的幫助。[nl]在某個時候，[nl]這些會行走的塔從混沌中出現，  在塔雷斯艾爾造成了嚴重破壞。[nl]我和庫科寧市長試圖找到一種方法來摧毀一個，[nl]但被吸了進去，我差點沒能活著出來。[nl]Kukkonen還在裡面！[nl]幫我徹底清理這些混沌塔！|「ウムだ！タレスシエルのヒーローたちよ、助けが必要だ。[c_yellow]君たちの[c_reset]助けが欲しい。歩く塔がカオスから現れてタレスシエルを混乱させている。俺と市長クッコネンは塔を破壊しようとしたが、吸い込まれてしまった。俺は何とか生きて出られたが、市長はまだ中にいる！このカオスタワーを完全に浄化してくれ！」|움이 말합니다! 테라시엘의 모든 영웅들이여, 제발 [c_yellow]당신[c_reset]의 도움이 필요해요. 어느 순간, 걸어다니는 타워들이 혼돈속에서 나타나 테라시엘에 혼란을 일으키기 시작했어요. 저와 쿠코넨 시장은 그것들을 파괴할 방법을 찾으려 했지만, 타워 안으로 빨려 들어갔고 저는 간신히 탈출했어요. 쿠코넨은 아직 안에 있습니다! 이 카오스 타워들을 정화하는 데 힘을 보태 주세요!||
quest_name_449|Njal Must Die!||Njal Deve Morrer!| Ньял должен умереть!|尼亞爾必須死|ニャールを倒せ！|니얄을 죽여라!||
quest_description_449|Find and Kill Njal in the Snowy Mountains||Encontre e Mate Njal nas Montanhas Nevadas| Найдите и убейте Ньяла в Снежных горах|在雪山≤2-4≥找到並殺死尼亞爾並撿回他的頭|雪山でニャールを見つけて倒す|설산에서 니얄을 죽여라||
quest_objective_449_1|Njal slain||Njal morto| Ньял убит|殺死尼亞爾|ニャール討伐済み|니얄 처치||
quest_objective_449_2|Njal’s head||Cabeça de Njal| Голова Ньяла|尼亞爾的頭|ニャールの頭|니얄의 머리 수집||
quest_dialog_449|An evil warrior named Njal has been a continuous threat to the people of Danethrope. He has been spotted in the Snowy Mountains just now. Please find him and kill him! Bring his head as proof for the bounty.||Um guerreiro maligno chamado Njal tem sido uma ameaça constante para o povo de Danethrope. Ele foi visto nas Montanhas Nevadas agora mesmo. Por favor, encontre-o e mate-o! Traga a cabeça dele como prova para a recompensa.| Злой воин по имени Ньял был постоянной угрозой для людей Дантропа. Его только что заметили в Снежных горах. Пожалуйста, найдите его и убейте! Принесите его голову в качестве доказательства награды.|一個名叫尼亞爾的邪惡戰士一直對丹尼索普人民構成威脅。[nl]他剛才在雪山上被發現。[nl]請找到他並殺了他！把他的頭當作懸賞的證據|「ニャールという悪しき戦士がダネスソープの人々に脅威を与え続けている。今ちょうど雪山で目撃された。見つけて倒してくれ！証拠として頭を持ってきてくれ。」|악명 높은 전사 니얄은 데인소프 주민들에게 계속해서 위협이 되어왔습니다. 방금 전, 설산에서 목격되었어요. 그를 찾아 죽이고, 머리를 가져와 현상금으로 교환하세요.||
quest_name_450|Security Measures||Medidas de Segurança| Меры безопасности|安全措施|防衛対策|보안 조치||
quest_description_450|Repair a beacon in each act and activate the system in Dhorn Farum||Repare um sinalizador em cada ato e ative o sistema em Dhorn Farum| Почините маяк в каждом акте и активируйте систему в Дорн Фаруме.|在每一章中修復一個信標，並在迪霍法洛姆≤4-0≥啟動該系統，看不安全系統的話要先投票重製地圖|各幕で灯台を修理し、ドーン・ファルムでシステムを起動する|각 Act의 신호탑을 수리하고, 도른 파룸의 보안 시스템을 활성화하라||
quest_objective_450_1|The Pumpkin Patch beacon repaired||Farol do Canteiro de Abóboras reparado| Маяк Pumpkin Patch отремонтирован|修復南瓜田≤1-3≥信標|カボチャ畑の灯台修理済み|호박 밭 신호탑을 수리||
quest_objective_450_2|The Glacial Trail beacon repaired||Farol da Trilha Glacial reparado| Маяк на ледниковой тропе отремонтирован|修復冰川足跡≤2-5≥信標|氷河の小道の灯台修理済み|빙하 흔적 신호탑을 수리||
quest_objective_450_3|Dry Hills beacon repaired||Farol das Colinas Secasl reparado|Маяк Драй-Хиллс отремонтирован|修復乾燥丘陵≤3-2≥信標|乾いた丘の灯台修理済み|메마른 언덕 신호탑을 수리||
quest_objective_450_4|The Devil's Breach beacon repaired||Farol da Fenda do Diabo reparado| Маяк Дьявольского прорыва отремонтирован|修復惡魔突破口≤4-5≥信標|悪魔の裂け目の灯台修理済み|악마의 골짜기 신호탑을 수리||
quest_objective_450_5|Mt. Fuji beacon repaired||Farol do Mt. Fuji reparado| Маяк на горе Фудзи отремонтирован|修復富士山≤5-1≥信標|富士山の灯台修理済み|후지산 신호탑을 수리||
quest_objective_450_6|Highland Graveyard beacon repaired||Farol do Cemitério das Terras Altas reparado| Маяк на кладбище Хайленд отремонтирован|修復墓園高地≤6-1≥信標|高地の墓地の灯台修理済み|고원 묘지 신호탑을 수리||
quest_objective_450_7|Parallel Dimension beacon repaired||Farol da Dimensão Paralela reparado| Маяк Parallel Dimension отремонтирован|修復平行維度≤7-4≥信標|並行次元の灯台修理済み|평행 차원 신호탑을 수리||
quest_objective_450_8|Security system re-activated||Sistema de segurança reativado| Система безопасности повторно активирована|回到迪霍法洛姆≤4-0≥重新啟動安全系統|防衛システム再起動済み|보안 시스템 재가동됨||
quest_dialog_450|Um here! The dwarven made security beacons which help us anticipate upcoming threats all over Tarethiel are in desperate need of repair. Please do the repairs and turn the system back on in Dhorn Farum!||Um aqui! Os sinalizadores de segurança feitos pelos anões, que nos ajudam a prever ameaças futuras em toda Tarethiel, precisam desesperadamente de reparos. Por favor, faça os reparos e ligue o sistema novamente em Dhorn Farum!| Эм, здесь! Охранные маяки, сделанные гномами и помогающие нам предвидеть предстоящие угрозы по всему Таретиэлю, отчаянно нуждаются в ремонте. Пожалуйста, сделайте ремонт и включите систему снова в Дорне Фаруме!|嗯，這裡！[nl]矮人製造的安全信標可以幫助我們預測塔瑞希爾各地即將到來的威脅，[nl]這些信標急需維修。[nl]請在迪霍法洛姆修復並重新啟動該系統！|ウムです！テレスィエル全土で迫り来る脅威を予知するのに役立っているドワーフ製の警備ビーコンが、緊急の修理を必要としています。どうか修理を行い、ドーン・ファルムでシステムを再起動してください！|움이 다시 요청합니다! 드워프들이 만든 신호탑은 테라시엘 전역의 위협을 사전에 감지하는 데 필수적입니다. 그러나 지금은 모두 고장이 났습니다! 이 신호탑들을 수리하고, 도른 파룸에서 시스템을 다시 켜 주세요!||
quest_name_451|Hellpiercer||Operador do Inferno| Пронзатель ада|地獄穿孔機|ヘルピアサー|지옥관통자||
quest_description_451|Collect the explosives from Old Mining Village, get the detonator from Dr. Tinker Dink and sabotage the Steam Train||Colete os explosivos da Velha Aldeia de Mineração, obtenha o detonador do Dr. Tinker Dink e sabote o Trem a Vapor| Соберите взрывчатку в старой шахтерской деревне.|從舊礦村≤4-1≥收集炸藥，  從Dr. Tinker Dink≤1-0≥那裡獲得雷管，並破壞蒸汽火車≤6-4≥|古い鉱山村から爆発物を集めて、ティンカー・ディンク博士から起爆装置を受け取り、蒸気機関車を破壊しろ|||
quest_objective_451_1|Explosives collected||Explosivos coletados| Взрывчатые вещества собраны|收集的爆炸物|爆発物回収済み|폭약 수집||
quest_objective_451_2|Detonator acquired||Detonador adquirido| Детонатор приобретен|獲得雷管|起爆装置入手済み|기폭장치 획득||
quest_objective_451_3|Explosives placed||Explosivos posicionados| Взрывчатые вещества заложены|放置的炸藥|爆発物設置済み|폭약 설치||
quest_objective_451_4|Explosives detonated||Explosivos detonados| Взрывчатка сдетонировала|爆炸物引爆|爆発物爆破済み|폭약 기폭||
quest_dialog_451|Help wanted! This is Dr. Tinker Dink. The Steam Train has become a problem, transporting hellish creatures and resources for the evil forces of Tarethiel at an unprecedented rate. We need to sabotage the train to stop it or at least slow it down! Collect five sets of explosives from the Old Mining Village and meet me! I'll give you the detonator. Then go to the Steam Train and blow the sucker to a halt! I hope to talk to you soon, adventurer!||Precisa-se de ajuda! Aqui é o Dr. Tinker Dink. O Trem a Vapor se tornou um problema, transportando criaturas infernais e recursos para as forças malignas de Tarethiel em uma velocidade sem precedentes. Precisamos sabotar o trem para pará-lo ou, pelo menos, desacelerá-lo! Colete cinco conjuntos de explosivos na Velha Aldeia de Mineração e venha me encontrar! Eu lhe darei o detonador. Em seguida, vá até o trem a vapor e exploda o trem! Espero falar com você em breve, aventureiro!| Требуется помощь! Это доктор Тинкер Динк. Паровоз стал проблемой|需要幫助！[nl]我是汀克·丁克博士。[nl]蒸汽火車正以前所未有的速度為塔瑞西爾邪惡勢力運輸地獄生物和資源，[nl]已成為一個大問題。[nl]我們需要破壞火車以阻止它，[nl]或至少減緩它的速度！[nl]從舊採礦村收集五組炸藥，然後來見我！[nl]我會給你引爆器。[nl]然後去蒸氣火車那裡，把那輛破車炸停！[nl]希望很快能再見到你，冒險家！|助けてほしい！私はティンカー・ディンク博士だ。蒸気機関車がテレスィエルの邪悪な勢力のために地獄の生き物や資源を前例のない速度で輸送しており、問題になっている。この列車を妨害して止めるか、少なくとも遅らせなければならない！古い鉱山村で爆発物を5セット集めて、私に会いに来てくれ！起爆装置を渡す。そしたら蒸気機関車に行って奴を止めてくれ！冒険者よ、また会おう！|도움이 필요합니다! 팅커 딩크 박사입니다. 증기 기관차가 큰 문제가 되고 있어요. 타레시엘의 악의 세력에게 지옥 같은 생물들과 자원을 전례 없는 속도로 실어 나르고 있거든요. 이 열차를 파괴하거나 적어도 속도를 늦춰야 합니다! 구 광산 마을에서 폭약 다섯 세트를 모아 저를 만나주세요! 기폭 장치를 드릴게요. 그런 다음 증기 기관차로 가서 그 놈을 날려버리세요! 곧 다시 이야기하길 바랍니다, 모험가님!||
tinker_hellpiercer_dialog|Ah, nice to see you [heroname]! So you are the one who wants to help me? Great! Here is the detonator. It has an 8 second timer, so when you place it and turn it on, [shake_letter]RUN![shake_reset] Good luck!||Ah, prazer em vê-lo [heroname]! Então é você quem quer me ajudar? Ótimo! Aqui está o detonador. Ele tem um cronômetro de 10 segundos, portanto, quando você colocá-lo e ligá-lo, [shake_letter]CORRA![shake_reset] Boa sorte!| Ааа|啊，很高興見到你[heroname]！  你就是那個想幫助我的人？  太棒了這是引爆器。  它有一個 8 秒的計時器，當你把它放好並打開時，跑!  祝你好運！|ああ、[heroname]さん、会えて嬉しい！助けてくれるのは君か？素晴らしい！これが起爆装置だ。8秒のタイマー付きだから、設置して起動したら[shake_letter]逃げろ！[shake_reset] 幸運を祈る！|오, 반갑네요 [heroname]! 당신이 저를 도우려는 분이군요? 훌륭해요! 여기 기폭 장치가 있습니다. 8초 타이머가 달려 있어서 설치하고 작동시키면, [shake_letter]달리세요![shake_reset] 행운을 빕니다!||
quest_train_bomb_run|I would [shake_letter][c_red]RUN[c_reset][shake_reset] if I were you!||Eu [shake_letter][c_red]CORRERIA[c_reset][shake_reset] se fosse você!| Если бы я был тобой, я бы [shake_letter][c_red]БЕЖАЛ[c_reset][shake_reset]!|如果我是你，我會[shake_letter][c_red]逃跑[c_reset][shake_reset]！|私が君なら[shake_letter][c_red]逃げる[c_reset][shake_reset]だろうね！|저라면 [shake_letter][c_red]도망[c_reset][shake_reset] 갈거에요!||
quest_name_452|The False Prophet Defenestration||A Defenestração do Falso Profeta| Дефенестрация лжепророка|先知破窗而出|偽予言者の投擲|거짓 예언자 투척||
quest_description_452|Talk to Magister Kujala and complete his task.||Fale com o Magister Kujala e conclua a tarefa dele.| Поговорите с магистром Куялой и выполните его задание.|與NPC交談並完成任務|マジスター・クヤラに話しかけて彼の任務を完了しろ。|매지스터 쿠잘라와 대화하고 그의 임무를 완료하십시오.||
quest_objective_452_1|The true nature of the assignment discovered||A verdadeira natureza da tarefa descoberta| Раскрыта истинная природа задания|與≤6-0≥的sister abigail或≤1-0≥的Magister Kujala交談|任務の真の目的が明らかになった|발견된 과제의 본질||
quest_objective_452_2|Luthor thrown out of Cathedral window||Luthor arremessado pela janela da Catedral| Лютор выбросился из окна собора|從大教堂的窗戶將Luthor丟出去|ルーサーが大聖堂の窓から投げ出された|루터가 대성당 창문 밖으로 던져짐||
quest_dialog_452|Looking for a righteous adventurer ready to help me with an urgent issue. I rather not write here about the nature of this task. Should you be interested come talk to me directly for further instructions![nl]- Magister Kujala||Estou procurando um aventureiro honrado que esteja pronto para me ajudar com um problema urgente. Prefiro não escrever aqui sobre a natureza desta tarefa. Se você estiver interessado, fale comigo diretamente para obter mais instruções![nl]- Magister Kujala|Ищу праведного искателя приключений, готового помочь мне с неотложной проблемой. Я бы предпочел не писать здесь о сути этой задачи. Если вам интересно, обращайтесь ко мне напрямую за дальнейшими инструкциями![nl]- Magister Kujala|尋找一位正直的冒險家，準備幫我解決一個緊急問題。[nl]我不想在這裡寫這個任務的性質。[nl]如果你有興趣，可以直接來找我獲取進一步的指示！[nl]- Magister Kujala|緊急の問題を手伝ってくれる正義の冒険者を探している。この任務の内容はここには書きたくない。興味があれば直接私に会いに来てくれ！|정의로운 모험가를 찾습니다. 긴급한 문제로 도와줄 준비가 된 분을 찾고 있어요. 이 임무의 성격에 대해서는 여기에 쓰고 싶지 않습니다. 관심 있으시면 저를 직접 찾아오세요.||
quest_name_475|Mysterious Key||Chave Misteriosa| Таинственный Ключ|神秘鑰匙|謎の鍵|수수께끼 열쇠||
quest_description_475|Use the key somewhere in Dhorn Farum||Use a chave em algum lugar de Dhorn Farum| Используйте ключ где-нибудь в Дорн Фаруме.|把鑰匙用在迪霍法洛姆的某個地方|ドーン・ファルムのどこかで鍵を使え|도른 파룸 어딘가에서 열쇠를 사용하십시오.||
quest_objective_475_1|Keyhole found||Buraco de fechadura encontrado| Замочная скважина найдена|找到鑰匙孔|鍵穴を発見|열쇠 구멍 발견||
quest_name_476|The Book of Soulforge – page 11||O Livro da Forja da Alma – Página 11| Книга Соулфорджа – страница 11|靈魂之書 – 第11頁|ソウルフォージの書 - 11ページ|소울 포지의 책 – 11 페이지||Fragment mystérieux
quest_description_476|Find page 11 from Gurag in The King’s Throne.||Mate Gurag e encontre a página 11 do Livro da Forja da Alma.|Убейте Гурага и найдите страницу 11 Книги Душеплавания.|在國王寶座擊敗古拉格並找到《靈魂鍛造之書》第 11 頁。|グラグを倒してソウルフォージの書11ページを見つけろ。|구라그를 처치하고 소울포지의 책 11 페이지를 찾으십시오.|Besiege Gurag und finde Seite 11 des Buches der Seelenschmiede.|Tuez Gurag et trouvez la page 11 du Livre de la Forge des Âmes.|Derrota a Gurag y encuentra la página 11 del Libro de la Forja de Almas.|Pokonaj Guraga i znajdź stronę 11 Księgi Kuźni Dusz.
quest_objective_476_1|Book of Soulforge page collected||Página do Livro da Forja da Alma coletada| Страница книги Soulforge собрана|收集靈魂之書書頁|ソウルフォージの書のページ入手済み|소울 포지의 책 페이지 수집||Trouver Örre le forgeron
quest_name_477|The Book of Soulforge – page 12||O Livro da Forja da Alma – Página 12| Книга Соулфорджа – страница 12|靈魂之書 – 第12頁|ソウルフォージの書 - 12ページ|소울 포지의 책 – 12 페이지||Le sceau grandiose - partie 1
quest_description_477|Find page 12 from The Reaper in The Death’s Breach.||Mate o Ceifador e encontre a página 12 do Livro da Forja da Alma.|Победите Жнеца и найдите страницу 12 Книги Душеплавания.|在死亡之口擊敗死神並找到《靈魂鍛造之書》第 12 頁。|リーパーを倒してソウルフォージの書12ページを見つけろ。|사신을 처치하고 소울포지의 책 11 페이지를 찾으십시오.|Besiege den Schnitter und finde Seite 12 des Buches der Seelenschmiede.|Vainquez le Faucheur et trouvez la page 12 du Livre de la Forge des Âmes.|Derrota a Reaper y encuentra la página 12 del Libro de la Forja de Almas.|Pokonaj Żniwiarza i znajdź stronę 12 Księgi Kuźni Dusz.
quest_objective_477_1|Book of Soulforge page collected||Página do Livro da Forja da Alma coletada| Страница книги Soulforge собрана|收集靈魂之書書頁|ソウルフォージの書のページ入手済み|소울 포지의 책 페이지 수집||Braggite collectée
quest_name_478|The Book of Soulforge – page 13||O Livro da Forja da Alma – Página 13| Книга Соулфорджа – страница 13|靈魂之書 – 第13頁|ソウルフォージの書 - 13ページ|소울 포지의 책 – 13 페이지||Le sceau grandiose - partie 2
quest_description_478|Find and help Hurnir inside the Pyramid and retrieve the missing page.||Encontre e ajude Hurnir dentro da Pirâmide e recupere a página perdida.| Найдите и помогите Хурниру внутри Пирамиды вернуть пропавшую страницу.|在金字塔內找到並幫助赫尼爾，取回遺失的書頁|ピラミッドの中でフルニルを見つけて助け、失われたページを回収しろ。|피라미드 내부에서 후르닐을 찾아 돕고, 잃어버린 페이지를 회수하십시오.||Récupérez de l'essence des dieux sur les boss.
quest_objective_478_1|Find and help Hurnir||Encontre e ajude Hurnir| Найдите и помогите Хурниру|找到並幫助赫尼爾|フルニルを見つけて助ける|후르닐을 찾고 돕기||Essence des dieux collectée
quest_objective_478_2|Find page 13 from Anubis in The Tomb of the Fallen King.||Derrote Anubis e colete a página 13|Победите Анубиса и соберите страницу 13.|在墮落之王陵墓擊敗阿努比斯並取得第 13 頁。|アヌビスを倒して13ページを回収|아누비스 처치 및 13 페이지 수집|Besiege Anubis und sammle Seite 13|Vainquez Anubis et récupérez la page 13.|Derrota a Anubis y consigue la página 13|Pokonaj Anubisa i zbierz stronę 13
quest_name_479|The Book of Soulforge – page 14||O Livro da Forja da Alma – Página 14| Книга Соулфорджа – страница 14|靈魂之書 – 第14頁|ソウルフォージの書 – ページ14|소울 포지의 책 – 14 페이지||Le sceau grandiose - partie 3
quest_description_479|Find page 14 from Damien in The Altar of Lost Souls.||Encontre a página 14 no Altar das Almas Perdidas.|Найдите страницу 14 в «Алтаре потерянных душ».|在失落靈魂祭壇擊敗達米安並找到第 14 頁。|失われた魂の祭壇でページ14を見つける。|잃어버린 영혼의 제단에서 14 페이지를 찾으십시오. |Finde Seite 14 auf dem Altar der verlorenen Seelen.|Trouvez la page 14 dans l'Autel des Âmes Perdues.|Encuentra la página 14 en el Altar de las Almas Perdidas.|Znajdź stronę 14 w Ołtarzu Zgubionych Dusz.
quest_objective_479_1|Book of Soulforge page collected||Página do Livro da Forja da Alma coletada| Страница книги Soulforge собрана|收集靈魂之書書頁|ソウルフォージの書ページ収集済み|소울 포지의 책 페이지 수집||Gemme collectée
quest_name_480|The Book of Soulforge – page 15||O Livro da Forja da Alma – Página 15| Книга Соулфорджа – страница 15|靈魂之書 – 第15頁|ソウルフォージの書 – ページ15|소울 포지의 책 – 15 페이지||
quest_description_480|Find page 15 from The Karp King in The Emperor’s Chamber.||Estripe o Rei Carpa na Câmara do Imperador e colete a página 15.|Выпотрошите короля Карпа в Императорской палате и заберите страницу 15.|在皇帝密室擊敗卡普國王並找到《靈魂鍛造之書》第 15 頁。|皇帝の間でカープ王を倒し、ページ15を集める。|황제의 방에서 카프 왕을 처치하고 15 페이지를 수집하십시오. |Besiege König Karp in der Kaiserkammer und sammle Seite 15.|Éliminez le Roi Karp dans la Chambre de l'Empereur et récupérez la page 15.|Derrota al Rey Karp en la Cámara del Emperador y recupera la página 15.|Zabij Króla Karpia w Komnacie Cesarza i zbierz stronę 15.
quest_objective_480_1|Book of Soulforge page collected||Página do Livro da Forja da Alma coletada| Страница книги Soulforge собрана|收集靈魂之書書頁|ソウルフォージの書ページ収集済み|소울 포지의 책 페이지 수집||
quest_name_481|The Book of Soulforge – page 16||O Livro da Forja da Alma – Página 16| Книга Соулфорджа – страница 16|靈魂之書 – 第16頁|ソウルフォージの書 – ページ16|소울 포지의 책 – 16 페이지||
quest_description_481|Find the final page from Satan in the Seventh Layer of Hell.||Derrote Satã na Sétima Camada do Inferno e colete a última página do Livro da Forja das Almas.|Победите Сатану на седьмом уровне ада и заберите последнюю страницу Книги Душеплавания.|在地獄第七層擊敗撒旦並取得《靈魂鍛造之書》的最後一頁。|地獄の第七層でサタンを倒し、ソウルフォージの書の最後のページを集める。|지옥의 7층에서 사탄을 처치하고 소울포지의 책 마지막 페이지를 수집하십시오.|Besiege Satan in der siebten Höllenschicht und sammle die letzte Seite des Buches der Seelenschmiede.|Vainquez Satan dans le Septième Cercle de l'Enfer et récupérez la dernière page du Livre de la Forge des Âmes.|Derrota a Satanás en el Séptimo Círculo del Infierno y recupera la última página del Libro de la Forja de Almas.|Pokonaj Szatana w Siódmej Warstwie Piekła i zbierz ostatnią stronę Księgi Kuźni Dusz.
quest_objective_481_1|Book of Soulforge page collected||Página do Livro da Forja da Alma coletada| Страница книги Soulforge собрана|收集靈魂之書書頁|ソウルフォージの書ページ収集済み|소울 포지의 책 페이지 수집||
quest_name_482|Essential Essence||Essência Essencial| Эссенция Эссенции|根本精華|エッセンシャル・エッセンス|정수 중의 정수||
quest_description_482|Obtain Soul Essence by slaying creatures and monsters.||Obtenha Essência das Almas matando criaturas e monstros.| Получайте Эссенцию Души, убивая существ и монстров.|透過殺死生物和怪物來獲得靈魂精華|クリーチャーやモンスターを倒して魂のエッセンスを入手する。|몬스터와 생명체를 처치하여 소울 에센스를 획득하십시오||
quest_objective_482_1|Soul essence collected||Essência da Alma coletada| Эссенция души собрана|靈魂精華收集完畢|魂のエッセンス収集済み|소울 에센스 수집||
quest_name_483|Seething Souls||Almas Agitadas| Бурлящие души|靈魂|シーシング・ソウルズ|끓어오르는 영혼들||
quest_description_483|Obtain Souls of fallen warriors from piles.||Obtenha Almas de guerreiros caídos de pilhas.| Соберите души павших воинов из куч.|從一堆死去的戰士中獲得靈魂|倒れた戦士の魂を集める。|전사들의 유해 더미에서 전사의 영혼을 수집하십시오.||
quest_objective_483_1|Warrior souls||Almas de Guerreiro| Души воинов|戰士的靈魂|戦士の魂|전사 영혼||
|||||||||||
[HS 2.0 ACT SIDEQUESTS]|||||||||||
quest_name_500|Pest Control||Controle de Pragas| Борьба с вредителями|害蟲防治|ペストコントロール|해충 박멸||Lutte contre les nuisibles
quest_description_500|Find and kill Fragrat in Rat Den||Encontre e Mate Fragrat na Toca de Ratos| Найдите и убейте Фраграта в Крысином логове.|在鼠洞中發現並殺死弗拉格拉特|ラットデンでフラグラットを見つけて倒す|쥐 소굴에서 프래그랫을 찾아 처치하십시오.||Trouver et tuer Fragrat dans le repaire des rats
quest_objective_500_1|Fragrat slain||Fragrat morto| Фраграт убит|消滅弗拉格拉特|フラグラット討伐済み|프래그랫 처치||Fragrat tué
quest_name_501|Hunger Issue||Problemas de Fome| Проблема голода|飢餓問題|飢えの問題|굶주림 문제||Lutte contre la faim
quest_description_501|Collect ingredients to the maggot stew and cook it||Colete os ingredientes para o ensopado de larvas e cozinhe-o| Соберите ингредиенты для рагу из личинок и приготовьте его.|收集蛆湯的原料並烹飪|マゴットシチューの材料を集めて調理する|구더기 스튜에 들어갈 재료를 모아 요리하십시오.||Récupérez les ingrédients du ragoût d'asticots et faites-le cuire.
quest_objective_501_1|Maggots collected||Larvas coletada| Собранные личинки|收集蛆蟲|マゴット収集済み|구더기 수집||Asticots collectés
quest_objective_501_2|Crimson Pumpkins harvested||Abóboras Carmesim colhidas| Собран урожай малиновых тыкв|收成深紅色南瓜|クリムゾンパンプキン収穫済み|붉은 호박 수확||Citrouilles cramoisies récoltées
quest_objective_501_3|Maggot stew cooked||Ensopado de larvas cozinhado| Тушеная личинка приготовлена|燉蛆蟲|マゴットシチュー調理済み|구더기 스튜 조리 완료||Ragoût d'asticots cuit
quest_name_502|Murder of Crows||Murder of Crows| Убийство Воронов|烏鴉謀殺案|カラスの群れ|까마귀들의 학살||Meurtre de corbeaux
quest_description_502|Head into the Black Tower and bring Ahriman the head of Commander Albert, then head to the Northern Post and find his spellbook.||Vá até a Torre Negra e traga para Ahriman a cabeça do Comandante Albert, então vá até o Posto do Norte e encontre seu livro de feitiços| Отправляйтесь в Черную Башню и принесите Ариману голову Командира Альберта.|進入黑塔，取得指揮官阿爾伯特的頭顱，並把頭顱交給Ahriman，[nl]然後前往北方哨所，找到他的魔法書|ブラックタワーへ行き、アルバート司令官の頭部をアリマンに届ける。その後、ノーザンポストへ向かい彼の呪文書を見つける。|검은 탑으로 가서 아리만에게 커맨더 알버트의 머리를 가져가십시오. 이후 북부 전초기지로 가서 그의 주문서를 찾으십시오||Trouvez le livre de sorts d'Ahriman dans le donjon de Gurag.
quest_objective_502_1|Spellbook found||Livro de feitiços encontrado| Найдена книга заклинаний|找到魔法書|呪文書発見済み|주문서 발견||Livre de sorts trouvé
quest_objective_502_2|Commander Albert's Head||Cabeça do Comandante Albert| Голова Командира Альберта|指揮官阿爾伯特的頭顱|アルバート司令官の頭部|커맨더 알버트의 머리||
quest_name_503|Help Anita||Ajude Anita| Помогите Аните|幫助Anita|アニタを助ける|아니타를 도와줘||Aidez Anita
quest_description_503|Collect ginseng plants||Colete plantas de Ginseng| Собирайте растения женьшеня.|採集人參|人参（ジンセン）を集める|인삼을 채집하십시오.||Récolter des racines de ginseng
quest_objective_503_1|Ginseng collected||Ginseng coletado| Женьшень собран|採集到的人參|人参収集済み|인삼 수집||Ginseng collecté
quest_name_504|Lost Belongins||Pertences Perdidos| Потерянные вещи|遺失的物品|失われた持ち物|잃어버린 소지품||Affaires égarées
quest_description_504|Find Anita's Herbs||Encontre as ervas de Anita| Найдите травы Аниты|尋找Anita的草藥|アニタのハーブを見つける|아니타의 약초를 찾으십시오.||Trouver les herbes d'Anita
quest_objective_504_1|Herb Pouch||Bolsa de Ervas| Мешочек с травами|香草袋|ハーブポーチ|약초 주머니||Pochette d'herbes
quest_objective_504_2|Frost Dill||Dill Congelado| Морозный укроп|霜蒔蘿|フロストディル|프로스트 딜||Aneth givré
quest_objective_504_3|Loska||Loska| Лоска|洛斯卡|ロスカ|로스카||Loska
quest_objective_504_4|Vermroot||Vermroot| Вермрут|蠕蟲根|バームルート|버름루트||Racine de Verm
quest_objective_504_5|Fanglen||Fanglen| Фанглен|方格倫|ファングレン|팡글렌||Fanglen
quest_name_505|The Revenant||O Revenã| Ревенант|荒野獵人|レヴナント|망령||The Revenant
quest_description_505|Track and kill Carnage at the Glacial Trail||Rastreie e mate a Carnificina na Trilha Glacial| Выследите и убейте Карнажа на Ледниковой тропе|追蹤並殺死冰川足跡≤2-5≥上的屠戮者|グレイシャルトレイルでカーネイジを追跡し討伐する|빙하 흔적에서 카니지를 추적하고 처치하십시오.||Traquez et tuez Carnage sur la piste glaciaire
quest_objective_505_1|Track Carnage||Carnificina rastreado| Трек Карнаж|追蹤屠戮者|カーネイジ追跡済み|카니지 추적||Pister Carnage
quest_objective_505_2|Kill Carnage||Mate Carnificina| Убить Карнажа|殺死屠戮者|カーネイジ討伐済み|카니지 처치||Tuer Carnage
quest_objective_505_3|Skin Carnage's hide||Esfole pele de Carnificina|Шкура Карнажа|屠戮者的皮|カーネイジの皮を剥ぐ|카니지의 가죽 채집||Dépiauter Carnage
quest_name_506|Whip It Good||Bate bem| Взбейте его хорошо|不錯的鞭子|ウィップ・イット・グッド|웹의 재주||Bien fouetter
quest_description_506|Find Jasper's whip at Mos'Arathim Desert||Encontre o chicote de Jasper no Deserto de Mos’Arathim| Найдите кнут Джаспера в пустыне Мос'Аратим.|在莫斯阿拉辛沙漠≤3-3≥找到Jasper的鞭子|モスアラシム砂漠でジャスパーのムチを見つける|모스’아라팀 사막에서 재스퍼 채찍을 찾으십시오.||Trouvez le fouet de Jasper dans le désert de Mos'Arathim.
quest_objective_506_1|Whip collected||Chicote coletado| Кнут собран|收集的鞭子|ムチ収集済み|웹 수집||Fouet collecté
quest_name_507|We Are Gonna Be Rich!||Nós Vamos Ficar Ricos!| Мы будем богаты!|我們將變得富有！|リッチになるぞ！|우리는 부자가 될거야!||Nous allons être riches !
quest_description_507|Find the Ancient Map in Cauflax Tomb||Encontre o mapa antigo na Tumba de Cauflax| Найдите древнюю карту в гробнице Кофлакса|在卡夫拉克斯墓中尋找古代地圖|コフラックス墓地で古代の地図を見つける|카우플락스 무덤에서 고대지도를 찾으시시오.||Trouvez l'ancienne carte dans la tombe de Cauflax
quest_objective_507_1|Map found||Mapa encontrado| Карта найдена|找到地圖|地図発見済み|지도 발견||Carte trouvée
quest_name_508|Raider of the Lost Staff||Incursor do Cajado Perdido| В поисках утраченного посоха|奪寶奇兵|失われた杖の襲撃者|잃어버린 지팡이의 약탈자||A la recherche du bâton perdu
quest_description_508|Find Staff of Anubis inside Mysterious Pyramid||Encontre o Cajado de Anubis dentro da Piramide Misteriosa| Найдите Посох Анубиса внутри Таинственной Пирамиды|在神秘金字塔內尋找阿努比斯之杖|ミステリアスピラミッドの中でアヌビスの杖を見つける|신비로운 피라미드 안에서 아누비스의 지팡이를 찾으십시오.||Trouver le bâton d'Anubis dans la mystérieuse pyramide
quest_objective_508_1|Staff found||Cajado encontrado| Персонал найден|找到阿努比斯之杖|杖発見済み|지팡이 발견||Bâton trouvé
quest_name_509|Devil's Cabbage||Repolho do Diabo| Дьявольская капуста|惡魔高麗菜|デビルズキャベツ|악마의 양배추||Marie-jeanne
quest_description_509|Collect herbs for Ragnar in Old Copper Mine||Colete ervas para Ragnar na Antiga Mina de Cobre| Соберите травы для Рагнара в Старом медном руднике.|在舊銅礦為拉格納收集草藥|オールドカッパーマインでラグナーのためにハーブを集める|오래된 구리 광산에서 라그나르를 위해 약초를 수집하십시오.||Aider Ragnar a retrouver Marie-jeanne dans l'ancienne mine de cuivre.
quest_objective_509_1|Devil's Cabbage collected||Repolho do Diabo coletado| Собранная дьявольская капуста|收集的惡魔高麗菜|デビルズキャベツ収集済み|악마의 양배추 수집||Marie-jeanne retrouvée
quest_name_510|Search for Hurrdurr – part 1||Busca por Hurrdurr – parte 1| Поиск Hurrdurr – часть 1|尋赫爾杜爾–第1部分|ハーダール捜索 – パート1|후르더르 수색 – 1부||Recherche de Hurrdurr - partie 1
quest_description_510|Find out what happened to Hurrdurr||Descubra o que aconteceu com Hurrdurr| Узнайте, что случилось с Хуррдурром|了解赫爾杜爾的遭遇|ハーダールに何が起こったか調べる|후르더르에게 무슨일이 있었는지 알아보세요||Découvrez ce qui est arrivé à Hurrdurr
quest_objective_510_1|Abandoned Mine searched||Mina Abandonada procurada| Заброшенная шахта найдена|搜尋廢棄礦井|廃坑捜索済み|버려진 광산을 수색||Mine abandonnée fouillée
quest_name_511|Search for Hurrdurr – part 2||Busca por Hurrdurr – parte 2| Поиск Хурдурр – часть 2|搜尋赫爾杜爾–第2部分|ハーダール捜索 – パート2|후르더르 수색 – 2부||Recherche de Hurrdurr - partie 2
quest_description_511|Find Hurrdurr in Damien's Altar||Encontre Hurrdurr no Altar de Damien| Найдите Хуррдурра в алтаре Дэмиена.|在達米恩祭壇找到赫爾杜爾|ダミアンの祭壇でハーダールを見つける|데미언의 제단에서 후르더르를 찾으세요||Trouver Hurrdurr dans l'autel de Damien
quest_objective_511_1|Hurrdurr located||Hurrdurr localizado| Хуррдурр расположен|找到赫爾杜爾|ハーダール発見済み|후르더르 발견||Hurrdurr localisé
quest_objective_511_2|Knights defeated||Cavaleiros derrotados| Рыцари побеждены|打敗騎士們|騎士たち討伐済み|나이트 처치||Chevaliers vaincus
quest_objective_511_3|Hurrdurr raptured||Hurrdurr arrebatado| Хуррдурр восхищен|赫爾杜爾被救走|ハーダール昇天済み|후르더르 구출||Hurrdurr sauvé
quest_name_512|Bamboozled||Enganado| Обманули|愚弄|バンブーズルド|속았다||Bambobiner
quest_description_512|Gather materials for fishing equipment||Reúna materiais para equipamentos de pesca| Собрать материалы для рыболовного снаряжения|收集釣魚裝備的材料|釣り道具の材料を集める|낚시 장비 재료를 모으세요||Rassembler les matériaux pour l'équipement de pêche
quest_objective_512_1|Bamboo sticks||Varas de bambu| Бамбуковые палочки|竹棍|竹棒|대나무 막대||Tiges de bambou
quest_objective_512_2|Rod crafted||Vara criada| Стержень изготовлен|製作魚竿|釣り竿作成済み|낚시대 제작||Canne à pêche fabriquée
quest_name_513|Hook on the Line||Anzol na Linha| Крючок на леске|鉤在弦上|フック・オン・ザ・ライン|갈고리를 던져라||Hameçon sur la ligne
quest_description_513|Find spiderwebs and a viable hook||Encontre teias de aranha e um gancho viável| Найдите паутину и подходящий крючок|找到蜘蛛網和一個可用的魚鉤|クモの巣と使えるフックを見つける|거미줄과 사용할 수 있는 갈고리를 찾으세요||Trouvez des toiles d'araignée et un hameçon viable
quest_objective_513_1|Spiderwebs||Teias de aranha| Паутина|蜘蛛網|クモの巣収集済み|거미줄||Toiles d'araignée
quest_objective_513_2|Hook||Gancho| Крюк|魚鉤|フック収集済み|갈고리||L'hameçon
quest_name_514|Fish for the Greedy||Peixe para os Gananciosos| Рыба для жадных|貪婪的魚|貪欲な釣り|탐욕의 물고기||Pêche pour les gourmands
quest_description_514|Find Aki in Temple of Zamjo and rescue him||Encontre Aki no Templo de Zamjo e salve-o| Найдите Аки в храме Замджо и спасите его.|在山廟≤5-5≥找到Aki並救他|ザムジョ神殿でアキを見つけて救出する|잠조 사원에서 아키를 구출하세요||Trouvez Aki dans le Temple de Zamjo et sauvez-le.
quest_objective_514_1|King Tuna slain||King Tuna derrotado| Король Туна убит|擊敗鮪魚王|キングツナ討伐済み|참치 왕 처치||Roi Thon tué
quest_objective_514_2|Aki rescued||Aki salvo| Аки спасён|救出Aki|アキ救出済み|아키 구출||Aki sauvé
quest_name_515|The Eternal Chalice||O Cálice Eterno| Вечная Чаша|永恆的聖杯|永遠の聖杯|영원의 성배||Le calice éternel
quest_description_515|Get the Eternal Chalice in the Steam Train||Pegue o Cálice Eterno no Trem a Vapor|Получите Вечную Чашу в Паровозе|在蒸氣火車≤6-4≥上獲得永恆的聖杯|蒸気機関車で永遠の聖杯を手に入れる|증기 기관차에서 영원의 성배를 입수하세요.||Obtenez le calice éternel dans le train à vapeur.
quest_objective_515_1|Eternal Chalice collected||Cálice Eterno coletado| Вечная Чаша собрана|收集永恆的聖杯|永遠の聖杯収集済み|영원한 성배 입수||Calice éternel collecté
quest_name_516|Souls of the Damned||Alma dos Condenados| Души Проклятых|詛咒的靈魂|呪われた者の魂|저주 받은 자들의 영혼||Âmes des damnés
quest_description_516|Harvest the souls in Prison, find a seal in Unmarked Graves and purify the souls||Colha as almas na Prisão, encontre um selo nas Sepulturas Não Marcadas e purifique as almas| Собирайте души в тюрьме|在監獄地牢≤6-3≥中收割靈魂， 在無標記墳墓找到印章並淨化這些靈魂|刑務所で魂を収穫し、無印の墓地で封印を見つけて魂を浄化する|감옥에서 영혼을 수확하고, 표식 없는 무덤에서 봉인을 찾아 영혼을 정화하세요||Récoltez les âmes dans la prison, trouvez un sceau dans la tombe anonyme et purifiez les âmes.
quest_objective_516_1|Souls harvested||Almas colhidas| Души собраны|收穫的靈魂|魂収穫済み|영혼 수확||Âmes récoltées
quest_objective_516_2|Souls purified||Almas purificadas| Души очищены|靈魂淨化|魂浄化済み|영혼 정화||Âmes purifiées
quest_name_517|Lilith||Lilith| Лилит|莉莉絲|リリス|릴리스||Lilith
quest_description_517|...||…| ...|...|…|...||...
quest_objective_517_1|Kill Lilith||Mate Lilith| Убить Лилит|殺死莉莉絲|リリスを倒す|릴리스 처치||Tuer Lilith
quest_objective_517_2|Lilith's Black Heart taken||Coração Negro de Lilith tomado| Черное Сердце Лилит взято|奪走莉莉絲的黑心|リリスのブラックハート入手済み|릴리스의 검은 심장 획득||Coeur noir de Lilith récupéré
quest_name_518|The Perfect Spot||O Lugar Perfeito| Идеальное место|完美地點|完璧な場所|완벽한 장소||L'endroit parfait
quest_description_518|Clear the area around Moira's telescope in Deep Space||Limpe a área em volta do telescópio de Moira no Espaço Profundo| Очистите территорию вокруг телескопа Мойры в Глубоком космосе.|清理莫伊拉在深空望遠鏡周圍的區域|ディープスペースのモイラの望遠鏡周辺を浄化する|깊은 공간에 있는 모이라의 망원경 주변을 정리하세요||Nettoyer la zone autour du télescope de Moira dans l'Espace profond.
quest_objective_518_1|Area cleared||Área limpa| Территория очищена|已清理區域|エリア浄化済み|구역 정리 완료||Zone dégagée
quest_name_519|Drink Tea||Beba Chá| Пить чай|喝茶|お茶を飲む|차 마시기||Boire du thé
quest_description_519|Drink stardust infused tea||Beba Chá Infundido de Poeira Estelar| Пейте чай, настоянный на звездной пыли.|喝下含星塵的茶|星屑入りのお茶を飲む|스타더스트가 든 차를 마시세요||Thé infusé à la poussière d'étoiles
quest_objective_519_1|Tea drunk||Chá bebido| Чай выпитый|喝茶|お茶を飲んだ|차를 마심||Thé bu
quest_name_520|Stardust Poisoning||Intoxicação de Poeira Estelar| Отравление звездной пылью|星塵中毒|星屑中毒|스타더스트 중독||Empoisonnement à la poussière d'étoiles
quest_description_520|Find antidote in Distorted Horizons||Encontre o Antídoto nos Horizontes Distorcidos| Найдите противоядие в Distorted Horizons|在扭曲地平線中尋找解藥|ディストーテッドホライズンズで解毒剤を見つける|뒤틀린 지평선에서 해독제를 찾으세요||Trouvez l'antidote dans l'horizon distordu.
quest_objective_520_1|Antidote found||Antídoto encontrado| Противоядие найдено|發現解藥|解毒剤発見済み|해독제 찾음||Antidote trouvé
quest_objective_520_2|Antidote consumed||Antídoto consumido| Противоядие потреблено|服用解藥|解毒剤使用済み|해독제 복용||Antidote consommé
quest_name_521|The Bestest Tea||O Melhor Chá| Лучший чай|最好的茶|最高のお茶|최고의 차||Le meilleur thé
quest_description_521|Find ingredients at the Parallel Dimension||Encontre Ingredientes nas Dimensões Paralelas| Найдите ингредиенты в Parallel Dimension|在平行維度≤7-4≥上尋找成分|パラレルディメンションで材料を見つける|평행 차원에서 재료를 찾으세요||Trouver les ingrédients dans la dimension parallèle
quest_objective_521_1|Cosmic Roots||Raízes Cósmicas| Космические Корни|宇宙根|コズミックルーツ|코스믹 루트||Racines cosmiques
quest_objective_521_2|Nebula Lily||Lírio de Nébula| Туманность Лили|星雲百合|ネビュラリリー|네뷸라 릴리||Lys nébuleux
quest_objective_521_3|Anti-matter shroom||Cogumelo Antimatéria| Антиматерия гриб|反物質蘑菇|アンチマターシュルーム|안티매터 쉬룸||Champignon anti-matière
quest_objective_521_4|Schrödinger's Cat||Gato de Schrödinger| Кот Шредингера|薛定格的貓|シュレーディンガーズキャット|슈뢰딩거 캣||Chat de Schrödinger
quest_name_522|Caravan Valley|||Караван Вэлли|商隊山谷||캐러밴 계곡|||Valle de la Caravana|
quest_description_522|Escort the wagon through the Caravan Valley.|||Сопроводите повозку через долину Караванов.|護送貨車穿過商隊山谷。||캐러밴 계곡을 지나 수레를 호위하세요.|||Escolta el carro a través del Valle de la Caravana.|
quest_objective_522_1|Wagon Escorted|||Вагон с сопровождением|已護送貨車||수레 호위 완료|||Carro escoltado|
quest_name_523|Black Plague|||Черная смерть|黑死病||검은 흑사병|||Peste Negra|
quest_description_523|Slay Black Plague in the town square inside the town of Lamia|||Уничтожьте Черную чуму на городской площади в городе Ламия|在拉米亞城鎮廣場上討伐黑死病||라미아 마을 내부의 마을 광장에서 검은 흑사병을 처치하세요.|||Derrota a la Peste Negra en la plaza central de la ciudad de Lamia.|
quest_objective_523_1|Black Plague slain|||Черная смерть поразила|已討伐黑死病||검은 흑사병 처치 완료|||Peste Negra derrotada|
|||||||||||
[Additional side quests]|||||||||||
quest_name_600|Olof’s Medicine||Remédio de Olof| Медицина Олофа|奧洛夫的藥|オロフの薬|올로프의 약||
quest_description_600|Find Olof’s medicine from an ice crack in Arctic Tundra||Encontre o remédio de Olof em uma rachadura de gelo na Tundra do Ártico| Найдите лекарство Олофа в трещине льда в арктической тундре|從北極凍土圈≤2-3≥的冰縫中找到奧洛夫的藥|北極ツンドラの氷の割れ目からオロフの薬を見つける|북극 툰두라의 얼음 균열에서 올로프의 약을 찾으세요||
quest_objective_600_1|Medicine collected||Remédio coletado| Собранные лекарства|收集的藥物|薬を回収した|약을 획득||
|||||||||||
[MAIN QUEST]|||||||||||
quest_name_1000|Corrupted Nature||Natureza Corrompida| Испорченная природа|腐敗自然|堕落した自然|타락한 자연||Nature corrompue
quest_description_1000|Kill Scorchwood in the River of Inoya.||Mate Madeira Chamuscada no Rio de Inoya| Убейте Скорчвуда в реке Иноя.|殺死伊諾亞之河中的焚木|イノヤ川でスコーチウッドを倒す。|이노야의 강에서 스코치우드를 처치하세요.||Tuez Bois brûlé dans la rivière d'Inoya.
quest_objective_1000_1|Scorchwood killed||Madeira Chamuscada morto| Скорчвуд убит|擊殺焚木|スコーチウッドを倒した|스코치우드 처치||Bois brûlé tué
quest_name_1001|Sarcaster's coffee beans|Sarcasterin kahvipavut|Os grãos de café de Sarcaster| Кофейные зерна Саркастера|Sarcaster的咖啡豆|サーカスターのコーヒー豆|사캐스터의 커피  콩|Sarcasters Kaffeebohnen|Grains de café de Sarcaster
quest_description_1001|Retrieve Sarcaster's coffee beans from the Waypoint in Outskirts of Inoya.|Hae Sarcasterin kahvipavut tason I alueen I reittipisteeltä.|Recupere os grãos de café de Sarcaster no Waypoint da Zona I do Act I.|Заберите кофейные зерна Саркастера из контрольной точки на окраине Инои.|從伊諾亞郊區≤1-1≥傳送點取回Sarcaster的咖啡豆。|幕 I のゾーン I のボスからサーカスターのコーヒー豆を取り戻してください。|Act I의 첫 번째 구역 보스에게서 사캐스터의 커피 콩을 되찾아오십시오.|Sammle Sarcasters Kaffeebohnen von Wegpunkt AKT I Zone I.|Récupérez les grains de café de Sarcaster au point de passage de l'Acte I de la Zone I.
quest_objective_1001_1|Coffee beans retrieved.|Kahvipavut haettu.|Grãos de café recuperados.| Извлечены кофейные зерна.|已取得咖啡豆。|コーヒー豆が取り戻されました。|커피 콩 횟수.|Kaffeebohnen gesammelt.|Grains de café récupérés.
quest_name_1002|Bricks.. So many Bricks|Tiiliä... Niin paljon tiiliä|Tijolos... Tantos tijolos| Кирпичи.. Так много кирпичей.|磚塊…好多磚塊|レンガ…たくさんのレンガ|벽돌이.. 너무나 많네|Ziegel .. So viele Ziegel|Des briques. Tellement de briques
quest_description_1002|Collect Bricks from destructible objects anywhere.|Kerää tiiliä laatikoista.|Colete tijolos de caixas.| Собирайте кирпичи из разрушаемых объектов в любом месте.|從箱子中收集磚塊。|箱からレンガを集めましょう。|파괴 가능한 오브젝트에서 벽들을 모으세요.|Sammle Ziegel ??aus Kisten.|Collecter des briques dans des par ci, par là.
quest_objective_1002_1|Bricks collected.|Tiiltä kerätty.|Tijolos coletados.| Кирпичи собраны.|已收集的磚塊。|レンガが集められました。|벽돌 수집.|Ziegel gesammelt.|Briques collectées.
quest_name_1003|Hot Water|Kuumaa vettä|Água Quente| Горячая вода|熱水|ホットウォーター|뜨거운 물|Heisses Wasser|Eau chaude
quest_description_1003|Collect hot water from The Pumpkin Patch.|Kerää kuumaa vettä tason I alueelta III.|Colete água quente no Ato I Zona III.| Наберите горячей воды на тыквенной грядке.|從南瓜田≤1-3≥收集熱水。|パンプキンパッチから温かい水を集める。|호박 밭에서 뜨거운 물을 수집하세요.|Sammle heisses Wasser aus AKT I Zone III|Collectez de l'eau chaude aux Champs de citrouilles.
quest_objective_1003_1|Hot water collected|Kuumaa vettä kerätty.|Água quente coletada.| Горячая вода собрана|已收集的熱水。|温かい水を集めました|뜨거운 물 수집|Heisses Wasser gesammelt.|Eau chaude collectée
quest_objective_1003_2|Kill the Colossal Pumpkin in Pumpkin Cellar||Mate a Abóbora Colossal no Porão de Abóboras| Убейте гигантскую тыкву в тыквенном погребе|殺死南瓜地窖裡的巨型南瓜|パンプキンセラーでコロッサルパンプキンを倒す|호박 저장실에서 콜로셜 펌프킨 처치||
quest_name_1021|Purging the Lands||Purgando as Terras| Очищение земель|淨化這片土地|土地の浄化|대지의 정화||Purger les contrées
quest_description_1021|Collect body parts from monsters and bring them to Magister Kujala in the Fields of Battle.||Colete partes de corpo de monstros e traga-os para o Magister Kujala nos Campos de Batalha.| Собирайте части тел монстров и приносите их магистру Куджале на полях битвы.|從怪物身上收集身體部位， 並將它們帶到戰場之地≤1-2≥上的Magister Kujala|モンスターの体の一部を集めて、戦場の野でマジスター・クヤラに持っていく。|몬스터들의 신체 부위를 수집하여 전장의 매지스터 쿠잘라에게 가져가세요.||Collectez des morceaux de corps sur les monstres et apportez-les au Magister Kujala dans les champs de bataille.
quest_objective_1021_1|Body parts collected|Ruumiinosia kerätty|Partes do corpo coletadas| Собранные части тела|已收集身體部位|体の一部を回収|신체 부위 수집|Koerperteile gesammelt|morceaux de corps collectées
quest_name_1022|Shock Therapy|Shokkiterapiaa|Terapia de Choque| Шоковая терапия|震撼療法|ショック・セラピー|충격 요법|Schocktherapie|Thérapie de choc
quest_description_1022|Use the Shocker-3000 to shock monsters.|Käytä Sähkötin-3000 vihollisten sähkötykseen.|Use o Shocker-3000 para eletrocutar os inimigos.| Используйте Шокерr-3000, чтобы поражать монстров током.|用任務給予的[震撼器-3000]遺物震撼敵人。|ショッカー-3000を使って敵に衝撃を与えてください。|적들에게 쇼커-3000을 사용하십시오.|Verwende den Shocker-3000, um Feinde zu schocken.|Utilisez le Choc-3000 pour choquer les monstres.
quest_objective_1022_1|Enemies shocked|Vihollista sähkötetty|Inimigos eletrocutados| Враги в шоке|已震撼的敵人|敵が衝撃を受けました|충격받은 적|Feinde geschockt|Ennemis choqués
quest_name_1023|Corruptor of the Forest|Metsän korruptoija|Corruptor da Floresta| Осквернитель леса|森林的腐化者|森林の堕落者|숲의 타락자|Verderber des Waldes|Corrupteur de la forêt
quest_description_1023|Find Gurag in King’s Throne and kill him! Report to Gunhild Yngouf in Danethorpe.||Encontre Gurag no Trono do Rei e mate-o! Reporte para Gunhild Yngouf em Danethorpe.| Найдите Гурага в Королевском Троне и убейте его! Доложите Гунхильд Ингуф в Данеторпе.|在國王寶座中找到古拉格並殺死他！  之後向鄧恩斯洛普的Gunhild Yngouf報告|キングズスローンでグラグを見つけて倒せ！ダネソプのグンヒルド・インゴウフに報告しよう。|왕의 왕좌에서 구라그를 찾아 처치하세요! 이후 데인소프의 군힐드 용오우프에게 보고하세요||Trouvez Gurag dans la salle du throne et tuez-le ! Faites votre rapport à Gunhild Yngouf à Danethorpe.
quest_objective_1023_1|Gurag slain|Gurag surmattu|Gurag morto| Гураг убит|殺死古拉格|グラグ討伐済み|구라그 처치|Gurag getoetet|Gurag tué
quest_name_1024|Provide your aid||Forneça sua ajuda| Окажите свою помощь|提供援助|援助を提供せよ|당신의 도움이 필요해요||Apportez votre aide
quest_description_1024|Kill monsters in the lands of Danethorpe. Meet Halstein at the Chilling Lake to claim your reward.||Mate monstros nas terras de Danethorpe, encontre-se com Meet Halstein no Lago Gelado para receber sua recompensa.| Убивайте монстров в землях Дэнторпа. Встретьтесь с Хальстейном у Холодного озера, чтобы получить свою награду.|在鄧恩斯洛普的土地上殺死怪物。  在寒冷之湖≤2-2≥找到Halstein，領取你的獎勵|ダネソプの地でモンスターを倒せ。報酬を受け取るためにチリングレイクでハルステインに会おう。|데인소프 지역의 몬스터들을 처치하세요. 얼어붙은 호수에서 할스타인과 만나 보상을 받으세요.||Tuez des monstres dans les environs de Danethorpe. Retrouvez Halstein au lac gelé pour réclamer votre récompense.
quest_objective_1024_1|Frost Goblins slain||Goblins de Gelo derrotados| Убито ледяных гоблинов|擊殺地精|フロストゴブリン討伐済み|프로스트 고블린 처치||Gobelins de givre tués
quest_objective_1024_2|Frost Skeletons slain||Esqueletos de Gelo derrotados| Убито ледяных скелетов|擊殺骷髏|フロストスケルトン討伐済み|프로스트 스켈레톤 처치||Squelettes de givre tués
quest_objective_1024_3|Frost Dragons slain||Dragões de Gelo derrotados| Убиты ледяные драконы|擊殺龍|フロストドラゴン討伐済み|프로스트 드래곤 처치||Dragons de givre tués
quest_objective_1024_4|Ice Elementals slain||Elementais de Gelo derrotados| Убиты ледяные элементали|擊殺冰元素|アイスエレメンタル討伐済み|아이스 엘리멘탈 처치||
quest_name_1025|Icy Enchanters|Jäiset noidat|Encantadores Gelados|Ледяные Чародеи|寒冰詠唱者|氷の魔術師たち|얼어붙은 인챈터|Eiszauberer|Enchanteurs de Glace|Encantadores de Hielo|Lodowi Zaklinacze
quest_description_1025|Interrupt frozen portals in Snowy Mountains and meet me at the entrance of the Glacial Trail!||Interrompa portais congelados em Montanhas Nevadas e encontre-me na entrada da Trilha Glacial!|Прервите замороженные порталы в Снежных горах и встретитесь со мной у входа на Ледниковую тропу!|中斷在雪山≤2-4≥出現的傳送門，  之後在冰川足跡≤2-5≥入口處與我見面！|スノウィマウンテンで凍ったポータルを妨害し、グレイシャルトレイルの入り口で私と会おう！|설산에서 얼어붙은 포탈을 무력화하고, 빙하 흔적 입구에서 나를 만나세요!||Interrompez les portails gelés dans les montagnes enneigées et retrouvez-moi à l'entrée de la piste glaciaire !
quest_objective_1025_1|Portals interrupted|Portaalia estetty|Portais interrompidos| Порталы прерваны|中斷的傳送門|ポータル妨害済み|닫은 포탈|Portalebeschoerung unterbrochen|Portails interrompus
quest_name_1026|Death Itself|Kuolema itse|A Própria Morte| Сама Смерть|死亡本身|死そのもの|죽음 그 자체|Selbst ist der Tod|Mort elle-même
quest_description_1026|Kill Grim Reaper in the Death’s Breach!|Surmaa Viikatemies tasossa II.|Mate o Ceifador na Fenda da Morte| Убейте Мрачного Жнеца в Разломе Смерти!|在死亡之口殺死死神。|デスズ・ブリーチでグリムリーパーを倒せ！|죽음의 틈에서 사신을 처치하세요!|Besiege den Sensenmann in AKT II.|Tuez la Faucheuse sinistre dans la brèche de la Mort !
quest_objective_1026_1|Grim Reaper slain|Viikatemies surmattu|Ceifador morto| Мрачный Жнец убит|殺死死神|グリムリーパー討伐済み|사신 처치|Sensenmann getoetet|Faucheuse sinistre tué
quest_name_1027|Save the Innocent!|Pelasta viattomat!|Salve os inocentes!| Спасите невинных!|拯救無辜者！|罪なき者を救え！|무고한자들을 구하라!|Rette die Unschuldigen!|Sauvez les innocents !
quest_description_1027|Escort prisoners to the Waypoint in the Corrupted Oasis.||| Сопроводите заключенных к контрольной точке в Оскверненном оазисе.|護送囚犯到腐敗的綠洲≤3-1≥的傳送點|コラプテッドオアシスで囚人たちをウェイポイントまで護衛しよう。|포로들을 호위하여 부패한 오아시스의 웨이포인트까지 데려가세요.||
quest_objective_1027_1|Prisoners saved|Vankia pelastettu|Prisioneiros salvos| Заключенные спасены|拯救囚徒|囚人救出済み|포로 구출|Gefangene gerettet|Prisonniers sauvés
quest_name_1028|Purify the sands of Mos’Arathim||Purifique as areais de Mos’Arathim| Очистите пески Мос'Аратима|淨化莫斯阿拉辛的沙土|モ스・アラシムの砂を浄化せよ|모스’아라팀의 모래를 정화하라||Purifiez les sables de Mos'Arathim
quest_description_1028|Slay monsters around the desert and meet me in the second floor of the Pyramid.||Derrote monstros ao redor do deserto e encontre-me no segundo andar da Pirâmide.| Уничтожай монстров по всей пустыне и встреться со мной на втором этаже Пирамиды.|殺死在沙漠周圍的怪物，  之後在金字塔二樓見我|砂漠周辺のモンスターを討伐し、ピラミッドの2階で私と会おう。|사막 지역의 몬스터들을 처치하고, 피라미드 2층에서 나를 만나세요.||Tuez des monstres dans le désert et retrouvez-moi au deuxième étage de la Pyramide.
quest_objective_1028_1|Skeletons slain|Luurankoa surmattu|Esqueletos mortos| Скелеты убиты|消滅的骷髏|スケルトン討伐済み|스켈레톤 처치|Skelette getoetet|Squelettes tués
quest_objective_1028_2|Orcs slain|Örkkiä surmattu|Orcs mortos| Орки убиты|消滅的獸人|オーク討伐済み|오크 처치|Orcs slain|Orques tués
quest_objective_1028_3|Desert Beasts slain|Hiekkapetoja surmattu|Bestas do Deserto mortas| Убиты пустынные звери|消滅的沙漠野獸|デザートビースト討伐済み|데저트 비스트 처치|Wuestentiere getoetet|Bêtes du désert tuées
quest_objective_1028_4|Sand Wasps slain|Hiekka-ampiaista surmattu|Vespas de Areia mortas| Песчаные осы убиты|消滅的沙漠黃蜂|サンドワスプ討伐済み|샌드 와스프 처치|Sandwespen getoetet|Guêpes des sables tuées
quest_objective_1028_5|Mummies slain|Muumiota surmattu|Múmias mortas| Мумии убиты|消滅的木乃伊|ミイラ討伐済み|미라 처치|Mumien toeten|Momies tuées
quest_objective_1028_6|Shadow Anomalies slain|Varjo-olentoa surmattu|Anomalias das Sombras mortas| Аномалии теней уничтожены|消滅的陰影異常|シャドウアノマリー討伐済み|섀도우 아노말리 처치|Shadow Anomalies getoetet|Anomalies de l'ombre tuées
quest_name_1029|Protector of Graves|Hautojen suojelija|Protetor de Sepulturas| Защитник могил|墳墓的保護者|墓を守る者|무덤의 수호자|Beschuetzer des Pharaonengrabes|Protecteur des tombes
quest_description_1029|Kill Anubis in the Tomb of the Fallen King!|Surmaa Anubis tasossa III.|Mate Anúbis na Tumba do Rei Caído!| Убейте Анубиса в Гробнице Падшего Короля!|在墮落之王陵墓殺死阿努比斯。|フォールンキングの墓でアヌビスを倒せ！|쓰러진 왕의 무덤에서 아누비스를 처치하세요!|Toetet Anubis in AKT III.|Tuez Anubis dans la tombe du roi déchu !
quest_objective_1029_1|Anubis slain|Anubis surmattu|Anúbis morto| Анубис убит|殺死阿努比斯|アヌビス討伐済み|아누비스 처치|Anubis getoetet|Anubis tué
quest_name_1030|Dungeon Master|Luolamestari|Mestre da Masmorra| Мастер Подземелий|地下城主|ダンジョンマスター|던전 마스터|Dungeon Master|Maître du donjon
quest_description_1030|Clear the Old Copper Mine nearby the Old Mining Village!||Limpe a Antiga Mina de Cobre perto da Antiga Vila Mineradora| Очистите старый медный рудник рядом со старой шахтерской деревней!|清理舊礦村≤4-1≥附近的舊銅礦井|オールドマイニングヴィレッジ近くのオールドカッパーマインを浄化せよ！|오래된 구리 광산 근처에 있는 구리광산을 정화하세요!||Dégagez l'ancienne mine de cuivre près de l'ancien village minier !
quest_objective_1030_1|Collector of Bones slain||Coletor de Ossos morto| Собиратель костей убит|殺死骨骸收藏家|コレクター・オブ・ボーンズ討伐済み|콜렉터 본 처치||Collectionneur d'os tué
quest_objective_1030_2|Goblins Killed||Goblins derrotados| Гоблины убиты|殺死地精|ゴブリン討伐済み|고블린 처치||
quest_name_1031|Precious Equipment||Equipamento Precisoso| Драгоценное оборудование|貴重設備|貴重な装備|귀중한 장비||
quest_description_1031|Gather mining equipment and purge the undead from Highland Mines, bring the equipment to Thastun in the Corrupted Caves||Reúna equipamentos de mineração e elimine os mortos-vivos das Minas das Terras Altas, leve os equipamentos para Thastun nas Cavernas Corrompidas| Соберите горнодобывающее оборудование и очистите Хайленд Майнс от нежити.|收集採礦設備並清除高地礦場≤4-2≥中的亡靈，  將設備帶給腐化洞穴≤4-3≥中的Thastun|採掘装備を集めてハイランドマインのアンデッドを一掃し、コラプテッドケイブのサストゥンに届けよう。|고지 광산에서 채굴 장비를 수집하고 언데드를 처치한 뒤, 부패한 동굴에 있는 타스툰에게 장비를 가져가세요.||
quest_objective_1031_1|Mining Equipment Retrieved||Equipamentos de Mineração Recuperados| Горнодобывающее оборудование получено|回收的採礦設備|採掘装備回収済み|채굴 장비 횟수 완료||
quest_objective_1031_2|Cave Slimes killed||Gosmas da Caverna mortos| Пещерные слизни убиты|擊殺洞穴史萊姆|ケイブスライム討伐済み|케이브 슬라임 처치||
quest_objective_1031_3|Skull Crawlers killed||Caveiras Rastejantes mortos| Черепа-ползуны убиты|擊殺骷髏爬行者|スカルクローラー討伐済み|스컬 크롤러 처치||
quest_name_1032|Prove Yourself|Näytä taitosi|Prove-se| Докажи Себя|證明自己|自らを証明せよ|자신을 증명하라|Sich selbst beweisen|Faites vos preuves
quest_description_1032|Kill enemies with the Flail.|Surmaa vihollisia varstalla.|Mate inimigos com o Mangual.|Убивайте врагов с помощью цепа.|用任務給予的[連枷]遺物殺死敵人。|フ레イルで敵を倒せ。|플레일로 적을 처치하세요.|Toete Feinde mit dem Dreschflegel.|Tuez des ennemis avec le fléau.
quest_objective_1032_1|Enemies slain|Vihollista surmattu|Inimigos mortos| Враги убиты|殺死的敵人|敵討伐済み|적 처치|Gegner getoetet|Ennemis tués
quest_name_1033|Demon´s Lair||Covil do Demônio| Логово Демона|惡魔的巢穴|悪魔の巣窟|데몬 둥지||
quest_description_1033|Find and kill the Damned Commander and slay his minions.||Encontre e mate o Comandante Maldito e elimine seus lacaios.| Найдите и убейте Проклятого Командира и уничтожьте его приспешников.|找到並殺死被詛咒的指揮官，  以及他的僕從|ダムドコマンダーを見つけて倒し、その配下も全滅させよ。|저주받은 커맨더를 찾아 처치하고 그의 부하들을 처치하세요.||
quest_objective_1033_1|Damned Commander killed||Comandante Maldito morto| Проклятый Командир убит|殺死位於≤4-4≥被詛咒的指揮官|ダムドコマンダー討伐済み|저주받은 커맨더 처치||
quest_objective_1033_2|Enemies slain||Inimigos eliminados| Враги убиты|殺死的敵人|敵討伐済み|적 처치||
quest_name_1034|Damien, Son of Satan|Damien, Saatanan poika|Damien, filho de Satã| Дэмиен|達米安，撒旦之子|ダミアン、サタンの息子|사탄의 아들, 데미언|Damien, Sohn Satans|Damien, fils de Satan
quest_description_1034|Kill Damien in the Altar of Lost Souls!||Mate Damien no Altar das Almas Perdidas| Убейте Дэмиена на Алтаре Потерянных Душ!|在失落靈魂祭壇殺死達米安|ロストソウルズの祭壇でダミアンを倒せ！|잃어버린 영혼의 제단에서 데미언을 처치하세요!||Tuez Damien dans l'autel des âmes perdues !
quest_objective_1034_1|Damien slain|Damien surmattu|Damien morto| Дэмиен убит|殺死達米安|ダミアン討伐済み|데미언 처치|Damien wurde getoetet|Damien tué
|||||||||||
[KARP OF DOOM]|||||||||||
quest_name_1035|Corrupted Statues|Korruptoituneet patsaat|Estátuas Corrompidas| Испорченные статуи|腐敗的雕像|堕落した像|타락한 조각상들|Verderbte Statuen|Statues corrompues
quest_description_1035|Destroy corrupted statues and purge the infestation inside the Underground Gardens located in Misty Swamps.||Destrua as estátuas corrompidas e expurgue a infestação dentro dos Jardins Subterrâneos localizado no Pântano Enevoado| Уничтожьте зараженные статуи и очистите Подземные сады, расположенные в Туманных болотах, от заражения.|摧毀腐敗的雕像，  並清除位於迷霧沼澤≤5-2≥地下花園內的蟲害|ミスティスワンプの地下庭園にある堕落した像を破壊し、侵食を浄化せよ。|안개 낀 늪의 지하 정원에 있는 타락한 조각상들을 파괴하고 내부의 감염을 정화하세요.||
quest_objective_1035_1|Corrupted statues destroyed|Patsasta tuhottu|Estátuas corrompidas destruídas| Поврежденные статуи уничтожены|摧毀腐敗的雕像|堕落した像破壊済み|타락한 조각상 파괴|Verderbte Statuen zerstört|Statues corrompues détruites
quest_objective_1035_2|Garden Colossus slain||Colosso do Jardim derrotado| Садовый Колосс убит|擊殺花園巨像|ガーデンコロッサス討伐済み|가든 콜러서스 처치||
quest_name_1036|Stop the Invasion|Pysäytä tunkeutujat|Pare a Invasão| Остановить вторжение|阻止入侵|侵略を阻止せよ|침략을 막아라|Stoppen Sie die Invasion|Arrêtez l'invasion
quest_description_1036|Bomb the ships at the edge of Fuji Coast!|Pommita veneitä tason V alueen III laidalla.|Bombardeie os Navios nas bordas do Litoral de Fuji| Бомбите корабли на краю побережья Фудзи!|使用任務給予的[海軍炸彈]遺物轟炸富士海岸≤5-3≥邊緣的船隻。|フジ海岸の端で船を爆破せよ！|후지 해안끝자락에 있는 배들을 폭파 시키세요!|Bombardieren Sie die Schiffe am Rande von Act V Zone III.|Bombarde les navires au bord de la côte de Fuji !
quest_objective_1036_1|Ships sunk|Venettä upotettu|Navios afundados| Корабли затоплены|船隻沉沒|船撃沈済み|선박 침몰|Schiffe versenkt|Navires coulés
quest_name_1037|We Feast on Fish|Kalasaalis|Nos Deliciamos com Peixes| Мы пируем рыбой|大口吃魚|我らは魚を食らう|우리는 생선을 먹는다|Wir essen Fisch|Nous nous régalons de poissons
quest_description_1037|Capture fishes with fish trap in the Sea of Karponia and  Temple of Zamjo.|Saalista kalaa kala-ansalla tason V alueella IV tai V.|Capture Peixes com Armadilhas no Mar de Karponia e Templo de Zamjo.| Поймайте рыбу с помощью ловушки в море Карпония и храме Замджо.|在卡普尼亞之海≤5-4≥和山廟≤5-5≥用任務給予的[魚籠]遺物捕獲魚類。|カルポニア海とザムジョ寺院で魚捕り用の罠を使って魚を捕獲せよ。|카르포니아의 바다와 잠조 사원에서 어망으로 물고기를 포획하세요|Fangen Sie Fische mit Fischfalle in Akt V Zone IV oder V.|Capturez des poissons à l'aide d'un piège à poissons dans la mer de Karponia et le temple de Zamjo.
quest_objective_1037_1|Fishes captured|Kalaa|Peixes capturados| Пойманных рыб|捕獲的魚|魚捕獲済み|잡은 물고기|Fische gefangen|Poissons capturés
quest_name_1038|Sushi Time!|Sushi-aika!|Hora do Sushi!| Время суши!|壽司時間！|寿司タイム！|스시 타임!|Sushi-Zeit!|C'est l'heure des sushis !
quest_description_1038|Kill Karp King in the Emperor’s Chamber!||Mate o Rei Carpa na Câmara do Imperador!| Убейте Карпа Кинга в покоях Императора!|在皇帝密室殺死卡普國王|エンペラーズチャンバーでカープキングを倒せ！|황제의 방에서 카프 왕을 처치하세요!||Tuez le roi Carpe dans la chambre de l'empereur !
quest_objective_1038_1|Karp King killed|Karppikuningas surmattu|Rei Carpa morto| Карп Кинг убит|殺死卡普國王|カープキング討伐済み|카프 왕 처치|Karp King getötet|Roi Carpe tué
|||||||||||
[DEPTHS OF HELL]|||||||||||
quest_name_1039|Preparation|Valmistautuminen|Preparação| Подготовка|準備|準備|준비|Vorbereitung|Préparation
quest_description_1039|Collect essence and retrieve Book of Command from the Graveyard!||Colete essência e recupere o Livro do Comando no Cemitério!| Соберите эссенцию и заберите Книгу Заповедей с Кладбища!|收集精華並從墓地取回命令之書！|エッセンスを集め、墓地から指令の書を回収せよ！|에센스를 수집하고 묘지에서 명령서의 책을 회수하세요!||Collecte l'essence et récupère le Livre de commandement dans le cimetière !
quest_objective_1039_1|Book of Command|Komentokirja|Livro do Comando| Книга Заповеди|命令書|指令の書回収済み|명령서의 책|Buch der Beherrschung|Livre de commandement
quest_objective_1039_2|Essence|Esanssia|Essência| Сущность|靈魂精隨|エッセンス取得済み|에센스|Essenz|Essence
quest_name_1040|Shut Down|Sammutus|Desligar| Неисправность|關掉|停止せよ|셧다운|Herunterfahren|Extinction
quest_description_1040|Close demonic portals around the Cathedral.||Feche portais demoníacos ao redor da Catedral.| Закройте демонические порталы вокруг Собора.|使用任務給予的[指揮書]遺物關閉在大教堂≤6-2≥周圍的惡魔傳送門|大聖堂周辺の悪魔のポータルを閉じろ。|대성당 주변의 데모닉 포탈을 닫으세요.||Fermer les portails démoniaques autour de la cathédrale.
quest_objective_1040_1|Portals closed|Portaalia suljettu|Portais fechados| Порталы закрыты|關閉傳送門|ポータル閉鎖済み|포탈 폐쇄|Portale geschlossen|Portails fermés
quest_name_1041|Highway to Hell|Valtatie Helvettiin|Estrada para o Inferno| Дорога в ад|通往地獄的公路|地獄への高速道路|지옥으로가는 고속도로|Autobahn zur Hölle|Autoroute de l'enfer
quest_description_1041|Clear cogs out of mysterious vines in the Steam Train.||Limpe as vinhas misteriosas de engrenagens no Trem a Vapor.|Очистите шестеренки от таинственных лоз в паровозе.|清除在蒸氣火車≤6-4≥齒輪上的神秘藤蔓|スチームトレインの謎の蔓から歯車を取り除け。|증기 기관차에서 톱니바퀴에 엉켜 있는 수상한 덩굴을 제거하세요.||Dégagez des lianes mystérieuses sur les engrenages dans le train à vapeur.
quest_objective_1041_1|Cogs cleared|Rattaita puhdistettu|Engrenagens Limpas| Шестеренки очищены|清除齒輪|歯車除去済み|톱니바퀴 청소|Zahnräder geräumt|Rouages dégagés
quest_name_1042|Summon Satan|Kutsu Saatana|Convocar Satã| Вызов Сатаны|召喚撒旦|サタンを召喚せよ|사탄 소환|Beschwöre Satan|Invoquer Satan
quest_description_1042|Kill Satan in the Seventh Layer of Hell!||Mate Satã na Sétima Camada do Inferno| Убейте Сатану в седьмом слое ада!|在地獄第七層殺死撒旦|地獄の第七層でサタンを倒せ！|지옥의 7층에서 사탄을 처치하세요!||Tuer Satan au septième étage de l'enfer !
quest_objective_1042_1|Satan killed|Saatana surmattu|Satã morto| Сатана убил|殺死撒旦|サタン討伐済み|사탄 처치|Satan getötet|Satan tué
|||||||||||
[WRATH OF MEVIUS]|||||||||||
quest_name_1043|Technology is Great|Teknologia on siistiä|A Tecnologia é Ótima| Технологии — это здорово|技術很棒|技術は偉大だ|기술은 위대하다|Technologie ist großartig|La technologie, c'est génial
quest_description_1043|Suck black holes with Sucker-5000 within Deep Space.||Aspire buracos negros com o Aspirador-5000 dentro do Tempo Perdido.| Засасывайте черные дыры с помощью Sucker-5000 в дальнем космосе.|用任務給予的[Sucker-5000]遺物在深空≤7-1≥中吸入黑洞|ディープスペースでサッカー5000を使ってブラックホールを吸い込め。|깊은 공간에서 서커-5000으로 블랙홀을 빨아들이세요||Aspirez les trous noirs avec Aspi-5000 dans la Zone I de l'Acte VII.
quest_objective_1043_1|Black holes captured|Mustaa-aukkoa kaapattu|Buracos negros capturados| Черные дыры захвачены|捕獲黑洞|ブラックホール捕獲済み|블랙홀 포획|Schwarze Löcher gefangen|Trous noirs capturés
quest_name_1044|Lock & Load!|Lataa ja varmista!|Travar & Carregar!| Заблокируйте и загрузите!|鎖定並加載！|ロック＆ロード！|락 & 로드!|Sichern und Laden!|Verrouillé et chargé !
quest_description_1044|Use Sucker-5000-B to capture enemies in Event Horizon.||Use o Aspirador-5000 para capturar inimigos nos Jardins Astrais.| Используйте Присоска-5000-B для захвата врагов в Горизонте событий.|用任務給予的[Sucker-5000-B]遺物捕獲視界≤7-2≥中的敵人|イベントホライゾンでサッカー5000-Bを使って敵を捕獲せよ。|사건의 지평선에서 서커-5000B로 적들을 포획하세요.||Utilisez Aspi-5000-B pour capturer des ennemis dans l'Acte VII Zone II ou III.
quest_objective_1044_1|Enemies captured|Vihollista kaapattu|Inimigos capturados| Враги захвачены|捕獲敵人|敵捕獲済み|적 포획|Feinde gefangen genommen|Ennemis capturés
quest_name_1045|Purge your demons!||Expurgue seus Demônios| Изгоните своих демонов!|清除你身上的惡魔|己の悪魔を浄化せよ！|내면의 악마를 정화하라!||Dégagez la zone !
quest_description_1045|Slay enemies within the Parallel Dimension… ||Mate inimigos dentro da Dimensão Paralela…| Уничтожайте врагов в Параллельном Измерении…|殺死在平行維度≤7-4≥內的敵人…|パラレルディメンション内で敵を討伐せよ…|평행차원 안에서 적들을 처치하세요…||Tuez les ennemis dans les zones IV et V de l'acte VII.
quest_objective_1045_1|Casket Horror||Horror do caixão| Ужас в гробу|恐怖棺材|キャスケットホラー|캐스켓 호러||Squelette fantôme
quest_objective_1045_2|Nightmare Priest||Sacerdote do Pesadelo| Кошмарный Священник|惡夢牧師|ナイトメアプリースト|나이트메어 프리스트||Archer fantôme
quest_objective_1045_3|Gnarler||Deformado| Гнарлер|納爾勒|グナーラー|나를러||Chevalier en armure
quest_objective_1045_4|Headless butler||Mordomo sem cabeça| Безголовый дворецкий|無頭管家|首なし執事|헤드리스 버틀러||Majordome sans tête
quest_name_1046|Master of Destruction|Tuhon mestari|Mestre da Destruição| Мастер Разрушения|毀滅大師|破壊の支配者|파괴의 마스터|Meister der Zerstörung|Maître de la destruction
quest_description_1046|Kill Mevius in the Verge of Insanity||Mate Mevius na Beira da Insanidade.| Убить Мевиуса на грани безумия|殺死在瘋狂邊緣的梅維烏斯|ヴァージ・オブ・インサニティでメビウスを倒せ|광기의 경계에서 뫼비우스를 처치하세요||Tuez Mevius dans l'Acte VII.
quest_objective_1046_1|Mevius killed|Mevius surmattu|Mevius morto| Мевиус убит|擊殺梅維烏斯|メビウス討伐済み|뫼비우스 처치|Mevius getötet|Mevius tué
|||||||||||
[EBONTHARN]|||||||||||
quest_name_1047|Scavenger´s Tavern|||Таверна мародера|拾荒者酒館||스캐빈저의 여관|||Taberna del Carroñero|
quest_description_1047|Find Scavenger´s Tavern and speak to Mariel|||Найдите таверну «Мусорщик» и поговорите с Мариэль|找到拾荒者酒館並與Mariel對話。||스캐빈저의 여관을 찾아 마리엘과 대화하세요|||Encuentra la Taberna del Carroñero y habla con Mariel.|
quest_objective_1047_1|Speak to Mariel|||Поговори с Мариэль|與Mariel對話||마리엘과 대화 완료|||Habla con Mariel.|
quest_name_1048|Captain Pelagios|||Капитан Пелагиос|佩拉吉奧斯船長||캡틴 펠라기오스|||Capitán Pelagios|
quest_description_1048|Find Captain Pelagios in the Karros Aegeus.|||Найдите капитана Пелагиоса в Карросе Эгее.|在卡洛斯·愛琴海號上找到Captain Pelagios。||카로스 에게우스에서 캡틴 펠라기오스를 찾으세요.|||Encuentra al Capitán Pelagios en el Karros Aegeus.|
quest_objective_1048_1|Speak to Captain Pelagios|||Поговорите с капитаном Пелагиосом|與佩拉吉奧斯船長對話||캡틴 펠라기오스와 대화 완료|||Habla con el Capitán Pelagios.|
quest_name_1049|Secrets of the Jungle|||Тайны джунглей|叢林之謎||정글의 비밀|||Secretos de la Jungla|
quest_description_1049|Go into the Abyss Jungle and find the Aztec Pyramid|||Идите в джунгли Бездны и найдите пирамиду ацтеков|進入深淵叢林≤9-1≥，尋找阿茲特克金字塔。||심연의 정글로 들어가 아즈텍 피라미드를 찾으세요|||Adéntrate en la Jungla del Abismo y encuentra la Pirámide Azteca.|
quest_objective_1049_1|Kaelith found within the Aztec Pyramid|||Каэлит нашел внутри пирамиды ацтеков|在阿茲特克金字塔內找到Kaelith。||아즈텍 피라미드 내부에서 카엘리스 발견 완료|||Kaelith encontrado en la Pirámide Azteca|
quest_name_1050|The Trident|||Трезубец|三叉戟||삼지창|||El Tridente|
quest_description_1050|Venture into Shipwreck Cove and find Blacksmith Brooks|||Отправляйтесь в Бухту Кораблекрушений и найдите кузнеца Брукса|前往沉船海灣≤9-2≥並找到Blacksmith Brooks。||난파선 만으로 모험을 떠나 대장장이 브룩스를 찾으세요|||Adéntrate en la Ensenada del Naufragio y encuentra al Herrero Brooks.|
quest_objective_1050_1|Speak to Blacksmith Brooks|||Поговорите с кузнецом Бруксом|與鐵匠布魯克斯對話||대장장이 브룩스와 대화 완료|||Habla con el Herrero Brooks.|
quest_name_1051|Cursed Wealth|||Проклятое богатство|詛咒財富||저주받은 재물|||Riqueza Maldita|
quest_description_1051|Meet Blacksmith Brooks inside the Skull Cave located somewhere in Shipwreck Cove|||Найдите кузнеца Брукса внутри Черепного грота, расположенного где-то в Бухте Кораблекрушений|在位於沉船灣某處的骷髏洞窟內，與鐵匠布魯克斯會面。||난파선 만 어딘가에 위치한 해골 동굴 내부에서 대장장이 브룩스를 만나세요|||Encuentra al Herrero Brooks dentro de la Cueva del Cráneo, ubicada en algún lugar de la Ensenada del Naufragio.|
quest_objective_1051_1|Find Skull Cave and Brooks|||Найдите Пещеру Черепов и Брукса|找到骷髏洞窟與布魯克斯||해골 동굴 및 브룩스 발견 완료|||Encuentra la Cueva del Cráneo y a Brooks.|
quest_name_1052|Secrets of the Vault|||Секреты хранилища|寶庫祕密||보물고의 비밀|||Secretos de la Cripta|
quest_description_1052|Delve deeper in to the cave. Find the Secret Chamber, obtain the trident piece and bring it to Mariel in the Karros Aegeus.|||Углубитесь в пещеру. Найдите Секретную комнату, добыстите кусок трезубца и принесите его Мариэль в Каррос Эгей.|深入洞窟，找到密室取得三叉戟碎片，並將其帶給卡洛斯·愛琴海號上的Mariel。||동굴 더 깊은 곳으로 들어가세요. 비밀의 방을 찾아 삼지창 조각을 획득한 뒤 카로스 에게우스에 있는 마리엘에게 가져가세요.|||Adéntrate más en la cueva. Encuentra la Cámara Secreta, obtén el fragmento del Tridente y llévaselo a Mariel en el Karros Aegeus.|
quest_objective_1052_1|Trident Piece found|||Найденная часть трезубца|已找到三叉戟碎片||삼지창 조각 획득 완료|||Fragmento del Tridente encontrado|
quest_name_1053|Reef of Torment|||Риф Мучений|折磨之礁||고통의 암초|||Arrecife del Tormento|
quest_description_1053|Meet Lennorth in the Tormented Reef|||Встретьтесь с Леннортом в Мучимом Рифе|在折磨之礁找到Lennorth。||고통받는 암초에서 레노스를 만나세요|||Encuentra a Lennorth en el Arrecife Atormentado.|
quest_objective_1053_1|Carpenter Lennorth found|||Плотник Леннорт нашёл|找到Carpenter Lennorth||목수 레노스 발견 완료|||Carpintero Lennorth encontrado|
quest_name_1054|Within the Beast|||Внутри зверя|巨獸之腹||야수의 내부|||Dentro de la Bestia|
quest_description_1054|Enter the Belly of the Beast within Tormented Reef, retrieve the Trident piece and bring it to Mariel in the Karros Aegeus.|||Войдите в чрево зверя в Мучимом рифе, добудьте часть Трезубца и принесите ее Мариэль в Каррос Эгей.|進入折磨之礁≤9-3≥內的巨獸之腹，取回三叉戟碎片並帶給卡洛斯·愛琴海號上的Mariel。||고통받는 암초 내부에 있는 야수의 배로 들어가 삼지창 조각을 회수하고 카로스 에게우스에 있는 마리엘에게 가져가세요.|||Entra en las Entrañas de la Bestia, dentro del Arrecife Atormentado, recupera el fragmento del Tridente y llévaselo a Mariel en el Karros Aegeus.|
quest_objective_1054_1|Trident Piece found|||Найден фрагмент трезубца|已找到三叉戟碎片||삼지창 조각 획득 완료|||Fragmento del Tridente encontrado|
quest_name_1055|Master of Arms|||Мастер оружия|武器大師||무기의 마스터|||Maestro de Armas|
quest_description_1055|Find Arms Master Sebastian in the Karros Aegeus.|||Найдите мастера оружия Себастьяна в Каррос Эгеус.|在卡洛斯·愛琴海號上找到Arms Master Sebastian。||카로스 에게우스에서 무기 마스터 세바스찬을 찾으세요.|||Encuentra al Maestro de Armas Sebastian en el Karros Aegeus.|
quest_objective_1055_1|Speak to Arms Master Sebastian|||Поговорите с мастером оружия Себастьяном|與Arms Master Sebastian對話||무기 마스터 세바스찬과 대화 완료|||Habla con el Maestro de Armas Sebastian.|
quest_name_1056|Land of Thousand Lights|||Земля тысячи огней|萬燈之境||천 개 빛의 땅|||Tierra de las Mil Luces|
quest_description_1056|Meet Arms Master Sebastian in the Boreal Island|||Встретьтесь с Мастером оружия Себастьяном на Северном острове|在極北之島≤9-4≥找到Arms Master Sebastian。||보레알 섬에서 무기 마스터 세바스찬을 만나세요|||Encuentra al Maestro de Armas Sebastian en la Isla Boreal.|
quest_objective_1056_1|Speak to Arms Master Sebastian|||Поговорите с мастером оружия Себастьяном|與Arms Master Sebastian對話||무기 마스터 세바스찬과 대화 완료|||Habla con el Maestro de Armas Sebastian.|
quest_name_1057|Dance of Light and Ice|||Танец света и льда|光與冰之舞||빛과 얼음의 춤|||Danza de Luz y Hielo|
quest_description_1057|Find the Boreal Cave within Boreal Island, retrieve the Trident piece and bring it to Mariel in the Karros Aegeus.|||Найдите Бореальную пещеру на Бореальном острове, заберите осколок Трезубца и принесите его Мариэль в Каррос Эгеус.|在極北之島≤9-4≥內找到北境洞穴，取回三叉戟碎片並帶給卡洛斯·愛琴海號上的Mariel。||보레알 섬 내부에 있는 보레알 동굴을 찾아 삼지창 조각을 회수하고 카로스 에게우스에 있는 마리엘에게 가져가세요.|||Encuentra la Cueva Boreal en la Isla Boreal, recupera el fragmento del Tridente y llévaselo a Mariel en el Karros Aegeus.|
quest_objective_1057_1|Trident Piece found|||Найден элемент Трезубца|已找到三叉戟碎片||삼지창 조각 획득 완료|||Fragmento del Tridente encontrado|
quest_name_1058|The Final Piece|||Последняя часть|最後的碎片||마지막 조각|||El Fragmento Final|
quest_description_1058|Find Mariel and Pelagios in the Volcanic Island|||Найдите Мариэль и Пелагиоса на Вулканическом острове|在火山島≤9-5≥找到Mariel與Captain Pelagios。||화산섬에서 마리엘과 펠라기오스를 찾으세요|||Encuentra a Mariel y Pelagios en la Isla Volcánica.|
quest_objective_1058_1|Mariel and Pelagios Found|||Мариэль и Пелагиос найдены|找到Mariel與Captain Pelagios||마리엘과 펠라기오스 발견 완료|||Mariel y Pelagios encontrados|
quest_name_1059|The Final Sacrifice|||Последняя жертва|最後的獻祭||마지막 희생|||El Sacrificio Final|
quest_description_1059|Find and explore the Cult Hideout within the Volcanic Island.|||Найдите и исследуйте Убежище секты на Вулканическом остроге.|找到並探索火山島≤9-5≥上的邪教徒藏身處。||화산섬 내부에 있는 광신도 은신처를 찾아 탐험하세요.|||Encuentra y explora el Escondite del Culto en la Isla Volcánica.|
quest_objective_1059_1|Cult Hideout Explored|||Убежище секты исследовано|探索邪教徒藏身處||광신도 은신처 탐험 완료|||Escondite del Culto explorado|
quest_name_1060|Abyssal Terror Awakened|||Пробудился бездонный ужас|深淵恐懼甦醒||깨어난 심연의 공포|||Terror Abisal Despertado|
quest_description_1060|Fight Cthulhu and end his reign|||Боритесь с Ктулху и положите конец его правлению|討伐克蘇魯並終結他的統治。||크툴루와 싸워 그의 지배를 끝내세요|||Enfréntate a Cthulhu y pon fin a su reinado.|
quest_objective_1060_1|Cthulhu slain|||Ктулху убит|擊敗克蘇魯||크툴루 처치|||Cthulhu derrotado|
|||||||||||
[MAIN NIGHTMARE]|||||||||||
quest_name_1101|Magic Stones||Pedras Mágicas| Волшебные камни|魔法石|魔法石|마법석||
quest_description_1101|Slay Commander Albert within the Black Tower in Woodhill Plains||Mate o Comandante Albert na Torre Negra nas Planícies Woodhill| Убейте Командира Альберта в Черной Башне на Вудхиллских равнинах.|擊殺在黑暗森林≤1-4≥黑塔内的指揮官阿爾伯特|ウッドヒル平原のブラックタワーでコマンダー・アルバートを倒せ|우드힐 평원의 검은 탑에서 커맨더 알버트를 처치하세요||
quest_objective_1101_1|Commander Albert slain||Comandante Albert morto| Командир Альберт убит|擊殺指揮官阿爾伯特|コマンダー・アルバート討伐済み|커맨더 알버트 처치||
quest_name_1102|The Wild Hunt||Pedras Mágicas| Дикая Охота|野外狩獵|ワイルドハント|야생의 사냥||
quest_description_1102|The Hunt is on! Slay the wild creatures and skeletons within Act II.||A caçada começou! Mate as criaturas selvagens e os esqueletos no Ato II.| Охота началась! Уничтожайте диких тварей и скелетов во втором акте.|狩獵開始了！在第二章中殺死野獸和骷髏|狩りの時間だ！Act II にて野生の生物とスケルトンを討伐せよ。|사냥이 시작됐다 Act II에서 야생 생물과 스켈레톤을 처치하세요.||
quest_objective_1102_1|Wild Creatures slain||Criaturas Selvagens eliminadas| Дикие существа убиты|殺死的野獸|野生生物討伐済み|야생 생물 처치||
quest_objective_1102_2|Skeletons slain||Esqueletos eliminados| Скелеты убиты|殺死的骷髏|スケルトン討伐済み|스켈레톤 처치||
quest_name_1103|Tomb Raider||Invasor de Tumbas| Расхитительница гробниц|古墓奇兵|墓荒らし|툼 레이더||
quest_description_1103|The pyramid is a sacred place taken over by the undead.. Purge them all!||A pirâmide é um local sagrado tomado pelos mortos-vivos. Expurgue todos eles!| Пирамида — священное место, захваченное нежитью. Уничтожьте их всех!|金字塔是一個被亡靈佔領的聖地。把他們全部清除！|ピラミッドは不浄なアンデッドに占拠された聖域だ… 全て浄化せよ！|피라미드는 언데드에게 점령당한 장소입니다.. 그들을 모드 정화하세요!||
quest_objective_1103_1|Desert Monsters slain||Monstros do Deserto mortos| Убиты пустынные монстры|殺死沙漠怪物|デザートモンスター討伐済み|사막 몬스터 처치||
quest_objective_1103_2|Pyramid Undead slain||Mortos-vivos da pirâmide mortos| Пирамида Нежить убита|殺死金字塔亡靈|ピラミッドのアンデッド討伐済み|피라미드 언데드 처치||
quest_name_1104|Secrets of Iron||Segredos do Ferro|Секреты железа|鐵的秘密|鉄の秘密|철의 비밀||
quest_description_1104|Mine Iron Ore for Kleiton and slay the Forge Master within the Abandoned Mine inside the Highland Mines.||Minere Minério de Ferro para Kleiton e mate o Mestre da Forja na Mina Abandonada dentro das Minas das Terras Altas.| Добудьте железную руду для Клейтона и убейте кузнеца в заброшенной шахте в шахтах Хайленда.|在高地礦場≤4-2≥中的廢棄礦井內開採克萊頓鐵礦石，並殺死鍛造大師|クレイトンのために鉄鉱石を採掘し、ハイランドマインのアバンダンドマイン内にいるフォージマスターを倒せ。|고지 광산의 버려진 광산에서 클레이튼을 위해 철광석을 채굴하고 포지 마스터를 처치하세요||
quest_objective_1104_1|Iron Ore Collected||Minério de Ferro Coletado| Собранная железная руда|收集到的鐵礦石|鉄鉱石収集済み|철 광석 수집||
quest_objective_1104_2|Forge Master slain||Mestre da Forja morto| Мастер кузницы убит|擊殺鍛造大師|フォージマスター討伐済み|포지 마스터 처치||
quest_name_1105|Warlord Training||Treinamento do Senhor da Guerra| Подготовка военачальника|軍閥訓練|ウォーロード訓練|워로드 트레이닝||
quest_description_1105|Train your combat skills and slay monsters within Act V.||Treine suas habilidades de combate e mate monstros no Ato V.| Тренируйте свои боевые навыки и убивайте монстров в Акте V.|訓練你的戰鬥技能，在第五章殺死怪物|Act Vで戦闘スキルを鍛え、モンスターを倒せ。|Act V에서 전투기술을 연마하고 몬스터를 처치하세요.||
quest_objective_1105_1|Monsters slain||Monstros eliminados| Убитые монстры|擊殺怪物|モンスター討伐済み|몬스터 처치||
quest_name_1106|Souls of the Dead||Almas dos Mortos| Души мертвых|死者的靈魂|死者の魂|죽은 자들의 영혼||
quest_description_1106|Slay monsters within Act VI and collect their essence.||Mate os monstros no Ato VI e colete a essência deles.| Уничтожайте монстров в шестом акте и собирайте их эссенцию.|在第六章中殺死怪物並收集它們的精華|Act VIでモンスターを倒し、そのエッセンスを集めよ。|Act VI에서 몬스터를 처치하고 그들의 에센스를 수집하세요.||
quest_objective_1106_1|Essence of Undead collected||Essência dos Mortos-vivos coletada| Эссенция нежити собрана|已收集的亡靈精華|アンデッドのエッセンス収集済み|언데드 에센스 수집||
quest_name_1107|Lost Manual||Manual Perdido| Потерянное руководство|手冊遺失|失われたマニュアル|일어버린 메뉴얼||
quest_description_1107|Retrieve Lost Manual from Distorted Horizons within the Event Horizon.||Recupere o Manual Perdido de Horizontes Distorcidos dentro do Horizonte de Eventos.| Извлеките утерянное руководство из искаженных горизонтов в пределах горизонта событий.|在視界≤7-2≥的扭曲地平線中取回遺失的手冊|イベントホライゾン内のディストーテッドホライゾンから失われたマニュアルを回収せよ。|사건의 지평선 내의 왜곡된 지평선에서 잃어버린 메뉴얼을 회수하세요.||
quest_objective_1107_1|Lost Manual collected||Manual Perdido coletado| Утерянное руководство собрано|已收集遺失的手冊|失われたマニュアル回収済み|잃어버린 메뉴얼 수집||
quest_name_1108|Eight Legged Monstrosities||Monstruosidades de Oito Pernas| Восьминогие чудовища|八條腿的怪物|八本足の怪物|여덣 다리의 괴물들||
quest_description_1108|Slay Helheim Arachnid within the Camp of Souls||Mate o Aracnídeo de Helheim dentro do Campo das Almas.| Убейте Хельхеймского паука в Лагере Душ.|在靈魂營≤8-4≥內殺死海爾海姆蜘蛛|ソウルズの野営地でヘルヘイム・アラクニドを討伐せよ|영혼의 캠프에서 헬헤임 아라크니드를 처치하세요||
quest_objective_1108_1|Helheim Arachnid slain||Aracnídeo de Helheim morto.| Хельхеймский паук убит|擊殺海爾海姆蜘蛛|ヘルヘイム・アラクニド討伐済み|헬헤임 아라크니드 처치||
|||||||||||
[MAIN HELL]|||||||||||
quest_name_1201|Grand Purge||O Grande Expurgo| Великая чистка|大清洗|大浄化|대 정화||
quest_description_1201|Slay monsters within Act I and then kill Gurag.||Mate monstros no Ato I e depois mate Gurag.| Уничтожьте монстров в первом акте, а затем убейте Гурага.|在第一章中殺死怪物，然後殺死古拉格|Act I のモンスターを討伐し、最後にグラーグを倒せ。|Act I에서 몬스터를 처치하고 구라그를 처치하세요.||
quest_objective_1201_1|Monsters slain||Monstros mortos| Убитые монстры|擊殺怪物|モンスター討伐済み|몬스터 처치||
quest_objective_1201_2|Gurag slain||Gurag morto| Гураг убит|擊殺古拉格|グラーグ討伐済み|구라그 처치||
quest_name_1202|Protect The Wilderness||Proteja a Natureza| Защитите дикую природу|保護荒野|荒野を守れ|야생의 보호||
quest_description_1202|Collect wild berries and slay monsters within Act II.||Colete frutas silvestres e mate monstros no Ato II.| Собирайте дикие ягоды и убивайте монстров во втором акте.|在第二章中收集野生莓果並殺死怪物|Act II で野生のベリーを集め、モンスターを討伐せよ。|Act II에서 야생 베리를 수집하고 몬스터를 처치하세요||
quest_objective_1202_1|Wild Berries collected||Frutas Silvestres coletadas| Лесные ягоды собраны|採集到野生莓果|野生のベリー収集済み|야생 베리 수집||
quest_objective_1202_2|Monsters slain||Monstros mortos| Убитые монстры|擊殺怪物|モンスター討伐済み|몬스터 처치||
quest_name_1203|Free Spirits||Espíritos Livres| Свободные Духи|自由精神|魂を解放せよ|자유로운 영혼들||
quest_description_1203|Free entrapped souls within Act III.||Liberte as almas aprisionadas no Ato III.| Освободите запертые души в третьем акте.|第三章中解放被困住的靈魂|Act III で囚われた魂を解放せよ。|Act III에서 갇힌 영혼들을 해방하세요.||
quest_objective_1203_1|Entrapped Souls freed||Almas Aprisionadas libertadas| Освобождены захваченные души|解放的靈魂|囚われた魂 解放済み|갇힌 영혼 해방||
quest_name_1204|Tarethium’s Essence||Essência de Tarethium| Эссенция Таретиума|Tarethium的精華|タレシウムのエッセンス|테레티움의 에센스||
quest_description_1204|Mine tarethium ore, jade ore and ruby ore for Kleiton.||Extrair minério de tarécio, minério de jade e minério de rubi para Kleiton. |Добыча таретиевой руды, нефритовой руды и рубиновой руды для компании Kleiton.|為克萊頓採集塔瑞斯姆礦石、翡翠礦石與紅寶石礦石。|クレイトンのために、タレチウム鉱石、翡翠鉱石、ルビー鉱石を採掘してください。 |클레이톤을 위해 타레티움 광석, 옥 광석, 루비 광석을 채굴하세요. |Abbau von Tarethium-, Jade- und Rubinerz für Kleiton. |Extraire du minerai de tarethium, du minerai de jade et du minerai de rubis pour Kleiton. |Extrae mineral de tarethium, mineral de jade y mineral de rubí para Kleiton. |Wydobywaj rudę tarethium, rudę jadeitu i rudę rubinu dla Kleitona.
quest_objective_1204_1|Tarethium Ore collected||Minério de Tarethium coletado| Собрана руда таретия|採集T礦|タレシウム鉱石 採掘済み|타레티움 광석 수집||
quest_objective_1204_2|Jade Ore collected||Minério de jade coletado|Добыта нефритовая руда|採集玉礦|已收集玉石矿石|옥 광석 채집|Jadeerz gesammelt|Minerai de jade récolté|Mineral de jade recolectado|Zebrano rudę jadeitu
quest_objective_1204_3|Ruby Ore collected||Minério de rubi coletado |Добыта рубиновая руда |採集紅寶石礦 |已收集红宝石矿石 |루비 광석 채집 |Rubinerz gesammelt |Minerai de rubis récolté |Mineral de rubí recolectado |Zebrano rudę rubinu 
quest_name_1205|Warlord’s Command||Comando do Senhor da Guerra|Приказ военачальника|軍閥司令部|ウォーロードの命令|워로드의 명령||
quest_description_1205|Slay monsters within Act V.||Mate monstros no Ato V.| Уничтожайте монстров в акте V.|在第五章殺死怪物|Act V にてモンスターを討伐せよ。|Act V에서 몬스터를 처치하세요.||
quest_objective_1205_1|Monsters slain||Monstros mortos| Убитые монстры|擊殺怪物|モンスター討伐済み|몬스터 처치||
quest_name_1206|Purification||Purificação| Очищение|淨化|浄化の儀|정화||
quest_description_1206|Destroy skull piles and slay monsters within Act VI.||Destrua pilhas de crânios e mate monstros no Ato VI.| Уничтожайте груды черепов и убивайте монстров в Акте VI.|摧毀骷髏堆，在第六章殺死怪物|Act VI で頭蓋骨の山を破壊し、モンスターを討伐せよ。|Act VI에서 해골 더미를 파괴하고 몬스터를 처치하십시오.||
quest_objective_1206_1|Skull Piles destroyed||Pilhas de Crânios destruídas| Черепа-кучи уничтожены|摧毀的骷髏堆|頭蓋骨の山 破壊済み|파괴한 해골 더미||
quest_objective_1206_2|Monsters slain||Monstros mortos| Убитые монстры|擊殺怪物|モンスター討伐済み|처치한 몬스터||
quest_name_1207|Fixing Glitches||Corrigindo Falhas| Исправление сбоев||グリッチ修正中|글리치 수정||
quest_description_1207|Destroy glitching objects within Act VII.||Destrua objetos com falhas no Ato VII.| Уничтожьте глючные объекты в VII акте.|在第七章中摧毀有故障的物體|Act VII にてバグったオブジェクトを破壊せよ。|Act VII에서 오류가 난 오브젝트를 파괴하십시오.||
quest_objective_1207_1|Glitches fixed||Falhas corrigidas| Исправлены глюки|修復故障|グリッチ 修正済み|수정한 글리치||
quest_name_1208|Cleansing Valhalla||Limpando Valhalla| Очищение Валгаллы|清理瓦爾哈拉|ヴァルハラの浄化|발할라 정화||
quest_description_1208|Slay monsters within Act VIII.||Mate monstros no Ato VIII.| Уничтожайте монстров в VIII акте.|在第八章殺死怪物|Act VIII にてモンスターを討伐せよ。|Act VIII에서 몬스터를 처치하십시오.||
quest_objective_1208_1|Monsters slain||Monstros mortos| Убитые монстры|擊殺怪物|モンスター討伐済み|몬스터 처치||
|||||||||||
[HELL 5 QUESTS]|||||||||||
quest_name_1250|WANTED: Shadow Reaper||PROCURA-SE: Ceifador das Sombras|РАЗЫСКИВАЕТСЯ: Shadow Reaper|通緝：死亡陰影 (殞落黑暗前置) |指名手配：シャドウ・リーパー|현상 수배: 섀도우 리퍼|GESUCHT: Schattenschnitter|RECHERCHÉ : Faucheur d'Ombre|
quest_description_1250|Collect dimensional shards from shadow realm, once you have obtained enough enter the portal within the realm and kill shadow reaper.||Colete fragmentos dimensionais do reino das sombras. Assim que tiver o suficiente, entre no portal dentro do reino e mate o Ceifador das Sombras.|Соберите пространственные осколки из царства теней, как только вы соберете достаточно, войдите в портал внутри царства и убейте Shadow Reaper.|從影之領域收集次元碎片， 收集到足夠的碎片後， 進入影之領域內的傳送門並殺死死亡陰影。 |シャドウ・レルムから次元の破片を集め、十分な量を集めたら、レルム内のポータルに入り、シャドウ・リーパーを倒せ。|섀도우 영역에서 차원 파편을 모으세요. 충분한 파편을 모으면 영역 내부의 차원문으로 들어가 섀도우 리퍼를 처치하세요.|Sammelt Dimensionssplitter aus dem Schattenreich. Sobald ihr genug habt, betretet das Portal im Reich und tötet Schattenschnitter.|Récupérez des éclats dimensionnels du Royaume des Ombres. Une fois que vous en avez obtenu suffisamment, entrez dans le portail et tuez le Faucheur d'Ombre.|
quest_objective_1250_1|Dimensional Shards collected||Fragmentos Dimensionais coletados|Пространственные осколки собраны|收集的次元碎片|次元の破片を集めた|차원 파편 수집|Dimensionssplitter gesammelt|Éclats dimensionnels collectés|
quest_objective_1250_2|Shadow Reaper slain||Ceifador das Sombras morto|Shadow Reaper убит|殺死死亡陰影|シャドウ・リーパーを倒した|섀도우 리퍼 처치|Schattenschnitter getötet|Faucheur d'Ombre tué|
quest_name_1251|WANTED: Sung Lee||PROCURA-SE: Sung Lee|РАЗЫСКИВАЕТСЯ: Sung Lee|通緝：李宋 (殞落黑暗前置) |指名手配：ソン・リー|현상 수배: 성 리|GESUCHT: Sung Lee|RECHERCHÉ : Sung Lee|
quest_description_1251|Collect battle fragments around the eternal battle field portal, once you have obtained enough enter the portal and kill sung lee.||Colete fragmentos de batalha ao redor do portal do campo de batalha eterno. Assim que tiver o suficiente, entre no portal e mate Sung Lee.|Соберите фрагменты битвы вокруг портала вечного поля битвы, как только вы соберете достаточно, войдите в портал и убейте Sung Lee.|收集永恆戰場傳送門周圍的戰鬥碎片， 收集到足夠的碎片後， 進入傳送門並殺死李宋。 |永遠の戦場ポータル周辺で戦闘の破片を集め、十分な量を集めたらポータルに入り、ソン・リーを倒せ。|영원한 전장 차원문 주변에서 전투 파편을 모으세요. 충분한 파편을 모으면 차원문으로 들어가 섀도우 리퍼를 처치하세요.|Sammelt Kampffragmente rund um das Portal des ewigen Schlachtfelds. Sobald ihr genug habt, betretet das Portal und tötet Sung Lee.|Récupérez des fragments de combat autour du portail du champ de bataille éternel. Une fois que vous en avez obtenu suffisamment, entrez dans le portail et tuez Sung Lee.|
quest_objective_1251_1|Battle Fragments collected||Fragmentos de Batalha coletados|Фрагменты битвы собраны|收集到的戰鬥碎片|戦闘の破片を集めた|전투 파편 수집|Kampffragmente gesammelt|Fragments de combat collectés|
quest_objective_1251_2|Sung Lee slain||Sung Lee morto|Sung Lee убит|殺死李宋|ソン・リーを倒した|성 리 처치|Sung Lee getötet|Sung Lee tué|
quest_name_1252|WANTED: Chaos Tower||PROCURA-SE: Torre do Caos|РАЗЫСКИВАЕТСЯ: Chaos Tower|通緝：混沌之塔|指名手配：カオスタワー|현상 수배: 카오스 타워|GESUCHT: Chaosturm|RECHERCHÉ : Tour du Chaos|
quest_description_1252|Enter a chaos tower and purge its floors from the undead.||Entre em uma torre do caos e purgue seus andares dos mortos-vivos.|Войдите в башню хаоса и очистите ее этажи от нежити.|進入混沌之塔，清除各樓層的亡靈。|カオスタワーに入り、各階からアンデッドを一掃せよ。|카오스 타워에 들어가 바닥에 있는 언데드를 제거하세요.|Betretet einen Chaosturm und befreit seine Stockwerke von Untoten.|Entrez dans une tour du Chaos et purgez ses étages des morts-vivants.|
quest_objective_1252_1|Chaos Tower floors cleared||Andares da Torre do Caos limpos|Этажи Chaos Tower очищены|已清理的混沌之塔|カオスタワーの各階を制圧した|카오스 타워 바닥 청소|Stockwerke des Chaosturms geräumt|Étages de la tour du Chaos nettoyés|
quest_name_1253|WANTED: Damien||PROCURA-SE: Damien|РАЗЫСКИВАЕТСЯ: Damien|通緝：達米安 (殞落黑暗前置) |指名手配：ダミアン|현상 수배: 데미안|GESUCHT: Damien|RECHERCHÉ : Damien|
quest_description_1253|Collect the parts from Gurag, Grim Reaper, Anubis, Damien, Karp King and Satan. After collecting the parts, craft a key of terror and speak to um in order to open a portal to fallen inoya and slay damien!||Colete as partes de Gurag, Ceifador, Anúbis, Damien, Rei Karp e Satã. Após coletar as partes, crie uma chave do terror e fale com Um para abrir um portal para Inoya caído e matar Damien!|Соберите детали Gurag, Grim Reaper, Anubis, Damien, Karp King и Satan. Собрав детали, создайте ключ ужаса и поговорите с um, чтобы открыть портал к падшей Инойе и убить Damien!|收集古拉格、死神、阿努比斯、達米安、卡普國王和撒旦的部位。 收集部位後， 製作一把恐怖之鑰， 與「um」對話， 打開通往陷落的伊諾亞的傳送門， 殺死達米安！ |グラグ、グリム・リーパー、アヌビス、ダミアン、カープ・キング、サタンのパーツを集めろ。パーツを集めたら恐怖の鍵を作り、ウムに話しかけて堕落したイノヤへのポータルを開き、ダミアンを倒せ！|구라그, 그림 리퍼, 아누비스, 데미안, 카프 킹, 사탄에게서 부품을 수집하세요. 부품을 모은 후, 공포의 열쇠를 제작하고 움과 대화하여 몰락한 이노야로 통하는 차원문을 열고 데미안을 처치하세요!|Sammelt die Teile von Gurag, Sensenmann, Anubis, Damien, Karp King und Satan. Nachdem ihr die Teile gesammelt habt, fertigt einen Schlüssel des Schreckens und sprecht mit Um, um ein Portal zu dem gefallenen Inoya zu öffnen und Damien zu töten!|Récupérez les pièces auprès de Gurag, Faucheur, Anubis, Damien, Roi Karp et Satan. Après avoir récupéré les pièces, fabriquez une clé de terreur et parlez à um afin d'ouvrir un portail vers Inoya déchu et de tuer Damien !|
quest_objective_1253_1|Key of Terror obtained||Chave do Terror obtida|Ключ Ужаса получен|獲得恐怖之鑰|恐怖の鍵を入手|공포의 열쇠 획득|Schlüssel des Schreckens erhalten|Clé de terreur obtenue|
quest_objective_1253_2|Damien slain||Damien morto|Дэмиен убит|殺死達米安|ダミアンを倒す|데미안 처치|Damien getötet|Damien tué|
quest_name_1254|Codex of Eternity||Códice da Eternidade|Кодекс Вечности|永恆法典|永遠のコーデックス|영원의 고서|Kodex der Ewigkeit|Codex d'Éternité|
quest_description_1254|Find a codex of eternity, enter its zone and clear it.||Use o códice da eternidade, entre na zona e limpe-a.|Используйте кодекс Вечности, войдите в его зону и очистите ее.|找到永恆法典，進入其區域並清除它。|永遠のコーデックスを使用し、ゾーンに入りクリアする。|영원의 고서를 사용하여 해당 구역에 진입하고 클리어하세요.|Benutzt den Kodex der Ewigkeit, betretet seine Zone und säubert sie. Kodex der Ewigkeit verwendet|Utilisez le codex d'Éternité, entrez dans sa zone et nettoyez-la.|
quest_objective_1254_1|Codex of Eternity used||Códice da Eternidade usado|Кодекс Вечности использован|使用永恆法典|永遠のコーデックスを使用|영원의 고서 사용|Kodex-Zone geräumt |Codex de l'Éternité utilisé|
quest_objective_1254_2|Codex Zone cleared||Zona do códice limpa |Зона Кодекса очищена |清除永恆法典區域 |コーデックスゾーンをクリア |코덱스 구역 클리어 ||Zone du Codex nettoyée |
|||||||||||
[MAIN INFERNO]|||||||||||
quest_name_1301|The Fall of Darkness||| Падение Тьмы|隕落黑暗(增加一格遺物欄位)|闇の没落|어둠의 몰락||
quest_description_1301|Slay Gabriel in the Circle of Hatred and Amun-Ra within the Tomb of Amun-Ra||| Убейте Гавриила в Круге Ненависти и Амона-Ра в Гробнице Амона-Ра.|殺死仇恨之環中的加百列以及阿蒙拉之墓中的阿蒙拉|憎悪の環にいるガブリエルと、アムン＝ラーの墓で彼を討伐せよ。|증오의 원에서 가브리엘을 처치하고, 아문 라의 무덤에서 아문 라를 처치하십시오||
quest_objective_1301_1|Gabriel Slain||| Габриэль Слейн|擊殺加百列|ガブリエル 討伐|가브리엘 처치||
quest_objective_1301_2|Amun-Ra Slain||| Амон-Ра убит|擊殺阿蒙拉|アムン＝ラー 討伐|아문 라 처치||
quest_name_1302|The Light of Dawn||| Свет зари|黎明之光(增加一格護身符欄位)|暁の光|새벽의 빛||
quest_description_1302|Purge Tarethiel of evil for good..||| Очисти Таретиэль от зла навсегда.|淨化塔雷希爾 ，使之成為善良…|タレシエルの地から悪を完全に浄化せよ。|타레시엘의 악을 완전히 정화하십시오.||
quest_objective_1302_1|Gurag slain||Livre uma Torre do Caos| Очистите Башню Хаоса|擊殺古拉格|グラーグ撃破|구라그 처치|Räume einen Chaosturm.|Débarrassez-vous d'une Tour du Chaos|
quest_objective_1302_2|Grim Reaper slain||Livre um portal do Campo de Batalha Eterno| Очистите портал Вечного поля битвы|擊殺死神|グリムリーパー撃破|그림 리퍼 처치|Räume ein Portal zum Ewigen Schlachtfeld.|Débarrassez-vous d'un portail du Champ de Bataille Éternel|
quest_objective_1302_3|Anubis slain||Mate Monstros Ancestrais| Уничтожьте древних монстров|擊殺阿努比斯|アヌビス撃破|아누비스 처치|Töte uralte Monster.|Tuez des Monstres Anciens|
quest_objective_1302_4|Damien slain||Mate Mevius | Убей Мевиуса|擊殺達米安 |ダミアン撃破|데미언 처치|Töte Mevius. |Tuez Mevius |
quest_objective_1302_5|Karp King slain||||擊殺卡普國王||뫼비우스 처치|||
quest_objective_1302_6|Satan slain||||擊殺撒旦||||
quest_objective_1302_7|Mevius slain||||擊殺梅維烏斯||||
quest_objective_1302_8|Odin slain|||Один убит|擊敗奧丁||오딘 처치|||Odín derrotado|
quest_objective_1302_9|Cthulhu slain|||Ктулху убит|擊敗克蘇魯||크툴루 처치|||Cthulhu derrotado|
|||||||||||
|||||||||||
[Community Quests]||||||||||||
community_quest_header|Community Quest||Missão da Comunidade| Общественный квест|社區任務|コミュニティクエスト|커뮤니티 퀘스트||
community_quest_title_1|Call to Arms||Chamado às Forças Armadas| Призыв к оружию|拿起武器|英雄たちへの招集|무장 집결||
community_quest_desc_1|I, Mayor Kukkonen, hereby issue a request for the heroes of Tarethiel. Purge the lands of the monsters! The massive infestation of dark creatures roaming our lands has gone on long enough. To ensure that these creatures will not overrun us in the future we have to act now! Obliterate as many as you can by next Friday.||Eu, prefeito Kukkonen, faço um pedido aos heróis de Tarethiel. Expurguem as terras dos monstros! A infestação maciça de criaturas das trevas que vagam por nossas terras já durou tempo suficiente. Para garantir que essas criaturas não nos inundem no futuro, precisamos agir agora! Obliterem o máximo que puderem até a próxima sexta-feira.| я|我，Mayor Kukkonen，在此向塔雷希爾的英雄們發出請求。[nl]清除這片土地上的怪物！我們土地上大規模的黑暗生物侵襲已經持續了足夠長的時間。[nl]為了確保這些生物將來不會氾濫成災，我們必須現在就採取行動！[nl]在下週五之前，盡可能消滅它們。|私はタレシエル市長クッコネンとして、全英雄に呼びかけます！我々の土地を荒らす怪物どもを一掃せよ！これ以上好き勝手にさせるわけにはいかん！来週の金曜日までにできるだけ多くの魔物を討伐してくれ！|나, 쿡코넨 시장은 이 땅의 영웅들에게 요청합니다. 타레시엘에 들끓는 어둠의 무리들을 정화해주십시오! 이대로 두면 우리의 미래는 없습니다. 다음 주 금요일 전까지 가능한 많은 수의 몬스터를 처치하십시오!||
community_quest_objective_1|Slay monsters all around Tarethiel||Mate monstros em toda Tarethiel| Уничтожайте монстров вокруг Таретиэль.|殺死塔雷希爾周圍的怪物|タレシエル全域でモンスターを討伐せよ。|타레시엘 전역의 몬스터 처치||
community_quest_title_2|Chaos at the Tower||Caos na Torre| Хаос в Башне|塔樓裡的混亂|混沌の塔の混乱|카오스 앳 더 타워||
community_quest_desc_2|The good warriors of Tarethiel, listen up! Chaos Towers have been running rampant across the lands! Purify these towers on sight! For glory, for honor!||Guerreiros de Tarethiel, prestem atenção! As Torres do Caos estão correndo desenfreadas pelas terras! Purifiquem estas torres imediatamente! Pela glória, pela honra!| Добрые воины Таретиэля|塔雷希爾的勇士們，聽好了！[nl]混沌之塔正在這片土地上橫行！看到塔樓，就淨化它們！為了榮耀，為了榮譽！|タレシエルの戦士たちよ、耳を貸せ！各地に現れる混沌の塔を目にしたら即座に浄化せよ！栄光と名誉のために！|타레시엘의 정의로운 전사들이여, 들으십시오! 카오스 타워가 전역에서 날뛰고 있습니다! 발견 즉시 정화하십시오! 영광과 명예를 위하여!||
community_quest_objective_2|Clear Chaos Towers||Limpe as Torres do Caos| Очистить башни хаоса|清除混沌之塔|混沌の塔を浄化せよ。|카오스 타워 클리어||
community_quest_title_3|Heigh-Ho!||Heigh-Ho!| Хей-хо!|嗨！|ハイホー！|하이호!||
community_quest_desc_3|We are in massive need of resources to build our defenses and ensure the survival of the good people of Tarethiel! This is why I, Dr. Tinker Dink, along with Mayor Kukkonen have started a campaign to get as much minerals as possible to bolster our position on the map. Help us collect as much Ores as possible.||Estamos precisando muito de recursos para construir nossas defesas e garantir a sobrevivência do povo de Tarethiel! É por isso que eu, Dr. Tinker Dink, juntamente com o prefeito Kukkonen, iniciamos uma campanha para obter o máximo possível de minerais para reforçar nossa localização no mapa. Ajude-nos a coletar o máximo possível de minérios.| Нам очень нужны ресурсы, чтобы построить нашу оборону и обеспечить выживание добрых людей Таретиэля! Вот почему я|我們急需資源來建造防禦工事，以確保塔雷希爾善良人民的生存！[nl]這就是為什麼我，Dr. Tinker Dink，和Mayor Kukkonen一起發起了一場運動，以獲得盡可能多的礦產來鞏固我們在地圖上的地位。[nl]幫我們收集盡可能多的礦石|我々には、防衛線を築きタレシエルの人々を守るための資源が必要だ！このため、私ティンカー・ディンク博士は市長クッコネンと協力し、鉱石採取キャンペーンを開始した。できる限り多くの鉱石を採掘してくれ！|방어 시설을 건설하고 시민들을 보호하기 위해 대량의 자원이 필요합니다! 나, 팅커 딩크 박사와 쿡코넨 시장은 자원 확보 작전을 시작합니다. 가능한 많은 광물을 채굴해 주십시오!||
community_quest_objective_3|Mine ore nodes||Minere nodos de minério| Добыча рудных узлов|採集礦石節點|鉱石ノードを採掘せよ。|광석 채굴||
community_quest_title_4|Sonya’s Soldier||Soldado de Sonya| Солдат Сони|Sonya的士兵|ソーニャの兵士|소냐의 병사||
community_quest_desc_4|It’s one thing to face Damien’s troops to purge this land of evil, but to also do it with style? That’s more my style! Bring me proof of completed Challenge Dungeons by opening the Chests at the end, and I shall reward you!||Uma coisa é enfrentar as tropas de Damien para expurgar o mal desta terra, mas também fazer isso com estilo? Esse é mais o meu estilo! Traga-me provas da conclusão de Masmorras de Desafio abrindo os baús no final e eu o recompensarei!|Одно дело — сражаться с войсками Дэмиена, чтобы очистить эту землю от зла.|面對達米安的軍隊來淨化這片邪惡的土地是一回事，但也要有風格地做到這一點？  這更符合我的風格！  在結束時打開寶箱，向我證明你完成了挑戰地牢，我將獎勵你！|ダミアンの軍勢と戦い、この地を浄化するだけでなく、スタイルも重視したい？それが私流よ！チャレンジダンジョンをクリアし、最後の宝箱を開けてその証を持ってきて！|데미언의 군세를 상대하는 것만으로도 대단한데, 스타일까지 살릴 수 있다면 완벽하죠! 열쇠 던전을 완료하고 마지막 보물 상자를 열어 그 증거를 가져오십시오. 보상을 드리겠습니다!||
community_quest_objective_4|Open Challenge Dungeon Chests||Abra Baús de Masmorra de Desafio| Откройте сундуки подземелий испытаний|打開挑戰地牢寶箱|チャレンジダンジョンの宝箱を開けよ。|열쇠 던전 상자 오픈||
community_quest_title_5|Gold Farm||Farm de Ouro| Золотая ферма|黃金農場|ゴールド回収作戦|골드 농장||
community_quest_desc_5|The economy is tanking! The monsters are rampaging through the lands, murdering innocents and robbing our resources, including gold! We have seen an increase of scams and cheated currency ruining our already unstable economy. Please slay monsters and collect [c_yellow]our gold[c_reset] back from their cold dead hands. More gold in circulation is better for everyone!||A economia está afundando! Os monstros estão se alastrando pelas terras, assassinando inocentes e roubando nossos recursos, inclusive o ouro! Temos visto um aumento de fraudes e moeda fraudada arruinando nossa economia já instável. Por favor, mate os monstros e recupere [c_yellow]nosso ouro[c_reset] de suas mãos mortas e frias. Mais ouro em circulação é melhor para todos!| Экономика рушится! Монстры бесчинствуют на землях|經濟正在衰退！怪物正在肆虐大地，殺害無辜者和掠奪我們的資源，包括金幣！[nl]我們看到騙局和假幣的增加，破壞了我們已經不穩定的經濟。[nl]請殺死怪物，從他們冰冷的死亡手中收集[c_yellow]我們的金幣[c_reset]。[nl]流通更多的金幣對每個人都有好處！|経済が崩壊寸前だ！怪物たちは我々の資源を奪い、無実の人々を殺し、金を持ち去っていった！詐欺や偽通貨も横行している！奴らを討ち、我々の金を取り戻せ！金の流通が増えれば、みんなが豊かになる！|경제가 무너지고 있습니다! 몬스터들이 무고한 이들을 학살하고 금을 포함한 자원을 약탈하고 있습니다! 사기와 위조 화폐로 인해 상황은 더욱 악화되고 있습니다. 몬스터들을 처치하고, 그들의 차가운 손에서 [c_yellow]우리의 금[c_reset]을 되찾아주십시오!||
community_quest_objective_5|Pick up gold. A lot of gold.||Pegue ouro. Muito ouro.| Собирай золото. Много золота.|拾取金幣，很多金幣|金を拾え（とにかく大量に）。|골드를 회수하십시오. 아주 많이.||
community_quest_title_6|Uber-Grind||Uber-Grind| Убер-Гринд|碾碎Uber|ウーバー討伐戦|우버 그리드||
community_quest_desc_6|The dark forces are getting stronger and danger looms near every domain. Show them that we are not afraid! [shake_letter][c_red]Slaughter them![c_reset][shake_reset] Destroy the biggest evil creatures you can find.||As forças das trevas estão ficando mais fortes e o perigo se aproxima de cada domínio. Mostre a eles que não temos medo! [letter_shake][c_red]Abata-os![c_reset][shake_reset] Destrua as maiores criaturas malignas que você puder encontrar.| Темные силы становятся сильнее, и опасность нависает над каждым доменом. Покажите им, что мы не боимся! [shake_letter][c_red]Уничтожьте их![c_reset][shake_reset] Уничтожьте самых больших злых существ, которых сможете найти.||闇の軍勢は日に日に力を増している。我々が恐れていないことを示してやろう！|어둠의 세력이 점점 강해지고 있으며, 모든 영역이 위협받고 있습니다. 그들에게 두려움 없는 우리의 힘을 보여줍시다! [shake_letter][c_red]모조리 학살하라![c_reset][shake_reset] 가능한 가장 강력한 악의 존재를 처치하십시오!||
community_quest_objective_6|Slay Uber bosses||Elimine Chefes Uber| Уничтожайте боссов Uber|殺死Uber boss|[赤文字で震える文字]奴らを皆殺しにせよ！|우버 보스 처치||
community_quest_title_7|Dungeon Crawler||Explorador de Masmorras| Подземелье краулер|地牢爬行者||던전 크롤러||
community_quest_desc_7|To further help with purging the infestation of our lands we have to hit them where it hurts. They are below us, crawling through the dungeons. Scheming, getting stronger. Destroy as many of these dungeon dwellers as possible!||Para ajudar ainda mais a eliminar a infestação de nossas terras, temos que atingi-los onde dói. Eles estão abaixo de nós, rastejando pelas masmorras. Planejando, ficando mais fortes. Destrua o maior número possível desses habitantes das masmorra| Чтобы помочь очистить наши земли от заражения, мы должны ударить по их больному месту. Они ниже нас|為了進一步幫助清除我們土地上的侵擾，我們必須擊中他們的痛處。  他們就在我們下面，在地牢裡爬行。  詭計多端，越來越強大。  盡可能摧毀這些地牢居民！|ダンジョンクローラー|이 땅을 완전히 정화하려면 그들의 본거지를 쳐야 합니다. 그들은 지하에서 꿈틀거리며 음모를 꾸미고, 힘을 키우고 있습니다. 가능한 많은 수의 던전 몬스터를 처치하십시오!||
community_quest_objective_7|Slay enemies within Special Dungeons||Elimine monstros dentro de masmorras especiais.| Убивайте врагов в специальных подземельях|在特殊地下城內殺死敵人|怪物どもは地中に潜み、力を蓄えている。我々の土地を浄化するためには、地下から一掃しなければならない！|스페셜 던전내의 적들 처치||
community_quest_title_8|Purge Big Baddies||Expurgue Grandes Vilões| Очистка больших негодяев|清除大壞蛋||우두머리 처단||
community_quest_desc_8|It’s time to show those bastards who is the boss here. For too long has Reaper ruled over Danethorpe, enough for the Reign of Karp King or Satan’s Influence over these holy grounds. Time to purge this land, once and for all.||Está na hora de mostrar a esses bastardos quem é o chefe aqui. Há muito tempo o Ceifador governa Danethorpe, o suficiente para o Reinado do Rei Carpa ou a Influência de Satã sobre essas terras sagradas. É hora de limpar essa terra, de uma vez por todas.| Пора показать этим ублюдкам, кто тут хозяин. Слишком долго Рипер правил Дэнторпом|是時候讓那些混蛋知道誰是這裡的老闆了。  收割者統治丹尼索普太久了，足以讓卡普國王或撒旦的影響力籠罩這片神聖的土地。  是時候徹底淨化這片土地了。|大悪党の粛清|이제 그 악당들에게 누가 주인인지 보여줄 시간입니다. 데인소프를 지배해온 사신, 카프 왕의 폭정, 사탄의 영향력은 이제 끝내야 합니다. 이 땅을 완전히 정화합시다!||
community_quest_objective_8|Kill Act Bosses||Mate Chefes de Ato| Убийственные боссы|殺死章節BOSS|死神リーパーがダネ소프を支配し、カープ王の支配やサタンの影響が我々の聖地を蝕んできた。もう十分だ。今こそ、この地を完全に浄化する時だ！|각 Act 보스 처치||
||||||||||||
[quest casting]||||||||||||
quest_cook_meat|Cook Meat||Cozinhar Carne| Приготовить Мясо|烹調肉|肉を調理する|고기 요리||Cuisiner de la viande
quest_cook_meat_action|Cooking delicious hog meat||Cozinhando carne de porco deliciosa| Готовим вкусную свинину|煮可口的豬肉|おいしいイノシシ肉を調理中|맛있는 돼지고기 요리중||Cuisiner la délicieuse viande de porc
quest_dirt_dig|Dig||Cavar| Копать|挖掘|掘る|땅파기||Creuser
quest_dirt_dig_action|Digging up dirt||Cavando a terra| Копание в грязи|挖出泥土|土を掘っている|흙 파는중||Creuser la terre
quest_lift_water|Use Well||Usar Fonte| Хорошо используйте|好好使用|井戸を使う|우물 사용||Utiliser le puits
quest_lift_water_action|Lifting water from river Gjöll||Pegando água do rio Gjöll| Подъем воды из реки Гьёлль|從吉爾河中取水|ヨル川から水を汲んでいる|욜 강에서 물을 끓어올리는 중||Prélever de l'eau dans la rivière Gjöll
quest_potion_cauldron|Conjure Potion||Conjurando Poção| Зелье колдовства|魔藥|ポーションを錬成する|물약 조합||Concocter une potion
quest_potion_cauldron_action|Boiling ingredients||Fervendo ingredientes| Кипящие ингредиенты|煮沸的配料|材料を煮込んでいる|재료 끓이는중||Faire bouillir les ingrédients
quest_attach_wheel|Attach Wheel||Anexar Roda|Прикрепить колесо|連接輪子|車輪を取り付ける|바퀴 부착하기||Attacher une roue
quest_attach_wheel_action|Attaching wheel||Anexando roda| Крепление колеса|連接車輪|車輪を取り付け中|바퀴를 부착하는중||Fixer la roue
quest_attach_wheel_done|Wheel attached!||Roda Anexada!| Колесо прикреплено!|車輪已連接！|車輪が取り付けられた！|바퀴 부착 완료!||
quest_harvest_pumpkin_action|Harvesting pumpkin||Colher abóbora| Сбор тыквы|收穫南瓜|カボチャを収穫中|호박 수확하기||Moisson de citrouille
quest_harvest_pumpkin|Pumpkin?||Abóbora?| Тыква?|南瓜?|カボチャ？|호박?||Citrouille ?
quest_cook_maggot_stew|Boil the ingredients||Ferva os ingredientes| Отварить ингредиенты.|將食材煮沸|材料を煮込む|재료 끓이기||Faire bouillir les ingrédients
quest_cooking_maggot_stew|Making Maggot stew||Fazendo Ensopado de larva| Приготовление рагу из личинок|做蛆燉肉|ウジ虫シチューを作っている|구더기 스튜 만들기||Faire un ragoût d'asticots
quest_gathering_herb|Gathering herbs...||Colhendo ervas…| Сбор трав...|採集草藥...|ハーブを集めている…|약초 모으기...||Cueillir des herbes...
quest_gather_ginseng|Collect ginseng plant||Coletar planta de Ginseng| Собрать растение женьшень|采集人参植物|朝鮮人参を採取する|인삼 수집||Récolter la racine de ginseng
quest_gather_frost_dill|Collect Frost Dill||Coletar Dill| Собрать замороженный укроп|收集霜花蒔蘿|フロストディルを採取する|프로스트 딜 수집||Cueillir l'aneth givré
quest_gather_loska|Collect Loska||Coletar Loska| Собрать Лоску|收集洛斯卡|ロスカを採取する|로스카 수집||Ramasser la loska
quest_gather_vermroot|Collect Vermroot||Coletar Vermroot| Собрать вермрут|採集蠕蟲根|ヴァームルートを採取する|버름루트 수집||Récolter la racine de Verm
quest_gather_fanglen|Collect Fanglen||Coletar Fanglen| Собрать Фанглен|收集方格倫|ファングレンを採取する|팡글렌 수집||Ramasser la fanglen
quest_inspect_track|Inspect track||Inspecionar rastro| Осмотреть трек|檢查足跡|足跡を調べる|흔적 조사하기||Inspecter la piste
quest_inspecting|Inspecting...||Inspecionando…| Проверка...|正在調查中...|調査中…|조사중...||Inspection...
quest_skin_carnage|Skin Carnage's Hide||Esfolar Pele de Carnificina| Кожа Карнажа|隱藏屠戮者之皮|カーネイジの皮を剥ぐ|카니지 가죽 벗기기||Dépiauter Carnage
quest_skinning|Skinning...||Esfolando…| Снятие шкур...|剝皮...|皮を剥いでいる…|가죽 채취중...||Dépiautage…
quest_gather_devils_cabbage|Collect Devil's Cabbage||Coletar Repolho-do-Diabo| Собрать дьявольскую капусту|收集惡魔高麗菜|悪魔キャベツを採取する|악마의 양배추 수집||Marie-jeanne ?
quest_inspect_cart|Inspect Mining Cart||Inspecionar Carrinho de Mineração| Осмотреть горнодобывающую тележку|檢查採礦車|採掘用トロッコを調べる|광산 수레 조사||Inspecter le chariot minier
quest_mend_hurrdurr|Attempt to heal Hurrdurr||Tentar curar Hurrdurr| Попытка исцелить Хуррдурра|嘗試治療Hurrdurr|ハードゥルを回復させようとしている|후르더르 치료 시도하기||Essayer de soigner Hurrdurr
quest_mending_hurrdurr|Trying to save Hurrdurr||Tentar salvar Hurrdurr| Пытаюсь спасти Хуррдурра|試圖拯救Hurrdurr|ハードゥルを救おうとしている|후르더르 구하려는 중||Tenter de sauver Hurrdurr
quest_collect_bamboo|Rip Bamboo Sticks||Arrancar Vara de Bambu| Бамбуковые палочки Rip|劈开竹竿|竹の棒を引き裂く|대나무 꺽기||Collecter des tiges de bambou
quest_collecting_bamboo|Taking sturdy bamboo||Pegando Bambu Robusto| Взяв крепкий бамбук|選取結實的竹子|丈夫な竹を取っている|튼튼한 대나무 가져오는중||Prendre du bambou robuste
quest_craft_rod|Craft Sturdy Fishing Rod||Criar Vara de Pesca Robusta| Изготовить прочную удочку|精製結實的釣竿|丈夫な釣り竿を作る|튼튼한 낚시대 제작||Fabrication d'une canne à pêche robuste
quest_using_workbench|Crafting...||Criando…| Изготовление...|正在制作...|作成中…|제작중...||Assemblage...
quest_collect_spiderweb|Collect Spiderweb||Coletar Teia de Aranha| Собрать паутину|收集蜘蛛網|蜘蛛の巣を採取する|거미줄 수집||Collecte de toiles d'araignée
quest_collecting|Collecting...||Coletando…| Собираем...|收集...|採取中…|수집중||Collecte...
quest_inspect_metal_hook|Inspect Metal Hook||Inspecionar Gancho de Metal| Осмотрите металлический крючок|檢查金屬鉤|金属フックを調べる|금속 갈고리 조사||Inspecter le crochet en métal
quest_harvest_soul|Harvest Damned Soul||Colher Alma Maldita| Соберите Проклятую Душу|收割該死的靈魂|呪われた魂を収穫する|저주받은 영혼 수확하기||Récolter l'âme damnée
quest_harvesting_soul|Harvesting soul...||Colhendo alma…| Сбор души...|正在收穫靈魂...|魂を収穫中…|영혼을 수확하는중...||Moisson de l'âme...
quest_seal_grave|Bless the Eternal Chalice||Abençoar o Cálice Eterno| Благослови Вечную Чашу|祝福永恆的聖杯|永遠の聖杯を祝福する|영원한 성배에 축복 내리기||Bénir le calice éternel
quest_seal_grave_action|Purifying Damned Souls||Purificando Almas Malditas| Очищение проклятых душ|淨化被詛咒的靈魂|呪われた魂を浄化している|저주받은 영혼을 정화하는중||Purifier les âmes damnées
quest_bag_njals_head|Bagging Njal’s head||Empacotando a cabeça de Vjoll| Голова Ньяла в мешке|裝起尼亞爾的頭|ニヤルの首を袋に入れる|니얄의 머리 담기||
quest_repair_beacon|Repairing security beacon||Reparado farol de segurança| Ремонт охранного маяка|維修安全信標|セキュリティビーコンを修理中|신호탑 수리중||
quest_beacons_up|Turning the security beacon system on||Ligando o sistema do farol de segurança| Включение системы охранных маяков|開啟安全信標系統|セキュリティビーコンシステムを起動中|신호탑 시스템 가동중||
quest_ice_crack|Examining||Examinando| Рассматривание|檢查|調査中|조사중...||
quest_place_explosives_interact|Placing explosives... carefully||Colocando explosivos… cuidadosamente| Размещение взрывчатки... осторожно|小心的放置炸藥...|爆薬を慎重に設置中…|폭탄 설치중...조심스럽게||
quest_detonating|Starting detonator||Iniciando detonador| Пусковой детонатор|啟動雷管|起爆装置を起動する|기폭장치 작동중||
quest_igniting_beacon|Igniting beacon||| Зажигающий маяк|點燃信標|ビーコンに点火する|신호탑 점화중||
|||||||||||
[special cases]|||||||||||
quest_require_valhalla_chain|You must have the Valhalla storyline quests completed to be eligible for today’s Bounty Quest!||Você deve ter concluído as missões do enredo de Valhalla para se qualificar para a Caçada de hoje!| Чтобы принять участие в сегодняшнем квесте «Баунти», вы должны пройти сюжетные задания Валгаллы!|您必須完成瓦爾哈拉主線任務才有資格參加每日的賞金任務|今日のバウンティクエストに参加するには、ヴァルハラのストーリークエストを完了している必要があります！|오늘의 현상금 퀘스트를 수행하려면 발할라 스토리라인 퀘스트를 완료해야 합니다!||
quest_require_valhalla_dlc|You must own a copy of The Gates of Valhalla Expansion and have the Valhalla storyline quests completed to be eligible for today’s Bounty Quest!||Você deve possuir uma cópia da expansão The Gates of Valhalla e ter concluído as missões do enredo de Valhalla para se qualificar para a Caçada de hoje!| Вы должны владеть копией расширения «Врата Валгаллы» и пройти сюжетные квесты Валгаллы, чтобы получить право на участие в сегодняшнем квесте «Баунти»!|您必須擁有《瓦爾哈拉之門》DLC!|今日のバウンティクエストに参加するには、『ヴァルハラの門』拡張パックを所持しており、かつヴァルハラのストーリークエストを完了している必要があります！|오늘의 현상금 퀘스트를 수행하려면 발할라의 문 확장팩을 소유하고, 발할라 스토리라인 퀘스트를 완료해야 합니다!||
|||||||||||
|||||||||||
quest_name_1280|Stabilizing The Rifts||||穩定裂痕||||
quest_description_1280|Find and clear unstable rifts for Magister Kujala. Return to the town of Inoya when you are done!||||為Magister Kujala尋找並清理不穩定的裂隙。完成後返回伊諾亞小鎮||||
quest_objective_1280_1|Monsters slain within unstable rift||||在不穩定裂縫中殺死的怪物||||
quest_name_1281|Essence Lockpicking||||開鎖精華||||
quest_description_1281|Obtain an open essence vaults by fulfilling the vaults contract! Return to the town of Inoya when you are done!||||完成寶庫契約，即可獲得一個開放的精華寶庫！完成後返回伊諾亞鎮！||||
quest_objective_1281_1|Essence Vaults opened||||精華寶庫開啟||||
quest_name_1282|Vault Master||||寶庫大師||||
quest_description_1282|Craft and open Tier A+ vaults for Magister Kujala. Return to the town of Inoya when you are done!||||為Magister Kujala製作並開啟A級以上的寶庫。完成後返回伊諾亞小鎮||||
quest_objective_1282_1|Essence Vaults crafted||||精華寶庫製作||||
quest_objective_1282_2|Tier A+ Essence Vaults opened||||開啟A階以上的寶庫||||
||||||||||||
quest_name_1500|Ethering Wormhole Level 1||Buraco de Minhoca Etéreo|Эфирная червоточина|乙太蟲洞(完成獲得乙太天賦點)|イーサリング・ワームホール|에테르 웜홀|Verankerndes Wurmloch|Trou de ver éthéré|Agujero de Gusano Ethering|Eteryczny Tunel Robaka
quest_description_1500|Clear wormhole level 1||Buraco de minhoca limpo nível 1|Уровень червоточины 1 пройден|清除蟲洞 1 層，即可獲得乙太天賦點|ワームホール レベル1 クリア|웜홀 레벨 1 클리어|Wurmloch Stufe 1 abgeschlossen|Trou de ver niveau 1 terminé|Agujero de gusano nivel 1 despejado|Wyczyść poziom tunelu robaka 1
quest_objective_1500_1|Wormhole Cleared||Buraco de minhoca limpo|Червоточина пройдена|完成蟲洞|ワームホールクリア|웜홀 클리어 완료|Wurmloch abgeschlossen|Trou de ver terminé|Agujero de gusano despejado|Tunel Robaka Wyczyszczony
quest_name_1501|Ethering Wormhole Level 5||Buraco de minhoca Etéreo|Эфирная червоточина|乙太蟲洞(完成獲得乙太天賦點)|イーサリング・ワームホール|에테르 웜홀|Verankerndes Wurmloch|Trou de ver éthéré|Agujero de gusano Ethering|Eteryczny Tunel Robaka
quest_description_1501|Clear wormhole level 5||Buraco de minhoca limpo nível 5|Уровень червоточины 5 пройден|清除蟲洞 5 層，即可獲得乙太天賦點|ワームホール レベル5 クリア|웜홀 레벨 5 클리어|Wurmloch Stufe 5 abgeschlossen|Trou de ver niveau 5 terminé|Agujero de gusano nivel 5 despejado|Wyczyść poziom tunelu robaka 5
quest_objective_1501_1|Wormhole Cleared||Buraco de minhoca limpo|Червоточина пройдена|完成蟲洞|ワームホールクリア|웜홀 클리어 완료|Wurmloch abgeschlossen|Trou de ver terminé|Agujero de gusano despejado|Tunel Robaka Wyczyszczony
quest_name_1502|Ethering Wormhole Level 10||Buraco de minhoca Etéreo|Эфирная червоточина|乙太蟲洞(完成獲得乙太天賦點)|イーサリング・ワームホール|에테르 웜홀|Verankerndes Wurmloch|Trou de ver éthéré|Agujero de gusano Ethering|Eteryczny Tunel Robaka
quest_description_1502|Clear wormhole level 10||Buraco de minhoca limpo nível 10|Уровень червоточины 10 пройден|清除蟲洞 10 層，即可獲得乙太天賦點|ワームホール レベル10 クリア|웜홀 레벨 10 클리어|Wurmloch Stufe 10 abgeschlossen|Trou de ver niveau 10 terminé|Agujero de gusano nivel 10 despejado|Wyczyść poziom tunelu robaka 10
quest_objective_1502_1|Wormhole Cleared||Buraco de minhoca limpo|Червоточина пройдена|完成蟲洞|ワームホールクリア|웜홀 클리어 완료|Wurmloch abgeschlossen|Trou de ver terminé|Agujero de gusano despejado|Tunel Robaka Wyczyszczony
quest_name_1503|Ethering Wormhole Level 15||Buraco de minhoca Etéreo|Эфирная червоточина|乙太蟲洞(完成獲得乙太天賦點)|イーサリング・ワームホール|에테르 웜홀|Verankerndes Wurmloch|Trou de ver éthéré|Agujero de gusano Ethering|Eteryczny Tunel Robaka
quest_description_1503|Clear wormhole level 15||Buraco de minhoca limpo nível 15|Уровень червоточины 15 пройден|清除蟲洞 15 層，即可獲得乙太天賦點|ワームホール レベル15 クリア|웜홀 레벨 15 클리어|Wurmloch Stufe 15 abgeschlossen|Trou de ver niveau 15 terminé|Agujero de gusano nivel 15 despejado|Wyczyść poziom tunelu robaka 15
quest_objective_1503_1|Wormhole Cleared||Buraco de minhoca limpo|Червоточина пройдена|完成蟲洞|ワームホールクリア|웜홀 클리어 완료|Wurmloch abgeschlossen|Trou de ver terminé|Agujero de gusano despejado|Tunel Robaka Wyczyszczony
quest_name_1504|Ethering Wormhole Level 20||Buraco de minhoca Etéreo|Эфирная червоточина|乙太蟲洞(完成獲得乙太天賦點)|イーサリング・ワームホール|에테르 웜홀|Verankerndes Wurmloch|Trou de ver éthéré|Agujero de gusano Ethering|Eteryczny Tunel Robaka
quest_description_1504|Clear wormhole level 20||Buraco de minhoca limpo nível 20|Уровень червоточины 20 пройден|清除蟲洞 20 層，即可獲得乙太天賦點|ワームホール レベル20 クリア|웜홀 레벨 20 클리어|Wurmloch Stufe 20 abgeschlossen|Trou de ver niveau 20 terminé|Agujero de gusano nivel 20 despejado|Wyczyść poziom tunelu robaka 20
quest_objective_1504_1|Wormhole Cleared||Buraco de minhoca limpo|Червоточина пройдена|完成蟲洞|ワームホールクリア|웜홀 클리어 완료|Wurmloch abgeschlossen|Trou de ver terminé|Agujero de gusano despejado|Tunel Robaka Wyczyszczony
quest_name_1505|Ethering Wormhole Level 25||Buraco de minhoca Etéreo|Эфирная червоточина|乙太蟲洞(完成獲得乙太天賦點)|イーサリング・ワームホール|에테르 웜홀|Verankerndes Wurmloch|Trou de ver éthéré|Agujero de gusano Ethering|Eteryczny Tunel Robaka
quest_description_1505|Clear wormhole level 25||Buraco de minhoca limpo nível 25|Уровень червоточины 25 пройден|清除蟲洞 25 層，即可獲得乙太天賦點|ワームホール レベル25 クリア|웜홀 레벨 25 클리어|Wurmloch Stufe 25 abgeschlossen|Trou de ver niveau 25 terminé|Agujero de gusano nivel 25 despejado|Wyczyść poziom tunelu robaka 25
quest_objective_1505_1|Wormhole Cleared||Buraco de minhoca limpo|Червоточина пройдена|完成蟲洞|ワームホールクリア|웜홀 클리어 완료|Wurmloch abgeschlossen|Trou de ver terminé|Agujero de gusano despejado|Tunel Robaka Wyczyszczony
quest_name_1506|Ethering Wormhole Level 30||Buraco de minhoca Etéreo|Эфирная червоточина|乙太蟲洞(完成獲得乙太天賦點)|イーサリング・ワームホール|에테르 웜홀|Verankerndes Wurmloch|Trou de ver éthéré|Agujero de Gusano Ethering|Eteryczny Tunel Robaka
quest_description_1506|Clear wormhole level 30||Buraco de minhoca limpo nível 30|Уровень червоточины 30 пройден|清除蟲洞 30 層，即可獲得乙太天賦點|ワームホール レベル30 クリア|웜홀 레벨 30 클리어|Wurmloch Stufe 30 abgeschlossen|Trou de ver niveau 30 terminé|Agujero de gusano nivel 30 despejado|Wyczyść poziom tunelu robaka 30
quest_objective_1506_1|Wormhole Cleared||Buraco de minhoca limpo|Червоточина пройдена|完成蟲洞|ワームホールクリア|웜홀 클리어 완료|Wurmloch abgeschlossen|Trou de ver terminé|Agujero de gusano despejado|Tunel Robaka Wyczyszczony
quest_name_1507|Ethering Wormhole Level 35||Buraco de minhoca Etéreo|Эфирная червоточина|乙太蟲洞(完成獲得乙太天賦點)|イーサリング・ワームホール|에테르 웜홀|Verankerndes Wurmloch|Trou de ver éthéré|Agujero de Gusano Ethering|Eteryczny Tunel Robaka
quest_description_1507|Clear wormhole level 35||Buraco de minhoca limpo nível 35|Уровень червоточины 35 пройден|清除蟲洞 35 層，即可獲得乙太天賦點|ワームホール レベル35 クリア|웜홀 레벨 35 클리어|Wurmloch Stufe 35 abgeschlossen|Trou de ver niveau 35 terminé|Agujero de gusano nivel 35 despejado|Wyczyść poziom tunelu robaka 35
quest_objective_1507_1|Wormhole Cleared||Buraco de minhoca limpo|Червоточина пройдена|完成蟲洞|ワームホールクリア|웜홀 클리어 완료|Wurmloch abgeschlossen|Trou de ver terminé|Agujero de gusano despejado|Tunel Robaka Wyczyszczony
quest_name_1508|Ethering Wormhole Level 40||Buraco de minhoca Etéreo|Эфирная червоточина|乙太蟲洞(完成獲得乙太天賦點)|イーサリング・ワームホール|에테르 웜홀|Verankerndes Wurmloch|Trou de ver éthéré|Agujero de gusano Ethering|Eteryczny Tunel Robaka
quest_description_1508|Clear wormhole level 40||Buraco de minhoca limpo nível 40|Уровень червоточины 40 пройден|清除蟲洞 40 層，即可獲得乙太天賦點|ワームホール レベル40 クリア|웜홀 레벨 40 클리어|Wurmloch Stufe 40 abgeschlossen|Trou de ver niveau 40 terminé|Agujero de gusano nivel 40 despejado|Wyczyść poziom tunelu robaka 40
quest_objective_1508_1|Wormhole Cleared||Buraco de minhoca limpo|Червоточина пройдена|完成蟲洞|ワームホールクリア|웜홀 클리어 완료|Wurmloch abgeschlossen|Trou de ver terminé|Agujero de gusano despejado|Tunel Robaka Wyczyszczony
quest_name_1509|Ethering Wormhole Level 45||Etéreo Buraco de Minhoca|Эфирная червоточина Червоточина|乙太蟲洞(完成獲得乙太天賦點)|イーサリングワームホール|에테르 웜홀|Verankerndes Wurmloch|Trou de ver éthéré|Ethering Agujero de gusano|Eteryczny Tunel Robaka
quest_description_1509|Clear wormhole level 45||Buraco de Minhoca Limpo nível 45|Уровень 45, пройдена|清除第 45 層蟲洞，即可獲得乙太天賦點|ワームホールレベル45クリア|웜홀 레벨 45 클리어|Wurmloch abgeschlossen 45|Trou de ver niveau 45 terminé|Agujero de gusano nivel 45 despejado|Wyczyść poziom tunelu robaka 45
quest_objective_1509_1|Wormhole Cleared||Buraco de Minhoca Limpo|Червоточина очищена|完成蟲洞|ワームホールクリア|웜홀 클리어 완료|Wurmloch gesäubert|Trou de ver nettoyé|Agujero de gusano despejado|Tunel Robaka Wyczyszczony
quest_name_1510|Ethering Wormhole Level 50||Buraco de Minhoca Etéreo|Червоточина эфира|乙太蟲洞(完成獲得乙太天賦點)|イーサリングワームホール|에테르 웜홀|Verankerungswurmloch|Trou de ver éthéré|Agujero de gusano Ethering|Eteryczny Tunel Robaka
quest_description_1510|Clear wormhole level 50||Buraco de Minhoca Limpo nível 50|Уровень 50, пройдена|清除第 50 層蟲洞，即可獲得乙太天賦點|ワームホールレベル50クリア|웜홀 레벨 50 클리어|Wurmloch Stufe 50 gesäubert|Trou de ver niveau 50 nettoyé|Agujero de gusano nivel 50 despejado|Wyczyść poziom tunelu robaka 50
quest_objective_1510_1|Wormhole Cleared||Buraco de Minhoca Limpo |Червоточина очищена |完成蟲洞 |ワームホールクリア |웜홀 클리어 완료 |Wurmloch gesäubert|Trou de ver nettoyé |Agujero de gusano despejado |Tunel Robaka Wyczyszczony
|||||||||||
quest_name_1511|Ethering Hell||Inferno Etéreo|Эфирный Ад|乙太地獄(完成獲得乙太天賦點)|イーサリング・ヘル|에테링 헬|Ethering-Hölle|Enfer éthéré|Infierno Ethering|Eteryczne Piekło
quest_description_1511|Complete hell difficulty||Concluir Inferno na dificuldade 1|Пройти ад 1-го уровня сложности|完成地獄難度，即可獲得乙太天賦點|ヘル1難易度クリア|헬 1 난이도 완료|Hölle 1 abgeschlossen|Terminer le mode Enfer 1|Completa el infierno en dificultad 1|Ukończ poziom trudności piekło 1
quest_objective_1511_1|Hell Difficulty Cleared||Inferno na dificuldade 1 concluído|Ад 1-го уровня сложности пройден|通關地獄難度|ヘル1難易度クリア|헬 1 난이도 클리어|Hölle 1 geschafft|Enfer 1 réussi|Infierno en dificultad 1 superado|Poziom Trudności Piekło 1 Wyczyszczony
quest_name_1512|Ethering Hell||Inferno Etéreo|Эфирный Ад|乙太地獄(完成獲得乙太天賦點)|イーサリング・ヘル|에테링 헬|Ethering-Hölle|Enfer éthéré|Infierno Ethering|Eteryczne Piekło
quest_description_1512|Complete hell 3 difficulty||Concluir Inferno na dificuldade 3|Пройти ад 3-го уровня сложности|完成地獄3難度，即可獲得乙太天賦點|ヘル3難易度クリア|헬 3 난이도 완료|Hölle 3 abgeschlossen|Terminer le mode Enfer 3|Completa el infierno en dificultad 3|Ukończ poziom trudności piekło 3
quest_objective_1512_1|Hell 3 Difficulty Cleared||Inferno na dificuldade 3 concluído|Ад 3-го уровня сложности пройден|通關地獄3難度|ヘル3難易度クリア|헬 3 난이도 클리어|Hölle 3 geschafft|Enfer 3 réussi|Infierno en dificultad 3 superado|Poziom Trudności Piekło 3 Wyczyszczony
quest_name_1513|Ethering Hell||Inferno Etéreo|Эфирный Ад|乙太地獄(完成獲得乙太天賦點)|イーサリング・ヘル|에테링 헬|Ethering-Hölle|Enfer éthéré|Infierno Ethering|Eteryczne Piekło
quest_description_1513|Complete hell 5 difficulty||Concluir Inferno na dificuldade 5|Пройти ад 5-го уровня сложности|完成地獄5難度，即可獲得乙太天賦點|ヘル5難易度クリア|헬 5 난이도 완료|Hölle 5 abgeschlossen|Terminer le mode Enfer 5|Completa el infierno en dificultad 5|Ukończ poziom trudności piekło 5
quest_objective_1513_1|Hell 5 Difficulty Cleared||Inferno na dificuldade 5 concluído|Ад 5-го уровня сложности пройден|通關地獄5難度|ヘル5難易度クリア|헬 5 난이도 클리어|Hölle 5 geschafft|Enfer 5 réussi|Infierno en dificultad 5 superado|Poziom Trudności Piekło 5 Wyczyszczony
quest_name_1514|Ethering Inferno||Inferno Etéreo|Эфирный Адский Ад|乙太煉獄(完成獲得乙太天賦點)|イーサリング・インフェルノ|에테링 인페르노|Ethering-Inferno|Inferno éthéré|Infierno Ethering|Eteryczne Inferno
quest_description_1514|Complete inferno difficulty||Concluir Inferno na dificuldade Inferno|Пройти адский Ад|完成煉獄難度，即可獲得乙太天賦點|インフェルノ難易度クリア|인페르노 난이도 완료|Inferno abgeschlossen|Terminer le mode Inferno|Completa el infierno en dificultad|Ukończ poziom trudności inferno
quest_objective_1514_1|Inferno Difficulty Cleared||Inferno na dificuldade Inferno concluído |Адский Ад пройден |通關煉獄難度 |インフェルノ難易度クリア |인페르노 난이도 클리어 |Inferno geschafft|Inferno réussi |Infierno en dificultad superado |Poziom Trudności Inferno Wyczyszczony
quest_name_1515|Ethering Damnation||Condenação Etérea|Эфирное Проклятие|乙太詛咒(完成獲得乙太天賦點)|エーテルの破滅|에테리얼 파멸|Verdammnis durch Verankerungen|Damnation éthérée|Condenación Ethering|Eteryczne Potępienie
quest_description_1515|Slay Damien in fallen inoya, Shadow Reaper in the shadow realm and Sung Lee in the eternal battlefield||Derrote Damien em Inoya Caído, o Ceifador das Sombras no Reino das Sombras e Sung Lee no Campo de Batalha Eterno|Убейте Дэмиена в падшей Инойе, Теневого Жнеца в царстве теней и Сонг Ли на вечном поле битвы|在墮落的伊諾亞斬殺達米安，在暗影領域斬殺闇影收割者，在永恆戰場斬殺成李宋，即可獲得乙太天賦點。|堕ちたイノヤでダミアンを、影の領域でシャドウリーパーを、永遠の戦場でソン・リーを討伐せよ|타락한 이노야에서 데미안, 그림자 영역에서 섀도우 리퍼, 영원한 전장에서 성을 처치하세요.|Besiege Damien in der gefallenen Inoya, den Schatten-Schnitter im Schattenreich und Sung Lee auf dem ewigen Schlachtfeld.|Éliminez Damien à Inoya déchue, le Faucheur de l'Ombre dans le royaume des ombres et Sung Lee sur le champ de bataille éternel.|Derrota a Damien en Inoya Caída, al Segador de las Sombras en el Reino de las Sombras y a Sung Lee en el Campo de Batalla Eterno.|Pokonaj Damiena w upadłej Inoya, Cienistego Żniwiarza w królestwie cieni i Sung Lee na wiecznym polu bitwy
quest_objective_1515_1|Damien slain||Damien derrotado|Дэмиен убит|擊殺達米安|ダミアン討伐完了|데미안 처치|Damien besiegt|Damien vaincu|Damien derrotado|Damien pokonany
quest_objective_1515_2|Shadow Reaper slain||Ceifador das Sombras derrotado|Теневой Жнец убит|擊殺闇影收割者|シャドウリーパー討伐完了|섀도우 리퍼 처치|Schatten-Schnitter besiegt|Faucheur de l'Ombre vaincu|Segador de las Sombras derrotado|Cienisty Żniwiarz pokonany
quest_objective_1515_3|Sung Lee slain||Sung Lee derrotado|Сонг Ли убит|擊殺李宋|ソン・リー討伐完了|성 리 처치|Sung Lee besiegt|Sung Lee vaincu|Sung Lee derrotado|Sung Lee pokonany
quest_name_1516|Ethering Equilibrium||Equilíbrio Etéreo|Эфирное Равновесие|乙太平衡(完成獲得乙太天賦點)|エーテルの均衡|에테리얼 평형|Gleichgewicht durch Verankerungen|Équilibre éthéré|Equilibrio Ethering|Eteryczna Równowaga
quest_description_1516|Slay Damien in fallen inoya, Shadow Reaper in the shadow realm and Sung Lee in the eternal battlefield||Derrote Damien em Inoya Caído, o Ceifador das Sombras no Reino das Sombras e Sung Lee no Campo de Batalha Eterno|Убейте Дэмиена в падшей Инойе, Теневого Жнеца в царстве теней и Сонг Ли на вечном поле битвы|在墮落的伊諾亞斬殺達米安，在暗影領域斬殺闇影收割者，在永恆戰場斬殺成李宋，即可獲得乙太天賦點。|堕ちたイノヤでダミアンを、影の領域でシャドウリーパーを、永遠の戦場でソン・リーを討伐せよ|타락한 이노야에서 데미안, 그림자 영역에서 섀도우 리퍼, 영원한 전장에서 성을 처치하세요.|Besiege Damien in der gefallenen Inoya, den Schatten-Schnitter im Schattenreich und Sung Lee auf dem ewigen Schlachtfeld.|Éliminez Damien à Inoya déchue, le Faucheur de l'Ombre dans le royaume des ombres et Sung Lee sur le champ de bataille éternel.|Derrota a Damien en Inoya Caída, al Segador de las Sombras en el Reino de las Sombras y a Sung Lee en el Campo de Batalla Eterno.|Pokonaj Damiena w upadłej Inoya, Cienistego Żniwiarza w królestwie cieni i Sung Lee na wiecznym polu bitwy
quest_objective_1516_1|Damien slain||Damien derrotado|Дэмиен убит|擊殺達米安|ダミアン討伐完了|데미안 처치|Damien besiegt|Damien vaincu|Damien derrotado|Damien pokonany
quest_objective_1516_2|Shadow Reaper slain||Ceifador das Sombras derrotado|Теневой Жнец убит|擊殺闇影收割者|シャドウリーパー討伐完了|섀도우 리퍼 처치|Schatten-Schnitter besiegt|Faucheur de l'Ombre vaincu|Segador de las Sombras derrotado|Cienisty Żniwiarz pokonany
quest_objective_1516_3|Sung Lee slain||Sung Lee derrotado|Сонг Ли убит|擊殺李宋|ソン・リー討伐完了|성 리 처치|Sung Lee besiegt|Sung Lee vaincu|Sung Lee derrotado|Sung Lee pokonany
quest_name_1517|Ethering Arch Demons of Hell||Arquidemônios do Inferno Etéreo|Эфирные Архимеды Ада|地獄乙太大惡魔(完成獲得乙太天賦點)|エーテルの地獄の大魔王|지옥의 대악마 에테리얼|Erzdämonen der Hölle durch Verankerungen|Archidémons de l'Enfer éthérés|Archidemonios Ethering del Infierno|Eteryczni Arcy Demoni Piekła
quest_description_1517|Slay Reaper, Satan and Damien in the Arch Demon´s Plateau on Hell difficulty||Derrote o Ceifador, Satanás e Damien no Platô do Arquidemônio na dificuldade Inferno|Убейте Жнеца, Сатану и Дэмиена на Плато Архимедов на сложности «Ад»|在地獄難度下擊殺惡魔高原的死神、撒旦、達米安，即可獲得乙太天賦點|地獄難易度で大魔王の高原にてリーパー、サタン、ダミアンを討伐せよ|지옥 난이도의 대악마 고원에서 리퍼, 사탄, 데미안을 처치하세요.|Besiege den Schnitter, Satan und Damien auf dem Plateau der Erzdämonen im Schwierigkeitsgrad „Hölle“.|Éliminez le Faucheur, Satan et Damien sur le Plateau de l'Archidémon en mode Enfer.|Derrota al Segador, a Satán y a Damien en la Meseta del Archidemonio en dificultad Infierno.|Pokonaj Żniwiarza, Szatana i Damiena na Płaskowyżu Arcy Demonów na poziomie trudności Piekło
quest_objective_1517_1|Arch Demon´s Plateau Cleared||Plataforma do Arquidemônio concluída|Плато Архимедов пройдено|通關惡魔高原|大魔王の高原クリア完了|대악마 고원 클리어|Plateau der Erzdämonen abgeschlossen|Plateau de l'Archidémon terminé|Meseta del Archidemonio completada.|Płaskowyż Arcy Demonów Wyczyszczony
quest_name_1518|Ethering Arch Demons of Inferno||Arquidemônios do Inferno Etéreo|Эфирные Архимеды Инферно|煉獄乙太大惡魔(完成獲得乙太天賦點)|エーテルの地獄の大魔王|불지옥의 대악마 에테리얼|Erzdämonen der Inferno durch Verankerungen|Archidémons de l'Inferno éthérés|Archidemonios Ethering del Infierno|Eteryczni Arcy Demoni Inferno
quest_description_1518|Slay Reaper, Satan and Damien in the Arch Demon´s Plateau on Inferno difficulty||Derrote o Ceifador, Satanás e Damien no Platô do Arquidemônio na dificuldade Inferno|Убейте Жнеца, Сатану и Дэмиена на Плато Архимедов на сложности «Инферно»|在煉獄難度下擊殺惡魔高原的死神、撒旦、達米安，即可獲得乙太天賦點|地獄難易度で大魔王の高原にてリーパー、サタン、ダミアンを討伐せよ|불지옥 난이도의 대악마 고원에서 리퍼, 사탄, 데미안을 처치하세요.|Besiege den Schnitter, Satan und Damien auf dem Plateau der Erzdämonen im Schwierigkeitsgrad „Inferno“.|Éliminez le Faucheur, Satan et Damien sur le Plateau de l'Archidémon en mode Enfer.|Derrota al Segador, a Satán y a Damien en la Meseta del Archidemonio en dificultad Infierno.|Pokonaj Żniwiarza, Szatana i Damiena na Płaskowyżu Arcy Demonów na poziomie trudności Inferno
quest_objective_1518_1|Arch Demon´s Plateau Cleared||Plataforma do Arquidemônio concluída|Плато Архимедов пройдено|通關惡魔高原|大魔王の高原クリア完了|대악마 고원 클리어|Plateau der Erzdämonen abgeschlossen|Plateau de l'Archidémon terminé|Meseta del Archidemonio completada.|Płaskowyż Arcy Demonów Wyczyszczony
quest_name_1519|Ethering Key Dungeon||Masmorra da Chave Etérea|Эфирное Ключевое Подземелье|乙太鑰匙地下城(完成獲得乙太天賦點)|エーテルの鍵ダンジョン|열쇠 던전 에테리얼|Schlüsseldungeon durch Verankerungen|Donjon des clés éthéré|Mazmorra de Llave Ethering|Eteryczny Loch Kluczowy
quest_description_1519|Clear any tier key dungeon and open the chest on Hell difficulty||Conclua qualquer masmorra com chave de nível e abra o baú na dificuldade Inferno|Пройдите любой Пройдите подземелье с ключом 4-го уровня и откройте сундук на сложности «Ад»|通關任意等級鑰匙地下城，並在地獄難度下打開寶箱，即可獲得乙太天賦點|任意のティアの鍵をクリアせよダンジョンをクリアし、ヘル難易度で宝箱を開ける|지옥 난이도의 모든 티어 열쇠 던전을 클리어하고 상자를 여세요. 난이도|Schließe einen Schlüsseldungeon einer beliebigen Stufe ab. und öffne die Truhe im Schwierigkeitsgrad „Hölle“|Terminez un donjon des clés (quel que soit son niveau) et ouvrez le coffre en mode Enfer.|Completa cualquier mazmorra de llave de nivel y abre el cofre. Dificultad Infierno|Wyczyść dowolny loch kluczowy tier i otwórz skrzynię na poziomie trudności Piekło
quest_objective_1519_1|Key Dungeon Cleared||Chave Masmorra Concluída|Подземелье с ключом пройдено|通關鑰匙地下城|キーダンジョンクリア|열쇠 던전 클리어|Schlüsseldungeon abgeschlossen|Donjon des clés Terminé|Mazmorra de Llaves Completada|Loch Kluczowy Wyczyszczony
quest_name_1520|Ethering Key Dungeon Tier 4||Masmorra da Chave Etérea Nível 4|Подземелье с ключом Эфиринга, уровень 4|乙太鑰匙地下城（四階）(完成獲得乙太天賦點)|イーサリングキーダンジョン ティア4|에테링 열쇠 던전 4단계|Ätherischer Schlüsseldungeon Stufe 4|Donjon de la Clé d'Éther Niveau 4|Mazmorra de Llaves Ethering Nivel 4|Eteryczny Loch Kluczowy Tier 4
quest_description_1520|Clear a tier 4 key dungeon and open the chest on Hell difficulty||Conclua uma masmorra com chave de nível 4 e abra o baú na dificuldade Inferno|Пройдите подземелье с ключом 4-го уровня и откройте сундук на сложности «Ад»|通關一個四階鑰匙地下城，在地獄難度下打開寶箱，即可獲得乙太天賦點。|ティア4のキーダンジョンをクリアし、ヘル難易度で宝箱を開ける|지옥 난이도에서 4단계 열쇠 던전을 클리어하고 상자를 여세요|Schließe einen Schlüsseldungeon der Stufe 4 ab und öffne die Truhe im Schwierigkeitsgrad „Hölle“|Terminez un donjon de clé de niveau 4 et ouvrez le coffre en mode Enfer|Completa una mazmorra de llave de nivel 4 y abre el cofre en dificultad Infierno|Wyczyść loch kluczowy tier 4 i otwórz skrzynię na poziomie trudności Piekło
quest_objective_1520_1|Key Dungeon Cleared||Masmorra com Chave Concluída|Подземелье с ключом пройдено|通關鑰匙地下城|キーダンジョンクリア|열쇠 던전 클리어|Schlüsseldungeon abgeschlossen|Donjon de clé terminé|Mazmorra de Llaves Completada|Loch Kluczowy Wyczyszczony
quest_name_1521|Ethering Key Dungeon||Masmorra da Chave Etérea|Подземелье с ключом Эфиринга|乙太鑰匙地下城(完成獲得乙太天賦點)|イーサリングキーダンジョン|에테링 열쇠 던전|Ätherischer Schlüsseldungeon|Donjon de la Clé d'Éther|Mazmorra de Llaves Ethering|Eteryczny Loch Kluczowy
quest_description_1521|Clear any tier key dungeon and open the chest on Inferno difficulty||Conclua qualquer masmorra com chave de nível e abra o baú na dificuldade Inferno|Пройдите любое подземелье с ключом 4-го уровня и откройте сундук на сложности «Ад»|通關任意等級鑰匙地下城，並在煉獄難度下打開寶箱，即可獲得乙太天賦點。|任意のティアのキーダンジョンをクリアし、インフェルノ難易度で宝箱を開ける|모든 단계의 열쇠 던전을 지옥 난이도에서 클리어하고 상자를 여세요|Schließe einen Schlüsseldungeon beliebiger Stufe ab und öffne die Truhe im Schwierigkeitsgrad „Inferno“|Terminez un donjon de clé, quel que soit son niveau, et ouvrez le coffre en mode Inferno|Completa cualquier mazmorra de llave de cualquier nivel y abre el cofre en dificultad Infierno|Wyczyść dowolny loch kluczowy tier i otwórz skrzynię na poziomie trudności Inferno
quest_objective_1521_1|Key Dungeon Cleared||Masmorra com Chave Concluída|Подземелье с ключом пройдено|通關鑰匙地下城|キーダンジョンクリア|열쇠 던전 클리어|Schlüsseldungeon abgeschlossen|Donjon de clé terminé|Mazmorra de Llaves Completada|Loch Kluczowy Wyczyszczony
quest_name_1522|Ethering Key Dungeon Tier 4||Masmorra da Chave Etérea Nível 4|Подземелье с ключом Эфиринга, уровень 4|乙太鑰匙地下城（四階）(完成獲得乙太天賦點)|イーサリングキーダンジョン ティア4|에테링 열쇠 던전 4단계|Ätherischer Schlüsseldungeon Stufe 4|Donjon de la Clé d'Éther Niveau 4|Mazmorra de Llaves Ethering Nivel 4|Eteryczny Loch Kluczowy Tier 4
quest_description_1522|Clear a tier 4 key dungeon and open the chest on Inferno difficulty||Conclua uma masmorra com chave de nível 4 e abra o baú na dificuldade Inferno|Пройдите подземелье с ключом 4-го уровня и откройте сундук на сложности «Ад»|通關一個四階鑰匙地下城，在煉獄難度下打開寶箱，即可獲得乙太天賦點|ティア4のキーダンジョンをクリアし、インフェルノ難易度で宝箱を開ける|지옥 난이도에서 4단계 열쇠 던전을 클리어하고 상자를 여세요|Schließe einen Schlüsseldungeon der Stufe 4 ab und öffne die Truhe im Schwierigkeitsgrad „Inferno“|Terminez un donjon de clé de niveau 4 et ouvrez le coffre en mode Inferno|Completa una mazmorra de llave de nivel 4 y abre el cofre en dificultad Infierno|Wyczyść loch kluczowy tier 4 i otwórz skrzynię na poziomie trudności Inferno
quest_objective_1522_1|Key Dungeon Cleared||Masmorra com Chave Concluída |Подземелье с ключом пройдено |通關鑰匙地下城 |キーダンジョンクリア |열쇠 던전 클리어 |Schlüsseldungeon abgeschlossen|Donjon de clé terminé |Mazmorra de Llaves Completada |Loch Kluczowy Wyczyszczony 
quest_name_1523|Ethering Demon Slayer||Matador de Demônios do Éter|Убийца демонов в эфире|乙太惡魔獵人(完成獲得乙太天賦點)|エーテルデーモンスレイヤー|에테르화 악마 사냥꾼|Ätherischer Dämonentöter|Tueur de démons éthérés|Cazador de demonios etéreo|Eteryczny Zabójca Demonów
quest_description_1523|Slay Uber Bosses as a sacrifice to the ether..||Derrote chefes supremos como sacrifício ao éter.|Убивайте супербоссов в качестве жертвы эфиру...|擊殺Uber BOSS，獻祭給乙太……|エーテルへの生贄としてウーバーボスを討伐せよ…|에테르에 제물로 바쳐지는 초강력 보스 처치|Besiege Überbosse als Opfergabe an den Äther.|Éliminez les boss ultimes en sacrifice à l'éther...|Acaba con los jefes supremos como sacrificio al éter.|Zabijaj Superbossów, składając je w ofierze eterowi.
quest_objective_1523_1|Uber Bosses slain||Chefes supremos derrotados|Убийство супербоссов|擊殺Uber BOSS|ウーバーボス討伐|처치된 초강력 보스|Überbosse besiegt|Boss ultimes vaincus|Jefes supremos abatidos|Zabijani Superbossowie
quest_name_1524|Ethering Monster Slayer||Matador de Monstros do Éter|Убийство монстров в эфире|乙太怪物獵人(完成獲得乙太天賦點)|エーテルモンスタースレイヤー|에테르화 몬스터 사냥꾼|Ätherischer Monstertöter|Tueur de monstres éthérés|Cazador de monstruos etéreo|Eteryczny Zabójca Potworów
quest_description_1524|Slay Monsters as a sacrifice to the ether..||Derrote monstros como sacrifício ao éter.|Убийство монстров в качестве жертвы эфиру...|擊殺怪物，獻祭給乙太……|エーテルへの生贄としてモンスターを討伐せよ…|에테르에 제물로 바쳐지는 몬스터 처치|Besiege Monster als Opfergabe an den Äther.|Éliminez les monstres en sacrifice à l'éther...|Acaba con los monstruos como sacrificio al éter.|Zabijaj potwory, składając je w ofierze eterowi.
quest_objective_1524_1|Monsters slain||Monstros derrotados |Убийство монстров |擊殺怪物 |モンスター討伐 |처치된 몬스터 |Monster besiegt |Monstres vaincus |Monstruos abatidos |Zabijane potwory 
