|en|fi|pt|ru|zh|ja|ko|de|fr|sp|pl
talent_name_basicMovement|Movement|Liike|Movimento| Движение|移動|移動|이동|Bewegung|Se déplacer|Déplacement|Ruch
talent_desc_basicMovement|Move around without attacking.|Liiku ympäriinsä hyökkäämättä.|Movimentar-se sem atacar.| Передвигайтесь, не атакуя.|移動但不攻擊。|攻撃せずに動き回ります。|공격하지 않고 이동합니다.|Bewegen Sie sich, ohne anzugreifen.|Se déplacer sans attaquer.|Se déplacer sans attaquer.|Poruszaj się bez atakowania.
talent_name_basicAttack|Attack|Hyökkäys|Atacar| Атака|攻擊|攻撃|공격|Angriff|Attaque|Attaque|Atak
talent_desc_basicAttack|Basic Attack|Perushyökkäys |Ataque Básico| Базовая атака|基本攻擊 |基本攻撃 |기본 공격|Grundangriff|Attaque de base|Attaque de base |Podstawowy atak
|||||||||||
talent_name_weaponMaster|Weapon Master|Asemestari|Mestre das Armas| Мастер оружия|武器大師|武器マスター|웨폰 마스터|Waffenmeister|Maître d'armes|Maîtrise des armes|Mistrz Broni
talent_name_charge|Charge|Lataa|Investida| Заряжать|衝鋒|突撃|차지 |Angriff|Charge|Charge|Szarża
talent_name_devastatingCharge|Devastating Charge|Tuhoisa lataus|Investida Devastadora| Разрушительный рывок|毀滅衝鋒|破壊的な突撃|디바스타팅 차지|Verheerender Angriff|Charge dévastatrice|Charge dévastatrice|Zniszczająca Szarża
talent_name_shieldMaster|Shield Master|Kilven mestari|Mestre do Escudo| Мастер Щита|盾牌大師|シールドマスター|쉴드 마스터|Schildmeister|Maître du bouclier|Maître du bouclier|Mistrz Tarczy
talent_name_stoneskin|Stoneskin|Kivennahka|Pele de Pedra| Каменная кожа|石膚|ストーンスキン|스톤스킨|Steinhaut|Peau de pierre|Peau de pierre|Skórzany Kamień
talent_name_norseResistance|Norse Resistance|Norjan vastarinta|Resistência Nórdica| Норвежское Сопротивление|北歐耐性|北欧の抵抗|노르드 레지스트|Nordischer Widerstand|Résistance nordique|Résistance nordique|Nordycka Odporność
talent_name_defensiveShout|Defensive Shout|Puolustava huuto|Grito Defensivo| Защитный крик|防禦吶喊|防御の叫び|디펜스 샤우트|Verteidigungsschrei|Cri défensif|Cri défensif|Obronna Krzyk
talent_name_odinsFury|Odin's Fury|Odinin raivo|Fúria de Odin| Ярость Одина|奧丁之怒|オーディンの激怒|오딘 퓨리|Odins Wut|Fureur d'Odin|Fureur d'Odin|Furia Odyna
talent_name_battleAgility|Battle Agility|Battle Agility|Agilidade de Batalha| Боевая ловкость|戰鬥敏捷|戦闘の敏捷性|배틀 어질리티|Kampfgewandtheit|Agilité au combat|Agilité au combat|Zwinność Bitewna
talent_name_combatOrders|Combat Orders|Taistelumääräykset|Ordens de Batalha| Боевые приказы|戰鬥命令|戦闘命令|컴뱃 오더|Kampfbefehle|Ordre de combat|Ordres de combat|Rozkazy Bojowe
talent_name_seismicSlam|Seismic Slam|Seisminen slam|Batida Sísmica| Сейсмический удар|地震猛擊|地震のスラム|사이즈믹 슬램|Seismischer Schlag|Frappe sismique|Frappe sismique|Sejsmiczny Uderzenie
talent_name_bruteForce|Brute Force|Raaka voima|Força Bruta| Грубая сила|蠻力|力ずくの力|브루트 포스|Brutale Gewalt|Force brute|Force brute|Brutalna Siła
talent_name_zeal|Zeal|Innokkuus|Zelo| Рвение|狂熱|熱意|질|Eifer|Zèle|Zèle|Zelotyzm
talent_name_monsterThrow|Throw!|Heittää!|Lançar!| Бросать!|投擲！|投げろ！|쓰로우|Werfen!|Lancer !|Lancer !|Rzuć!
talent_name_ymirsChampion|Ymir's Champion|Ymirin mestari|Campeão de Ymir| Чемпион Имира|尤彌爾鬥士|ユミルのチャンピオン|이미르 챔피언|Ymirs Champion|Champion d'Ymir|Champion d'Ymir|Mistrz Ymira
talent_name_whirlwind|Whirlwind|Myrskytuuli|Redemoinho| Вихрь|旋風斬|旋風|휠윈드|Wirbelwind|Tourbillon|Tourbillon|Wir
talent_name_shockwave|Shockwave|Shockwave|Onda de Choque| Ударная волна|衝擊波|衝撃波|쇼크웨이브|Schockwelle|Onde de choc|Onde de choc|Fala Uderzeniowa
talent_name_berserk|Berserk|Berserk|Berserker| Берсерк|狂暴|バーサーク|버서크|Berserker|Berserk|Berserk|Berserk
talent_name_demolishingWinds|Demolishing Winds|Tuhottavat tuulet |Ventos Demolidores| Разрушительные Ветры|毀滅之風 |破壊の風 |디몰리싱 윈드|Zerstörende Winde|Vents destructeurs|Vents destructeurs |Niszczące Wiatry
|||||||||||
talent_desc_weaponMaster|Increases your attack damage and attack rating when you are using weapons without a shield.|Lisää hyökkäysvahinkoasi ja hyökkäysluokitusta, kun käytät aseita ilman kilpeä.|Aumenta o seu Dano de Ataque e Precisão de Ataque enquanto utiliza Armas sem um Escudo.| Увеличивает урон и рейтинг атаки при использовании оружия без щита.|在無裝備盾牌時, 使用武器會增加你的攻擊傷害和命中率. |シールドなしで武器を使用しているときに、攻撃ダメージと攻撃レーティングを増加します。|방패 없이 무기를 사용할 때 공격력과 명중률이 증가합니다.|Erhöht deinen Angriffsschaden und deine Angriffswertung, wenn du Waffen ohne Schild verwendest.|Augmente vos dégâts d'attaque et votre niveau d'attaque lorsque vous utilisez des armes sans bouclier.|Augmente vos dégâts et votre précision d'attaque lorsque vous utilisez des armes sans bouclier.|Zwiększa twoje obrażenia ataku i trafienie ataku gdy używasz broni bez tarczy.
talent_desc_charge|Charge forward dealing arcane damage and stunning monsters on impact.|Lataa eteenpäin jakele arkaanista vahinkoa ja upeita hirviöitä törmäyksessä.|Avança causando Dano Arcano e atordoa inimigos no impacto.| Рывок вперед, наносящий урон тайной магией и оглушающий монстров при ударе.|向前衝鋒造成奧術傷害, 並在碰撞時擊暈怪物. |前方に突進してアーケイン ダメージを与え、着地時にモンスターをスタンさせます。|앞으로 돌진하여 아케인 데미지를 입히고 충격 시 몬스터를 기절시킵니다.|Stürme nach vorne, verursache arkanen Schaden und betäubt Monster beim Aufprall.|Chargez face à vous en infligeant des dégâts et en étourdissant les ennemis au moment de l'impact.|Chargez en avant, infligeant des dégâts arcaniques et étourdissant les monstres à l'impact.|Szarżuj do przodu zadając obrażenia arcane i ogłuszając potwory przy uderzeniu.
talent_desc_devastatingCharge|When hitting monsters with Charge release a pulse dealing additional arcane damage and decreasing monster attack rating.|Kun lyöt hirviöitä Chargella, vapauta pulssi, joka tuottaa ylimääräistä arkaanista vahinkoa ja laskee hirviöhyökkäysarvoa.|Ao atingir inimigos com a Investida, libera um pulso que causa Dano Arcano e diminui a Precisão de Ataque do inimigo.| При ударе по монстрам с помощью Рывка высвобождается импульс, наносящий дополнительный урон от тайной магии и снижающий рейтинг атаки монстров.|當使用衝鋒攻擊怪物時, 會釋放一個脈衝, 造成奧術傷害並降低敵人的命中率. |チャージでモンスターを攻撃すると、パルスを放出して追加のアーケイン ダメージを与え、モンスターの攻撃レーティングを低下させます。|돌진으로 몬스터를 공격할 때 펄스를 방출하여 추가 아케인 데미지를 입히고 몬스터의 명중률을 감소시킵니다.|Wenn du Monster mit „Sturmangriff“ triffst, wird ein Impuls freigesetzt, der zusätzlichen arkanen Schaden verursacht und die Angriffswertung der Monster verringert.|Lorsque vous touchez des ennemis avec Charge, vous libérez une impulsion qui inflige des dégâts supplémentaires et diminue le niveau d'attaque de l'ennemi.|Lorsque vous touchez un monstre avec Charge, libérez une impulsion infligeant des dégâts arcaniques supplémentaires et réduisant sa précision d'attaque.|Gdy trafiasz potwory Szarżą uwolnij puls zadający dodatkowe obrażenia arcane i zmniejszający trafienie ataku potworów.
talent_desc_shieldMaster|Increases your attack damage and attack rating when using a Shield.|Kasvata hyökkäysvahinkoasi ja hyökkäysluokitusta, kun käytät Shieldia.|Aumenta o seu Dano de Ataque e Precisão de Ataque enquanto utiliza um Escudo.| Увеличивает урон от атаки и рейтинг атаки при использовании щита.|使用盾牌時, 增加攻擊傷害和攻擊命中率. |シールドを使用しているときに、攻撃ダメージと攻撃レーティングを増加します。|방패를 사용할 때 공격력과 명중률이 증가합니다.|Erhöht deinen Angriffsschaden und deine Angriffswertung, wenn du einen Schild verwendest.|Augmente vos dégâts d'attaque et votre niveau d'attaque lorsque vous utilisez un bouclier.|Augmentez vos dégâts et votre précision d'attaque lorsque vous utilisez un bouclier.|Zwiększa twoje obrażenia ataku i trafienie ataku gdy używasz Tarczy.
talent_desc_stoneskin|Increases your defense rating.|Nostaa puolustustasosi.|Aumenta a sua Defesa.| Повышает ваш рейтинг защиты.|提高防禦. |防御レーティングを増加します。|방어력이 증가합니다.|Erhöht deine Verteidigungswertung.|Augmente de façon passive votre défense.|Augmentez votre défense.|Zwiększa twoje trafienie obrony.
talent_desc_norseResistance|Increases all of your resistances.|Lisää kaikkia vastustuskykyäsi.|Aumenta todas as suas Resistências.| Увеличивает все ваши сопротивления.|增加全抗性. |すべての耐性を増加します。|모든 저항력이 증가합니다.|Erhöht alle deine Resistenzen.|Augmente de façon passive toutes vos résistances.|Augmentez toutes vos résistances.|Zwiększa wszystkie twoje odporności.
talent_desc_defensiveShout|Powerful warcry which buffs your and your party members defense rating.|Voimakas sotaharjoitus, joka vahvistaa sinun ja puolueesi jäsenten puolustusluokitusta.|Poderoso grito de guerra que aumenta a sua Defesa e a dos membros do seu grupo.| Мощный боевой клич, который повышает ваш рейтинг защиты и рейтинг защиты членов вашей группы.|強大的戰吼, 可以提高你和隊友的防禦. |強力なウォークライで、自分とパーティー メンバーの防御レーティングを強化します。|자신과 파티원의 방어력을 강화하는 강력한 전투 함성.|Mächtiger Kriegsschrei, der deine Verteidigungswertung und die deiner Gruppenmitglieder steigert.|Puissant cri de guerre qui augmente votre défense et celle des membres de votre groupe.|Cri de guerre puissant qui renforce votre défense et celle de vos alliés.|Potężny okrzyk wojenny który buffuje twoje i członków drużyny trafienie obrony.
talent_desc_odinsFury|Powerful warcry which deals arcane damage and stuns monsters around you.|Tehokas sotajoukko, joka tekee salaperäisiä vahinkoja ja tainnuttaa ympärilläsi olevat hirviöt.|Poderoso grito de guerra que causa Dano Arcano e atordoa inimigos a sua volta.| Мощный боевой клич, наносящий урон тайной магией и оглушающий монстров вокруг вас.|強大的戰吼, 可造成奧術傷害並擊暈你周圍的敵人. |強力なウォークライで、アーケイン ダメージを与え、周囲のモンスターをスタンさせます。|주변의 몬스터를 아케인 데미지와 기절시키는 강력한 전투 함성.|Mächtiger Kriegsschrei, der arkanen Schaden verursacht und Monster um dich herum betäubt.|Puissant cri de guerre qui inflige des dégâts et étourdit les ennemis autour de vous.|Cri de guerre puissant qui inflige des dégâts arcaniques et étourdit les monstres proches.|Potężny okrzyk wojenny który zadaje obrażenia arcane i ogłusza potwory wokół ciebie.
talent_desc_battleAgility|Increases your movement speed.|Lisää liikenopeuttasi.|Aumenta sua Velocidade de Movimento.| Увеличивает скорость передвижения.|提高你的移動速度. |移動速度を増加します。|이동 속도가 증가합니다.|Erhöht deine Bewegungsgeschwindigkeit.|Augmente passivement votre vitesse de marche/course.|Augmentez votre vitesse de déplacement.|Zwiększa twoją prędkość ruchu.
talent_desc_combatOrders|Powerful warcry which buffs your and your party members maximum life and mana.|Tehokas sotaharjoitus, joka piristää sinun ja puolueesi jäseniä maksimaalisen elämän ja manaan.|Poderoso grito de guerra que aumenta sua Vida e Mana Máxima e a dos membros do seu grupo.| Мощный боевой клич, увеличивающий максимальный запас здоровья и маны у вас и членов вашей группы.|強大的戰吼, 可以增強你和隊友的最大生命和法力. |強力なウォークライで、自分とパーティー メンバーの最大ライフとマナを強化します。|자신과 파티원의 최대 생명력과 마나를 강화하는 강력한 전투 함성.|Mächtiger Kriegsschrei, der dein maximales Leben und Mana und das deiner Gruppenmitglieder steigert.|Puissant cri de guerre qui augmente vos points de vie et de mana ainsi que ceux des membres de votre groupe.|Cri de guerre puissant qui augmente vos points de vie et de mana maximum, ainsi que ceux de vos alliés.|Potężny okrzyk wojenny który buffuje twoje i członków drużyny maksymalne życie i manę.
talent_desc_seismicSlam|Smash monsters in front of you dealing damage and knocking them up and stunning them.|Murskaa hirviöitä edessäsi tekemällä vahinkoa ja lyömällä ne ylös ja hämmästyttäen ne.|Esmaga os inimigos à tua frente, causando dano e os arremessando pra cima.| Крушите монстров перед собой, нанося им урон, подбрасывая их в воздух и оглушая.|粉碎你面前的敵人，造成傷害並將其擊倒. |目の前のモンスターを叩きつけてダメージを与え、ノックアップしてスタンさせます。|앞에 있는 몬스터를 박살내어 데미지를 입히고 공중에 띄우고 기절시킵니다.|Schmettere Monster vor dir, füge Schaden zu, schleudere sie hoch und betäube sie.|Frappez les ennemis devant vous en leur infligeant des dégâts et en les étourdissant.|Écrasez les monstres devant vous, leur infligeant des dégâts, les projetant en l'air et les étourdissant.|Uderz potwory przed sobą zadając obrażenia i wyrzucając je w górę oraz ogłuszając.
talent_desc_bruteForce|Increases your chance of critical strike and critical strike damage.|Lisää kriittisten iskujen ja kriittisten iskuvaurioiden mahdollisuutta.|Aumenta a sua chance de Acerto Crítico e Dano de Acerto Crítico.| Увеличивает вероятность критического удара и урон от критического удара.|增加暴擊幾率和暴擊傷害. |クリティカル ストライクとクリティカル ストライク ダメージの確率を増加します。|치명타와 치명타 데미지의 확률이 증가합니다.|Erhöht deine Chance auf einen kritischen Treffer und kritischen Trefferschaden.|Augmente de façon passive vos chances de coup critique et les dégâts des coups critiques.|Augmentez vos chances de coup critique et les dégâts des coups critiques.|Zwiększa twoją szansę na trafienie krytyczne i obrażenia krytyczne.
talent_desc_zeal|Strike three fast and powerful attacks with increased attack rating.|Iske kolme nopeaa ja tehokasta hyökkäystä parannetulla hyökkäysluokituksella.|Desfere três ataques rápidos e poderosos com Precisão de Ataque aumentada.| Нанесите три быстрых и мощных удара с повышенным рейтингом атаки.|進行三次快速而有力的攻擊，並提高攻擊命中率. |攻撃レーティングを増加した高速で強力な攻撃を 3 回行います。|명중률이 증가한 빠르고 강력한 공격을 세 번 가합니다.|Führe drei schnelle und mächtige Angriffe mit erhöhter Angriffswertung aus.|Effectue trois attaques rapides et puissantes.|Enchaînez trois attaques rapides et puissantes avec une précision d'attaque accrue.|Uderz trzykrotnie szybko i potężnie ze zwiększonym trafieniem ataku.
talent_desc_monsterThrow|Pick up and throw a monster which deals area of effect arcane damage and stuns monsters upon landing.|Poimi ja heitä hirviö, joka tekee vaikutusalueen arkaanista vahinkoa ja tainnuttaa hirviöt laskeutuessaan.|Agarra e arremessa um monstro que causa Dano Arcano em área e atordoa inimigos ao aterrissar.| Подберите и бросьте монстра, который наносит урон тайной магией по области и оглушает монстров при приземлении.|抓取並丟出一個怪物, 落地時會造成範圍奧術傷害並暈眩敵人. |範囲効果のアーケイン ダメージを与え、着地時にモンスターをスタンさせるモンスターを拾って投げます。|몬스터를 들어 올려 던지며, 광역 아케인 데미지를 입히고 몬스터를 기절시킵니다.|Hebe ein Monster auf und wirf es, das arkanen Flächenschaden verursacht und Monster bei der Landung betäubt.|Ramassez et lancez un monstre qui inflige des dégâts de zone et étourdit les autres ennemis lorsqu'il atterrit.|Saisissez et projetez un monstre, infligeant des dégâts arcaniques de zone et étourdissant les monstres à l'atterrissage.|Podnieś i rzuć potworem który zadaje obrażenia obszarowe arcane i ogłusza potwory przy lądowaniu.
talent_desc_ymirsChampion|Perform a cold enhanced strike with additive cold damage, Increased attack damage and attack rating. Attacks also freeze monsters and summons a spinning axe that deals additional damage.|Suorita tehostettu kylmäisku lisäämällä kylmävaurioita, lisäämällä hyökkäysvahinkoa ja hyökkäysluokitusta. Hyökkäykset myös jäädyttävät hirviöitä ja kutsuvat pyörivän kirveen, joka tekee lisävahinkoa.|Executa um ataque aprimorado de gelo com Dano Adicional de Gelo, Dano de Ataque e Taxa de Ataque aumentados. Os ataques também congelam os inimigos e criam um Machado Giratório.| Нанести усиленный холодом удар с дополнительным уроном от холода|攻擊附加冰霜傷害和增加攻擊命中率, 攻擊還會凍結敵人並召喚造成額外傷害的旋轉斧. |追加の冷気ダメージ、攻撃ダメージと攻撃レーティングの強化された冷気攻撃を実行します。 攻撃はモンスターを凍結させ、追加のダメージを与える回転斧を召喚します。|추가 냉기 데미지, 증가된 공격 데미지, 명중률로 냉기 강화 공격을 수행합니다. 공격 시 몬스터를 동결시키고 추가 데미지를 입히는 회전 도끼를 소환합니다.|Führe einen verstärkten Kälteschlag mit zusätzlichem Kälteschaden, erhöhtem Angriffsschaden und Angriffswertung aus. Angriffe frieren auch Monster ein und beschwören eine wirbelnde Axt, die zusätzlichen Schaden verursacht.|Attaque gelée infligeant des dégâts de froid supplémentaires et des dégâts d'attaque accrus. Les attaques gèlent également les ennemis touchés et ont un niveau d'attaque augmentée.|Exécutez une frappe de froid renforcée, infligeant des dégâts de froid additionnels et augmentant vos dégâts et votre précision d'attaque. Les attaques gèlent également les monstres et invoquent une hache tournoyante infligeant des dégâts supplémentaires.|Wykonaj uderzenie wzmocnione zimnem z addytywnymi obrażeniami zimna, zwiększonymi obrażeniami ataku i trafieniem ataku. Ataki również zamrażają potwory i przywołują wirujące topory zadające dodatkowe obrażenia.
talent_desc_whirlwind|Spin your weapons around you dealing damage to monsters struck.|Pyöritä aseitasi ympärilläsi ja vahingoita osumia hirviöitä.|Gira suas armas à sua volta, causando Dano aos inimigos atingidos.| Вращайте свое оружие вокруг себя, нанося урон пораженным монстрам.|旋轉你的武器對你周圍的敵人造成傷害. |武器を回転させて攻撃したモンスターにダメージを与えます。|무기를 회전시켜 맞은 몬스터에게 데미지를 입힙니다.|Wirbele deine Waffen um dich herum und füge getroffenen Monstern Schaden zu.|Faites tourner vos armes autour de vous en infligeant des dégâts de zone aux ennemis touchés.|Faites tournoyer vos armes autour de vous pour infliger des dégâts aux monstres touchés.|Wiruj swoimi broniami wokół siebie zadając obrażenia trafionym potworom.
talent_desc_shockwave|Smash the ground causing a shockwave that deals area of effect damage and stuns monsters. |Murskaa maata aiheuttaen shokkiaallon, joka vaurioittaa vaikutusaluetta ja tainnuttaa hirviöt. |Atinge o inimigo, causando uma onda de choque que dá Dano em Área e Atordoa os inimigos. (Não pode causar efeitos de ataque)| Ударьте по земле, вызвав ударную волну, которая наносит урон по области и оглушает монстров.|重擊大地, 引發衝擊波對範圍內的怪物造成傷害並使其眩暈. |地面を叩きつけて衝撃波を発生させ、範囲ダメージを与えてモンスターをスタンさせます。|땅을 내리쳐 충격파를 일으켜 광역 데미지와 몬스터를 기절시킵니다.|Schlage auf den Boden und verursache eine Schockwelle, die Flächenschaden verursacht und Monster betäubt.||Frappez le sol pour créer une onde de choc infligeant des dégâts de zone et étourdissant les monstres.|Uderz w ziemię powodując falę uderzeniową która zadaje obrażenia obszarowe i ogłusza potwory.
talent_desc_berserk|Every successful hit with berserk increases your attack damage, attack speed and movement speed for berserk stacking up to 8 times.|Jokainen onnistunut isku berserkillä lisää hyökkäysvahinkoasi, hyökkäysnopeutta ja liikkeen nopeutta, jolloin berserk pinoaa jopa 8 kertaa.|Atinge um inimigo e, por cada golpe bem sucedido, aumenta o seu Dano de Ataque para Berserker, a Velocidade de Ataque e a Velocidade de Movimento, acumulando até 8 vezes.| Каждый успешный удар берсерка увеличивает урон от атаки.|每當使用狂暴成功擊中一次, 都會增加攻擊傷害, 攻擊速度和移動速度, 最多可疊加 8 層. |バーサーカーによる攻撃が成功するたびに、バーサーカーの攻撃ダメージ、攻撃速度、移動速度が増加し、最大 8 回までスタックします。|광전사로 적중 시마다 광전사의 공격 데미지, 공격 속도, 이동 속도가 증가하며 최대 8회까지 중첩됩니다.|Jeder erfolgreiche Treffer mit Berserker erhöht deinen Angriffsschaden, deine Angriffsgeschwindigkeit und deine Bewegungsgeschwindigkeit für Berserker bis zu 8-mal.|Chaque coup réussi augmente votre vitesse d'attaque et votre vitesse de marche/course, cumulables jusqu'à 8 fois.|Chaque coup réussi en mode berserk augmente vos dégâts d'attaque, votre vitesse d'attaque et votre vitesse de déplacement pendant la frénésie, cumulable jusqu'à 8 fois.|Każde udane trafienie berserkiem zwiększa twoje obrażenia ataku, prędkość ataku i prędkość ruchu dla berserka stackując do 8 razy.
talent_desc_demolishingWinds|Whirlwind now unleashes tornadoes dealing portion of the Whirlwinds damage to monsters struck.|Whirlwind päästää nyt valloilleen tornadot, jotka aiheuttavat osan Whirlwindin aiheuttamista vahingoista iskuille hirviöille. |O Redemoinho agora solta tornados que causam uma parte do Dano do Redemoinho nos inimigos atingidos.| Вихрь теперь выпускает торнадо, нанося часть урона от Вихря пораженным монстрам.|旋風斬現在可以釋放龍捲風, 對被攻擊的敵人造成一部分的旋風斬傷害. |旋風は竜巻を解き放ち、攻撃したモンスターに旋風のダメージの一部を与えます。 |휠윈드는 이제 휠윈드 데미지의 일부를 맞은 몬스터에게 입히는 토네이도를 방출합니다.|Wirbelwind entfesselt jetzt Tornados, die getroffenen Monstern einen Teil des Wirbelwindschadens zufügen.|Tourbillon déclenche désormais des tornades qui infligent des dégâts d’arcane aux ennemis touchés.|Tourbillon déchaîne désormais des tornades infligeant une partie de ses dégâts aux monstres touchés. |Wir teraz uwalnia tornada zadające część obrażeń Wiru trafionym potworom.
|||||||||||
talent_name_blazingTrail|Blazing Trail|Loistava polku|Trilha de Fogo| Пылающий след|熾烈蹤跡|燃える道|블레이징 트레일|Flammende Spur|Sentier flamboyant|Sentier flamboyant|Płonąca Ścieżka
talent_name_fireEnchant|Fire Enchant|Fire Enchant|Encantamento de Fogo| Огненные чары|火焰附魔|炎のエンチャント|파이어 인챈트|Feuerverzauberung|Enchantement du feu|Enchantement de feu|Zaklęcie Ognia
talent_name_phoenixFlight|Phoenix Flight|Phoenixin lento|Voo da Fênix| Полет Феникса|鳳凰飛行|フェニックス フライト|피닉스 플라이트|Phönixflug|Vol du phénix|Vol du phénix|Lot Feniksa
talent_name_infernoSlash|Inferno Slash|Inferno Slash|Corte Infernal| Инферно|地獄之刃|インフェルノ スラッシュ|인페르노 슬래시|Infernohieb|Taillade infernale|Coup infernal|Płonące Cięcie
talent_name_ignite|Ignite|Sytyttää|Ignição| Зажигать|燃燒|点火|이그나이트|Entzünden|Allumage|Embrasement|Podpalenie
talent_name_fireShield|Fire Shield|Palokilpi|Escudo de Fogo| Пожарный щит|烈火神盾|ファイア シールド|파이어 쉴드|Feuerschild|Bouclier de feu|Bouclier de feu|Tarcza Ognia
talent_name_searingChains|Searing Chains|Paahtavat ketjut|Correntes Abrasadoras| Жгучие цепи|灼熱鎖鏈|焼け付く鎖|써링 체인|Sengende Ketten|Chaînes incandescentes|Chaînes brûlantes|Palące Łańcuchy
talent_name_livingBomb|Living Bomb|Elävä pommi|Bomba Viva| Живая Бомба|活體炸彈|生ける爆弾|리빙 봄|Lebende Bombe||Bombe vivante|Żywa Bomba
talent_name_fieryPresence|Fiery Presence|Tulinen läsnäolo|Presença Ardente| Огненное Присутствие|火焰領域|燃える存在|파이어리 프레젠스|Feurige Präsenz|Présence ardente|Présence ardente|Ognista Obecność
talent_name_avatarOfFire|Avatar of Fire|Tulen avatar|Avatar de Fogo| Аватар Огня|火之化身|火の化身|파이어 아바타|Avatar des Feuers|Avatar de feu|Avatar de feu|Awatar Ognia
talent_name_fireBall|Fireball|Tulipallo|Bola de Fogo| Огненный шар|火球|火の玉|파이어볼|Feuerball|Boule de feu|Boule de feu|Kula Ognia
talent_name_breathOfFire|Breath of Fire|Tulen henkäys|Sopro de Fogo| Дыхание Огня|火焰吐息|火の息吹|파이어 브레스|Feueratem|Souffle de feu|Souffle de feu|Oddech Ognia
talent_name_meteor|Meteor|Meteori|Meteoro| Метеор|流星|流星|메테오 스톰|Meteor|Météore|Météore|Meteor
talent_name_scorchingAura|Scorching Aura|Polttava Aura|Aura Escaldante| Обжигающая Аура|灼熱光環|灼熱のオーラ|스코칭 오라|Sengende Aura|Aura brûlante|Aura brûlante|Parząca Aura
talent_name_hydra|Hydra|Hydra|Hidra| Гидра|九頭蛇|ヒドラ|히드라|Hydra|Hydre|Hydre|Hydra
talent_name_comet|Comet|Komeetta|Cometa| комета|彗星|彗星|코멧|Komet|Comète|Comète|Kometa
talent_name_fireNova|Fire Nova|Tuli Nova|Nova de Fogo| Огненная Новая|火焰新星|火の新星|파이어 노바|Feuernova|Nova de feu|Nova de feu|Ognista Nowa
talent_name_volcano|Volcano|Tulivuori|Vulcão| Вулкан|火山|火山|볼케이노|Vulkan|Volcan|Volcan|Wulkan
talent_name_armageddon|Armageddon|Harmageddon |Armagedom| Армагеддон|毀天滅地|アルマゲドン |아마겟돈|Armageddon|Armageddon|Armageddon |Armagedon
|||||||||||
talent_desc_blazingTrail|Leave behind a trail of fire dealing fire damage to monsters.|Leave behind a trail of fire dealing fire damage to monsters.|Deixa um rastro de fogo que causa Dano de Fogo aos inimigos.| Оставляет за собой огненный след, наносящий урон монстрам.|移動過的路徑上留下火焰, 對敵人造成火焰傷害. |モンスターに火属性ダメージを与える炎の軌跡を残す。|불꽃 자국을 남겨 몬스터에게 불 데미지를 입힙니다.|Hinterlasse eine Feuerspur, die Monstern Feuerschaden zufügt.|Laissez derrière vous une traînée de feu qui inflige des dégâts aux ennemis.|Laissez une traînée de feu infligeant des dégâts de feu aux monstres.|Zostaw za sobą ślad ognia zadający obrażenia fire potworom.
talent_desc_fireEnchant|Enchant your attacks with additive fire damage inflicting burning on monsters. Your spells also apply a stack of Ignite. |Enchant your attacks with additive fire damage inflicting burning on monsters. Your spells also apply a stack of Ignite. |Encanta seus ataques com Dano de Fogo Aditivo, Queimando inimigos. Suas habilidades também aplicam um acúmulo de Ignição.| Зачаруйте свои атаки дополнительным огненным уроном, вызывающим горение у монстров. Ваши заклинания также накладывают стек Воспламенения.|為你的攻擊附加火焰傷害並對怪物造成點燃效果, 你的法術也會能堆疊點燃效果. |攻撃に追加の火属性ダメージを付与し、モンスターに燃焼を付与する。呪文もイグナイトのスタックを付与する。|공격에 추가 불 데미지를 부여하여 몬스터에게 화상 효과를 일으킵니다. 주문을 사용할 때마다 점화 중첩이 적용됩니다.|Verzaubere deine Angriffe mit zusätzlichem Feuerschaden, der Monster in Brand setzt. Deine Zauber wenden außerdem einen Stapel „Entzünden“ an.|Enchantez vos attaques en y ajoutant des dégâts de feu.|Enchantez vos attaques avec des dégâts de feu cumulatifs, infligeant des brûlures aux monstres. Vos sorts appliquent également un cumul d'Embrasement.|Zaklnij swoje ataki addytywnymi obrażeniami fire nakładając palenie na potwory. Twoje zaklęcia również nakładają stack Ignite.
talent_desc_phoenixFlight|Charge forward through the air dealing area of effect fire damage when landing.|Charge forward through the air dealing area of effect fire damage when landing.|Avança para frente através do ar causando Dano de Fogo em área ao aterrissar.| Прорывайтесь вперед по воздуху, нанося урон огнем по области при приземлении.|在空中向前衝鋒, 著陸時造成範圍火焰傷害. |空中を突進し、着地時に範囲火属性ダメージを与える。|공중을 돌진하여 착지 시 범위 불 데미지를 입힙니다.|Stürme durch die Luft und verursache beim Landen Flächenbrandschaden.|Chargez dans les airs en infligeant d'énormes dégâts de zone à l'atterrissage.|Chargez en avant dans les airs, infligeant des dégâts de feu de zone à l'atterrissage.|Szarżuj do przodu przez powietrze zadając obrażenia obszarowe fire przy lądowaniu.
talent_desc_infernoSlash|Send forward a fire enchanted cleave attack dealing increased damage and additional fire damage.|Send forward a fire enchanted cleave attack dealing increased damage and additional fire damage.|Lance um Ataque de Corte encantado com fogo causando Dano Aumentado e Dano Adicional de fogo.| Отправьте вперед огненную зачарованную атаку рассекающим ударом, наносящую увеличенный урон и дополнительный урон от огня.|打出一次帶有火焰附魔的劈砍攻擊, 造成傷害和附加火焰傷害. |火属性付与されたクリーブ攻撃を前方に放ち、増加ダメージと追加の火属性ダメージを与える。|불속성으로 강화된 회전 공격을 앞으로 내질러 추가 데미지와 불 데미지를 입힙니다.|Sende einen mit Feuer verzauberten Spaltangriff aus, der erhöhten Schaden und zusätzlichen Feuerschaden verursacht.|Portez une attaque de enchantée par le feu, qui inflige des dégâts de feu supplémentaires et enflamme les ennemis touchés.|Lancez une attaque de zone enchantée par le feu, infligeant des dégâts accrus et des dégâts de feu supplémentaires.|Wyślij do przodu cięcie zaklęte ogniem zadające zwiększone obrażenia i dodatkowe obrażenia fire.
talent_desc_ignite|All fire enchanted attacks add a stack of ignite on the monster, causing them to combust at 10 stacks dealing area of effect fire damage.|All fire enchanted attacks add a stack of ignite on the monster, causing them to combust at 10 stacks dealing area of effect fire damage.|Todos os ataques com Encantamento de Fogo adicionam um acúmulo de Ignição no inimigo, fazendo com que ele entre em combustão com 10 acúmulos, causando Dano de Fogo em área.| Все атаки, зачарованные огнем, добавляют заряд воспламенения на монстра.|所有帶有火焰附魔的攻擊都會在敵人身上添加一層點燃效果, 使他們在10層時引爆, 造成範圍火焰傷害. |すべての火属性付与攻撃はモンスターにイグナイトのスタックを付与し、10スタックで範囲火属性ダメージを与える燃焼爆発を起こす。|모든 불 속성 강화 공격은 몬스터에게 점화 중첩을 추가하며, 10중첩 시 폭발하여 범위 불 데미지를 입힙니다.|Alle mit Feuer verzauberten Angriffe fügen dem Monster einen Stapel Entzünden hinzu, wodurch es bei 10 Stapeln in Flammen aufgeht und Flächenfeuerschaden verursacht.|Toutes les attaques enchantées par le feu ajoutent un cumul de combustion sur l'ennemi, qui s'enflamme au bout de 10 cumuls et inflige des dégâts de feu de zone.|Toutes les attaques enchantées par le feu ajoutent un cumul d'Embrasement au monstre, le faisant s'enflammer à 10 cumuls et infligeant des dégâts de feu de zone.|Wszystkie ataki zaklęte ogniem dodają stack ignite na potworze powodując jego spalenie przy 10 stackach zadające obrażenia obszarowe fire.
talent_desc_fireShield|Cast a shield of fire that increases your Physical damage reduction and deals fire damage to monsters around you. |Cast a shield of fire that increases your damage reduction and deals fire damage to monsters around you. |Conjura um escudo de fogo que aumenta a sua Redução de Dano Físico e Causa dano de fogo nos inimigos em sua volta.| Создайте огненный щит, который увеличивает поглощение урона и наносит урон от огня окружающим вас монстрам.|施放火焰護盾, 增加你的傷害減免, 並對周圍的怪物造成火焰傷害. |炎の盾を展開し、ダメージ軽減を上げ、周囲のモンスターに火属性ダメージを与える。|불의 방패를 전개하여 데미지 감소를 증가시키고 주변 몬스터에게 불 데미지를 입힙니다.|Wirke einen Feuerschild, der deine Schadensreduktion erhöht und Monstern in deiner Nähe Feuerschaden zufügt.|Lancez un bouclier de feu pour augmenter votre réduction des dégâts et brûler les ennemis autour de vous.|Lancez un bouclier de feu qui augmente votre réduction de dégâts et inflige des dégâts de feu aux monstres proches.|Rzuć tarczę ognia która zwiększa twoją redukcję obrażeń i zadaje obrażenia fire potworom wokół ciebie.
talent_desc_searingChains|When striking a monster unleash a powerful chain attack dealing increased damage, additional fire damage and stunning monsters struck.|When striking a monster unleash a powerful chain attack dealing increased damage, additional fire damage and stunning monsters struck.|Desencadeia um poderoso ataque em cadeia contra o inimigo mais próximo, causando Dano Aumentado e Dano de Fogo Adicional aos inimigos atingidos.| При ударе по монстру вызывайте мощную цепную атаку, наносящую повышенный урон.|攻擊怪物時釋放強大的連鎖攻擊，造成傷害和附加火焰傷害，並擊暈被擊中的敵人. |モンスターを攻撃すると強力な連鎖攻撃を解き放ち、増加ダメージ、追加の火属性ダメージを与え、命中したモンスターをスタンさせる。|몬스터를 공격할 때 강력한 연쇄 공격을 발동하여 추가 데미지와 불 데미지를 입히고, 적중한 몬스터를 기절시킵니다.|Beim Angriff auf ein Monster wird ein mächtiger Kettenangriff ausgelöst, der erhöhten Schaden und zusätzlichen Feuerschaden verursacht und getroffene Monster betäubt.|Déchaîne une puissante attaque en chaîne sur l'ennemi le plus proche, infligeant des dégâts et étourdissant les ennemis touchés.|Lorsque vous touchez un monstre, déclenchez une puissante attaque en chaîne infligeant des dégâts accrus, des dégâts de feu supplémentaires et étourdissant les monstres touchés.|Gdy uderzasz potwora uwolnij potężny atak łańcuchowy zadający zwiększone obrażenia, dodatkowe obrażenia fire i ogłuszający trafione potwory.
talent_desc_livingBomb|Throw a molten bomb which explodes and sticks a ticking bomb on the monsters dealing damage over time and finally exploding. monsters within explosion radius also get the debuff.|Throw a molten bomb which explodes and sticks a ticking bomb on the monsters dealing damage over time and finally exploding. monsters within explosion radius also get the debuff.|Lança uma bomba derretida que explode e cola uma bomba de efeito contínuo nos inimigos, causando dano ao longo do tempo e explodindo no final. Os inimigos no raio da explosão também recebem o debuff.| Бросьте расплавленную бомбу, которая взрывается и прикрепляет к монстрам тикающую бомбу, наносящую урон с течением времени и в конце взрывающуюся. Монстры в радиусе взрыва также получают дебафф.|投擲一顆熔岩炸彈，爆炸後會在敵人身上放置一枚定時炸彈，造成持續傷害並最終爆炸. 爆炸範圍內的敵人也會受到減益效果. |溶岩の爆弾を投げ、爆発してモンスターに時限爆弾を貼り付け、時間経過でダメージを与え、最後に爆発する。爆発範囲内のモンスターもデバフを受ける。|용암 폭탄을 던져 폭발시키고 몬스터에게 설치형 폭탄을 붙여 지속적으로 데미지를 입히며 최종적으로 폭발시킵니다. 폭발 범위 내 몬스터들도 디버프에 걸립니다.|Wirf eine geschmolzene Bombe, die explodiert und eine tickende Zeitbombe an den Monstern anhaftet, welche Schaden über Zeit verursacht und schließlich explodiert. Monster im Explosionsradius erhalten ebenfalls den Debuff.||Lancez une bombe en fusion qui explose et colle une bombe à retardement sur les monstres, infligeant des dégâts sur la durée avant d'exploser. Les monstres dans le rayon d'explosion subissent également l'effet négatif. |Rzuć stopioną bombę która eksploduje i przyczepia tykającą bombę na potworach zadającą obrażenia w czasie i ostatecznie eksplodującą. Potwory w promieniu eksplozji również otrzymują debuff.
talent_desc_fieryPresence|Increases your fire skill damage.|Increases your fire skill damage.|Aumenta o seu Dano de Habilidade de Fogo.| Увеличивает урон от вашего навыка огня.|增加你的火焰技能傷害. |火属性スキルのダメージを増加させる。|추가 불 스킬 데미지|Erhöht euren Feuerschaden.|Augmente de façon passive les dégâts de vos compétences de feu.|Augmente les dégâts de vos compétences de feu.|Zwiększa twoje obrażenia umiejętności fire.
talent_desc_avatarOfFire|Temporarily turns you into an avatar of fire; Increasing your attack speed, fire damage, spell critical damage and spell critical chance.|Temporarily turns you into an avatar of fire; Increasing your attack speed, fire resistance and attack rating.|Transforma-te temporariamente em um avatar de fogo, aumentado a Velocidade de Ataque, Dano de Fogo, Dano crítico para feitiços e Chance crítica para feitíços.| Временно превращает вас в аватар огня.|暫時將你變成火的化身；提高你的攻擊速度、火焰抗性和攻擊命中率. |一時的に火の化身となり、攻撃速度、火耐性、命中率を上昇させる。|일시적으로 당신을 불의 화신으로 변신시켜 공격 속도, 불 저항, 명중률을 증가시킵니다.|Verwandelt dich vorübergehend in einen Feueravatar; erhöht deine Angriffsgeschwindigkeit, Feuerresistenz und Angriffsstärke.|Vous transforme en un avatar de feu ; augmente votre vitesse d'attaque, votre résistance au feu et votre niveau d'attaque.|Vous transforme temporairement en avatar de feu, augmentant votre vitesse d'attaque, votre résistance au feu et votre précision.|Tymczasowo zamienia cię w awatara ognia; zwiększając twoją prędkość ataku, odporność na fire i trafienie ataku.
talent_desc_fireBall|Cast a fireball dealing fire damage to monsters.|Cast a fireball dealing fire damage to monsters.|Lança uma bola de fogo que causa Dano de Fogo nos inimigos.| Выпускает огненный шар, наносящий урон монстрам.|發射一個火球，對怪物造成火焰傷害. |ファイアボールを詠唱し、モンスターに火属性ダメージを与える。|불덩이를 던져 몬스터에게 불 데미지를 입힙니다.|Wirke einen Feuerball, der Monstern Feuerschaden zufügt.|Lance une boule de feu qui inflige des dégâts de feu aux ennemis.|Lancez une boule de feu infligeant des dégâts de feu aux monstres.|Rzuć kulę ognia zadającą obrażenia fire potworom.
talent_desc_breathOfFire|Breathe burning flames dealing fire damage and inflicting burning on hit.|Breathe burning flames dealing fire damage and inflicting burning on hit.|Sopra chamas ardentes, causando Dano de Fogo e incendiando os inimigos atingidos.| Выдыхает пылающее пламя, наносящее урон от огня и вызывающее горение при попадании.|吐出燃燒的火焰，造成火焰傷害，並燃燒被擊中的敵人. |燃え盛る炎を吐き出し、火属性ダメージと命中時に燃焼を付与する。|불타는 불꽃을 발산하여 불 데미지를 입히고 적중 시 화상을 입힙니다.|Atmet brennende Flammen, die Feuerschaden verursachen und bei Treffern Verbrennungen hervorrufen.|Souffle des flammes brûlantes qui brûlent les ennemis touchés.|Soufflez des flammes ardentes infligeant des dégâts de feu et brûlant les ennemis touchés.|Wydychaj płonące płomienie zadające obrażenia fire i nakładające palenie przy trafieniu.
talent_desc_meteor|Cast a powerful meteor forwards dealing area of effect fire damage on impact.|Cast a powerful meteor forwards dealing area of effect fire damage on impact.|Lança um poderoso meteoro para a frente, causando Dano de Fogo em área no impacto.| Бросает вперед мощный метеор, наносящий урон огнем по области при ударе.|向前施放強大的流星，在撞擊時造成範圍火焰傷害. |強力な隕石を前方に放ち、着弾時に範囲火属性ダメージを与える。|강력한 유성을 앞으로 발사하여 충격 시 범위 불 데미지를 입힙니다.|Wirf einen mächtigen Meteor nach vorn, der beim Aufprall Flächenbrandschaden verursacht.|Lance un puissant météore en avant qui inflige des dégâts de zone à l'impact.|Lancez un puissant météore infligeant des dégâts de feu de zone à l'impact.|Rzuć potężny meteor do przodu zadający obrażenia obszarowe fire przy uderzeniu.
talent_desc_scorchingAura|Scorch monsters around you dealing fire damage.|Scorch monsters around you dealing fire damage.|Causa Dano de Fogo periodicamente aos inimigos em seu redor.| Поджигайте монстров вокруг себя, нанося урон огнем.|燒灼你周圍的敵人，造成火焰傷害. |周囲のモンスターを焼き払い、火属性ダメージを与える。|주변 몬스터를 태워 불 데미지를 입힙니다.|Versenge Monster in deiner Umgebung und füge ihnen Feuerschaden zu.|Brûle les ennemis autour de vous lorsqu'il est actif.|Brûlez les monstres autour de vous, leur infligeant des dégâts de feu.|Parz potwory wokół siebie zadając obrażenia fire.
talent_desc_hydra|Spawn a fiery hydra that shoots fireballs with area of effect fire damage towards the closest monster.|Spawn a fiery hydra that shoots fireballs with area of effect fire damage towards the closest monster.|Faz surgir uma Hidra ardente que dispara Bolas de Fogo com Dano de Fogo em uma área em direção ao alvo mais próximo.| Создайте огненную гидру, которая стреляет огненными шарами, наносящими урон по области действия, в ближайшего монстра.|召喚一條火焰九頭蛇，向最近的怪物發射火球，造成範圍火焰傷害. |炎のヒドラを召喚し、最も近いモンスターに向かって範囲火属性ダメージの火球を撃つ。|불타는 히드라를 소환하여 가장 가까운 몬스터를 향해 불덩이를 발사하며 범위 불 데미지를 입힙니다.|Erzeugt eine feurige Hydra, die Feuerbälle mit Flächenschaden auf das nächstgelegene Monster schießt.||Invoquez une hydre de feu qui projette des boules de feu infligeant des dégâts de feu de zone sur le monstre le plus proche.|Przywołaj ognista hydrę która strzela kulami ognia z obrażeniami obszarowymi fire w kierunku najbliższego potwora.
talent_desc_comet|Call down a huge comet exploding on impact dealing area of effect fire damage.|Call down a huge comet exploding on impact dealing area of effect fire damage.|Invoca um enorme cometa que explode no impacto e causa Dano de Fogo em área.| Вызовите огромную комету, которая при ударе взрывается и наносит урон огнем по области.|召喚一顆巨大的彗星，撞擊時爆炸，造成範圍火焰傷害. |巨大な彗星を呼び下ろし、着弾時に範囲火属性ダメージを与える。|거대한 혜성을 떨어뜨려 충격 시 범위 불 데미지를 입힙니다.|Beschwöre einen riesigen Kometen, der beim Aufprall explodiert und Flächenbrandschaden verursacht.|Invoque une énorme comète qui explose à l'impact en infligeant des dégâts de zone.|Appelez une immense comète qui explose à l'impact, infligeant des dégâts de feu de zone.|Wezwij ogromną kometę eksplodującą przy uderzeniu zadającą obrażenia obszarowe fire.
talent_desc_fireNova|Cast a nova of fire around you dealing fire damage.|Cast a nova of fire around you dealing fire damage.|Lança uma nova de fogo causando Dano de Fogo.| Создайте вокруг себя огненную звезду, нанося урон от огня.|施放火焰新星，造成火焰傷害. |周囲に火のノヴァを詠唱し、火属性ダメージを与える。|주변에 불의 노바를 발동시켜 불 데미지를 입힙니다.|Erzeuge eine Feuernova um dich herum, die Feuerschaden verursacht.|Lance une nova de feu qui inflige des dégâts aux ennemis autour de vous.|Lancez une nova de feu autour de vous, infligeant des dégâts de feu.|Rzuć novę ognia wokół siebie zadającą obrażenia fire.
talent_desc_volcano|Spawn a molten volcano that deals fire damage around it and spews out burning rocks that explode on hit.|Spawn a molten volcano that deals fire damage around it and spews out burning rocks that explode on hit.|Cria um Vulcão derretido que causa Dano de Fogo e expele rochas explosivas.| Создайте расплавленный вулкан, который наносит урон огнем вокруг себя и извергает горящие камни, взрывающиеся при попадании.|召喚一個熔岩火山，對周圍造成火焰傷害，並噴出燃燒的岩石擊中後產生爆炸. |溶岩の火山を召喚し、周囲に火属性ダメージを与え、燃える岩を噴出して命中時に爆発させる。|용암 화산을 소환하여 주변에 불 데미지를 입히고, 적중 시 폭발하는 불타는 바위를 뿜어냅니다.|Erzeugt einen geschmolzenen Vulkan, der in seiner Umgebung Feuerschaden verursacht und brennende Felsen ausspuckt, die beim Aufprall explodieren.||Invoquez un volcan en fusion qui inflige des dégâts de feu dans son rayon d'action et crache des roches enflammées qui explosent à l'impact.|Przywołaj stopiony wulkan który zadaje obrażenia fire wokół siebie i wyrzuca płonące kamienie które eksplodują przy trafieniu.
talent_desc_armageddon|Call down a rain of meteors from the sky dealing area of effect fire damage to monsters struck.|Call down a rain of meteors from the sky dealing area of effect fire damage to monsters struck.|Invoca uma chuva de meteoros do céu, causando Dano de Fogo em área nos inimigos atingidos.| Вызовите с неба дождь из метеоров, наносящих урон огнем по области пораженным монстрам.|從天而降的流星雨對被擊中的怪物造成範圍火焰傷害. |空から隕石の雨を降らせ、命中したモンスターに範囲火属性ダメージを与える。|하늘에서 유성우를 떨어뜨려 적중한 몬스터에게 범위 불 데미지를 입힙니다.|Beschwöre einen Meteoritenregen vom Himmel, der getroffenen Monstern Flächenschaden durch Feuer zufügt.|Faites tomber une pluie de météorites du ciel qui infligent des dégâts de zone aux ennemis touchés.|Appelez une pluie de météores infligeant des dégâts de feu de zone aux monstres touchés. |Wezwij deszcz meteorów z nieba zadający obrażenia obszarowe fire trafionym potworom.
|||||||||||
talent_name_trickShot|Trickshot|Trickshot|Trickshot| Выстрел с подвохом|特技射擊|トリックショット|트릭샷|Trickschuss|Tir astucieux|Tir acrobatique|Trickshot
talent_name_vault|Vault|Vault|Salto| Хранилище|騰躍|ボールト|볼트|Sprung|Voltige|Saut|Skok
talent_name_multishot|Multishot|Multishot|Tiro Múltiplo| Мультишот|多重射擊|マルチショット|멀티샷|Mehrfachschuss|Tir multiple|Tir multiple|Wielostrzał
talent_name_arrowRampage|Arrow Rampage|Arrow Rampage|Voracidade de Flechas| Стрела Буйство|狂暴箭矢|アローランペイジ|애로우 람페이지|Pfeilwüter|Tir de suppression|Déluge de flèches|Salwa Strzał
talent_name_arrowRain|Arrow Rain|Arrow Rain|Chuva de Flechas| Стрела Дождь|箭雨|アローレイン|애로우 레인|Pfeilregen|Pluie de flèches|Pluie de flèches|Deszcz Strzał
talent_name_homingMissile|Homing Missile|Homing Missile|Míssil Teleguiado| Самонаводящийся снаряд|追蹤導彈|ホーミングミサイル|호밍 미사일|Zielsuchende Rakete|Missile à tête chercheuse|Missile à tête chercheuse|Naprowadzający Pocisk
talent_name_agility|Agility|Agility|Agilidade| Ловкость|敏捷|敏捷性|어질리티 버스트|Agilität|Agilité|Agilité|Zwinność
talent_name_criticalAccuracy|Critical Accuracy|Critical Accuracy|Precisão Crítica| Критическая точность|精準|クリティカルアキュラシー|크리티컬 어큐러시|Kritische Genauigkeit|Visée|Précision critique|Krytyczna Celność
talent_name_volatileShot|Volatile Shot|Volatile Shot|Tiro Volátil| Летучий выстрел|爆炸射擊|揮発性ショット|블러타일 샷|Explosiver Schuss|Tir puissant|Tir volatil|Lotny Strzał
talent_name_fragGrenade|Frag Grenade|Frag Grenade|Granada de Fragmentação| Осколочная граната|破片手榴彈|フラググレネード|플래그 그레네이드|Splittergranate|Bombe à fragmentation|Grenade à fragmentation|Granat Odłamkowy
talent_name_arrowTurret|Arrow Turret|Arrow Turret|Torreta de Flechas| Стрелковая башня|箭塔|アロータレット|애로우 터렛|Pfeilturm|Tourelle à flèches|Tourelle à flèches|Wieżyczka Strzał
talent_name_landMine|Landmine|Landmine|Mina Terrestre| Мина|地雷|地雷|랜드마인|Landmine|Mine terrestre|Mine terrestre|Mina Lądowa
talent_name_beacon|B.E.A.C.O.N.|B.E.A.C.O.N.|B.E.A.C.O.N| МАЯК|B.E.A.C.O.N|B.E.A.C.O.N.|B.E.A.C.O.N.|B.E.A.C.O.N.|B.A.L.I.S.E|B.E.A.C.O.N.|B.E.A.C.O.N.
talent_name_masterMechanic|Master Mechanic|Master Mechanic|Mestre Mecânico| Главный механик|機械大師|マスターメカニック|메카닉 마스터|Meistermechaniker|Génie mécanique|Maîtrise de la mécanique|Mistrz Mechaniki
talent_name_turretMastery|Turret Mastery|Turret Mastery|Maestria de Torreta| Мастерство управления башней|砲塔精通|タレットマスタリー|터렛 마스터리|Turmbeherrschung|Maîtrise des tourelles|Maîtrise des tourelles|Mistrzostwo Wieżyczek
talent_name_cannonTurret|Cannon Turret|Cannon Turret|Torreta de Canhão| Пушечная башня|加農砲砲塔|キャノンタレット|캐논 터렛|Kanonenturm|Tourelle canon|Tourelle canon|Wieżyczka Armatnia
talent_name_rocketTurret|Rocket Turret|Rocket Turret|Torreta de Foguetes| Ракетная башня|火箭砲塔|ロケットタレット|로켓 터렛|Raketenturm|Tourelle à roquettes|Tourelle lance-roquettes|Wieżyczka Rakietowa
talent_name_gunnerDrone|Gunner Drone|Gunner Drone|Drone Atirador| Дрон-стрелок|槍手無人機|ガンナードローン |거너 드론|Schützendrohne|Drone flingueur|Drone artilleur |Dron Strzelca
|||||||||||
talent_desc_trickShot|Shoot an arrow with increased attack rating that bounces from monster to monster dealing increased attack damage.|Shoot an arrow with increased attack rating that bounces from monster to monster dealing increased attack damage.|Com Precisão de Ataque aumentada, dispara uma flecha que salta de inimigo em inimigo causando Dano de Ataque aumentado.| Выпускает стрелу с повышенным рейтингом атаки, которая отскакивает от монстра к монстру, нанося повышенный урон от атаки.|射出一隻攻擊命中率較高的箭矢,會在怪物之間彈射造成攻擊傷害. |攻撃命中率が上昇した矢を放ち、モンスターからモンスターへ跳ね返りながら増加した攻撃ダメージを与える。|명중률이 증가한 화살을 발사하여 몬스터에서 몬스터로 튕기며 공격 데미지가 증가합니다.|Schieße einen Pfeil mit erhöhtem Angriffswert ab, der von Monster zu Monster abprallt und dabei erhöhten Angriffsschaden verursacht.|Avec une grande précision, tirez une flèche qui rebondit d'un ennemi à l'autre en infligeant moins de dégâts à chaque rebond.|Tirez une flèche à l'attaque renforcée qui rebondit de monstre en monstre, infligeant des dégâts accrus.|Wystrzel strzałę ze zwiększonym trafieniem ataku która odbija się od potwora do potwora zadając zwiększone obrażenia ataku.
talent_desc_vault|Vault in the direction aimed unleashing arrows towards nearby monsters dealing increased damage.|Vault in the direction aimed unleashing arrows towards nearby monsters dealing increased damage.|Salte na direção apontada, lançando flechas em inimigos próximos que causam Dano Físico.| Прыжок в указанном направлении, выпуская стрелы в ближайших монстров, нанося повышенный урон.|朝目標方向跳躍，向附近的敵人發射箭矢造成傷害. |狙った方向に跳躍し、近くのモンスターに向かって矢を放ち増加ダメージを与える。|조준한 방향으로 도약하여 근처 몬스터에게 화살을 발사하고 증가된 데미지를 입힙니다.|Springe in die gewünschte Richtung und feuere Pfeile auf nahegelegene Monster ab, die erhöhten Schaden verursachen.|Sautez dans la direction visée en décochant des flèches sur les monstres proches, infligeant ainsi des dégâts accrus. |Effectuez un bond dans la direction visée et décochez une volée de flèches sur les monstres proches, infligeant des dégâts accrus.|Skocz w kierunku celu uwalniając strzały w kierunku pobliskich potworów zadając zwiększone obrażenia.
talent_desc_multishot|Fire multiple arrows in an arc dealing increased damage.|Fire multiple arrows in an arc dealing increased damage.|Dispare várias flechas em arco, causando dano aumentado. | Выпускает несколько стрел по дуге, нанося повышенный урон.|以扇形射出多支箭，造成攻擊傷害. |弧を描くように複数の矢を放ち、増加ダメージを与える。|여러 개의 화살을 호를 그리며 발사하여 증가된 데미지를 입힙니다.|Feuere mehrere Pfeile in einem Bogen ab und verursache so erhöhten Schaden.|Tirez plusieurs flèches en arc de cercle, infligeant des dégâts accrus. |Tirez plusieurs flèches en arc de cercle, infligeant des dégâts accrus.|Wystrzel wiele strzał w łuku zadając zwiększone obrażenia.
talent_desc_arrowRampage|Unleash a swarm of arrows towards the direction aimed dealing arcane and physical damage.|Unleash a swarm of arrows towards the direction aimed dealing arcane and physical damage.|Lança um enxame de flechas na direção apontada, causando Dano Arcano e Dano Físico.| Выпустите рой стрел в указанном направлении, нанося магический и физический урон.|朝目標方向釋放大量箭矢，造成奧術及物理傷害.|狙った方向に矢の群れを解き放ち、アケインと物理ダメージを与える。|조준한 방향으로 화살 무리를 발사하여 아케인과 물리 데미지를 입힙니다.|Entfessle einen Pfeilhagel in die anvisierte Richtung, der arkanen und physischen Schaden verursacht.|Déclencher une nuée de flèches dans la direction visée.|Déchaînez une nuée de flèches dans la direction visée, infligeant des dégâts arcaniques et physiques.|Uwolnij rój strzał w kierunku celu zadając obrażenia arcane i fizyczne.
talent_desc_arrowRain|Unleash a rain of arrows from the sky dealing increased damage.|Unleash a rain of arrows from the sky dealing increased damage.|Desencadeia uma chuva de flechas do céu, causando Dano Arcano.| Обрушьте на врага град стрел, наносящих повышенный урон.|從天空中釋放出一陣箭雨，造成傷害. |空から矢の雨を降らせ、増加ダメージを与える。|하늘에서 화살 비를 떨어뜨려 증가된 데미지를 입힙니다.|Entfessele einen Pfeilhagel vom Himmel, der erhöhten Schaden verursacht.|Déclenchez une pluie de flèches depuis le ciel !|Déchaînez une pluie de flèches depuis le ciel, infligeant des dégâts accrus.|Uwolnij deszcz strzał z nieba zadający zwiększone obrażenia.
talent_desc_homingMissile|Launch a barrage of homing missiles which seeks down its target dealing area of effect arcane and physical damage.|Launch a barrage of homing missiles which seeks down its target dealing area of effect arcane and physical damage.|Lança uma barragem de mísseis teleguiados que procura o seu alvo, causando Dano Arcano em área.| Запустите залп самонаводящихся ракет, которые находят цель и наносят урон по области магией и физическим уроном.|發射一連串追蹤導彈尋找目標，造成範圍奧術和物理傷害. |目標を追尾する多数のミサイルを発射し、範囲内の敵にアケインと物理ダメージを与える。|추적하는 미사일 연발을 발사하여 목표를 추적하며 범위 아케인과 물리 데미지를 입힙니다.|Entfessele einen Hagel von zielsuchenden Raketen, die ihr Ziel verfolgen und Flächenschaden durch Arkan- und physischen Schaden verursachen.|Lancez un missile à tête chercheuse qui s'abat sur sa cible en lui infligeant des dégâts de zone.|Lancez une salve de missiles à tête chercheuse qui traquent leur cible, infligeant des dégâts arcaniques et physiques de zone.|Wystrzel salwę naprowadzających pocisków które szukają celu zadając obrażenia obszarowe arcane i fizyczne.
talent_desc_agility|Temporarily increases your movement speed and attack speed.|Temporarily increases your movement speed and attack speed.|Aumenta temporariamente a sua Velocidade de Movimento e Velocidade de Ataque.| Временно увеличивает скорость передвижения и скорость атаки.|暫時提高你的移動速度和攻擊速度. |一時的に移動速度と攻撃速度を上昇させる。|일시적으로 이동 속도와 공격 속도가 증가합니다.|Erhöht vorübergehend deine Bewegungs- und Angriffsgeschwindigkeit.|Augmente temporairement votre vitesse de marche/course ainsi que votre vitesse d'attaque.|Augmente temporairement votre vitesse de déplacement et votre vitesse d'attaque. |Tymczasowo zwiększa twoją prędkość ruchu i prędkość ataku.
talent_desc_criticalAccuracy|Increases your attack rating and critical strike damage.|Increases your attack rating and critical strike damage.|Aumenta a Precisão de Ataque e Dano Crítico.| Увеличивает рейтинг атаки и критический урон.|提高你的攻擊命中率與暴擊傷害. |攻撃命中率とクリティカルダメージを増加させる。|명중률과 치명타 데미지가 증가합니다.|Erhöht deinen Angriffswert und deinen kritischen Trefferschaden.|Augmente votre niveau d'attaque, ce qui réduit vos chances de rater vos ennemis avec vos attaques.|Augmente votre précision et vos dégâts critiques.|Zwiększa twoje trafienie ataku i obrażenia krytyczne.
talent_desc_volatileShot|Fire a colossal arrow exploding on hit dealing area of effect damage.|Fire a colossal arrow exploding on hit dealing area of effect damage.|Dispara uma flecha colossal que explode ao atingir o alvo, causando dano em área. |Выпускает колоссальную стрелу, которая взрывается при попадании, нанося урон по области.|射出一支巨大的箭，擊中後爆炸，造成範圍傷害. |着弾時に爆発し範囲ダメージを与える巨大な矢を放つ。|거대한 화살을 발사하여 적중 시 폭발하며 광역 데미지를 입힙니다.|Feuere einen kolossalen Pfeil ab, der beim Aufprall explodiert und Flächenschaden verursacht.|Tirez une flèche colossale qui explose à l'impact, infligeant des dégâts de zone. |Tire une flèche colossale qui explose à l'impact et inflige des dégâts de zone. |Wystrzel kolosalną strzałę eksplodującą przy trafieniu zadającą obrażenia obszarowe.
talent_desc_fragGrenade|Throw a frag grenade dealing area of effect arcane damage launching shrapnel around.|Throw a frag grenade dealing area of effect arcane damage launching shrapnel around.|Arremessa uma granada de fragmentação causando Dano Arcano em Área, arremessando fragmentos a sua volta.| Бросьте осколочную гранату, наносящую урон тайной магией по области и разбрасывающую осколки.|投擲一枚破片手榴彈，造成範圍奧術傷害，並向周圍散射彈片. |破片を撒き散らすフラググレネードを投げ、範囲アケインダメージを与える。|파편 수류탄을 던져 범위 아케인 데미지를 입히고, 주변에 파편을 튕겨냅니다.|Wirf eine Splittergranate, die Flächenschaden durch Arkanschaden verursacht und Splitter umherwirbelt.|Lancez une grenade à fragmentation infligeant des dégâts arcaniques de zone et projetant des éclats tout autour. |Lancez une grenade à fragmentation infligeant des dégâts arcaniques de zone et projetant des éclats.|Rzuć granat odłamkowy zadający obrażenia obszarowe arcane wyrzucający szrapnel wokół.
talent_desc_arrowTurret|Build an arrow turret that shoots arrows at the closest monster dealing arcane damage.|Build an arrow turret that shoots arrows at the closest monster dealing arcane damage.|Constrói uma Torreta de Flechas que dispara flechas no inimigo mais próximo, causando Dano Arcano.| Постройте башню, которая стреляет стрелами в ближайшего монстра, нанося урон тайной магией.|建造一座箭塔，向最近的怪物發射箭矢，造成奧術傷害. |最も近いモンスターに向かって矢を放つアロータレットを設置し、アケインダメージを与える。|화살 터렛을 설치하여 가장 가까운 몬스터에게 화살을 발사하고 비전 데미지를 입힙니다.|Errichte einen Pfeilturm, der Pfeile auf das nächstgelegene Monster abfeuert und dabei Arkanschaden verursacht.|Construisez une tourelle à flèches qui tire automatiquement sur l'ennemi le plus proche.|Construisez une tourelle à flèches tirant des flèches sur le monstre le plus proche et infligeant des dégâts arcaniques. |Zbuduj wieżyczkę strzał która strzela strzałami w najbliższego potwora zadając obrażenia arcane.
talent_desc_landMine|Lay down a landmine at the target location exploding shortly after detecting a nearby monster dealing arcane damage.|Lay down a landmine at the target location exploding shortly after detecting a nearby monster dealing arcane damage.|Coloca uma Mina Terrestre na direção do alvo que explode após um curto período ao detectar um alvo, causando Dano Arcano.| Установите мину в указанном месте, которая взорвется вскоре после обнаружения поблизости монстра, наносящего урон тайной магией.|在目標位置埋下地雷，在偵測到附近有怪物後不久爆炸並造成奧術傷害. |指定した場所に地雷を設置し、近くのモンスターを感知すると爆発してアケインダメージを与える。|타겟 위치에 지뢰를 설치하여 근처 몬스터를 감지한 후 잠시 뒤 폭발하며 비전 데미지를 입힙니다.|Lege eine Landmine am Zielort aus, die kurz nach der Entdeckung eines nahegelegenen Monsters, das arkanen Schaden verursacht, explodiert.|Posez une mine terrestre à l'endroit ciblé ; elle explosera peu après la détection d'un monstre à proximité infligeant des dégâts arcaniques. |Posez une mine terrestre à l'endroit ciblé ; elle explosera peu après la détection d'un monstre infligeant des dégâts arcaniques.|Połóż minę lądową w miejscu celu która eksploduje krótko po wykryciu pobliskiego potwora zadając obrażenia arcane.
talent_desc_beacon|Build a beacon that increases nearby allies arcane skill damage and mana replenish.|Build a beacon that increases nearby allies arcane skill damage and mana replenish.|Construa um sinalizador que aumenta o Dano de Habilidade Arcana e a Recuperação de Mana dos aliados próximos.| Постройте маяк, который увеличит урон от тайных умений и восполнение маны у ближайших союзников.|建造一座信標，增加附近盟友的奧術技能傷害和法力回復. |味方の近くにビーコンを設置し、アケインスキルダメージとマナ回復を増加させる。|주변 아군의 아케인 스킬 데미지와 마나 회복을 증가시키는 비콘을 설치합니다.|Errichte ein Leuchtfeuer, das den Schaden arkaner Fertigkeiten und die Manaregeneration von Verbündeten in der Nähe erhöht.|Construisez une balise qui augmente la vie et la restauration de mana des alliés proches.|Construisez une balise qui augmente les dégâts des compétences arcaniques et la régénération de mana des alliés proches. |Zbuduj beacon który zwiększa obrażenia umiejętności arcane pobliskich sojuszników i replenish many.
talent_desc_masterMechanic|Temporarily increase the attack speed and arcane damage of all your turrets and drones!|Temporarily increase the attack speed and arcane damage of all your turrets and drones!|Aumente temporariamente a Velocidade de Ataque e o Dano Arcano de todas as suas torretas e drones!| Временно увеличьте скорость атаки и урон от тайной магии всех ваших турелей и дронов!|暫時增加所有炮塔和無人機的攻擊速度和奧術傷害. |一時的にすべてのタレットとドローンの攻撃速度とアケインダメージを増加させる。|모든 터렛과 드론의 공격 속도와 아케인 데미지를 일시적으로 증가시킵니다!|Erhöht vorübergehend die Angriffsgeschwindigkeit und den Arkanschaden all eurer Geschütztürme und Drohnen!|Augmentez temporairement la vitesse d'attaque et les dégâts de toutes vos tourelles et drones existants !|Augmente temporairement la vitesse d'attaque et les dégâts arcaniques de toutes vos tourelles et de tous vos drones !|Tymczasowo zwiększ prędkość ataku i obrażenia arcane wszystkich twoich wieżyczek i dronów!
talent_desc_turretMastery|Increase arcane damage and attack speed of all turrets and drones.|Increase arcane damage and attack speed of all turrets and drones.|Aumenta o Dano Arcano e a Velocidade de Ataque de todas as torretas.| Увеличьте урон от тайной магии и скорость атаки всех турелей и дронов.|增加所有炮塔的奧術傷害和攻擊速度. |すべてのタレットとドローンのアケインダメージと攻撃速度を増加させる。|모든 터렛과 드론의 아케인 데미지와 공격 속도를 증가시킵니다.|Erhöht den Arkanschaden und die Angriffsgeschwindigkeit aller Geschütztürme und Drohnen.|Augmente les dégâts et la vitesse d'attaque de toutes les tourelles.|Augmente les dégâts arcaniques et la vitesse d'attaque de toutes les tourelles et de tous les drones. |Zwiększ obrażenia arcane i prędkość ataku wszystkich wieżyczek i dronów.
talent_desc_cannonTurret|Build a cannon turret that launches cannonballs towards the nearest monster that explode into shrapnel, dealing area of effect arcane damage.|Build a cannon turret that launches cannonballs towards the nearest monster that explode into shrapnel, dealing area of effect arcane damage.|Constrói uma Torreta de Canhão que lança bolas de canhão na direção do inimigo mais próximo que explodem em estilhaços, causando Dano Arcano em área.| Постройте пушечную башню, которая запускает пушечные ядра в ближайшего монстра, которые взрываются шрапнелью.|建造一門加農炮炮塔, 向最近的敵人發射炮彈, 砲彈爆炸成彈片, 造成範圍奧術傷害. |最も近いモンスターに向かって砲弾を発射し、破片に爆発して範囲アケインダメージを与えるキャノンタレットを設置する。|캐논 터렛을 설치하여 가장 가까운 몬스터를 향해 대포알을 발사하고, 파편으로 폭발하여 광역 아케인 데미지를 입힙니다.|Errichte einen Kanonenturm, der Kanonenkugeln auf das nächste Monster abfeuert, die in Schrapnell explodieren und Flächenschaden durch Arkanschaden verursachen.|Construisez une tourelle canon qui qui tire automatiquement vers l'ennemi le plus proche en infligeant des dégâts de zone.|Construisez une tourelle à canon qui tire des boulets sur le monstre le plus proche. Ces boulets explosent en éclats, infligeant des dégâts arcaniques de zone.|Zbuduj wieżyczkę armatnią która wystrzeliwuje kule armatnie w kierunku najbliższego potwora które eksplodują w szrapnel zadając obrażenia obszarowe arcane.
talent_desc_rocketTurret|Build a rocket turret that shoots rockets towards the nearest monster dealing area of effect arcane damage.|Build a rocket turret that shoots rockets towards the nearest monster dealing area of effect arcane damage.|Constrói uma Torreta de Foguete que dispara foguetes contra o inimigo mais próximo, causando Dano Arcano em área.| Постройте ракетную башню, которая стреляет ракетами в ближайшего монстра, нанося урон тайной магией по области действия.|造一個火箭炮塔, 向最近的敵人發射火箭, 造成範圍奧術傷害. |最も近いモンスターに向かってロケットを発射し、範囲アケインダメージを与えるロケットタレットを設置する。|로켓 터렛을 설치하여 가장 가까운 몬스터를 향해 로켓을 발사하고 광역 아케인 데미지를 입힙니다.|Baue einen Raketenturm, der Raketen auf das nächstgelegene Monster abfeuert und dabei Flächenschaden durch Arkanschaden verursacht.|Construisez une tourelle à roquettes qui tire automatiquement vers l'ennemi le plus proche en infligeant des dégâts de zone.|Construisez une tourelle à roquettes qui tire des roquettes sur le monstre le plus proche, infligeant des dégâts arcaniques de zone. |Zbuduj wieżyczkę rakietową która strzela rakietami w kierunku najbliższego potwora zadając obrażenia obszarowe arcane.
talent_desc_gunnerDrone|Build a gunner drone which follows you and shoots bullets that bounce from monster to monster dealing arcane damage.|Build a gunner drone which follows you and shoots bullets that bounce from monster to monster dealing arcane damage.|Constrói um Drone Atirador que te segue e dispara balas que saltam de inimigo em inimigo, causando Dano Arcano.| Создайте дрон-стрелок, который будет следовать за вами и стрелять пулями, которые отскакивают от монстра к монстру, нанося урон тайной магией.|建造一架機槍無人機, 它跟隨你並向最近的敵人發射子彈, 子彈會在敵人之間反彈,造成奧術傷害. |あなたの後を追い、モンスターからモンスターへ跳ね返る弾丸を発射してアケインダメージを与えるガンドローンを設置する。|당신을 따라다니며 몬스터에서 몬스터로 튕기는 총알을 발사하는 거너 드론을 설치하고 아케인 데미지를 입힙니다.|Erschaffe eine Schützendrohne, die dir folgt und Kugeln abfeuert, die von Monster zu Monster abprallen und Arkanschaden verursachen.|Construisez un drone artilleur qui vous suit et tire des balles vers l'ennemi le plus proche qui rebondissent d'un ennemi à l'autre.|Construisez un drone artilleur qui vous suit et tire des balles qui rebondissent de monstre en monstre, infligeant des dégâts arcaniques. |Zbuduj drona strzelca który podąża za tobą i strzela pociskami które odbijają się od potwora do potwora zadając obrażenia arcane.
|||||||||||
talent_name_explosiveBarrel|Explosive Barrel|Räjähtävä tynnyri|Barril Explosivo| Взрывоопасный ствол|炸藥桶|爆発バレル|익스플로시브 배럴|Explosives Fass|Baril explosif|Baril explosif|Eksplozywna Beczka
talent_name_buckshot|Buckshot|Rämmäleammus|Chumbo Grosso| Картечь|鉛彈|バックショット|벅샷|Rehposten|Chevrotine|Plomb de chasse|Strzał Śrutowy
talent_name_bombBarrage|Bomb Barrage|Pommitulitus|Barragem de Bombas| Заградительный огонь|傾瀉炸藥|ボム・バラージー|봄 배러지|Bombensperre|Barrage de bombes|Barrage de bombes|Salwa Bomb
talent_name_cannonball|Cannonball|Kanuunankuula|Bala de Canhão| Пушечное ядро|加農炮彈|キャノンボール|캐논 볼|Kanonenkugel|Boulet de canon|Boulet de canon|Kula Armatnia
talent_name_grenado|Grenade Jump|Räjähdehyppy|Pulo com Granada| Прыжок с гранатой|手榴彈跳躍|手榴弾でジャンプ|그레네이드 점프|Mit Granate springen|Saut de grenade|Saut à la grenade|Skok Granatem
talent_name_powderTrail|Powder Trail|Ruutivana|Trilha de Pólvora| Пудровая тропа|火藥線延燒|パウダートレイル|파우더 트레일|Pulverspur|Traînée de poudre|Traînée de poudre|Ślad Prochu
talent_name_explosiveBullet|Explosive Bullets|Räjähtävät luodit|Balas Explosivas| Разрывные пули|爆炸子彈|爆発弾丸|익스플로시브 불릿|Explosive Kugeln|Balles explosives|Balles explosives|Eksplozywne Pociski
talent_name_kneeCap|Kneecap|Polven murskaus|Golpe no Joelho | Коленная чашечка|致殘|ニーカップ（膝攻撃）|니캡|Kniekehle|Adrénaline|Genouillère|Złam Kolano
talent_name_rapidFire|Rapid Fire|Pikatulitus|Fogo Rápido| Быстрый огонь|快速開火|ラピッド・ファイア（速射）|래이피드 파이어|Schnellfeuer|Tir rapide|Tir rapide|Szybki Ogień
talent_name_freezeChainShot|Freezing Chain Shot|Jäätävä Ketjuammus|Tiro em Cadeia Congelante| Замораживающий цепной выстрел|冷凍鏈彈射擊|冷凍チェーンショット|프리징 체인 샷|Gefrierkettenschuss|Tir à la chaîne givrant|Chaîne de tirs glaciale|Zamrażający Strzał Łańcuchowy
talent_name_torrent|Torrent|Tulva|Torrente| Поток|激流|激流|토렌트|Sturzflut|Torrent|Torrent|Strumień
talent_name_setSail|Set Sail|Ankkurit Ylös!|Zarpar| Поднять паруса|啟航|出航する|셋 세일|Segel setzen|Mettre les voiles|Hausser les voiles|Wypłyń
talent_name_parrot|Parrot|Papukaija|Papagaio| Попугай|鸚鵡|パロット（鸚鵡）|패럿|Papagei|Perroquet|Perroquet|Papuga
talent_name_anchorSwing|Anchor Swing|Ankkurin Pyöräytys|Balanço de Âncora| Якорь Свинг|錨擊|アンカーフック|앵커 스윙|Anker-Schaukel|Lever l'ancre|Balance de l'ancre|Zamach Kotwicą
talent_name_remiges|Remiges|Tehosiipi|Remígios| Ремигес|飛行羽毛|漕ぎ手|레미지스|Ruderer|Rémiges|Remiges|Remiges
talent_name_frozenLead|Frozen Lead|Jäinen Etusija|Chumbo Congelado| Замороженный свинец|冷凍鉛|冷凍リード|프로즌 랜드|Gefrorenes Blei|Plombs gelés|Plomb gelé|Zamrożony Ołów
talent_name_treasureHunter|Treasure Hunter|Aarteen Metsästäjä|Caçador de Tesouros| Охотник за сокровищами|寶藏獵人|トレジャーハンター|트레저 헌터|Schatzjäger|Chasseur de trésor|Chasseur de trésors|Łowca Skarbów
talent_name_landAhoy|Land Ahoy!|Maata Näkyvissä!|Terra à Vista!| Земля! Эй!|Land Ahoy！|ランドアホイ！|랜드 어호이!|Land in Sicht!|Terre en vue !|Terre à l'abordage ! |Lądowanie!
|||||||||||
talent_desc_explosiveBarrel|Spawn a barrel of explosives which detonates after some time or when shot with a projectile dealing fire damage.|Spawn a barrel of explosives which detonates after some time or when shot with a projectile dealing fire damage.|Gera um barril de explosivos que detona após algum tempo ou quando é atingido por um projétil, causando Dano de Fogo.| Создает бочку со взрывчаткой, которая детонирует через некоторое время или при попадании в нее снаряда, наносящего урон огнем.|生成一桶炸藥, 在經過一段時間或被投射物擊中後引爆, 造成火焰傷害. |爆発物の入った樽を設置し、一定時間後または投射物に当たると爆発して火ダメージを与える。|폭발물이 담긴 배럴을 소환하여 일정 시간이 지나거나 발사체에 맞을 때 폭발하며 불 데미지를 입힙니다.|Erzeugt ein Fass mit Sprengstoff, das nach einer gewissen Zeit oder beim Beschuss mit einem Projektil, das Feuerschaden verursacht, detoniert.|Créez un baril d'explosifs qui explose au bout d'un certain temps ou lorsqu'on lui tire dessus avec un projectile.|Invoca un barril de explosivos que detona después de un tiempo o al ser disparado con un proyectil, infligiendo daño de fuego.|Przywołaj beczkę materiałów wybuchowych która detonuje po pewnym czasie lub gdy zostanie trafiona pociskiem zadając obrażenia fire.
talent_desc_buckshot|Quick draw your musket and release a ranged buckshot with increased damage and additional fire damage.|Quick draw your musket and release a ranged buckshot with increased damage and additional fire damage.|Saca rapidamente seu mosquete e dispara um tiro de curto alcance causando Dano Físico e Dano de Fogo adicional.| Быстро выхватите мушкет и выстрелите картечью с увеличенным уроном и дополнительным уроном от огня.|快速拔出你的火槍並發射遠程霰彈, 造成傷害和附加火焰傷害. |素早くマスケットを発射し、増加したダメージと追加の火ダメージを持つバックスショットを放つ。|머스켓을 빠르게 꺼내어 증가된 데미지와 추가 불 데미지를 입히는 원거리 벅샷을 발사합니다.|Ziehe blitzschnell dein Gewehr und feuere Schrotkugeln mit erhöhtem Schaden und zusätzlichem Feuerschaden ab.|Dégainez rapidement votre mousquet et tirez une chevrotine à courte portée.|Desenfunda rápidamente tu mosquete y libera un disparo de perdigones a distancia con daño aumentado y daño de fuego adicional.|Szybko wyciągnij muszkiet i uwolnij śrutowy strzał zasięgowy ze zwiększonymi obrażeniami i dodatkowymi obrażeniami fire.
talent_desc_bombBarrage|Start rapidly firing cannonballs dealing area of effect fire damage.|Start rapidly firing cannonballs dealing area of effect fire damage.|Comece a disparar rapidamente bolas de canhão que causam Dano de Fogo em área.| Начните быстро стрелять ядрами, нанося урон огнем по области.|快速發射炮彈,造成範圍火焰傷害. |砲弾を連続で発射し、範囲内に火ダメージを与える。|빠르게 대포알을 발사하여 광역 불 데미지를 입힙니다.|Feuere schnell Kanonenkugeln ab, die Flächenschaden verursachen.|Commencez à tirer rapidement des boulets de canon infligeant des dégâts de feu de zone. |Comienza a disparar rápidamente bolas de cañón que infligen daño de fuego en área.|Zacznij szybko wystrzeliwać kule armatnie zadające obrażenia obszarowe fire.
talent_desc_cannonball|Shoot a cannonball that launches in the air on hit and deals area of effect damage when landing.|Shoot a cannonball that launches in the air on hit and deals area of effect damage when landing.|Dispara uma bola de canhão que encadeia no acerto e decola no ar, causando Dano em Área ao aterrissar.| Выстрелите пушечным ядром, которое при попадании подпрыгивает в воздух и наносит урон по области при приземлении.|射擊一枚炮彈, 擊中後彈向空中, 並在落地時造成範圍傷害. |空中に飛んで着地時に爆発する砲弾を撃つ。|대포알을 발사하여 적중 시 공중으로 날아가며 착지할 때 광역 데미지를 입힙니다.|Schieße eine Kanonenkugel ab, die beim Aufprall in die Luft geschleudert wird und Flächenschaden verursacht.|Tirez un boulet de canon qui décolle à l'impact et inflige des dégâts de zone à l'atterrissage. |Dispara una bola de cañón que se lanza al aire al impactar y causa daño en área al aterrizar.|Wystrzel kulę armatnią która wystrzeliwuje w powietrze przy trafieniu i zadaje obrażenia obszarowe przy lądowaniu.
talent_desc_grenado|Blast yourself into the air leaving a cluster of grenades behind dealing fire damage.|Blast yourself into the air leaving a cluster of grenades behind dealing fire damage.|Exploda-se no ar deixando um conjunto de granadas para trás, causando Dano de Fogo.| Поднимитесь в воздух, оставив за собой гроздь гранат, наносящих урон огнем.|將自己炸到空中, 同時在身後留下一連串手榴彈造成火焰傷害. |自身を空中に吹き飛ばし、後ろに手榴弾の束を残して火ダメージを与える。|자신을 공중으로 발사하여 뒤에 폭탄 무리를 남기고 불 데미지를 입힙니다.|Spreng dich in die Luft und hinterlasse eine Handgranatenwolke, die Feuerschaden verursacht.|Lancez-vous dans les airs et parcourez une courte distance en infligeant des dégâts aux ennemis qui vous entourent.|Lánzate al aire dejando un racimo de granadas que infligen daño de fuego.|Wyrzuć się w powietrze zostawiając za sobą skupisko granatów zadające obrażenia fire.
talent_desc_powderTrail|Throw a keg of gunpowder causing a chain of explosions dealing fire damage.|Throw a keg of gunpowder causing a chain of explosions dealing fire damage.|Atira um barril de pólvora provocando uma cadeia de explosões que causam Dano de Fogo.| Бросьте бочку с порохом, вызвав цепочку взрывов, наносящих урон от огня.|投擲一桶火藥，引發一連串爆炸並造成火焰傷害. |火薬樽を投げて連鎖爆発を引き起こし、火ダメージを与える。|화약통을 던져 연쇄 폭발을 일으키며 불 데미지를 입힙니다.|Wirf ein Schießpulverfass, das eine Kettenreaktion von Explosionen auslöst und Feuerschaden verursacht.|Lancez un baril de poudre à canon qui provoque une explosion en chaîne.|Lanza un barril de pólvora que provoca una cadena de explosiones infligiendo daño de fuego.|Rzuć beczkę prochu powodującą łańcuch eksplozji zadających obrażenia fire.
talent_desc_explosiveBullet|Striking a monster leaves a charge in them that detonates after a short delay dealing area of effect fire damage and stunning them.||||擊中怪物會在其體內留下一個炸藥，短暫延遲後引爆，造成範圍火焰傷害並使其暈眩。||몬스터를 타격하면 내부에 충전이 남으며, 잠시 후 폭발하여 광역 불 피해를 입히고 기절시킵니다.||Frapper un monstre y laisse une charge qui explose après un court délai en infligeant des dégâts de feu de zone et en l'étourdissant.|Al golpear a un monstruo, dejas una carga en su interior que detona tras un breve retraso, infligiendo daño de fuego en área y aturdiéndolo.|
talent_desc_kneeCap|Increases your attack rating and chance for critical strike.|Increases your attack rating and chance for critical strike.|Aumenta sua Precisão de Ataque e a Chance de Acerto Crítico.| Увеличивает ваш рейтинг атаки и шанс нанести критический удар.|增加你的攻擊命中率和暴擊機率. |攻撃命中率とクリティカル確率を上げる。|명중률과 치명타 확률이 증가합니다.|Erhöht deinen Angriffswert und deine Chance auf kritische Treffer.|Augmente passivement votre niveau d'attaque et vos chances de coup critique.|Aumenta tu índice de ataque y la probabilidad de golpe crítico.|Zwiększa twoje trafienie ataku i szansę na trafienie krytyczne.
talent_desc_rapidFire|Temporarily increase your attack speed and physical damage.|Temporarily increase your attack speed and physical damage.|Aumenta temporariamente sua Velocidade de Ataque e seu Dano Físico.| Временно увеличьте скорость атаки и рейтинг атаки.|短暫提升你的攻擊速度與物理傷害. ||일시적으로 공격 속도와 명중률이 증가합니다.|Erhöht vorübergehend deine Angriffsgeschwindigkeit und deinen physischen Schaden.|Augmente votre vitesse d'attaque et votre niveau d'attaque pendant une courte période.|Aumenta temporalmente tu velocidad de ataque y daño físico.|Tymczasowo zwiększ twoją prędkość ataku i obrażenia fizyczne.
talent_desc_freezeChainShot|Shoot a piercing chain shot that freezes and deals cold damage to monsters struck.|Shoot a piercing chain shot that freezes and deals cold damage to monsters struck.|Dispara uma corrente perfurante que congela e causa Dano de Gelo nos inimigos atingidos.| Выстрел пронзительной цепью, которая замораживает и наносит урон холодом пораженным монстрам.|射出一發具穿透性的鏈彈, 對被擊中的敵人造成凍結及冰霜傷害. |貫通するチェインショットを撃ち、命中したモンスターを凍結させて氷ダメージを与える。|관통하는 체인 샷을 발사하여 적중한 몬스터를 얼리고 냉기 데미지를 입힙니다.|Feuere einen durchdringenden Kettenschuss ab, der getroffene Monster einfriert und ihnen Kälteschaden zufügt.|Tire une chaîne de boulets perforante qui gèle et inflige des dégâts aux ennemis touchés.|Dispara un disparo de cadena perforante que congela e inflige daño de frío a los monstruos alcanzados.|Wystrzel przebijający strzał łańcuchowy który zamraża i zadaje obrażenia zimna trafionym potworom.
talent_desc_torrent|Summon a pool of corrupted water on target location bursting into a massive torrent that knocks up monsters struck dealing cold damage.|Summon a pool of corrupted water on target location bursting into a massive torrent that knocks up monsters struck dealing cold damage.|Invoca uma poça de água corrompida no local-alvo, explodindo em uma enorme torrente que arremessa os inimigos atingidos ao ar, causando Dano de Gelo.| Призывает в указанном месте бассейн с зараженной водой, который превращается в мощный поток, подбрасывающий пораженных монстров и наносящий урон холодом.|在目標位置召喚一座腐水池，爆發成巨大的洪流,擊飛敵人並造成冰霜傷害. |指定した場所に汚染された水たまりを召喚し、大きな急流に爆発して命中したモンスターを吹き飛ばし氷ダメージを与える。|타겟 위치에 부패한 물의 웅덩이를 소환하여 거대한 급류로 터져 나오며 적중한 몬스터를 공중으로 띄우고 냉기 데미지를 입힙니다.|Beschwöre an der Zielposition eine Lache aus verdorbenem Wasser, die sich in einen gewaltigen Strom verwandelt, der getroffene Monster in die Luft schleudert und ihnen Kälteschaden zufügt.|Invoque une mare d'eau corrompue à l'endroit ciblé, qui éclate en un torrent massif qui envoie en l'air les ennemis touchés en leur infligeant des dégâts de froid.|Invoca un charco de agua corrupta en la ubicación objetivo que estalla en una enorme torrentera, derribando a los monstruos alcanzados e infligiendo daño de frío.|Przywołaj kałużę skażonej wody w miejscu celu wybuchającą w masywny strumień który wyrzuca potwory w górę zadając obrażenia zimna.
talent_desc_setSail|Temporarily increases your cold skill damage and mana replenish.       |Temporarily increases your cold skill damage and mana replenish.       |Aumenta temporariamente o Dano de Habilidade de Gelo e a Regeneração de Mana.| Временно увеличивает урон от холодных умений и восполнение маны.|暫時增加你的冰霜技能傷害和法力回復. |一時的に氷スキルのダメージとマナ回復を上げる。|일시적으로 냉기 스킬 데미지와 마나 회복을 증가시킵니다.|Erhöht vorübergehend deinen Kälteschaden und deine Manaregeneration.|Augmente les dégâts des compétences de froid et la restauration du mana pendant une courte période.       |Aumenta temporalmente tu daño de habilidades de frío y la regeneración de maná.       |Tymczasowo zwiększa twoje obrażenia umiejętności zimna i replenish many.
talent_desc_parrot|Summon a parrot to peck your monsters dealing cold damage.|Summon a parrot to peck your monsters dealing cold damage.|Convoque um papagaio para bicar seus inimigos, causando Dano de Gelo.| Призовите попугая, который будет клевать ваших монстров, нанося урон холодом.|召喚一隻造成冰霜傷害的鸚鵡啄你的敵人. |オウムを召喚してモンスターをつつき氷ダメージを与える。|앵무새를 소환하여 몬스터를 쪼아 냉기 데미지를 입힙니다.|Beschwöre einen Papagei, der deine Monster pickt und ihnen Kälteschaden zufügt.|Invoque un perroquet pour becqueter vos ennemis.|Invoca un loro que picotea a tus monstruos infligiendo daño de frío.|Przywołaj papugę która dziobie twoje potwory zadając obrażenia zimna.
talent_desc_anchorSwing|Unleash a massive anchor swinging around you dealing cold damage.|Unleash a massive anchor swinging around you dealing cold damage.|Libera uma enorme âncora que gira ao seu redor, causando Dano de Gelo e Congelando os inimigos que atingir.| Выпустите огромный якорь, вращающийся вокруг вас и наносящий урон холодом.|釋放一個巨大的錨,在你周圍擺動,造成冰霜傷害. |巨大な錨を体の周囲で振り回し氷ダメージを与える。|거대한 앵커를 풀어 주변을 휘두르며 냉기 데미지를 입힙니다.|Entfessele einen gewaltigen Anker, der um dich herumschwingt und Kälteschaden verursacht.|Libère une ancre massive qui se balance autour de vous en infligeant des dégâts et en gelant les ennemis qu'elle touche.|Libera un enorme ancla que gira a tu alrededor infligiendo daño de frío.|Uwolnij masywną kotwicę wirującą wokół ciebie zadającą obrażenia zimna.
talent_desc_remiges|Increases your parrots cold damage and attack speed.       |Increases your parrots cold damage and attack speed.       |Aumenta o Dano de Gelo e a Velocidade de Ataque de seus papagaios.| Увеличивает урон от холода и скорость атаки ваших попугаев.|增加鸚鵡的冰霜傷害和攻擊速度. |オウムの氷ダメージと攻撃速度を上げる。|앵무새의 냉기 데미지와 공격 속도를 증가시킵니다.|Erhöht den Kälteschaden und die Angriffsgeschwindigkeit deiner Papageien.|Augmente passivement les dégâts et la vitesse d'attaque de votre perroquet.       |Aumenta el daño de frío y la velocidad de ataque de tus loros.       |Zwiększa obrażenia zimna twojej papugi i prędkość ataku.
talent_desc_frozenLead|Use specially hand crafted frozen lead to increase your cold skill damage.|Use specially hand crafted frozen lead to increase your cold skill damage.|O uso de chumbo congelado especialmente criado à mão faz com que suas habilidades causem mais Dano de Gelo.| Используйте специально изготовленный вручную замороженный свинец, чтобы увеличить урон от холодного умения.|使用特製的冰凍鉛來增加你的冰霜技能傷害. |特別に作られた凍った鉛弾を使い氷スキルのダメージを上げる。|특별히 제작된 얼어붙은 납을 사용하여 냉기 스킬 데미지를 증가시킵니다.|Verwende speziell handgefertigtes gefrorenes Blei, um deinen Kälteschaden zu erhöhen.|En utilisant du plomb gelé spécialement conçu à la main, vous ajoutez des dégâts de froid à vos attaques.|Usa plomo congelado especialmente elaborado para aumentar el daño de tus habilidades de frío.|Użyj specjalnie ręcznie wykonanego zamrożonego ołowiu aby zwiększyć obrażenia umiejętności zimna.
talent_desc_treasureHunter|Search for a treasure from the corpses of dead monsters with additional magic find.       |Search for a treasure from the corpses of dead monsters with additional magic find.       |Procure tesouros nos cadáveres de inimigos mortos com Magic Find adicional.| Ищите сокровища среди трупов убитых монстров с помощью дополнительных магических находок.|使用額外的物品稀有度從怪物的屍體中尋找寶藏.|追加のマジックファインドを持って、倒れたモンスターの死体から宝を探す。|죽은 몬스터의 시체에서 보물을 검색하며 추가 마법 아이템 발견 확률을 증가시킵니다.|Suche mit zusätzlicher Magie nach einem Schatz in den Leichen toter Monster.|Cherchez des trésors dans les cadavres de vos ennemis avec une chance de découverte d'objets magiques accrue.|Busca un tesoro entre los cadáveres de monstruos muertos con probabilidad adicional de encontrar objetos mágicos.       |Szukaj skarbu z trupów martwych potworów z dodatkowym magic find.
talent_desc_landAhoy|Call for the main ship to bombard the targeted area dealing area of effect cold damage.       |Call for the main ship to bombard the targeted area dealing area of effect cold damage.       |Solicite ao navio principal que bombardeie a área-alvo, causando Dano de Gelo explosivo em uma grande área.| Призвать главный корабль к бомбардировке выбранной области, нанося урон холодом по области.|呼叫主艦轟炸目標區域,造成範圍冰霜傷害. |本船を呼び寄せ、指定したエリアに範囲氷ダメージを爆撃する。|주력 선박을 호출하여 타겟 지역을 포격하며 광역 냉기 데미지를 입힙니다. |Fordern Sie das Hauptschiff auf, das Zielgebiet zu bombardieren und dabei flächendeckenden Kälteschaden zu verursachen.|Faites appel au vaisseau amiral pour qu'il bombarde l'endroit ciblé en infligeant d'énormes dégâts de zone.|Llama al barco principal para bombardear el área objetivo infligiendo daño de frío en área.       |Wezwij główny statek aby zbombardował wskazany obszar zadając obrażenia obszarowe zimna.
|||||||||||
talent_name_sandCarver|Sand Carver|Sand Carver|Entalhadora de Areia| Резчик по песку|沙雕之爪|砂の彫刻家|샌드 카버|Sandschnitzer|Sculpteur de sable|Tallador de Arena|Rzeźbiarz Piasku
talent_name_cloudOfSand|Cloud of Sand|Cloud of Sand|Nuvem de Areia| Облако песка|沙塵之雲|砂の雲|클라우드 샌드|Sandwolke|Nuage de sable|Nube de Arena|Chmura Piasku
talent_name_sandGush|Sand Gush|Sand Gush|Rajada de Areia| Песчаный поток|沙流湧動|砂の噴出|샌더 거쉬|Sandschwall|Jaillissement de sable|Chorro de Arena|Wybuch Piasku
talent_name_sandEntombment|Sand Entombment|Sand Entombment|Sepultamento em Areia| Захоронение в песке|沙葬|砂の埋葬|샌드 인툼먼트|Sandbegräbnis|Sépulture de sable|Entierro en Arena|Pogrzebanie w Piasku
talent_name_oasisAura|Oasis Aura|Oasis Aura|Aura do Oásis| Оазис Аура|綠洲光環|オアシスのオーラ|오아시스 오라|Oasenaura|Aura d'oasis|Aura del Oasis|Aura Oazy
talent_name_sandTremors|Sand Tremors|Sand Tremors|Tremores de Areia| Песчаные толчки|沙漠震盪|砂の震え|샌드 트레머스|Sandbeben|Tremblements de sable|Temblores de Arena|Drżenia Piasku
talent_name_mysticSand|Mystic Sand|Mystic Sand|Areia Mística| Мистический Песок|神秘沙|神秘の砂|미스틱 샌드|Mystischer Sand|Sable mystique|Arena Mística|Mistyczny Piasek
talent_name_dissipatingTornado|Dissipating Tornado|Dissipating Tornado|Tornado Dissipador| Рассеивающийся торнадо|驅散龍捲風|消散する竜巻|디시페이팅 토네이도|Auflösender Tornado|Tornade de dispersion|Tornado Disipante|Rozpraszające Tornado
talent_name_sandVortex|Sand Vortex|Sand Vortex|Vórtice de Areia| Песчаный вихрь|沙漩渦|砂の渦|샌드 볼텍스|Sandwirbel|Vortex de sable|Vórtice de Arena|Wir Piasku
talent_name_bladeStrike|Blade Strike|Blade Strike|Ataque de Lâmina| Удар лезвием|刀刃衝擊|刃の打撃|블레이드 스트라이크|Klingenschlag|Frappe blanche|Golpe de Hoja|Uderzenie Ostrzem
talent_name_scimitarCharge|Scimitar Charge|Scimitar Charge|Investida de Cimitarra| Атака саблями|彎刀衝鋒|シミターチャージ|시미터 차지|Krummsäbelladung|Charge du cimeterre|Carga de Cimitarra|Szarża Scimitarem
talent_name_eyeOfRa|Eye of Ra|Eye of Ra|Olho de Ra| Глаз Ра|拉之眼|ラーの目|라 아이|Auge des Ra|Oeil de Râ|Ojo de Ra|Oko Ra
talent_name_sunRay|Healing Sunrays|Healing Sunrays|Raios Solares de Cura| Целебные солнечные лучи|治癒陽光|治癒の太陽光線|힐링 선레이|Heilende Sonnenstrahlen|Rayon de soleil curatif|Rayos Curativos del Sol|Lecznicze Promienie Słońca
talent_name_flyingScimitar|Flying Scimitar|Flying Scimitar|Cimitarra Voadora| Летающий Ятаган|飛行彎刀|空飛ぶシミター|플라잉 시미터|Fliegender Krummsäbel|Cimeterre volant|Cimitarra Voladora|Latający Scimitar
talent_name_rupture|Rupture|Rupture|Ruptura| Разрыв|破裂|破裂|럽쳐|Bruch|Rupture|Ruptura|Rozrywanie
talent_name_chainSlice|Chainslice|Chainslice|Corte em Cadeia| Цепной срез|連鎖切割|チェーンスライス|체인슬라이스|Kettenhieb|Tranche-chaîne|Corte en Cadena|Cięcie Łańcuchem
talent_name_phantomBlade|Phantom Blade|Phantom Blade|Lâmina Fantasma| Фантомный клинок|幻影之刃|幻影の刃|팬텀 블레이드|Phantomklinge|Lame fantôme|Hoja Fantasma|Widmowe Ostrze
talent_name_hemorrhage|Hemorrhage|Hemorrhage|Hemorragia| Кровотечение|出血 |出血 |헤머리지|Blutung|Hémorragie|Hemorragia|Krwawienie
|||||||||||
talent_desc_sandCarver|Perform an attack that flings piercing sand at monsters.|Perform an attack that flings sand at monsters with increased damage and attack rating.|Realiza um ataque que arremessa areia perfurante nos seus inimigos.| Выполните атаку, которая швыряет песок в монстров с увеличенным уроном и рейтингом атаки.|發動攻擊，向怪物射出具穿透力的飛沙. |モンスターに向かって砂を投げつける攻撃を行い、ダメージと攻撃命中率が増加する。|몬스터에게 모래를 날리며 증가된 데미지와 명중률로 공격을 수행합니다.|Führe einen Angriff aus, der Sand auf Monster schleudert und dadurch erhöhten Schaden und Angriffswert verursacht.|Effectue une attaque de sable avec des dégâts et un niveau d'attaque accrus.|Realiza un ataque que lanza arena a los monstruos con daño y índice de ataque aumentados.|Wykonaj atak który rzuca piaskiem w potwory ze zwiększonymi obrażeniami i trafieniem ataku.
talent_desc_cloudOfSand|Unleash a cloud of sand that travels forwards dealing arcane damage, by casting the skill again Nomad will re-locate on the sand clouds position dealing area of effect arcane damage and stunning nearby monsters.|Unleash a cloud of sand that travels forwards dealing arcane damage, by casting the skill again Nomad will re-locate on the sand clouds position dealing area of effect arcane damage and stunning nearby monsters.|Libera uma Nuvem de Areia que se desloca para frente, causando Dano Arcano. Ao lançar a habilidade novamente, o Nômade se realocará na posição da nuvem de areia, causando Dano em área e atordoando os inimigos próximos.| Выпустите облако песка, которое движется вперед, нанося урон тайной магией.|釋放出一團向前移動的沙雲,造成奧術傷害, 再次施放該技能時,遊牧民會移動到沙雲的位置,造成範圍奧術傷害並擊暈附近的敵人. |砂の雲を前方に放ち、アーケン（アーケイン）ダメージを与える。スキルを再度発動すると、ノマドが砂の雲の位置に再配置され、範囲アーケンダメージを与え、近くのモンスターをスタンさせる。|앞으로 이동하는 모래 구름을 발산하여 아케인 데미지를 입히며, 스킬을 다시 시전하면 노마드가 모래 구름의 위치로 이동하여 광역 아케인 데미지를 입히고 주변 몬스터를 기절시킵니다.|Entfessele eine Sandwolke, die sich vorwärts bewegt und Arkanschaden verursacht. Durch erneutes Wirken der Fertigkeit positioniert sich Nomad an der Sandwolke, verursacht Flächenschaden durch Arkanschaden und betäubt nahe Monster.|Libère un nuage de sable qui se déplace vers l'avant. En relançant la compétence, le nomade se relocalise sur la position du nuage de sable.|Libera una nube de arena que avanza infligiendo daño arcano; al lanzar la habilidad de nuevo, el Nómada se teletransporta a la posición de la nube infligiendo daño arcano en área y aturdiendo a los monstruos cercanos.|Uwolnij chmurę piasku która podróżuje do przodu zadając obrażenia arcane, przez ponowne rzucenie umiejętności Nomad przeniesie się na pozycję chmury piasku zadając obrażenia obszarowe arcane i ogłuszając pobliskie potwory.
talent_desc_sandGush|Unleash a gush of sand that spawns tornadoes dealing arcane damage.|Unleash a gush of sand that spawns tornadoes dealing arcane damage.|Libera uma rajada de areia e gera tornados causando Dano Arcano.| Выпустите поток песка, который создаст торнадо, наносящие урон тайной магией.|釋放一股沙塵,產生龍捲風,造成奧術傷害. |砂の噴出を放ち、竜巻を発生させてアーケンダメージを与える。|모래의 폭풍을 발산하여 회오리바람을 소환하고 아케인 데미지를 입힙니다.|Entfessele einen Sandsturm, der Tornados erzeugt und Arkanschaden verursacht.|Déclenchez un jet de sable qui inflige des dégâts et ralentit les ennemis autour de vous.|Libera un chorro de arena que genera tornados infligiendo daño arcano.|Uwolnij wybuch piasku który przywołuje tornada zadające obrażenia arcane.
talent_desc_sandEntombment|Chance on kill to unleash a pulse of sand dealing arcane area of effect damage.|Chance on kill to unleash a pulse of sand dealing arcane area of effect damage.|Chance de liberar um pulso de areia ao matar, causando dano arcano em área de efeito. |При убийстве есть шанс высвободить импульс песка, наносящий урон тайной магией по области. |擊殺敵人時有一定幾率釋放一道沙塵脈衝，造成奧術範圍傷害. |敵を倒すと、砂の波動を放ち、秘術の範囲ダメージを与える可能性があります。 |적을 처치할 때 일정 확률로 모래 펄스를 방출하여 비전 범위 피해를 입힙니다. |Bei einem Kill besteht die Chance, einen Sandimpuls auszulösen, der Flächenschaden durch Arkanschaden verursacht.|Chance de déclencher une impulsion de sable en tuant, infligeant des dégâts de zone arcaniques. |Probabilidad al matar de liberar un pulso de arena que inflige daño arcano en área.|Szansa przy zabiciu na uwolnienie pulsu piasku zadającego obrażenia obszarowe arcane.
talent_desc_oasisAura|When active, increases your and your party members attack rating, movement speed and arcane damage.|When active, increases your and your party members attack rating and movement speed.|Quanto ativo, aumenta a Velocidade de Movimento, Precisão de Ataque e Dano Arcano para você e os membros do seu grupo.|В активном состоянии повышает ваш показатель атаки и скорость передвижения, а также показатели атаки и передвижения членов вашей группы. |啟動後,提高你和你的隊友的移動速度和攻擊命中率. |発動中、自分とパーティーメンバーの攻撃命中率と移動速度が増加する。|활성화 시, 당신과 파티원들의 명중률과 이동 속도를 증가시킵니다.|Aktiviert erhöht diese Fähigkeit Angriffsstärke und Bewegungsgeschwindigkeit von dir und deinen Gruppenmitgliedern.|Lorsqu'elle est active, elle augmente votre niveau d'attaque et celui des membres de votre groupe.|Cuando está activa, aumenta el índice de ataque y velocidad de movimiento tuyos y de tu grupo.|Gdy aktywna zwiększa twoje i członków drużyny trafienie ataku i prędkość ruchu.
talent_desc_sandTremors|Strike a target causing sand tremors to hit nearby monsters dealing increased damage.|Strike a target causing sand tremors to hit nearby monsters dealing increased damage and attack rating.|Atinge um alvo, fazendo com que os Tremores de Areia atinjam os inimigos próximos, causando Dano aumentado.| Ударьте цель, вызвав сотрясение песка, поражающее ближайших монстров, нанося им повышенный урон и рейтинг атаки.|打擊目標,使沙震波擊中附近的怪物,造成傷害. |対象を攻撃し、砂の地震で近くのモンスターを攻撃命中率とダメージが増加した攻撃で打撃する。|대상을 타격하여 모래 진동이 주변 몬스터를 공격하며 증가된 데미지와 명중률을 입힙니다.|Triff ein Ziel, wodurch Sandstürme nahe Monster treffen, die erhöhten Schaden verursachen und ihre Angriffsstärke erhöhen.|Les Tremblements de sable frappent les ennemis devant vous et leur infligent des dégâts.|Golpea un objetivo causando temblores de arena que golpean a los monstruos cercanos con daño e índice de ataque aumentados.|Uderz cel powodując drżenia piasku uderzające pobliskie potwory zadające zwiększone obrażenia i trafienie ataku.
talent_desc_mysticSand|Increases your arcane skill damage and cast rate.|Increases your arcane skill damage and cast rate.|Aumenta o dano e a velocidade de conjuração das suas habilidades. | Увеличивает урон и скорость применения магических навыков.|提升你的奥术技能伤害和施法速度。|アーケンスキルのダメージと詠唱速度が増加する。|비전 기술 피해량과 시전 속도를 증가시킵니다.|Erhöht deinen Arkanfertigungsschaden und deine Zaubergeschwindigkeit.|增加你的奧術技能傷害和施法速度. |Aumenta tu daño de habilidades arcanas y velocidad de lanzamiento.|Zwiększa twoje obrażenia umiejętności arcane i szybkość rzucania.
talent_desc_dissipatingTornado|Summon a dissipating tornado around you that pulls nearby monsters and causes you to dodge all attacks and unleash sand at monsters when they strike you dealing arcane damage.|Summon a dissipating tornado around you that pulls nearby monsters and causes you to dodge all attacks and unleash sand at monsters when they strike you dealing arcane damage.|Invoca um Tornado Dissipador ao seu redor que puxa inimigos próximos e faz com que você se esquive de todos os ataques e lance areia nos inimigos quando eles o atingem, causando Dano Arcano.| Вызовите вокруг себя рассеивающийся торнадо, который притягивает находящихся поблизости монстров и заставляет вас уклоняться от всех атак, а также обрушивать на монстров песок, когда они вас атакуют, нанося урон от тайной магии.|在你周圍召喚一道會消散的龍捲風, 捲走附近的怪物並讓你躲避所有攻擊. 當有怪物攻擊你時會向他們釋放沙子並造成奧術傷害.  |周囲に消散する竜巻を召喚し、近くのモンスターを引き寄せ、すべての攻撃を回避し、攻撃された際に砂を放ってアーケンダメージを与える。|주변에 회오리바람을 소환하여 근처 몬스터를 끌어당기고 모든 공격을 회피하며, 몬스터가 공격할 때 모래를 흩뿌려 비전 피해를 입힙니다.|Beschwöre einen sich auflösenden Tornado um dich herum, der nahe Monster anzieht und dich allen Angriffen ausweichen lässt. Wenn Monster dich angreifen, schleudert er Sand auf dich, der Arkanschaden verursacht.|Lancez du sable sur les ennemis lorsque vous les frappez, ce qui leur inflige des dégâts et les étourdit.|Invoca un tornado disipante a tu alrededor que atrae a los monstruos cercanos, te hace esquivar todos los ataques y libera arena contra los monstruos que te golpean infligiendo daño arcano.|Przywołaj rozpraszające tornado wokół ciebie które przyciąga pobliskie potwory i powoduje że unikasz wszystkich ataków oraz uwalniasz piasek w potwory gdy cię uderzają zadając obrażenia arcane.
talent_desc_sandVortex|Summon a massive vortex of quick sand that pulls monsters inside dealing arcane damage.|Summon a massive vortex of quick sand that pulls monsters inside dealing arcane damage.|Invoca um vórtice maciço de areia que puxa os inimigos para dentro, causando Dano Arcano.| Вызовите огромный вихрь зыбучего песка, который затягивает монстров внутрь, нанося урон тайной магией.|召喚一個巨大的流沙漩渦,將敵人拉入其中,造成奧術傷害. |巨大な流砂の渦を召喚し、中に引き込んだモンスターにアーケンダメージを与える。|거대한 모래 소용돌이를 소환하여 몬스터를 끌어당겨 비전 피해를 입힙니다.|Beschwöre einen gewaltigen Treibsandstrudel, der Monster in sich hineinzieht und ihnen arkanen Schaden zufügt.|Invoquez un énorme tourbillon de sable rapide qui attire les ennemis à l'intérieur en leur infligeant des dégâts et en les ralentissant.|Invoca un enorme vórtice de arenas movedizas que atrae a los monstruos al interior infligiendo daño arcano.|Przywołaj masywny wir ruchomego piasku który przyciąga potwory do środka zadając obrażenia arcane.
talent_desc_bladeStrike|Perform a cleave attack with increased chance for critical strike and critical strike damage.|Perform a cleave attack with increased chance for critical strike, critical strike damage and attack rating.|Executa um ataque de Corte com Dano de Acerto Crítico e Chance de Acerto Crítico aumentados.| Выполнить атаку с рассечением и повышенным шансом нанести критический удар.|進行劈砍攻擊,增加你的暴擊幾率、暴擊傷害和攻擊命中. |クリティカル確率、クリティカルダメージ、攻撃命中率が増加したクリーブ攻撃を行う。|치명타 확률, 치명타 피해량, 공격 등급이 증가된 광역 공격을 합니다. |Führe einen Spaltangriff mit erhöhter Chance auf kritischen Treffer, kritischen Trefferschaden und Angriffswertung aus.|Effectue une attaque de zone dont les dégâts et le niveau d'attaque et les dégâts critiques sont augmentés. Augmente passivement vos chances de toucher en critique.|Realiza un ataque de barrido con probabilidad aumentada de golpe crítico, daño crítico e índice de ataque.|Wykonaj cięcie z zwiększoną szansą na trafienie krytyczne, obrażenia krytyczne i trafienie ataku.
talent_desc_scimitarCharge|Charge a short distance unleashing scimitar strike around you dealing increased damage to monsters struck.|Charge a short distance unleashing scimitar strike around you dealing increased damage to monsters struck.|Avança na direção do alvo e lança um ataque em área causando Dano Físico| Совершите рывок на короткое расстояние, нанося удар скимитараном вокруг себя и нанося увеличенный урон пораженным монстрам.|朝目標衝鋒後向周圍釋放彎刀攻擊, 擊中怪物造成傷害. |短距離を突進し、周囲にシミター斬りを放ち、攻撃命中率とダメージが増加した攻撃を与える。|짧은 거리를 돌진하며 주변의 몬스터를 타격하고 증가된 데미지를 입히는 단검 공격을 발산합니다.|Lade einen kurzen Angriff auf und entfessele einen Krummsäbelhieb um dich herum, der getroffenen Monstern erhöhten Schaden zufügt.|Chargez dans la direction de la cible et déclenchez une puissante attaque de zone.|Carga una corta distancia liberando un golpe de cimitarra a tu alrededor que inflige daño aumentado a los monstruos alcanzados.|Szarżuj na krótką odległość uwalniając uderzenie scimitarem wokół siebie zadając zwiększone obrażenia trafionym potworom.
talent_desc_eyeOfRa|Perform a light enchanted attack bringing rays of sun down to nearby monsters dealing increased damage.|Perform a light enchanted attack bringing rays of sun down to nearby monsters dealing increased damage.|Executa um ataque encantado de luz, trazendo raios de sol nos inimigos próximos, causando Dano Arcano Adicional.| Выполните легкую зачарованную атаку, обрушив на ближайших монстров лучи солнца, нанося им повышенный урон.|使用光魔法攻擊, 將陽光照射到附近的怪物身上，造成傷害. |光属性の強化攻撃を行い、近くのモンスターに太陽の光線を降らせてダメージを増加させる。|빛의 마법이 부여된 공격을 수행하여 근처 몬스터에게 태양의 광선을 내리쳐 증가된 데미지를 입힙니다.|Führe einen leichten, verzauberten Angriff aus, der Sonnenstrahlen auf nahe Monster herabregnen lässt und ihnen erhöhten Schaden zufügt.|Effectue une attaque lumineuse qui fait descendre des rayons de soleil sur les ennemis proches.|Realiza un ataque encantado con luz que hace caer rayos de sol sobre los monstruos cercanos infligiendo daño aumentado.|Wykonaj atak zaklęty światłem przywołujący promienie słońca na pobliskie potwory zadając zwiększone obrażenia.
talent_desc_sunRay|Increases your life and mana stolen per hit.|Increases your life and mana stolen per hit.|Aumenta o Roubo de Vida e o Roubo de Mana por acerto.| Увеличивает количество украденной жизни за удар.|提升你每次擊中時所吸取的生命與魔力. |攻撃ごとのライフ吸収量が増加する。|타격 시 생명력 흡수량을 증가시킵니다.|Erhöht dein Leben und deinen Mana-Diebstahl pro Treffer.|Augmente votre vol de vie.|Aumenta la vida y el maná robados por golpe.|Zwiększa twoje skradzione życie i manę na trafienie.
talent_desc_flyingScimitar|Throw a huge piercing scimitar dealing increased damage to monsters in its path which returns back to you after a short delay.|Throw a huge piercing scimitar dealing increased damage to monsters in its path which returns back to you after a short delay.|Arremessa uma enorme cimitarra perfurante que causa Dano aumentado aos inimigos em seu caminho e que retorna para você após um curto período.| Бросьте огромный пронзающий ятаган, наносящий повышенный урон монстрам на своем пути и возвращающийся к вам после небольшой задержки.|投擲一把巨大的穿透彎刀,對路徑上的敵人造成傷害，並在短暫延遲後返回自身. |巨大な貫通するシミターを投げ、道中のモンスターに増加ダメージを与え、短時間後に自分の元へ戻ってくる。|거대한 관통 단검을 던져 경로상의 몬스터에게 증가된 데미지를 입히고 잠시 후 다시 당신에게 돌아옵니다.|Wirf einen riesigen, durchdringenden Krummsäbel, der Monstern auf seinem Weg erhöhten Schaden zufügt und nach kurzer Verzögerung zu dir zurückkehrt.|Lancez un énorme cimeterre perforant qui inflige des dégâts aux ennemis sur son passage et qui revient au joueur après un court délai.|Lanza una enorme cimitarra perforante que inflige daño aumentado a los monstruos en su trayectoria y regresa a ti tras un breve retraso.|Rzuć ogromnym przebijającym scimitarem zadającym zwiększone obrażenia potworom na swojej drodze który wraca do ciebie po krótkim opóźnieniu.
talent_desc_rupture|Perform a rupturing area of effect attack inflicting bleed to targets on hit.|Perform a rupturing area of effect attack inflicting bleed to targets on hit.|Executa um ataque de ruptura em área que faz com que seus inimigos Sangrem.| Проведите разрушительную атаку по области, заставив своих монстров истекать кровью.|發動撕裂性範圍攻擊，擊中目標時施加流血. |範囲攻撃で裂傷を引き起こし、味方のモンスターに出血効果を付与する。|폭발하는 범위 공격을 수행하여 몬스터들이 출혈 상태에 빠지게 만듭니다.|Führe einen Flächenangriff mit zerreißender Wirkung aus, der getroffene Ziele bluten lässt.|Effectuez une attaque de rupture qui fait saigner vos ennemis pour une partie de vos dégâts d'attaque.|Realiza un ataque de área de efecto rupturante que inflige sangrado a los objetivos alcanzados.|Wykonaj rozrywający atak obszarowy nakładający krwawienie na cele przy trafieniu.
talent_desc_chainSlice|Perform an enhanced attack that causes a sharp blade to chain between nearby monsters dealing damage.|Perform an enhanced attack that causes a sharp blade to chain between nearby monsters dealing damage.|Executa um ataque aprimorado que faz com que uma lâmina afiada se encadeie entre os inimigos próximos, causando dano.| Выполните усиленную атаку, в результате которой острое лезвие пронзит ближайших монстров, нанося урон.|進行強化攻擊,使鋒利的刀刃在附近的敵人之間形成連鎖攻擊,造成傷害. |強化攻撃を行い、鋭い刃が近くのモンスターの間を連鎖してダメージを与える。|강화된 공격을 수행하여 날카로운 검이 근처 몬스터들 사이를 체인처럼 연결하며 데미지를 입힙니다.|Führe einen verstärkten Angriff aus, bei dem eine scharfe Klinge zwischen nahegelegenen Monstern hin und her springt und Schaden verursacht.|Effectuez une attaque puissante qui fait s'enchaîner une lame tranchante entre les ennemis proches, leur infligeant des dégâts physiques.|Realiza un ataque mejorado que hace que una hoja afilada encadene entre los monstruos cercanos infligiendo daño.|Wykonaj wzmocniony atak który powoduje że ostre ostrze łańcuchuje między pobliskimi potworami zadając obrażenia.
talent_desc_phantomBlade|Spawn a ghostly blade that attacks nearby monsters dealing physiical damage and additional arcane damage.|Spawn a ghostly blade that attacks nearby monsters dealing increased damage and additional arcane damage.|Gera uma lâmina fantasmagórica que ataca os inimigos próximos, causando Dano Físico e Dano Arcano.|Создайте призрачный клинок, который атакует ближайших монстров, нанося повышенный урон и дополнительный урон от тайной магии.|生成一把幽靈之刃,攻擊附近的敵人,造成傷害與附加奧術傷害. |幽霊の刃を召喚し、近くのモンスターに増加ダメージと追加のアーケンダメージを与える。|유령 같은 검을 소환하여 근처 몬스터를 공격하고 증가된 데미지와 추가 아케인 데미지를 입힙니다.|Erzeugt eine Geisterklinge, die nahegelegene Monster angreift und dabei erhöhten Schaden sowie zusätzlichen Arkanschaden verursacht.|Invoque une lame fantomatique qui attaque les ennemis proches.|Invoca una hoja fantasmal que ataca a los monstruos cercanos infligiendo daño aumentado y daño arcano adicional.|Przywołaj widmowe ostrze które atakuje pobliskie potwory zadając zwiększone obrażenia i dodatkowe obrażenia arcane.
talent_desc_hemorrhage|Rupture inflicts armor break on all bleeding targets.|Rupture inflicts armor break on all bleeding targets.|Ruptura agora reduz a resistência física de todos os alvos com sangramento.| Разрыв вызывает пробитие брони у всех целей с кровотечением.|破裂會造成所有流血目標的護甲破碎效果. |裂傷状態の対象すべてに防具破壊効果を付与する。|파열이 출혈 상태인 모든 타겟에게 방어력 감소를 적용합니다.|Ruptur verursacht Rüstungsbruch bei allen blutenden Zielen.|Diminue la résistance physique de toutes les cibles qui saignent.|Ruptura inflige ruptura de armadura a todos los objetivos sangrando.|Rozrywanie nakłada armor break na wszystkie krwawiące cele.
|||||||||||
talent_name_moonshineMolotov|Moonshine Molotov|Moonshine Molotov|Molotov de Moonshine| Самогон Молотов|私釀燃燒瓶|密造火炎瓶|문샤인 몰로토프|Schwarzgebrannte Molotowcocktails|Molotov de gnôle|Cóctel Molotov de Moonshine|Księżycowa Księżycówka Molotowa
talent_name_pipeBombs|Pipe Bombs|Pipe Bombs|Bombas de Tubo| Самодельные бомбы|管狀炸彈|パイプ爆弾|파이어 봄|Rohrbomben|Bombes tuyau|Bombas de Tubería|Bomby Rurkowe
talent_name_oilSpill|Oil Spill|Oil Spill|Derramamento de Óleo| Разлив нефти|潑灑石油|石油流出|오일 스필|Ölpest|Déversement d'pétrole|Derrame de Aceite|Rozlanie Oleju
talent_name_tireFire|Tire Fire|Tire Fire|Pneu Incendiário| Пожар в шинах|火焰輪胎|タイヤ火災|타이어 파이어|Reifenbrand|Incendie de pneu|Fuego de Neumático|Ognisko z Opony
talent_name_spontaneousCombustion|Spontaneous Combustion|Spontaneous Combustion|Combustão Espontânea| Самовозгорание|自燃|自然発火|스폰테이니어스 컴버스쳔|Selbstentzündung|Combustion spontanée|Combustión Espontánea|Spontaniczne Spalenie
talent_name_hillbillyRage|Hillbilly Rage|Hillbilly Rage|Fúria Caipira| Ярость деревенщины|鄉巴佬之怒|田舎者の怒り|힐빌리 레이지|Hillbilly-Wut|Rage de péquenaud|Rabia de Hillbilly|Wściekłość Wieśniaka
talent_name_moonshineMadness|Moonshine Madness|Moonshine Madness|Loucura por Moonshine| Безумие лунного света|月光瘋狂|密造酒の狂気|문샤인 매드니스|Schwarzgebrannter Wahnsinn|Folie de la gnôle|Locura de Moonshine|Szaleństwo Księżycówki
talent_name_combustibleOil|Combustible Oil|Combustible Oil|Óleo Inflamável| Горючее масло|燃油|可燃性油|컴버스터블 오일|Brennbares Öl|Pétrole inflammable|Aceite Combustible|Palny Olej
talent_name_pickupRaid|Pickup Raid|Pickup Raid|Incursão de Picape| Пикап Рейд|皮卡襲擊|ピックアップ強襲|픽업 레이드|Pickup-Raid|Raid de pick-up|Incursión en Pickup|Nalot na Pickup
talent_name_chainsawSlash|Chainsaw Slash|Chainsaw Slash|Corte de Serra Elétrica| Удар бензопилой|電鋸砍擊|チェーンソースラッシュ|체인쏘우 슬레시|Kettensägenhieb|Tronçonnage|Corte de Motosierra|Cięcie Piłą Łańcuchową
talent_name_durableWear|Durable Wear|Durable Wear|Roupa Durável| Прочный износ|耐穿衣物|耐久性摩耗|듀러블 웨어|Dauerhafte Abnutzung|Couture solide|Durabilidad|Trwała Zużywalność
talent_name_chainsawMassacre|Chainsaw Massacre|Chainsaw Massacre|Massacre da Serra Elétrica| Резня бензопилой|電鋸屠殺|チェーンソー大虐殺|체인쏘우 메이커|Kettensägenmassaker|Massacre à la tronçonneuse|Masacre con Motosierra|Masakra Piłą Łańcuchową
talent_name_chainsawMastery|Chainsaw Mastery|Chainsaw Mastery|Maestria de Serra Elétrica| Мастерство работы с бензопилой|電鋸精通|チェーンソーの達人|체인쏘우 마스터리|Kettensägen-Meisterschaft|Maîtrise de la tronçonneuse|Maestría con Motosierra|Mistrzostwo Piły Łańcuchowej
talent_name_revvedUp|Revved Up|Revved Up|Revigorado| Ускорился|激奮|エンジン始動|레브드 업|Aufgedreht|Emballement|Acelerado|Rozgrzany
talent_name_experiencedLogger|Experienced Logger|Experienced Logger|Lenhador Experiente| Опытный лесоруб|熟練的伐木工|熟練伐採業者|익스피리언스 로거|Erfahrener Holzfäller|Bûcheron aguerri|Leñador Experimentado|Doświadczony Drwal
talent_name_loggersEndurance|Logger’s Endurance|Logger’s Endurance|Resistência do Lenhador| Выносливость лесоруба|伐木工的堅忍|伐採業者の忍耐力|로거 인듀어런스|Holzfäller-Ausdauer|Bûcheron endurant|Resistencia del Leñador|Wytrzymałość Drwala
talent_name_rogueChainsaw|Rogue Chainsaw|Rogue Chainsaw|Motosserra Nociva| Разбойник Бензопила|失控電鋸|ローグチェーンソー|로그 체인쏘우|Schurken-Kettensäge|Tronçonneuse rebelle|Motosierra Pícara|Łotrzykowska Piła Łańcuchowa
talent_name_treeTrunkTriumph|Tree Trunk Triumph|Tree Trunk Triumph|Triunfo do Tronco de Árvore| Триумф ствола дерева|樹幹打擊 |木の幹の勝利 |트리 트렁크 트라이엄프|Baumstamm-Triumph|Triomphe du tronc|Triunfo del Tronco|Triumf Pnia Drzewa
|||||||||||
talent_desc_moonshineMolotov|Throw a bottle of moonshine that ignites the impacted area on fire and sends out burning oil.|Throw a bottle of moonshine that ignites the impacted area on fire and sends out burning oil.|Joga uma garrafa de Moonshine incendiando a área impactada e libera óleo queimando em volta.| Бросьте бутылку самогона, который подожжет пораженный участок и выпустит горящее масло.|扔出一瓶私釀酒，點燃受影響的區域，並發出燃燒的油. |ムーンシャインの瓶を投げつけ、着弾地点を炎上させて燃える油を撒き散らす。|화염병을 던져 충격을 받은 지역에 불을 붙이고 타는 기름을 퍼뜨립니다.|Wirf eine Flasche Schwarzgebrannten, die den getroffenen Bereich in Brand setzt und brennendes Öl freisetzt.|Lancez une bouteille de gnôle qui met le feu à la zone touchée.|Lanza una botella de moonshine que incendia el área impactada y libera aceite ardiente.|Rzuć butelką księżycówki która podpala obszar uderzenia ogniem i wysyła palący olej.
talent_desc_pipeBombs|Throw a barrage of handcrafted pipe bombs dealing area of effect fire damage.|Throw a barrage of handcrafted pipe bombs dealing area of effect fire damage.|Arremesse uma barragem de bombas de tubo feitas à mão que causam Dano de Fogo em área.| Бросьте шквал самодельных бомб, наносящих урон огнем по области.|投擲一連串手工制作的管狀炸彈，造成範圍火焰傷害. |手作りのパイプボムを連続投擲し、範囲の火ダメージを与える。|수제 파이프 폭탄을 연속으로 던져 범위 불 데미지를 입힙니다.|Wirf eine Salve selbstgebauter Rohrbomben, die Flächenbrandschaden verursachen.|Lancez trois bombes artisanales infligeant des dégâts de zone.|Lanza una ráfaga de bombas de tubería artesanales infligiendo daño de fuego en área.|Rzuć salwę ręcznie wykonanych bomb rurkowych zadających obrażenia obszarowe fire.
talent_desc_oilSpill|Spill oil on the ground slowing and lowering monster attack rating. Oil also ignites into flames when coming in contact with Moonshine Molotov dealing additional burning damage.|Spill oil on the ground slowing and lowering monster attack rating. Oil also ignites into flames when coming in contact with Moonshine Molotov dealing additional burning damage.|Derrama óleo no chão, diminuindo a Velocidade e a Precisão de Ataque dos inimigos. O óleo também se incendeia ao entrar em contato com o Molotov de Moonshine, causando Dano Adicional de Queimadura.| Проливая масло на землю, вы замедляете и снижаете рейтинг атаки монстров. Масло также воспламеняется при контакте с коктейлем Молотова «Лунный свет», нанося дополнительный урон от горения.|將石油潑在地上, 減緩怪物速度並降低其攻擊命中率. 石油與私釀燃燒瓶接觸時也會點燃, 造成額外的燃燒傷害. |地面に油を撒き、モンスターの移動速度と攻撃命中率を低下させる。油はムーンシャイン・モロトフに触れると燃え上がり、追加の燃焼ダメージを与える。|땅에 기름을 쏟아 몬스터의 이동 속도와 명중률을 낮추고, 화염병과 접촉 시 기름이 불타 추가 불 데미지를 입힙니다.|Verschütte Öl auf dem Boden, wodurch Monster verlangsamt und ihre Angriffsstärke verringert wird. Öl entzündet sich außerdem bei Kontakt mit Schwarzgebrannten-Molotowcocktails und verursacht zusätzlichen Brandschaden.|Déverser du pétrole sur le sol en ralentissant et en diminuant le niveau d'attaque des ennemis. Le pétrole s'enflamme également au contact du Molotov de gnôle infligeant davantage de dégâts.|Derrama aceite en el suelo que ralentiza y reduce el índice de ataque de los monstruos. El aceite también se incendia al entrar en contacto con Moonshine Molotov infligiendo daño de quemadura adicional.|Rozlej olej na ziemię spowalniając i obniżając trafienie ataku potworów. Olej również podpala się w płomienie gdy wejdzie w kontakt z Moonshine Molotov zadając dodatkowe obrażenia palenia.
talent_desc_tireFire|Throw a truck tire that deals fire damage on hit.|Throw a truck tire that deals fire damage on hit.|Arremessa um pneu de caminhão que causa Dano de Fogo nos inimigos.| Бросьте грузовую шину, которая при попадании наносит урон огнем.|扔出卡車輪胎, 對敵人造成火焰傷害. |トラックのタイヤを投げつけ、着弾時に火ダメージを与える。|트럭 타이어를 던져 적중 시 불 데미지를 입힙니다.|Wirf einen LKW-Reifen, der beim Aufprall Feuerschaden verursacht.|Lancez un pneu de camion qui inflige des dégâts aux ennemis et laisse du pétrole derrière lui si la compétence Déversement d'pétrole est utilisée.|Lanza un neumático de camión que inflige daño de fuego al impactar.|Rzuć oponę ciężarówki która zadaje obrażenia fire przy trafieniu.
talent_desc_spontaneousCombustion|When igniting oil in flames, also make the monsters combust dealing area of effect fire damage around them.|When igniting oil in flames, also make the monsters combust dealing area of effect fire damage around them.|Ao acender o Óleo em chamas, também faz com que inimigos entrem em combustão, causando Dano em área ao redor deles.| При возгорании масла в огне|在火焰中點燃油時，還會使敵人燃燒，並對其周圍造成範圍火焰傷害. |油が炎上するとき、モンスターを爆発させて周囲に範囲火ダメージを与える。|기름에 불이 붙으면 몬스터가 자발적으로 발화해 광역 불 데미지를 입힙니다.|Wenn du Öl entzündest, geraten auch die Monster in Brand und erleiden Flächenfeuerschaden in ihrer Umgebung.|Lorsque le pétrole s'enflamme, les ennemis s'enflamment également, ce qui inflige des dégâts de zone autour d'eux.|Al incendiar el aceite, también hace que los monstruos exploten en combustión infligiendo daño de fuego en área a su alrededor.|Gdy podpalasz olej w płomieniach, również spowoduj że potwory spalają się zadając obrażenia obszarowe fire wokół nich.
talent_desc_hillbillyRage|Temporarily increases your fire skill damage.|Temporarily increases your fire skill damage.|Aumenta temporariamente o Dano de Habilidade de Fogo.| Временно увеличивает урон от вашего навыка огня.|暫時增加你的火焰技能傷害. |一時的に火スキルのダメージを増加させる。|일시적으로 화염 스킬 데미지를 증가시킵니다.|Erhöht vorübergehend deinen Feuerschaden.|Augmente vos dégâts d'attaque et les dégâts des compétences de feu pendant une courte période.|Aumenta temporalmente tu daño de habilidades de fuego.|Tymczasowo zwiększa twoje obrażenia umiejętności fire.
talent_desc_moonshineMadness|Increases your Attack Rating, Movement Speed and Faster Cast Rate.|Increases your attack rating and movement speed.|Aumenta a sua Precisão de Ataque e a Velocidade de Movimento.|Увеличивает ваш рейтинг атаки и скорость передвижения.|提高你的攻擊準確率、移動速度與施法速度。|攻撃命中率と移動速度を増加させる。|명중률과 이동 속도를 증가시킵니다.|Erhöht deinen Angriffswert und deine Bewegungsgeschwindigkeit.|Augmente votre niveau d'attaque et votre vitesse de marche/course.|Aumenta tu índice de ataque y velocidad de movimiento.|Zwiększa twoje trafienie ataku i prędkość ruchu.
talent_desc_combustibleOil|Increases your fire skill damage.|Increases your fire skill damage.|Aumenta o seu Dano de Habilidade de Fogo.| Увеличивает урон от вашего навыка огня.|增加你的火焰技能傷害. |火スキルのダメージを増加させる。|불 스킬 데미지를 증가시킵니다.|Erhöht deinen Feuerschaden.|Augmente de façon passive les dégâts des compétences de feu.|Aumenta tu daño de habilidades de fuego.|Zwiększa twoje obrażenia umiejętności fire.
talent_desc_pickupRaid|Call your hillbilly friends to siege your opponents in a pickup truck dealing fire damage.|Call your hillbilly friends to siege your opponents in a pickup truck dealing fire damage.|Chame seus amigos caipiras para cercar seus oponentes em uma caminhonete que causa Dano de Fogo.| Позовите своих друзей-деревенщин, чтобы они осаждали противников на пикапе, нанося урон огнем.|呼叫你的鄉巴佬朋友,開著皮卡車圍攻你的對手,造成火焰傷害. |田舎の友人たちを呼び、ピックアップトラックで敵を包囲し、火ダメージを与える。|힐빌리 친구들을 불러 픽업 트럭을 타고 적을 습격하여 불 데미지를 입힙니다.|Rufe deine Hinterwäldler-Kumpel zusammen, um deine Gegner mit einem Pickup-Truck zu belagern und Feuerschaden zu verursachen.|Appelez vos amis péquenauds pour assiéger vos adversaires à bord d'un pick-up. Laisse du pétrole derrière lui si la compétence Déversement d'pétrole est utilisée.|Llama a tus amigos hillbilly para asediar a tus oponentes en una camioneta infligiendo daño de fuego.|Wezwij swoich przyjaciół wieśniaków aby oblegli twoich przeciwników pickupem zadając obrażenia fire.
talent_desc_chainsawSlash|Perform an area of effect attack attaching a spinning chainsaw on monsters for a short period of time.|Perform an area of effect attack attaching a spinning chainsaw on monsters for a short period of time.|Executa um ataque em área anexando uma motosserra giratória nos inimigos por um curto período de tempo.| Выполнить атаку по области, прикрепив вращающуюся бензопилу к монстрам на короткий промежуток времени.|在短時間內用旋轉電鋸對敵人進行範圍攻擊. |範囲攻撃を行い、短時間モンスターに回転するチェーンソーを取り付ける。|광역 공격을 수행하여 몬스터에게 회전하는 전기톱을 일정 시간 동안 부착합니다.|Führe einen Flächenangriff aus, indem du eine rotierende Kettensäge kurzzeitig an Monstern befestigst.||Realiza un ataque en área que adhiere una motosierra giratoria a los monstruos durante un breve período.|Wykonaj atak obszarowy przyczepiający wirującą piłę łańcuchową na potworach na krótki czas.
talent_desc_durableWear|Increases your defense.|Increases your defense rating.|Aumenta a sua Defesa.| Повышает ваш рейтинг защиты.|增加你的防禦|防御命中率を増加させる。|당신의 방어구 등급을 증가 시킵니다.|Erhöht deine Verteidigung.|Augmente votre défense.|Aumenta tu índice de defensa.|Zwiększa twoje trafienie obrony.
talent_desc_chainsawMassacre|Violently spin your chainsaw dealing damage to monsters around you. Going the full distance unleashes a whirl attack with increased damage and area of effect.|Violently spin your chainsaw dealing damage to monsters around you. Going the full distance unleashes a whirl attack with increased damage and area of effect.|Gira violentamente sua motosserra, perdendo gradualmente o controle ao longo do tempo à medida que causa Dano nos inimigos ao seu redor. Indo até a distância máxima faz com que você execute um ataque giratório com Dano Físico e Área de Efeito aumentados.| Яростно вращайте бензопилой, нанося урон монстрам вокруг вас. Пройдя полную дистанцию, вы получите вихревую атаку с увеличенным уроном и областью действия.|猛烈地旋轉電鋸, 對周圍怪物造成傷害. 達到最遠距離後會釋放旋轉攻擊, 造成範圍傷害. |チェーンソーを激しく回転させ、周囲のモンスターにダメージを与える。全距離回転させると、ダメージと範囲が増加した旋風攻撃を放つ。|전기톱을 격렬하게 회전시켜 주변 몬스터에게 데미지를 입히며, 전체 거리까지 이동 시 증가된 데미지와 광역 공격을 합니다.|Schwinge deine Kettensäge mit voller Wucht und füge Monstern in deiner Nähe Schaden zu. Bei voller Reichweite entfesselst du einen Wirbelangriff mit erhöhtem Schaden und größerem Wirkungsbereich.|Faites tourner votre tronçonneuse avec force, perdant le contrôle sur la durée et en infligeant des dégâts aux ennemis autour de vous.|Gira violentamente tu motosierra infligiendo daño a los monstruos a tu alrededor. Al recorrer toda la distancia libera un ataque de remolino con daño y área aumentados.|Gwałtownie wiruj swoją piłą łańcuchową zadając obrażenia potworom wokół ciebie. Pokonanie pełnej odległości uwalnia wirujący atak ze zwiększonymi obrażeniami i promieniem obszaru działania.
talent_desc_chainsawMastery|Increases your damage and attack rating when using a chainsaw.|Increases your damage and attack rating when using a chainsaw.|Aumenta seu Dano de Ataque e Precisão de Ataque ao utilizar uma motosserra.| Увеличивает урон и рейтинг атаки при использовании бензопилы.|增加使用電鋸時的傷害和攻擊命中率. |チェーンソー使用時のダメージと攻撃命中率を増加させる。|전기톱을 사용할 때 데미지와 명중률을 증가시킵니다.|Erhöht deinen Schaden und Angriffswert beim Einsatz einer Kettensäge.|Augmente vos dégâts et votre niveau d'attaque lorsque vous utilisez une tronçonneuse.|Aumenta tu daño e índice de ataque al usar motosierra.|Zwiększa twoje obrażenia i trafienie ataku gdy używasz piły łańcuchowej.
talent_desc_revvedUp|Temporarily increases your attack speed and damage.|Temporarily increases your attack speed and damage.|Aumenta temporariamente sua Taxa de Ataque e Velocidade de Ataque.| Временно увеличивает скорость атаки и урон.|短暫提升你的攻擊速度與傷害. |一時的に攻撃速度とダメージを増加させる。|일시적으로 공격 속도와 데미지를 증가시킵니다.|Erhöht vorübergehend deine Angriffsgeschwindigkeit und deinen Schaden.|Augmente votre niveau d'attaque et votre vitesse d'attaque pendant une courte période.|Aumenta temporalmente tu velocidad de ataque y daño.|Tymczasowo zwiększa twoją prędkość ataku i obrażenia.
talent_desc_experiencedLogger|Increases your chance for critical strike and critical strike damage.|Increases your chance for critical strike and critical strike damage.|Aumenta sua Chance de Acerto Crítico e Dano de Acerto Crítico.| Увеличивает шанс нанести критический удар и нанести критический урон.|增加你的暴擊幾率和暴擊傷害. |クリティカル確率とクリティカルダメージを増加させる。|치명타 확률과 치명타 데미지를 증가시킵니다.|Erhöht deine Chance auf kritische Treffer und den kritischen Trefferschaden.|Augmente vos chances de coup critique et vos dégâts  critiques.|Aumenta tu probabilidad de golpe crítico y daño crítico.|Zwiększa twoją szansę na trafienie krytyczne i obrażenia krytyczne.
talent_desc_loggersEndurance|Increases your life and life replenish.|Increases your life and life replenish.|Aumenta sua Vida e Recuperação de Vida.| Увеличивает вашу жизнь и восполняет ее.|增加你的生命值和生命恢覆. |ライフとライフ回復量を増加させる。|생명력과 생명력 회복을 증가시킵니다.|Verlängert Ihr Leben und gibt Ihnen neue Kraft.|Augmente votre vie et votre restauration de vie.|Aumenta tu vida y regeneración de vida.|Zwiększa twoje życie i replenish życia.
talent_desc_rogueChainsaw|Throw a chainsaw on the ground spinning and dealing increased damage and additional arcane damage to monsters struck.|Throw a chainsaw on the ground spinning and dealing increased damage and additional arcane damage to monsters struck.|Jogue uma serra elétrica no chão, girando e causando Dano Arcano e Dano Físico nos inimigos que atingir. Depois de girar, arremessa na direção do seu ângulo, quicando em paredes e explodindo no final.| Бросьте бензопилу на землю, она будет вращаться и наносить увеличенный урон и дополнительный урон от тайной магии пораженным монстрам.|在地面上投擲電鋸，旋轉並對其擊中的怪物造成奧術傷害. |チェーンソーを地面に投げつけて回転させ、増加ダメージと追加のアーケンダメージを与える。|전기톱을 땅에 던져 회전시키며 증가된 데미지와 추가 아케인 데미지를 몬스터에게 입힙니다.|Wirf eine Kettensäge auf den Boden, die sich dreht und getroffenen Monstern erhöhten Schaden und zusätzlichen Arkanschaden zufügt.|Lancez une tronçonneuse sur le sol en la faisant tourner et en infligeant des dégâts aux ennemis qu'elle touche.|Lanza una motosierra al suelo que gira e inflige daño aumentado y daño arcano adicional a los monstruos alcanzados.|Rzuć piłę łańcuchową na ziemię wirującą i zadającą zwiększone obrażenia i dodatkowe obrażenia arcane trafionym potworom.
talent_desc_treeTrunkTriumph|Summon a massive tree and cut it down on nearby monsters dealing increased damage and additional arcane damage.|Summon a massive tree and cut it down on nearby monsters dealing increased damage and additional arcane damage.|Invoque uma árvore enorme e corte-a nos inimigos próximos, causando Dano Físico e Dano Arcano.| Призовите огромное дерево и срубите его находящимся поблизости монстрам, нанося повышенный урон и дополнительный урон от тайной магии.|喚一棵巨大的樹，並將其砍倒在附近的敵人身上，造成傷害和附加奧術傷害. |巨大な木を召喚し、近くのモンスターに増加ダメージと追加のアーケンダメージを与えながら切り倒す。|거대한 나무를 소환해 근처 몬스터들에게 내려쳐 증가된 데미지와 추가 아케인 데미지를 입힙니다.|Beschwöre einen riesigen Baum und fälle ihn auf nahegelegene Monster, wodurch erhöhter Schaden und zusätzlicher Arkanschaden verursacht werden.|Invoquez un arbre massif et abattez-le sur les ennemis proches en leur infligeant des dégâts et en les étourdissant.|Invoca un árbol enorme y lo derriba sobre los monstruos cercanos infligiendo daño aumentado y daño arcano adicional.|Przywołaj ogromne drzewo i zetnij je na pobliskie potwory zadając zwiększone obrażenia i dodatkowe obrażenia arcane.
|||||||||||
talent_name_boneShred|Bone Shred|Bone Shred|Trituração Óssea| Костный лоскут|碎骨|ボーンシュレッド|본 슈레드|Knochenfetzen|Éclats d'os|Desmenuzador de Huesos|Rozszarpanie Kości
talent_name_meatShield|Meat Shield|Meat Shield|Escudo de Carne| Мясной щит|血肉護盾|ミートシールド|미트 쉴드|Fleischschild|Bouclier de viande|Escudo de Carne|Tarcza z Mięsa
talent_name_meatBomb|Meat Bomb|Meat Bomb|Bomba de Carne| Мясная бомба|血肉炸彈|ミートボム|미트 봄|Fleischbombe|Bombe de viande|Bomba de Carne|Bomba z Mięsa
talent_name_poisonBreath|Poison Breath|Poison Breath|Sopro Venenoso|Ядовитое Дыхание|劇毒吐息|ポイズンブレス|포이즌 브레스|Giftatem|Souffle de poison|Aliento Venenoso|Oddech Trucizny
talent_name_boneSpear|Bone Spear|Bone Spear|Lança de Osso| Костяное Копье|骨矛|ボーンスピア|본 스피어|Knochenspeer|Lance d'os|Lanza de Hueso|Włócznia Kości
talent_name_cursedGround|Cursed Ground|Cursed Ground|Chão Amaldiçoado| Проклятая земля|詛咒之地|カースドグラウンド|커즈 그라운드|Verfluchter Boden|Terre maudite|Suelo Maldito|Przeklęta Ziemia
talent_name_boneSpirit|Bone Spirit|Bone Spirit|Espírito de Ossos| Дух Кости|白骨之魂|ボーンスピリット|본 스피릿|Knochengeist|Esprit d'os|Espíritu de Hueso|Duch Kości
talent_name_poisonNova|Poison Nova|Poison Nova|Nova de Veneno| Ядовитая Нова|劇毒新星|ポイズンノヴァ|포이즌 노바|Giftnova|Nova de poison|Nova Venenosa|Nowa Trucizny
talent_name_corpseExplosion|Corpse Explosion|Corpse Explosion|Explosão de Cadáver| Взрыв трупа|屍爆|コープスエクスプロージョン|콥스 익스플로전|Leichenexplosion|Explosion de cadavre|Explosión de Cadáver|Eksplozja Trupa
talent_name_raiseSkeletonWarrior|Raise Skeleton|Raise Skeleton|Levantar Esqueleto| Поднять скелет|復活骷髏|スケルトンレイズ|레이즈 스켈레톤|Skelett erwecken|Soulèvement de squelette|Levantar Esqueleto|Podnieś Szkielet
talent_name_skeletonMastery|Summon Mastery|Summon Mastery|Maestria de Invocação| Мастерство призыва|召喚精通|召喚マスタリー|셔먼 마스터리|Beschwörungsmeisterschaft|Maîtrise des squelettes|Maestría de Invocación|Mistrzostwo Przywołań
talent_name_amplifyDamage|Amplify damage|Amplify damage|Amplificar Dano| Увеличить ущерб|傷害加深|ダメージ増幅|앰플리파이 데미지|Schaden verstärken|Amplification des dégâts|Amplificar Daño|Wzmacnianie Obrażeń
talent_name_raiseSkeletonMage|Raise Skeleton Mage|Raise Skeleton Mage|Levantar Esqueleto Mago| Поднять скелета-мага|召喚骷髏法師|スケルトンメイジレイズ|레이즈 스켈레톤 메이지|Skelettmagier erwecken|Soulèvement de mage squelette|Levantar Esqueleto Mago|Podnieś Szkielet Maga
talent_name_lifeTap|Life Tap|Life Tap|Toque da Vida| Жизнь Кран|偷取生命|ライフタップ|라이프 탭|Lebensentzug|Ponction de vie|Toque de Vida|Kradzież Życia
talent_name_summonFrenzy|Summon Frenzy|Summon Frenzy|Frenesi de Invocação| Призыв Безумия|召喚狂熱|召喚フレンジー|셔먼 프렌지|Raserei beschwören|Frénésie d'invocations|Frenesí de Invocación|Przywołanie Frenzy
talent_name_summonDamnedLegion|Summon Damned Legion|Summon Damned Legion|Invocar Legião Maldita| Призыв Проклятого Легиона|召喚詛咒軍團|ダムドレギオン召喚|셔먼 댐드 리전|Verdammte Legion beschwören|Invocation de légionnaire damné|Legión Maldita|Przywołaj Potępioną Legię
talent_name_summonResistances|Summon Resistances|Summon Resistances|Resistência de Invocação| Вызов Сопротивлений|召喚物抗性|耐性召喚|셔먼 레지스턴시스|Widerstände beschwören|Résistances d'invocations|Resistencias de Invocación|Odporności Przywołań
talent_name_summonVengefulSpirit|Summon Vengeful Spirit|Summon Vengeful Spirit|Invocar Espírito Vingativo| Вызов мстительного духа|召喚復仇之靈|復讐の精霊召喚|셔먼 벤지풀 스피릿|Rachsüchtigen Geist beschwören|Invocation d'esprit de vengeur|Espíritu Vengativo|Przywołaj Mściwego Ducha
talent_name_recallSummons|Recall Summons|Recall Summons|Revocar Invocações| Вызовы в суд|召回 |召喚召喚のリコール |리콜 셔먼|Beschwörungen zurückrufen|Rappeler les invocations|Retirar Invocaciones|Przywołaj Przywołania z Powrotem
|||||||||||
talent_desc_boneShred|Unleash bone fragments dealing arcane damage to monsters.|Unleash bone fragments dealing arcane damage to monsters.|Libera fragmentos de ossos que causam Dano Arcano aos inimigos.| Высвобождайте фрагменты костей, нанося монстрам урон тайной магией.|釋放骨頭碎片對敵人造成奧術傷害. |骨の破片を放ち、モンスターにアーケンダメージを与える。|뼈 조각을 발산하여 몬스터에게 아케인 데미지를 입힙니다.|Entfessele Knochenfragmente, die Monstern arkanen Schaden zufügen.|Libère des fragments d'os qui infligent des dégâts aux ennemis. Les points supplémentaires augmentent la quantité de fragments.|Libera fragmentos de hueso que infligen daño arcano a los monstruos.|Uwolnij fragmenty kości zadające obrażenia arcane potworom.
talent_desc_meatShield|Cast a meat shield reducing physical damage taken.|Cast a meat shield reducing physical damage taken.|Conjura um Escudo de Carne, reduzindo o Dano Físico Recebido.| Создает мясной щит, уменьшающий получаемый физический урон.|施展血肉護盾，減少所受物理傷害. |肉の盾を召喚し、物理ダメージを軽減する。|고기 방패를 소환하여 받는 물리 데미지를 감소시킵니다. |Wirke einen Fleischschild, der den erlittenen physischen Schaden reduziert.|Créez un bouclier de chair réduisant les dégâts physiques subis. |Invoca un escudo de carne que reduce el daño físico recibido.|Rzuć tarczę z mięsa zmniejszającą otrzymywane obrażenia fizyczne.
talent_desc_meatBomb|Throw a huge lump of meat that explodes on impact dealing arcane damage and leaving corpse on the ground.|Throw a huge lump of meat that explodes on impact dealing arcane damage and leaving corpse on the ground.|Arremessa um enorme pedaço de carne que explode com o impacto, causando Dano Arcano e deixando cadáveres no chão.| Бросьте огромный кусок мяса, который взрывается при ударе, нанося урон тайной магией и оставляя труп на земле.|扔出一大塊肉，在撞擊時爆炸，造成奧術傷害，並在地上留下屍體. |巨大な肉の塊を投げつけ、着弾時に爆発してアーケンダメージを与え、地面に死体を残す。|거대한 고기 덩어리를 던져 충격 시 아케인 데미지를 입히고, 땅에 시체를 남깁니다.|Wirf einen riesigen Fleischklumpen, der beim Aufprall explodiert, Arkanschaden verursacht und eine Leiche zurücklässt.|Lance un énorme morceau de viande qui explose à l'impact, infligeant des dégâts et laissant des cadavres sur le sol.|Lanza un enorme trozo de carne que explota al impactar infligiendo daño arcano y dejando un cadáver en el suelo.|Rzuć ogromną grudę mięsa która eksploduje przy uderzeniu zadając obrażenia arcane i zostawiając trupa na ziemi.
talent_desc_poisonBreath|Unleash a rotten breath of toxins dealing poison damage.|Unleash a rotten breath of toxins dealing poison damage.|Libera um sopro podre de toxinas, causando Dano de Veneno.| Выпустите гнилое дыхание токсинов, наносящее ядовитый урон.|釋放一股有毒的腐化氣息,造成毒素傷害. |腐敗した毒の息を吐き、毒ダメージを与える。|부패한 독의 숨결을 발산하여 독 데미지를 입힙니다.|Speie einen fauligen Giftatem aus, der Vergiftungsschaden verursacht.|Dégage une haleine chargée de toxines qui empoisonne tous les ennemis qu'elle touche.|Libera un aliento podrido de toxinas que inflige daño de veneno.|Uwolnij zgniły oddech toksyn zadający obrażenia trucizną.
talent_desc_boneSpear|Launch a piercing bone spear dealing arcane damage.|Launch a piercing bone spear dealing arcane damage.|Lança uma Lança de Osso perfurante que causa Dano Arcano.| Запустить пронзительное костяное копье, наносящее урон тайной магией.|發射刺骨長矛造成奧術傷害. |貫通する骨の槍を放ち、アーケンダメージを与える。|아케인 데미지를 입히는 뼈 창을 발사합니다.|Wirf einen durchdringenden Knochenspeer, der Arkanschaden verursacht.|Projette une lance d'os qui inflige des dégâts aux ennemis sur sa trajectoire.|Lanza una lanza de hueso perforante que inflige daño arcano.|Wystrzel przebijającą włócznię kości zadającą obrażenia arcane.
talent_desc_cursedGround|Corrupt the ground in the target area inflicting poison break on monsters affected area.|Corrupt the ground in the target area inflicting poison break on monsters affected area.|Corrompe o solo na área-alvo, reduzindo aplicando Quebra de Veneno dos inimigos que estiverem dentro dele.| Оскверните землю в целевой области, вызывая отравление в пораженной области монстров.|腐蝕目標區域的地面，對區域內所有敵人造成毒素破壞. |対象範囲の地面を汚染し、モンスターに毒破壊を付与する。|타겟 지역의 땅을 부패시켜 영향을 받은 몬스터에게 독 저항력을 감소시킵니다.|Verderbe den Boden im Zielgebiet und belege Monster im betroffenen Bereich mit Giftbruch.|Corrompt le sol de la zone ciblée, réduisant la résistance au poison des ennemis qui y pénètrent.|Corrompe el suelo en el área objetivo infligiendo ruptura de veneno a los monstruos afectados.|Skaż ziemię w docelowym obszarze nakładając poison break na potwory w obszarze.
talent_desc_boneSpirit|Spawn a bone spirit that seeks out the nearest monster and explodes on impact, causing an Arcane damage explosion, then seeks out other mobs after the first impact.|Spawn a bone spirit which seeks out the nearest monster and explodes on impact dealing area of effect arcane damage.|Gera um Espírito de Ossos que procura o inimigo mais próximo e explode com o impacto e procura um outro inimigo após o primeiro impacto.| Порождает костяного духа, который ищет ближайшего монстра и взрывается при ударе, нанося урон тайной магией по области.|召喚一枚亡靈之魂追尋最近的怪物，並在命中時引爆造成奧術傷害，接著在爆炸後繼續追尋其他怪物。|骨の精霊を召喚し、最も近いモンスターを追尾して着弾時に爆発し、範囲のアーケンダメージを与える。|뼈의 영혼을 소환하여 가장 가까운 몬스터를 추적하고, 충격 시 범위 아케인 데미지를 입힙니다.|Beschwöre einen Knochengeist, der das nächste Monster sucht und beim Aufprall explodiert, wodurch Flächenschaden durch Arkanschaden entsteht.|Génère un esprit d'os qui se déplace vers l'ennemi le plus proche et explose à l'impact en infligeant des dégâts de zone.|Invoca un espíritu de hueso que busca al monstruo más cercano y explota al impactar infligiendo daño arcano en área.|Przywołaj ducha kości który szuka najbliższego potwora i eksploduje przy uderzeniu zadając obrażenia obszarowe arcane.
talent_desc_poisonNova|Unleash a toxic poison nova dealing poison damage and inflicting Poisoned on all monsters hit.|Unleash a toxic poison nova dealing poison damage and inflicting Poisoned on all monsters hit.|Libera uma Nova tóxica, causando Dano de Veneno e Envenenando todos os inimigos em seu caminho.| Выпустите ядовитую новую волну, нанося урон ядом и накладывая отравление на всех пораженных монстров.|釋放一道劇毒新星，對它途經的所有敵人造成毒素傷害和中毒. |有毒な毒のノヴァを放ち、毒ダメージを与え、当たったすべてのモンスターに毒状態を付与する。|독성 독 폭발을 발산하여 독 데미지를 입히고, 맞은 모든 몬스터에게 독 상태를 부여합니다.|Entfessele eine Giftnova, die Giftschaden verursacht und alle getroffenen Monster vergiftet.|Libère une Nova de poison toxique qui empoisonne tous les ennemis sur son passage.|Libera una nova venenosa tóxica que inflige daño de veneno e inflige Envenenado a todos los monstruos alcanzados.|Uwolnij toksyczną nowę trucizny zadającą obrażenia trucizną i nakładającą Poisoned na wszystkich trafionych potworach.
talent_desc_corpseExplosion|Cause all corpses in target area to explode and deal an explosive arcane damage.|Cause all corpses in target area to explode and deal area of effect arcane damage.|Faz com que todos os cadáveres na área-alvo explodam em área e causem Dano Arcano.| Заставить все трупы в выбранной области взорваться и нанести урон тайной магией по области действия.|使目標區域內的所有屍體爆炸，並造成範圍奧術傷害. |対象範囲のすべての死体を爆発させ、範囲のアーケンダメージを与える。|타겟 지역의 모든 시체가 폭발하여 범위 아케인 데미지를 입히게 합니다.|Lässt alle Leichen im Zielgebiet explodieren und verursacht Flächenschaden durch Arkanzauber.|Provoque l'explosion de tous les cadavres dans la zone ciblée et inflige des dégâts arcaniques de zone. |Hace que todos los cadáveres en el área objetivo exploten e infligen daño arcano en área.|Powoduj że wszystkie trupy w docelowym obszarze eksplodują i zadają obrażenia obszarowe arcane.
talent_desc_raiseSkeletonWarrior|Raise a skeleton warrior from target corpse to fight on your side.|Raise a skeleton warrior from target corpse to fight on your side.|Invoca um Guerreiro Esqueleto do cadáver alvo para lutar ao seu lado.| Поднимите из трупа скелета-воина, который будет сражаться на вашей стороне.|從目標屍體中召喚骷髏戰士，與你並肩作戰. |対象の死体からスケルトンウォリアーを蘇らせ、味方として戦わせる。|타겟 시체에서 스켈레톤 워리어를 소환하여 당신의 편으로 싸우게 합니다.|Erweckt einen Skelettkrieger aus der anvisierten Leiche, der an eurer Seite kämpft.|Relevez un guerrier squelette du cadavre ciblé pour qu'il se batte à vos côtés.|Levanta un esqueleto guerrero de un cadáver objetivo para que luche a tu lado.|Podnieś szkielet wojownika z docelowego trupa aby walczył po twojej stronie.
talent_desc_skeletonMastery|Increases the life and arcane damage of all your summons.|Increases the life and arcane damage of all your summons.|Aumenta a Vida e o Dano Arcano de todas as suas invocações.| Увеличивает жизнь и урон от тайной магии всех ваших призванных существ.|增加所有召喚物的生命值和奧術傷害. |すべての召喚獣のライフとアーケンダメージを増加させる。|모든 소환수의 생명력과 아케인 데미지를 증가시킵니다.|Erhöht die Lebenspunkte und den Arkanschaden all eurer Beschwörungen.|Augmente les points de vie et les dégâts arcaniques de toutes vos invocations.|Aumenta la vida y el daño arcano de todas tus invocaciones.|Zwiększa życie i obrażenia arcane wszystkich twoich przywołań.
talent_desc_amplifyDamage|Curse monsters in the target area decreasing their damage dealt and inflicting arcane break.|Curse monsters in the target area decreasing their damage dealt and inflicting arcane break.|Amaldiçoa os inimigos na área-alvo, diminuindo o Dano Causado por eles e aplicando Quebra Arcana.| Проклинает монстров в целевой области, уменьшая наносимый ими урон и накладывая эффект «Чародейского прорыва».|詛咒目標區域內的敵人，造成奧術破壞與降低其造成的傷害. |対象範囲のモンスターを呪い、与えるダメージを減少させ、アーケン破壊状態にする。|타겟 지역의 몬스터를 저주하여 입히는 데미지를 감소시키고 아케인 저항을 감소시킵니다.|Verflucht Monster im Zielgebiet, wodurch ihr Schaden verringert und sie den Zustand „Arkaner Bruch“ erleiden.|Maudit les monstres dans la zone ciblée, réduisant leurs dégâts et leur infligeant une rupture arcanique. |Maldice a los monstruos en el área objetivo reduciendo su daño infligido e infligiendo ruptura arcana.|Przeklnij potwory w docelowym obszarze zmniejszając ich zadawane obrażenia i nakładając arcane break.
talent_desc_raiseSkeletonMage|Raise a skeleton mage from target corpse to fight on your side.|Raise a skeleton mage from target corpse to fight on your side.|Invoca um Esqueleto Mago do cadáver alvo para lutar ao seu lado.| Поднимите скелета-мага из трупа цели, чтобы он сражался на вашей стороне.|從目標屍體中復活一個骷髏法師，與你並肩作戰. |対象の死体からスケルトンメイジを蘇らせ、味方として戦わせる。|타겟 시체에서 스켈레톤 메이지를 소환하여 당신의 편으로 싸우게 합니다.|Erwecke einen Skelettmagier aus der Leiche des Ziels, der an deiner Seite kämpft.|Soulevez un Mage squelette du cadavre ciblé pour qu'il se batte à vos côtés.|Levanta un esqueleto mago de un cadáver objetivo para que luche a tu lado.|Podnieś szkielet maga z docelowego trupa aby walczył po twojej stronie.
talent_desc_lifeTap|Curse monsters in the target area increasing any attackers life steal when striking the target.|Curse monsters in the target area increasing any attackers life steal when striking the target.|Amaldiçoa os inimigos na área-alvo, aumentando o Roubo de Vida de qualquer atacante ao atingir o alvo.| Проклинает монстров в области действия, увеличивая кражу жизни у любого атакующего при ударе по цели.|詛咒目標區域內的敵人，增加攻擊者在攻擊目標時的生命偷取. |対象範囲のモンスターを呪い、攻撃者のライフ吸収を増加させる。|타겟 지역의 몬스터를 저주하여 공격자가 타겟을 타격할 때 생명력 흡수 효과를 증가시킵니다.|Verfluche Monster im Zielgebiet und erhöhe so den Lebensraub aller Angreifer, die das Ziel treffen.|Lancez une malédiction sur la zone ciblée qui augmente la vie volée par coup des attaquants.|Maldice a los monstruos en el área objetivo aumentando el robo de vida de cualquier atacante que los golpee.|Przeklnij potwory w docelowym obszarze zwiększając kradzież życia każdego atakującego gdy uderza cel.
talent_desc_summonFrenzy|Temporarily enrage your summons increasing their attack speed and movement speed.|Temporarily enrage your summons increasing their attack speed and movement speed.|Enfureça temporariamente suas Invocações, aumentando a Velocidade de Ataque e a Velocidade de Movimento deles.| Временно приводите в ярость своих призванных существ, увеличивая их скорость атаки и передвижения.|時激怒你的召喚物，提高它們的攻擊速度和移動速度. |一時的に召喚獣を激怒させ、攻撃速度と移動速度を増加させる。|일시적으로 소환수들을 분노시켜 공격 속도와 이동 속도를 증가시킵니다.|Versetze deine Beschwörungen vorübergehend in Raserei, wodurch ihre Angriffs- und Bewegungsgeschwindigkeit erhöht werden.|Enrager vos invocations en augmentant leur vitesse d'attaque et leur vitesse de marche/course pendant une courte période.|Enfurece temporalmente a tus invocaciones aumentando su velocidad de ataque y movimiento.|Tymczasowo rozwściecz swoje przywołania zwiększając ich prędkość ataku i ruchu.
talent_desc_summonDamnedLegion|Summon a damned legion to fight on your side.|Summon a damned legion to fight on your side.|Convoque uma Legião Maldita para lutar ao seu lado.| Призовите проклятый легион, который будет сражаться на вашей стороне.|召喚一個詛咒軍團與你並肩作戰。|呪われた軍団を召喚し、味方として戦わせる。|저주받은 군단을 소환하여 당신의 편으로 싸우게 합니다.|Beschwöre eine verdammte Legion, die an deiner Seite kämpft.|Invoque un légionnaire damné pour combattre à vos côtés.|Invoca una legión maldita para que luche a tu lado.|Przywołaj potępioną legię aby walczyła po twojej stronie.
talent_desc_summonResistances|Increases all resistances and physical damage reduction of your summons.|Increases all resistances and physical damage reduction of your summons.|Aumenta Todas as Resistências e Redução de Dano Físico de suas Invocações.| Увеличивает все сопротивления и снижение физического урона ваших призванных существ.|增加召喚物的所有抗性與物理傷害減免。|召喚獣のすべての抵抗と物理ダメージ軽減を増加させる。|모든 소환수의 저항력과 물리 피해 감소를 증가시킵니다.|Erhöht alle Resistenzen und die Schadensreduktion eurer Beschwörungen.|Augmente la résistance physique et élémentaire de toutes vos invocations.|Aumenta todas las resistencias y la reducción de daño físico de tus invocaciones.|Zwiększa wszystkie odporności i redukcję obrażeń fizycznych twoich przywołań.
talent_desc_summonVengefulSpirit|Summon a vengeful spirit to fight on your side.|Summon a vengeful spirit to fight on your side.|Convoque um Espírito Vingativo para lutar ao seu lado.| Призовите мстительного духа, который будет сражаться на вашей стороне.|召喚復仇之魂與你並肩作戰。 |復讐の精霊を召喚し、味方として戦わせる。|복수의 영혼을 소환하여 당신의 편으로 싸우게 합니다.|Beschwört einen rachsüchtigen Geist, der an eurer Seite kämpft.|Invoque un Esprit vengeur pour combattre à vos côtés.|Invoca un espíritu vengativo para que luche a tu lado.|Przywołaj mściwego ducha aby walczył po twojej stronie.
talent_desc_recallSummons|Recalls all your summons.|Recalls all your summons.|Revoque todas as suas Invocações.| Отменяет все ваши вызовы.|召回你所有的召喚物。 |すべての召喚獣を召喚者のもとに呼び戻す。|모든 소환수를 당신 위치로 불러들입니다.|Ruft alle eure Beschwörungen zurück.|Rappelle toutes vos invocations.|Retira todas tus invocaciones.|Przywołuje z powrotem wszystkie twoje przywołania.
|||||||||||
talent_name_quickSlash|Quickslash|Quickslash|Corte Rápido| Быстрый удар|快速斬擊|クイックスラッシュ|빠른 베기|Schneller Hieb|Tranche directe|Corte Rápido|Szybkie Cięcie
talent_name_battleGlance|Battle Glance|Battle Glance|Olhar de Batalha| Боевой взгляд|戰鬥閃光|バトル グランス|전투 시선|Kampfblick|Aperçu du combat|Mirada de Batalla|Spojrzenie Bitewne
talent_name_evasion|Evasion|Evasion|Evasão| Уклонение|闪閃避避|回避|회피|Ausweichen|Évasion|Evasión|Unik
talent_name_smokeBomb|Smoke Bomb|Smoke Bomb|Bomba de Fumaça| Дымовая шашка|煙霧彈|スモーク ボム|연막탄|Rauchbombe|Bombe fumigène|Bomba de Humo|Dymna Bomba
talent_name_shurikenThrow|Shuriken Throw|Shuriken Throw|Arremesso de Shuriken| Бросок сюрикена|投擲手裏劍|手裏剣投げ|수리검 투척|Shurikenwurf|Lancer de shuriken|Lanzamiento de Shuriken|Rzut Shurikenem
talent_name_warriorsSpirit|Warrior’s Spirit|Warrior’s Spirit|Espírito do Guerreiro| Дух Воина|武士之魂|戦士の精神|전사의 정신|Kriegergeist|Esprit du guerrier|Espíritu del Guerrero|Duch Wojownika
talent_name_bushido|Bushido|Bushido|Bushido| Бусидо|武士道|武士道|부시도|Bushido|Bushido|Bushido|Bushido
talent_name_explosiveKunai|Explosive Kunai|Explosive Kunai|Kunai Explosiva| Взрывной Кунай|爆炸苦無|爆発クナイ|폭발 쿠나이|Explosives Kunai|Kunai explosif|Kunai Explosivo|Eksplozywny Kunai
talent_name_liveByTheSword|Live by the Sword|Live by the Sword|Viva pela Espada| Жить мечом|以劍為生|剣に生きる|검으로 사는 것|Lebe nach dem Schwert|Vivre par l'épée|Vivir por la Espada|Żyj Mieczem
talent_name_fanOfKnives|Fan of Knives|Fan of Knives|Leque de Facas| Фанат ножей|刀扇|ナイフの扇|칼날 회오리|Fächer der Messer|Éventail de couteaux|Abanico de Cuchillos|Wachlarz Noży
talent_name_bladeBarrier|Blade Barrier|Blade Barrier|Barreira de Lâminas| Лезвие Барьера|刃影結界|ブレード バリア|칼날 장벽|Klingenbarriere|Boucliers lames|Barrera de Hojas|Bariera Ostrzy
talent_name_omnislash|Omnislash|Omnislash|Omnicorte| Омнислэш|無敵斬|オムニスラッシュ|전방위 베기|Omnislash|Omnislash|Omnislash|Omnislash
talent_name_explodingBolas|Exploding Bolas|Exploding Bolas|Bolas Explosivas| Взрывающиеся болы|爆炸流星錘|爆発するボーラ|폭발 볼라|Explodierende Bolas|Bolas explosif|Bolas Explosivas|Eksplodujące Bolasy
talent_name_wayOfTheWarrior|Way of the Warrior|Way of the Warrior|Caminho do Guerreiro| Путь воина|武士之道|戦士の道|전사의 길|Weg des Kriegers|Voie du guerrier|Camino del Guerrero|Droga Wojownika
talent_name_forHonor|For Honor|For Honor|Pela Honra| За честь|為了榮譽|名誉のために|명예를 위하여|Für die Ehre|Pour l'honneur|Por Honor|Dla Honoru
talent_name_shadowStep|Shadow Step|Shadow Step|Passo das Sombras| Шаг тени|暗影步伐|シャドウ ステップ|그림자 걸음|Schattenschritt|Pas de l'ombre|Paso Sombrío|Krok w Cień
talent_name_burstOfSpeed|Burst of Speed|Burst of Speed|Surto de Velocidade| Всплеск скорости|速度爆發|バースト オブ スピード|속도 폭발|Geschwindigkeitsschub|Explosion de vitesse|Ráfaga de Velocidad|Wybuch Prędkości
talent_name_empiresSlash|Empire’s Slash|Empire’s Slash|Corte do Império| Слэш Империи|帝國斬|帝国の斬撃 |제국의 베기 |Hieb des Imperiums|Taillade de l'Empire|Corte del Imperio|Uderzenie Cesarza
|||||||||||
talent_desc_quickSlash|Perform a quick dash unleashing area of effect slash dealing increased physical damage and knocking up monsters.|Perform a quick dash unleashing area of effect slash dealing increased physical damage and knocking up monsters.|Executa um avanço rápido seguido de um corte em área que causa Dano Físico e arremessa os inimigos ao ar.| Совершите быстрый рывок, вызвав удар по области, наносящий повышенный физический урон и подбрасывающий монстров.|快速衝刺，釋放範圍斬擊，造成物理傷害並擊飛怪物. |素早く突進し、範囲内にスラッシュを放って物理ダメージを増加させ、モンスターを打ち上げる。|빠른 돌진 후 광역 베기를 사용하여 물리 데미지를 증가시키고 적들을 공중에 띄웁니다.|Führe einen schnellen Sprint aus, der einen Flächenangriff mit erhöhtem physischen Schaden verursacht und Monster in die Luft schleudert.||Realiza un rápido dash liberando un corte en área que inflige daño físico aumentado y derriba a los monstruos.|Wykonaj szybki skok uwalniając cięcie obszarowe zadające zwiększone obrażenia fizyczne i wyrzucające potwory w górę.
talent_desc_battleGlance|Perform an area of effect attack with increased damage and attack rating.|Perform an area of effect attack with increased damage and attack rating.|Realiza um ataque em área com aumento de Dano Físico e de Precisão de Ataque.| Выполнить атаку по области с повышенным уроном и рейтингом атаки.|進行範圍攻擊，增加攻擊命中和造成傷害. |範囲攻撃を行い、ダメージと命中率を増加させる。|광역 공격을 수행하여 데미지와 명중률을 증가시킵니다.|Führe einen Flächenangriff mit erhöhtem Schaden und Angriffswert aus.|Effectue une attaque de zone avec un niveau d'attaque et des dégâts accrus. |Realiza un ataque en área con daño e índice de ataque aumentados.|Wykonaj atak obszarowy ze zwiększonymi obrażeniami i trafieniem ataku.
talent_desc_evasion|Gain a chance to evade melee and ranged attacks.|Gain a chance to evade melee and ranged attacks.|Ganhe uma chance de se esquivar de ataques corpo a corpo e à distância.| Получите шанс уклониться от атак ближнего и дальнего боя.|有機率躲避近戰和遠程攻擊. |近接攻撃と遠距離攻撃を回避するチャンスを得る。|근접 및 원거리 공격을 회피할 확률을 얻습니다.|Erhält eine Chance, Nah- und Fernkampfangriffen auszuweichen.|Gagne une chance d'esquiver les attaques de mêlée et à distance.|Obtienes probabilidad de esquivar ataques cuerpo a cuerpo y a distancia.|Zyskaj szansę na unik ataków wręcz i zasięgowych.
talent_desc_smokeBomb|Explode a smoke bomb dealing arcane damage.|Explode a smoke bomb dealing arcane damage.|Explode uma bomba de fumaça que causa Dano Arcano.| Взорвите дымовую шашку, нанося урон тайной магией.|引爆煙霧彈，造成奧術傷害. |煙幕弾を爆発させてアーケンダメージを与える。|연막탄을 터뜨려 아케인 데미지를 입힙니다.|Lass eine Rauchbombe explodieren, die Arkanschaden verursacht.|Fait exploser une bombe fumigène ralentissant, infligeant des dégâts et réduisant le niveau d'attaque de l'ennemi.|Explota una bomba de humo infligiendo daño arcano.|Wysadź dymną bombę zadającą obrażenia arcane.
talent_desc_shurikenThrow|Throw three piercing Shurikens at your target dealing increased damage.|Throw three piercing Shurikens at your target dealing increased damage.|Arremessa três Shurikens perfurantes em seu alvo, causando Dano Físico.| Бросьте в цель три пронзающих сюрикена, нанося повышенный урон.|向目標投擲三枚穿透手裏劍造成傷害. |対象に向かって3本の貫通手裏剣を投げ、ダメージを増加させる。|세 개의 관통하는 수리검을 던져 추가 데미지를 입힙니다.|Wirf drei durchdringende Shuriken auf dein Ziel, die erhöhten Schaden verursachen.|Lance des shurikens perforants dans la direction ciblée, infligeant des dégâts physiques.|Lanza tres shurikens perforantes a tu objetivo infligiendo daño aumentado.|Rzuć trzema przebijającymi shurikenami w swój cel zadając zwiększone obrażenia.
talent_desc_warriorsSpirit|Increases your attack speed.|Increases your attack speed.|Aumenta a sua Velocidade de Ataque.| Увеличивает скорость атаки.|增加你的攻擊速度. |攻撃速度を増加させる。|공격 속도를 증가시킵니다.|Erhöht deine Angriffsgeschwindigkeit.|Augmente votre vitesse d'attaque.|Aumenta tu velocidad de ataque.|Zwiększa twoją prędkość ataku.
talent_desc_bushido|Activate to gain a buff that increases your attack damage for every 10% of missing Life.|Activate to gain a buff that increases your attack damage for every 10% of missing Life.|Aumenta o Dano de Ataque para cada 10% de Vida perdida.| Активируйте, чтобы получить бафф, увеличивающий урон от атак за каждые 10% недостающей Жизни.|開啟後,每損失10%的生命值，獲得額外攻擊傷害的增益效果. |生命が10％減るごとに攻撃ダメージが増加するバフを発動する。|활성화 시, 생명력의 10%마다 공격 데미지가 증가하는 버프를 얻습니다.|Aktiviere diese Fertigkeit, um einen Buff zu erhalten, der deinen Angriffsschaden für je 10 % fehlendes Leben erhöht.|Augmente les dégâts d'attaque par tranche de 10% de vie manquante.|Actívalo para obtener un buff que aumenta tu daño de ataque por cada 10% de vida faltante.|Aktywuj aby zyskać buff który zwiększa twoje obrażenia ataku za każde 10% brakującego życia.
talent_desc_explosiveKunai|Throw an explosive kunai that explodes and splits on impact, causing smaller explosions that deal Arcane damage.|Throw an explosive kunai that explodes on impact dealing area of effect arcane damage.|Arremessa uma Kunai Explosiva que se divide no impacto, causando explosões menores que causam Dano Arcano.| Бросьте взрывной кунай, который взрывается при ударе, нанося урон тайной магией по области действия.|投擲一枚爆破苦無，命中時引爆並分裂，造成二次小範圍奧術爆破傷害. |着弾時に爆発し、範囲のアーケンダメージを与える爆発手裏剣を投げる。|폭발하는 쿠나이를 던져 충격 시 범위 아케인 데미지를 입힙니다.|Wirf ein explosives Kunai, das beim Aufprall explodiert und Flächenschaden verursacht.|Lance un Kunai explosif qui inflige des dégâts de zone et étourdit les ennemis à l'impact.|Lanza un kunai explosivo que explota al impactar infligiendo daño arcano en área.|Rzuć eksplozywnym kunai który eksploduje przy uderzeniu zadając obrażenia obszarowe arcane.
talent_desc_liveByTheSword|Temporarily increases your attack speed and movement speed.|Temporarily increases your attack speed and movement speed.|Aumenta temporariamente sua Velocidade de Ataque e a Velocidade de Movimento.| Временно увеличивает скорость атаки и скорость передвижения.|暫時增加你的攻擊速度和移動速度. |攻撃速度と移動速度を一時的に増加させる。|일시적으로 공격 속도와 이동 속도를 증가시킵니다.|Erhöht vorübergehend deine Angriffs- und Bewegungsgeschwindigkeit.|Augmente votre vitesse d'attaque et votre vitesse de marche/course pendant une courte période.|Aumenta temporalmente tu velocidad de ataque y movimiento.|Tymczasowo zwiększa twoją prędkość ataku i ruchu.
talent_desc_fanOfKnives|Attacks have a chance to throw knives around you dealing damage physical damage to nearby monsters. Additionally the knives have a chance to ricochet to nearby monsters.|Attacks have a chance to throw knives around you dealing damage to nearby monsters. Additionally the knives have a chance to ricochet to nearby monsters.|Ataques tem uma chance de arremessar facas ao seu redor causando Dano Físico em inimigos próximos. Adicionalmente, as facas podem ricochetear para outros inimigos.| Атаки имеют шанс метать ножи вокруг вас, нанося урон ближайшим монстрам. Кроме того, ножи имеют шанс рикошетить в ближайших монстров.|攻擊有機會在你周圍投擲刀子，對附近的怪物造成傷害. 此外刀子有機率反彈到附近的怪物身上. |攻撃時に周囲にナイフを投げることがあり、近くのモンスターにダメージを与える。ナイフはさらに近くのモンスターに跳ね返ることもある。|공격 시 주변에 칼날을 던져 근처 적에게 데미지를 입힙니다. 또한 칼날이 튕겨서 추가로 근처 적에게 데미지를 입힐 확률이 있습니다.|Angriffe können Messer um dich herum schleudern, die Monstern in der Nähe Schaden zufügen. Zusätzlich besteht die Chance, dass die Messer von Monstern in der Nähe abprallen.|Projette des couteaux autour de vous en infligeant des dégâts aux ennemis proches.|Los ataques tienen probabilidad de lanzar cuchillos a tu alrededor que infligen daño a los monstruos cercanos. Además, los cuchillos tienen probabilidad de rebotar a monstruos cercanos.|Ataki mają szansę rzucić nożami wokół ciebie zadając obrażenia pobliskim potworom. Dodatkowo noże mają szansę odbić się do pobliskich potworów.
talent_desc_bladeBarrier|Summon a barrier of rotating blades around you dealing Physical Damage and additional Arcane Damage.|Summon a barrier of rotating blades around you dealing increased damage and additional arcane damage.|Invoca uma barreira de lâminas giratórias ao seu redor, causando Dano Físico e Dano Arcano aos inimigos.| Создайте вокруг себя барьер из вращающихся лезвий, наносящих повышенный урон и дополнительный урон от тайной магии.|召喚一個旋轉刀刃屏障，對敵人造成傷害與附加奧術傷害. |自身の周囲に回転する刃のバリアを召喚し、ダメージと追加のアーケンダメージを増加させる。|회전하는 칼날 장벽을 소환하여 추가 아케인 데미지와 함께 데미지를 증가시킵니다.|Beschwöre eine Barriere aus rotierenden Klingen um dich herum, die erhöhten Schaden und zusätzlichen Arkanschaden verursacht.|Créez une barrière de lames rotatives autour de vous, infligeant des dégâts aux ennemis qui entrent en contact.|Invoca una barrera de hojas giratorias a tu alrededor que inflige daño aumentado y daño arcano adicional.|Przywołaj barierę wirujących ostrzy wokół ciebie zadającą zwiększone obrażenia i dodatkowe obrażenia arcane.
talent_desc_omnislash|Become untargetable and rapidly strike monsters multiple times with increased attack rating dealing increased damage.|Become untargetable and rapidly strike monsters multiple times with increased attack rating dealing increased damage.|Torna-se inatingível e acerta rapidamente os inimigos várias vezes, causando Dano Físico.| Станьте невидимым для выбора и быстро наносите множество ударов по монстрам с повышенным рейтингом атаки, нанося повышенный урон.|變成無法被選中的狀態,增加攻擊命中率，並快速對怪物造成多次傷害. |ターゲットされなくなり、攻撃命中率が増加した連続攻撃を素早く放ち、ダメージを増加させる。|타겟팅 불가 상태가 되어 여러 번 빠르게 공격하여 명중률과 데미지를 증가시킵니다.|Wird nicht anvisierbar und greife Monster mit erhöhter Angriffsstärke mehrmals schnell hintereinander an, wodurch erhöhter Schaden verursacht wird.|Frappez plusieurs ennemis sans les cibler.|Te vuelves intargeteable y golpeas rápidamente a los monstruos varias veces con índice de ataque aumentado e infligiendo daño aumentado.|Stań się nietykalny i szybko uderzaj potwory wiele razy ze zwiększonym trafieniem ataku zadając zwiększone obrażenia.
talent_desc_explodingBolas|Throw bolas that deal arcane damage on impact and again when they explode after a short delay. |Throw bolas that deal arcane damage on impact and again when they explode after a short delay. |Arremessa bolas nos inimigos que causam Dano Arcano ao contato e explodem após um curto período, causando Dano Arcano novamente.| Бросайте боласы, которые наносят урон тайной магией при ударе и еще раз при взрыве после небольшой задержки.|投擲流星錘,在撞擊時造成奧術傷害,並在短暫延遲後再次造成傷害. |着弾時と短い遅延の後に爆発するボーラスを投げてアーケンダメージを与える。|볼라를 던져 충격 시 아케인 데미지를 입히고, 잠시 후 폭발하여 다시 데미지를 입힙니다.|Wirf Bolas, die beim Aufprall und nach kurzer Verzögerung bei der Explosion Arkanschaden verursachen.|Lance des bolas perforants qui ralentissent les ennemis et infligent des dégâts de zone lorsqu'ils explosent.|Lanza bolas que infligen daño arcano al impactar y nuevamente al explotar tras un breve retraso. |Rzuć bolas które zadają obrażenia arcane przy uderzeniu i ponownie gdy eksplodują po krótkim opóźnieniu.
talent_desc_wayOfTheWarrior|Increases your attack damage and magic skill damage.|Increases your attack damage and magic skill damage.|Aumenta o seu Dano de Ataque e o Dano de Habilidades Mágicas.| Увеличивает урон от атак и магических навыков.|增加你的攻擊傷害和魔法技能傷害. |攻撃ダメージと魔法スキルダメージを増加させる。|공격 데미지와 마법 스킬 데미지를 증가시킵니다.|Erhöht deinen Angriffs- und Magieschaden.|Augmente tous les dégâts physiques infligés.|Aumenta tu daño de ataque y daño de habilidades mágicas.|Zwiększa twoje obrażenia ataku i obrażenia umiejętności magicznych.
talent_desc_forHonor|Temporarily increases your attack damage and movement speed.|Temporarily increases your attack damage and movement speed.|Aumenta temporariamente o seu Dano de Ataque e a Velocidade de Movimento.| Временно увеличивает урон от атак и скорость передвижения.|暫時增加你的攻擊傷害和移動速度. |攻撃ダメージと移動速度を一時的に増加させる。|일시적으로 공격 데미지와 이동 속도를 증가시킵니다.|Erhöht vorübergehend deinen Angriffsschaden und deine Bewegungsgeschwindigkeit.|Augmente vos dégâts d'attaque et votre vitesse de marche/course pendant une courte période.|Aumenta temporalmente tu daño de ataque y velocidad de movimiento.|Tymczasowo zwiększa twoje obrażenia ataku i prędkość ruchu.
talent_desc_shadowStep|Step into the shadows, re-appearing at the target location dealing Arcane Damage to all nearby monsters.|Step into the shadows re-appearing at target location dealing area of effect damage and additional arcane damage to all nearby monsters.|Entra nas sombras e reaparece no local-alvo, causando Dano Arcano em área a todos os inimigos próximos.| Шагните в тень, вновь появившись в указанном месте, нанося урон по области и дополнительный урон от тайной магии всем ближайшим монстрам.|踏入暗影，於目標位置重新現身，對周圍所有怪物造成奧術傷害. |影に入り、対象地点に現れて範囲ダメージと追加のアーケンダメージを周囲のモンスターに与える。|그림자 속으로 들어가 대상 위치에 다시 나타나 근처의 모든 적에게 광역 데미지와 추가 아케인 데미지를 입힙니다.|Tritt in die Schatten und erscheine am Zielort wieder. Verursache Flächenschaden und zusätzlichen Arkanschaden an allen Monstern in der Nähe.|S'enfonce dans l'ombre et réapparaît à l'endroit ciblé en infligeant des dégâts de zone à tous les ennemis proches.|Entra en las sombras y reaparece en la ubicación objetivo infligiendo daño en área y daño arcano adicional a todos los monstruos cercanos.|Wkrocz w cienie pojawiając się ponownie w miejscu celu zadając obrażenia obszarowe i dodatkowe obrażenia arcane wszystkim pobliskim potworom.
talent_desc_burstOfSpeed|Gain increased movement speed for a short period after killing a monster.|Gain increased movement speed for a short period after killing a monster.|Ganhe um buff de Velocidade de Movimento por um curto período após matar um inimigo.| Убив монстра, вы на короткое время увеличиваете скорость передвижения.|殺死怪物後，短時間內增加移動速度. |モンスターを倒した後、短時間移動速度が増加する。|적을 처치한 후 일정 시간 동안 이동 속도가 증가합니다.|Erhältst nach dem Töten eines Monsters kurzzeitig erhöhte Bewegungsgeschwindigkeit.|Augmente la vitesse de marche/course pendant une courte période après avoir tué un ennemi.|Obtienes velocidad de movimiento aumentada durante un breve período tras matar a un monstruo.|Zyskaj zwiększoną prędkość ruchu na krótki czas po zabiciu potwora.
talent_desc_empiresSlash|Perform an area of effect attack blinking a short distance and dealing physical damage to monsters in its path. Empire slash lowers Omnislashes cooldown when it strikes a monster.|Perform an area of effect attack blinking a short distance and dealing damage to monsters in its path. Empire slash lowers Omnislashes cooldown when it strikes a monster.|Executa um enorme ataque em área, avançando uma curta distância e causando Dano Físico aos inimigos em seu caminho. Corte do Império reduz o tempo de recarga do Omnicorte quando atinge um inimigo.| Выполняет атаку по области, перемещаясь на небольшое расстояние и нанося урон монстрам на своем пути. Empire slash снижает время восстановления Omnislashes, когда поражает монстра.|執行範圍攻擊，在短距離內閃現並對路徑上的怪物造成傷害. 帝國斬在擊中怪物時會降低無敵斬的冷卻時間. |範囲攻撃を行い、短距離瞬間移動しながら経路上のモンスターにダメージを与える。エンパイアスラッシュはモンスターに命中するとオムニスラッシュのクールダウンを短縮する。|짧은 거리를 순간 이동하며 범위 공격을 수행하여 지나가는 적에게 피해를 입힙니다. 제국의 베기는 전방위 베기의 쿨타임을 감소시킵니다.|Führe einen Flächenangriff aus, teleportiere dich kurz und verursache Schaden an Monstern auf deinem Weg. Imperiumsschlag verringert die Abklingzeit von Omnischlag, wenn er ein Monster trifft.|Effectue une énorme attaque de zone en se déplaçant sur une courte distance et en infligeant des dégâts aux ennemis sur son passage.|Realiza un ataque en área parpadeando una corta distancia e infligiendo daño a los monstruos en su trayectoria. El Corte del Imperio reduce el tiempo de reutilización de Omnislash al golpear a un monstruo.|Wykonaj atak obszarowy blinkując na krótką odległość i zadając obrażenia potworom na swojej drodze. Uderzenie Cesarza obniża cooldown Omnislash gdy trafi potwora.
|||||||||||
talent_name_vengeance|Vengeance|Vengeance|Vingança| Месть|復仇|復讐|벤젠스|Rache|Vengeance|Venganza|Zemsta
talent_name_thunderShield|Thunder Shield|Thunder Shield|Escudo do Trovão| Громовой щит|雷霆之盾|サンダーシールド|썬더 쉴드|Donnerschild|Bouclier du tonnerre|Escudo de Trueno|Tarcza Pioruna
talent_name_lightningFury|Lightning Fury|Lightning Fury|Fúria do Relâmpago| Молниеносная ярость|閃電之怒|ライトニングフューリー|라이트닝 퓨리|Blitzwut|Colère de la foudre|Furia de Rayos|Furia Błyskawicy
talent_name_holyShockAura|Holy Shock Aura|Holy Shock Aura|Aura de Choque Sagrado| Аура Святого Шока|神聖衝擊光環|ホーリーショックオーラ|홀리 쇼크 오라|Aura des Heiligen Schocks|Aura de choc saint|Aura de Choque Sagrado|Aura Świętego Szoku
talent_name_divineStorm|Divine Storm|Divine Storm|Tempestade Divina| Божественный Шторм|神聖風暴|ディバインストーム|디바인 스톰|Göttlicher Sturm|Tempête divine|Tormenta Divina|Boska Burza
talent_name_fanaticismAura|Fanaticism Aura|Fanaticism Aura|Aura de Fanatismo| Аура фанатизма|狂熱光環|ファナティシズムオーラ|파나티시즘 오라|Aura des Fanatismus|Aura de fanatisme|Aura de Fanatismo|Aura Fanatyzmu
talent_name_ballLightning|Ball Lightning|Ball Lightning|Bola de Raio| Шаровая молния|球狀閃電|ボールライトニング|볼 라이트닝|Kugelblitz|Boule de foudre|Bola de Rayos|Kula Błyskawicy
talent_name_eyeOfTheStorm|Eye of the Storm|Eye of the Storm|Olho da Tempestade| Глаз Бури|風暴之眼|嵐の目|아이 오브 더 스톰|Auge des Sturms|Oeil de la tempête|Ojo de la Tormenta|Oko Burzy
talent_name_thorsFury|Thor's Fury|Thor's Fury|Fúria de Thor| Ярость Тора|雷神之怒|トールの怒り|토르 퓨리|Thors Wut|Fureur de Thor|Furia de Thor|Furia Thora
talent_name_holyBolt|Holy Bolt|Holy Bolt|Raio Sagrado| Святой Болт|聖光彈|ホーリーボルト|홀리 볼트|Heiliger Blitz|Éclair sacré|Rayo Sagrado|Święty Pocisk
talent_name_divineWisdom|Divine Wisdom|Divine Wisdom|Sabedoria Divina| Божественная Мудрость|神聖智慧|ディバインウィスダム|디바인 위즈덤|Göttliche Weisheit|Sagesse divine|Sabiduría Divina|Boska Mądrość
talent_name_holyAura|Holy Aura|Holy Aura|Aura Sagrada| Святая Аура|神聖光環|ホーリーオーラ|홀리 오라|Heilige Aura|Aura sacrée|Aura Sagrada|Święta Aura
talent_name_holyHammer|Holy Hammer|Holy Hammer|Martelo Sagrado| Святой Молот|神聖之錘|ホーリーハンマー|홀리 해머|Heiliger Hammer|Marteau béni|Martillo Sagrado|Święty Młot
talent_name_holyRetribution|Holy Retribution|Holy Retribution|Retribuição Sagrada| Святое Возмездие|神聖懲戒|ホーリーレトリビューション|홀리 리트리뷰션|Heilige Vergeltung|Châtiment sacré|Retribución Sagrada|Boska Zemsta
talent_name_lightsEmbrace|Light's Embrace|Light's Embrace|Abraço da Luz| Объятия Света|聖光擁抱|ライトの抱擁|라이트 엠브레이스|Umarmung des Lichts|Étreinte de la lumière|Abrazo de la Luz|Uścisk Światła
talent_name_fistOfTheHeavens|Fist of the Heavens|Fist of the Heavens|Punho dos Céus| Кулак Небес|天堂之拳|天の拳|헤븐즈 피스트|Faust des Himmels|Poing des cieux|Puño de los Cielos|Pięść Niebios
talent_name_holyNova|Holy Nova|Holy Nova|Nova Sagrado| Святая Нова|神聖新星|ホーリーノヴァ|홀리 노바|Heilige Nova|Nova sacrée|Nova Sagrada|Święta Nowa
talent_name_theVeneratedOne|The Venerated One|The Venerated One|O Venerado| Почитаемый|受人尊敬 |尊敬される者 |더 베네레이티드 원|Der Verehrte|Le Vénéré|El Venerado|Uczczony
|||||||||||
talent_desc_vengeance|Strike monsters with a lightning shock that splits towards nearby monsters, dealing physical damage and lightning damage.|Strike monsters with a lightning shock that splits towards nearby monsters, dealing increased damage and additive lightning damage.|Atinge os inimigos com um choque de raio que se divide em direção a inimigos próximos, causando Dano Físico e Dano de Relâmpago.| Поражайте монстров молнией, которая разделяется и направляется к ближайшим монстрам.|用閃電衝擊攻擊怪物,並分裂到附近的怪物,造成傷害和附加閃電傷害. |モンスターに雷撃を放ち、近くのモンスターへ跳ね返って増加したダメージと加算の雷ダメージを与える。|번개 충격으로 몬스터를 가격하여 근처 몬스터들에게 분리되어 증가된 데미지와 추가적인 번개 데미지를 입힙니다.|Triff Monster mit einem Blitzschlag, der sich auf nahe Monster ausbreitet und erhöhten Schaden sowie zusätzlichen Blitzschaden verursacht.|Frappez vos ennemis avec une décharge de foudre infligeant des dégâts accrus et des dégâts de foudre.|Golpea a los monstruos con un choque de rayos que se divide hacia monstruos cercanos, infligiendo daño aumentado y daño de rayos aditivo.|Uderz potwory szokiem błyskawicy który rozwidla się w kierunku pobliskich potworów zadając zwiększone obrażenia i addytywne obrażenia błyskawic.
talent_desc_thunderShield|Cast a shield of thunder reducing damage taken and shocking monsters attacking you dealing lightning damage.|Cast a shield of thunder reducing magic damage taken and shocking monsters attacking you dealing lightning damage.|Lança um escudo de trovão, reduzindo Dano Recebido e eletrocutando os inimigos que o atacam causando Dano de Relâmpago.| Наложите щит грома, уменьшающий получаемый магический урон и поражающий монстров, атакующих вас, электрическим током, нанося урон молнией.|施展一道雷霆護盾，減少受到的傷害，並感電攻擊你的怪物並造成雷電傷害. |雷の盾を展開し、魔法ダメージを軽減し、攻撃してくるモンスターに雷ダメージを与えて感電させる。|천둥의 방패를 시전하여 마법 데미지를 감소시키고, 당신을 공격하는 몬스터들에게 번개 데미지를 입힙니다. |Erschaffe einen Donnerschild, der den erlittenen Magieschaden reduziert und angreifende Monster schockt und Blitzschaden verursacht.|Créez un bouclier de tonnerre qui inflige des dégâts de foudre aux ennemis qui vous attaquent.|Invoca un escudo de trueno que reduce el daño mágico recibido y electrocuta a los monstruos que te atacan infligiendo daño de rayos.|Rzuć tarczę pioruna zmniejszającą otrzymywane obrażenia magiczne i porażającą potwory które cię atakują zadając obrażenia błyskawic.
talent_desc_lightningFury|Strike monsters with increased attack damage causing lightning to chain between them dealing lightning damage.|Strike monsters with increased attack damage causing lightning to chain between them dealing lightning damage.|Atinja os inimigos com Dano de Ataque aumentado, fazendo com que raios se encadeiem entre eles, causando Dano de Relâmpago.| Атакуйте монстров увеличенным уроном, заставляя их поражать друг друга цепочкой молний, нанося урон молнией.|以增幅的攻擊傷害攻擊怪物,導致閃電在怪物之間形成連鎖,造成閃電傷害. |攻撃ダメージが増加した雷撃でモンスターを打ち、雷が連鎖して雷ダメージを与える。|증가된 공격 데미지로 몬스터를 가격하여 번개가 그들 사이를 체인처럼 연결되며 번개 데미지를 입힙니다.|Triff Monster mit erhöhtem Angriffsschaden, wodurch Blitze zwischen ihnen überspringen und Blitzschaden verursachen.|Frappez les ennemis avec une attaque furieuse libérant une chaîne d'éclairs.|Golpea a los monstruos con daño de ataque aumentado haciendo que los rayos encadenen entre ellos infligiendo daño de rayos.|Uderz potwory ze zwiększonymi obrażeniami ataku powodując że błyskawica łańcuchuje między nimi zadając obrażenia błyskawic.
talent_desc_holyShockAura|When active shock monsters around you dealing lightning damage.|When active shock monsters around you dealing lightning damage.|Quando ativa, eletrocuta inimigos ao seu redor com Dano de Relâmpago.| При активации поражает монстров вокруг себя током, нанося урон молнией.|啟動後, 衝擊周圍的怪物造閃電傷害.|発動中、周囲のモンスターに雷ダメージを与えて感電させる。|활성화 시, 주변의 몬스터들에게 번개 데미지를 입히며 충격을 가합니다.|Wenn aktiv, schockiere Monster in deiner Nähe und erleide Blitzschaden.|Lorsqu'elle est active, cette compétence inflige des dégâts de foudre aux ennemis qui vous entourent.|Cuando está activa, electrocuta a los monstruos a tu alrededor infligiendo daño de rayos.|Gdy aktywna porażaj potwory wokół siebie zadając obrażenia błyskawic.
talent_desc_divineStorm|Turn your attack into a divine storm dealing area of effect lightning damage around you.|Turn your attack into a divine storm dealing area of effect lightning damage around you.|Transforme seu ataque em uma Tempestade Divina que causa Dano de Relâmpago em uma área ao seu redor.| Превратите свою атаку в божественный шторм, наносящий урон молнией по области вокруг вас.|將你的攻擊轉化為神聖風暴，在你周圍造成閃電傷害. |攻撃を神聖な嵐に変え、周囲に範囲の雷ダメージを与える。|당신의 공격을 신성한 폭풍으로 바꾸어 주변의 몬스터들에게 범위 내 번개 데미지를 입힙니다.|Verwandle deinen Angriff in einen göttlichen Sturm, der Flächenschaden durch Blitze in deiner Umgebung verursacht.|Effectue une attaque électrique de zone qui inflige des dégâts de foudre aux ennemis autour de vous.|Convierte tu ataque en una tormenta divina que inflige daño de rayos en área a tu alrededor.|Zamień swój atak w boską burzę zadającą obrażenia obszarowe błyskawic wokół ciebie.
talent_desc_fanaticismAura|When active, increases your and your party members attack speed.|When active, increases your and your party members attack speed.|Quando ativa, aumenta sua Velocidade de Ataque e a dos membros do grupo.| Когда активен|啟動後，提高你和你的隊友的攻擊速度. |発動中、自分とパーティメンバーの攻撃速度を増加させる。|활성화 시, 당신과 파티원의 공격 속도를 증가시킵니다.|Aktiviert erhöht diese Fertigkeit deine Angriffsgeschwindigkeit und die deiner Gruppenmitglieder.|Lorsqu'elle est active, augmente votre vitesse d'attaque et celle des membres de votre groupe.|Cuando está activa, aumenta la velocidad de ataque tuya y de tu grupo.|Gdy aktywna zwiększa twoją i członków drużyny prędkość ataku.
talent_desc_ballLightning|Turn into a ball of lightning and dash towards to the target location, dealing lightning damage to nearby monsters upon landing.|Turn into a ball of lightning and dash towards to the target location exploding for lightning damage to nearby monsters upon landing.|Transforme-se em uma bola de que avança em direção do local-alvo, causando Dano de Relâmpago aos inimigos próximos ao aterrissar.| Превратитесь в шар молнии и устремитесь к указанному месту, приземлившись и нанося урон молнией ближайшим монстрам.|變成閃電球,衝向目標位置,落地時爆炸對附近的敵人造成閃電傷害. |雷の塊となり、ターゲット地点にダッシュして着地時に周囲のモンスターに雷ダメージを与えて爆発する。|번개 구체로 변하여 목표 위치로 돌진하고 착지 시 주변 몬스터들에게 번개 데미지를 입히며 폭발합니다.|Verwandle dich in einen Blitzball und stürme zum Zielort. Bei der Landung explodiert er und fügt nahen Monstern Blitzschaden zu.|Se transforme en une boule de foudre qui se déplace dans les airs jusqu'à l'endroit ciblé, infligeant des dégâts de zone aux ennemis proches lors de l'atterrissage.|Te conviertes en una bola de rayos y te lanzas hacia la ubicación objetivo explotando e infligiendo daño de rayos a los monstruos cercanos al aterrizar.|Zamień się w kulę błyskawicy i skocz w kierunku miejsca celu eksplodując obrażeniami błyskawic pobliskim potworom przy lądowaniu.
talent_desc_eyeOfTheStorm|Increases your lightning skill damage.|Increases your lightning skill damage.|Aumenta seu Dano de Habilidades de Relâmpago.| Увеличивает урон от вашего навыка молнии.|增加你的閃電技能傷害. |雷スキルのダメージを増加させる。|당신의 번개 스킬 데미지를 증가시킵니다.|Erhöht deinen Blitzschaden.|Augmente les dégâts de compétence de foudre.|Aumenta tu daño de habilidades de rayos.|Zwiększa twoje obrażenia umiejętności błyskawic.
talent_desc_thorsFury|Temporarily increases your attack speed and lightning skill damage.|Temporarily increases your attack speed and lightning skill damage.|Aumenta temporariamente sua Velocidade de Ataque e o Dano de Relâmpago.| Временно увеличивает скорость атаки и урон от молний.|暫時提高你的攻擊速度和閃電技能傷害. |攻撃速度と雷スキルのダメージを一時的に増加させる。|일시적으로 당신의 공격 속도와 번개 스킬 데미지를 증가시킵니다.|Erhöht vorübergehend deine Angriffsgeschwindigkeit und deinen Blitzschaden.|Augmente votre vitesse d'attaque et tous les dégâts d'attaque et de compétence infligés pendant une courte période.|Aumenta temporalmente tu velocidad de ataque y daño de habilidades de rayos.|Tymczasowo zwiększa twoją prędkość ataku i obrażenia umiejętności błyskawic.
talent_desc_holyBolt|Cast a piercing bolt of holy light dealing arcane damage to monsters hit.|Cast a piercing bolt of holy light dealing arcane damage to monsters hit.|Lança um raio penetrante de luz sagrada, causando Dano Arcano aos inimigos atingidos.| Выпускает пронзительный заряд святого света, наносящий урон тайной магией пораженным монстрам.|施放一道聖光箭,對擊中的敵人造成奧術傷害. |貫通する聖なる光の稲妻を放ち、命中したモンスターにアーケンダメージを与える。|신성한 빛의 관통하는 화살을 시전하여 맞은 몬스터에게 아케인 데미지를 입힙니다.|Wirkt einen durchdringenden Blitz heiligen Lichts, der getroffenen Monstern Arkanschaden zufügt.|Lance un éclair de lumière sacrée infligeant des dégâts d'arcane aux ennemis.|Lanza un rayo perforante de luz sagrada que inflige daño arcano a los monstruos alcanzados.|Rzuć przebijającym pociskiem świętego światła zadającym obrażenia arcane trafionym potworom.
talent_desc_divineWisdom|Increases your mana and mana replenish.|Increases your mana and mana replenish.|Aumenta sua Mana e a Recuperação de Mana.| Увеличивает вашу ману и восполняет ее.|增加你的法力和法力回復. |マナとマナ回復量を増加させる。|당신의 마나와 마나 회복 속도를 증가시킵니다.|Erhöht dein Mana und deine Manaregeneration.|Augmente votre régénération de mana.|Aumenta tu maná y regeneración de maná.|Zwiększa twoją manę i replenish many.
talent_desc_holyAura|When active, increases your and your party members attack damage and magic skill damage.|When active, increases your and your party members attack damage and magic skill damage.|Quando ativa, aumenta o Dano de Ataque e o Dano de Habilidades Mágicas causado por você e pelos membros do grupo.| Когда активен|啟動時，增加你和你隊友的攻擊力和魔法技能傷害. |発動中、自分とパーティメンバーの攻撃ダメージと魔法スキルダメージを増加させる。|활성화 시, 당신과 파티원의 공격 데미지 및 마법 스킬 데미지를 증가시킵니다.|Erhöht im aktiven Zustand deinen und den Angriffs- und Magieschaden deiner Gruppenmitglieder.|Lorsqu'il est actif, il augmente vos dégâts d'attaque et vos dégâts de compétence, ainsi que ceux des membres de votre groupe.|Cuando está activa, aumenta el daño de ataque y daño de habilidades mágicas tuyos y de tu grupo.|Gdy aktywna zwiększa twoje i członków drużyny obrażenia ataku i obrażenia umiejętności magicznych.
talent_desc_holyHammer|Summon a holy hammer that spirals outwards dealing arcane damage on hit.|Summon a holy hammer that spirals outwards dealing arcane damage on hit.|Invoca um Martelo Sagrado que sai em espiral causando Dano Arcano.| Призывает священный молот, который вращается по спирали, нанося урон тайной магией при попадании.|召喚一把會向外螺旋旋轉的神聖之錘, 造成奧術傷害. |螺旋状に飛び出す聖なるハンマーを召喚し、命中時にアーケンダメージを与える。|신성한 망치를 소환하여 외부로 회전하며 맞은 몬스터에게 아케인 데미지를 입힙니다.|Beschwört einen heiligen Hammer, der sich spiralförmig nach außen bewegt und bei Treffern Arkanschaden verursacht.|Invoque un marteau sacré qui tourne autour de vous et inflige des dégâts d'arcane aux ennemis qui se trouvent sur son chemin tout en réduisant leur résistance à l’arcane.|Invoca un martillo sagrado que gira hacia afuera infligiendo daño arcano al impactar.|Przywołaj święty młot który spiralnie wychodzi na zewnątrz zadając obrażenia arcane przy trafieniu.
talent_desc_holyRetribution|Increases your mana after kill.|Increases your mana after kill.|Aumenta a sua Mana após Morte.| Увеличивает вашу ману после убийства.|每次擊殺後增加你的法力值. |キル後のマナを増加させる。|처치 후 마나를 증가시킵니다.|Erhöht dein Mana nach einem Kill.|Gagne du mana après avoir tué un ennemi.|Aumenta tu maná tras matar.|Zwiększa twoją manę po zabiciu.
talent_desc_lightsEmbrace|Increases your cast rate.|Increases your cast rate.|Aumenta a sua Taxa de Conjuração Mais Rápida.| Увеличивает скорость произнесения заклинаний.|提高你的施法速度. |キャスト速度を増加させる。|시전 속도를 증가시킵니다.|Erhöht deine Zaubergeschwindigkeit.|Augmente votre vitesse des sorts.|Aumenta tu velocidad de lanzamiento.|Zwiększa twoją szybkość rzucania.
talent_desc_fistOfTheHeavens|Call down a fist of divine energy exploding into multiple Holy Bolts dealing arcane damage.|Call down a fist of divine energy exploding into multiple Holy Bolts dealing arcane damage.|Invoca um punho de energia divina que explode em vários Raios Divinos e causa Dano Arcano.| Призовите кулак божественной энергии, взрывающийся множеством Святых Молний, наносящих урон тайной магией.|召喚神聖能量之拳，爆炸成多發神聖彈，造成奧術傷害.|神聖なエネルギーの拳を呼び下ろし、複数のホーリーボルトに爆発させてアーケンダメージを与える。|신성한 에너지의 주먹을 내려 보내어 여러 개의 신성한 화살로 폭발하며 아케인 데미지를 입힙니다.|Beschwöre eine göttliche Energieexplosion, die mehrere Heilige Blitze entfesselt und Arkanschaden verursacht.|Invoque un poing d'énergie divine qui explose en plusieurs Éclairs sacrés infligeant des dégâts d'arcane.|Hace caer un puño de energía divina que explota en múltiples Rayos Sagrados infligiendo daño arcano.|Wezwij pięść boskiej energii eksplodującą w wiele Świętych Pocisków zadających obrażenia arcane.
talent_desc_holyNova|Cast a nova of holy light dealing arcane damage to monsters and healing all allies hit.|Cast a nova of holy light dealing arcane damage to monsters and healing all allies hit.|Lança uma nova de luz sagrada, causando Dano Arcano aos inimigos e curando aliados.| Создай вспышку святого света, наносящую урон тайной магией монстрам и исцеляющую всех пораженных союзников.|施放一道神聖新星,對敵人造成奧術傷害,並治療被擊中的隊友.|聖なる光のノヴァを放ち、モンスターにアーケンダメージを与え、命中した味方全員を回復する。|신성한 빛의 노바를 시전하여 몬스터에게 아케인 데미지를 입히고 맞은 모든 아군을 치료합니다.|Entfessele eine Nova aus heiligem Licht, die Monstern Arkanschaden zufügt und alle getroffenen Verbündeten heilt.|Lance une nova de lumière sacrée qui inflige des dégâts d'arcane aux ennemis et soigne les alliés.|Invoca una nova de luz sagrada que inflige daño arcano a los monstruos y cura a todos los aliados alcanzados.|Rzuć novę świętego światła zadającą obrażenia arcane potworom i leczącą wszystkich trafionych sojuszników.
talent_desc_theVeneratedOne|Temporarily increases your cast rate and mana replenish.|Temporarily increases your cast rate and mana replenish.|Aumenta temporariamente sua Taxa de Conjuração Rápida e Recuperação de Mana.| Временно увеличивает скорость произнесения заклинаний и восполнения маны.|暫時增加你的施法速度和法力回復. |キャスト速度とマナ回復量を一時的に増加させる。|일시적으로 시전 속도와 마나 회복 속도를 증가시킵니다.|Erhöht vorübergehend deine Zaubergeschwindigkeit und Manaregeneration.|Augmente votre vitesse des sorts et votre régénération de mana pendant une courte période.|Aumenta temporalmente tu velocidad de lanzamiento y regeneración de maná.|Tymczasowo zwiększa twoją szybkość rzucania i replenish many.
|||||||||||
talent_name_noxiousStrike|Noxious Strike|Noxious Strike|Golpe Nocivo| Вредный удар|劇毒打擊|有毒な一撃|녹서스 스트라이크|Giftiger Schlag|Frappe nocive|Golpe Nocivo|Noxious Strike
talent_name_causticSpearhead|Caustic Spearhead|Caustic Spearhead|Ponta de Lança Cáustica| Едкий наконечник копья|腐蝕矛頭|腐食性の槍先|카우스틱 스피어헤드|Ätzende Speerspitze|Fer de lance caustique|Punta de Lanza Cáustica|Żrąca Główka Włóczni
talent_name_leapingAmbush|Leaping Ambush|Leaping Ambush|Salto de Emboscada| Прыгающая засада|跳躍伏擊|跳躍する待ち伏せ|리핑 엠부쉬|Sprungüberfall|Embuscade aérienne|Emboscada Saltarina|Szarża Skacząca
talent_name_deathFromAbove|Death from Above|Death from Above|A Morte Vem de Cima| Смерть свыше|死亡空襲|上空からの死|어보브 데스|Tod von oben|Mort par le haut|Muerte desde Arriba|Śmierć z Góry
talent_name_toxicRemains|Toxic Remains|Toxic Remains|Restos Tóxicos| Токсичные останки|劇毒殘骸|有毒な残骸|톡식 리메인|Giftige Überreste|Vestiges toxiques|Restos Tóxicos|Toksyczne Pozostałości
talent_name_masterPoisoner|Master Poisoner|Master Poisoner|Mestre Envenenador| Мастер-отравитель|毒藥大師|毒の達人|마스터 포이즌|Meistervergifter|Maîtresse des poisons|Maestro del Veneno|Mistrz Trucizny
talent_name_jungleCamouflage|Jungle Camouflage|Jungle Camouflage|Camuflagem da Selva| Камуфляж джунглей|叢林偽裝|ジャングルの迷彩|정글 카무플라주|Dschungelarbonus|Camouflage dans la jungle|Camuflaje de la Jungla|Dżunglowy Kamuflaż
talent_name_thrillOfTheHunt|Thrill of the Hunt|Thrill of the Hunt|Emoção da Caça| Азарт охоты|狩獵的刺激|狩りのスリル|스릴 오브 더 헌트|Nervenkitzel der Jagd|Frisson de la chasse|Emoción de la Caza|Dreszcz Polowania
talent_name_envenom|Envenom|Envenom|Envenenar| Envenom|施毒|毒|엔베놈|Vergiften|Envenimer|Envenenar|Envenom
talent_name_astropesGift|Astrope's Gift|Astrope's Gift|Presente de Astrope| Дар Астропа|阿斯忒洛珀之贈|アストロープの贈り物|아스트로프 기프트|Astropes Gabe|Don d'Astrope|Regalo de Astrope|Dar Astrope
talent_name_feint|Feint|Feint|Finta| Финт|佯攻|フェイント|페인트|Täuschung|Feinte|Finta|Udawany Cios
talent_name_rebound|Rebound|Rebound|Ricochete| Отскок|反彈|リバウンド|리바운드|Abpraller|Rebond|Rebote|Odbicie
talent_name_spearnage|Spearnage|Spearnage|Massacre de Lanças| Копьеносец|槍矛風暴|槍術|스피어네이지|Speerwurf|Javelin’hilation|Lanzamiento de Lanzas|Włóczniarstwo
talent_name_stormDash|Storm Dash|Storm Dash|Avanço da Tempestade| Шторм Дэш|風暴衝刺|嵐の突撃|스톰 대쉬|Sturmsprint|Poussée de tempête|Dash de Tormenta|Szarża Burzy
talent_name_thunderGoddessesChosen|Thunder Goddesses Chosen|Thunder Goddesses Chosen|Escolhida das Deusas do Trovão| Избранные Богини Грома|雷霆女神的選擇|選ばれし雷の女神|썬더 갓디스 초즌|Auserwählte Donnergöttinnen|Choix de la déesse du tonnerre|Elegida de la Diosa del Trueno|Wybraniec Bogini Piorunów
talent_name_chooserOfTheSlain|Chooser of the Slain|Chooser of the Slain|Seletora dos Mortos| Избиратель убитых|挑戰死者的女神|殺された者の選択者|슬레인 초즌|Auserwählte der Erschlagenen|Élue du massacre|Elegidora de los Caídos|Wybieracz Zabitych
talent_name_thunderFury|Thunder Fury|Thunder Fury|Fúria do Trovão| Громовая ярость|雷霆之怒|雷の怒り|썬더 퓨리|Donnerwut|Tonnerre en furie|Furia del Trueno|Furia Pioruna
talent_name_astropesBattleMaiden|Astrope's Battle Maiden|Astrope's Battle Maiden|Donzela de Batalha de Astrope| Боевая дева Астропы|阿斯忒洛珀的戰鬥少女 |アストロープの戦乙女 |아스트로프 배틀메이든|Astropes Kampfmaid|Vierge de combat d'Astrope|Doncella de Batalla de Astrope|Bitewna Dziewica Astrope
|||||||||||
talent_desc_noxiousStrike|Unleash a poisonous strike dealing physical damage and  poison damage. Every third strike sends out piercing poisonous projectiles dealing damage and inflicting Poisoned on hit.|Unleash a poisonous strike with increased damage and additional poison damage. Every third strike sends out piercing poisonous projectiles dealing damage and inflicting Poisoned on hit.|Desfira um ataque Venenoso que causa Dano Físico e Dano de Veneno. A cada terceiro ataque, atira projéteis perfurantes de veneno, causando Dano de Veneno e causando Envenenamento.| Выпустите ядовитый удар с увеличенным уроном и дополнительным уроном от яда. Каждый третий удар выпускает пронзающие ядовитые снаряды, наносящие урон и наносящие отравление при попадании.|釋放一次毒素攻擊，造成物理傷害與毒素傷害. 每第三次攻擊會發射穿透性的毒性投射物，造成傷害並在擊中時施加中毒. |増加したダメージと追加の毒ダメージを持つ毒攻撃を放つ。3回に1回の攻撃で、貫通する毒の飛び道具を放ち、命中した敵にダメージを与え、毒状態を付与する。|독성 타격을 방출하여 데미지와 추가적인 독 데미지를 가합니다. 세 번째 타격마다 독성 투사체를 발사하여 데미지와 독 상태를 부여합니다.|Führe einen Giftangriff mit erhöhtem Schaden und zusätzlichem Giftschaden aus. Jeder dritte Treffer verschießt durchdringende Giftgeschosse, die Schaden verursachen und den Gegner vergiften.|Frappe les ennemis en leur infligeant des dégâts accrus et en les empoisonnant pour une portion des dégâts.|Libera un golpe venenoso con daño aumentado y daño de veneno adicional. Cada tercer golpe lanza proyectiles venenosos perforantes que infligen daño e infligen Envenenado al impactar.|Uwolnij trujący cios ze zwiększonymi obrażeniami i dodatkowymi obrażeniami trucizny. Co trzecie uderzenie wysyła przebijające trujące pociski zadające obrażenia i nakładające Poisoned przy trafieniu.
talent_desc_causticSpearhead|Perform a burst attack dealing increased damage, additional poison damage and inflicting Poisoned on hit.|Perform a burst attack dealing increased damage, additional poison damage and inflicting Poisoned on hit.|Executa um ataque de rajada que causa Dano Físico, Dano de Veneno e Envenena os inimigos atingidos. Além disso, cria uma nuvem venenosa no primeiro inimigo atingido.| Выполнить взрывную атаку, нанося увеличенный урон|進行爆發攻擊,造成傷害及附加毒素傷害、並在擊中時造成中毒. |バースト攻撃を行い、増加したダメージと追加の毒ダメージを与え、命中した敵に毒状態を付与する。|폭발적인 공격을 수행하여 데미지 증가, 추가적인 독 데미지와 독 상태를 부여합니다.|Führe einen Flächenangriff aus, der erhöhten Schaden und zusätzlichen Giftschaden verursacht und den Gegner vergiftet.|Effectue une attaque perforante qui transperce les ennemis, leur inflige des dégâts accrus et les empoisonne pour une portion des dégâts.|Realiza un ataque explosivo que inflige daño aumentado, daño de veneno adicional e inflige Envenenado al impactar.|Wykonaj wybuchowy atak zadający zwiększone obrażenia, dodatkowe obrażenia trucizny i nakładający Poisoned przy trafieniu.
talent_desc_leapingAmbush|Jump towards target location dealing poison damage and knocking up monsters around you upon landing.|Jump towards target location dealing poison damage and knocking up monsters around you upon landing.|Salta na direção-alvo causando Dano de Veneno, Levantando inimigos em volta ao aterrissar.| Прыгайте к указанному месту, нанося урон ядом и подбрасывая монстров вокруг себя при приземлении.|朝目標位置跳躍, 落地時造成毒素傷害並擊飛周圍怪物. |ターゲット地点へジャンプし、着地時に周囲のモンスターをノックアップさせながら毒ダメージを与える。|대상 위치로 뛰어가며 독 데미지를 주고 착지 시 주변 몬스터들을 띄웁니다.|Springe zum Zielort, verursache Giftschaden und schleudere Monster in der Nähe bei der Landung in die Luft.||Salta hacia la ubicación objetivo infligiendo daño de veneno y derribando a los monstruos cercanos al aterrizar.|Skocz w kierunku miejsca celu zadając obrażenia trucizną i wyrzucając potwory wokół siebie przy lądowaniu.
talent_desc_deathFromAbove|Call down a rain of falling spears on target location dealing poison damage and slowing monsters struck.|Call down a rain of falling spears on target location dealing poison damage and slowing monsters struck.|Invoca uma chuva de lanças que caem sobre o local-alvo, causando Dano de Veneno e desacelerando os inimigos na área.| Вызовите дождь из падающих копий в указанном месте, нанося урон ядом и замедляя пораженных монстров.|在目標位置召喚大量落下的長矛雨, 對受到攻擊的怪物造成毒素傷害並使其減速. |ターゲット地点に毒の槍雨を呼び下ろし、命中したモンスターに毒ダメージを与え、移動速度を低下させる。|대상 위치에 떨어지는 창의 비를 소환하여 독 데미지를 주고 맞은 몬스터의 속도를 감소시킵니다.|Beschwöre einen Speerhagel auf den Zielort herab, der Giftschaden verursacht und getroffene Monster verlangsamt.||Hace caer una lluvia de lanzas sobre la ubicación objetivo infligiendo daño de veneno y ralentizando a los monstruos alcanzados.|Wezwij deszcz spadających włóczni w miejscu celu zadający obrażenia trucizną i spowalniający trafione potwory.
talent_desc_toxicRemains|Chance on hit to unleash toxic gas inflicting Poisoned on monsters hit.|Chance on hit to unleash toxic gas inflicting Poisoned on monsters hit.|Chance, ao atingir, de liberar gás tóxico que causa o efeito Envenenado nos monstros atingidos. |Шанс при ударе выпустить ядовитый газ, накладывающий на пораженных монстров эффект «Отравление». |擊中時有機率釋放毒氣，使被擊中的怪物陷入中毒狀態。 |ヒット時に確率で有毒ガスを放ち、命中したモンスターを「毒」状態にする。 |적중 시 일정 확률로 독가스를 방출하여, 적중한 몬스터에게 '중독' 상태를 부여합니다. |Chance bei einem Treffer, giftiges Gas freizusetzen, das getroffene Monster vergiftet. |Chance, à l'impact, de libérer un gaz toxique infligeant l'état Empoisonné aux monstres touchés. |Probabilidad al golpear de liberar gas tóxico que inflige Envenenamiento a los monstruos golpeados. |Szansa przy trafieniu na uwolnienie toksycznego gazu, nakładającego na trafione potwory efekt zatrucia.
talent_desc_masterPoisoner|Increases your poison skill damage.|Increases your poison skill damage.|Aumenta o Dano de Habilidade de Veneno.| Увеличивает урон от вашего навыка отравления.|增加你的毒素技能傷害. |毒スキルダメージを増加させる。|독 스킬 데미지를 증가시킵니다.|Erhöht euren Giftschaden.|Augmente les dégâts de poison.|Aumenta tu daño de habilidades de veneno.|Zwiększa twoje obrażenia umiejętności trucizny.
talent_desc_jungleCamouflage|Temporarily increases your poison skill damage.|Temporarily increases your poison skill damage.|Aumenta temporariamente o Dano de Habilidade de Veneno.| Временно увеличивает урон от вашего навыка отравления.|暫時增加你的毒素技能傷害. |一時的に毒スキルダメージを増加させる。|일시적으로 독 스킬 데미지를 증가시킵니다.|Erhöht vorübergehend euren Giftschaden.|Augmente les dégâts de compétence de poison pendant une courte période.|Aumenta temporalmente tu daño de habilidades de veneno.|Tymczasowo zwiększa twoje obrażenia umiejętności trucizny.
talent_desc_thrillOfTheHunt|Increases your movement speed.|Increases your movement speed.|Aumenta a sua Velocidade de Movimento.| Увеличивает скорость передвижения.|提高你的移動速度. |移動速度を増加させる。|이동 속도를 증가시킵니다.|Erhöht eure Bewegungsgeschwindigkeit.|Augmente votre vitesse de marche/course.|Aumenta tu velocidad de movimiento.|Zwiększa twoją prędkość ruchu.
talent_desc_envenom|On monster kill you have a chance to explode toxic fissures on all monsters around thje target dealing poison damage and inflicting Poisoned.|On monster kill you have a chance to explode toxic fissures on all monsters around thje target dealing poison damage and inflicting Poisoned.|Ao matar um monstro, você tem a chance de fazer explodir fissuras tóxicas em todos os monstros ao redor do alvo, causando dano de veneno e aplicando o efeito Envenenado. |При убийстве монстра есть шанс вызвать взрыв токсичных разломов вокруг всех монстров рядом с целью, нанося урон ядом и накладывая эффект «Отравление». |擊殺怪物時, 有機率在目標周圍的所有怪物腳下引爆毒性裂隙, 造成毒素傷害並賦予中毒狀態. |モンスターを倒した際、確率で標的の周囲の全モンスターの足元に毒の亀裂を発生させ、毒ダメージと「毒」状態を与えることができます。 |몬스터를 처치하면 일정 확률로 대상 주변의 모든 몬스터에게 독성 균열을 폭발시켜 독 피해를 입히고 '중독' 상태를 부여합니다. |Beim Töten eines Monsters besteht die Chance, giftige Risse bei allen Monstern in der Umgebung des Ziels zur Explosion zu bringen; dies verursacht Giftschaden und belegt die Gegner mit dem Status „Vergiftet“. |Lorsque vous tuez un monstre, vous avez une chance de faire jaillir des fissures toxiques autour de la cible, infligeant des dégâts de poison et l'état Empoisonné aux monstres environnants. |Al matar a un monstruo, existe la posibilidad de provocar la explosión de fisuras tóxicas en todos los monstruos que rodean al objetivo, infligiendo daño de veneno y el estado de Envenenado. |Zabicie potwora daje szansę na wywołanie toksycznych szczelin wokół wszystkich potworów w pobliżu celu, co zadaje obrażenia od trucizny i nakłada efekt Zatrucia.
talent_desc_astropesGift|Perform a lightning enhanced attack dealing physical damage and lightning damage.|Perform a lightning enhanced attack with increased damage and additive lightning damage.|Realiza um ataque de raio causando Dano Físico e Dano de Relâmpago.| Выполнить усиленную молнией атаку с увеличенным уроном и дополнительным уроном от молнии.|發動雷電強化攻擊，造成物理傷害與閃電傷害. |雷の力を強化した攻撃を行い、増加したダメージと加算の雷ダメージを与える。|번개의 강화된 공격을 수행하여 데미지와 추가적인 번개 데미지를 증가시킵니다.|Führe einen blitzverstärkten Angriff mit erhöhtem Schaden und zusätzlichem Blitzschaden aus.|Effectue une attaque électrique avec des dégâts accrus et des dégâts de foudre.|Realiza un ataque mejorado con rayos que inflige daño aumentado y daño de rayos aditivo.|Wykonaj atak wzmocniony błyskawicą ze zwiększonymi obrażeniami i addytywnymi obrażeniami błyskawic.
talent_desc_feint|Gain a chance to evade melee and ranged attacks.|Gain a chance to evade melee and ranged attacks.|Ganhe uma chance de se esquivar de ataques corpo a corpo e à distância.| Получите шанс уклониться от атак ближнего и дальнего боя.|有機會躲避近戰和遠程攻擊. |近接および遠距離攻撃を回避する確率を得る。|근접 및 원거리 공격을 회피할 확률을 얻습니다.|Erhält eine Chance, Nah- und Fernkampfangriffen auszuweichen.|Augmente vos chances d'esquiver les attaques.|Obtienes probabilidad de esquivar ataques cuerpo a cuerpo y a distancia.|Zyskaj szansę na unik ataków wręcz i zasięgowych.
talent_desc_rebound|Perform an attack dealing physical damage and  lightning damage that rebounds to the closest monster.|Perform an attack with increased damage and additional lightning damage that rebounds to the closest monster.|Executa um ataque que causa Dano Físico e Dano de Relâmpago que ricocheteia no inimigo mais próximo.| Выполнить атаку с увеличенным уроном и дополнительным уроном от молнии, который отражается от ближайшего монстра.|發動一次造成物理傷害與閃電傷害的攻擊，並反彈至最近的怪物. |増加したダメージと追加の雷ダメージを持つ攻撃を行い、最も近いモンスターへ跳ね返る。|공격시 데미지가 증가하고 번개 데미지가 추가되고, 공격에서 가장 가까운 몬스터에게 반사됩니다.|Führe einen Angriff mit erhöhtem Schaden und zusätzlichem Blitzschaden aus, der auf das nächste Monster zurückprallt.|Vos attaques rebondissent sur l'ennemi le plus proche de votre cible avec des dégâts de foudre accrus.|Realiza un ataque con daño aumentado y daño de rayos adicional que rebota al monstruo más cercano.|Wykonaj atak ze zwiększonymi obrażeniami i dodatkowymi obrażeniami błyskawic który odbija się do najbliższego potwora.
talent_desc_spearnage|Furiously throw lightning enchanted spears towards target location.|Furiously throw lightning enchanted spears towards target location.|Arremessa furiosamente lanças encantadas com raios em direção ao local-alvo.| Яростно бросайте зачарованные молнией копья в указанное место.|猛烈地向目標位置投擲閃電附魔長矛. |ターゲット地点へ雷の力を帯びた槍を激しく投げつける。|광폭하게 번개가 부여된 창을 대상 위치로 던집니다.|Wirf wütend Blitzspeere auf den Zielort.|Lance avec rage des lances enchantées par la foudre en direction de la cible.|Lanza furiosamente lanzas encantadas con rayos hacia la ubicación objetivo.|Wściekle rzuć włóczniami zaklętymi błyskawicą w kierunku miejsca celu.
talent_desc_stormDash|Dash towards target location striking nearby monsters with chain lightning.|Dash towards target location striking nearby monsters with chain lightning.|Avance em direção ao local-alvo, atingindo os inimigos próximos com uma Cadeia de Raios causando Dano de Relâmpago.| Совершите рывок к указанному месту, поражая находящихся поблизости монстров цепной молнией.|朝目標位置衝刺,用連鎖閃電擊中附近的敵人. |ターゲット地点にダッシュし、近くのモンスターに連鎖雷で攻撃する。|대상 위치로 돌진하며 체인 라이트닝으로 주변 몬스터를 타격합니다.|Stürme zum Zielort und triff nahe Monster mit Kettenblitzen.|S'élance vers l'endroit ciblé en frappant les ennemis proches avec des éclairs en chaîne.|Te lanzas hacia la ubicación objetivo golpeando a los monstruos cercanos con rayos encadenados.|Szarżuj w kierunku miejsca celu uderzając pobliskie potwory łańcuchową błyskawicą.
talent_desc_thunderGoddessesChosen|Increases lightning skill damage.|Increases lightning skill damage.|Aumenta o Dano de Habilidade de Relâmpago.| Увеличивает урон от молний.|增加閃電技能傷害。|雷スキルダメージを増加させる。|번개 스킬 데미지를 증가시킵니다.|Erhöht den Schaden deiner Blitzfertigkeit.|Augmente les dégâts des compétences de foudre.|Aumenta el daño de habilidades de rayos.|Zwiększa obrażenia umiejętności błyskawic.
talent_desc_chooserOfTheSlain|Increases your life and mana after kill.|Increases your life and mana after kill.|Aumenta a sua Vida e Mana após cada eliminação.| Увеличивает вашу жизнь и ману после убийства.|擊殺後，都會恢復你的生命值和法力值. |キル時にライフとマナを回復する。|처치 후 생명력과 마나를 증가시킵니다.|Erhöht deine Lebenspunkte und dein Mana nach einem Kill.|Restaure une partie de votre vie et de votre mana après chaque mort.|Aumenta tu vida y maná tras matar.|Zwiększa twoje życie i manę po zabiciu.
talent_desc_thunderFury|Perform an attack dealing physical damage that spreads lightning behind the target.|Perform an attack with increased damage that spreads lightning behind the target.|Realiza um ataque que causa Dano Físico e espalha Raios atrás do alvo.| Выполняет атаку с повышенным уроном, которая распространяет молнию позади цели.|發動一次造成物理傷害的攻擊，並於目標後方蔓延雷電. |増加したダメージを持つ攻撃を行い、ターゲットの後方に雷を広げる。|데미지가 증가한 공격을 수행하며 대상 뒤로 번개를 퍼뜨립니다.|Führe einen Angriff mit erhöhtem Schaden aus, der Blitze hinter dem Ziel ausbreitet.|Effectue une attaque qui propage des éclairs sur tous les ennemis proches de la cible.|Realiza un ataque con daño aumentado que extiende rayos detrás del objetivo.|Wykonaj atak ze zwiększonymi obrażeniami który rozprzestrzenia błyskawicę za celem.
talent_desc_astropesBattleMaiden|Temporarily increases your lightning skill damage and attack speed.|Temporarily increases your lightning skill damage and attack speed.|Aumenta temporariamente o Dano de Habilidade de Relâmpago e a Velocidade de Ataque.| Временно увеличивает урон от молний и скорость атаки.|暫時增加你的閃電技能傷害和攻擊速度. |一時的に雷スキルダメージと攻撃速度を増加させる。|일시적으로 번개 스킬 데미지와 공격 속도를 증가시킵니다.|Erhöht vorübergehend deinen Blitzfertigkeitsschaden und deine Angriffsgeschwindigkeit.|Augmente les dégâts des compétences de foudre et la vitesse d'attaque pendant une courte période.|Aumenta temporalmente tu daño de habilidades de rayos y velocidad de ataque.|Tymczasowo zwiększa twoje obrażenia umiejętności błyskawic i prędkość ataku.
|||||||||||
talent_name_triggerFinger|Trigger Finger|Trigger Finger|Dedo no Gatilho| Палец на спусковой крючок|扣動扳機|トリガーフィンガー|트리거 핑거|Abzugsfinger|Gâchette facile|Dedo del Gatillo|Spust Palca
talent_name_eagleEye|Eagle Eye|Eagle Eye|Olho de Águia| Орлиный глаз|鷹眼|イーグルアイ|이글 아이|Adlerauge|Oeil de l'aigle|Ojo de Águila|Orle Oko
talent_name_execute|Execute|Execute|Executar| Выполнять|處決|処刑|익스큐트|Hinrichten|Exécution|Ejecutar|Egzekucja
talent_name_bulletHell|Bullet Hell|Bullet Hell|Inferno de Balas| Пулевой ад|子彈地獄|弾幕|불릿 헬|Bullet Hell|Enfer de balles|Infierno de Balas|Piekło Pocisków
talent_name_shredderTrap|Shredder Trap|Shredder Trap|Armadilha Trituradora| Ловушка-измельчитель|切割陷阱|シュレッダートラップ|슈레더 트랩|Schredderfalle|Piège à déchiqueter|Trampa Trituradora|Pułapka Rozszarpująca
talent_name_possessedBullet|Possessed Bullet|Possessed Bullet|Bala Possuída| Одержимая пуля|附魔子彈|憑依弾|포세스트 불릿|Besessene Kugel|Balle possédée|Bala Poseída|Opętany Pocisk
talent_name_demonsPresence|Demon´s Presence|Demon´s Presence|Presença Demoníaca| Присутствие демона|惡魔降臨|悪魔の存在|데몬 프레즌스|Dämonenpräsenz|Présence du démon|Presencia Demoníaca|Obecność Demona
talent_name_concentrationAura|Concentration Aura|Concentration Aura|Aura de Concentração| Концентрация Ауры|專注光環|集中オーラ|컨센트레이션 오라|Konzentrationsaura|Aura de concentration|Aura de Concentración|Aura Koncentracji
talent_name_absoluteMayhem|Absolute Mayhem|Absolute Mayhem|Caos Total| Абсолютный хаос|絕對混亂|絶対的な騒乱|앱솔루트 메이헴|Absolutes Chaos|Massacre absolu|Caos Absoluto|Absolutne Szaleństwo
talent_name_fastSlices|Fast Slices|Fast Slices|Cortes Rápidos| Быстрые ломтики|快速切割|高速スライス|패스트 슬라이스|Schnelle Schnitte|Tranches rapides|Cortes Rápidos|Szybkie Cięcia
talent_name_demonsCalling|Demon´s Calling|Demon´s Calling|Chamado do Demônio| Призыв Демона|惡魔呼喚|悪魔の呼び声|데몬 콜링|Ruf des Dämons|Appel du démon|Llamada Demoníaca|Wezwanie Demona
talent_name_heartAttack|Heart Attack|Heart Attack|Ataque Cardíaco| Острое сердечно-сосудистое заболевание|襲擊心臟|ハートアタック|하트 어택|Herzinfarkt|Attaque cardiaque|Ataque al Corazón|Atak Serca
talent_name_shadowAnomalies|Shadow Anomalies|Shadow Anomalies|Anomalias das Sombras| Аномалии теней|異常暗影|影の異常|섀도우 아노말리|Schattenanomalien|Anomalies de l'ombre|Anomalías Sombrías|Cieniste Anomalie
talent_name_soulLeech|Soul Leech|Soul Leech|Sanguessuga de Alma| Душа Лича|靈魂吸取|魂の吸血|소울 리치|Seelensauger|Écorniflage d'âme|Drenaje de Alma|Ssanie Duszy
talent_name_swordHandler|Sword Handler|Sword Handler|Manipulador de Espadas| Обработчик меча|劍術|ソードハンドラー|소드 핸들러|Schwertträger|Maniement de l'épée|Manejador de Espadas|Obsługa Miecza
talent_name_demonsShield|Demon´s Shield|Demon´s Shield|Escudo Demoníaco| Щит Демона|惡魔之盾|悪魔の盾|데몬 쉴드|Dämonenschild|Bouclier du démon|Escudo Demoníaco|Tarcza Demona
talent_name_sliceOfShadows|Slice of Shadows|Slice of Shadows|Corte das Sombras| Кусочек Теней|暗影切割|影のスライス|섀도우 슬라이스|Schattenscheibe|Tranch'ombre|Corte de Sombras|Cięcie Cieni
talent_name_demonForm|Demon Form|Demon Form|Forma Demoníaca| Форма демона|惡魔形態 |悪魔の姿 |데몬 폼|Dämonenform|Forme du démon|Forma Demoníaca|Forma Demona
|||||||||||
talent_desc_triggerFinger|Fire a burst shot dealing physical damage.|Fire a burst shot with increased attack damage and attack rating.|Dispare um tiro em rajada causando Dano Físico| Выстрел очередью с увеличенным уроном и рейтингом атаки.|發射一次爆發連射，造成物理傷害. |攻撃ダメージと命中率が増加したバーストショットを発射する。|공격력이 증가하고 명중률이 향상된 투사체를 발사합니다.|Feuert einen Salvenschuss mit erhöhtem Angriffsschaden und Angriffswert ab.|Tirez rapidement plusieurs fois avec votre arme en augmentant les dégâts d'attaque.|Dispara un tiro en ráfaga con daño de ataque e índice de ataque aumentados.|Wystrzel salwę ze zwiększonymi obrażeniami ataku i trafieniem ataku.
talent_desc_eagleEye|Increases your attack damage, additional physical damage and critical strike damage when using ranged weapons.|Increases your attack damage, additional physical damage and critical strike damage when using ranged weapons.|Aumenta o Dano de Ataque, o Dano Físico Adicional e o Dano de Acerto crítico ao usar armas de longo alcance.| Увеличивает урон от атаки|使用遠程武器時,增加你的攻擊傷害、附加物理傷害和暴擊傷害. |遠距離武器使用時に、攻撃ダメージ、追加の物理ダメージ、クリティカルダメージを増加させる。|원거리 무기를 사용할 때 공격력, 추가 물리 피해, 그리고 치명타 데미지가 증가합니다.|Erhöht euren Angriffsschaden, zusätzlichen physischen Schaden und kritischen Trefferschaden bei der Verwendung von Fernkampfwaffen.|Augmente vos dégâts d'attaque et vos dégâts critiques lorsque vous utilisez des armes à distance.|Aumenta tu daño de ataque, daño físico adicional y daño crítico al usar armas a distancia.|Zwiększa twoje obrażenia ataku, dodatkowe obrażenia fizyczne i obrażenia krytyczne gdy używasz broni zasięgowych.
talent_desc_execute|Deal extra attack damage to monsters below 30% Life.|Deal extra attack damage to monsters below 30% Life.|Causa Dano de Ataque extra contra inimigos com menos de 30% de vida.| Наносит дополнительный урон монстрам, у которых уровень здоровья ниже 30%.|對生命值低於30%的敵人造成額外攻擊傷害. |ライフ30%以下のモンスターに対して追加の攻撃ダメージを与える。|생명력 30% 이하인 몬스터에게 추가 공격 데미지를 입힙니다.|Verursacht zusätzlichen Angriffsschaden an Monstern mit weniger als 30 % Leben.|Inflige des dégâts d'attaque supplémentaires aux ennemis ayant moins de 30% de vie.|Inflige daño de ataque extra a monstruos por debajo del 30% de vida.|Zadaj dodatkowe obrażenia ataku potworom poniżej 30% życia.
talent_desc_bulletHell|Fire a barrage of bullets towards the aimed direction dealing physical damage.|Fire a barrage of bullets towards the aimed direction dealing increased damage.|Dispare uma barragem de balas na direção almejada, causando Dano Físico.| Выпускает шквал пуль в указанном направлении, нанося повышенный урон.|向瞄準方向發射彈幕，造成物理傷害. |狙った方向に増加したダメージの銃弾を一斉に発射する。|조준한 방향으로 총알을 퍼붓는 공격을 발사하여 데미지를 증가시킵니다.|Feuert einen Kugelhagel in die anvisierte Richtung ab, der erhöhten Schaden verursacht.|Tirez un barrage de balles dans la direction de la cible en infligeant des dégâts.|Dispara una ráfaga de balas hacia la dirección apuntada infligiendo daño aumentado.|Wystrzel salwę pocisków w kierunku celu zadającą zwiększone obrażenia.
talent_desc_shredderTrap|Throw a shredder on the ground spinning with deadly speed dealing physical damage.|Throw a shredder on the ground spinning with deadly speed dealing physical damage.|Lança um triturador no chão girando com velocidade mortal, causando Dano Físico. |Бросьте измельчитель на землю, вращающийся со смертельной скоростью и наносящий физический урон. |向地面拋出一個粉碎鋸刃，以致命的速度旋轉並造成物理傷害. |地面にデッドリースピードで回転するシュレッダーを投げて物理ダメージを与える。|치명적인 속도로 회전하며 물리적 피해를 입히는 분쇄기를 바닥에 던집니다. |Wirf einen Schredder auf den Boden, der sich mit tödlicher Geschwindigkeit dreht und physischen Schaden verursacht.|Lancez un destructeur sur le sol en le faisant tourner à une vitesse mortelle et en infligeant des dégâts physiques. |Lanza una trituradora al suelo que gira a velocidad mortal infligiendo daño físico.|Rzuć rozszarpującą na ziemię wirującą z zabójczą prędkością zadającą obrażenia fizyczne.
talent_desc_possessedBullet|Fire a satanic bullet possessed by darkness which explodes into multiple bullets on impact dealing physical damage.|Fire a satanic bullet possessed by darkness which explodes into multiple bullets on impact dealing damage.|Dispara uma bala satânica possuída pela escuridão que explode em várias balas no impacto, causando Dano Físico.| Выпускает сатанинскую пулю, одержимую тьмой, которая при ударе распадается на несколько пуль, нанося урон.|射一顆被黑暗附魔的惡魔子彈,撞擊時爆炸成多顆子彈造成傷害. |闇に取り憑かれたサタニックな弾丸を撃ち、命中時に複数の弾丸に爆発しダメージを与える。|어둠에 사로잡힌 사탄 총알을 발사하여 충돌 시 여러 개의 총알로 폭발하며 데미지를 입힙니다.|Feuere eine satanische, von Dunkelheit besessene Kugel ab, die beim Aufprall in mehrere Geschosse explodiert und Schaden verursacht.|Tire une balle satanique possédée par les ténèbres qui explose en plusieurs balles à l'impact.|Dispara una bala satánica poseída por la oscuridad que explota en múltiples balas al impactar infligiendo daño.|Wystrzel sataniczny pocisk opętany ciemnością który eksploduje w wiele pocisków przy uderzeniu zadając obrażenia.
talent_desc_demonsPresence|Temporarily increase your attack speed and attack damage.|Temporarily increase your attack speed and attack damage.|Aumenta temporariamente sua Velocidade de Ataque e Dano de Ataque.| Временно увеличьте скорость атаки|暫時提升你的攻擊速度與攻擊傷害. |一時的に攻撃速度と攻撃ダメージを増加させる。|일시적으로 공격 속도와 공격력이 증가합니다. |Erhöhe vorübergehend deine Angriffsgeschwindigkeit und deinen Angriffsschaden.|Augmentez temporairement votre vitesse d'attaque et vos dégâts d'attaque. |Aumenta temporalmente tu velocidad de ataque y daño de ataque.|Tymczasowo zwiększ twoją prędkość ataku i obrażenia ataku.
talent_desc_concentrationAura|When active, increases your and your party members attack rating.|When active, increases your and your party members attack rating.|Quando ativa, aumenta sua Precisão de Ataque e a dos membros do grupo.| Временно увеличивает скорость атаки и урон от атак. |啟動後，增加你和你隊友的攻擊命中率. |効果発動中、自分とパーティメンバーの命中率を増加させる。|활성화 시, 당신과 파티원의 명중률을 증가시킵니다.|Erhöht im aktiven Zustand deinen und den Angriffswert deiner Gruppenmitglieder.|Lorsqu'elle est active, elle augmente votre niveau d'attaque et celui des membres de votre groupe.|Cuando está activa, aumenta el índice de ataque tuyo y de tu grupo.|Gdy aktywna zwiększa twoje i członków drużyny trafienie ataku.
talent_desc_absoluteMayhem|Harness the power of your inner demon and fire multiple massive bullets in a line dealing physical damage.|Harness the power of your inner demon and fire multiple massive bullets in a line dealing increased damage.|Aproveite o poder do seu demônio interior e dispare várias balas enormes em uma linha, causando Dano Físico.| Обуздайте силу своего внутреннего демона и выстрелите несколькими мощными пулями по одной линии, нанося повышенный урон.|利用你內心的惡魔的力量,發射多發巨型子彈,造成更大的傷害. |内なる悪魔の力を解放し、直線上に複数の巨大な弾丸を撃ち増加したダメージを与える。|내면의 악마의 힘을 이용해 여러 개의 대형 총알을 직선으로 발사하며 데미지를 증가시킵니다.|Entfessle die Macht deines inneren Dämons und feuere mehrere massive Geschosse in einer Linie ab, die erhöhten Schaden verursachen.|Exploitez le pouvoir du démon qui sommeille en vous et tirez plusieurs balles massives en ligne, infligeant de lourds dégâts.|Aprovecha el poder de tu demonio interior y dispara múltiples balas masivas en línea infligiendo daño aumentado.|Harnessuj moc swojego wewnętrznego demona i wystrzel wiele masywnych pocisków w linii zadając zwiększone obrażenia.
talent_desc_fastSlices|Perform a series of dashing attacks, dealing area of effect physical damage on second attack and stunning monsters around you on the final attack.|Perform a series of dashing attacks, dealing area of effect damage on second attack and stunning monsters around you on the final attack.|Execute uma série de ataques rápidos que causam dano físico e atordoam os inimigos ao seu redor no ataque final.| Проведите серию стремительных атак|執行一系列疾馳攻擊,在第二次攻擊時造成範圍傷害,並在最後攻擊時擊暈你周圍的敵人. |連続ダッシュ攻撃を行い、2回目の攻撃で範囲ダメージを与え、最後の攻撃で周囲のモンスターをスタンさせる。|연속적인 돌진 공격을 수행하며 두 번째 공격에서 넓은 범위의 데미지를 입히고, 마지막 공격에서 주변 몬스터를 기절시킵니다.|Führe eine Reihe von Sturmangriffen aus, wobei der zweite Angriff Flächenschaden verursacht und der letzte Angriff Monster in der Nähe betäubt.|Effectuez une série d'attaques fulgurantes infligeant des dégâts et étourdissant les ennemis autour de vous lors de l'attaque finale.|Realiza una serie de ataques con dash, infligiendo daño en área en el segundo ataque y aturdiendo a los monstruos a tu alrededor en el ataque final.|Wykonaj serię skaczących ataków zadając obrażenia obszarowe przy drugim ataku i ogłuszając potwory wokół siebie przy końcowym ataku.
talent_desc_demonsCalling|Become airborne and smash the ground dealing area of effect arcane damage and stunning monsters around you.|Become airborne and smash the ground dealing area of effect arcane damage and stunning monsters around you.|Voe pelo ar e esmague o chão, causando Dano Arcano em área e atordoando os inimigos ao seu redor.| Поднимитесь в воздух и крушите землю, нанося урон тайной магией по области и оглушая монстров вокруг вас.|騰空而起,粉碎地面,造成範圍奧術傷害,並使周圍的敵人暈眩. |空中に飛び上がり、地面を叩きつけて範囲のアーケンダメージを与え、周囲のモンスターをスタンさせる。|공중으로 뛰어올라 땅을 강타하여 범위 아케인 데미지를 입히고 주변 몬스터를 기절시킵니다.|Erhebe dich in die Luft und schlage auf den Boden, um Flächenschaden durch Arkanschaden zu verursachen und Monster in der Nähe zu betäuben.|Prenez votre envol et fracassez le sol en infligeant des dégâts de zone et en étourdissant les ennemis autour de vous.|Te elevas en el aire y golpeas el suelo infligiendo daño arcano en área y aturdiendo a los monstruos a tu alrededor.|Stań się unoszący się i uderz w ziemię zadając obrażenia obszarowe arcane i ogłuszając potwory wokół siebie.
talent_desc_heartAttack|Increases your chance for critical strikes and critical strike damage when using a melee weapon.|Increases your chance for critical strikes and critical strike damage when using a melee weapon.|Aumenta a Chance de Acerto Crítico e o Dano de Acerto Crítico ao usar uma arma corpo a corpo.| Увеличивает вероятность нанесения критических ударов и урона от критических ударов при использовании оружия ближнего боя.|使用近戰武器時，增加你的暴擊幾率和暴擊傷害.|近接武器使用時に、クリティカル発生率とクリティカルダメージを増加させる。|근접 무기 사용 시 치명타 확률과 치명타 데미지가 증가합니다.|Erhöht deine Chance auf kritische Treffer und kritischen Trefferschaden beim Einsatz einer Nahkampfwaffe.|Augmente les dégâts et le taux de coups critiques.|Aumenta tu probabilidad de golpes críticos y daño crítico al usar un arma cuerpo a cuerpo.|Zwiększa twoją szansę na trafienia krytyczne i obrażenia krytyczne gdy używasz broni wręcz.
talent_desc_shadowAnomalies|Casting Demon's Calling now spawns five shadow anomalies that perform Demon's Calling with increased arcane damage.|Casting Demon's Calling now spawns five shadow anomalies that perform Demon's Calling with increased arcane damage.|Conjurar o Chamado do Demônio agora gera cinco Anomalias Sombrias que executam o Chamado do Demônio com Dano Arcano aumentado.| Применение «Зова демона» теперь порождает пять теневых аномалий, которые выполняют «Зов демона» с увеличенным уроном от тайной магии.|“惡魔呼喚”現在會召喚五個“異常暗影”,它們會使用造成奧術傷害的“惡魔呼喚”.|「デーモンズコーリング」使用時、5体の影の異常体を召喚し、それぞれが増加したアーケンダメージで「デーモンズコーリング」を行う。|데몬 콜링 시전 시 다섯 개의 그림자 괴생명체가 소환되어 강화된 아케인 데미지로 데몬 콜링을 수행합니다.|Das Wirken von Dämonenruf beschwört nun fünf Schattenanomalien, die Dämonenruf mit erhöhtem Arkanschaden ausführen.|Appel du démon génère désormais 5 Anomalies de l'ombre qui exécutent Appel du démon avec des dégâts accrus lorsqu'elles sont relancées.|Lanzar Llamada Demoníaca ahora invoca cinco anomalías sombrías que realizan Llamada Demoníaca con daño arcano aumentado.|Rzucanie Wezwania Demona teraz przywołuje pięć cieniowych anomalii które wykonują Wezwanie Demona ze zwiększonymi obrażeniami arcane.
talent_desc_soulLeech|Leech life out of monsters in target area dealing arcane damage and healing you.|Leech life out of monsters in target area dealing arcane damage and healing you.|Sugue a vida dos inimigos na área-alvo, causando Dano Arcano e Curando você.| Высасывает жизнь из монстров в выбранной области, нанося урон тайной магией и исцеляя вас.|從目標區域內的敵人身上吸取生命值,造成奧術傷害並為你回復生命值.|対象エリア内のモンスターからライフを吸収し、アーケンダメージを与えつつ自身を回復する。|대상 지역의 몬스터들에게 아케인 데미지를 입히고 자신을 치유합니다.|Entziehe Monstern im Zielgebiet Lebenskraft, verursache Arkanschaden und heil dich.|Absorbe la vie sur les ennemis à l'endroit ciblé en leur infligeant des dégâts et en vous soignant.|Drena vida de los monstruos en el área objetivo infligiendo daño arcano y curándote.|Ssij życie z potworów w docelowym obszarze zadając obrażenia arcane i lecząc cię.
talent_desc_swordHandler|Increases your life stolen per hit, attack rating and damage when using swords.|Increases your life stolen per hit, attack rating and damage when using swords.|Aumenta Roubo de Vida e a Precisão de Ataque ao usar espadas.| Увеличивает количество украденной жизни за удар|使用劍時,每次攻擊所偷取的生命值和攻擊命中率都會增加. |剣使用時にライフ吸収量、命中率、ダメージを増加させる。|검을 사용할 때 타격 시 생명 흡수량, 명중률, 데미지가 증가합니다.|Erhöht die Lebensraub-Rate pro Treffer, den Angriffswert und den Schaden beim Schwertkampf.|Augmente votre vol de vie et votre niveau d'attaque lorsque vous utilisez des épées.|Aumenta el robo de vida por golpe, índice de ataque y daño al usar espadas.|Zwiększa twoje skradzione życie na trafienie, trafienie ataku i obrażenia gdy używasz mieczy.
talent_desc_demonsShield|Increases all resistances and movement speed.|Increases all resistances and movement speed.|Aumentas Todas as Resistências e Velocidade de Movimento.| Увеличивает все сопротивления и скорость передвижения.|增加所有抗性和移動速度. |全ての耐性と移動速度を増加させる。|모든 저항력과 이동 속도가 증가합니다.|Erhöht alle Resistenzen und die Bewegungsgeschwindigkeit.|Augmente toutes les résistances.|Aumenta todas las resistencias y velocidad de movimiento.|Zwiększa wszystkie odporności i prędkość ruchu.
talent_desc_sliceOfShadows|Perform an attack that releases a wave of shadow dealing physical damage.|Perform an attack that releases a wave of shadow dealing increased damage.|Executa um ataque que libera uma onda de sombra que causa Dano Físico.| Выполните атаку, которая высвобождает волну тени, наносящую повышенный урон.|發動一次攻擊，釋放一道暗影波造成物理傷害. |影の波動を放つ攻撃を行い、増加したダメージを与える。|그림자 파동을 방출하는 공격을 수행하여 데미지를 증가시킵니다.|Führe einen Angriff aus, der eine Schattenwelle mit erhöhtem Schaden erzeugt.|Effectue une attaque qui libère une vague d'ombre infligeant des dégâts accrus.|Realiza un ataque que libera una ola de sombras infligiendo daño aumentado.|Wykonaj atak który uwalnia falę cienia zadającą zwiększone obrażenia.
talent_desc_demonForm|Temporarily turn into a demon gaining increased attack damage and attack speed.|Temporarily turn into a demon gaining increased attack damage and attack speed.|Transforma-se temporariamente em um demônio, recebendo maior Dano de Ataque e Velocidade de Ataque.| Временно превращаетесь в демона, получая увеличенный урон и скорость атаки.|暫時變成惡魔,獲得攻擊傷害和攻擊速度的增加. |一時的に悪魔に変身し、攻撃ダメージと攻撃速度を増加させる。|일시적으로 악마로 변신하여 공격력과 공격 속도가 증가합니다.|Verwandle dich vorübergehend in einen Dämon und erhalte dadurch erhöhten Angriffsschaden und erhöhte Angriffsgeschwindigkeit.|Vous transforme en démon, ce qui augmente les dégâts d'attaque et la vitesse d'attaque pendant une courte période.|Te transformas temporalmente en un demonio obteniendo daño de ataque y velocidad de ataque aumentados.|Tymczasowo zamień się w demona zyskując zwiększone obrażenia ataku i prędkość ataku.
|||||||||||
talent_name_boneFragments|Bone Fragments|Bone Fragments|Fragmentos de Ossos| Фрагменты костей|白骨碎片|骨片|본 프래그먼츠|Knochenfragmente|Fragments d'os|Fragmentos de Hueso|Fragmenty Kości
talent_name_impale|Impale|Impale|Empalar| Пронзить|穿刺|インパール（突き刺す）|임페일|Pfahl|Empaler|Empalar|Impale
talent_name_boneStorm|Bone Storm|Bone Storm|Tempestade de Ossos| Костный Шторм|白骨風暴|ボーンストーム|본 스톰|Knochensturm|Tempête d'os|Tormenta de Huesos|Burza Kości
talent_name_singleOut|Single Out|Single Out|Isolar| Одиночный выход|單挑|シングルアウト|싱글 아웃|Herausgreifen|Tête-à-tête|Aislar|Wyróżnij
talent_name_ossification|Ossification|Ossification|Ossificação| Окостенение|骨化|骨化|오시피케이션|Ossifikation|Ossification|Osificación|Ostyfikacja
talent_name_cartilageBuildUp|Cartilage Build Up|Cartilage Build Up|Acumulo de Cartilagem| Наращивание хряща|軟骨堆積|軟骨の蓄積|카틸리지 빌드 업|Knorpelaufbau|Accumulation de cartilage|Acumulación de Cartílago|Nagromadzenie Chrząstki
talent_name_ominousPresence|Ominous Aura|Ominous Aura|Aura Sinistra| Зловещая аура|不祥光環|不吉なオーラ |오미너스 오라|Unheilvolle Aura|Aura sinistre|Aura Ominosa|Złowroga Aura
talent_name_spinalTap|Spinal Tap|Spinal Tap|Punção na Espinha| Спинномозговая пункция|脊椎穿刺|脊椎タップ|스파이널 탭|Wirbelsäulenhahn|Frappe spinale|Punzada Espinal|Rozrywanie Kręgosłupa
talent_name_boneBarrage|Bone Barrage|Bone Barrage|Barragem Óssea| Костный обстрел|白骨彈幕|骨弾幕|본 배러지|Knochensperre|Barrage osseux|Ráfaga de Huesos|Salwa Kości
talent_name_gutSpread|Gut Spread|Gut Spread|Propagação Intestinal| Распространение кишечника|內臟擴張|ガット・スプレッド（散らした内臓）|거트 스프레드|Eingeweide-Aufstrich|Propagation de tripes|Dispersión de Vísceras|Rozprzestrzenianie Wnętrzności
talent_name_bloodBolts|Blood Bolts|Blood Bolts|Raios de Sangue| Кровавые Болты|血箭|ブラッドボルト|블러드 볼트|Blutblitze|Trait de sang|Rayos de Sangre|Pociski Krwi
talent_name_manaPoolAura|Manapool Aura|Manapool Aura|Aura de Reserva de Mana| Аура Манапула|魔力光環|マナプールオーラ|마나풀 오라|Manavorrat Aura|Aura de méditation|Aura de Reserva de Maná|Aura Manapuli
talent_name_bloodSurge|Blood Surge|Blood Surge|Surto de Sangue| Прилив крови|血之波動|ブラッド・サージ（血の波動）|블러드 서지|Bluthochdruck|Effusion de sang|Oleada de Sangre|Przypływ Krwi
talent_name_demonicPresence|Demonic Presence|Demonic Presence|Presença Demoníaca| Демоническое Присутствие|惡魔現身|デーモニック・プレゼンス（悪魔参列）|데모닉 프레즌스|Dämonische Präsenz|Présence démoniaque|Presencia Demoníaca|Demoniczna Obecność
talent_name_manaShield|Mana Shield|Mana Shield|Escudo de Mana| Щит маны|魔力護盾|マナ・シールド|마나 쉴드|Manaschild|Bouclier de mana|Escudo de Maná|Tarcza Many
talent_name_manaDevour|Mana Devour|Mana Devour|Devorar Mana| Пожирание Маны|魔力吞噬|マナ食い|마나 디바워|Mana Verschlingung|Dévoreur de mana|Devorador de Maná|Pożeracz Many
talent_name_bloodDemons|Blood Demons|Blood Demons|Demônios de Sangue| Демоны крови|血之惡魔|ブラッド・デーモンズ（血の悪魔）|블러드 데몬|Blutdämonen|Démons de sang|Demonios de Sangre|Demoniczne Krwiopijce
talent_name_bloodTendrils|Blood Tendrils|Blood Tendrils|Tendões de Sangue| Кровавые усики|鮮血藤蔓|血の触手|블러드 텐드릴스|Blutranken|Coagulation|Zarcillos de Sangre|Krwiste Macki
|||||||||||
talent_desc_boneFragments|Cast fragments of bone towards target location dealing arcane damage.|Cast fragments of bone towards target location dealing arcane damage.|Lança fragmentos de ossos na direção do local-alvo, causando Dano Arcano.| Бросает фрагменты кости в указанное место, нанося урон тайной магией.|將骨頭碎片投擲到目標位置,造成奧術傷害. |対象地点に向かって骨の破片を放ち、アーケン・ダメージを与える。|뼛조각을 목표 지점으로 발사하여 아케인 데미지를 줍니다.|Wirf Knochenfragmente auf den Zielort und verursache Arkanschaden.|Projette des fragments d'os vers l'endroit ciblé en infligeant des dégâts d'arcane.|Lanza fragmentos de hueso hacia la ubicación objetivo infligiendo daño arcano.|Rzuć fragmentami kości w kierunku miejsca celu zadając obrażenia arcane.
talent_desc_impale|Summon spikes from the ground impaling monsters in a target area dealing arcane damage and knocking them up.|Summon spikes from the ground impaling monsters in a target area dealing arcane damage and knocking them up.|Invoca espinhos do chão que empalam os inimigos em uma área-alvo, causando Dano Arcano e os arremessa ao ar.| Вызывает из земли шипы, которые пронзают монстров в указанной области, нанося им урон тайной магией и подбрасывая их в воздух.|召喚地刺,刺穿目標區域內的怪物,造成奧術傷害並將其擊飛. |地面からトゲを召喚し、対象エリアのモンスターを貫いてアーケン・ダメージを与え、ノックアップさせる。|땅에서 뾰족한 돌기를 소환해 몬스터를 꿰뚫으며 아케인 데미지를 주고 공중에 띄웁니다.|Beschwöre Stacheln aus dem Boden, die Monster im Zielgebiet aufspießen, ihnen Arkanschaden zufügen und sie in die Luft schleudern.|Frappez le sol en poussant des pointes qui infligent des dégâts d'arcane et font sauter les ennemis en l'air.|Invoca púas del suelo que empalan a los monstruos en un área objetivo infligiendo daño arcano y derribándolos.|Przywołaj kolce z ziemi nadziewające potwory w docelowym obszarze zadające obrażenia arcane i wyrzucające je w górę.
talent_desc_boneStorm|Summon a storm of bone and cartilage surrounding you dealing arcane damage.|Summon a storm of bone and cartilage surrounding you dealing arcane damage.|Evoca uma tempestade de ossos e cartilagens que orbitam ao seu redor, causando Dano Arcano aos inimigos.| Вызовите вокруг себя бурю костей и хрящей, наносящую урон тайной магией.|召喚一陣圍繞你的骨頭和軟骨風暴,對敵人造成奧術傷害. |自身を取り巻く骨と軟骨の嵐を召喚し、アーケン・ダメージを与える。|뼈와 연골로 이루어진 폭풍을 소환해 주변 몬스터에게 아케인 데미지를 줍니다.|Beschwöre einen Sturm aus Knochen und Knorpel, der dich umgibt und Arkanschaden verursacht.|Invoquez une tempête d'os et de cartilage qui gravite autour de vous et inflige des dégâts d'arcane aux ennemis. |Invoca una tormenta de hueso y cartílago a tu alrededor que inflige daño arcano.|Przywołaj burzę kości i chrząstki otaczającą cię zadającą obrażenia arcane.
talent_desc_singleOut|Monsters that have no other monsters around them take increased arcane damage.|Monsters that have no other monsters around them take increased arcane damage.|Os inimigos que não tem outros inimigos ao redor recebem Dano Arcano aumentado.| Монстры, вокруг которых нет других монстров, получают повышенный урон от тайной магии.|對落單的敵人會造成更高的奧術傷害. |周囲に他のモンスターがいないモンスターは増加したアーケン・ダメージを受ける。|주변에 다른 몬스터가 없는 대상에게 아케인 데미지가 증가합니다.|Monster, die sich nicht in der Nähe anderer Monster befinden, erleiden erhöhten Arkanschaden.|Les ennemis solitaires subissent des dégâts d'arcane supplémentaires.|Los monstruos que no tienen otros monstruos a su alrededor reciben daño arcano aumentado.|Potwory które nie mają innych potworów wokół siebie otrzymują zwiększone obrażenia arcane.
talent_desc_ossification|Increases your defense and gives you a burst of movement speed after killing a monster.|Increases your defense and gives you a burst of movement speed after killing a monster.|Aumenta a sua Defesa e te da um surto de Velocidade de Movimento após eliminar um inimigo.| Увеличивает вашу защиту и дает вам прирост скорости передвижения после убийства монстра.|提高你的防禦力,並在殺死敵人後為你提供爆發性的移動速度. |防御力を上げ、モンスターを倒すと移動速度が一時的に上昇する。|몬스터를 처치하면 방어력이 증가하고 잠시 이동 속도가 상승합니다.|Erhöht eure Verteidigung und gewährt euch nach dem Töten eines Monsters einen Geschwindigkeitsschub.|Augmente votre défense.|Aumenta tu defensa y te otorga un estallido de velocidad de movimiento tras matar a un monstruo.|Zwiększa twoją obronę i daje ci wybuch prędkości ruchu po zabiciu potwora.
talent_desc_cartilageBuildUp|When damaged by cartilage and bone monsters are stacked up and at 10 stacks they explode spreading bone and cartilage around them dealing arcane damage. |When damaged by cartilage and bone monsters are stacked up and at 10 stacks they explode spreading bone and cartilage around them dealing arcane damage. |Quando danificados por cartilagem e osso, os inimigos recebem acúmulos, e com 10 eles explodem espalhando osso e cartilagem ao redor deles, causando Dano Arcano.| При получении урона от хрящей и костей монстры скапливаются в стопке, а при накоплении 10 стопок взрываются, разбрасывая вокруг себя кости и хрящи, нанося урон тайной магией.|當敵人被軟骨和骨頭擊中時,它們會堆疊層數,當達到10層時,它們會爆炸, 將周圍的骨頭和軟骨擴散開來,造成奧術傷害. |軟骨と骨でダメージを受けたモンスターはスタックされ、10スタックで爆発して周囲に骨と軟骨をばら撒き、アーケン・ダメージを与える。|연골과 뼈에 데미지를 입은 몬스터가 스택을 쌓고, 10스택에 도달하면 폭발하여 주변에 뼈와 연골을 퍼뜨리며 아케인 데미지를 줍니다.|Wenn Monster durch Knorpel und Knochen Schaden erleiden, stapeln sie sich. Bei 10 Stapeln explodieren sie und verteilen Knochen und Knorpel um sich herum, wodurch Arkanschaden verursacht wird.|Lorsque les ennemis subissent des dégâts de cartilage et d'os, des cumul sont ajouté et, à 10 cumuls, ils explosent en répandant de l'os et du cartilage autour d'eux.|Cuando los monstruos son dañados por cartílago y hueso se acumulan pilas y, al llegar a 10 pilas, explotan dispersando hueso y cartílago a su alrededor infligiendo daño arcano. |Gdy potwory są uszkodzone chrząstką i kośćmi stackują się i przy 10 stackach eksplodują rozprzestrzeniając kość i chrząstkę wokół siebie zadając obrażenia arcane.
talent_desc_ominousPresence|When active, increases your and your party members arcane skill damage.|When active, increases your and your party members arcane skill damage.|Quando ativa, aumenta o seu Dano de Habilidade Arcana e dos membros do grupo.| Когда активен|啟動後,增加你和隊友的奧術技能傷害. |効果発動中、自分とパーティメンバーのアーケン・スキルダメージを増加させる。|활성화 시 자신과 파티원의 아케인 스킬 데미지가 증가합니다.|Im aktiven Zustand erhöht sich euer Arkanfertigkeitsschaden und der eurer Gruppenmitglieder.|Lorsqu'il est actif, il augmente vos dégâts de compétence d'arcane et ceux des membres de votre groupe.|Cuando está activa, aumenta el daño de habilidades arcanas tuyo y de tu grupo.|Gdy aktywna zwiększa twoje i członków drużyny obrażenia umiejętności arcane.
talent_desc_spinalTap|Rip the spine out of monsters at target location dealing arcane damage.|Rip the spine out of monsters at target location dealing arcane damage.|Arranque a espinha de seus inimigos, causando Dano Arcano.| Вырывайте позвоночники у монстров в указанном месте, нанося урон тайной магией.|扯下目標怪物的脊椎,造成奧術傷害. |対象地点のモンスターから背骨を引き抜き、アーケン・ダメージを与える。|목표 지점의 몬스터의 척추를 뽑아 아케인 데미지를 줍니다.|Reißt Monstern am Zielort die Wirbelsäule heraus und verursacht Arkanschaden.|Arrache la colonne vertébrale de vos ennemis en leur infligeant des dégâts d'arcane.|Arranca la columna vertebral de los monstruos en la ubicación objetivo infligiendo daño arcano.|Wyrwij kręgosłup z potworów w docelowym obszarze zadając obrażenia arcane.
talent_desc_boneBarrage|Unleash a barrage of bones in target direction dealing arcane damage.|Unleash a barrage of bones in target direction dealing arcane damage.|Desencadeia uma barragem de ossos na direção alvo, causando Dano Arcano.| Выпустите шквал костей в выбранном направлении, нанося урон тайной магией.|在目標方向釋放一連串的骨頭,造成奧術傷害. |対象方向に骨の弾幕を放ち、アーケン・ダメージを与える。|목표 방향으로 뼈의 탄막을 퍼부어 아케인 데미지를 줍니다.|Entfesselt einen Knochenhagel in Zielrichtung, der Arkanschaden verursacht.|Déclenche un barrage d'os dans la direction ciblée en infligeant des dégâts d'arcane.|Libera una ráfaga de huesos en la dirección objetivo infligiendo daño arcano.|Uwolnij salwę kości w kierunku celu zadającą obrażenia arcane.
talent_desc_gutSpread|Every 6th cast causes your intestines to boil and burst lumps of blood around you dealing a portion of blood bolts damage as arcane damage.|Every 6th cast causes your intestines to boil and burst lumps of blood around you dealing a portion of blood bolts damage as arcane damage.|A Cada 6 conjurações, faz com que seus intestinos fervam e estouram grumos de sangue ao seu redor, causando Dano Arcano.| Каждое шестое применение заставляет ваши кишки кипеть и взрываться сгустками крови вокруг вас, нанося часть урона от кровавых стрел в виде урона от тайной магии.|每施法6次就會導致你的腸子沸騰並向周圍爆裂出你的血塊, 造成一部分血箭傷害作為奧術傷害. |6回に1回の詠唱で腸が沸騰し爆発、周囲に血の塊を撒き散らし、血の矢の一部のダメージをアーケン・ダメージとして与える。|여섯 번째 시전마다 장기가 끓어 주변에 혈괴를 터뜨리며 블러드 볼트의 일부 데미지를 아케인 데미지로 줍니다.|Bei jedem sechsten Einsatz kochen eure Eingeweide und platzen in Blutklumpen um euch herum, die einen Teil des Schadens von Blutblitzen als Arkanschaden verursachen.|Tous les 10 lancers, vos intestins se mettent à bouillir et des grumeaux de sang éclatent autour de vous.|Cada 6.º lanzamiento hace que tus intestinos hiervan y exploten grumos de sangre a tu alrededor infligiendo una porción del daño de Rayos de Sangre como daño arcano.|Co 6. rzut powoduje że twoje wnętrzności gotują się i wybuchają grudami krwi wokół ciebie zadając część obrażeń blood bolts jako obrażenia arcane.
talent_desc_bloodBolts|Unleash bolts of blood towards target location dealing arcane damage.|Unleash bolts of blood towards target location dealing arcane damage.|Libera um monte de projéteis sangrentos na direção do local-alvo, causando Dano Arcano.| Выпускайте потоки крови в указанном направлении, нанося урон тайной магией.|向目標位置釋放血箭,造成奧術傷害. |対象地点に向かって血の矢を放ち、アーケン・ダメージを与える。|목표 지점을 향해 피의 번개를 발사해 아케인 데미지를 줍니다.|Entfesselt Blutblitze auf den Zielort, die Arkanschaden verursachen.|Lance un tas de projectiles sanglants en direction de la cible, infligeant des dégâts d'arcane.|Libera rayos de sangre hacia la ubicación objetivo infligiendo daño arcano.|Uwolnij pociski krwi w kierunku miejsca celu zadając obrażenia arcane.
talent_desc_manaPoolAura|When active, increases your and your party members mana replenish.|When active, increases your and your party members mana replenish.|Quando ativa, aumenta a sua Regeneração de Manava e a dos membros do grupo.| Когда активен|啟動後，增加你和隊友的法力回復. |効果発動中、自分とパーティメンバーのマナ回復を増加させる。|활성화 시 자신과 파티원의 마나 회복 속도가 증가합니다.|Aktiviert diese Fertigkeit, um eure und die Manaregeneration eurer Gruppenmitglieder zu erhöhen.|Lorsqu'il est actif, il augmente votre régénération de mana et celle des membres de votre groupe.|Cuando está activa, aumenta la regeneración de maná tuya y de tu grupo.|Gdy aktywna zwiększa twoje i członków drużyny replenish many.
talent_desc_bloodSurge|Channel a massive surge of blood towards target direction dealing arcane damage to enemies in its path.|Channel a massive surge of blood towards target direction dealing arcane damage to enemies in its path.|Canaliza um enorme surto de sangue na direção-alvo, causando Dano Arcano.| Направьте мощный поток крови в выбранном направлении, нанося магический урон врагам на своем пути.|向目標方向引導大量血液,對其路徑上的敵人造成奧術傷害. |対象方向に大量の血を集中させ、通過する敵にアーケン・ダメージを与える。|거대한 혈류를 목표 방향으로 흘려보내며 경로상의 적들에게 아케인 데미지를 줍니다.|Kanalisiert einen gewaltigen Blutstrom in Richtung des Ziels und fügt Feinden auf seinem Weg arkanen Schaden zu.|Canalise un déferlement massif de sang dans la direction ciblée, infligeant de lourds dégâts et ralentissant les ennemis sur son passage.|Canaliza una enorme oleada de sangre hacia la dirección objetivo infligiendo daño arcano a los enemigos en su trayectoria.|Kanałuj masywny przypływ krwi w kierunku celu zadając obrażenia arcane wrogom na jego drodze.
talent_desc_demonicPresence|Increases your arcane skill damage.|Increases your arcane skill damage.|Aumenta o seu Dano de Habilidade Arcana.| Увеличивает урон от ваших тайных навыков.|增加你的奧術技能傷害. |アーケン・スキルダメージを増加させる。|아케인 스킬 데미지가 증가합니다.|Erhöht euren arkanen Fertigkeitsschaden.|Augmente les dégâts de vos compétences d'arcane.|Aumenta tu daño de habilidades arcanas.|Zwiększa twoje obrażenia umiejętności arcane.
talent_desc_manaShield|When active, create a mana shield around you that reduces physical damage taken and absorbs a portion of damage taken as mana.|When active, create a mana shield around you that reduces physical damage taken and absorbs a portion of damage taken as mana.|Quando ativo, cria um Escudo de Mana ao seu redor que reduz o Dano Físico recebido e absorve uma parte do dano recebido como Mana.| Когда активен|啟動後,在你周圍創建一個法力護盾,減少所受的物理傷害,並將所受的部分傷害轉化由法力先承受. |効果発動中、自身にマナシールドを作り、物理ダメージを軽減し、受けたダメージの一部をマナで吸収する。|활성화 시 주변에 마나 방패를 생성해 받는 물리 데미지를 감소시키고 일부를 마나로 전환합니다.|Wenn aktiv, erschafft ihr einen Manaschild um euch herum, der erlittenen physischen Schaden reduziert und einen Teil des erlittenen Schadens als Mana absorbiert.|Lorsqu'elle est active, une partie des dégâts reçus est transformée en mana.|Cuando está activa, crea un escudo de maná a tu alrededor que reduce el daño físico recibido y absorbe una porción del daño recibido como maná.|Gdy aktywna stwórz tarczę many wokół ciebie która zmniejsza otrzymywane obrażenia fizyczne i absorbuje część otrzymanych obrażeń jako manę.
talent_desc_manaDevour|Instantly restores a portion of your mana.|Instantly restores a portion of your mana.|Restaura instantaneamente uma parte de sua Mana.| Мгновенно восстанавливает часть вашей маны.|立即恢復部分法力. |即座にマナの一部を回復する。|즉시 자신의 마나를 일부 회복합니다.|Stellt sofort einen Teil eures Manas wieder her.|Restaure instantanément une partie de votre mana.|Restaura instantáneamente una porción de tu maná.|Natychmiast przywraca część twojej many.
talent_desc_bloodDemons|Chance on spellcast to summon a blood demon towards the closest monster dealing arcane damage.|Chance on spellcast to summon a blood demon towards the closest monster dealing arcane damage.|Toda vez que lançar um feitiço, há uma chance de convocar um demônio de sangue em direção ao inimigo mais próximo, causando Dano Arcano.| Каждый раз, когда вы произносите заклинание, призывайте демона крови к ближайшему монстру, наносящему урон тайной магией.|施法時有一定機率召喚一隻血之惡魔，朝著最近的怪物造成奧術傷害. |スキルを詠唱するたび、最も近いモンスターに向かって血の悪魔を召喚し、アーケン・ダメージを与える。|주문을 시전할 때마다 가장 가까운 몬스터에게 블러드 디몬을 소환하여 아케인 데미지를 줍니다.|Beim Wirken des Zaubers besteht die Chance, einen Blutdämon auf das nächstgelegene Monster zu beschwören, der arkanen Schaden verursacht.|Chaque fois que vous lancez un sort, vous invoquez un démon de sang vers l'ennemi le plus proche.|Probabilidad al lanzar un hechizo de invocar un demonio de sangre hacia el monstruo más cercano que inflige daño arcano.|Szansa przy rzuceniu zaklęcia na przywołanie blood demona w kierunku najbliższego potwora zadającego obrażenia arcane.
talent_desc_bloodTendrils|Blood surge now causes its target to release blood tendrils for a portion of its damage.|Blood surge now causes its target to release blood tendrils for a portion of its damage.|O Surto de Sangue agora faz com que seu alvo libere tendões de sangue causando uma parte do dano como Dano Arcano.| Прилив крови теперь заставляет цель выпускать струйки крови для нанесения части урона.|“血之波動”現在會擊中目標會釋放“鮮血藤蔓”造成一部分的傷害. |ブラッドサージは、ターゲットに血の触手を放たせ、そのダメージの一部を与えるようになる。|블러드 서지가 대상에게 피의 촉수를 방출시켜 일부 데미지를 추가로 줍니다.|Der Blutstrom bewirkt nun, dass das Ziel Blutranken freisetzt, die einen Teil des verursachten Schadens ausmachen.|Déferlante de sang provoque désormais la libération de sang coagulé sur sa cible, avec des dégâts d'arcane accrus.|La Oleada de Sangre ahora hace que su objetivo libere zarcillos de sangre por una porción de su daño.|Przypływ krwi teraz powoduje że jego cel uwalnia krwiste macki za część swoich obrażeń.
|||||||||||
talent_name_tectonicBoulder|Tectonic Boulder|Tectonic Boulder|Pedregulho Tectônico| Тектонический валун|地殼巨石|テクトニック ボルダー|텍토닉 볼더|Tektonischer Felsbrocken|Rocher tectonique|Roca Tectónica|Tektoryczna Skała
talent_name_twisters|Twisters|Twisters|Ciclones| Твистеры|旋風|ツイスター|트위스터|Twisters|Torsades|Remolinos|Wirujące
talent_name_rockFragments|Rock Fragments|Rock Fragments|Fragmentos de Pedra| Фрагменты горных пород|岩石碎片|岩の破片|록 프레그먼츠|Felsfragmente|Fragments de roche|Fragmentos de Roca|Fragmenty Kamieni
talent_name_earthBind|Earth Bind|Earth Bind|Vínculo de Terra| Земля Привязка|地縛術|アース バインド|어스 바인드|Erdbindung|Lien tellurique|Atadura Terrestre|Zakorzenienie Ziemi
talent_name_tornado|Tornado|Tornado|Tornado| Торнадо|龍捲風|竜巻|토네이도|Tornado|Tornade|Tornado|Tornado
talent_name_earthsGrace|Earth's Grace|Earth's Grace|Graça da Terra|Благодать Земли|大地之恩|アース グレース|어스 그레이스|Anmut der Erde|Grace de la Nature|Gracia de la Tierra|Łaska Ziemi
talent_name_meteorStorm|Meteor Storm|Meteor Storm|Tempestade de Meteoros| Метеоритный Шторм|流星風暴|メテオ ストーム|메테오 스톰|Meteorsturm|Tempête de météores|Tormenta de Meteoritos|Burza Meteorów
talent_name_naturesProphet|Nature's Prophet|Nature's Prophet|Profeta da Natureza| Пророк природы|自然先知|ネイチャーズ プロフェット|네이쳐 프로펫|Prophet der Natur|Prophète de la nature|Profeta de la Naturaleza|Prorok Natury
talent_name_fissures|Fissures|Fissures|Fissuras| Трещины|裂縫|亀裂|피셔스|Spalten|Fissures|Fisuras|Szczeliny
talent_name_earthTotem|Earth Totem|Earth Totem|Totem da Terra| Тотем Земли|大地圖騰|アース トーテム|어스 토템|Totem der Erde|Totem de terre|Tótem de Tierra|Totem Ziemi
talent_name_spiritualGuide|Spiritual Guide|Spiritual Guide|Guia Espiritual| Духовный наставник|心靈指引|スピリチュアル ガイド|스피릿 가이드|Spirituellführer|Guide spirituel|Guía Espiritual|Duchowy Przewodnik
talent_name_stormTotem|Storm Totem|Storm Totem|Totem da Tempestade| Тотем Шторма|風暴圖騰|ストーム トーテム|스톰 토템|Totem des Sturms|Totem de tempête|Tótem de Tormenta|Totem Burzy
talent_name_spiritWolves|Spirit Wolves|Spirit Wolves|Lobos Espirituais| Дух Волков|幽魂狼|スピリット ウルフ|스피릿 울프|Geisterwölfe|Loup spirituel|Lobos Espirituales|Duchy Wilków
talent_name_scentOfTheWolf|Scent of the Wolf|Scent of the Wolf|O Cheiro do Lobo| Запах волка|狼的嗅覺|オオカミの香り|센트 오브 더 울프|Duft des Wolfes|Flair du loup|Aroma del Lobo|Zapach Wilka
talent_name_fireTotem|Fire Totem|Fire Totem|Totem de Fogo| Тотем Огня|火焰圖騰|ファイア トーテム|파이어 토템|Totem des Feuers|Totem de feu|Tótem de Fuego|Totem Ognia
talent_name_fractalMind|Fractal Mind|Fractal Mind|Mente Fractal| Фрактальный разум|分形思維|フラクタル マインド|프랙탈 토템|Fraktaler Geist|Esprit fractal|Mente Fractal|Fraktalny Umysł
talent_name_astralIntellect|Astral Intellect|Astral Intellect|Intelecto Astral| Астральный интеллект|星體智慧|アストラル インテリクト|아스트랄 인텔렉트|Astrale Intelligenz|Esprit astral|Intelecto Astral|Astralna Inteligencja
talent_name_chaosTotem|Chaos Totem|Chaos Totem|Totem do Caos| Тотем Хаоса|混沌圖騰 |カオス トーテム |카오스 토템|Totem des Chaos|Totem du chaos|Tótem del Caos|Totem Chaosu
|||||||||||
talent_desc_tectonicBoulder|Unleash a massive boulder that travels forward dealing arcane damage.|Unleash a massive boulder that travels forward dealing arcane damage.|Libera um pedregulho enorme que se desloca para frente, causando Dano Arcano aos inimigos em seu caminho.| Выпустите огромный валун, который полетит вперед, нанося урон тайной магией.|釋放一個向前移動的巨石,造成奧術傷害. |前方に巨大な岩を放ち、アーケインダメージを与える。|거대한 바위를 발사해 전방의 몬스터에게 아케인 데미지를 줍니다.|Entfessele einen gewaltigen Felsbrocken, der sich vorwärts bewegt und arkanen Schaden verursacht.|Libère un énorme rocher qui se déplace dans la zone ciblée en infligeant des dégâts d'arcane aux ennemis qui se trouvent sur son chemin.|Libera una enorme roca que avanza infligiendo daño arcano.|Uwolnij masywną skałę która podróżuje do przodu zadając obrażenia arcane.
talent_desc_twisters|Unleash small twisters towards target location dealing arcane damage to monsters on their path.|Unleash small twisters towards target location dealing arcane damage to monsters on their path.|Libera pequenos ciclones em direção ao local-alvo, causando Dano Arcano aos inimigos em seu caminho.| Выпускайте небольшие вихри в направлении выбранного места, нанося магический урон монстрам на своем пути.|朝目標位置釋放小型龍捲風,對沿途敵人造成奧術傷害. |ターゲット地点に向かって小さな竜巻を放ち、通った経路上のモンスターにアーケインダメージを与える。|작은 회오리들을 지정 위치로 날려 이동 경로상의 몬스터에게 아케인 데미지를 줍니다.|Entfessele kleine Wirbelstürme in Richtung des Zielortes, die Monstern auf ihrem Weg arkanen Schaden zufügen.|Invoque de petites tornades en direction de l'endroit ciblé, infligeant des dégâts d'arcane.|Libera pequeños remolinos hacia la ubicación objetivo que infligen daño arcano a los monstruos en su camino.|Uwolnij małe wiry w kierunku miejsca celu zadające obrażenia arcane potworom na ich drodze.
talent_desc_rockFragments|Unleash rock fragments towards target location dealing arcane damage.|Unleash rock fragments towards target location dealing arcane damage.|Lança fragmentos de pedra na direção do local-alvo, causando Dano Arcano. Pontos adicionais adicionam mais fragmentos.| Выпускайте осколки камня в направлении цели, нанося урон тайной магией.|朝目標位置釋放岩石碎片,造成奧術傷害. |ターゲット地点に岩の破片を放ち、アーケインダメージを与える。|바위 파편을 지정 위치로 발사해 아케인 데미지를 줍니다.|Lass Felsbrocken auf den Zielort schleudern und Arkanschaden verursachen.|Déchaîne des fragments de roche vers l'endroit ciblé en infligeant des dégâts d'arcane.|Libera fragmentos de roca hacia la ubicación objetivo infligiendo daño arcano.|Uwolnij fragmenty kamieni w kierunku miejsca celu zadające obrażenia arcane.
talent_desc_earthBind|Raise vines from the ground dealing poison damage, poisoning and rooting monsters in place.|Raise vines from the ground dealing poison damage, poisoning and rooting monsters in place.|Levanta vinhas do chão, causando Dano de Veneno, Envenenando e Enraizando os inimigos no lugar.| Поднимает лозы из земли, нанося урон ядом.|從地面升起藤蔓,對敵人造成毒素傷害、中毒及定身效果. |地面から蔓を伸ばし、毒ダメージを与え、モンスターを中毒状態にして根付かせる。|땅에서 덩굴을 솟아오르게 해 몬스터에게 독 데미지를 주고 중독시키며 이동을 불가하게 만듭니다.|Lass Ranken aus dem Boden wachsen, die Giftschaden verursachen und Monster vergiften und festhalten.|Faites surgir des lianes du sol qui infligent des dégâts de poison sur la durée et enracinent les ennemis sur place.|Levanta vides del suelo que infligen daño de veneno, envenenan y enraízan a los monstruos en el lugar.|Podnieś winorośle z ziemi zadające obrażenia trucizną, zatruwające i zakorzeniające potwory w miejscu.
talent_desc_tornado|Summon a tornado traveling towards target direction dealing arcane damage to monsters on its path.|Summon a tornado traveling towards target direction dealing arcane damage to monsters on its path.|Evoca um Tornado que viaja na direção-alvo, causando Dano Arcano e desacelerando os inimigos em seu caminho.| Призвать торнадо, движущееся в указанном направлении и наносящее магический урон монстрам на своем пути.|召喚一道向目標方向移動的龍捲風,對路徑上的怪物造成奧術傷害. |ターゲット方向にトルネードを召喚し、通過した経路上のモンスターにアーケインダメージを与える。|회오리를 소환하여 지정 방향으로 이동시키며 지나가는 몬스터에게 아케인 데미지를 줍니다.|Beschwöre einen Tornado, der sich in Richtung des Ziels bewegt und Monstern auf seinem Weg Arkanschaden zufügt.|Invoque une tornade qui se dirige vers la cible en infligeant des dégâts d'arcane et en ralentissant les ennemis au moment de l'impact.|Invoca un tornado que viaja hacia la dirección objetivo infligiendo daño arcano a los monstruos en su camino.|Przywołaj tornado podróżujące w kierunku celu zadające obrażenia arcane potworom na jego drodze.
talent_desc_earthsGrace|Increases your maximum life and mana.|Increases your maximum life and mana.|Aumenta a sua Vida e Mana Máxima.| Увеличивает максимальный запас жизни и маны.|增加你的最大生命值和法力值. |最大体力とマナを増加させる。|최대 생명력과 마나를 증가시킵니다.|Erhöht dein maximales Leben und Mana.|Augmente votre vie et votre mana.|Aumenta tu vida y maná máximos.|Zwiększa twoje maksymalne życie i manę.
talent_desc_meteorStorm|Call down a meteor storm on target location dealing arcane damage.|Call down a meteor storm on target location dealing arcane damage.|Provoca uma tempestade de meteoros no local-alvo, causando Dano Arcano.| Вызовите метеоритный дождь в указанном месте, наносящий урон магией тайных сил.|召喚流星風暴,對目標位置造成奧術傷害. |ターゲット地点にメテオストームを呼び下ろし、アーケインダメージを与える。|대상 위치에 유성우를 내려 아케인 데미지를 줍니다.|Beschwöre einen Meteoritensturm am Zielort, der Arkanschaden verursacht.|Déclenche une tempête de météores sur la cible, infligeant des dégâts d'arcane.|Hace caer una tormenta de meteoritos en la ubicación objetivo infligiendo daño arcano.|Wezwij burzę meteorów w miejscu celu zadającą obrażenia arcane.
talent_desc_naturesProphet|Increases your arcane skill damage.|Increases your arcane skill damage.|Aumenta o seu Dano de Habilidade Arcana.| Увеличивает урон от ваших тайных навыков.|增加你的奧術技能傷害. |アーケインスキルダメージを増加させる。|아케인 스킬 데미지를 증가시킵니다.|Erhöht deinen Arkanfertigkeitsschaden.|Augmente les dégâts des compétences d'arcane.|Aumenta tu daño de habilidades arcanas.|Zwiększa twoje obrażenia umiejętności arcane.
talent_desc_fissures|Rip the ground open with magic causing cracks that release fissures dealing arcane damage.|Rip the ground open with magic causing cracks that release fissures dealing arcane damage.|Rasgue o chão com magia, causando rachaduras que liberam fissuras que causam Dano Arcano.| Разорвите землю магией, вызывая трещины, которые наносят урон тайной магией.|用魔法撕開地面造成裂縫,釋放裂縫造成奧術傷害. |魔法で地面を裂き、亀裂を作り、裂け目からアーケインダメージを与える。|대지를 갈라 마법 균열을 일으키고, 균열에서 아케인 데미지를 방출합니다.|Reiße den Boden mit Magie auf und erzeuge Risse, die Arkanschaden verursachen.|Frappez le sol en provoquant des fissures qui libèrent des failles infligeant des dégâts magiques.|Abre el suelo con magia causando grietas que liberan fisuras infligiendo daño arcano.|Rozedrzyj ziemię magią powodując pęknięcia które uwalniają szczeliny zadające obrażenia arcane.
talent_desc_earthTotem|Summon a totem that fires rock fragments that deal area of effect arcane damage on hit.|Summon a totem that fires rock fragments that deal area of effect arcane damage on hit.|Invoca um totem que dispara fragmentos de rocha que causam Dano Arcano em uma área ao acertarem os inimigos.| Призывает тотем, стреляющий осколками камня, которые при попадании наносят урон тайной магией по области.|召喚一個圖騰發射岩石碎片,擊中時造成範圍奧術傷害. |命中時に範囲内の敵にアーケインダメージを与える岩の破片を放つトーテムを召喚する。|바위 파편을 발사하는 토템을 소환하여 적중 시 광역 아케인 데미지를 줍니다.|Beschwöre ein Totem, das Felsfragmente abfeuert, die bei Treffern Flächenschaden verursachen.|Invoque un totem qui tire des fragments de roche qui explosent à l'atterrissage en infligeant des dégâts d'arcane.|Invoca un tótem que dispara fragmentos de roca que infligen daño arcano en área al impactar.|Przywołaj totem który wystrzeliwuje fragmenty kamieni zadające obrażenia obszarowe arcane przy trafieniu.
talent_desc_spiritualGuide|Increases your mana and mana replenish.|Increases your mana and mana replenish.|Aumenta sua Mana e a Recuperação de Mana.| Увеличивает вашу ману и восполняет ее.|增加你的法力和法力回復. |マナとマナ回復量を増加させる。|마나와 마나 회복량을 증가시킵니다.|Erhöht dein Mana und deine Manaregeneration.|Augmente votre mana et votre régénération de mana.|Aumenta tu maná y regeneración de maná.|Zwiększa twoją manę i replenish many.
talent_desc_stormTotem|Summon a totem that releases chain lightning on nearby monsters dealing lightning damage.|Summon a totem that releases chain lightning on nearby monsters dealing lightning damage.|Invoca um totem que libera Cadeias de Raios nos inimigos próximos, causando Dano de Relâmpago.| Призывает тотем, который выпускает цепную молнию в ближайших монстров, нанося урон молнией.|召喚一個圖騰,向附近的敵人釋放連鎖閃電,造成閃電傷害. |近くのモンスターにチェインライトニングを放つトーテムを召喚し、雷ダメージを与える。|주변 몬스터에게 체인 라이트닝을 발사하는 토템을 소환해 번개 데미지를 줍니다.|Beschwört ein Totem, das Kettenblitze auf nahe Monster entfesselt und Blitzschaden verursacht.|Invoque un totem qui lance des éclairs en chaîne sur les ennemis proches, leur infligeant des dégâts de foudre.|Invoca un tótem que libera rayos encadenados sobre los monstruos cercanos infligiendo daño de rayos.|Przywołaj totem który uwalnia łańcuchową błyskawicę na pobliskie potwory zadając obrażenia błyskawic.
talent_desc_spiritWolves|Spawn a spirit wolf to fight on your side.|Spawn a spirit wolf to fight on your side.|Crie um Lobo Espiritual para lutar ao seu lado.| Создайте духа волка, который будет сражаться на вашей стороне.|生成一只幽魂狼,與你並肩作戰. |味方として戦うスピリットウルフを召喚する。|아군으로 싸우는 정령 늑대를 소환합니다.|Erweckt einen Geisterwolf, der an deiner Seite kämpft.||Invoca un lobo espiritual para que luche a tu lado.|Przywołaj ducha wilka aby walczył po twojej stronie.
talent_desc_scentOfTheWolf|Increases spirit wolves arcane damage and life.|Increases spirit wolves arcane damage and life.|Aumenta o Dano Arcano e a Vida dos Lobos Espirituais| Увеличивает урон от тайной магии и жизнь духовных волков.|增加幽魂狼的奧術傷害和生命值. |スピリットウルフのアーケインダメージと体力を増加させる。|정령 늑대의 아케인 데미지와 생명력을 증가시킵니다.|Erhöht den Arkanschaden und die Lebenspunkte von Geisterwölfen.|Augmente les dégâts et la vie des loups spirituels.|Aumenta el daño arcano y la vida de los lobos espirituales.|Zwiększa obrażenia arcane i życie duchów wilków.
talent_desc_fireTotem|Spawn a totem that casts piercing fire projectiles dealing fire damage.|Spawn a totem that casts piercing fire projectiles dealing fire damage.|Gera um totem que lança projéteis perfurantes de fogo que causam Dano de Fogo.| Создайте тотем, который выпускает пронзительные огненные снаряды, наносящие урон огнем.|召喚一個圖騰,射出具穿透效果的火焰彈,造成火焰傷害並燃燒敵人. |貫通する火の飛翔体を放つトーテムを召喚し、火ダメージを与える。|관통하는 불꽃 투사체를 발사하여 불 데미지를 주는 토템을 소환합니다.|Erschaffe ein Totem, das durchdringende Feuergeschosse verschießt, die Feuerschaden verursachen.|Invoque un totem qui lance des projectiles de feu perforants infligeant des dégâts de feu.|Invoca un tótem que lanza proyectiles de fuego perforantes infligiendo daño de fuego.|Przywołaj totem który rzuca przebijające pociski fire zadające obrażenia fire.
talent_desc_fractalMind|Increases your movement speed and magic skill damage.|Increases your movement speed and magic skill damage.|Aumenta a Velocidade de Movimento e o Dano de Habilidades Mágicas.| Увеличивает скорость передвижения и урон от магических навыков.|增加你的移動速度和魔法技能傷害. |移動速度と魔法スキルダメージを増加させる。|이동 속도와 마법 스킬 데미지를 증가시킵니다.|Erhöht deine Bewegungsgeschwindigkeit und deinen Magieschaden.|Augmente votre vitesse de marche/course et les dégâts de vos compétences.|Aumenta tu velocidad de movimiento y daño de habilidades mágicas.|Zwiększa twoją prędkość ruchu i obrażenia umiejętności magicznych.
talent_desc_astralIntellect|Cast to move all spawned totems to you. Passively increases the attack range of all totems. |Cast to move all spawned totems to you. Passively increases the attack range of all totems. |Ative para trazer todos os seus totens para você. Passivamente aumenta o Alcance de Ataque de todos os totens.| Применяется для перемещения всех созданных тотемов к вам. Пассивно увеличивает дальность атаки всех тотемов.|施放後將所有召喚的圖騰移動道自身周圍.被動增加所有圖騰的攻擊範圍. |召喚したすべてのトーテムを自分のもとに移動させ、すべてのトーテムの攻撃範囲をパッシブで増加させる。|모든 소환된 토템을 사용자 위치로 이동시킵니다. 패시브로 모든 토템의 공격 사거리를 증가시킵니다.|Wirke diesen Zauber, um alle beschworenen Totems zu dir zu bewegen. Erhöht passiv die Angriffsreichweite aller Totems.|Augmente votre mana et la portée d'attaque de tous les totems.|Lanza para mover todos los tótems invocados hacia ti. Aumenta pasivamente el rango de ataque de todos los tótems. |Rzuć aby przenieść wszystkie przywołane totemy do ciebie. Pasywnie zwiększa zasięg ataku wszystkich totemów.
talent_desc_chaosTotem|Summon a totem that rapidly shoots chaos bolts dealing arcane damage.|Summon a totem that rapidly shoots chaos bolts dealing arcane damage.|Invoca um totem que dispara rapidamente Raios do Caos, causando Dano Arcano.| Призовите тотем, который быстро стреляет стрелами хаоса, нанося урон тайной магией.|召喚一個圖騰,快速射出混沌箭,造成奧術傷害. |高速で混沌のボルトを撃つトーテムを召喚し、アーケインダメージを与える。|혼돈의 볼트를 빠르게 발사하여 아케인 데미지를 주는 토템을 소환합니다.|Beschwöre ein Totem, das schnell Chaosblitze verschießt, die Arkanschaden verursachen.|Invoque un totem qui lance rapidement des éclairs du chaos perforants infligeant des dégâts d'arcane.|Invoca un tótem que dispara rápidamente proyectiles de caos infligiendo daño arcano.|Przywołaj totem który szybko strzela chaos bolts zadając obrażenia arcane.
|||||||||||
talent_name_satansMark|Satan’s Mark|Satan’s Mark|Marca de Satã| Знак Сатаны|撒旦印記|サタンの刻印|사탄 마크|Satans Mal|Marque de Satan|Marca de Satanás|Znak Szatana
talent_name_restlessSpirits|Restless Spirits|Restless Spirits|Espíritos Inquietos| Беспокойные Духи|躁動靈魂|落ち着きのない魂|레슬리스 스피릿|Ruhelose Geister|Esprits tourmentés|Espíritus Inquietos|Niespokojne Duchy
talent_name_digestSouls|Digest Souls|Digest Souls|Digerir Almas| Дайджест Душ|消化靈魂|魂の消化|다이제스트 소울|Seelen verdauen|Festin d'âmes|Digerir Almas|Trawienie Dusz
talent_name_shadowBolt|Shadow Bolt|Shadow Bolt|Raio da Sombra| Тень Болта|暗影箭|シャドウボルト|섀도우 볼트|Schattenblitz|Éclair d'ombre|Rayo de Sombra|Cienisty Pocisk
talent_name_soulSpurn|Soul Spurn|Soul Spurn|Rejeição da Alma| Душа отвергнута|藐視靈魂|魂の拒絶|소울 스펀|Seelenverachtung|Suppression de l'âme|Rechazo de Alma|Wyrwanie Duszy
talent_name_martyr|Martyr|Martyr|Mártir| Мученик|殉道者|殉教者|마터|Märtyrer|Martyr|Mártir|Męczennik
talent_name_darkOath|Dark Oath|Dark Oath|Juramento das Trevas| Темная Клятва|黑暗誓言|暗黒の誓い|다크 오스|Dunkler Eid|Sombre serment|Juramento Oscuro|Mroczna Przysięga
talent_name_malediction|Malediction|Malediction|Maledicência| Проклятие|詛咒|呪い|말레딕션|Fluch|Malédiction|Maldición|Klątwa
talent_name_blackMass|Black Mass|Black Mass|Massa Negra| Черная Месса|黑色彌撒|黒ミサ|블랙 매스|Schwarze Messe|Messe noire|Misa Negra|Czarna Msza
talent_name_heavenlyFire|Heavenly Fire|Heavenly Fire|Fogo Celestial| Небесный Огонь|天堂之火|天の火|헤븐리 파이어|Himmlisches Feuer|Feu céleste|Fuego Celestial|Niebiański Ogień
talent_name_burstOfLight|Burst of Light|Burst of Light|Explosão de Luz| Вспышка света|光之爆發|光の爆発|버스트 오브 라이트|Lichtausbruch|Eclat de lumière|Ráfaga de Luz|Wybuch Światła
talent_name_flashHeal|Flash Heal|Flash Heal|Cura Instantânea| Вспышка исцеления|快速治療|フラッシュヒール|플래시 힐|Blitzheilung|Guérison soudaine|Curación Rápida|Błyskawiczne Uleczenie
talent_name_benediction|Benediction|Benediction|Benção| Благословение|祝福|祝福|베네딕션|Segen|Bénédiction|Bendición|Błogosławieństwo
talent_name_divineHealing|Divine Healing|Divine Healing|Cura Divina| Божественное исцеление|神聖治癒|神聖な治癒|디바인 힐링|Göttliche Heilung|Guérison divine|Curación Divina|Boskie Uleczenie
talent_name_chainOfHolyLight|Chain of Holy Lightning|Chain of Holy Lightning|Cadeia de Raio Divino| Цепь Святой Молнии|神聖閃電鏈|聖なる稲妻の鎖|체인 홀리 라이트닝|Kette des Heiligen Blitzes|Chaîne de lumière sacrée|Cadena de Rayos Sagrados|Łańcuch Świętej Błyskawicy
talent_name_holyShield|Holy Shield|Holy Shield|Escudo Divino| Святой Щит|神聖之盾|聖なる盾|홀리 쉴드|Heiliger Schild|Bouclier sacré|Escudo Sagrado|Święta Tarcza
talent_name_healingZone|Healing Zone|Healing Zone|Zona de Cura| Зона исцеления|治癒領域|治癒ゾーン|힐링 존|Heilungszone|Zone de guérison|Zona de Curación|Strefa Uleczenia
talent_name_manaOrb|Mana Orb|Mana Orb|Orbe de Mana| Сфера маны|秘能法球|マナオーブ |마나 오브 |Manakugel|Orbe de mana|Orbe de Maná|Orb Many
|||||||||||
talent_desc_satansMark|Mark the monsters on target area for satan causing them to unleash pulses of arcane damage when struck by other abilities and attacks. |Mark the monsters on target area for satan causing them to unleash pulses of arcane damage when struck by other abilities and attacks. |Marca os inimigos na área-alvo para Satanás, fazendo com que eles recebam Dano Arcano em área quando atingidos por outras habilidades e ataques.| Помечайте монстров в целевой области для сатаны, заставляя их высвобождать импульсы тайного урона при нанесении удара другими способностями и атаками.|標記目標區域的怪物,使他們在受到其他技能和攻擊時釋放範圍奧術傷害的脈衝. |ターゲット範囲のモンスターにサタンの刻印を付け、他のスキルや攻撃で攻撃されるとアーケインダメージのパルスを放つようにさせる。|대상 지역에 몬스터들을 표시하여, 다른 능력과 공격에 의해 타격을 받을 때 아케인 데미지를 발산하는 파동을 유발합니다.|Markiere die Monster im Zielgebiet für Satan, sodass sie bei Treffern durch andere Fertigkeiten und Angriffe Arkanschaden verursachen.|Marquez les ennemis de la zone ciblée pour Satan, ce qui leur fait pulser de l'énergie impie lorsqu'ils sont frappés par des dégâts d'arcane.|Marca a los monstruos en el área objetivo para Satanás haciendo que liberen pulsos de daño arcano cuando son golpeados por otras habilidades y ataques. |Oznacz potwory w docelowym obszarze dla szatana powodując że uwalniają pulsy obrażeń arcane gdy są uderzone innymi umiejętnościami i atakami.
talent_desc_restlessSpirits|Unleash restless spirits from an unholy dimension to seek new hosts inflicting arcane damage to the target.|Unleash restless spirits from an unholy dimension to seek new hosts inflicting arcane damage to the target.|Libera Espíritos Inquietos de uma dimensão profana para buscar novos hospedeiros, infligindo Dano Arcano no alvo.|Выпустите беспокойных духов из нечестивого измерения на поиски новых хозяев, нанося цели урон тайной магией.|從邪惡維度釋放躁動靈魂,尋找新的宿主,對目標造成奧術傷害. |不浄の次元から落ち着きのない霊魂を解き放ち、新たな宿主を探してターゲットにアーケインダメージを与える。|불사의 차원에서 불안정한 영혼들을 풀어 놓아 새로운 숙주를 찾아가며, 대상에게 아케인 데미지를 입힙니다.|Entfessele ruhelose Geister aus einer unheiligen Dimension, die sich neue Wirte suchen und dem Ziel Arkanschaden zufügen.|Libère les esprits tourmentés d'une dimension impie pour qu'ils cherchent de nouveaux hôtes en infligeant des dégâts d'arcane à la cible. Les points supplémentaires augmentent le nombre d'esprits.|Libera espíritus inquietos desde una dimensión impía que buscan nuevos anfitriones infligiendo daño arcano al objetivo.|Uwolnij niespokojne duchy z nieświętego wymiaru aby szukały nowych gospodarzy zadając obrażenia arcane celowi.
talent_desc_digestSouls|By sacrificing your victims to the devil temporarily gain increased movement speed and arcane skill damage after killing a monster.|By sacrificing your victims to the devil temporarily gain increased mana replenish and arcane skill damage after killing a monster.|Ao sacrificar suas vítimas para o Demônio, você ganha temporariamente um aumento na Velocidade de Movimento e Dano de Habilidade Arcana depois de matar um inimigo.| Принося своих жертв в жертву дьяволу, вы временно получаете увеличенный запас маны и урон от тайных навыков после убийства монстра.|擊殺怪物後，透過將犧牲者獻祭給惡魔，暫時提升移動速度與奧術技能傷害. |モンスターを犠牲に悪魔に捧げることで、一時的にマナ回復量とアーケインスキルダメージが増加する。|희생자를 악마에게 바쳐, 몬스터를 처치한 후 잠시 동안 마나 회복과 아케인 스킬 데미지가 증가합니다.|Opfere deine Opfer dem Teufel, um nach dem Töten eines Monsters vorübergehend erhöhte Manaregeneration und erhöhten Arkanschaden zu erhalten.|En sacrifiant vos victimes au Malin, vous bénéficiez d'un regain de mana après chaque mort.|Al sacrificar a tus víctimas al diablo obtienes temporalmente regeneración de maná y daño de habilidades arcanas aumentados tras matar a un monstruo.|Poprzez poświęcenie swoich ofiar diabłu tymczasowo zyskaj zwiększony replenish many i obrażenia umiejętności arcane po zabiciu potwora.
talent_desc_shadowBolt|Gather your inner darkness and unleash a powerful piercing shadow bolt that deals arcane damage to monsters on its path. The shadow bolt slows down after hitting a target.|Gather your inner darkness and unleash a powerful piercing shadow bolt that deals arcane damage to monsters on its path. The shadow bolt slows down after hitting a target.|Reúna sua escuridão interior e libere um poderoso Raio da Sombra Perfurante que causa Dano Arcano. Raio da Sombra perde velocidade após colidir com um alvo.| Соберите свою внутреннюю тьму и высвободите мощный пронзительный теневой заряд, который наносит тайный урон монстрам на своем пути. Теневой заряд замедляется после попадания в цель.|聚集你內心的黑暗,釋放一個強大的穿透暗影箭,對其路徑上的怪物造成奧術傷害. 暗影箭在擊中目標後暗影箭的速度會下降. |内なる闇を集め、強力な貫通する影のボルトを放ち、その経路上のモンスターにアーケインダメージを与える。影のボルトはターゲットに命中後、減速する。|내면의 어둠을 모아 강력한 관통하는 그림자 볼트를 발사하여 경로상의 몬스터들에게 아케인 데미지를 입힙니다. 그림자 볼트는 목표에 맞고 난 후 느려집니다.|Sammle deine innere Dunkelheit und entfessele einen mächtigen, durchdringenden Schattenblitz, der Monstern auf seinem Weg Arkanschaden zufügt. Der Schattenblitz verlangsamt sich nach dem Treffer.|Rassemblez vos ténèbres intérieures et libérez un puissant éclair d'ombre perforant infligeant des dégâts d'arcane aux ennemis qui se trouvent sur son chemin.|Reúne tu oscuridad interior y libera un poderoso rayo de sombra perforante que inflige daño arcano a los monstruos en su trayectoria. El rayo de sombra se ralentiza después de golpear un objetivo.|Zbierz swoją wewnętrzną ciemność i uwolnij potężny przebijający cienisty pocisk który zadaje obrażenia arcane potworom na swojej drodze. Cienisty pocisk zwalnia po trafieniu w cel.
talent_desc_soulSpurn|Rip the souls from nearest monsters dealing arcane damage and restoring your life and mana.|Rip the souls from nearest monsters dealing arcane damage and restoring your life and mana.|Arranque as almas dos inimigos mais próximos, causando Dano Arcano e aumentando sua Recuperação de Vida e Recuperação de Mana.| Вырывайте души из ближайших монстров, нанося урон тайной магией и восстанавливая вам жизнь и ману.|撕裂附近敵人的靈魂,造成奧術傷害並回復你的生命和法力. |最も近いモンスターから魂を引き裂き、アーケインダメージを与えつつ自分の体力とマナを回復する。|가장 가까운 몬스터들로부터 영혼을 찢어내어 아케인 데미지를 입히고, 자신의 생명력과 마나를 회복합니다.|Reißt die Seelen der nächstgelegenen Monster heraus, was arkanen Schaden verursacht und eure Lebens- und Mana-Regeneration erhöht.|Arrachez les âmes des ennemis les plus proches en leur infligeant des dégâts d'arcane qui restaurent votre vie et votre mana.|Arranca las almas de los monstruos más cercanos infligiendo daño arcano y restaurando tu vida y maná.|Wyrwij dusze z najbliższych potworów zadając obrażenia arcane i przywracając twoje życie i manę.
talent_desc_martyr|Sacrifice your own blood when taking damage from any source temporarily increasing your life and mana replenish.|Sacrifice your own blood when taking damage from any source temporarily increasing your life and mana replenish.|Sacrifique seu próprio sangue ao receber dano de qualquer fonte, aumentando temporariamente sua Vida e a Recuperação de Mana.| При получении урона из любого источника жертвуйте собственной кровью, что временно увеличивает восполнение вашей жизни и маны.|在受到任何來源的傷害時犧牲自己的血液,暫時增加你的生命和法力回復. |あらゆる攻撃でダメージを受ける際に自身の血を犠牲にし、一時的に体力とマナ回復量を増加させる。|어떤 데미지를 입을 때 자신의 피를 희생하여 잠시 동안 생명력과 마나 회복을 증가시킵니다.|Opfert euer eigenes Blut, wenn ihr Schaden erleidet, um eure Lebens- und Mana-Regeneration vorübergehend zu erhöhen.|Sacrifiez votre propre sang lorsque vous subissez des dégâts de n'importe quelle source, ce qui augmente votre vie et votre mana pendant une courte période.|Sacrifica tu propia sangre al recibir daño de cualquier fuente aumentando temporalmente tu regeneración de vida y maná.|Poświęć własną krew gdy otrzymujesz obrażenia z dowolnego źródła tymczasowo zwiększając twój replenish życia i many.
talent_desc_darkOath|Conjure an aura that unleashes waves of unholy energy around you inflicting arcane damage to nearby monsters.|Conjure an aura that unleashes waves of unholy energy around you inflicting arcane damage to nearby monsters.|Aura que libera ondas de energia profana ao seu redor, causando Dano Arcano aos inimigos próximos.| Создайте ауру, которая высвобождает вокруг вас волны нечестивой энергии, нанося магический урон ближайшим монстрам.|召喚一道光環,在您周圍釋放邪惡能量波,對附近的敵人造成奧術傷害. |不浄のエネルギーのオーラを召喚し、自分の周囲に波状のエネルギーを放って近くのモンスターにアーケインダメージを与える。|주변에 아케인 에너지를 발산하는  타락한 오라를 일으켜 근처의 몬스터들에게 아케인 데미지를 입힙니다.|Beschwört eine Aura, die Wellen unheiliger Energie um euch herum entfesselt und nahen Monstern arkanen Schaden zufügt.|Déclenche une vague d'énergie impie autour de vous, infligeant des dégâts d'arcane aux ennemis proches.|Invoca un aura que libera olas de energía impía a tu alrededor infligiendo daño arcano a los monstruos cercanos.|Przywołaj aurę która uwalnia fale nieświętej energii wokół ciebie zadającą obrażenia arcane pobliskim potworom.
talent_desc_malediction|Your unholy essence drives birds into insanity, casts have a chance to send crows towards random nearby monsters exploding into arcane damage on impact.|Your unholy essence drives birds into insanity, casts have a chance to send crows towards random nearby monsters combusting into arcane damage on impact.|Sua essência profana leva pássaros à insanidade, conjurações tem uma chance de enviar Corvos em direção a inimigos próximos aleatórios que explodem ao contato causando Dano Arcano.| Твоя нечестивая сущность сводит птиц с ума.|你的邪惡本質會驅使鳥類瘋狂,施法時有機率將烏鴉衝向附近的隨機怪物,並在撞擊時造成奧術傷害.|不浄の本質が鳥を狂気に駆り立て、詠唱時にカラスをランダムな近くのモンスターへ飛ばし、着弾時にアーケインダメージの爆発を起こすことがある。|당신의 타락한 본질이 새들을 광기로 몰아넣으며, 시전 시 무작위로 근처 몬스터들로 향하는 까마귀들이 아케인 데미지를 입힐 기회를 얻습니다.|Eure unheilige Essenz treibt Vögel in den Wahnsinn. Zauber können Krähen auf zufällige nahe Monster hetzen, die beim Aufprall in arkanen Schaden verbrennen.|Votre essence profane rend les oiseaux délirants et envoie des corbeaux vers des ennemis proches au hasard, en les transformant en dégâts d'arcane au moment de l'impact.|Tu esencia impía enloquece a los pájaros; los lanzamientos tienen probabilidad de enviar cuervos hacia monstruos cercanos aleatorios que explotan en daño arcano al impactar.|Twoja nieświęta esencja wpędza ptaki w szaleństwo, rzuty mają szansę wysłać wrony w kierunku losowych pobliskich potworów spalających się w obrażenia arcane przy uderzeniu.
talent_desc_blackMass|Summon all the coven's cultists to march in the name of satan inflicting arcane damage to monsters on their path.|Summon all the coven's cultists to march in the name of satan inflicting arcane damage to monsters on their path.|Convoque todos os cultistas do clã para marchar em nome de Satanás, causando Dano Arcano nos inimigos em seu caminho.| Призовите всех культистов ковена выступить во имя сатаны, нанося магический урон монстрам на своем пути.|召喚女巫集會的信徒以撒旦的名義進軍,對沿途的怪物造成奧術傷害. |サタンの名のもとに集会の信者たちを召喚し、通った経路上のモンスターにアーケインダメージを与えながら行進させる。|모든 술사의 추종자들을 소환하여 악마의 이름으로 행진하게 하고, 그들이 지나가는 길의 몬스터들에게 아케인 데미지를 입힙니다.|Rufe alle Kultisten des Zirkels herbei, um im Namen Satans zu marschieren und Monstern auf ihrem Weg arkanen Schaden zuzufügen.|Invitez tous les cultistes du clan à marcher au nom de Satan en infligeant de lourds dégâts d'arcane aux ennemis qui se trouvent sur leur chemin.|Invoca a todos los cultistas del aquelarre para que marchen en nombre de Satanás infligiendo daño arcano a los monstruos en su trayectoria.|Przywołaj wszystkich kultystów sabatu aby maszerowali w imię szatana zadając obrażenia arcane potworom na swojej drodze.
talent_desc_heavenlyFire|Light the target location into holy fire dealing arcane damage.|Light the target location into holy fire dealing arcane damage.|Acende o local-alvo em Fogo Sagrado, causando Dano Arcano.| Зажгите в указанном месте священный огонь, наносящий урон тайной магией.|將目標位置點燃聖火,造成奧術傷害. |ターゲット地点を聖なる火で燃やし、アーケインダメージを与える。|대상 위치를 신성한 불로 밝혀 아케인 데미지를 입힙니다.|Entfache den Zielort mit heiligem Feuer, das arkanen Schaden verursacht.|Allumez des flammes sacrées à l'endroit ciblé, infligeant des dégâts magiques.|Ilumina la ubicación objetivo con fuego sagrado infligiendo daño arcano.|Podpal miejsce celu świętym ogniem zadając obrażenia arcane.
talent_desc_burstOfLight|Cast a ray of divine light dealing arcane damage and lights monsters on heavenly fire.|Cast a ray of divine light dealing arcane damage and lights monsters on heavenly fire.|Lança um raio de luz divina que causa Dano Arcano e acende inimigos com o Fogo Celestial.| Испускает луч божественного света, наносящий урон тайной магией и поджигающий монстров небесным огнем.|發出一道神聖的光芒,造成奧術傷害,並在怪物身上點燃天堂之火.|神聖な光の光線を放ち、アーケインダメージを与えると同時にモンスターを天の火で燃やす。|신성한 빛을 발사하여 아케인 데미지를 입히고, 몬스터들을 천상의 불로 불태웁니다.|Wirke einen Strahl göttlichen Lichts, der arkanen Schaden verursacht und Monster in himmlisches Feuer hüllt.|Lancez un rayon de lumière divine infligeant des dégâts arcaniques et embrasant les monstres d'un feu céleste.|Lanza un rayo de luz divina que inflige daño arcano e incendia a los monstruos con fuego celestial.|Rzuć promieniem boskiego światła zadającym obrażenia arcane i zapalającym potwory niebiańskim ogniem.
talent_desc_flashHeal|Heal yourself and any nearby allies.|Heal yourself and any nearby allies.|Cura você e os aliados próximos.| Исцелите себя и всех союзников поблизости.|治療自己和附近的隊友. |自身と近くの味方を回復する。|자신과 주변 동료들을 치유합니다.|Heile dich und alle Verbündeten in der Nähe.|Vous soigne ainsi que les alliés proches.|Cúrate a ti mismo y a cualquier aliado cercano.|Ulecz siebie i dowolnych pobliskich sojuszników.
talent_desc_benediction|When healed by your abilities, smite monsters around you with holy lightning.|When healed by your abilities, smite monsters around you with holy lightning.|Quando curado por suas habilidades, atinge inimigos em sua volta com raios sagrados.| Когда исцелен твоими способностями|當被自身的技能治癒時,釋放神聖閃電打擊你周圍的敵人. |自分のスキルで回復を受けると、周囲のモンスターに聖なる雷で攻撃する。|당신의 능력으로 치유될 때, 주변의 몬스터들을 신성한 번개로 처벌합니다.|Wenn du durch deine Fertigkeiten geheilt wirst, schleudere heilige Blitze auf Monster in deiner Nähe.|En vous soignant, vous frappez les ennemis autour de vous avec de la lumière sacrée.|Al ser curado por tus habilidades, golpea a los monstruos a tu alrededor con rayos sagrados.|Gdy jesteś leczony przez swoje umiejętności, smite potwory wokół siebie świętą błyskawicą.
talent_desc_divineHealing|Using flash heal temporarily increases your life replenish.|Using flash heal temporarily increases your life replenish.|Usar Cura Instantânea aumenta temporariamente sua Recuperação de Vida.| Использование мгновенного исцеления временно увеличивает восполнение вашей жизни.|使用快速治療可以暫時增加生命回復. |フラッシュヒールを使用すると、一時的に体力回復量が増加する。|플래시 힐을 사용하면 잠시 동안 생명력 회복이 증가합니다.|Der Einsatz von Blitzheilung erhöht vorübergehend deine Lebensregeneration.|L'utilisation de Guérison soudaine augmente la restauration de la vie pendant une courte période.|Usar Curación Rápida aumenta temporalmente tu regeneración de vida.|Używanie błyskawicznego uleczenia tymczasowo zwiększa twój replenish życia.
talent_desc_chainOfHolyLight|Cast a holy lightning jumping from monster to monster dealing arcane damage.|Cast a holy lightning jumping from monster to monster dealing arcane damage.|Conjura um raio sagrado que salta de inimigo em inimigo causando Dano Arcano.| Выпускает святую молнию, перепрыгивающую с монстра на монстра, нанося урон тайной магией.|施放一道神聖閃電,從一個怪物彈跳到另一個怪物,造成奧術傷害. |モンスターからモンスターへ跳ねる聖なる雷を放ち、アーケインダメージを与える。|신성한 번개를 발사하여 몬스터 간에 점프하며 아케인 데미지를 입힙니다.|Wirke einen heiligen Blitz, der von Monster zu Monster springt und Arkanschaden verursacht.|Lancez un éclair sacré qui bondit de monstre en monstre, infligeant des dégâts arcaniques. |Lanza un rayo sagrado que salta de monstruo en monstruo infligiendo daño arcano.|Rzuć świętą błyskawicą skaczącą z potwora na potwora zadającą obrażenia arcane.
talent_desc_holyShield|By the power of god bless yourself and any nearby allies with immortality for a short period.|By the power of god bless yourself and any nearby allies with immortality for a short period.|Pelo poder de Deus, abençoe a si mesmo e a todos os aliados próximos com imortalidade por um curto período.| Силой Божьей благослови себя и всех ближайших союзников бессмертием на короткий период.|藉由上帝的力量,祝福你自己和附近的隊友在短時間內獲得永生.|神の力により、自分と近くの味方に短時間不死の祝福を与える。|신의 힘으로 자신과 근처 동료들에게 짧은 시간 동안 불사의 축복을 부여합니다.|Segne dich und alle Verbündeten in deiner Nähe mit göttlicher Macht für kurze Zeit mit Unsterblichkeit.|Par le pouvoir de Dieu, bénissez-vous ainsi que tous les alliés proches avec l'immortalité pour une courte période.|Por el poder de Dios, bendice a ti y a tus aliados cercanos con inmortalidad durante un breve período.|Mocą boga pobłogosław siebie i dowolnych pobliskich sojuszników nieśmiertelnością na krótki czas.
talent_desc_healingZone|Bless the area around you with divine energy healing yourself and nearby allies.|Bless the area around you with divine energy healing yourself and nearby allies.|Abençoa a área em volta de você, curando a si mesmo e aliados próximos.| Благословите пространство вокруг себя божественной энергией, исцеляющей вас и ваших близких.|用神聖的能量祝福你周圍的區域,治療你自己和附近的盟友. |周囲を神聖なエネルギーで祝福し、自分と近くの味方を回復する。|주변 지역에 신성한 에너지를 부여하여 자신과 근처 동료들을 치유합니다.|Segne die Umgebung mit göttlicher Energie und heile dich und Verbündete in deiner Nähe.|Bénissez la zone ciblée avec de l'énergie divine en soignant les joueurs et en infligeant des dégâts d'arcane aux ennemis.|Bendice el área a tu alrededor con energía divina curándote a ti y a tus aliados cercanos.|Pobłogosław obszar wokół siebie boską energią lecząc siebie i pobliskich sojuszników.
talent_desc_manaOrb|Summon a pulsating orb of mana that replenishes mana for players and deals arcane damage to monsters.|Summon a pulsating orb of mana that replenishes mana for players and deals arcane damage to monsters.|Invoca um orbe pulsante de mana que Reabastece a Mana dos jogadores e causa Dano Arcano nos inimigos.| Призывает пульсирующий шар маны, который восполняет ману игроков и наносит магический урон монстрам.|召喚一個脈衝的法力球,為玩家補充法力,並對敵人造成奧術傷害. |パルスするマナの球体を召喚し、味方のマナを回復しながらモンスターにアーケインダメージを与える。|마나를 회복하는 맥동하는 마나 구체를 소환하여, 플레이어들의 마나를 회복시키고 몬스터들에게 아케인 데미지를 입힙니다.|Beschwöre eine pulsierende Manakugel, die das Mana von Spielern wiederherstellt und Monstern Arkanschaden zufügt.|Invoque un orbe palpitante de mana qui régénère le mana des joueurs et inflige des dégâts d'arcane aux ennemis.|Invoca un orbe pulsante de maná que regenera maná a los jugadores e inflige daño arcano a los monstruos.|Przywołaj pulsującą kulę many która replenishes manę graczom i zadaje obrażenia arcane potworom.
|||||||||||
talent_name_heavyBall|Heavy Ball|Heavy Ball|Bola Pesada| Тяжелый мяч|沉重之球|ヘビーボール|헤비 볼|Schwerer Ball|Fléau|Bola Pesada|Ciężka Kula
talent_name_bouncingGrenade|Bouncing Grenade|Bouncing Grenade|Granada Saltitante| Прыгающая граната|彈跳手榴彈|バウンドグレネード|바운싱 그레네이드|Hüpfende Granate|Grenade rebondissante|Granada Rebotadora|Odbijający się Granat
talent_name_unstableBomb|Unstable Bomb|Unstable Bomb|Bomba Instável| Нестабильная бомба|不穩定炸彈|不安定爆弾|언스테이블 봄|Instabile Bombe|Bombe instable|Bomba Inestable|Niestabilna Bomba
talent_name_theBigBoom|The Big Bo-oM|The Big Bo-oM|O Grande Bo-oM| Большой Бо-оМ|大爆-炸|ビッグボム|빅 Bo-oM|Der große Bo-oM|Le Grand Bo-oM|La Gran Bo-oM|Wielkie Bo-oM
talent_name_wreckingBall|Wrecking Ball|Wrecking Ball|Bola de Demolição| Шаровой таран|毀滅之球|レッキングボール|레킹 볼|Abrissbirne|Boulet de démolition|Bola Demoledora|Kulka do Burzenia
talent_name_crazyGrapple|Crazy Grapple|Crazy Grapple|Gancho Maluco| Сумасшедшая схватка|瘋狂抓鉤|クレイジーグラップル|크레이지 그래플|Verrückter Greifer|Grappin fou|Garfio Loco|Szalony Grapple
talent_name_flailMastery|Flail Mastery|Flail Mastery|Maestria de Mangual| Мастерство владения цепом|連枷精通|フレイルマスタリー|플레일 마스터리|Flegel-Meisterschaft|Maîtrise du fléau|Maestría con Mangual|Mistrzostwo Flaila
talent_name_bombardment|Bombardment|Bombardment|Bombardeio| Бомбардировка|轟擊|砲撃|봄바르드먼트|Bombardierung|Bombardement|Bombardeo|Bombardowanie
talent_name_forceOverwhelming|Force Overwhelming|Force Overwhelming|Força Esmagadora| Сила подавляющая|壓倒性力量|フォースオーバーホール|포스 오버웰밍|Überwältigende Kraft|Force débordante|Fuerza Abrumadora|Przytłaczająca Siła
talent_name_serratedChains|Serrated Chains|Serrated Chains|Correntes Serrilhadas| Зубчатые цепи|鋸齒鏈條|鋸歯状チェーン|세레이티드 체인스|Gezackte Ketten|Chaînes dentelées|Cadenas Serradas|Serrated Chains
talent_name_retiariusNet|Retiarius Net|Retiarius Net|Rede do Retiário| Ретиариус Нет|角鬥捕獸網|レティアリウスネット|레티아리우스 넷|Retiarius-Netz|Filet de Rétiaire|Red de Retiarius|Retiarius Net
talent_name_chainTrap|Chain Trap|Chain Trap|Armadilha de Correntes| Цепная ловушка|鎖鏈陷阱|チェーントラップ|체인 트랩|Kettenfalle|Piège à chaînes|Trampa de Cadena|Pułapka Łańcuchowa
talent_name_titaniumChains|Titanium Chains|Titanium Chains|Correntes de Titânio| Титановые цепи|鈦鏈條|チタンチェーン|티타늄 체인|Titanketten|Chaînes en titane|Cadenas de Titanio|Tytanowe Łańcuchy
talent_name_masterTrapMaker|Master Trap Maker|Master Trap Maker|Mestre Criador de Armadilhas| Мастер по изготовлению ловушек|陷阱大師|マスタートラップメーカー|마스터 트랩 메이커|Meisterfalle|Maîtrise des pièges|Maestro de Trampas|Mistrz Pułapek
talent_name_rendFlesh|Rend Flesh|Rend Flesh|Rasgar Carne| Разрывать Плоть|撕裂血肉|レンドフレッシュ|랜드 플레시|Fleisch zerreißen|Déchirer la chair|Desgarrar Carne|Rozrywanie Ciała
talent_name_madnessControl|Madness Control|Madness Control|Controle da Loucura| Контроль безумия|瘋狂控制|マッドネスコントロール|매드니스 컨트롤|Wahnsinnskontrolle|Contrôle de la folie|Control de la Locura|Kontrola Szaleństwa
talent_name_resilientGladiator|Resilient Gladiator|Resilient Gladiator|Gladiador Resiliente| Несокрушимый гладиатор|堅韌角鬥士|レジリエントグラディエーター|레질리언트 글래디에이터|Widerstandsfähiger Gladiator|Gladiateur résilient|Gladiador Resiliente|Odporny Gladiator
talent_name_annihilation|Annihilation|Annihilation|Aniquilação| Уничтожение|殲滅|アナイアレーション |어나힐레레이션|Vernichtung|Annihilation|Aniquilación|Annihilacja
|||||||||||
talent_desc_heavyBall|Flail a big chained spike ball dealing physical damage to monsters on its path. |Flail a big chained spike ball dealing damage to monsters on its path. |Lança uma grande bola de espinhos acorrentada, causando Dano Físico nos inimigos em seu caminho.|Размахивайте большим цепным шипастым шаром, нанося урон монстрам на своем пути.|揮舞巨大鏈球，對路徑上的怪物造成物理傷害. |大きな鎖付きのスパイクボールを振り回し、その経路上のモンスターにダメージを与える。|큰 체인 스파이크 볼을 휘둘러 경로상의 몬스터들에게 데미지를 입힙니다.|Schwinge eine große Stachelkugel mit Ketten, die Monstern auf ihrem Weg Schaden zufügt.|Balance une grosse boule à pointes enchaînée qui inflige des dégâts aux ennemis sur sa trajectoire.|Maneja una gran bola con pinchos encadenada que inflige daño a los monstruos en su trayectoria. |Wiruj dużą kolczastą kulą na łańcuchu zadającą obrażenia potworom na swojej drodze.
talent_desc_bouncingGrenade|Throw a grenade that bounces exploding into shrapnel on impact, dealing area of effect fire damage.|Throw a grenade that bounces exploding into shrapnel on impact, dealing area of effect fire damage.|Arremessa uma granada que quica, deixando o chão chamuscado e explodindo em estilhaços no impacto, causando Dano de Fogo em área.| Бросай гранату, которая отскакивает|投擲一枚會彈跳的手榴彈，擊中時爆裂成碎片，造成範圍火焰傷害。|跳ねる手榴弾を投げ、着弾地点の地面を焦がし、破片となって爆発し、広範囲に火属性ダメージを与える。|튕기는 수류탄을 던져, 땅을 불태우고 충격 시 파편이 터져 범위 불 데미지를 입힙니다.|Wirf eine Granate, die abprallt und beim Aufprall in Splitter zerfällt und Flächenschaden verursacht.|Lancez une grenade qui rebondit et explose à l'impact en infligeant des dégâts de zone.|Lanza una granada que rebota y explota en metralla al impactar, infligiendo daño de fuego en área.|Rzuć granatem który odbija się eksplodując w szrapnel przy uderzeniu zadając obrażenia obszarowe fire.
talent_desc_unstableBomb|All bombs scatter small bombs around when exploding dealing fire damage.|All bombs scatter small bombs around when exploding dealing fire damage.|Todas as bombas espalham pequenas bombas ao redor quando explodem, causando Dano de Fogo.| Все бомбы при взрыве разбрасывают вокруг себя небольшие бомбы, нанося урон огнем.|所有炸彈爆炸時會向周圍散落小型炸彈，造成火焰傷害。|すべての爆弾は爆発時に小さな爆弾をばら撒き、火属性ダメージを与える。|모든 폭탄은 폭발 시 작은 폭탄들을 주변에 퍼뜨려 불 데미지를 입힙니다.|Alle Bomben verteilen beim Explodieren kleine Bomben, die Flächenschaden verursachen.|Toutes les bombes dispersent de petites bombes autour d'elles lorsqu'elles explosent.|Todas las bombas dispersan pequeñas bombas a su alrededor al explotar infligiendo daño de fuego.|Wszystkie bomby rozpraszają małe bomby wokół gdy eksplodują zadając obrażenia fire.
talent_desc_theBigBoom|Throw a huge bo-omb scattering into shrapnel on impact dealing area of effect fire damage.|Throw a huge bo-omb scattering into shrapnel on impact dealing area of effect fire damage.|Arremessa uma enorme bo-omba que se espalha em estilhaços com o impacto, causando Dano de Fogo em área e incendiando inimigos.| Бросает огромную бомбу, разлетающуюся при ударе на осколки, наносящие урон огнем по области поражения.|所有炸彈爆炸時都會散射出小型炸彈,造成火焰傷害. |巨大なボームを投げ、着弾時に破片を散らして広範囲に火属性ダメージを与える。|거대한 폭탄을 던져 충격 시 파편이 흩어지며 범위 불 데미지를 입힙니다.|Wirf eine riesige Bombe, die beim Aufprall in Splitter zerfällt und Flächenschaden verursacht.|Lance une énorme bombe qui s'éparpille en éclats à l'impact et inflige de lourds dégâts de zone.|Lanza una enorme bo-omb que se dispersa en metralla al impactar infligiendo daño de fuego en área.|Rzuć ogromną bo-omb rozpraszającą się w szrapnel przy uderzeniu zadając obrażenia obszarowe fire.
talent_desc_wreckingBall|Increases the damage and range of Heavy Ball.|Increases the damage and range of Heavy Ball.|Aumenta o Dano e Alcance da Bola Pesada.| Увеличивает урон и дальность действия Heavy Ball.|增加重型球的傷害和範圍. |ヘビーボールのダメージと射程を増加させる。|헤비 볼의 데미지와 범위를 증가시킵니다.|Erhöht den Schaden und die Reichweite von „Schwerer Ball“.|Augmente les dégâts et la portée de Boule Lourde. |Aumenta el daño y rango de Bola Pesada.|Zwiększa obrażenia i zasięg Heavy Ball.
talent_desc_crazyGrapple|Throw a massive spike ball into target location dealing area of effect fire damage and dragging yourself towards it through the air.|Throw a massive spike ball into target location dealing area of effect fire damage and dragging yourself towards it through the air.|Arremessa uma enorme bola de espinhos no local-alvo, causando Dano de Fogo em área e arrastando-se em direção a ela pelo ar.| Бросьте в указанное место огромный шипастый шар, наносящий урон огнем по области и подтягивающий вас к нему по воздуху.|將一個巨大的尖刺球投擲到目標位置,造成範圍火焰傷害,並在空中將自己拖向目標. |巨大なスパイクボールを目標地点に投げ、広範囲の火属性ダメージを与え、自身は空中でその方向に引き寄せられる。|거대한 스파이크 볼을 목표 위치에 던져 범위 불 데미지를 입히고, 공중을 통해 자신을 끌어당깁니다.|Wirf eine massive Stachelkugel auf den Zielort, die Flächenschaden verursacht und dich durch die Luft zum Ziel zieht.|Lance une énorme boule à pic sur la cible, infligeant des dégâts de zone d'action et vous entraînant vers elle dans les airs.|Lanza una bola con pinchos masiva en la ubicación objetivo infligiendo daño de fuego en área y arrastrándote hacia ella por el aire.|Rzuć masywną kolczastą kulą w miejsce celu zadając obrażenia obszarowe fire i ciągnąc siebie do niej przez powietrze.
talent_desc_flailMastery|Increase attack speed, attack damage and cast rate when using mace weapons.|Increase attack speed, attack damage and cast rate when using mace weapons.|Aumenta ao Velocidade de Ataque, O Dano de Ataque e a Taxa de Conjuração Mais Rárpida ao usar armas do tipo Maça.| Увеличить скорость атаки|使用錘類型武器時，增加攻擊速度、攻擊傷害和施法速度. |メイス武器を使用した時、攻撃速度、攻撃力、詠唱速度を増加させる。|철퇴 무기를 사용할 때 공격 속도, 공격 데미지 및 시전 속도가 증가합니다.|Erhöht Angriffsgeschwindigkeit, Angriffsschaden und Zaubergeschwindigkeit beim Einsatz von Streitkolben.|Augmente la vitesse d'attaque et les dégâts d'attaque lors de l'utilisation d'une masse.|Aumenta la velocidad de ataque, daño de ataque y velocidad de lanzamiento al usar armas de maza.|Zwiększ prędkość ataku, obrażenia ataku i szybkość rzucania gdy używasz broni maczugowych.
talent_desc_bombardment|Rapidly throw a barrage of small bombs in target direction dealing area of effect fire damage.|Rapidly throw a barrage of small bombs in target direction dealing area of effect fire damage.|Lança rapidamente uma barragem de pequenas bombas na direção-alvo, causando Dano de Fogo em área.| Быстро бросает шквал небольших бомб в направлении цели, нанося урон огнем по области действия.|向目標方向快速投擲一連串小型炸彈,造成範圍火焰傷害. |小さな爆弾を素早く連続で目標方向に投げ、広範囲に火属性ダメージを与える。|작은 폭탄들을 빠르게 목표 방향으로 던져 범위 불 데미지를 입힙니다.|Wirft schnell einen Hagel kleiner Bomben in Zielrichtung, die Flächenschaden durch Feuer verursachen.|Lance rapidement un barrage de petites bombes dans la direction de la cible, infligeant des dégâts de zone.|Lanza rápidamente una ráfaga de pequeñas bombas en la dirección objetivo infligiendo daño de fuego en área.|Szybko rzuć salwę małych bomb w kierunku celu zadając obrażenia obszarowe fire.
talent_desc_forceOverwhelming|Temporarily increase your attack damage, attack rating and attack speed.|Temporarily increase your attack damage, attack rating and attack speed.|Aumenta temporariamente o Dano de Ataque, a Precisão de Ataque e a Velocidade de Ataque.| Временно увеличивает урон от атаки|暫時增加你的攻擊傷害、攻擊命中和攻擊速度. |一時的に攻撃力、命中率、攻撃速度を増加させる。|잠시 동안 공격 데미지, 명중률 및 공격 속도를 증가시킵니다.|Erhöht vorübergehend euren Angriffsschaden, eure Angriffsstärke und eure Angriffsgeschwindigkeit.|Augmente les dégâts d'attaque, le niveau d'attaque et la vitesse d'attaque pendant une courte période.|Aumenta temporalmente tu daño de ataque, índice de ataque y velocidad de ataque.|Tymczasowo zwiększ twoje obrażenia ataku, trafienie ataku i prędkość ataku.
talent_desc_serratedChains|Perform an area of effect attack with increased attack rating and damage attaching serrated chains to monsters. |Perform an area of effect attack with increased attack rating and damage attaching serrated chains to monsters. |Executa um ataque em área com aumento da Taxa de Ataque e do Dano, prendendo Correntes Serrilhadas nos inimigos.| Выполняйте атаку по области с повышенным рейтингом атаки и уроном, прикрепляя зазубренные цепи к монстрам.|進行一次帶有增加攻擊命中率和傷害的範圍攻擊, 並將鋸齒鏈條附著在敵人身上. |広範囲攻撃を行い、攻撃命中率とダメージが増加、モンスターにギザギザの鎖を付着させる。|세레이티드 체인을 몬스터에게 부착하여 명중률과 데미지가 증가된 범위 공격을 수행합니다.|Führt einen Flächenangriff mit erhöhter Angriffsstärke und erhöhtem Schaden aus, der gezackte Ketten an Monster anlegt.|Effectue une attaque de zone avec un niveau d'attaque et des dégâts accrus en attachant des chaînes à l'ennemi.|Realiza un ataque en área con índice de ataque y daño aumentados que adhiere cadenas serradas a los monstruos. |Wykonaj atak obszarowy ze zwiększonym trafieniem ataku i obrażeniami przyczepiający serrated chains do potworów.
talent_desc_retiariusNet|Throw a retiarius net dealing area of effect arcane damage and stunning monsters hit.|Throw a retiarius net dealing area of effect arcane damage and stunning monsters hit.|Arremessa uma Rede do Retiário, causando Dano Arcano em área e enraizando os inimigos atingidos.| Бросьте сеть ретиария, наносящую урон тайной магией по области и оглушающую пораженных монстров.|扔出一個造成範圍法術傷害的“角鬥捕獸網”,並讓被擊中的怪物陷入暈眩狀態. |レティアリウスの網を投げ、広範囲にアーケインダメージを与え、命中したモンスターをスタンさせる。|레티아리우스 넷을 던져 범위 아케인 데미지를 입히고 맞은 몬스터들을 기절시킵니다.|Wirft ein Retiarius-Netz, das Flächenschaden durch Arkanschaden verursacht und getroffene Monster betäubt.|Lance un filet de rétiaire à l'endroit ciblé, infligeant des dégâts et enracinant les ennemis dans la zone.|Lanza una red de retiarius que inflige daño arcano en área y aturde a los monstruos alcanzados.|Rzuć retiarius net zadającą obrażenia obszarowe arcane i ogłuszającą trafione potwory.
talent_desc_chainTrap|Throw a chain trap into the target location dealing arcane damage and hooking nearby monsters with chains.|Throw a chain trap into the target location dealing arcane damage and hooking nearby monsters with chains.|Lança uma Armadilha de Correntes no local-alvo, causando Dano Arcano, aplicando Correntes e puxando os inimigos próximos.| Бросьте в указанное место цепную ловушку, которая наносит урон тайной магией и приковывает цепями находящихся поблизости монстров.|在目標位置投擲鎖鏈陷阱,造成奧術傷害並用鏈鉤住附近的怪物. |目標地点にチェイントラップを投げ、アーケインダメージを与え、近くのモンスターを鎖で拘束する。|체인 트랩을 목표 위치에 던져 아케인 데미지를 입히고, 근처 몬스터들을 체인으로 끌어당깁니다.|Wirft eine Kettenfalle am Zielort, die Arkanschaden verursacht und nahe Monster mit Ketten fesselt.|Lancez un piège à chaîne dans la zone cible, infligeant des dégâts et accrochant les ennemis proches.|Lanza una trampa de cadena en la ubicación objetivo infligiendo daño arcano y enganchando a los monstruos cercanos con cadenas.|Rzuć pułapką łańcuchową w miejsce celu zadającą obrażenia arcane i zahaczającą pobliskie potwory łańcuchami.
talent_desc_titaniumChains|Monsters affected by Serrated Chains explode upon death dealing physical damage.|Monsters affected by Serrated Chains explode upon death dealing physical damage.|Os inimigos afetados por Correntes Serradas explodem ao morrer, causando Dano Arcano.| Монстры, пораженные «Зазубренными цепями», взрываются после смерти, нанося физический урон.|受到鋸齒鏈影響的怪物死亡時會爆炸,造成奧術傷害. |ギザギザの鎖で拘束されたモンスターは死亡時に爆発し、物理ダメージを与える。|세레이티드 체인에 영향을 받은 몬스터는 죽을 때 물리 데미지를 입히는 폭발을 일으킵니다.|Von gezackten Ketten betroffene Monster explodieren beim Tod und verursachen physischen Schaden.|Les ennemis affectés par les chaînes explosent à leur mort.|Los monstruos afectados por Cadenas Serradas explotan al morir infligiendo daño físico.|Potwory dotknięte Serrated Chains eksplodują przy śmierci zadając obrażenia fizyczne obszarowe.
talent_desc_masterTrapMaker|Passively increases the arcane damage dealt by chain traps and provides a chance for critical hits as well as a proc chance for traps to activate rapidly causing the trap and its hooks to travel faster.|Passively increases the arcane damage dealt by chain traps and provides a chance for critical hits as well as a proc chance for traps to activate rapidly causing the trap and its hooks to travel faster.|Aumenta passivamente o dano Arcano causado por Armadilhas de CorrenteC e concede chance deAacertoCcrítico, além de uma chance de ativação rápida que faz com que a armadilha e seus ganchos se movam mais rápido.| Пассивно увеличивает урон от тайной магии, наносимый цепными ловушками, и дает шанс нанести критический удар, а также шанс срабатывания ловушек, заставляя ловушку и ее крюки двигаться быстрее.|被動增加鎖鏈陷阱造成的奧術傷害，並提供暴擊率以及快速觸發陷阱的機率，使陷阱的鉤子速度加快. |チェイントラップのアーケインダメージをパッシブで増加させ、クリティカルヒットの確率を上げるほか、トラップが素早く発動する確率を持ち、トラップとそのフックの移動速度を速める。|체인 트랩이 입히는 아케인 데미지를 수동적으로 증가시키며, 치명타 확률과 함정이 빠르게 활성화되어 함정과 그 훅이 더 빨리 이동할 수 있는 확률을 제공합니다.|Erhöht passiv den Arkanschaden von Kettenfallen und erhöht die Chance auf kritische Treffer sowie die Wahrscheinlichkeit, dass Fallen schnell aktiviert werden, wodurch sich die Falle und ihre Haken schneller bewegen.|Augmente passivement les dégâts arcaniques infligés par les pièges en chaîne et offre une chance de coups critiques ainsi qu'une chance de déclenchement rapide des pièges, ce qui permet au piège et à ses crochets de se déplacer plus rapidement. |Aumenta pasivamente el daño arcano infligido por las trampas de cadena y proporciona probabilidad de golpes críticos además de probabilidad de que las trampas se activen rápidamente haciendo que la trampa y sus ganchos viajen más rápido.|Pasywnie zwiększa obrażenia arcane zadawane przez pułapki łańcuchowe i zapewnia szansę na trafienia krytyczne oraz szansę proc na szybką aktywację pułapek powodującą że pułapka i jej haki podróżują szybciej.
talent_desc_rendFlesh|Attacks have a chance to inflict bleeding on monsters in a small area around the target.|Attacks have a chance to inflict bleeding on monsters in a small area around the target.|Ataques tem uma chance de infligir Sangramento nos inimigos em uma pequena área ao redor do alvo.| Атаки могут вызвать кровотечение у монстров в небольшой области вокруг цели.|攻擊有機率對目標周圍小範圍內的怪物造成流血. |攻撃には、ターゲットの周囲小範囲に出血を付与する確率がある。|공격 시 목표 주변의 작은 범위 내에서 몬스터에게 출혈을 입힐 확률이 있습니다.|Angriffe können Monstern in einem kleinen Bereich um das Ziel herum Blutungen zufügen.|Effectue une attaque de zone qui fait saigner la cible.|Los ataques tienen probabilidad de infligir sangrado a los monstruos en un pequeño área alrededor del objetivo.|Ataki mają szansę nakładać krwawienie na potwory w małym obszarze wokół celu.
talent_desc_madnessControl|Hook nearby monsters towards you stunning them and dealing arcane damage. Additionally summon a bomb from the sky onto your location creating an explosion that deals arcane damage. |Hook nearby monsters towards you stunning them and dealing arcane damage. Additionally summon a bomb from the sky onto your location dealing area of effect arcane damage. |Puxa todos os inimigos próximos em sua direção, atordoando-os e causando Dano Arcano. Além disso, invoca uma bomba do céu em seu local, causando Dano Arcano em uma explosão.| Прицепите всех монстров поблизости к себе, оглушая их и нанося урон от магии. Кроме того, вы вызываете бомбу с неба на свое местоположение, нанося урон от магии по области.|勾引周圍的怪物至你身邊並使其昏迷，造成奧術傷害。此外，自天空召喚一枚炸彈落在你的位置引爆，造成奧術傷害. |周囲のモンスターをすべて自分に引き寄せてスタンさせ、アーケインダメージを与える。さらに、自分の位置に空から爆弾を召喚し、広範囲にアーケインダメージを与える。|모든 근처 몬스터들을 자신에게 끌어당겨 기절시키고 아케인 데미지를 입힙니다. 또한 하늘에서 폭탄을 소환하여 자신의 위치에 광역 아케인 데미지를 입힙니다.|Zieht nahe Monster an euch heran, betäubt sie und verursacht Arkanschaden. Beschwört außerdem eine Bombe vom Himmel, die Flächenschaden durch Arkanschaden verursacht.|Accroche tous les ennemis vers vous et fait tomber une énorme bombe du ciel sur votre position.|Engancha a los monstruos cercanos hacia ti aturdiéndolos e infligiendo daño arcano. Además invoca una bomba desde el cielo sobre tu ubicación infligiendo daño arcano en área. |Zahacz pobliskie potwory do siebie ogłuszając je i zadając obrażenia arcane. Dodatkowo przywołaj bombę z nieba na swoją pozycję zadającą obrażenia obszarowe arcane.
talent_desc_resilientGladiator|Increases your physical damage reduction and life.|Increases your damage reduction and life.|Aumenta a Redução de Dano Físico e a Vida.| Увеличивает поглощение урона и продолжительность жизни.|增加你的傷害減免和生命值。|ダメージ軽減と体力を増加させる。|자신의 데미지 감소와 생명력을 증가시킵니다.|Erhöht eure Schadensreduktion und eure Lebenspunkte.|Augmente la réduction des dégâts et la vie.|Aumenta tu reducción de daño y vida.|Zwiększa twoją redukcję obrażeń i życie.
talent_desc_annihilation|Violently rip all serrated chains out of monsters dealing area of effect damage. Targets affected by retiarius net take increased damage.|Violently rip all serrated chains out of monsters dealing area of effect damage. Targets affected by retiarius net take increased damage.|Arranca violentamente todas as Correntes Serrilhadas dos inimigos, causando Dano em uma área. Os alvos afetados pela Rede do Retiário recebem dano aumentado.| Жестоко вырвите все зазубренные цепи из монстров, наносящих урон по области. Цели, пораженные сетью ретиария, получают повышенный урон.|猛烈地撕下敵人身上的所有鋸齒鏈,造成範圍傷害. 受角鬥捕獸網影響的目標受到傷害增加. |ギザギザの鎖をモンスターから激しく引き裂き、広範囲ダメージを与える。レティアリウスの網で拘束された対象は受けるダメージが増加する。|모든 세레이티드 체인을 몬스터에게서 폭력적으로 찢어내어 범위 데미지를 입히며, 레티아리우스 넷에 영향을 받은 대상은 증가된 데미지를 입힙니다.|Reißt Monstern gewaltsam alle gezackten Ketten ab und verursacht Flächenschaden. Ziele, die vom Retiarius-Netz betroffen sind, erleiden erhöhten Schaden.|Arrache violemment toutes les chaînes des ennemis en leur infligeant de lourds dégâts de zone. Les cibles affectées par Filet de rétiaire subissent 10 % de dégâts supplémentaires.|Arranca violentamente todas las cadenas serradas de los monstruos infligiendo daño en área. Los objetivos afectados por la red de retiarius reciben daño aumentado.|Gwałtownie wyrwij wszystkie serrated chains z potworów zadając obrażenia obszarowe. Cele dotknięte retiarius net otrzymują zwiększone obrażenia.
|||||||||||
talent_name_surgicalBloodLetting|Surgical Blood Letting|Surgical Blood Letting|Flebotomia Cirúrgica| Хирургическое кровопускание|外科放血|外科的瀉血|서지컬 블리드 레팅|Chirurgischer Blutablass|Hémorragie chirurgicale|Sangrado Quirúrgico|Chirurgiczne Puszczanie Krwi
talent_name_malpractice|Malpractice|Malpractice|Negligência| Злоупотребление служебным положением|醫療事故|医療過誤|말프랙티스|Behandlungsfehler|Faute professionnelle|Mala Praxis|Błąd w Sztuce
talent_name_crowMasksPresence|Crow Mask's Presence|Crow Mask's Presence|Presença da Máscara do Corvo| Присутствие Маски Ворона|烏鴉面具|カラスマスクの存在|크로우 마스크 프레젠스|Präsenz der Krähenmaske|Présence du masque de corbeau|Presencia de la Máscara de Cuervo|Obecność Maski Kruka
talent_name_bloodSustenance|Blood Sustenance|Blood Sustenance|Sustento de Sangue| Кровь для поддержания|供養血液|血液の栄養|블러드 서스티넌스|Blutnahrung|Sustentation du sang|Sustento de Sangre|Utrzymanie Krwi
talent_name_miasma|Miasma|Miasma|Miasma| Миазмы|瘴氣|瘴気|미아즈마|Miasma|Miasme|Miasma|Miazma
talent_name_boosterShot|Booster Shot|Booster Shot|Injeção de Reforço| Усилитель выстрела|加速劑|ブースターショット|부스터 샷|Auffrischungsimpfung|Coup de fouet|Inyección de Refuerzo|Zastrzyk Wzmacniający
talent_name_lifeBloodAura|Lifeblood Aura|Lifeblood Aura|Aura de Sangue Vital| Аура жизненной силы|命脈光環|生命の血のオーラ|라이프블러드 오라|Lebensblut-Aura|Aura sanguine|Aura de Sangre Vital|Aura Krwi Życia
talent_name_devoutDoctor|Devout Doctor|Devout Doctor|Doutor Devoto| Набожный доктор|虔誠醫生|敬虔な医師|디바우트 닥터|Ehrfürchtiger Arzt|Médecin dévot|Doctor Devoto|Oddany Doktor
talent_name_defunctSurgeon|Defunct Surgeon|Defunct Surgeon|Cirurgião Defunto| Хирург, ныне не существующий|停業外科醫生|亡き外科医|디펑크 서전|Verstorbener Chirurg|Chirurgien défunt|Cirujano Defectuoso|Nieczynny Chirurg
talent_name_plagueOfRats|Plague of Rats|Plague of Rats|Praga de Ratos| Нашествие крыс|鼠疫|ネズミの疫病|플레그 오브 랫츠|Rattenplage|Peste de rats|Plaga de Ratas|Plaga Szczurów
talent_name_toxicFlask|Toxic Flask|Toxic Flask|Frasco Tóxico| Токсичная колба|毒燒瓶|毒のフラスコ|톡식 플라스크|Giftflasche|Fiole toxique|Frasco Tóxico|Toksyczna Fiola
talent_name_crematus|Crematus|Crematus|Crematus| Кремат|火葬|火葬|크레마투스|Crematus|Crémation|Crematus|Crematus
talent_name_oops|Oops|Oops|Ops| Упс|哎呀|おっと|웁스|Ups|Oups|Ups|Ups
talent_name_chantOfWeakness|Chant of Weakness|Chant of Weakness|Cântico da Fraqueza| Песнопение слабости|弱點頌歌|弱さの詠唱|챈트 위크니스|Gesang der Schwäche|Chant de faiblesse|Canto de Debilidad|Pieśń Słabości
talent_name_explodingMice|Exploding Mice|Exploding Mice|Ratos Explosivos| Взрывающиеся Мыши|爆炸老鼠|爆発するネズミ|익스플로딩 마이스|Explodierende Mäuse|Souris explosives|Ratones Explosivos|Eksplodujące Myszy
talent_name_jarOfLeeches|Jar of Leeches|Jar of Leeches|Jarra de Sanguessugas| Банка с пиявками|一罐水蛭|ヒルの瓶|자르 리치스|Glas mit Blutegeln|Bocal de sangsues|Frasco de Sanguijuelas|Słoik Pijawek
talent_name_plagueMaster|Plague Master|Plague Master|Mestre da Praga| Мастер Чумы|瘟疫大師|疫病の達人|플레그 마스터|Pestmeister|Maître de la peste|Maestro de la Plaga|Mistrz Plagi
talent_name_randyTheRancidRat|Randy the Rancid Rat|Randy the Rancid Rat|Randy, o Rato Rançoso| Рэнди - Прогорклый Крыс|腐臭老鼠蘭迪 |悪臭を放つネズミのランディ |랜디 랜시드 랫|Randy, die ranzige Ratte|Randy le rat rance|Randy la Rata Rancia|Randy Zgniły Szczur
|||||||||||
talent_desc_surgicalBloodLetting|Throw a surgical knife with razor sharp accuracy that bounces from monster to monster dealing physical damage.|Throw a surgical knife with razor sharp accuracy that bounces from monster to monster dealing physical damage.|Arremessa uma faca cirúrgica com precisão afiada que ricocheteia de inimigo para inimigo, causando Dano Físico.| Метните хирургический нож с острой как бритва точностью, который отскакивает от монстра к монстру, нанося физический урон.|投擲一把手術刀,刀鋒鋒利,精準無比,會在怪物之間彈跳,造成物理傷害. |モンスターからモンスターへ跳ね返りながら物理ダメージを与える、鋭利な手術用ナイフを投げる。|물리 데미지를 입히는 몬스터에서 몬스터로 튕겨나가는 날카로운 정확도의 수술용 칼을 던집니다.|Wirf ein Skalpell mit rasiermesserscharfer Präzision, das von Monster zu Monster abprallt und physischen Schaden verursacht.|Lancez un scalpel d'une précision chirurgicale qui rebondit de monstre en monstre, infligeant des dégâts physiques.|Lanza un bisturí quirúrgico con precisión afilada que rebota de monstruo en monstruo infligiendo daño físico.|Rzuć chirurgicznym nożem z ostrą jak brzytwa precyzją który odbija się od potwora do potwora zadając obrażenia fizyczne.
talent_desc_malpractice|Increases the force of surgical blood letting causing targets to bleed.|Increases the force of surgical blood letting causing targets to bleed.|Aumenta a força da Flebotomia Cirúrgica, fazendo com que os alvos sangrem.| Увеличивает силу хирургического кровопускания, вызывая кровотечение у пострадавших.|增加外科放血的力量,導致目標流血. |手術用放血の威力を高め、対象に出血を引き起こす。|서저리컬 블러드 레팅의 힘을 증가시켜 타겟이 출혈을 일으키게 합니다. |Erhöht die Stärke des Blutverlusts und lässt Ziele bluten.|Augmente la puissance des saignées chirurgicales, provoquant des saignements chez les cibles.|Aumenta la fuerza del sangrado quirúrgico haciendo que los objetivos sangren.|Zwiększa siłę chirurgicznego puszczania krwi powodując że cele krwawią.
talent_desc_crowMasksPresence|Increases your life and all resistances.|Increases your life and all resistances.|Aumenta a sua Vida e Todas as Resistências.| Увеличивает вашу жизнь и все сопротивления.|增加你的生命值和所有抗性. |体力とすべての耐性を増加させる。|자신의 생명력과 모든 저항력을 증가시킵니다.|Erhöht deine Lebenspunkte und alle Resistenzen.|Augmente vos points de vie et toutes vos résistances.|Aumenta tu vida y todas las resistencias.|Zwiększa twoje życie i wszystkie odporności.
talent_desc_bloodSustenance|Gain increased attack damage and life stolen per hit from bleeding targets.|Gain increased attack damage and life stolen per hit from bleeding targets.|Recebe Dano de Ataque e Roubo de Vida por acerto aumentados ao atacar alvos com Sangramento.| Получайте увеличенный урон от атак и количество похищаемой жизни за каждый удар у истекающих кровью целей.|每次攻擊流血目標時，獲得額外的攻擊傷害和生命值. |出血した対象からの攻撃時に、攻撃力とライフスティールを増加させる。|출혈을 입힌 대상에서 공격 데미지와 생명력 흡수를 증가시킵니다.|Erhält erhöhten Angriffsschaden und entzieht blutenden Zielen pro Treffer Lebenspunkte.|Infligez-vous des dégâts d'attaque accrus et volez de la vie à chaque coup porté aux cibles qui saignent.|Obtienes daño de ataque y robo de vida por golpe aumentados de objetivos sangrando.|Zyskaj zwiększone obrażenia ataku i skradzione życie na trafienie z krwawiących celów.
talent_desc_miasma|Empower your attack with a mixture of chemicals causing the monster to release a toxic cloud dealing physical damage.|Empower your attack with a mixture of chemicals causing the monster to release a toxic cloud dealing physical damage.|Fortaleça seu ataque com uma mistura de produtos químicos, fazendo com que o inimigo libere uma novem tóxica que causa Dano Físico.| Усильте свою атаку смесью химикатов, заставив монстра выпустить токсичное облако, наносящее дополнительный урон.|使用化學物質混合物增強你的攻擊力,使怪物釋放有毒雲霧,造成額外傷害. |化学薬品の混合物で攻撃を強化し、モンスターに毒性の雲を放出させて追加ダメージを与える。|화학물질 혼합물로 공격을 강화시켜 몬스터가 독성 구름을 방출하며 추가 데미지를 입히게 합니다.|Verstärke deinen Angriff mit einer Chemikalienmischung, die das Monster eine giftige Wolke freisetzt, die zusätzlichen Schaden verursacht.|Renforcez votre attaque grâce à un mélange de produits chimiques qui provoque la libération d'un nuage toxique par le monstre, infligeant des dégâts supplémentaires.|Mejora tu ataque con una mezcla de químicos haciendo que el monstruo libere una nube tóxica que inflige daño adicional.|Wzmocnij swój atak mieszanką chemikaliów powodując że potwór uwalnia toksyczną chmurę zadającą dodatkowe obrażenia.
talent_desc_boosterShot|When attacking have a chance to inject yourself with a mRNA gene altering shot temporarily increasing your attack damage and movement speed.|When attacking have a chance to inject yourself with a mRNA gene altering shot temporarily increasing your attack damage and movement speed.|Ao atacar, você tem a chance de se injetar com uma injeção que altera o gene mRNA, aumentando temporariamente o seu Dano de Ataque e a sua Velocidade de Movimento.| При атаке у вас есть шанс сделать себе инъекцию, изменяющую ген мРНК, которая временно увеличит урон от атаки и скорость передвижения.|攻擊時,有機會給自己註射mRNA基因改造劑,暫時增加你的攻擊傷害和移動速度. |攻撃時に自身にmRNA遺伝子改変ショットを注入する確率があり、一時的に攻撃力と移動速度を上げる。|공격 시 mRNA 유전자 변형 주사를 자신에게 주입할 확률이 있어, 일시적으로 공격 데미지와 이동 속도가 증가합니다.|Beim Angreifen besteht die Chance, dass du dir vorübergehend eine mRNA-Genveränderungsspritze injizierst, die deinen Angriffsschaden und deine Bewegungsgeschwindigkeit erhöht.|Lors d'une attaque, vous avez une chance de vous injecter une dose modifiant vos gènes (ARNm), augmentant temporairement vos dégâts d'attaque et votre vitesse de déplacement.|Al atacar tienes probabilidad de inyectarte un suero alterador de genes mRNA que aumenta temporalmente tu daño de ataque y velocidad de movimiento.|Podczas ataku masz szansę wstrzyknąć sobie mRNA zmieniające geny tymczasowo zwiększając twoje obrażenia ataku i prędkość ruchu.
talent_desc_lifeBloodAura|When active, increases your and your party members Life and life replenish.|When active, increases your and your party members Life and life replenish.|Quando ativa, aumenta a sua Vida e a Vida dos membros do grupo.| Когда активен|啟動時,增加你和隊友的生命值和生命值恢復. |有効時、自分とパーティーメンバーの体力と体力回復を増加させる。|활성화 시, 자신과 파티원들의 생명력과 생명력 회복을 증가시킵니다.|Im aktiven Zustand erhöht sich dein Leben und das deiner Gruppenmitglieder sowie die Lebensregeneration.|Actif, cet effet augmente vos points de vie et ceux de vos compagnons, ainsi que leur régénération. |Cuando está activa, aumenta la vida y regeneración de vida tuya y de tu grupo.|Gdy aktywna zwiększa twoje i członków drużyny życie i replenish życia.
talent_desc_devoutDoctor|Gain physical damage based on your maximum life.|Gain additive physical damage based on your maximum life.|Ganhe Dano Físico com base em sua Vida máxima.| Получайте дополнительный физический урон в зависимости от вашего максимального запаса здоровья.|根據你的最大生命值，獲得物理傷害. |最大体力に基づいた追加の物理ダメージを得る。|최대 생명력을 기준으로 추가 물리 데미지를 얻습니다.|Erleide zusätzlichen physischen Schaden basierend auf deinem maximalen Leben.|Ajoute des dégâts physiques supplémentaires en fonction de votre vie.|Obtienes daño físico aditivo basado en tu vida máxima.|Zyskaj addytywne obrażenia fizyczne na podstawie twojego maksymalnego życia.
talent_desc_defunctSurgeon|Temporarily increase your attack speed and life stolen per hit. When active lose a portion of your maximum life per second (Non-fatal).|Temporarily increase your attack speed and life stolen per hit. When active lose a portion of your maximum life per second (Non-fatal).|Aumenta temporariamente a Velocidade de Ataque e o Roubo de Vida. Quando ativo, perde uma parte de sua vida máxima por segundo (não-fatal).| Временно увеличивает скорость атаки и количество краденой жизни за удар. При активации теряет часть максимальной жизни в секунду (не фатально).|暫時增加你的攻擊速度和每次命中偷取的生命值. 當啟用時,每秒損失你部分的最大生命值（非致命）. |一時的に攻撃速度とライフスティールを増加させる。有効時、毎秒最大体力の一部を失う（致命的ではない）。|잠시 동안 공격 속도와 타격당 흡혈량을 증가시키며, 활성화 시 초당 최대 생명력의 일부를 잃습니다 (치명적이지 않음).|Erhöhe vorübergehend deine Angriffsgeschwindigkeit und die Lebensraub-Rate pro Treffer. Solange aktiv, verlierst du jede Sekunde einen Teil deines maximalen Lebens (nicht tödlich).|Augmente la vitesse d'attaque et le vol de vie pendant une courte période. Lorsqu'il est actif, vous perdez une partie de votre maximum de vie par seconde (non fatal).|Aumenta temporalmente tu velocidad de ataque y robo de vida por golpe. Cuando está activa pierdes una porción de tu vida máxima por segundo (no fatal).|Tymczasowo zwiększ twoją prędkość ataku i skradzione życie na trafienie. Gdy aktywna tracisz część swojego maksymalnego życia na sekundę (nieśmiertelne).
talent_desc_plagueOfRats|Send plague rats in target direction dealing poison damage on impact. |Send plague rats in target direction dealing poison damage on impact. |Envia ratos da peste na direção-alvo, causando Dano de Veneno no impacto.| Отправьте чумных крыс в выбранном направлении, нанося при ударе урон ядом.|向目標方向發射瘟疫鼠,造成毒素傷害. |目標方向に疫病ネズミを送り出し、命中時に毒ダメージを与える。|역병 쥐를 목표 방향으로 보내 충격 시 독 데미지를 입힙니다.|Schicke Seuchenratten in Zielrichtung, die beim Aufprall Giftschaden verursachen.|Envoie des rats de la peste dans la direction ciblée, infligeant des dégâts de poison à l'impact.|Envía ratas de plaga en la dirección objetivo que infligen daño de veneno al impactar. |Wyślij plagowe szczury w kierunku celu zadające obrażenia trucizną przy uderzeniu.
talent_desc_toxicFlask|Throw a bouncing toxic flask towards target location dealing poison damage.|Throw a bouncing toxic flask towards target location dealing poison damage.|Arremessa um frasco tóxico na direção do local-alvo, causando Dano de Veneno.| Бросьте отскакивающую ядовитую колбу в указанное место, нанося урон ядом.|朝目標位置投擲一個彈跳的毒燒瓶,造成毒素傷害. |跳ね返る毒のフラスコを目標地点に投げ、毒ダメージを与える。|튕기는 독성 플라스크를 목표 위치로 던져 독 데미지를 입힙니다.|Wirf eine abprallende Giftflasche in Richtung Zielort, die Giftschaden verursacht.|Lance une flasque toxique à l'endroit ciblé, infligeant des dégâts de poison.|Lanza un frasco tóxico rebotador hacia la ubicación objetivo infligiendo daño de veneno.|Rzuć odbijającą się toksyczną fiolą w kierunku miejsca celu zadającą obrażenia trucizną.
talent_desc_crematus|Unleash a breath of toxic flames dealing poison damage.|Unleash a breath of toxic flames dealing poison damage.|Libera um sopro de chamas tóxicas que causa Dano de Veneno.| Выпустите дыхание токсичного пламени, наносящее урон ядом.|釋放一股毒性火焰,造成毒素傷害. |毒の炎の息を解き放ち、毒ダメージを与える。|독성 불꽃의 숨결을 방출하여 독 데미지를 입힙니다.|Entfessele einen Giftflammenatem, der Giftschaden verursacht.|Lance un souffle de flammes toxiques vers la cible en lui infligeant des dégâts de poison.|Libera un aliento de llamas tóxicas que inflige daño de veneno.|Uwolnij oddech toksycznych płomieni zadający obrażenia trucizną.
talent_desc_oops|Toxic flask also leaves a pool of poisonous substance on the ground dealing poison damage, poisoning and slowing monsters. Oops.|Toxic flask also leaves a pool of poisonous substance on the ground dealing poison damage, plaguing and slowing monsters. Oops.|O Frasco Tóxico também deixa uma poça de substância venenosa no chão, causando Dano de Veneno, aplicando Envenenamento e desacelerando os inimigos. Ops.| Токсичная колба также оставляет лужу ядовитого вещества на земле, нанося урон от яда.|哎呀. 毒燒瓶在地上留下毒液池,對怪物造成毒素傷害、瘟疫和減速. |毒のフラスコは地面に毒性の液体を残し、毒ダメージを与え、対象を感染させて鈍足にする。おっと。|독성 플라스크는 땅에 독성 물질의 웅덩이를 남겨 독 데미지를 입히고, 몬스터를 전염시키며 둔화시킵니다. 웁스.|Die Giftflasche hinterlässt außerdem eine Lache giftiger Substanz auf dem Boden, die Giftschaden verursacht und Monster verlangsamen und verseucht. Ups.|La fiole toxique laisse également une flaque de substance toxique sur le sol, infligeant des dégâts de poison aux ennemis, infligeant peste et les ralentissant.|El frasco tóxico también deja un charco de sustancia venenosa en el suelo que inflige daño de veneno, plaga y ralentiza a los monstruos. Ups.|Toksyczna fiola również zostawia kałużę trującej substancji na ziemi zadającą obrażenia trucizną, plagującą i spowalniającą potwory. Ups.
talent_desc_chantOfWeakness|Poisoned targets take increased poison damage.|Plagued targets take increased poison damage.|Os alvos Envenenados recebem Dano de Veneno aumentado.| Зараженные цели получают повышенный урон от яда.|受中毒影響的目標承受的毒素傷害提升. |感染した対象は毒ダメージが増加する。|전염된 대상은 증가된 독 데미지를 입습니다.|Verseuchte Ziele erleiden erhöhten Giftschaden.|Les cibles empoisonnées subissent des dégâts de poison accrus.|Los objetivos plagados reciben daño de veneno aumentado.|Plagowane cele otrzymują zwiększone obrażenia trucizną.
talent_desc_explodingMice|Plague of Rats explode on impact causing poison damage.|Plague rats explode on impact causing area of effect poison damage.|Os Ratos da Peste explodem em uma área com o impacto, causando Dano de Veneno.| Чумные крысы взрываются при ударе, нанося урон ядом по области действия.|瘟疫鼠於撞擊時引爆，造成毒素傷害. |疫病ネズミは命中時に爆発し、範囲内に毒ダメージを与える。|역병 쥐는 충격 시 폭발하여 광역 독 데미지를 입힙니다. |Verseuchte Ratten explodieren beim Aufprall und verursachen Flächenschaden durch Gift.|Les rats de la peste explosent à l'impact et infligent d'importants dégâts de poison de zone.|Las ratas de plaga explotan al impactar causando daño de veneno en área.|Plagowe szczury eksplodują przy uderzeniu powodując obrażenia obszarowe trucizną.
talent_desc_jarOfLeeches|Throw a glass jar towards target location releasing leeches dealing poison damage on impact.|Throw a glass jar towards target location releasing leeches dealing poison damage on impact.|Jogue um frasco de vidro na direção do local-alvo, liberando sanguessugas que causam Dano de Veneno.| Бросьте стеклянную банку в указанное место, из нее вылезут пиявки, наносящие при ударе урон ядом.|朝目標位置投擲玻璃罐,釋放水蛭造成毒素傷害. |ガラスの瓶を目標地点に投げ、着弾時にヒル（ヒル状の寄生虫）を放ち毒ダメージを与える。|유리 항아리를 목표 위치로 던져 거미리를 방출하며 충격 시 독 데미지를 입힙니다.|Wirf ein Glasgefäß in Richtung Zielort, um Blutegel freizusetzen, die beim Aufprall Giftschaden verursachen.|Lancez un bocal en verre sur la cible, libérant des sangsues qui infligent des dégâts de poison et infligent peste au moment de l'impact.|Lanza un frasco de vidrio hacia la ubicación objetivo liberando sanguijuelas que infligen daño de veneno al impactar.|Rzuć szklanym słoikiem w kierunku miejsca celu uwalniając pijawki zadające obrażenia trucizną przy uderzeniu.
talent_desc_plagueMaster|Cause all poisoned targets on target location to spread the plague and deal poison damage to monsters around them.|Cause all plagued targets on target location to spread the plague and deal poison damage to monsters around them.|Faz com que todos os alvos Envenenados no local-alvo espalhem a praga e causem Dano de Veneno nos inimigos ao redor deles.| Заставить все пораженные чумой цели в указанном месте распространить чуму и нанести урон ядом окружающим их монстрам.|使目標位置的所有受瘟疫感染的目標傳播瘟疫,並對周圍的怪物造成中毒傷害. |目標地点のすべての感染した対象が疫病を広げ、周囲のモンスターに毒ダメージを与える。|목표 위치에 있는 모든 전염된 대상이 전염병을 퍼뜨리고, 그 주변 몬스터들에게 독 데미지를 입히게 합니다.|Alle verseuchten Ziele am Zielort verbreiten die Seuche und fügen Monstern in ihrer Nähe Giftschaden zu.|Toutes les cibles infectées sur le lieu ciblé répandent peste et infligent des dégâts aux ennemis autour d'elles.|Hace que todos los objetivos plagados en la ubicación objetivo propaguen la plaga e infligan daño de veneno a los monstruos a su alrededor.|Powoduj że wszystkie plagowane cele w miejscu celu rozprzestrzeniają plagę i zadają obrażenia trucizną potworom wokół nich.
talent_desc_randyTheRancidRat|Summon randy the rancid rat to fight for you dealing poison damage.|Summon randy the rancid rat to fight for you dealing poison damage.|Convoca Randy, o Rato Rançoso para lutar ao seu lado, causando Dano de Veneno.| Призовите Рэнди, мерзкую крысу, которая будет сражаться на вашей стороне, нанося урон ядом.|召喚腐臭老鼠蘭迪為你戰鬥,造成毒素傷害. |ランディ・ザ・ランシッド・ラット（嫌なネズミ）を召喚し、毒ダメージを与えながら戦わせる。|랜디 랜시드 쥐을 소환하여 당신을 위해 싸우게 하며 독 데미지를 입힙니다.|Beschwöre Randy, die ranzige Ratte, die für dich kämpft und Giftschaden verursacht.|Invoquez Randy, le rat rance, en infligeant des dégâts de poison et en provoquant peste lorsqu'il attaque les ennemis.|Invoca a Randy la rata rancia para que luche por ti infligiendo daño de veneno.|Przywołaj randy the rancid rat aby walczył dla ciebie zadając obrażenia trucizną.
|||||||||||
talent_name_gloriousStrike|Glorious Strike|Glorious Strike|Golpe Glorioso| Славный удар|榮耀打擊|栄光の一撃|글로리우스 스트라이크|Glorreicher Schlag|Frappe glorieuse|Golpe Glorioso|Chwalebne Uderzenie
talent_name_commendingBanner|Commending Banner|Commending Banner|Estandarte da Saudação| Похвальный баннер|讚揚旗幟|称賛の旗|커맨딩 배너|Lobendes Banner|Bannière élogieuse|Estandarte de Elogio|Sztandar Dowodzenia
talent_name_battleCharge|Battle Charge|Battle Charge|Avanço de Batalha| Боевой заряд|戰鬥衝鋒|バトルチャージ|배틀 차지|Kampfsturm|Charge de combat|Carga de Batalla|Szarża Bitewna
talent_name_lanceThrust|Lance Thrust|Lance Thrust|Impulso de Lança| Удар копья|長槍突刺|ランススラスト|랜스 쓰러스트|Lanzenstoß|Coup de lance|Empuje de Lanza|Pchnięcie Lancą
talent_name_parry|Parry|Parry|Aparar| Парировать|招架|パリー|패리|Parieren|Parade|Parada|Parada
talent_name_armorCrush|Armor Crush|Armor Crush|Esmagar Armadura| Разрушение брони|護甲粉碎|アーマークラッシュ|아머 크러쉬|Panzerschlag|Fracas d'armure|Aplastamiento de Armadura|Zgniecenie Pancerza
talent_name_crushingLance|Crushing Lance|Crushing Lance|Lança Esmagadora| Сокрушительное Копье|粉碎長槍|クラッシングランス|크러쉬 랜스|Zerschmetternde Lanze|Lance écrasante|Lanza Aplastante|Miażdżąca Lanca
talent_name_lanceThrow|Lance Throw|Lance Throw|Arremesso de Lança| Метание копья|長槍投擲|ランススロー|랜스 쓰로우|Lanzenwurf|Projection|Lanzamiento de Lanza|Rzut Lancą
talent_name_glory|Glory|Glory|Glória| Слава|榮耀|グローリー|글로리|Ruhm|Gloire|Gloria|Chwała
talent_name_shieldSlam|Shield Slam|Shield Slam|Golpe de Escudo| Удар щитом|盾牌猛擊|シールドスラム|쉴드 슬램|Schildschlag|Coup de bouclier|Golpe con Escudo|Uderzenie Tarczą
talent_name_taunt|Taunt|Taunt|Provocar| Насмешка|嘲諷|挑発|타운트|Verhöhnung|Provocation|Provocación|Prowokacja
talent_name_counter|Counter|Counter|Contra-atacar| Прилавок|反擊|カウンター|카운터|Konter|Contre|Contraataque|Kontratak
talent_name_knightsResilience|Knight's Resilience|Knight's Resilience|Resiliência do Cavaleiro| Стойкость рыцаря|騎士韌性|ナイトのレジリエンス|나이트 리질리언스|Ritterliche Widerstandskraft|Résilience|Resiliencia del Caballero|Odporność Rycerza
talent_name_damageReflect|Damage Reflect|Damage Reflect|Refletir Dano| Отражение ущерба|傷害反射|ダメージリフレクト|데미지 리플렉트|Schadensreflexion|Réflexion des dégâts|Reflejo de Daño|Odbicie Obrażeń
talent_name_honedDefenses|Honed Defenses|Honed Defenses|Defesas Aprimoradas| Отточенная защита|磨練防禦|磨き抜かれた防御|호네드 디펜스|Geschärfte Verteidigung|Défenses affinées|Defensas Afiladas|Wzmocnione Obrony
talent_name_shieldWall|Shield Wall|Shield Wall|Muralha de Escudos| Стена щитов|盾牆|シールドウォール|쉴드 윌|Schildwall|Mur de boucliers|Muro de Escudos|Ściana Tarcz
talent_name_knightsVigor|Knight´s Vigor|Knight´s Vigor|Vigor do Cavaleiro| Рыцарская сила|騎士活力|ナイトの活力|나이트 비거|Ritterliche Vitalität|Vigueur du chevalier |Vigor del Caballero|Wigor Rycerza
talent_name_lastStand|Last Stand|Last Stand|Última Resistência| Последний бой|最後一搏 |ラストスタンド |라스트 스탠드|Letztes Gefecht|Dernier rempart|Última Resistencia|Ostatni Stój
|||||||||||
talent_desc_gloriousStrike|Perform a powerful attack dealing physical area of effect damage.|Perform a powerful attack dealing physical area of effect damage.|Realize um ataque poderoso que cause Dano Físico em área.|Проведите мощную атаку, нанося физический урон по области действия.|發動強大的攻擊,造成範圍物理傷害. |強力な攻撃を行い、物理の範囲デミジを与える。|파워풀 어택을 수행하여 물리 광역 데미지를 입힙니다.|Führe einen mächtigen Angriff aus, der Flächenschaden verursacht.|Effectuez une puissante attaque infligeant des dégâts physiques de zone. |Realiza un poderoso ataque que inflige daño físico en área.|Wykonaj potężny atak zadający obrażenia fizyczne obszarowe.
talent_desc_commendingBanner|Place a commending banner on the target location increasing nearby players attack speed and attack rating.|Place a commending banner on the target location increasing nearby players attack speed and attack rating.|Coloca um estandarte de saudação no local-alvo, aumentando a Velocidade de Ataque e a Taxa de Ataque dos jogadores próximos.| Разместите похвальный баннер в указанном месте, увеличивая скорость атаки и рейтинг атаки находящихся поблизости игроков.|在目標位置放置一個讚揚旗幟,增加附近玩家的攻擊速度和攻擊命中率. |目標地点に奨励の旗を設置し、近くのプレイヤーの攻撃速度と命中率を増加させる。|목표 위치에 커멘딩 배너를 배치하여 주변 플레이어들의 공격 속도와 명중률을 증가시킵니다.|Platziere ein Lobbanner am Zielort, das die Angriffsgeschwindigkeit und den Angriffswert von Spielern in der Nähe erhöht.|Placez une bannière élogieuse sur l'emplacement ciblé, ce qui augmente la vitesse d'attaque et le niveau d'attaque des joueurs proches.|Coloca un estandarte de elogio en la ubicación objetivo que aumenta la velocidad de ataque e índice de ataque de los jugadores cercanos.|Umieść sztandar dowodzenia w miejscu celu zwiększając prędkość ataku i trafienie ataku pobliskich graczy.
talent_desc_battleCharge|Charge towards target location knocking monsters up and dealing arcane damage on impact.|Charge towards target location stunning and dealing arcane damage to monsters on impact.|Avança em direção ao local-alvo, arremessando os inimigos ao ar e causando Dano Arcano no impacto.| Рывок к цели, оглушающий монстров и наносящий им урон тайной магией при ударе.|衝鋒至目標位置，擊飛怪物並在撞擊時造成奧術傷害. |目標地点へ突進し、衝突時にモンスターをスタンさせアケインデミジを与える。|목표 위치로 돌진하여 충격 시 몬스터를 기절시키고 아케인 데미지를 입힙니다.|Stürme auf den Zielort zu und betäube Monster beim Aufprall und füge ihnen Arkanschaden zu.|Chargez vers le lieu ciblé en étourdissant les ennemis et en leur infligeant des dégâts au moment de l'impact.|Carga hacia la ubicación objetivo aturdiendo e infligiendo daño arcano a los monstruos al impactar.|Szarżuj w kierunku miejsca celu ogłuszając i zadając obrażenia arcane potworom na uderzeniu.
talent_desc_lanceThrust|Perform a long ranged lance attack piercing monsters in a line dealing physical damage. If the lance comes in contact with a commending banner you get dragged to the banner smashing the ground stunning monsters on impact.|Perform a long ranged lance attack piercing monsters in a line dealing physical damage. If the lance comes in contact with a commending banner you get dragged to the banner smashing the ground stunning monsters on impact.|Executa um ataque de lança de longo alcance que perfura os inimigos em uma linha, causando Dano Físico. Se a lança entrar em contato com um Estandarte de Saudação, você será arrastado para o estandarte esmagando o chão, Atordoando inimigos no impacto.| Выполнить дальнюю атаку копьем, пронзая монстров на линии, нанося физический урон. Если копье соприкоснется с знаменем, вас оттащит к знамени, разбивая землю и оглушая монстров при ударе.|執行遠距離長矛攻擊,刺穿一條直線上的怪物,造成物理傷害. 如果長矛接觸到讚揚旗幟,你會衝刺到旗幟上粉碎目標位置,在撞擊中擊暈怪物. |長距離のランス攻撃を行い、一直線上のモンスターを貫通して物理デミジを与える。ランスが奨励の旗に触れると、旗へ引き寄せられ、地面を叩きつけて周囲のモンスターをスタンさせる。|긴 사거리 랜스 공격을 수행하여 일직선의 몬스터를 관통하고 물리 데미지를 입힙니다. 랜스가 커멘딩 배너에 닿으면 배너로 끌려가며 땅을 내리쳐 충격 시 몬스터를 기절시킵니다.|Führe einen Lanzenangriff aus der Ferne aus, der Monster in einer Linie durchbohrt und physischen Schaden verursacht. Trifft die Lanze ein Lobbanner, wirst du zum Banner gezogen und schmetterst es auf den Boden, wodurch Monster beim Aufprall betäubt werden.|Effectuez une attaque de lance à longue portée qui transperce les ennemis en ligne et leur inflige des dégâts physiques. Si la lance entre en contact avec une Bannière élogieuse, vous êtes attiré vers la bannière, ce qui étourdit les ennemis autour de vous.|Realiza un ataque de lanza a larga distancia que perfora monstruos en línea infligiendo daño físico. Si la lanza entra en contacto con un estandarte de elogio, eres arrastrado hacia él golpeando el suelo y aturdiendo a los monstruos al impactar.|Wykonaj długodystansowy atak lancą przebijający potwory w linii zadający obrażenia fizyczne. Jeśli lanca zetknie się ze sztandarem dowodzenia zostajesz przyciągnięty do sztandaru miażdżąc ziemię ogłuszając potwory przy uderzeniu.
talent_desc_parry|Gives you a chance to parry incoming attacks.|Gives you a chance to parry incoming attacks.|Dá a você uma chance de Aparar ataques recebidos.| Дает вам шанс парировать входящие атаки.|讓你有機率格擋來襲的攻擊. |攻撃をパリィするチャンスを与える。|들어오는 공격을 패리할 확률을 제공합니다.|Gibt dir die Chance, eingehende Angriffe zu parieren.|Augmente vos chances de blocage.|Te otorga probabilidad de parar ataques entrantes.|Daje ci szansę na paradę nadchodzących ataków.
talent_desc_armorCrush|Battle charge inflicts armor break and lowers monster attack rating on hit. |Battle charge inflicts armor break and lowers monster attack rating on hit. |O Avanço de Batalha aplica Quebra de Armadura e redução de Precisão de Ataque nos inimigos atingidos.| Боевой рывок пробивает броню и снижает рейтинг атаки монстров при попадании.|戰鬥衝鋒會造成護甲破壞並降低怪物的攻擊命中率. |バトルチャージは命中時にアーマーブレイクを付与し、モンスターの命中率を低下させる。|배틀 차지는 공격 시 방어구 파괴를 일으키고 몬스터의 명중률을 낮춥니다.|Der Kampfsturm verursacht Rüstungsbruch und senkt den Angriffswert von Monstern bei einem Treffer.|La charge de combat brise la défense de l'ennemi et réduit son niveau d'attaque.|La Carga de Batalla inflige ruptura de armadura y reduce el índice de ataque de los monstruos al impactar. |Szarża bitewna nakłada armor break i obniża trafienie ataku potworów przy trafieniu.
talent_desc_crushingLance|Call a crushing lance down from the sky smashing the target location dealing area of effect physical damage.|Call a crushing lance down from the sky smashing the target location dealing area of effect damage.|Invoca uma lança esmagadora que desce do céu e esmaga o local-alvo, causando Dano Físico em área e atordoando os inimigos.| Призвать сокрушительное копье с неба, которое сокрушает указанное место, нанося урон по области.|自天空召喚一把粉碎長槍轟擊目標位置，造成範圍物理傷害. |天空から破壊的なランスを呼び下ろし、目標地点に範囲デミジを与える。|하늘에서 크러쉬 랜스를 호출하여 목표 위치를 내리쳐 광역 데미지를 입힙니다.|Beschwöre eine vernichtende Lanze vom Himmel herab, die den Zielort trifft und Flächenschaden verursacht.|Invoque une lance écrasante qui descend du ciel pour frapper l'endroit ciblé en infligeant des dégâts de zone en étourdissant les ennemis.|Hace caer una lanza aplastante desde el cielo que destroza la ubicación objetivo infligiendo daño en área.|Wezwij miażdżącą lancę z nieba miażdżącą miejsce celu zadającą obrażenia obszarowe.
talent_desc_lanceThrow|When using any of the abilities, you have a chance to throw a piercing lance at a nearby monster dealing physical damage.|When casting you have a chance to throw a piercing lance at a nearby monster dealing damage.|Ao usar qualquer uma das habilidades, conjure também uma lança no inimigo mais próximo que causa Dano Físico.| При использовании заклинания у вас есть шанс метнуть пронзительное копье в ближайшего монстра, нанося урон.|使用任何技能時，你有機率朝附近的怪物投擲一把長槍，造成物理傷害. |詠唱時に近くのモンスターに貫通ランスを投げるチャンスがある。|캐스팅 시 근처 몬스터에게 관통 랜스를 던져 데미지를 입힐 확률이 있습니다.|Beim Wirken besteht die Chance, dass du eine durchdringende Lanze auf ein nahes Monster wirfst und Schaden verursachst.|Lors de l'utilisation d'une compétence, vous projetez également une lance sur l'ennemi le plus proche.|Al lanzar tienes probabilidad de lanzar una lanza perforante a un monstruo cercano infligiendo daño.|Gdy rzucasz masz szansę rzucić przebijającą lancą w pobliskiego potwora zadając obrażenia.
talent_desc_glory|Gain increased attack damage and magic skill damage for a short period.|Gain increased attack damage and magic skill damage for a short period.|Aumenta o Dano de Ataque e o Dano de Habilidades Mágicas por um curto período.| Увеличивает урон от атак и магических навыков на короткий период.|短時間內獲得更高的攻擊傷害和魔法技能傷害. |短時間、攻撃力と魔法スキルデミジを増加させる。|짧은 시간 동안 공격 데미지와 마법 스킬 데미지가 증가합니다.|Erhältst für kurze Zeit erhöhten Angriffs- und Magieschaden.|Augmente les dégâts d'attaque et les dégâts des compétences pendant une courte période.|Obtienes daño de ataque y daño de habilidades mágicas aumentados durante un breve período.|Zyskaj zwiększone obrażenia ataku i obrażenia umiejętności magicznych na krótki czas.
talent_desc_shieldSlam|Strike with your shield dealing physical damage based on the defense of your shield.|Strike with your shield dealing physical damage based on the defense of your shield.|Ataque com seu escudo, causando Dano Físico com base na Defesa do seu Escudo. | Наносите удары щитом, нанося физический урон, зависящий от защиты вашего щита.|使用盾牌攻擊,根據盾牌的防禦力造成物理傷害. |盾で攻撃し、盾の防御力に基づいた物理デミジを与える。|쉴드로 공격하여 방어력에 기반한 물리 데미지를 입힙니다.|Schlag mit deinem Schild zu und verursachst physischen Schaden basierend auf der Verteidigung deines Schildes.||Golpea con tu escudo infligiendo daño físico basado en la defensa de tu escudo.|Uderz tarczą zadając obrażenia fizyczne na podstawie obrony twojej tarczy.
talent_desc_taunt|Taunt monsters to attack you. Additional points increase the monster amount and duration.|Taunt monsters to attack you. Additional points increase the monster amount and duration.|Provoca os inimigos a atacarem você. Pontos adicionais aumentam a quantidade de inimigos e duração.| Заставьте монстров атаковать вас. Дополнительные очки увеличивают количество монстров и продолжительность.|嘲諷怪物攻擊你. 等級提升會增加嘲諷怪物的數量和持續時間.|モンスターを挑発し、自分を攻撃させる。追加ポイントで挑発されるモンスター数と持続時間が増加。|몬스터를 도발하여 공격하게 만듭니다. 추가 포인트는 몬스터의 도발 수와 지속 시간을 증가시킵니다.|Provoziere Monster, dich anzugreifen. Zusätzliche Punkte erhöhen die Anzahl und Dauer der Monsterangriffe.|Incite les ennemis à vous attaquer. Les points supplémentaires augmentent la durée et le nombre d'ennemis.|Provoca a los monstruos para que te ataquen. Puntos adicionales aumentan la cantidad y duración de los monstruos.|Prowokuj potwory aby atakowały ciebie. Dodatkowe punkty zwiększają liczbę potworów i czas trwania.
talent_desc_counter|When active all monster attacks get countered with thrusting lances dealing arcane damage.|When active all monster attacks get countered with thrusting lances dealing arcane damage.|Quando ativo, todos os ataques inimigos são temporariamente anulados por lanças.| При активации все атаки монстров парируются колющими копьями, наносящими урон тайной магией.|啟動後,所有怪物的攻擊都會被造成奧術傷害的刺擊長槍反擊.|有効時、すべてのモンスターの攻撃をアケインデミジを与える突きランスでカウンターする。|활성화 시 모든 몬스터의 공격은 아케인 데미지를 입히는 랜스로 반격됩니다.|Solange diese Fertigkeit aktiv ist, werden alle Monsterangriffe mit Stoßlanzen gekontert, die Arkanschaden verursachen.|Lorsqu'elle est active, toutes les attaques ennemies sont contrées par des coups de lance pendant une courte période.|Cuando está activa, todos los ataques de monstruos son contrarrestados con lanzas que infligen daño arcano.|Gdy aktywna wszystkie ataki potworów są kontratakowane pchnięciami lanc zadającymi obrażenia arcane.
talent_desc_knightsResilience|Increases your life and all resistances.|Increases your life and all resistances.|Aumenta a sua Vida e Todas as Resistências.| Увеличивает вашу жизнь и все сопротивления.|增加你的生命值和全抗性。|体力とすべての耐性を増加させる。|자신의 생명력과 모든 저항력을 증가시킵니다.|Erhöht deine Lebenspunkte und alle Resistenzen.|Augmente votre vie et toutes vos résistances.|Aumenta tu vida y todas las resistencias.|Zwiększa twoje życie i wszystkie odporności.
talent_desc_damageReflect|Increases your damage return.|Increases your damage return.|Aumenta a sua Devolução de Danos.| Увеличивает отдачу урона.|增加你的傷害反彈。|ダメージ反射を増加させる。|대미지 리턴을 증가시킵니다.|Erhöht euren Schadensausstoß.|Augmente vos dégâts d'épine.|Aumenta tu daño devuelto.|Zwiększa twój damage return.
talent_desc_honedDefenses|Every time you get hit by a monster attack gain stacks. At maximum stacks unleash a huge area of effect pulse dealing arcane damage to monsters around you. Can also be casted early to consume the stacks.       |Every time you get hit by a monster attack gain stacks. At maximum stacks unleash a huge area of effect pulse dealing arcane damage to monsters around you. Can also be casted early to consume the stacks.       |Toda vez que você é atingido por um inimigo, ganha Acúmulos. No máximo de Acúmulos, libera um enorme pulso em área que causa Dano Arcano nos inimigos ao seu redor. Também pode ser conjurado mais cedo para consumir os acúmulos.| Каждый раз, когда вас атакует монстр, вы получаете стеки. При максимальных стеках высвобождает огромную область действия импульса, наносящего урон тайной магией монстрам вокруг вас. Также может быть использовано на ранней стадии, чтобы поглотить стеки.|每當你受到怪物攻擊時獲得層數. 在層數達到最大時,釋放一道巨大的範圍脈衝,對周圍的怪物造成奧術傷害. 也可以提前施放以消耗層數. |モンスターの攻撃を受けるたびにスタックを獲得。最大スタック時に巨大な範囲パルスを放ち、周囲のモンスターにアケインデミジを与える。スタックは早めに消費して発動も可能。|몬스터의 공격을 맞을 때마다 스택이 쌓입니다. 최대 스택에 도달하면 큰 범위의 아케인 데미지를 입히는 펄스를 발산하며, 스택을 소비하기 위해 일찍 캐스팅할 수도 있습니다.|Jedes Mal, wenn ihr von einem Monsterangriff getroffen werdet, erhaltet ihr Stapel. Bei maximalen Stapeln entfesselt ihr einen gewaltigen Flächeneffekt, der Monstern in eurer Nähe Arkanschaden zufügt. Die Fertigkeit kann auch vorzeitig eingesetzt werden, um die Stapel zu verbrauchen.|Chaque fois que vous êtes touché par une attaque ennemie, vous gagnez des cumuls. Au maximum, les cumuls libèrent une énorme impulsion de zone infligeant des dégâts aux ennemis autour de vous. Peut également être lancé pour consommer les cumuls.       |Cada vez que recibes un golpe de un monstruo ganas pilas. Al alcanzar el máximo de pilas libera un enorme pulso en área que inflige daño arcano a los monstruos a tu alrededor. También puede lanzarse temprano para consumir las pilas.       |Za każdym razem gdy zostaniesz uderzony przez atak potwora zyskujesz stacki. Przy maksymalnych stackach uwolnij ogromny puls obszarowy zadający obrażenia arcane potworom wokół ciebie. Może być również rzucony wcześniej aby zużyć stacki.
talent_desc_shieldWall|Cast a wall of shields around you blocking monster projectiles dealing arcane and physical damage on hit. Hitting an enemy with Shield Wall generates a Honed Defenses stack.|Cast a wall of shields around you blocking monster projectiles dealing arcane and physical damage on hit.|Conjura uma muralha de escudos ao seu redor, bloqueando os projéteis inimigos. Acertar inimigos com a Muralha de Escudos gera um Acúmulo de Defesas Aprimoradas.| Создайте вокруг себя стену щитов, блокирующих снаряды монстров, наносящие магический и физический урон при попадании.|在你的周圍施展一道盾牌之牆, 阻擋怪物的投射物, 並在擊中時造成奧術與物理傷害. 以盾牆擊中敵人時，產生一層「磨練防禦」。|自分の周囲に盾の壁を展開し、モンスターの飛び道具をブロック、命中時にアケインと物理デミジを与える。|주변에 쉴드 벽을 소환하여 몬스터의 투사체를 막고, 충격 시 아케인과 물리 데미지를 입힙니다.|Erschafft eine Schildwand um euch herum, die Monsterprojektile abfängt und bei Treffern Arkan- und physischen Schaden verursacht.|Créez un mur de boucliers autour de vous pour bloquer les projectiles ennemis.|Invoca un muro de escudos a tu alrededor que bloquea proyectiles de monstruos infligiendo daño arcano y físico al impactar.|Rzuć ścianą tarcz wokół ciebie blokującą pociski potworów zadającą obrażenia arcane i fizyczne przy trafieniu.
talent_desc_knightsVigor|Gain increased maximum life and vitality.|Gain increased maximum life and vitality.|Aumenta a Vida e a Vitalidade. | Увеличьте максимальный уровень жизни и жизненной силы.|增加最大生命值和體力。|最大体力と活力を増加させる。|최대 생명력과 생명력 회복력이 증가합니다.|Erhaltet mehr maximale Lebenspunkte und Vitalität.|Augmentez vos points de santé maximum et votre vitalité. |Aumenta tu vida y vitalidad máximas.|Zyskaj zwiększone maksymalne życie i witalność.
talent_desc_lastStand|Restore yourself to full life and temporarily gain increased magic skill damage and physical damage reduction.|Restore yourself to full life and temporarily gain increased magic skill damage and physical damage reduction.|Restaura sua Vida total e aumenta temporariamente o Dano de Habilidades Mágicas e a Redução de Dano Físico.| Восстановите свою полную жизнь и временно получите повышенный урон от магических навыков и снижение физического урона.|恢覆自己的全部生命值,並暫時獲得增加的魔法技能傷害和物理傷害減免. |自身を完全回復し、一時的に魔法スキルデミジと物理ダメージ軽減を増加させる。|자신의 생명력을 완전히 회복하고 일시적으로 마법 스킬 데미지와 물리 데미지 감소가 증가합니다.|Stellt eure Lebenspunkte vollständig wieder her und erhaltet vorübergehend erhöhten Magieschaden und Schadensreduktion gegen physischen Schaden.|Régénère toute la vie et augmente les dégâts des compétences et la réduction des dégâts pendant une courte période.|Restaura tu vida al máximo y obtienes temporalmente daño de habilidades mágicas y reducción de daño físico aumentados.|Przywróć siebie do pełnego życia i tymczasowo zyskaj zwiększone obrażenia umiejętności magicznych i redukcję obrażeń fizycznych.
|||||||||||
talent_name_sandGuardian|Sand Guardians|Sand Guardians|Guardiões de Areia| Песчаные Стражи|沙之守衛|砂の守護者|샌드 가디언|Sandwächter|Gardiens de sable|Guardianes de Arena|Strażnicy Piasku
talent_name_callForWar|Call For War|Call For War|Chamado para Guerra| Призыв к войне|戰爭呼喚|戦争の呼びかけ|콜 워|Aufruf zum Krieg|Appel à la guerre|Llamada a la Guerra|Wezwanie na Wojnę
talent_name_circleOfGuardians|Circle of Guardians|Circle of Guardians|Círculo de Guardiões| Круг Хранителей|守護者之環|守護者の輪|서클 가디언|Kreis der Wächter|Cercle des gardiens|Círculo de Guardianes|Kręg Strażników
talent_name_piercingSand|Piercing Sand|Piercing Sand|Areia Perfurante| Пронзающий Песок|穿刺之砂|砂を貫く|피어싱 샌드|Durchdringender Sand|Sable perforant|Arena Perforante|Przebijający Piasek
talent_name_linkOfSand|Link of Sand|Link of Sand|Elo de Areia| Ссылка на песок|沙之連結|砂のつながり|링크 샌드|Verbindung aus Sand|Lien de sable|Enlace de Arena|Powiązanie Piasku
talent_name_dissipation|Dissipation|Dissipation|Dissipação| Рассеивание|消散|消散|디시페이션|Auflösung|Dissipation|Disipación|Rozproszenie
talent_name_spiritLink|Spirit Link|Spirit Link|Elo Espiritual| Духовная связь|靈魂連結|精神のつながり|스피릿 링크|Geisterverbindung|Lien spirituel|Enlace Espiritual|Powiązanie Duchowe
talent_name_cheapShot|Cheapshot|Cheapshot|Golpe Baixo| Дешевка|暗算|安っぽい一撃|칩샷|Falscher Schuss|Coup bas|Golpe Bajo|Tani Cios
talent_name_combatOrder|Combat Order|Combat Order|Ordem de Combate| Боевой порядок|戰鬥命令|戦闘命令|컴뱃 오더|Kampfbefehl|Ordre de combat|Orden de Combate|Rozkaz Bojowy
talent_name_ageProliferation|Age Proliferation|Age Proliferation|Proliferação de Idade| Возраст Пролиферация|衰老|年齢の増殖|에이지 프로리퍼레이션|Zeitausbreitung|Vieillissement|Proliferación de Edad|Proliferacja Wieku
talent_name_gravitationalSlam|Gravitation Slam|Gravitation Slam|Golpe Gravitacional| Гравитационный удар|重力猛擊|重力スラム|그래비테이션 슬램|Gravitationsschlag|Frappe de gravitation|Golpe de Gravitación|Grawitacyjne Uderzenie
talent_name_splitReality|Split Reality|Split Reality|Realidade Dividida| Разделенная реальность|分裂現實|現実の分裂|스플릿 리얼리티|Gespaltene Realität|Réalité fractionnée|División de Realidad|Rozszczepiona Rzeczywistość
talent_name_sandsOfTime|Sands of Time|Sands of Time|Areias do Tempo| Пески времени|時之沙|時間の砂|샌드 타임|Sand der Zeit|Sables du temps|Arenas del Tiempo|Piaski Czasu
talent_name_timeDeceleration|Time Deceleration|Time Deceleration|Desaceleração do Tempo| Замедление времени|時間減速|時間の減速|타임 디셀러레이션|Zeitverzögerung|Ralentissement du temps|Desaceleración Temporal|Spowolnienie Czasu
talent_name_dimensionalDisplacement|Dimensional Displacement|Dimensional Displacement|Deslocamento Dimensional| Пространственное смещение|空間轉移|次元の変位|디멘셔널 디스플레이스먼트|Dimensionale Verschiebung|Déplacement dimensionnel|Desplazamiento Dimensional|Przesunięcie Wymiarowe
talent_name_precognition|Precognition|Precognition|Precognição| Предвидение|預知|予知|프리코그니션|Vorahnung|Prescience|Precognición|Przeczucie
talent_name_expansiveMind|Expansive Mind|Expansive Mind|Mente Expansiva| Экспансивный разум|思維廣闊|拡張する心|익스팬시브 마인드|Expansiver Geist|Esprit ouvert|Mente Expansiva|Rozszerzony Umysł
talent_name_temporalHeroes|Temporal Heroes|Temporal Heroes|Heróis Temporais| Герои Времени|時空英雄 |時間の英雄 |템포럴 히어로즈|Zeitliche Helden|Héros temporels|Héroes Temporales|Czasowi Bohaterowie
|||||||||||
talent_desc_sandGuardian|Conjure a Sand Guardian that attacks nearby monsters dealing arcane damage. |Conjure a Sand Guardian that attacks nearby monsters dealing arcane damage. |Invoca um Guardião de Areia que ataca os inimigos próximos, causando Dano Arcano. | Призвать Песчаного Хранителя, который атакует близлежащих монстров, нанося урон тайной магией. |召喚沙之守衛，攻擊附近的怪物並造成奧術傷害. |砂の守護者を召喚し、近くのモンスターにアケインデミジを与えて攻撃する。|샌드 가디언을 소환하여 주변 몬스터를 공격하고 아케인 데미지를 입힙니다. |Beschwöre einen Sandwächter, der nahe Monster mit Arkanschaden angreift.|Invoque un Gardien de sable qui attaque les ennemis proches en leur infligeant des dégâts d'arcane.|Invoca un Guardián de Arena que ataca a los monstruos cercanos infligiendo daño arcano. |Przywołaj Strażnika Piasku który atakuje pobliskie potwory zadając obrażenia arcane.
talent_desc_callForWar|Command all Sand Guardians to charge to target area. Passively increases Sand Guardian dash range.|Command all Sand Guardians to charge to target area. Passively increases Sand Guardian dash range.|Comanda todos os Guardiões da Areia para atacar a área-alvo. Aumenta passivamente o alcance do avanço do Guardião da Areia.| Прикажите всем Песчаным Хранителям рвануть в указанную область. Пассивно увеличивает дальность рывка Песчаных Хранителей.|命令所有沙之守衛衝向目標區域. 被動增加沙之守衛的衝刺距離. |すべての砂の守護者に目標地点へ突進するよう指示する。砂の守護者の突進距離がパッシブで増加する。|모든 샌드 가디언에게 목표 지역으로 돌진하라고 명령합니다. 샌드 가디언의 돌진 범위가 수동적으로 증가합니다.|Befiehl allen Sandwächtern, zum Zielgebiet zu stürmen. Erhöht passiv die Sprintreichweite der Sandwächter.|Ordonnez à tous les Gardiens des sables de charger la zone ciblée. Augmente passivement la portée de leur charge. |Ordena a todos los Guardianes de Arena que carguen hacia el área objetivo. Aumenta pasivamente el rango de dash de los Guardianes de Arena.|Rozkaż wszystkim Strażnikom Piasku szarżować w miejsce celu. Pasywnie zwiększa zasięg szarży Strażnika Piasku.
talent_desc_circleOfGuardians|Conjure a circle of Sand Guardians around you increasing Sand Guardians’ arcane damage.|Conjure a circle of Sand Guardians around you increasing Sand Guardians’ arcane damage.|Convoca um círculo de Guardiões de Areia ao seu redor, aumentando o Dano Arcano do Guardião de Areia.| Создайте вокруг себя круг Песчаных Стражей, увеличивая урон от их тайной магии.|召喚一圈沙之守護者圍繞你，增加沙之守護者的奧術傷害. |あなたの周囲に砂の守護者の円陣を召喚し、砂の守護者のアケインデミジを増加させる。|주변에 샌드 가디언의 원을 소환하여 샌드 가디언의 아케인 데미지를 증가시킵니다.|Beschwöre einen Kreis aus Sandwächtern um dich herum, wodurch deren Arkanschaden erhöht wird.|Invoque un cercle de Gardiens de sable autour de vous, ce qui augmente les dégâts des Gardien des sable.|Invoca un círculo de Guardianes de Arena a tu alrededor que aumenta el daño arcano de los Guardianes de Arena.|Przywołaj krąg Strażników Piasku wokół ciebie zwiększając obrażenia arcane Strażników Piasku.
talent_desc_piercingSand|Sand Guardians break monster arcane resistances on attack.|Sand Guardians break monster arcane resistances on attack.|Guardiões de Areia aplicam Quebra Arcana nos inimigos ao atacar.| Песчаные стражи разрушают сопротивление монстров магии при атаке.|沙之守衛在攻擊時會降低怪物的奧術抗性。|砂の守護者は攻撃時にモンスターのアケイン耐性を破壊する。|샌드 가디언은 공격 시 몬스터의 아케인 저항력을 깨뜨립니다.|Sandwächter durchbrechen bei Angriffen die Arkanresistenz von Monstern.|Le Gardien de sable brise la résistance magique de l'ennemi lorsqu'il attaque.|Los Guardianes de Arena rompen las resistencias arcanas de los monstruos al atacar.|Strażnicy Piasku przełamują odporności arcane potworów przy ataku.
talent_desc_linkOfSand|Pull yourself into the closest Sand Guardian in the target location temporarily empowering all nearby Sand Guardians arcane damage.|Pull yourself into the closest Sand Guardian in the target location temporarily empowering all nearby Sand Guardians arcane damage.|Puxe a si mesmo para o Guardião de Areia mais próximo no local-alvo, fortalecendo temporariamente o Dano Arcano de todos os Guardiões de Areia próximos.| Притянитесь к ближайшему Песчаному Хранителю в указанном месте, временно усилив урон от тайной магии всех находящихся поблизости Песчаных Хранителей.|將自己拉向距離最近的沙之守衛, 並暫時為附近所有沙之守衛增加奧術傷害. |目標地点の最も近い砂の守護者に自身を引き寄せ、周囲の砂の守護者のアケインデミジを一時的に強化する。|목표 위치에서 가장 가까운 샌드 가디언에게 자신을 끌어당겨 잠시 동안 주변 샌드 가디언들의 아케인 데미지를 강화합니다.|Ziehe dich zum nächstgelegenen Sandwächter am Zielort, wodurch der Arkanschaden aller nahen Sandwächter vorübergehend verstärkt wird.|Vous attire dans le Gardien des sables le plus proche de l'endroit ciblé, ce qui augmente les dégâts de tous les Gardiens de sable à proximité pendant une courte période.|Te atraes hacia el Guardián de Arena más cercano en la ubicación objetivo empoderando temporalmente el daño arcano de todos los Guardianes de Arena cercanos.|Przyciągnij siebie do najbliższego Strażnika Piasku w miejscu celu tymczasowo wzmacniając wszystkie pobliskie Strażniki Piasku obrażeniami arcane.
talent_desc_dissipation|Sand Guardians explode upon expiration dealing area of effect arcane damage.|Sand Guardians explode upon expiration dealing area of effect arcane damage.|Os Guardiões de Areia explodem ao expirar, causando Dano Arcano em área.| По истечении срока действия Песчаные стражи взрываются, нанося урон тайной магией по области действия.|沙之守衛在持續時間結束時爆炸,造成範圍奧術傷害. |砂の守護者は消滅時に爆発し、範囲アケインデミジを与える。|샌드 가디언은 만료 시 폭발하여 범위 아케인 데미지를 입힙니다.|Sandwächter explodieren nach Ablauf ihrer Wirkungsdauer und verursachen Flächenschaden durch Arkanen Schaden.|Les Gardiens de sable explosent lorsqu'ils expirent, infligeant des dégâts d'arcane de zone.|Los Guardianes de Arena explotan al expirar infligiendo daño arcano en área.|Strażnicy Piasku eksplodują przy wygaśnięciu zadając obrażenia obszarowe arcane.
talent_desc_spiritLink|Link of Sand increases your magic skill damage and physical damage reduction for a short period.|Link of Sand now increases your magic skill damage and physical damage reduction for a short period.|Elo de Areia aumenta o Dano de Habilidade Arcana e a Redução de Dano Físico por um curto período.| «Звено песка» теперь на короткое время увеличивает урон от магических навыков и снижает физический урон.|沙之連結能在短時間內提升你的魔法技能傷害與物理傷害減免. |サンドリンクは短時間、あなたの魔法スキルデミジと物理ダメージ軽減を増加させる。|링크 샌드는 이제 짧은 시간 동안 마법 스킬 데미지와 물리 데미지 감소를 증가시킵니다.|Die Verbindung des Sandes erhöht nun kurzzeitig euren Magieschaden und eure Schadensreduktion gegen physischen Schaden.|Lien de sable augmente désormais les dégâts de vos compétences d'arcane et la réduction des dégâts subis pendant une courte période.|El Enlace de Arena ahora aumenta tu daño de habilidades mágicas y reducción de daño físico durante un breve período.|Powiązanie Piasku teraz zwiększa twoje obrażenia umiejętności magicznych i redukcję obrażeń fizycznych na krótki czas.
talent_desc_cheapShot|Sand Guardians gain a chance to deal a deadly attack with increased arcane damage and stunning their target.|Sand Guardians gain a chance to deal a deadly attack with increased arcane damage and stunning their target.|Ordene que os Guardiões da Areia causem um ataque mortal com Dano Arcano aumentado, atordoando o alvo.| У Песчаных Стражей появляется шанс нанести смертельную атаку с увеличенным уроном от тайной магии и оглушить цель.|沙之守衛有機率發動致命攻擊,增加奧術傷害並使目標暈眩. |砂の守護者は致命的な攻撃を行うチャンスを得て、増加したアケインデミジとスタン効果を付与する。|샌드 가디언은 증가된 아케인 데미지로 치명적인 공격을 할 확률이 있으며, 목표를 기절시킵니다.|Sandwächter haben eine Chance, einen tödlichen Angriff mit erhöhtem Arkanen Schaden auszuführen und ihr Ziel zu betäuben.|Ordonnez aux Gardiens de sable d'effectuer une attaque mortelle avec des dégâts d'arcane accrus et d'étourdir leur cible.|Los Guardianes de Arena obtienen probabilidad de realizar un ataque mortal con daño arcano aumentado y aturdiendo a su objetivo.|Strażnicy Piasku zyskują szansę na zadanie śmiertelnego ataku ze zwiększonymi obrażeniami arcane i ogłuszającego swój cel.
talent_desc_combatOrder|Sand Guardians gain a chance to perform an area of effect attack dealing arcane damage.|Sand Guardians gain a chance to perform an area of effect attack dealing arcane damage.|Guardiões de Areia ganham uma chance de dar um Ataque em Área causando Dano Arcano.| У Песчаных Стражей появляется шанс провести атаку по области, наносящую урон тайной магией.|沙之守衛有機率進行範圍攻擊,造成奧術傷害. |砂の守護者は範囲攻撃を行うチャンスを得て、アケインデミジを与える。|샌드 가디언은 아케인 데미지를 입히는 범위 공격을 할 확률을 얻습니다.|Sandwächter haben eine Chance, einen Flächenangriff mit Arkanen Schaden auszuführen.|Les Gardiens des Sables ont une chance d'effectuer une attaque de zone infligeant des dégâts arcaniques. |Los Guardianes de Arena obtienen probabilidad de realizar un ataque en área infligiendo daño arcano.|Strażnicy Piasku zyskują szansę na wykonanie ataku obszarowego zadającego obrażenia arcane.
talent_desc_ageProliferation|Channel waves of fractal energy on the target monster sending pulses out dealing arcane damage to nearby monsters.|Channel waves of fractal energy on the target monster sending pulses out dealing arcane damage to nearby monsters.|Canaliza ondas de energia fractal no inimigo-alvo, enviando pulsos que causam Dano Arcano nos inimigos próximos.| Направьте волны фрактальной энергии на целевого монстра, посылая импульсы, наносящие магический урон ближайшим монстрам.|在目標怪物身上引導分形能量波發出脈衝,對附近的怪物造成奧術傷害. |目標のモンスターにフラクタルエネルギーの波をチャネリングし、周囲のモンスターにアケインデミジのパルスを放つ。|목표 몬스터에 프랙탈 에너지 파동을 채널링하여 펄스를 보내며, 주변 몬스터에게 아케인 데미지를 입힙니다.|Kanalisiert Wellen fraktaler Energie auf das anvisierte Monster und sendet Impulse aus, die nahen Monstern Arkanen Schaden zufügen.|Canaliser des vagues d'énergie fractale sur l'ennemi ciblé en envoyant des impulsions qui ralentissent et infligent des dégâts d'arcane aux ennemis proches.|Canaliza olas de energía fractal sobre el monstruo objetivo enviando pulsos que infligen daño arcano a los monstruos cercanos.|Kanałuj fale fraktalnej energii na docelowego potwora wysyłając pulsy zadające obrażenia arcane pobliskim potworom.
talent_desc_gravitationalSlam|Raise monsters in target location into the air smashing them down with quantum force dealing arcane damage.|Raise monsters in target location into the air smashing them down with quantum force dealing arcane damage.|Levanta os inimigos no local-alvo, esmagando-os com força quântica, causando Dano Arcano.| Поднимайте монстров в указанном месте в воздух, сбивая их с ног квантовой силой, нанося урон тайной магией.|將目標位置的怪物舉起,用量子力量將其擊倒,造成奧術傷害.|目標地点のモンスターを空中に持ち上げ、量子の力で叩きつけてアケインデミジを与える。|목표 위치의 몬스터를 공중으로 들어 올려 퀀텀 포스로 내리쳐 아케인 데미지를 입힙니다.|Hebt Monster am Zielort in die Luft und schleudert sie mit Quantenkraft zu Boden, wodurch sie Arkanen Schaden erleiden.|Élever les ennemis de la zone ciblée dans les airs en les écrasant avec la force quantique et en leur infligeant des dégâts d'arcane.|Levanta a los monstruos en la ubicación objetivo en el aire y los estrella contra el suelo con fuerza cuántica infligiendo daño arcano.|Podnieś potwory w miejscu celu w powietrze miażdżąc je w dół kwantową siłą zadającą obrażenia arcane.
talent_desc_splitReality|Detach from your quantum self leaving your fractal self behind that explodes when coming in contact with a monster dealing arcane damage.|Detach from your quantum self leaving your fractal self behind that explodes when coming in contact with a monster dealing arcane damage.|Separe-se do seu eu quântico, deixando para trás o seu eu fractal que explode ao entrar em contato com um inimigo, causando Dano Arcano.| Отделитесь от своего квантового «я», оставив позади свое фрактальное «я», которое взрывается при контакте с монстром, нанося урон тайной магией.|脫離你的量子自我，留下你的分形自我，在與怪物接觸時引爆並造成奧術傷害. |量子の自己から分離し、モンスターに接触すると爆発してアケインデミジを与えるフラクタルの自己を残す。|퀀텀 자아에서 분리되어 프랙탈 자아를 남기고, 몬스터와 접촉 시 폭발하여 아케인 데미지를 입힙니다.|Trenne dich von deinem Quanten-Selbst und lasse dein Fraktal-Selbst zurück, das explodiert, sobald es mit einem Monster in Berührung kommt, das Arkanschaden verursacht.||Te desprendes de tu yo cuántico dejando atrás tu yo fractal que explota al entrar en contacto con un monstruo infligiendo daño arcano.|Odłącz się od swojego kwantowego ja zostawiając za sobą swoje fraktalne ja które eksploduje gdy zetknie się z potworem zadając obrażenia arcane.
talent_desc_sandsOfTime|Temporarily increase your arcane skill damage and cast rate.|Temporarily increase your arcane skill damage and cast rate.|Aumenta temporariamente o seu Dano de Habilidade Arcana e a Taxa de Conjuração Mais Rápida.| Временно увеличивает урон и скорость применения магических навыков.|暫時提高你的奧術技能傷害和施法速度. |短時間、あなたのアケインスキルデミジと詠唱速度を増加させる。|잠시 동안 아케인 스킬 데미지와 캐스트 속도를 증가시킵니다.|Erhöhe vorübergehend deinen Arkanfertigungsschaden und deine Zaubergeschwindigkeit.|Augmente les dégâts et la vitesse des sorts des compétences d'arcane pendant une courte période.|Aumenta temporalmente tu daño de habilidades arcanas y velocidad de lanzamiento.|Tymczasowo zwiększ twoje obrażenia umiejętności arcane i szybkość rzucania.
talent_desc_timeDeceleration|Break time and space causing all nearby monsters to take arcane damage and Slowing them.|Break time and space causing all nearby monsters to take arcane damage and Slowing them.|Quebra o tempo e o espaço, fazendo com que todos os inimigos próximos recebam Dano Arcano e Desacelerem.| Разрывает время и пространство, заставляя всех находящихся поблизости монстров получать урон от тайной магии и замедляя их.|打破時間和空間,使附近所有敵人受到奧術傷害並減速. |時空を断ち切り、周囲のモンスター全てにアケインデミジを与え、スロー効果を付与する。|시간과 공간을 깨트려 주변 모든 몬스터가 아케인 데미지를 입고 둔화됩니다.|Brich Raum und Zeit, wodurch alle Monster in der Nähe Arkanschaden erleiden und verlangsamt werden.|Brise le temps et l'espace, ralentissant tous les ennemis proches et leur infligeant des dégâts d'arcane.|Rompe el tiempo y el espacio haciendo que todos los monstruos cercanos reciban daño arcano y sean ralentizados.|Przełam czas i przestrzeń powodując że wszystkie pobliskie potwory otrzymują obrażenia arcane i są spowalniane.
talent_desc_dimensionalDisplacement|Warp a short distance towards target location temporarily gaining increased movement speed.|Warp a short distance towards target location temporarily gaining increased movement speed.|Transporta-se por uma corta distância em direção ao local-alvo, ganhando temporariamente maior Velocidade de Movimento..| Переместитесь на небольшое расстояние к указанному местоположению, временно получив повышенную скорость передвижения.|朝目標位置傳送一小段距離,並短暫獲得增加移動速度效果. |短距離ワープして目標地点へ移動し、一時的に移動速度を増加させる。|목표 위치로 짧은 거리를 워프하여 일시적으로 이동 속도가 증가합니다.|Teleportiere dich kurzzeitig zum Zielort und erhalte dadurch vorübergehend erhöhte Bewegungsgeschwindigkeit.|Se déplace sur une courte distance vers la cible et gagne en vitesse de marche/course pendant une courte période.|Teletransporta una corta distancia hacia la ubicación objetivo obteniendo temporalmente velocidad de movimiento aumentada.|Przeniesienie się na krótką odległość w kierunku miejsca celu tymczasowo zyskując zwiększoną prędkość ruchu.
talent_desc_precognition|Increases your arcane skill damage.|Increases your arcane skill damage.|Aumenta o seu Dano de Habilidade Arcana.| Увеличивает урон от ваших тайных навыков.|增加你的奧術技能傷害。|あなたのアケインスキルデミジを増加させる。|아케인 스킬 데미지를 증가시킵니다.|Erhöht deinen Arkanfertigungsschaden.|Augmente les dégâts infligés par les compétences d'arcane.|Aumenta tu daño de habilidades arcanas.|Zwiększa twoje obrażenia umiejętności arcane.
talent_desc_expansiveMind|Increases your mana and mana replenish.|Increases your mana and mana replenish.|Aumenta a sua Mana e Recuperação de Mana.|Увеличивает вашу ману и восполняет ее.|增加你的法力值和法力回復。|あなたのマナとマナ回復を増加させる。|마나와 마나 회복량을 증가시킵니다.|Erhöht dein Mana und deine Manaregeneration.|Augmente le mana et la restauration du mana.|Aumenta tu maná y regeneración de maná.|Zwiększa twoją manę i replenish many.
talent_desc_temporalHeroes|Summon a fractal Viking, Pyromancer and Marksman to fight on your side.|Summon a fractal Viking, Pyromancer and Marksman to fight on your side.|Convoque um Viking, um Piromante e um Atirador fractal para lutar ao seu lado.| Призвать фрактального викинга|召喚一個維京人、火法師和神射手,與您並肩作戰. |フラクタルのヴァイキング、パイロマンサー、マークスマンを召喚し、共に戦わせる。|프랙탈 바이킹, 파이로맨서, 마크스맨을 소환하여 당신의 편에서 싸우게 합니다.|Beschwöre einen fraktalen Wikinger, Pyromanten und Scharfschützen, die an deiner Seite kämpfen.|Invoque un Viking, un Pyromancien et un Tireur d'élite pour se battre à vos côtés.|Invoca un Vikingo fractal, un Piromante y un Tirador para que luchen a tu lado.|Przywołaj fraktalnego Vikinga, Pyromancera i Marksmana aby walczyli po twojej stronie.
|||||||||||
talent_name_frozenBoulder|Frozen Boulder|Frozen Boulder|Pedregulho Congelado| Замороженный валун|冰凍巨石|凍った岩|프로즌 볼더|Gefrorener Felsbrocken|Boule de glace|Roca Congelada|Zamrożona Skała
talent_name_breathOfIce|Breath of Ice|Breath of Ice|Sopro de Gelo| Дыхание льда|寒冰之息|氷の息吹|아이스 브레스|Atem aus Eis|Souffle de glace|Aliento de Hielo|Oddech Lodu
talent_name_powerOfTheAncients|Power of the Ancients|Power of the Ancients|Poder dos Anciões| Сила Древних|遠古之力|古代の力|엔시언츠 파워|Macht der Alten|Puissance des anciens|Poder de los Antiguos|Moc Starożytnych
talent_name_orbOfFrost|Orb of Frost|Orb of Frost|Orbe de Gelo| Шар Мороза|冰霜之球|氷のオーブ|프로즌 오브|Kugel aus Frost|Orbe de givre|Orbe de Escarcha|Orb Mrozu
talent_name_frozenHide|Frozen Hide|Frozen Hide|Pele Congelada| Замороженная шкура|冰凍外皮|凍った皮|프로즌 하이드|Gefrorene Haut|Peau gelée|Piel Congelada|Zamrożona Skóra
talent_name_icicles|Icicles|Icicles|Sincelos| Сосульки|冰柱|つらら|아이시클|Eiszapfen|Stalactites|Carámbanos|Sople
talent_name_portalOfIce|Portal of Ice|Portal of Ice|Portal de Gelo| Портал Льда|冰之傳送門|氷の門|아이스 포탈|Portal aus Eis|Portail de glace|Portal de Hielo|Portal Lodu
talent_name_avatarOfFrost|Avatar of Frost|Avatar of Frost|Avatar de Gelo| Аватар Фроста|霜之化身|氷の化身|프로스트 아바타|Avatar des Frosts|Avatar de givre|Avatar de Escarcha|Awatar Mrozu
talent_name_blizzard|Blizzard|Blizzard|Nevasca| Метель|暴風雪|吹雪|블리자드|Blizzard|Blizzard|Ventisca|Zamieć
talent_name_glacialTremors|Glacial Tremors|Glacial Tremors|Tremores Glaciais| Ледниковые толчки|冰川震動|氷河の震え|글레이셜 트레모르|Gletscherbeben|Tremblements du glacier|Temblores Glaciales|Lodowe Drżenia
talent_name_flashFreeze|Flash Freeze|Flash Freeze|Fulgor Congelado| Мгновенная заморозка|瞬間凍結|瞬間凍結|플래시 프리즈|Schockfrost|Gel soudain|Congelación Instantánea|Błyskawiczne Zamrożenie
talent_name_freezingLeap|Freezing Leap|Freezing Leap|Salto Congelante| Замораживающий скачок|冰凍飛躍|凍りつく跳躍|프리징 리프|Gefriersprung|Saut de congélation|Salto Congelante|Zamrażający Skok
talent_name_permaFrost|Permafrost|Permafrost|Permafrost| Вечная мерзлота|永久凍土|永久凍土|퍼마프로스트|Permafrost|Pergélisol|Permafrost|Permafrost
talent_name_glacialArmor|Glacial Armor|Glacial Armor|Armadura Glacial| Ледяная броня|冰河鎧甲|氷河の鎧|글레이셜 아머|Gletscherpanzerung|Armure glaciaire|Armadura Glacial|Lodowy Pancerz
talent_name_frostSunder|Frost Sunder|Frost Sunder|Ruptura Gélida| Развертка Заморозка|冰霜裂痕|一掃凍結|스윕 프리즈|Staubfrost|Congélation |Rompedor de Escarcha|Frost Sunder
talent_name_avalanche|Avalanche|Avalanche|Avalanche| Лавина|雪崩|雪崩|아발란체|Lawine|Avalanche|Alud|Lawina
talent_name_absoluteZero|Absolute Zero|Absolute Zero|Zero Absoluto| Абсолютный Ноль|絕對零度|絶対零度|앱솔루트 제로|Absoluter Nullpunkt|Zéro absolu|Cero Absoluto|Absolutne Zero
talent_name_theEmbodimentOfAurgelmir|The Embodiment of Aurgelmir|The Embodiment of Aurgelmir|A Encarnação de Aurgelmir| Воплощение Аургельмира|尤彌爾化身 |オーゲルミルの化身 |아우겔미르 엠바디언트|Die Verkörperung von Aurgelmir|Incarnation d'Aurgelmir|La Encarnación de Aurgelmir|Wcielenie Aurgelmira
|||||||||||
talent_desc_frozenBoulder|Throw a frozen boulder dealing cold damage to monsters on its path.|Throw a frozen boulder dealing cold damage to monsters on its path.|Arremessa um enorme Pedregulho Congelado, causando Dano de Gelo aos inimigos em seu caminho.| Бросьте замороженный валун, наносящий урон холодом монстрам на своем пути.|丟出一塊冰凍巨石,對其路徑上的怪物造成冰霜傷害. |氷結した大岩を投げ、通った道のモンスターに冷気デミジを与える。|얼어붙은 바위를 던져 길목의 몬스터에게 냉기 데미지를 입힙니다.|Wirf einen gefrorenen Felsbrocken, der Monstern auf seinem Weg Kälteschaden zufügt.|Lance un énorme bloc de glace qui inflige des dégâts de froid aux ennemis sur sa trajectoire.|Lanza una roca congelada que inflige daño de frío a los monstruos en su trayectoria.|Rzuć zamrożoną skałą zadającą obrażenia zimna potworom na swojej drodze.
talent_desc_breathOfIce|Breathe glacial air freezing and dealing cold damage to monsters.|Breathe glacial air freezing and dealing cold damage to monsters.|Expire ar glacial Congelando e causando Dano de Gelo nos inimigos.| Дышите ледяным воздухом, замораживая и нанося урон холодом монстрам.|吐出寒冰之息,凍結怪物並造成冰霜傷害. |氷河の空気を吐き出し、モンスターを凍結させ冷気デミジを与える。|빙하의 공기를 내쉬어 몬스터를 동결시키고 냉기 데미지를 입힙니다.|Atme eisige Luft, die Monster einfriert und ihnen Kälteschaden zufügt.|Insuffler de l'air glacial à l'endroit ciblé gelant et infligeant des dégâts de froid aux ennemis.|Respira aire glacial congelando e infligiendo daño de frío a los monstruos.|Wydychaj lodowe powietrze zamrażając i zadając obrażenia zimna potworom.
talent_desc_powerOfTheAncients|Gain additional cold skill damage based on your mana.|Gain additional cold skill damage based on your mana.|Recebe Dano de Habilidade de Gelo adicional baseado em sua Mana.| Получите дополнительный урон от холодных умений в зависимости от вашей маны.|根據法力值獲得額外的冰霜技能傷害. |マナに基づいて追加の冷気スキルデミジを得る。|마나에 따라 추가적인 냉기 스킬 데미지를 얻습니다.|Erhalte zusätzlichen Kälteschaden basierend auf deinem Mana.|Vous gagnez des dégâts de froid supplémentaires par tranche de 100 points de mana.|Obtienes daño de habilidades de frío adicional basado en tu maná.|Zyskaj dodatkowe obrażenia umiejętności zimna na podstawie twojej many.
talent_desc_orbOfFrost|Cast a frozen orb traveling in target direction releasing icicles, freezing and dealing cold damage to monsters on its path.|Cast a frozen orb traveling in target direction releasing icicles, freezing and dealing cold damage to monsters on its path.|Lança um orbe congelado que viaja na direção do alvo, liberando Sincelos, Congelando e causando Dano de Gelo aos inimigos em seu caminho.| Бросаем замороженный шар, летящий в указанном направлении, выпускающий сосульки.|投擲一個寒冰球,沿著目標方向移動並釋放冰柱, 凍結其路徑上的怪物並造成冰霜傷害. |目標方向へ飛ぶ氷結のオーブを詠唱し、氷柱を放ち、通過したモンスターを凍結させ冷気デミジを与える。|얼어붙은 구슬을 목표 방향으로 던져 고드름을 방출하고, 길목의 몬스터를 얼리며 냉기 데미지를 입힙니다.|Schaffe eine gefrorene Kugel, die sich in Zielrichtung bewegt und Eiszapfen freisetzt, die Monster auf ihrem Weg einfrieren und ihnen Kälteschaden zufügen.|Lancez un orbe gelé qui se déplace dans la direction ciblée en libérant des stalactites gelant et infligeant des dégâts de froid aux ennemis qui se trouvent sur son chemin.|Invoca un orbe congelado que viaja en la dirección objetivo liberando carámbanos, congelando e infligiendo daño de frío a los monstruos en su trayectoria.|Rzuć zamrożoną orbą podróżującą w kierunku celu uwalniającą sople, zamrażającą i zadającą obrażenia zimna potworom na swojej drodze.
talent_desc_frozenHide|Cast a frost enhanced shield on yourself reducing incoming physical damage, freezing and dealing cold damage to monsters that attack you.|Cast a frost enhanced shield on yourself reducing incoming physical damage, freezing and dealing cold damage to monsters that attack you.|Lança um escudo com efeito de gelo sobre si mesmo, reduzindo o Dano Físico recebido, Congelando e causando Dano de Gelo nos inimigos que o atacarem| Наложите на себя усиленный холодом щит, снижающий входящий физический урон.|為你自己施加一個冰霜增強護盾,減少受到的物理傷害, 對攻擊你的敵人造成冰凍和冰霜傷害. |自分に氷結強化の盾を詠唱し、受ける物理ダメージを軽減し、攻撃してくるモンスターを凍結させ冷気デミジを与える。|동결 강화된 방패를 자신에게 시전하여 물리 데미지를 감소시키고, 자신을 공격하는 몬스터에게 냉기 데미지를 입히며 동결시킵니다.|Erschaffe einen frostverstärkten Schild um dich herum, der eingehenden physischen Schaden reduziert und Monster, die dich angreifen, einfriert und ihnen Kälteschaden zufügt.|Lancez un bouclier de givre sur vous, réduisant les dégâts, gelant et infligeant des dégâts de froid aux ennemis qui vous attaquent.|Invoca un escudo mejorado con escarcha sobre ti que reduce el daño físico entrante, congela e inflige daño de frío a los monstruos que te atacan.|Rzuć tarczę wzmocnioną mrozem na siebie zmniejszającą otrzymywane obrażenia fizyczne, zamrażającą i zadającą obrażenia zimna potworom które cię atakują.
talent_desc_icicles|Every 5th time you cast a spell also release Icicles dealing cold damage.|Every 5th time you cast a spell also release Icicles dealing cold damage.|A cada 5 vezes que você lança um feitiço, também libera Sincelos que causam Dano de Gelo.| Каждый пятый раз, когда вы произносите заклинание, вы выпускаете сосульки, наносящие урон холодом.|每施放5次法術,還會釋放冰柱造成冰霜傷害. |5回に1回の魔法詠唱時に氷柱も放ち、冷気デミジを与える。|마법을 5번 시전할 때마다 고드름을 방출하여 냉기 데미지를 입힙니다.|Bei jedem fünften Zauber werden Eiszapfen freigesetzt, die Kälteschaden verursachen.|Tous les 5 sorts lancés, des stalactites sont également libérées, infligeant des dégâts de froid. |Cada 5.º lanzamiento de hechizo también libera Carámbanos que infligen daño de frío.|Co 5. raz gdy rzucasz zaklęcie również uwolnij Sople zadające obrażenia zimna.
talent_desc_portalOfIce|Teleport to the target location and release a frost nova dealing cold damage.|Teleport to the target location and release a frost nova dealing cold damage.|Teleporte-se para o local-alvo e libere uma nova de gelo que causa Dano de Gelo.| Телепортируйтесь в указанное место и выпустите ледяную новую, наносящую урон холодом.|傳送至目標位置並釋放一個造成冰霜傷害的霜凍新星. |目標地点にテレポートし、氷結のノヴァを放ち冷気デミジを与える。|목표 위치로 텔레포트한 후 프로스트 노바를 방출하여 냉기 데미지를 입힙니다.|Teleportiere dich zum Zielort und entfessele eine Frostnova, die Kälteschaden verursacht.|Se téléporte sur une courte distance en libérant une Nova de givre à l'endroit ciblé.|Teletransporta a la ubicación objetivo y libera una nova de escarcha que inflige daño de frío.|Teleportuj się w miejsce celu i uwolnij frost novę zadającą obrażenia zimna.
talent_desc_avatarOfFrost|Increases your cold skill damage.|Increases your cold skill damage.|Aumenta o seu Dano de Habilidade de Gelo.| Увеличивает урон от ваших навыков холода.|增加你的冰霜技能傷害。|あなたの冷気スキルデミジを増加させる。|냉기 스킬 데미지를 증가시킵니다.|Erhöht deinen Kälteschaden.|Augmente les dégâts de vos compétences de froid.|Aumenta tu daño de habilidades de frío.|Zwiększa twoje obrażenia umiejętności zimna.
talent_desc_blizzard|Cast a freezing blizzard dealing area of effect cold damage and freezing monsters in the target area.|Cast a freezing blizzard dealing area of effect cold damage and freezing monsters in the target area.|Lança uma Nevasca congelante, causando Dano de Gelo em área e congelando inimigos na área-alvo.| Накладывает заклинание «Ледяная метель», наносящее урон холодом по области и замораживающее монстров в выбранной области.|施放冰凍暴風雪,造成範圍冰霜傷害,並凍結怪物. |冷気の暴風雪を詠唱し、目標範囲に範囲冷気デミジを与えモンスターを凍結させる。|프리징 블리자드를 시전하여 범위 냉기 데미지를 입히고 목표 지역의 몬스터를 동결시킵니다.|Wirke einen Eissturm, der Flächenschaden verursacht und Monster im Zielgebiet einfriert.|Lance un Blizzard glacial à l'endroit ciblé, infligeant des dégâts de froid et gelant les ennemis.|Invoca una ventisca congelante que inflige daño de frío en área y congela a los monstruos en el área objetivo.|Rzuć zamrażającą zamieć zadającą obrażenia obszarowe zimna i zamrażającą potwory w docelowym obszarze.
talent_desc_glacialTremors|Every 4th attack unleashes an area of effect blast dealing cold damage.|Every 4th attack unleashes an area of effect blast dealing cold damage.|Cada qauarto ataque libera uma explosão em área que causa Dano de Gelo.| Каждая 4-я атака вызывает удар по области, наносящий урон холодом.|每4次攻擊將釋放一次範圍爆炸,造成冰霜傷害. |4回に1回の攻撃で範囲冷気デミジの爆発を放つ。|4번째 공격마다 광역 냉기 데미지를 입히는 폭발을 일으킵니다.|Jeder vierte Angriff löst eine Flächenexplosion aus, die Kälteschaden verursacht.|Toutes les 4 attaques, une explosion de zone infligeant des dégâts de froid est déclenchée.|Cada 4.º ataque libera una explosión en área que inflige daño de frío.|Co 4. atak uwalnia wybuch obszarowy zadający obrażenia zimna.
talent_desc_flashFreeze|Perform an attack enhanced with ice that unleashes a chaining orb of ice, exploding into icicles at the end dealing additional cold damage.|Perform an attack enhanced with ice that unleashes a chaining orb of ice, exploding into icicles at the end dealing additional cold damage.|Executa um ataque aprimorado com gelo que libera um orbe de gelo em cadeia, explodindo em sincelos no final e causando Dano de Gelo adicional.| Выполните атаку, усиленную льдом, которая высвобождает цепную ледяную сферу.|執行冰強化攻擊,釋放出連鎖冰球,最後爆炸成冰柱,造成額外的冰霜傷害. |氷強化された攻撃を行い、連鎖する氷のオーブを放ち、最後に氷柱が爆発し追加の冷気デミジを与える。|얼음으로 강화된 공격을 수행하여 얼음 구슬을 체인처럼 방출하며, 끝에서 고드름을 폭발해 추가 냉기 데미지를 입힙니다.|Führe einen mit Eis verstärkten Angriff aus, der eine Kettenreaktion von Eiskugeln auslöst, die am Ende in Eiszapfen zerfällt und zusätzlichen Kälteschaden verursacht.|Effectue une attaque gelée infligeant des dégâts de froid supplémentaires.|Realiza un ataque mejorado con hielo que libera un orbe de hielo encadenado que explota en carámbanos al final infligiendo daño de frío adicional.|Wykonaj atak wzmocniony lodem który uwalnia łańcuchową orbę lodu eksplodującą w sople na końcu zadającą dodatkowe obrażenia zimna.
talent_desc_freezingLeap|Leap through the air into target location freezing and dealing cold damage to monsters when landing.|Leap through the air into target location freezing and dealing cold damage to monsters when landing.|Salta pelo ar até o local-alvo, Congelando e causando Dano de Gelo nos inimigos ao aterrissar.| Прыгайте по воздуху в указанное место, замораживая монстров и нанося им урон холодом при приземлении.|在空中躍起,落地時凍結敵人並造成冰霜傷害. |空中に跳躍して目標地点に着地し、着地時にモンスターを凍結させ冷気デミジを与える。|공중으로 도약하여 목표 위치에 착지할 때 몬스터를 얼리고 냉기 데미지를 입힙니다.|Springe zum Zielort und friere Monster bei der Landung ein, wodurch sie Kälteschaden erleiden.|Sautez dans les airs à l'endroit ciblé en gelant les ennemis et en leur infligeant des dégâts de froid à l'atterrissage.|Salta por el aire hacia la ubicación objetivo congelando e infligiendo daño de frío a los monstruos al aterrizar.|Skocz przez powietrze w miejsce celu zamrażając i zadając obrażenia zimna potworom przy lądowaniu.
talent_desc_permaFrost|Frozen monsters have a chance explode into an area of effect pulse when shattered.|Frozen monsters have a chance explode into an area of effect pulse when shattered.|Monstros congelados têm chance de explodir em uma área quando destruídos. |Замороженные монстры имеют шанс взорваться, образовав область импульса при разрушении. |冰凍的怪物被擊碎時有機率爆炸成一個範圍脈衝. |凍ったモンスターは粉砕されると、範囲効果パルスに爆発する可能性があります。 |얼어붙은 몬스터는 산산조각이 나면 폭발하여 효과 범위 펄스를 생성합니다. |Gefrorene Monster können beim Zerbrechen eine Explosion auslösen, die einen Flächeneffekt erzeugt.|Les monstres gelés ont une chance d'exploser dans une zone d'impulsion d'effet lorsqu'ils sont brisés. |Los monstruos congelados tienen probabilidad de explotar en un pulso en área al ser destrozados.|Zamrożone potwory mają szansę eksplodować w puls obszarowy gdy zostaną rozbite.
talent_desc_glacialArmor|Increases your all resistances.|Increases your all resistances.|Aumenta Todas as Resistências.| Увеличивает все ваши сопротивления.|增加你的全抗性. |あなたのすべての耐性を増加させる。|모든 저항력을 증가시킵니다.|Erhöht all eure Resistenzen.|Augmente toutes les résistances.|Aumenta todas tus resistencias.|Zwiększa twoje wszystkie odporności.
talent_desc_frostSunder|Unleash a barrage of piercing icicles dealing cold and physical damage freezing on hit.|Unleash a barrage of piercing icicles dealing cold and physical damage freezing on hit.|Lança uma barragem de estilhaços perfurantes de gelo que causam Dano de Grio e Dano Físico, com chance de congelar ao acertar.| Выполнить рассекающую атаку, наносящую дополнительный урон холодом и замораживающую пораженных монстров.|釋放出一連串穿透冰柱，造成寒冷和物理傷害，擊中時會凍結. |追加の冷気デミジを与え、攻撃したモンスターを凍結させるクリーブ攻撃を行う。|클리브 공격을 수행하여 추가 냉기 데미지를 입히고 맞은 몬스터를 동결시킵니다.|Entfesselt einen Hagel aus durchdringenden Eiszapfen, die Kälte- und physischen Schaden verursachen und Gegner beim Treffer einfrieren.|Effectue une attaque de zone infligeant des dégâts de froid.|Libera una ráfaga de carámbanos perforantes que infligen daño de frío y físico congelando al impactar.|Uwolnij salwę przebijających sopli zadającą obrażenia zimna i fizyczne zamrażając przy trafieniu.
talent_desc_avalanche|Release a bellowing shout dealing cold damage to all monsters around you and freezing them.|Release a bellowing shout dealing cold damage to all monsters around you.|Solte um grito estridente que causa Dano de Gelo a todos os inimigos ao seu redor e os congela.| Издайте пронзительный крик, наносящий урон холодом всем монстрам вокруг вас.|發出雄厚的怒吼，對周圍的所有怪物造成冰霜傷害並將其凍結. |大声を放ち、周囲のすべてのモンスターに冷気デミジを与える。|고함을 질러 주변 모든 몬스터에게 냉기 데미지를 입힙니다.|Ruft laut auf und fügt allen Monstern in eurer Nähe Kälteschaden zu.|Lance un cri strident infligeant des dégâts de froid basés sur votre nombre de vies maximum à tous les ennemis autour de vous.|Libera un rugido atronador que inflige daño de frío a todos los monstruos a tu alrededor.|Uwolnij ryczący okrzyk zadający obrażenia zimna wszystkim potworom wokół ciebie.
talent_desc_absoluteZero|Applies Cold Break on Attack.|Break monster cold resistances on attack.|Aplica Quebra de Gelo ao atacar.| Сломайте сопротивление монстров холоду при атаке.|攻擊時附加冰霜破壞. |攻撃時にモンスターの冷気耐性を破壊する。|공격 시 몬스터의 냉기 저항력을 깨뜨립니다.|Durchbrecht die Kälteresistenz von Monstern bei Angriffen.|Brise la résistance au froid des ennemis lors d'une attaque.|Rompe las resistencias de frío de los monstruos al atacar.|Przełam odporności zimna potworów przy ataku.
talent_desc_theEmbodimentOfAurgelmir|Summon the power of Aurgelmir and temporarily turn into a war machine of the frozen tundra increasing your attack damage, attack speed and life replenish.|Summon the power of Aurgelmir and temporarily turn into a war machine of the frozen tundra increasing your attack damage, attack speed and life replenish.|Convoque o poder de Aurgelmir e transforme-se temporariamente em uma máquina de guerra da tundra congelada, aumentando o Dano de Ataque, a Velocidade de Ataque e a Recuperação de Vida.| Призовите силу Аургельмира и временно превратитесь в военную машину замерзшей тундры, увеличивая урон от атак.|召喚奧爾蓋爾米爾的力量暫時變成凍原的戰爭機器, 增加你的攻擊傷害、攻擊速度和生命回復. |アウルゲルミルの力を召喚し、一時的に凍てつくツンドラの戦闘マシンとなり、攻撃デミジ、攻撃速度、ライフ回復を増加させる。|아우겔미르의 힘을 소환하여 일시적으로 얼어붙은 툰드라의 전쟁 기계로 변신하고 공격 데미지, 공격 속도, 생명 회복량을 증가시킵니다.|Beschwört die Macht Aurgelmirs und verwandelt euch vorübergehend in eine Kriegsmaschine der gefrorenen Tundra. Dadurch werden euer Angriffsschaden, eure Angriffsgeschwindigkeit und eure Lebensregeneration erhöht.|Invoquez la puissance d'Aurgelmir et transformez-vous temporairement en une machine de guerre des toundras gelées. Cela augmentera vos dégâts d'attaque, votre vitesse d'attaque et votre régénération de santé. |Invoca el poder de Aurgelmir y te transformas temporalmente en una máquina de guerra de la tundra congelada aumentando tu daño de ataque, velocidad de ataque y regeneración de vida.|Przywołaj moc Aurgelmira i tymczasowo zamień się w maszynę wojenną zamrożonej tundry zwiększając twoje obrażenia ataku, prędkość ataku i replenish życia.
|||||||||||
talent_name_scorchingWhip|Scorching Whip|Scorching Whip|Chicote Abrasador| Обжигающий кнут|灼熱之鞭|灼熱の鞭|스코칭 웹|Sengende Peitsche|Fouet brûlant|Látigo Abrasador|Parzący Bicz
talent_name_whiplash|Whiplash|Whiplash|Chicotada| Хлыстовая травма|鞭打|鞭打ち|웹래시|Peitschenhieb|Coup de fouet|Latigazo|Bicz Płomieni
talent_name_solarFlare|Solar Flare|Solar Flare|Chama Solar| Солнечная вспышка|太陽耀斑|太陽フレア|솔라 플레어|Sonneneruption|Éclat solaire|Llamarada Solar|Solarny Flare
talent_name_shineBright|Shine Bright|Shine Bright|Brilho| Свети ярко|閃耀光芒|輝く|샤인 브라이트|Hell leuchten|Briller de mille feux|Brilla con Intensidad|Świeć Jasno
talent_name_solarDash|Solar Dash|Solar Dash|Corrida Solar| Солнечный рывок|太陽衝刺|太陽ダッシュ|솔라 대시|Sonnensprint|Flash solaire|Dash Solar|Solarny Skok
talent_name_blindingLight|Blinding Light|Blinding Light|Luz Ofuscante| Ослепительный свет|致盲之光|眩しい光|블라인드 라이트|Blendendes Licht|Lumière aveuglante|Luz Cegadora|Oślepiające Światło
talent_name_solarForm|Solar Form|Solar Form|Forma Solar| Солнечная форма|太陽形態|太陽の形|솔라 폼|Sonnenform|Forme solarienne|Forma Solar|Forma Solarna
talent_name_solarBurst|Solar Burst|Solar Burst|Estouro Solar| Солнечный взрыв|太陽爆發|太陽バースト|솔라 버스트|Sonneneruption|Éruption solaire|Explosión Solar|Solarny Wybuch
talent_name_supernova|Supernova|Supernova|Supernova| Сверхновая|超新星|超新星|슈퍼노바|Supernova|Supernova|Supernova|Supernowa
talent_name_collision|Collision|Collision|Colisão| Столкновение|碰撞|衝突|콜리젼|Kollision|Collision|Colisión|Zderzenie
talent_name_darkSideofTheMoon|Dark Side of the Moon|Dark Side of the Moon|Lado Negro da Lua| Темная сторона Луны|月亮的陰暗面|月の裏側|문 다크사이드|Dunkle Seite des Mondes|Face cachée de la lune|Lado Oscuro de la Luna|Ciemna Strona Księżyca
talent_name_tsunami|Tsunami|Tsunami|Tsunami| Цунами|海嘯|津波|쓰나미|Tsunami|Tsunami|Tsunami|Tsunami
talent_name_asteroid|Asteroid|Asteroid|Asteroide| Астероид|小行星|小惑星|아스테로이드|Asteroid|Astéroïde|Asteroide|Asteroida
talent_name_lunarForm|Lunar Form|Lunar Form|Forma Lunar| Лунная форма|月亮形態|月の形|루나 폼|Mondform|Forme lunaire|Forma Lunar|Forma Księżycowa
talent_name_lunarOrbit|Lunar Orbit|Lunar Orbit|Órbita Lunar| Лунная Орбита|月球軌道|月の軌道|루나 오빗|Mondumlaufbahn|Orbite lunaire|Órbita Lunar|Orbita Księżycowa
talent_name_bloodMoon|Blood Moon|Blood Moon|Lua de Sangue| Кровавая Луна|血月|血の月|블러드 문|Blutmond|Lune de sang|Luna de Sangre|Krwawy Księżyc
talent_name_moonlight|Moonlight|Moonlight|Luz da Lua| Лунный свет|月光|月光|문라이트|Mondlicht|Clair de lune|Luz de Luna|Światło Księżyca
talent_name_blackHole|Black Hole|Black Hole|Buraco Negro| Черная Дыра|黑洞 |ブラックホール |블랙홀|Schwarzes Loch|Trou noir|Agujero Negro|Czarna Dziura
|||||||||||
talent_desc_scorchingWhip|Cast a scorching solar flare that whips forward dealing fire damage to monsters hit.|Cast a scorching solar flare that whips forward dealing fire damage to monsters hit.|Lança uma chama solar escaldante em forma de chicote, causando Dano de Fogo nos inimigos atingidos.| Выпускает палящую солнечную вспышку, которая устремляется вперед и наносит урон огнем пораженным монстрам.|施放灼熱的太陽耀斑,向前鞭打,對被擊中的敵人造成火焰傷害. |燃え盛る太陽のフレアを放ち、直線上のモンスターに火属性ダメージを与える。|타오르는 태양 플레어를 휘두르며 앞으로 내질러 맞은 몬스터들에게 불 데미지를 입힙니다.|Entfessele eine sengende Sonnenfackel, die nach vorne peitscht und getroffenen Monstern Feuerschaden zufügt.|Lancez une éruption solaire incandescente qui fouette l'air et inflige des dégâts de feu aux monstres touchés.|Lanza una llamarada solar abrasadora que azota hacia adelante infligiendo daño de fuego a los monstruos alcanzados.|Rzuć parzącym solar flare który biczuje do przodu zadając obrażenia fire trafionym potworom.
talent_desc_whiplash|Scorching Whip now creates a chaining fire ball that bounces between monsters. Fire balls can hit the same target multiple times.|Scorching Whip now creates a chaining fire ball that bounces between monsters. Fire balls can hit the same target multiple times.|Chicote Abrasador agora cria uma bola de fogo em cadeia que ricocheteia entre os inimigos. As Bolas de Fogo podem atingir o mesmo alvo múltiplas vezes.| Обжигающий кнут теперь создает цепной огненный шар, который прыгает между монстрами. Огненные шары могут поражать одну и ту же цель несколько раз.|灼熱之鞭現在可以生成一個在怪物之間反彈的連鎖火球. 火球可以多次擊中同一目標. |フレアのムチはモンスター間を跳ね回る連鎖する火の玉を生成する。火の玉は同じ対象に複数回命中することがある。|스코칭 웹이 이제 몬스터들 사이를 튀어다니는 연쇄 화염구를 생성합니다. 화염구는 동일한 대상에게 여러 번 명중할 수 있습니다.|Die Sengende Peitsche erzeugt nun einen Kettenfeuerball, der zwischen Monstern hin und her springt. Feuerbälle können dasselbe Ziel mehrmals treffen.|Le Fouet Incandescent crée désormais une boule de feu en chaîne qui rebondit entre les monstres. Les boules de feu peuvent toucher la même cible plusieurs fois.|El Látigo Abrasador ahora crea una bola de fuego encadenada que rebota entre monstruos. Las bolas de fuego pueden golpear al mismo objetivo múltiples veces.|Scorching Whip teraz tworzy łańcuchową kulę ognia która odbija się między potworami. Kule ognia mogą trafić ten sam cel wiele razy.
talent_desc_solarFlare|Unleash solar flare projectiles that homes towards monsters.|Unleash solar flare projectiles that homes towards monsters.|Libera projéteis de Chama Solar que vão em direção aos inimigos.| Выпускайте солнечные вспышки, которые летят в монстров.|釋放會追蹤怪物的太陽耀斑投射物. |モンスターを追尾する太陽フレアの飛翔体を放つ。|몬스터를 추적하는 태양 플레어 투사체를 발사합니다.|Entfessele Sonnenfackel-Projektile, die Monster verfolgen.|Déchaînez des projectiles d'éruption solaire à tête chercheuse.|Libera proyectiles de llamarada solar que se dirigen hacia los monstruos.|Uwolnij pociski solar flare które naprowadzają się na potwory.
talent_desc_shineBright|Gain increased movement speed and attack speed.|Gain increased movement speed and attack speed.|Ganha Velocidade de Movimento e Velocidade de Ataque aumentadas.| Увеличивает скорость передвижения и атаки.|獲得增加的移動速度和攻擊速度. |移動速度と攻撃速度が上昇する。|이동 속도와 공격 속도가 증가합니다.|Erhalte erhöhte Bewegungs- und Angriffsgeschwindigkeit.|Votre vitesse de déplacement et votre vitesse d'attaque sont augmentées.|Aumenta tu velocidad de movimiento y velocidad de ataque.|Zyskaj zwiększoną prędkość ruchu i prędkość ataku.
talent_desc_solarDash|Turn into a burning ball of fire traveling towards target location dealing fire damage leaving a trail of flames behind you.|Turn into a burning ball of fire traveling towards target location dealing fire damage leaving a trail of flames behind you.|Transforme-se em uma bola de fogo que avança na direção-alvo causando Dano de Fogo e deixando um rastro de chamas por onde você passou.| Превратитесь в пылающий огненный шар, движущийся к указанному месту, нанося урон от огня, оставляя за собой огненный след.|變成燃燒的火球向目標位置移動,造成火焰傷害,並在身後留下一道火焰蹤跡.|燃え盛る火の球に変身し、目標地点に向かって飛び、火属性ダメージを与え、後ろに炎の軌跡を残す。|자신을 불타는 불덩이로 변신시켜 목표 지점까지 이동하며 불 데미지를 입히고, 지나간 자리에 불길을 남깁니다.|Verwandle dich in einen brennenden Feuerball, der sich auf den Zielort zubewegt und Feuerschaden verursacht, wobei er eine Flammenspur hinterlässt.|Transformez-vous en une boule de feu ardente qui se dirige vers la cible, infligeant des dégâts de feu et laissant une traînée de flammes derrière vous.|Te conviertes en una bola de fuego ardiente que viaja hacia la ubicación objetivo infligiendo daño de fuego y dejando un rastro de llamas.|Zamień się w płonącą kulę ognia podróżującą w kierunku miejsca celu zadając obrażenia fire zostawiającą za sobą ślad płomieni.
talent_desc_blindingLight|You emit a blinding light that gives you chance to evade monster attacks. You also have increased cast rate while in Solar Form|You emit a blinding light that gives you chance to evade monster attacks. You also have increased cast rate while in Solar Form|Você emite uma luz ofuscante que lhe dá a chance de se esquivar de ataques inimigos. Sua Taxa de Conjuração Mais rápida também aumenta quando você está na Forma Solar.| Вы испускаете ослепительный свет, который дает вам шанс уклониться от атак монстров. Вы также имеете повышенную скорость каста в солнечной форме|你發出耀眼光芒,使你有機會躲避敵人的攻擊. 你在太陽形態下的施法速度也會提高. |まばゆい光を放ち、モンスターの攻撃を回避するチャンスを得る。また、太陽形態中は詠唱速度が上がる。|눈부신 빛을 방출하여 몬스터 공격을 회피할 확률이 생기며, 솔라 폼 상태에서는 시전 속도가 증가합니다.|Du strahlst ein blendendes Licht aus, das dir eine Chance gibt, Monsterangriffen auszuweichen. Außerdem ist deine Zaubergeschwindigkeit in Sonnenform erhöht.|Vous émettez une lumière aveuglante qui vous donne une chance d'esquiver les attaques des monstres. Votre vitesse d'incantation est également augmentée sous Forme Solaire.|Emitas una luz cegadora que te otorga probabilidad de esquivar ataques de monstruos. También tienes velocidad de lanzamiento aumentada mientras estás en Forma Solar.|Emitujesz oślepiające światło które daje ci szansę na unik ataków potworów. Masz również zwiększoną szybkość rzucania gdy jesteś w Formie Solarnej.
talent_desc_solarForm|Turn into a living sun and gain additional fire damage. Every time you cast an active ability in solar form you unleash a fiery pulse around you.|Turn into a living sun and gain additional fire damage. Every time you cast an active ability in solar form you unleash a fiery pulse around you.|Transforme-se em um sol vivo e receba Dano de Fogo adicional. Toda vez que você conjurar uma habilidade ativa na Forma Solar, criará um pulso de fogo ao seu redor.| Превратитесь в живое солнце и получите дополнительный урон от огня. Каждый раз, когда вы применяете активную способность в солнечной форме, вы выпускаете огненный импульс вокруг себя.|變成活生生的太陽,並獲得額外的火傷害. 每次你在太陽形態下施放主動技能時,你都會在你周圍產生一個熾熱的脈衝. |生きた太陽に変身し、追加の火属性ダメージを得る。太陽形態でアクティブスキルを使用するたびに、自身の周囲に炎の波動を放つ。|살아있는 태양으로 변하여 추가 불 데미지를 얻습니다. 솔라 폼 상태에서 활성화 스킬을 사용할 때마다 주변에 불꽃 파동을 방출합니다.|Verwandle dich in eine lebende Sonne und verursache zusätzlichen Feuerschaden. Jedes Mal, wenn du in Sonnenform eine aktive Fertigkeit einsetzt, entfesselst du einen Feuerimpuls um dich herum.|Transformez-vous en un soleil vivant et infligez des dégâts de feu supplémentaires. Chaque fois que vous utilisez une capacité active sous Forme Solaire, vous libérez une pulsation de feu autour de vous. |Te conviertes en un sol viviente y obtienes daño de fuego adicional. Cada vez que lanzas una habilidad activa en forma solar liberas un pulso ardiente a tu alrededor.|Zamień się w żywe słońce i zyskaj dodatkowe obrażenia fire. Za każdym razem gdy rzucasz aktywną umiejętność w formie solarnej uwalniasz ognisty puls wokół siebie.
talent_desc_solarBurst|When you kill a monster, summon a burning burst of solar fire beneath the dead monster that deals area of effect fire damage.|When you kill a monster, summon a burning burst of solar fire beneath the dead monster that deals area of effect fire damage.|Quando você mata um inimigo, invoca uma explosão ardente de Fogo Solar sob o inimigo morto, causando Dano de Fogo em área.| Когда убиваешь монстра|當你殺死怪物時,在死去的怪物腳下召喚一股燃燒的太陽火焰,造成範圍火焰傷害. |モンスターを倒すと、その死体の下に燃え盛る太陽の炎を召喚し、範囲内のモンスターに火属性ダメージを与える。|몬스터를 처치하면, 그 자리 아래에 태양 불꽃 폭발을 소환하여 광역 불 데미지를 입힙니다.|Wenn du ein Monster tötest, beschwöre unter dem toten Monster einen brennenden Sonnenfeuerstoß, der Flächenschaden verursacht.|Lorsque vous tuez un monstre, invoquez une explosion de feu solaire sous sa carcasse, infligeant des dégâts de feu de zone.|Al matar a un monstruo, invocas una explosión ardiente de fuego solar debajo del monstruo muerto que inflige daño de fuego en área.|Gdy zabijesz potwora przywołaj płonący wybuch solarnego ognia pod martwym potworem który zadaje obrażenia obszarowe fire.
talent_desc_supernova|Explode into a supernova dealing fire damage on a large radius.|Explode into a supernova dealing fire damage on a large radius.|Exploda em uma supernova, causando Dano de Fogo em uma grande área. | Взорвитесь, превратившись в сверхновую, нанося урон огнем по большому радиусу.|爆炸形成超新星,造成大範圍火焰傷害.|超新星となって爆発し、広範囲に火属性ダメージを与える。|거대한 반경으로 불 데미지를 입히는 슈퍼노바로 폭발합니다.|Explodiere zu einer Supernova und verursache Flächenschaden durch Feuer.|Explosez en supernova, infligeant des dégâts de feu sur un large rayon.|Explota en una supernova infligiendo daño de fuego en un radio grande.|Eksploduj w supernovę zadającą obrażenia fire na dużym promieniu.
talent_desc_collision|Leap forward from your orbit and smash the ground dealing cold damage in an area. Then dash forward on the surface of earth for short period of time and deal cold damage.|Leap forward from your orbit and smash the ground dealing area of effect cold damage. Then dash forward on the surface of earth for short period of time and deal cold damage.|Salte para frente de sua órbita e esmague o chão, causando Dano de Gelo em Área. Em seguida, avance sobre a superfície da Terra por um curto período de tempo e cause Dano de Gelo.| Прыгай вперед с орбиты и разбей землю, нанося урон холодом по области. Затем рывком вперед по поверхности земли на короткое время наноси урон холодом.|從軌道上向前跳躍並重擊地面造成範圍寒冰傷害. 隨後在地表向前衝鋒一小段時間並造成寒冰傷害. |軌道から前方に跳躍し、地面を叩きつけて範囲の氷属性ダメージを与え、その後しばらく地表をダッシュして氷属性ダメージを与える。|궤도에서 앞으로 도약하여 땅을 내려쳐 광역 냉기 데미지를 입힙니다. 그 후 짧은 시간 동안 지면을 따라 대시하며 냉기 데미지를 입힙니다.|Springe aus deiner Umlaufbahn nach vorn und schlage auf den Boden, um Flächenschaden durch Kälte zu verursachen. Sprinte anschließend kurz über die Erdoberfläche und verursache Kälteschaden.|Bondissez votre orbite et frappez le sol, infligeant des dégâts de froid de zone. Foncez ensuite à la surface de la Terre pendant un court instant, infligeant des dégâts de froid.|Salta hacia adelante desde tu órbita y golpea el suelo infligiendo daño de frío en área. Luego te lanzas hacia adelante por la superficie de la tierra durante un breve período e infliges daño de frío.|Skocz do przodu ze swojej orbity i uderz w ziemię zadając obrażenia obszarowe zimna. Następnie szarżuj do przodu po powierzchni ziemi przez krótki czas i zadaj obrażenia zimna.
talent_desc_darkSideofTheMoon|While active, slow monsters around you. Also increases your mana replenish and energy.|While active, slow monsters around you and increase your mana replenish.|Quando ativa, reduz a velocidade dos inimigos ao seu redor e aumenta a Energia e a Recuperação de Mana| Пока активен|啟動時,可以緩速周圍敵人,並增加你的法力回復.|発動中は周囲のモンスターの動きを遅くし、マナ回復を増加させる。|활성화되어 있는 동안 주변 몬스터를 둔화시키고 마나 회복량을 증가시킵니다. |Solange diese Fähigkeit aktiv ist, werden Monster in deiner Nähe verlangsamt und deine Manaregeneration erhöht.|Pendant cet effet, vous ralentissez les monstres autour de vous et augmentez votre régénération de mana.|Mientras está activa, ralentiza a los monstruos a tu alrededor y aumenta tu regeneración de maná.|Gdy aktywna spowalniaj potwory wokół siebie i zwiększaj swój replenish many.
talent_desc_tsunami|Direct your lunar mass to cast a wave of tsunami forward dealing cold damage.|Direct your lunar mass to cast a wave of tsunami forward dealing cold damage.|Direcione sua massa lunar para lançar uma onda de tsunami para frente, causando Dano de Gelo.| Направьте свою лунную массу, чтобы бросить вперед волну цунами, наносящую урон холодом.|引導你的月球質量向前投射一波海嘯,造成冰霜傷害. |月の質量を操り、前方に津波の波を放って氷属性ダメージを与える。|자신의 달 질량을 지휘하여 앞으로 쓰나미 파동을 발사해 냉기 데미지를 입힙니다.|Lenke deine Mondmasse, um eine Tsunamiwelle auszulösen, die Kälteschaden verursacht.|Dirigez votre masse lunaire pour déclencher un tsunami, infligeant des dégâts de froid.|Dirige tu masa lunar para lanzar una ola de tsunami hacia adelante infligiendo daño de frío.|Kieruj swoją księżycową masą aby rzuciła falę tsunami do przodu zadającą obrażenia zimna.
talent_desc_asteroid|Cast down an asteroid from the sky dealing cold damage when landing.|Cast down an asteroid from the sky dealing cold damage when landing.|LanceD um asteroide do céu, causando Gdano de gelo ao atingir o solo. | С неба падает астероид, наносящий при приземлении урон холодом.|召喚一顆小行星撞擊,落地時造成冰霜傷害.. |空から小惑星を落とし、着地時に氷属性ダメージを与える。|하늘에서 소행성을 떨어뜨려 착지 시 냉기 데미지를 입힙니다.|Schleudere einen Asteroiden vom Himmel, der beim Aufprall Kälteschaden verursacht.|Faites s'écraser un astéroïde depuis le ciel, infligeant des dégâts de froid à l'impact. |Hace caer un asteroide desde el cielo que inflige daño de frío al aterrizar.|Rzuć asteroidą z nieba zadającą obrażenia zimna przy lądowaniu.
talent_desc_lunarForm|Turn into a living moon and gain additional cold damage. Every time you jump, cast Collision instead.|Turn into a living moon and gain additional cold damage. Every time you jump, cast Collision instead.|Transforme-se em uma lua viva e receba Dano de Gelo adicional. Toda vez que você pular, conjure Colisão em vez disso.| Превратитесь в живую луну и получите дополнительный урон от холода. Каждый раз, когда вы прыгаете|變成活生生的月亮,獲得額外的冰霜傷害. 每次使用跳躍時,改為施放碰撞. |生きた月に変身し、追加の氷属性ダメージを得る。ジャンプするたびに代わりに「コリジョン」を発動する。|살아있는 달로 변하여 추가 냉기 데미지를 얻습니다. 점프할 때마다 충돌을 발동합니다.|Verwandle dich in einen lebenden Mond und erhalte zusätzlichen Kälteschaden. Wirke stattdessen bei jedem Sprung Kollision.|Transformez-vous en lune vivante et infligez des dégâts de froid supplémentaires. À chaque saut, lancez Collision à la place.|Te conviertes en una luna viviente y obtienes daño de frío adicional. Cada vez que saltas, lanza Colisión en su lugar.|Zamień się w żywy księżyc i zyskaj dodatkowe obrażenia zimna. Za każdym razem gdy skaczesz rzucaj Collision zamiast tego.
talent_desc_lunarOrbit|Unleash small moons in your orbit dealing cold damage on hit. |Unleash small moons in your orbit dealing cold damage on hit. |Libere pequenas luas em sua órbita, causando Dano de Gelo ao atingir o alvo. | Выпускайте на своей орбите небольшие луны, наносящие урон холодом при попадании.|施放環繞你的小型衛星,擊中造成冰霜傷害.|軌道上にある小さな月を解き放ち、命中時に氷属性ダメージを与える。|궤도를 도는 작은 달들을 발사하여 명중 시 냉기 데미지를 입힙니다.|Entfessele kleine Monde in deiner Umlaufbahn, die bei Treffern Kälteschaden verursachen.|Déployez de petites lunes en orbite autour de vous, infligeant des dégâts de froid à l'impact.|Libera pequeñas lunas en tu órbita que infligen daño de frío al impactar. |Uwolnij małe księżyce w swojej orbicie zadające obrażenia zimna przy trafieniu.
talent_desc_bloodMoon|Turn the orbiting moons into blood moons increasing their cold damage and causing them to inflict bleeding on hit.|Turn the orbiting moons into blood moons increasing their cold damage and causing them to inflict bleeding on hit.|Transforme as luas em órbita em Luas de Sangue, aumentando seu Dano de Gelo e fazendo com que causam Sangramento nos inimigos atingidos.| Превратите вращающиеся по орбите луны в кровавые луны, что увеличит их урон от холода и заставит их вызывать кровотечение при попадании.|將月球軌道的小型衛星變成血月,增加其冰霜傷害,並使其對被擊中的敵人造成流血. |軌道上の月をブラッドムーンに変化させ、氷属性ダメージを増加させ、命中時に出血状態を付与する。|궤도를 도는 달들을 블러드 문으로 변환하여 냉기 데미지를 증가시키고, 명중 시 출혈을 일으킵니다.|Verwandle die kreisenden Monde in Blutmonde, wodurch ihr Kälteschaden erhöht wird und sie bei Treffern Blutungen verursachen.|Transformez ces lunes en lunes de sang, augmentant leurs dégâts de froid et infligeant des saignements à l'impact.|Convierte las lunas en órbita en lunas de sangre aumentando su daño de frío y haciendo que inflijan sangrado al impactar.|Zamień orbitujące księżyce w krwawy księżyc zwiększając ich obrażenia zimna i powodując że nakładają krwawienie przy trafieniu.
talent_desc_moonlight|Increases your movement speed and cold damage dealt.|Increases your movement speed and cold damage dealt.|Aumenta a sua Velocidade de Movimento e Dano de Gelo causado.| Увеличивает скорость передвижения и наносимый урон холодом.|增加你的移動速度和所造成的冰霜傷害. |移動速度と与える氷属性ダメージが増加する。|이동 속도와 냉기 데미지를 증가시킵니다.|Erhöht deine Bewegungsgeschwindigkeit und deinen verursachten Kälteschaden.|Augmente votre vitesse de déplacement et les dégâts de froid infligés.|Aumenta tu velocidad de movimiento y daño de frío infligido.|Zwiększa twoją prędkość ruchu i obrażenia zimna zadawane.
talent_desc_blackHole|Cast a black hole on target location that slows and pulls monsters towards it dealing cold damage.|Cast a black hole on target location that slows and pulls monsters towards it dealing cold damage.|Conjura um enorme buraco negro no local-alvo que reduz a velocidade e puxa os inimigos em sua direção.| Создает в указанном месте черную дыру, которая замедляет и притягивает к себе монстров, нанося урон холодом.|在目標位置施放一個巨大的黑洞,減緩敵人的速度並將其拉向區域,造成冰霜傷害. |目標地点にブラックホールを召喚し、モンスターの動きを遅くし引き寄せながら氷属性ダメージを与える。|목표 위치에 블랙홀을 소환하여 몬스터를 끌어당기고 둔화시키며 냉기 데미지를 입힙니다.|Erzeuge ein Schwarzes Loch an einem Zielort, das Monster verlangsamt und zu sich zieht und ihnen Kälteschaden zufügt.|Créez un trou noir à l'emplacement ciblé, ralentissant et attirant les monstres vers lui, leur infligeant des dégâts de froid. |Invoca un agujero negro en la ubicación objetivo que ralentiza y atrae a los monstruos hacia él infligiendo daño de frío.|Rzuć czarną dziurą w miejsce celu która spowalnia i przyciąga potwory do siebie zadając obrażenia zimna.
|||||||||||
talent_name_slicingThrow|Slicing Throw|Slicing Throw|Arremesso Cortante| Режущий бросок|切割投擲|切り裂く投げ|슬라이싱 쓰로우|Schneidender Wurf|Lancer tranchant|Lanzamiento Cortante|Rzut Tnący
talent_name_furiousStrike|Furious Strike|Furious Strike|Ataque Furioso| Яростный Удар|狂怒打擊|激怒の一撃|퓨리어스 스트라이크|Wütender Schlag|Frappe furieuse|Golpe Furioso|Wściekłe Uderzenie
talent_name_holyForm|Holy Form|Holy Form|Forma Sagrada| Священная Форма|神聖形態|聖なる姿|홀리 폼|Heilige Form|Forme sacrée|Forma Sagrada|Forma Święta
talent_name_unholyForm|Unholy Form|Unholy Form|Forma Profana| Нечестивая форма|邪惡形態|不浄な姿|언홀리 폼|Unheilige Form|Forme impie|Forma Impía|Forma Nieświęta
talent_name_sacrilegiousScorn|Sacrilegious Scorn|Sacrilegious Scorn|Escárnio Sacrílego| Кощунственное презрение|褻瀆蔑視|冒涜的な軽蔑|새크릴리저스 스콘|Sakrilegische Verachtung|Mépris sacrilège|Desdén Sacrilegio|Świętokradcze Pogardzenie
talent_name_endingFate|Ending Fate|Ending Fate|Destino Final| Конечная судьба|終結命運|運命の終焉|엔딩 페이트|Endendes Schicksal|Fin du destin|Destino Final|Końcowy Los
talent_name_spiritualDuality|Spiritual Duality|Spiritual Duality|Dualidade Espiritual| Духовная двойственность|雙重人格|霊的二元性|스피릿 듀얼리티|Spirituelle Dualität|Dualité spirituelle|Dualidad Espiritual|Duchowa Dualność
talent_name_awakeningFury|Awakening Fury|Awakening Fury|Despertar da Fúria| Пробуждение Ярости|覺醒之怒|目覚める怒り|어웨이큰 퓨리|Erwachende Wut|Fureur éveillée|Furia Despertada|Przebudzenie Furii
talent_name_insatiableHunger|Insatiable Hunger|Insatiable Hunger|Fome Insaciável| Ненасытный голод|極度饑渴|飽くことのない飢え|인세이셔블 헝거|Unersättlicher Hunger|Faim insatiable|Hambre Insaciable|Nienasycony Głód
talent_name_chainRip|Chain Rip|Chain Rip|Rasgo de Corrente| Цепь разрыва|撕裂鎖鏈|鎖の裂き|체인 립|Kettenriss|Déchirure de chaîne|Arrancada en Cadena|Rozrywanie Łańcuchem
talent_name_brutalizingSlash|Brutalizing Slash|Brutalizing Slash|Corte Brutalizante| Жестокий удар|殘酷斬擊|残忍な斬りつけ|브루털라이징 슬래시|Brutalisierender Hieb|Fente brutale|Corte Brutalizador|Brutalizujące Cięcie
talent_name_fuelToFire|Fuel to Fire|Fuel to Fire|Combustível para o Fogo| Топливо для огня|火上澆油|燃料を燃やす|파이어 퓨얼|Öl ins Feuer|Carburant pour le feu|Combustible para el Fuego|Paliwo do Ognia
talent_name_hungerForBlood|Hunger For Blood|Hunger For Blood|Fome de Sangue| Жажда крови|嗜血如命|血への渇望|블러드 헝거|Hunger nach Blut|Faim de sang|Hambre de Sangre|Głód Krwi
talent_name_butchersHook|Butchers Hook|Butchers Hook|Gancho do Açougueiro| Мясниковый крюк|屠夫鉤|肉屋の鉤爪|부처 훅|Fleischerhaken|Crochet de boucher|Gancho del Carnicero|Hak Rzeźnika
talent_name_chainSwing|Chain Swing|Chain Swing|Balanço de Corrente| Качели на цепи|擺動鎖鏈|鎖の振り回し|체인 윙|Kettenschwung|Balancement de chaîne|Balanceo de Cadena|Zamach Łańcuchem
talent_name_submergedKnives|Submerged Knives|Submerged Knives|Facas Submersas| Погруженные ножи|湮滅之刀|水中ナイフ|섭머지드 나이프|Untergetauchte Messer|Couteaux submergés|Cuchillos Sumergidos|Zanurzone Noże
talent_name_enragedMania|Enraged Mania|Enraged Mania|Mania Enfurecida| Разъяренная мания|憤怒狂熱|激怒した狂気|인레이지 매니아|Wütende Manie|Manie enragée|Manía Enfurecida|Rozwścieczona Mania
talent_name_blender|Blender|Blender|Blender| Блендер|攪拌機|ブレンダー|블렌더|Mixer|Mélangeur|Licuadora|Blender
talent_name_daisysCall|Daisy´s Call|Daisy´s Call|Chamado da Daisy| Звонок Дейзи|呼喚黛西|デイジーの呼び声 |데이지 콜|Daisys Ruf|L'appel de Daisy |Llamada de Daisy|Wezwanie Daisy
|||||||||||
talent_desc_slicingThrow|Throw your weapon like a boomerang returning back to you dealing physical damage to monsters on its path. You can activate Daisy's Call to re-appear where the last thrown slicing throw is at any point in the flight.|Throw your weapon like a boomerang returning back to you dealing physical damage to monsters on its path. You can activate Daisy's Call to re-appear where the last thrown slicing throw is at any point in the flight.|Arremessa sua arma como um bumerangue que retorna para você e causa Dano em Área. Você pode ativar o Chamado da Daisy para reaparecer onde o último Arremesso Cortante lançado estiver em qualquer ponto do voo.| Бросайте свое оружие как бумеранг, возвращаясь к вам, нанося физический урон монстрам на своем пути. Вы можете активировать Daisy's Call, чтобы снова появиться там, где был последний брошенный режущий бросок, в любой точке полета.|把你的武器像回旋鏢一樣扔出, 對路徑上的怪物造成物理傷害. 你可以啟動召喚黛西,在飛行中的任何時刻使用會移動到武器最後的位置. |ブーメランのように武器を投げ、飛んだ経路上のモンスターに物理ダメージを与えます。デイジーズコールを発動すると、最後に投げたスライシングスローの位置に飛行中いつでも瞬間移動できます。|무기를 부메랑처럼 던져 경로상의 몬스터에게 물리 데미지를 주며 돌아옵니다. 날아가는 도중 언제든 데이지 콜을 발동해 마지막으로 던진 슬라이싱 쓰로우의 위치로 순간이동할 수 있습니다.|Wirf deine Waffe wie einen Bumerang, der zu dir zurückkehrt und Monstern auf seinem Weg physischen Schaden zufügt. Du kannst Daisys Ruf aktivieren, um jederzeit während des Fluges an der Stelle des letzten Hiebs wieder zu erscheinen.|Lancez votre arme comme un boomerang ; elle reviendra vers vous, infligeant des dégâts physiques aux monstres sur son passage. Vous pouvez activer l'Appel de Daisy pour réapparaître à l'endroit où s'est arrêté votre dernier lancer tranchant, à n'importe quel moment de sa trajectoire.|Lanza tu arma como un bumerán que regresa a ti infligiendo daño físico a los monstruos en su trayectoria. Puedes activar la Llamada de Daisy para reaparecer donde se encuentra el último Lanzamiento Cortante en cualquier punto de su vuelo.|Rzuć swoją bronią jak bumerangiem wracającą do ciebie zadającą obrażenia fizyczne potworom na swojej drodze. Możesz aktywować Daisy’s Call aby pojawić się ponownie gdzie ostatni rzucony slicing throw jest w dowolnym momencie lotu.
talent_desc_furiousStrike|Perform a powerful area of effect attack dealing physical damage and infecting monsters struck with a stack of rabies. Each stack of rabies increases attack damage dealt to the monster.|Perform a powerful area of effect attack dealing increased damage and infecting monsters struck with a stack of rabies. Each stack of rabies increases attack damage dealt to the monster.|Executa um poderoso ataque em área que causa dano aumentado e infecta os inimigos atingidos com um acúmulo de Raiva. Cada acúmulo de Raiva aumenta o Dano Físico causado no inimigo.| Выполнить мощную атаку по области, наносящую повышенный урон и заражающую монстров, пораженных стаком бешенства. Каждый стак бешенства увеличивает урон, наносимый монстру.|發動一次強大的範圍攻擊，造成物理傷害並使擊中的怪物感染一層狂犬病. 每層狂犬病都會提升對該怪物造成的攻擊傷害. |強力な範囲攻撃を行い、ダメージが増加し、攻撃を受けたモンスターに狂犬病のスタックを付与します。狂犬病のスタック数が増えるほど、モンスターへのダメージが増加します。|강력한 범위 공격을 가해 몬스터에게 데미지를 주고 광견병 중첩을 부여합니다. 중첩된 광견병은 해당 몬스터가 받는 데미지를 증가시킵니다.|Führe einen mächtigen Flächenangriff aus, der erhöhten Schaden verursacht und getroffene Monster mit Tollwut infiziert. Jeder Tollwut-Stapel erhöht den Angriffsschaden gegen das Monster.|Effectuez une puissante attaque de zone infligeant des dégâts accrus et infectant les monstres touchés d'une charge de rage. Chaque charge de rage augmente les dégâts d'attaque infligés au monstre.|Realiza un poderoso ataque en área que inflige daño aumentado e infecta a los monstruos alcanzados con una pila de rabia. Cada pila de rabia aumenta el daño de ataque infligido al monstruo.|Wykonaj potężny atak obszarowy zadający zwiększone obrażenia i zakażający trafione potwory stackiem rabies. Każdy stack rabies zwiększa obrażenia ataku zadawane potworowi.
talent_desc_holyForm|Activate Holy Form gaining increased life replenish and life steal at the cost of damage dealt. Any damage dealt while in this form is decreased.|Activate Holy Form gaining increased life replenish and life steal at the cost of damage dealt. Any damage dealt while in this form is decreased.|Ativa a Forma Sagrada, ganhando maior recuperação e roubo de vida às custas do dano causado. Qualquer dano causado durante essa forma é reduzido.| Активируйте Святую форму, получая повышенное пополнение жизни и кражу жизни за счет нанесенного урона. Любой урон, нанесенный в этой форме, уменьшается.|啟用神聖形態, 增強生命回復和生命偷取, 但以所造成傷害為代價獲得. 在此形態下,所造成的任何傷害都會減少. |ホーリーフォームを発動し、ライフ回復量とライフ吸収量が増加しますが、与えるダメージは減少します。このフォーム中に与えるダメージは減少します。|홀리 폼을 발동하면 생명력 회복과 생명력 흡수가 증가하지만, 가하는 데미지가 감소합니다. 이 상태에서는 모든 데미지가 줄어듭니다.|Aktiviere die Heilige Form, um deine Lebensregeneration und deinen Lebensraub zu erhöhen, jedoch auf Kosten des verursachten Schadens. Jeglicher Schaden, den du in dieser Form verursachst, wird verringert.|Activez la Forme Sacrée : votre régénération de vie et votre vol de vie sont augmentés, au prix d'une réduction des dégâts infligés. Les dégâts infligés sous cette forme sont réduits.|Activa Forma Sagrada obteniendo regeneración de vida y robo de vida aumentados a costa de daño infligido. Cualquier daño infligido mientras estás en esta forma se reduce.|Aktywuj Formę Świętą zyskując zwiększony replenish życia i life steal kosztem zadawanych obrażeń. Jakiekolwiek obrażenia zadawane w tej formie są zmniejszone.
talent_desc_unholyForm|Activate Unholy Form gaining increased damage at the cost inflicting a portion of your max life as damage to your self every time you cast, attack or proc something. Any life replenish when in this form is lowered.|Activate Unholy Form gaining increased damage at the cost inflicting a portion of your max life as damage to your self every time you cast, attack or proc something. Any life replenish when in this form is lowered.|Ativa a Forma Profana, ganhando dano aumentado às custas de infligir uma porção de sua vida máxima como dano a si mesmo toda vez que conjurar, atacar ou procar algo. Qualquer recuperação de vida nesta forma é reduzida.| Активируйте Нечестивую форму, получая увеличенный урон за счет нанесения части вашего максимального здоровья в качестве урона себе каждый раз, когда вы применяете заклинание.|啟動邪惡形態, 每次施放、攻擊或觸發某些物品效果時, 以犧牲部分最大生命值作為代價, 獲得增加的傷害. 在此形態下, 任何生命恢覆效果都會降低. |アンホーリーフォームを発動し、ダメージが増加しますが、攻撃やキャスト、プロックを行うたびに最大ライフの一部が自分にダメージとして入ります。このフォーム中のライフ回復量は減少します。|언홀리 폼을 발동하면 데미지가 증가하지만, 공격, 시전, 발동 시마다 자신의 최대 생명력 일부를 데미지로 받습니다. 이 상태에서는 생명력 회복량이 감소합니다.|Aktiviere die Unheilige Form, um erhöhten Schaden zu verursachen, jedoch jedes Mal, wenn du einen Zauber wirkst, angreifst oder einen Effekt auslöst, einen Teil deiner maximalen Lebenspunkte als Schaden zu erleiden. Jegliche Lebensregeneration in dieser Form wird verringert.|Activez la Forme Impie : vos dégâts sont augmentés, mais vous vous infligez des dégâts équivalents à une partie de vos points de vie maximum à chaque incantation, attaque ou déclenchement d'effet. Votre régénération de vie est réduite sous cette forme.|Activa Forma Impía obteniendo daño aumentado a costa de infligir una porción de tu vida máxima como daño a ti mismo cada vez que lanzas, atacas o activas algo. La regeneración de vida mientras estás en esta forma se reduce.|Aktywuj Formę Nieświętą zyskując zwiększone obrażenia kosztem nakładania części twojego max życia jako obrażeń na siebie za każdym razem gdy rzucasz, atakujesz lub procujesz coś. Jakikolwiek replenish życia w tej formie jest obniżony.
talent_desc_sacrilegiousScorn|While in Holy Form gain increased attack speed and while in Unholy Form gain increased Critical damage.|While in Holy Form gain increased attack speed and while in Unholy Form gain increased Critical damage.|Enquanto estiver na Forma Sagrada, ganha Velocidade de Ataque aumentada e, enquanto estiver na Forma Profana, ganha Dano Crítico aumentado.| В святой форме вы получаете повышенную скорость атаки, а в нечестивой форме — повышенный критический урон.|當處於神聖形態時,增加攻擊速度, 而當處於邪惡形態時,增加暴擊傷害. |ホーリーフォーム中は攻撃速度が増加し、アンホーリーフォーム中はクリティカルダメージが増加します。|홀리 폼 상태에서는 공격 속도가 증가하며, 언홀리 폼 상태에서는 치명타 데미지가 증가합니다.|In der Heiligen Form erhältst du erhöhtes Angriffstempo und in der Unheiligen Form erhöhten kritischen Schaden.|Sous la Forme Sacrée, votre vitesse d'attaque est augmentée ; sous la Forme Impie, vos dégâts critiques sont augmentés.|Mientras estás en Forma Sagrada obtienes velocidad de ataque aumentada y mientras estás en Forma Impía obtienes daño crítico aumentado.|W Formie Świętej zyskaj zwiększoną prędkość ataku a w Formie Nieświętej zyskaj zwiększone obrażenia krytyczne.
talent_desc_endingFate|While in Holy Form gain increased base life regen after killing a monster and while in Unholy Form rip the monster apart after killing a monster causing huge area of effect damage.|While in Holy Form gain increased base life regen after killing a monster and while in Unholy Form rip the monster apart after killing a monster causing huge area of effect damage.|Enquanto estiver na Forma Sagrada, ganha maior regeneração de vida base depois de matar um inimigo e, enquanto estiver na Forma Profana, despedaça o inimigo depois de matá-lo, causando um enorme dano em área.| Находясь в Святой форме, вы получаете повышенную базовую регенерацию здоровья после убийства монстра, а находясь в Нечестивой форме, разрываете монстра на части после убийства, нанося огромный урон по области действия.|在神聖形態下,殺死敵人後獲得更高的基礎生命回覆, 而在邪惡形態下,殺死敵人後會撕裂敵人,造成巨大的範圍傷害. |ホーリーフォーム中にモンスターを倒すと、基礎ライフ回復量が増加し、アンホーリーフォーム中にモンスターを倒すと大規模な範囲ダメージを与えてモンスターを引き裂きます。|홀리 폼 상태에서는 몬스터 처치 시 기본 생명력 재생이 증가하고, 언홀리 폼 상태에서는 몬스터를 찢어 강력한 범위 데미지를 일으킵니다.|In Heiliger Gestalt regenerierst du nach dem Töten eines Monsters mehr Lebenspunkte. In Unheiliger Gestalt zerreißt du das Monster nach dem Töten und verursachst so massiven Flächenschaden.|Sous la Forme Sacrée, votre régénération de vie de base est augmentée après avoir tué un monstre ; sous la Forme Impie, vous déchiquetez le monstre après l'avoir tué, infligeant d'importants dégâts de zone.|Mientras estás en Forma Sagrada obtienes regeneración de vida base aumentada tras matar a un monstruo y mientras estás en Forma Impía despedazas al monstruo tras matarlo causando enorme daño en área.|W Formie Świętej zwiększ twoje life Per Hit a w Formie Nieświętej zwiększ twoje obrażenia ataku.
talent_desc_spiritualDuality|While in Holy Form increases your life Per Hit and while in Unholy Form increases your attack damage.|While in Holy Form increases your life Per Hit and while in Unholy Form increases your attack damage.|Na Forma Sagrada, aumenta seu Roubo de Vida. Na Forma Profana, aumenta seu Dano de Ataque.| В святой форме вы увеличиваете здоровье за удар, а в нечестивой форме увеличиваете урон от атак.|在神聖形態下,每次攻擊都會增加你的生命值, 而在邪惡形態下,會增加你的攻擊傷害. |ホーリーフォーム中は1ヒットあたりのライフ回復が増加し、アンホーリーフォーム中は攻撃ダメージが増加します。|홀리 폼 상태에서는 타격 시 회복되는 생명력이 증가하며, 언홀리 폼 상태에서는 공격 데미지가 증가합니다.|In Heiliger Gestalt erhöht sich dein Leben pro Treffer, in Unheiliger Gestalt dein Angriffsschaden.|Sous forme sacrée, vos points de vie par coup augmentent, et sous forme impie, vos dégâts d'attaque augmentent. |Mientras estás en Forma Sagrada aumenta tu vida por golpe y mientras estás en Forma Impía aumenta tu daño de ataque.|Przy trafieniu zyskaj szansę na zwiększenie twoich obrażeń ataku na krótki czas.
talent_desc_awakeningFury|On hit gain a chance to increase your attack damage for a short duration.|On hit gain a chance to increase your attack damage for a short duration.|Ganhe uma chance de aumentar seu Dano de Ataque por um curto período ao atingir algum alvo.| При попадании вы получаете шанс на короткое время увеличить урон от атаки.|擊中時，有機率在短時間內提升你的攻擊傷害. |ヒット時に短時間攻撃ダメージが増加するチャンスを得ます。|적을 타격할 때 일정 확률로 잠시 동안 공격 데미지가 증가합니다.|Bei einem Treffer besteht die Chance, dass dein Angriffsschaden kurzzeitig erhöht wird.|À chaque coup réussi, vous avez une chance d'augmenter vos dégâts d'attaque pendant une courte durée.|Al golpear obtienes probabilidad de aumentar tu daño de ataque durante un breve período.|Przebudź pełny potencjał zarówno świętego jak i nieświętego aby zyskać obie korzyści na krótki czas ze zwiększoną skutecznością.
talent_desc_insatiableHunger|Awaken the full potential of both holy and unholy to gain both benefits for a short period of time with increased effectiveness.|Awaken the full potential of both holy and unholy to gain both benefits for a short period of time with increased effectiveness.|Desperta o potencial completo da Forma Sagrada e da Forma Profana para obter ambos os benefícios por um curto período de tempo com eficácia aumentada.| Пробудите весь потенциал как святого, так и нечестивого, чтобы получить оба преимущества на короткий период времени с повышенной эффективностью.|喚醒神聖和邪惡的全部潛力，在短時間內獲得兩種增益效果，並提高效果. |ホーリーとアンホーリーの両方の潜在能力を覚醒させ、短時間両方の効果を高めて得ます。|홀리와 언홀리의 힘을 동시에 각성시켜 두 효과를 동시에 받으며, 효과는 더욱 강화됩니다.|Entfessle das volle Potenzial von Heiligkeit und Unheiligheit, um kurzzeitig beide Vorteile mit erhöhter Effektivität zu nutzen.|Éveillez le plein potentiel du sacré et du profane pour bénéficier des deux bonus pendant une courte période, avec une efficacité accrue.|Despierta todo el potencial de lo sagrado y lo impío para obtener ambos beneficios durante un breve período con efectividad aumentada.|Wykonaj potężny atak przyciągający wszystkie pobliskie potwory przed siebie.
talent_desc_chainRip|Perform a powerful attack pulling all nearby monsters infront of you.|Perform a powerful attack pulling all nearby monsters infront of you.|Execute um ataque poderoso, puxando todos os inimigos próximos para sua frente.| Выполните мощную атаку, притягивая всех находящихся рядом монстров к себе.|進行一次強大的攻擊,將所有附近的敵人拉到你面前. |強力な攻撃を行い、周囲のすべてのモンスターを自分の前に引き寄せます。|강력한 공격으로 전방의 모든 몬스터를 끌어당깁니다.|Führe einen mächtigen Angriff aus, der alle Monster in der Nähe vor dich zieht.|Lancez une puissante attaque attirant tous les monstres proches devant vous.|Realiza un poderoso ataque que atrae a todos los monstruos cercanos frente a ti.|Atakuj brutalizującym atakiem obszarowym powodując że potwory krwawią.
talent_desc_brutalizingSlash|Attack with brutalizing area of effect attack causing monsters to bleed.|Attack with brutalizing area of effect attack causing monsters to bleed.|Ataque com golpe brutalizante em área que faz com que os inimigos sangrem.| Атака с применением жестокой атаки по области, заставляющей монстров истекать кровью.|用殘忍的範圍攻擊造成敵人流血. |残忍な範囲攻撃で攻撃し、モンスターに出血を与えます。|잔혹한 범위 공격으로 몬스터에게 데미지를 주고 출혈을 일으킵니다.|Greife mit einem verheerenden Flächenangriff an, der Monster bluten lässt.|Attaquez avec une attaque de zone brutale qui fait saigner les monstres.|Ataca con un corte brutalizador en área que hace sangrar a los monstruos.|Zwiększ twoje zadawane obrażenia na krótki czas. Każda bliska tobie trup zostanie wyssana dla dodatkowych obrażeń.
talent_desc_fuelToFire|Increase your damage dealt for a short period of time. Every corpse close to you will be siphoned for additional damage.|Increase your damage dealt for a short period of time. Every corpse close to you will be siphoned for additional damage.|Aumenta o dano causado por um curto período de tempo. Todos os cadáveres próximos a você serão drenados para receber dano adicional.| Увеличивает наносимый вами урон на короткий период времени. Каждый труп рядом с вами будет выкачиваться для дополнительного урона.|在短時間內增加你的傷害. 你附近的每具屍體都會被吸入,造成額外的傷害. |短時間ダメージが増加します。近くの死体は追加ダメージのために吸収されます。|짧은 시간 동안 가하는 데미지가 증가합니다. 근처의 시체를 흡수해 추가 데미지를 획득합니다.|Erhöhe deinen Schaden kurzzeitig. Jede Leiche in deiner Nähe wird für zusätzlichen Schaden ausgesaugt.|Augmentez vos dégâts pendant une courte période. Chaque cadavre proche de vous sera siphonné pour infliger des dégâts supplémentaires.|Aumenta tu daño infligido durante un breve período. Cada cadáver cercano a ti será drenado para daño adicional.|Zadaj zwiększone obrażenia krwawiącym celom.
talent_desc_hungerForBlood|Deal increased damage to bleeding targets.|Deal increased damage to bleeding targets.|Causa dano aumentado em alvos com sangramento.| Наносит повышенный урон истекающим кровью целям.|對流血目標的傷害增加. |出血している対象に増加ダメージを与えます。|출혈 중인 적에게 주는 데미지가 증가합니다.|Verursache erhöhten Schaden an blutenden Zielen.|Infligez des dégâts accrus aux cibles qui saignent.|Inflige daño aumentado a objetivos sangrando.|Wiruj ogromnym hakiem mięsnym wokół siebie zbierając wszystkie trafione potwory a następnie przyciągając i ogłuszając je przed siebie.
talent_desc_butchersHook|Flail a huge meat hook around you gathering all monsters struck then pulling and stunning them infront of you.|Flail a huge meat hook around you gathering all monsters struck then pulling and stunning them infront of you.|Gire um enorme gancho de carne ao seu redor, recolhendo todos os inimigos atingidos, puxando-os e atordoando-os à sua frente.| Размахивайте огромным мясным крюком, собирая всех пораженных монстров, а затем притягивая их к себе и оглушая.|在你周圍揮舞一個巨大的肉鉤,把所有被擊中的敵人聚集在一起,然後拉扯並擊暈他們. |巨大な肉フックを振り回し、当たったすべてのモンスターを集めて引き寄せ、気絶させます。|거대한 고기 갈고리를 휘둘러 몬스터를 끌어모은 후 앞으로 당기고 기절시킵니다.|Schwinge einen riesigen Fleischerhaken um dich herum, der alle getroffenen Monster anzieht und sie vor dich zieht und betäubt.|Faites tournoyer un énorme crochet autour de vous, rassemblant tous les monstres touchés, puis les attirant et les étourdissant devant vous. |Maneja un enorme gancho de carne a tu alrededor reuniendo a todos los monstruos alcanzados, luego los atrae y aturde frente a ti.|Rzuć hakiem mięsnym który przyciąga cię do niego gdy łączy się z potworem lub środowiskiem. Dodatkowo wystrzeliwuje łańcuchy do pobliskich potworów przy lądowaniu.
talent_desc_chainSwing|Throw a meat hook that pulls you into it when connecting with monster or environment. Additionally fires chains to nearby monsters when landing.|Throw a meat hook that pulls you into it when connecting with monster or environment. Additionally fires chains to nearby monsters when landing.|Arremesse um gancho de carne que se conecta com o inimigo ou com o terreno, puxando-o e lançando correntes nos inimigos ao seu redor.| Бросьте мясной крюк, который притягивает вас к себе при соприкосновении с монстром или средой. Кроме того, при приземлении стреляет цепями в близлежащих монстров.|丟出一個與敵人或環境相連的肉鉤,將你拉向目標,並擊暈你周圍的所有敵人. |肉フックを投げ、モンスターか環境に当たると自分が引き寄せられます。さらに着地時に周囲のモンスターに鎖を発射します。|고기 갈고리를 던져 몬스터나 지형에 맞추면 그 위치로 끌려갑니다. 착지 시 주변 몬스터에게 사슬이 발사됩니다.|Wirf einen Fleischerhaken, der dich beim Treffen eines Monsters oder der Umgebung anzieht. Zusätzlich schleudert er beim Aufprall Ketten auf nahe Monster.|Lancez un crochet à viande qui vous attire au contact d'un monstre ou de l'environnement. Projette également des chaînes sur les monstres proches à l'atterrissage.|Lanza un gancho de carne que te atrae hacia él al conectar con un monstruo o el entorno. Además dispara cadenas a monstruos cercanos al aterrizar.|Uderz w ziemię wypychając fale noży rzeźniczych z ziemi zadając masywne obrażenia. Zadaje dodatkowe obrażenia krwawiącym celom.
talent_desc_submergedKnives|Smash the ground pushing waves of butchers knives out of the ground dealing massive damage and knocking them up. Deals extra damage to bleeding targets.|Smash the ground pushing waves of butchers knives out of the ground dealing massive damage. Deals extra damage to bleeding targets.|Esmaga o chão, impelindo ondas de facas de açougueiro de fora do chão, causando dano massivo e os arremessando ao ar. Causa dano extra contra alvos com sangramento.| Разбей землю, выталкивая волны мясницких ножей из земли, нанося огромный урон. Наносит дополнительный урон истекающим кровью целям.|重擊地面，使層層屠夫刀刃自地下湧出，造成大量傷害並將其擊飛. 對流血狀態的目標造成額外傷害. |地面を叩き、肉屋のナイフの波を押し出して大ダメージを与えます。出血している対象に追加ダメージを与えます。|땅을 내려쳐 도살자의 칼날을 지면에서 솟아오르게 해 강력한 데미지를 줍니다. 출혈 중인 적에게는 추가 데미지를 가합니다.|Schmettere den Boden und lasse Wellen von Fleischermessern aus dem Boden schießen, die massiven Schaden verursachen. Blutende Ziele erleiden zusätzlichen Schaden.|Frappez le sol, faisant jaillir des vagues de couteaux de boucher et infligeant des dégâts considérables. Inflige des dégâts supplémentaires aux cibles qui saignent.|Golpea el suelo empujando olas de cuchillos de carnicero desde el suelo que infligen daño masivo. Inflige daño extra a objetivos sangrando.|Zwiększ promień obszaru ataku i prędkość ataku.
talent_desc_enragedMania|Increase attack area of effect range and attack speed.|Increase attack area of effect range and attack speed.|Aumenta a área de efeito do ataque e a sua Velocidade de Ataque.| Увеличьте радиус действия атаки и скорость атаки.|增加攻擊範圍和攻擊速度。|攻撃範囲と攻撃速度を増加させます。|공격의 범위와 공격 속도를 증가시킵니다.|Erhöhe die Reichweite und Angriffsgeschwindigkeit deiner Angriffe.|Augmentez la zone d'effet, la portée et la vitesse d'attaque.|Aumenta el rango de área de efecto de ataque y velocidad de ataque.|Wiruj dwoma ogromnymi nożami rzeźniczymi wokół siebie zadając obrażenia fizyczne.
talent_desc_blender|Swing two huge butchers knives around you dealing physical damage.|Swing two huge butchers knives around you dealing physical damage.|Balance duas facas enormes de açougueiro ao seu redor, causando Dano Físico.| Размахивайте двумя огромными мясницкими ножами, нанося физический урон.|揮舞雙持屠夫巨刃環繞揮砍，對周圍造成物理傷害. |巨大な肉屋のナイフを二刀流で振り回し、物理ダメージを与えます。|두 개의 거대한 도살자의 칼을 휘둘러 물리 데미지를 줍니다.|Schwinge zwei riesige Fleischermesser um dich herum und verursache physischen Schaden.|Manipulez deux énormes couteaux de boucher autour de vous, infligeant des dégâts physiques.|Balancea dos enormes cuchillos de carnicero a tu alrededor infligiendo daño físico.|Naładowane Pociski
talent_desc_daisysCall|Instantly teleport to your last existing Slicing Throw.|Instantly teleport to your last existing Slicing Throw.|Teletransporta instantaneamente para o seu último Arremesso Cortante existente.| Мгновенно телепортируйтесь к последнему имеющемуся Режущему броску.|立即傳送到您最後一個現有的切割投擲位置. |最後に存在したスライシングスローの位置に瞬間移動します。|마지막으로 던진 슬라이싱 쓰로우 위치로 즉시 순간이동합니다.|Teleportiere dich sofort zu deinem letzten Hiebwurf.|Téléportez-vous instantanément à votre dernier Lancer tranchant. |Teletransporta instantáneamente a tu último Lanzamiento Cortante existente.|Manafiend
|||||||||||
talent_name_chargedBolts|Charged Bolts|Charged Bolts|Raios Carregados| Заряженные Болты|充能彈|チャージボルト|차지 볼트|Aufgeladene Blitze|Éclairs chargés|Rayos Cargados|Pulsujący Ładunek
talent_name_manaFiend|Manafiend|Manafiend|Demônio da Mana| Манафинд|法力惡魔|マナフィーンド|매너피엔드|Manafeind|Manafiend|Maníaco del Maná|Przypływ Błyskawicy
talent_name_pulsingCharge|Pulsing Charge|Pulsing Charge|Carga Pulsante| Пульсирующий заряд|脈衝電荷|パルスチャージ|펄싱 차지|Pulsierende Ladung|Charge pulsée|Carga Pulsante|Brama
talent_name_lightningSurge|Lightning Surge|Lightning Surge|Surto de Raios| Удар молнии|雷電浪湧|雷サージ|라이트닝 서지|Blitzstoß|Surtension de foudre|Oleada de Rayos|Łańcuchowa Błyskawica
talent_name_gateway|Gateway|Gateway|Portão| Шлюз|躍遷|ゲートウェイ|게이트웨이|Tor|Passerelle|Portal|Statyczny Szok
talent_name_chainLightning|Chain Lightning|Chain Lightning|Cadeia de Raios| Цепная Молния|連鎖閃電|連鎖雷撃|체인 라이트닝|Kettenblitz|Éclair en chaîne|Rayo Encadenado|Chmura Burzowa
talent_name_staticShock|Static Shock|Static Shock|Choque Estático| Статический шок|靜電衝擊|静電気ショック|스태틱 쇼크|Statischer Schock|Choc statique|Choque Estático|Symfonia Pioruna
talent_name_stormCloud|Storm Cloud|Storm Cloud|Nuvem de Tempestade| Грозовое облако|風暴雲|嵐雲|스톰 블러드|Gewitterwolke|Nuage d'orage|Nube de Tormenta|Komórki Elektryczne
talent_name_symphonyOfThunder|Symphony of Thunder|Symphony of Thunder|Sinfonia do Trovão| Симфония грома|雷霆交響曲|雷のシンフォニー|심포니 썬더|Symphonie des Donners|Symphonie de tonnerre|Sinfonía del Trueno|Pocisk Burzy
talent_name_electricCells|Electric Cells|Electric Cells|Células Elétricas| Электрические элементы|電化細胞|電気セル|일렉트릭 쉘|Elektrische Zellen|Cellules électriques|Células Eléctricas|Aura Wysokiego Napięcia
talent_name_stormBolt|Storm Bolt|Storm Bolt|Raio Tempestuoso| Шторм Болт|風暴之箭|嵐ボルト|스톰 볼트|Sturmblitz|Éclair de tempête|Rayo de Tormenta|Naładowany Puls
talent_name_highVoltageAura|High Voltage Aura|High Voltage Aura|Aura de Alta Voltagem| Аура высокого напряжения|高壓電光環|高電圧オーラ|하이 볼티지 오라|Hochspannungsaura|Aura à haute tension|Aura de Alto Voltaje|Długość Fali
talent_name_loadedPulse|Loaded Pulse|Loaded Pulse|Pulso Carregado| Загруженный импульс|負載脈衝|ロードパルス|로디드 펄스|Geladener Puls|Impulsion chargée|Pulso Cargado|Bateria Wewnątrz
talent_name_waveLength|Wave Length|Wave Length|Comprimento de Onda| Длина волны|波長|波長|웨이브 렝스|Wellenlänge|Longueur d'onde|Longitud de Onda|Hiper Naładowany
talent_name_theBatteryWithin|The Battery Within|The Battery Within|Bateria Interna| Батарея внутри|內在同諧|内部のバッテリー|배터리 위딘|Die Batterie im Inneren|La batterie à l'intérieur|La Batería Interior|Apokaliptyczny Piorun
talent_name_hyperCharged|Hyper Charged|Hyper Charged|Hiper Carregado| Гипер заряженный|超級充電|ハイパーチャージ|하이퍼 차지|Hypergeladen|Hyper chargé|Hiper Cargado|Wstrząs Wtórny
talent_name_apocalypticThunder|Apocalyptic Thunder|Apocalyptic Thunder|Trovão Apocalíptico| Апокалиптический гром|末日雷霆|黙示録の雷|아포칼립스 썬더|Apokalyptischer Donner|Tonnerre apocalyptique|Trueno Apocalíptico|Uwolnij wiele iskrzących się pocisków elektryczności zadających obrażenia błyskawic przy trafieniu.
talent_name_afterShock|Aftershock|Aftershock|Pós-choque| Афтершок|餘震 |余震 |애프터쇼크|Nachbeben|Réplique |Réplica|Zmniejsz koszt many wszystkich umiejętności.
|||||||||||
talent_desc_chargedBolts|Unleash multiple sparking bolts of electricity dealing lightning damage on hit.|Unleash multiple sparking bolts of electricity dealing lightning damage on hit.|Libere múltiplos raios faiscantes que causam Dano de Relâmpago ao atingir o alvo. | Выпустите несколько искрящихся разрядов электричества, наносящих урон молнией при попадании.|釋放多道閃電擊中時造成閃電傷害. |複数の火花を散らす雷撃の矢を放ち、命中時に雷ダメージを与える。|여러 개의 불꽃 튀는 전기 볼트를 발사하여 명중 시 번개 데미지를 입힙니다.|Entfessele mehrere funkenbildende Blitze, die beim Treffer Blitzschaden verursachen.|Déchaînez une série d'éclairs étincelants infligeant des dégâts de foudre à l'impact.|Libera múltiples rayos chispeantes de electricidad que infligen daño de rayos al impactar.|Naładowane pociski pulsują gdy trafiają potwora.
talent_desc_manaFiend|Reduce the mana cost of all skills.|Reduce the mana cost of all skills.|Reduz o custo de mana de todas as habilidades.| Уменьшить стоимость маны всех навыков|降低所有技能的法力消耗. |すべてのスキルのマナコストを減少させる。|모든 스킬의 마나 소모를 감소시킵니다.|Reduziert die Manakosten aller Fähigkeiten.|Réduisez le coût en mana de toutes les compétences.|Reduce el costo de maná de todas las habilidades.|Uwolnij przypływ błyskawicy zadający obrażenia błyskawic.
talent_desc_pulsingCharge|Charged bolts pulse when hitting a monster.|Charged bolts pulse when hitting a monster.|Raios carregados pulsam quando atingem um inimigo.| Заряженные болты пульсируют при попадании в монстра|充能彈擊中敵人時產生脈衝. |チャージされた矢はモンスターに命中するとパルスを発生させる。|차지 볼트가 몬스터를 명중시킬 때 펄스를 발생시킵니다.|Geladene Strahlen pulsieren, wenn sie auf einen Feind treffen.|Les éclairs chargés pulsent lorsqu'ils touchent un monstre.|Los Rayos Cargados pulsan al golpear a un monstruo.|Natychmiast teleportuj się w miejsce celu.
talent_desc_lightningSurge|Unleash a surge of lightning dealing lightning damage.|Unleash a surge of lightning dealing lightning damage.|Libera um surto de raio causando Dano de Relâmpago.| Выпустите волну молний, наносящую урон молнией.|釋放閃電浪湧,造成閃電傷害. |雷の突風を解き放ち、雷ダメージを与える。|번개의 급류를 방출하여 번개 데미지를 입힙니다.|Entfesselt einen Blitzschlag, der Blitzschaden verursacht.|Déchaînez une vague d'éclairs infligeant des dégâts de foudre.|Libera una oleada de rayos que inflige daño de rayos.|Przypływ Błyskawicy teraz uwalnia łańcuchową błyskawicę gdy zderza się z potworem.
talent_desc_gateway|Instantly teleport to target spot.|Instantly teleport to target spot.|Teletransporta instantaneamente para o local alvo.| Мгновенно телепортироваться в указанное место|瞬間傳送至目標地點. |ターゲット地点に瞬時にテレポートする。|지정된 지점으로 즉시 순간이동합니다.|Teleportiert sich augenblicklich zum Zielort.|Téléportation instantanée à l'endroit ciblé.|Teletransporta instantáneamente al punto objetivo.|Szokuj miejsce celu statyczną elektrycznością nakładając na potwory static shock zadający obrażenia błyskawic w czasie.
talent_desc_chainLightning|Lightning Surge now unleashes chain lightning when colliding with a monster.|Lightning Surge now unleashes chain lightning when colliding with a monster.|O Surto de Raios agora libera Cadeia de Raios ao colidir com um inimigo| Удар молнии теперь выпускает цепную молнию при столкновении с монстром.|雷電浪湧現在在與怪物碰撞時釋放連鎖閃電. |ライトニングサージはモンスターに衝突すると連鎖雷を放つようになる。|라이트닝 서지가 몬스터와 충돌할 때 체인 라이트닝을 방출합니다.|Blitzschlag entfesselt nun Kettenblitze, wenn er mit einem Monster kollidiert.|Vague d'éclairs déclenche désormais des éclairs en chaîne lors d'une collision avec un monstre.|La Oleada de Rayos ahora libera rayos encadenados al colisionar con un monstruo.|Przywołaj chmurę burzową w miejscu celu uderzającą potwory przypływami błyskawic zadającymi obrażenia błyskawic.
talent_desc_staticShock|Shock target location with static electricity inflicting monsters with static shock dealing lightning damage over time. |Shock target location with static electricity inflicting monsters with static shock dealing lightning damage over time. |Eletrocuta o local alvo com eletricidade estática, infligindo choques estáticos nos monstros e causando Dano de Relâmpago ao longo do tempo.| Поражает указанное место статическим электричеством, нанося монстрам статический шок, наносящий урон молнией с течением времени.|使用靜電衝擊目標位置，對怪物造成靜電衝擊並隨著時間推移造成閃電傷害. |標的地点に静電気を発生させ、モンスターに静電ショックを与え、持続的に雷ダメージを与える。|대상 위치를 정전기로 충격 주어 몬스터에게 지속적으로 번개 데미지를 입히는 정전기 충격을 가합니다.|Schockiere das Ziel mit statischer Elektrizität und füge Monstern einen statischen Schock zu, der ihnen über Zeit Blitzschaden zufügt.|Électrocutions statiques à l'endroit ciblé, infligeant aux monstres une décharge statique et des dégâts de foudre sur la durée. |Electrocuta la ubicación objetivo con electricidad estática infligiendo Choque Estático a los monstruos que inflige daño de rayos con el tiempo. |Zyskaj zwiększone obrażenia błyskawic na krótki czas również porażając wszystkie potwory piorunami gdy zostaniesz uderzony umiejętnością błyskawic.
talent_desc_stormCloud|Conjure a storm cloud at target location striking monsters with surges of lightning dealing lightning damage.|Conjure a storm cloud at target location striking monsters with surges of lightning dealing lightning damage.|Invoca uma nuvem de tempestade no local alvo, atingindo os monstros com descargas elétricas e causando Dano de Relâmpago. | Создайте грозовую тучу в указанном месте, поражающую монстров разрядами молний, наносящими урон молнией.|在目標地點召喚風暴雲,用雷電擊中敵人. |標的地点に嵐の雲を召喚し、雷の突風でモンスターを攻撃し、雷ダメージを与える。|대상 위치에 폭풍 구름을 소환하여 번개의 급류로 몬스터에게 번개 데미지를 입힙니다.|Beschwöre am Zielort eine Gewitterwolke, die Monster mit Blitzen trifft und Blitzschaden verursacht.|Invoquez un nuage orageux à l'emplacement ciblé, frappant les monstres de décharges d'éclairs et leur infligeant des dégâts de foudre.|Invoca una nube de tormenta en la ubicación objetivo que golpea a los monstruos con oleadas de rayos infligiendo daño de rayos.|Zyskaj zwiększony płaski replenish many i energię.
talent_desc_symphonyOfThunder|Gain increased lightning damage for a short period of time also zapping all monsters with thunderbolts when hit by a lightning skill.|Gain increased lightning damage for a short period of time also zapping all monsters with thunderbolts when hit by a lightning skill.|Ganhe mais Dano de Relâmpago por um curto período de tempo, além de causar relâmpagos em todos os inimigos quando atingido por uma habilidade de raio.| Получает увеличенный урон от молнии на короткий промежуток времени, а также поражает всех монстров молниями при попадании под удар молнией.|在短時間內增加閃電傷害,當你在使用閃電技能擊中怪物時觸發額外雷擊|短時間の間、雷ダメージが増加し、雷スキルで攻撃を受けたモンスターすべてに雷撃を与える。|짧은 시간 동안 번개 데미지가 증가하며, 번개 스킬로 적중 시 모든 몬스터에게 천둥 번개를 가합니다.|Verursacht für kurze Zeit erhöhten Blitzschaden und trifft alle Monster mit Blitzen, wenn sie von einer Blitzfertigkeit getroffen werden.|Infligez des dégâts de foudre accrus pendant une courte durée et foudroyez tous les monstres touchés par une compétence de foudre.|Obtienes daño de rayos aumentado durante un breve período y también electrocuta a todos los monstruos con truenos al ser golpeados por una habilidad de rayos.|Uwolnij pocisk błyskawicy zadający obrażenia obszarowe błyskawic.
talent_desc_electricCells|Gain increased flat mana replenish and energy.|Gain increased flat mana replenish and energy.|Ganhe Recuperação de Mana e Energia aumentados| Получите увеличенное пополнение маны и энергии|獲得額外的法力值和生命恢覆. |固定のマナ回復量とエネルギーを増加させる。|마나 회복량과 에너지가 증가합니다.|Erhöhte Mana-Regeneration und Energie|Régénération de mana et énergie accrues.|Obtienes regeneración de maná plana y energía aumentadas.|Zwiększa twoje i członków drużyny obrażenia umiejętności błyskawic.
talent_desc_stormBolt|Unleash a bolt of lightning dealing area of effect lightning damage.|Unleash a bolt of lightning dealing area of effect lightning damage.|Libera um raio e causa Dano de Relâmpago em uma área.| Выпустите разряд молнии, наносящий урон молнией по области действия.|釋放一道閃電,造成閃電範圍傷害. |雷の矢を放ち、範囲内に雷ダメージを与える。|번개의 볼트를 발사하여 범위 번개 데미지를 입힙니다.|Entfessele einen Blitzschlag, der Flächenschaden verursacht.|Déchaînez un éclair infligeant des dégâts de foudre de zone.|Libera un rayo de rayos que inflige daño de rayos en área.|Pocisk Burzy teraz tworzy dodatkowy statyczny puls zadający zwiększone obrażenia obszarowe błyskawic.
talent_desc_highVoltageAura|Increases your and party members lightning skill damage.|Increases your and party members lightning skill damage.|Aumenta o seu Dano de Relâmpago e o dos membros do grupo.| Увеличивает урон от молний, наносимый вами и членами вашей группы.|增加你和隊友的閃電技能傷害. |自分とパーティーメンバーの雷スキルダメージを増加させる。|자신과 파티원의 번개 스킬 데미지를 증가시킵니다.|Erhöht den Blitzschaden von dir und deinen Gruppenmitgliedern.|Augmentez les dégâts de foudre de votre sort et de ceux de vos alliés.|Aumenta el daño de habilidades de rayos tuyo y de tu grupo.|Zwiększa prędkość pocisku wszystkich umiejętności.
talent_desc_loadedPulse|Storm Bolt now creates an additional static pulse dealing increased area of effect lightning damage.|Storm Bolt now creates an additional static pulse dealing increased area of effect lightning damage.|O Raio Tempestuoso agora cria um pulso estático adicional que causa mais Dano de Relâmpago em área.| «Штормовой болт» теперь создает дополнительный статический импульс, наносящий увеличенный урон молнией по области действия.|風暴之箭現在會產生額外的靜電脈衝,造成更大的範圍閃電傷害. |ストームボルトは追加の静電パルスを発生させ、増加した範囲の雷ダメージを与える。|스톰 볼트가 추가적인 정전기 펄스를 생성하여 범위 번개 데미지를 증가시킵니다.|Sturmschlag erzeugt nun einen zusätzlichen statischen Impuls, der erhöhten Flächenschaden durch Blitze verursacht.|Éclair de tempête crée désormais une impulsion statique supplémentaire infligeant des dégâts de foudre de zone accrus.|El Rayo de Tormenta ahora crea un pulso estático adicional que inflige daño de rayos en área aumentado.|Zyskaj zwiększone życie, manę i wszystkie odporności.
talent_desc_waveLength|Increases the projectile speed of all skills.|Increases the projectile speed of all skills.|Aumenta a velocidade de projétil de todas as habilidades.| Увеличивает скорость полета всех навыков.|增加所有技能的投射物速度|すべてのスキルの飛翔速度を増加させる。|모든 스킬의 투사체 속도를 증가시킵니다.|Erhöht die Projektilgeschwindigkeit aller Fertigkeiten.|Augmentez la vitesse des projectiles de toutes les compétences.|Aumenta la velocidad de proyectiles de todas las habilidades.|Szansa przy Rzuceniu na zyskanie zwiększonej szybszej szybkości rzucania na krótki czas.
talent_desc_theBatteryWithin|Gain increased life, mana and all resistances.|Gain increased life, mana and all resistances.|Ganhe mais vida, mana e todas as resistências| Получите больше жизни|增加生命值、法力值和全抗性. |ライフ、マナ、およびすべての耐性を増加させる。|생명력, 마나, 모든 저항력이 증가합니다.|Erhält mehr Leben, Mana und alle Resistenzen.|Gagnez des points de vie, du mana et toutes vos résistances.|Obtienes vida, maná y todas las resistencias aumentadas.|Rzuć wysokonapięciowym thunder bolt w miejsce celu ogłuszając i zadając masywne obrażenia obszarowe.
talent_desc_hyperCharged|Chance on Cast to gain increased faster cast rate for a short period of time.|Chance on Cast to gain increased faster cast rate for a short period of time.|Chance ao conjurar de ganhar Taxa de Conjuração Mais Rápida por um curto período de tempo.| Шанс при касте получить более быструю скорость каста на короткий промежуток времени.|施法時有機會在短時間內獲得更快的施放速度. |詠唱時に一定確率で短時間、詠唱速度が上昇する。|스킬 시전 시 일정 확률로 짧은 시간 동안 시전 속도가 증가합니다.|Chance beim Wirken, kurzzeitig erhöhte Zaubergeschwindigkeit zu erhalten.|Augmentez temporairement votre vitesse d'incantation lors de l'utilisation du sort.|Probabilidad al lanzar de obtener velocidad de lanzamiento aumentada durante un breve período.|Szansa przy zabiciu na rzucenie Apokaliptycznego Pioruna na najbliższego potwora ze zwiększonymi obrażeniami błyskawic.
talent_desc_apocalypticThunder|Cast a high voltage thunder bolt on target spot stunning and dealing massive area of effect damage.|Cast a high voltage thunder bolt on target spot stunning and dealing massive area of effect damage.|Lança um raio de alta voltagem no ponto-alvo, atordoando-o e causando dano massivo em área.| Выпускает высоковольтный разряд молнии в указанную точку, оглушая ее и нанося огромный урон по области.|在目標地點施放高壓閃電,造成暈眩和大量範圍傷害. |標的地点に高電圧の雷撃を放ち、気絶と大規模な範囲ダメージを与える。|대상 위치에 고전압 번개를 떨어뜨려 몬스터를 기절시키고 대규모 범위 데미지를 입힙니다.|Wirkt einen Hochspannungsblitz auf das Ziel, der es betäubt und massiven Flächenschaden verursacht.|Lancez un éclair surpuissant sur la cible, l'étourdissant et lui infligeant d'importants dégâts de zone.|Lanza un rayo de alto voltaje en el punto objetivo aturdiendo e infligiendo daño masivo en área.|Riffy Zabijania
talent_desc_afterShock|Chance on kill to cast Apocalyptic Thunder on the closest monster with increased lightning damage.|Chance on kill to cast Apocalyptic Thunder on the closest monster with increased lightning damage.|Chance de lançar Trovão Apocalíptico no inimigo mais próximo ao matar, com aumento de Dano de Relâmpago|Шанс при убийстве наложить на ближайшего монстра «Апокалиптический гром», увеличивающий урон от молнии.|擊殺時有機率對最近的敵人施放“末日雷霆”,並增加閃電傷害. |モンスターを倒した際、一定確率で最も近いモンスターに「アポカリプティックサンダー」を詠唱し、雷ダメージを増加させる。|적 처치 시 가장 가까운 몬스터에게 증가된 번개 데미지를 가진 종말의 천둥을 시전할 확률이 있습니다.|Chance beim Töten des Ziels, Apokalyptischer Donner mit erhöhtem Blitzschaden auf das nächstgelegene Monster zu wirken.|Après avoir tué un monstre, lancez Tonnerre apocalyptique sur le monstre le plus proche, infligeant des dégâts de foudre accrus. |Probabilidad al matar de lanzar Trueno Apocalíptico sobre el monstruo más cercano con daño de rayos aumentado.|Szalone Riffy
|||||||||||
talent_name_slayingRiffs|Slaying Riffs|Slaying Riffs|Riffs de Matar| Убийственные риффы|殺戮演奏|スレイヤーリフ|슬레잉 리프|Tödliche Riffs|Riffs meurtriers|Riffs Asesinos|Wnętrzny Growl
talent_name_insaneRiff|Insane Riff|Insane Riff|Riff Insano| Безумный рифф|瘋狂即興演奏|狂気のリフ|인세인 리프|Wahnsinniges Riff|Riff insensé|Riff Insano|Wzmacnianie
talent_name_visceralGrowl|Visceral Growl|Visceral Growl|Rugido Visceral| Висцеральный рык|本能咆哮|内臓のうなり声|비서럴 그로울|Instinktives Knurren|Grognement viscéral|Gruñido Visceral|Świętokradcza Symfonia
talent_name_ampingUp|Amping Up|Amping Up|Amplificando| Усиление|加強|増幅|앰프 업|Aufdrehen|Amplification|Subiendo el Volumen|Melodia Szatana
talent_name_sacrilegiousSymphony|Sacrilegious Symphony|Sacrilegious Symphony|Sinfonia Profana| Кощунственная симфония|褻瀆交響曲|冒涜的なシンフォニー|새크릴리저스 심포니|Sakrilegische Symphonie|Symphonie sacrilège|Sinfonía Sacrilega|Dźwięki Ciszy
talent_name_satansMelody|Satan´s Melody|Satan´s Melody|Melodia de Satanás| Мелодия Сатаны|撒旦旋律|悪魔のメロディー|사탄 멜로디|Satans Melodie|Mélodie de Satan|Melodía de Satanás|Wysokie dB
talent_name_soundsOfSilence|Sounds of Silence|Sounds of Silence|Sons do Silêncio| Звуки тишины|寂靜之聲|沈黙の音|사일런스 사운드|Klänge der Stille|Sons du silence|Sonidos del Silencio|Potomstwo Wielkiego Kataklizmu
talent_name_highDb|High dB|High dB|Alto dB| Высокий дБ|高分貝|高 dB|하이 dB|Hohe dB|Db élevé|Alto dB|Headbanger
talent_name_progeniesOfTheGreatCataclysm|Progenies of the Great Cataclysm|Progenies of the Great Cataclysm|Progênies do Grande Cataclismo| Потомки Великого Катаклизма|大災變後裔|大災害の末裔|그레이트 카타클림즘 프로제니스|Nachkommen der großen Katastrophe|Progénitures du grand cataclysme|Progenie del Gran Cataclismo|Tłuczący Tłum
talent_name_headBanger|Headbanger|Headbanger|Batedor de Cabeça| Головоломка|甩頭|ヘッドバンガー|헤드뱅잉|Headbanger|Headbanger|Headbanger|Nurkowanie w Tłumie
talent_name_crowdPummeler|Crowd Pummeler|Crowd Pummeler|Espancador da Multidão| Толпа Pummeler|人群捶打|クラウドパメラー|크라우드 퍼멀러|Crowd Pummeler|Crowd Pummeler|Aplastador de Multitudes|Przypływ Adrenaliny
talent_name_crowdDiver|Crowd Dive|Crowd Dive|Mergulho na Multidão| Толпа ныряет|舞臺跳水|クラウドダイブ|크라우드 다이브|Crowd Dive|Crowd Dive|Inmersión en la Multitud|Pragnienie Uwagi
talent_name_adrenalineMomentum|Adrenaline Momentum|Adrenaline Momentum|Momento de Adrenalina| Адреналиновый импульс|腎上腺素動力|アドレナリンの勢い|아드레날린 모멘텀|Adrenalin-Momentum|Momentum d'adrénaline|Momentum de Adrenalina|Technik Pyro
talent_name_cravingForAttention|Craving For Attention|Craving For Attention|Desejo por Atenção| Жажда внимания|渴望關注|注目への渇望|크레이빙 어텐션|Verlangen nach Aufmerksamkeit|Soif d'attention|Ansia de Atención|Pragnienie Kolejnego Zabicia
talent_name_pyroTechnician|Pyro Technician|Pyro Technician|Pirotécnico| Пиротехник|火焰技師|パイロテクニシャン|파이로 테크니션|Pyrotechniker|Technicien pyrotechnique|Técnico Piro|Antyspołeczny Pit Fighter
talent_name_cravingForAnotherKilling|Craving For Another Killing|Craving For Another Killing|Desejo por Mais Matança| Жажда еще одного убийства|渴望殺戮|さらなる殺戮への渇望|크레이빙 포 어나더 킬링|Verlangen nach einem weiteren Mord|Soif d'un autre meurtre|Ansia por Otra Matanza|Masakra Moshpit
talent_name_antiSocialPitFighter|Antisocial Pit Fighter|Antisocial Pit Fighter|Lutador Antissocial| Антисоциальный боец пит-бокса|反社會鬥士|反社会的ピットファイター|안티소셜 핏 파이터|Asozialer Pit Fighter|Combattant antisocial dans les arènes|Luchador Antisocial del Pit|Upuść wzmacniacz z nieba miażdżąc ziemię i wysyłając nuty w jego kierunku zadając obrażenia błyskawic. Upuszczenie wzmacniacza na inny powoduje jego eksplozję.
talent_name_moshpitMassacre|Moshpit Massacre|Moshpit Massacre|Massacre da Roda Punk| Мошпитская резня|殺戮衝撞|モッシュピット大虐殺 |모쉬핏 매서커|Moshpit-Massaker|Massacre de Moshpit |Masacre en el Moshpit|Co piąte rzucenie zaklęcia jest wzmocnione.
|||||||||||
talent_desc_slayingRiffs|Drop an amplifier from the sky smashing the ground and send notes towards enemies dealing lightning damage. Dropping an amplifier on another one causes the first one to explode.|Drop an amplifier from the sky smashing the ground and send notes towards it dealing lightning damage. Dropping an amplifier on another one causes it to explode.|Solta um amplificador do céu, que se choca contra o chão, e atira notas em direção dos inimigos, causando Dano de Relâmpago. Soltar um amplificador sobre outro fará com que o primeiro exploda.| Выпускает пронзительные звуки в направлении цели, нанося урон тайной магией.|自天空丟下一個音響重擊地面，並向敵人發射音符造成閃電傷害. 將一個音響掉落到另一個音響上會導致其爆炸. |空からアンプを落とし、地面を叩きつけて音符を放ち、雷ダメージを与える。アンプ同士が重なると爆発する。|하늘에서 앰프를 떨어뜨려 지면을 강타하고, 앰프를 향해 음표를 날려 번개 데미지를 줍니다. 다른 앰프 위에 떨어뜨리면 폭발을 일으킵니다.|Lass einen Verstärker vom Himmel fallen, der auf dem Boden zerschellt und Noten in seine Richtung schleudert, die Blitzschaden verursachen. Fällt ein Verstärker auf einen anderen, explodiert dieser.|Lâchez un amplificateur du ciel qui s'écrase au sol et envoyez des notes vers lui, infligeant des dégâts de foudre. Lâcher un amplificateur sur un autre le fait exploser.|Hace caer un amplificador desde el cielo que destroza el suelo y envía notas hacia él infligiendo daño de rayos. Hacer caer un amplificador sobre otro lo hace explotar.|Uwolnij wnętrzny growl w stożku frontalnym zadający obrażenia błyskawic.
talent_desc_insaneRiff|Every fifth spell cast is empowered with increased lightning damage.|Every fifth spell cast is empowered.|A cada cinco conjurações, o Dano de Relâmpago é aumentado.| Каждое пятое заклинание усиливается.|每第五次施放法術都會獲得強化，提升閃電傷害. |5回に1回の呪文詠唱が強化される。|다섯 번째 주문마다 강화됩니다.|Jeder fünfte Zauber wird verstärkt.|Un sort lancé sur cinq est renforcé.|Cada quinto lanzamiento de hechizo se potencia.|Szansa przy trafieniu zaklęciem lub uderzeniu na zyskanie stacka amping up zwiększającego twoją szybkość rzucania na krótki czas.
talent_desc_visceralGrowl|Unleash a visceral growl in a frontal cone dealing lightning damage.|Unleash a visceral growl in a frontal cone dealing lightning damage.|Libere um rugido visceral em um cone frontal, causando Dano de Relâmpago.| Выпустите жуткий рык в переднем конусе, нанося урон тайной магией.|發出撕心裂肺的吼聲，對前方錐形範圍內的敵人造成閃電傷害. |前方の扇状範囲に激しい唸り声を放ち、雷ダメージを与える。|앞을 향해 본능적인 포효를 내질러 범위 내 적에게 번개 데미지를 줍니다.|Entfessle ein markerschütterndes Knurren in einem frontalen Kegel, das Blitzschaden verursacht.|Lâchez un grognement viscéral dans un cône frontal, infligeant des dégâts de foudre.|Libera un gruñido visceral en un cono frontal que inflige daño de rayos.|Kanałuj przez krótki moment przed uwolnieniem masywnego pulsu obszarowego wokół ciebie zadającego obrażenia błyskawic.
talent_desc_ampingUp|Chance on spellhit or strike to gain a stack of amping up increasing your cast rate for a short duration.|Chance on spellhit or strike to gain a stack of amping up increasing your cast rate for a short duration.|Há uma chance, ao acertar uma magia ou golpe, de ganhar um acúmulo de Amplificando, aumentando sua Taxa de Conjuração Mais Rápida por um curto período.| шанс получить заряд усиления, увеличивающий скорость произнесения заклинаний на короткое время.|法術或攻擊命中時，有機率獲得一層強化，於短時間內提升你的施法速度. |呪文命中または攻撃命中時に一定確率で「アンピングアップ」のスタックを獲得し、短時間詠唱速度が上昇する。|주문이나 공격 적중 시 일정 확률로 '증폭' 중첩을 얻어 잠시 동안 시전 속도가 증가합니다.|Bei einem Zaubertreffer oder -schlag besteht die Chance, einen Verstärkungsstapel zu erhalten, der deine Zaubergeschwindigkeit für kurze Zeit erhöht.|À chaque coup réussi, vous avez une chance d'obtenir un cumul d'amplification, augmentant votre vitesse d'incantation pendant une courte durée.|Probabilidad al golpear con hechizo o ataque de obtener una pila de Subiendo el Volumen que aumenta tu velocidad de lanzamiento durante un breve período.|Zyskaj zwiększone obrażenia błyskawic na krótki czas i szansę na uwolnienie kostek gitarowych w łuku przy trafieniu.
talent_desc_sacrilegiousSymphony|Channel for a brief moment before unleashing a massive area of effect pulse around you dealing lightning damage.|Channel for a brief moment before unleashing a massive area of effect pulse around you dealing lightning damage.|Canalize por um breve momento antes de liberar um pulso massivo em área ao seu redor, causando Dano de Relâmpago.| Направляйте заклинание на короткое время, а затем высвобождайте вокруг себя мощный импульс, наносящий урон от тайной магии.|短暫吟唱後，對周圍釋放廣範圍的閃電脈衝，造成大量閃電傷害. |短時間チャネリング後、自分の周囲に大規模な範囲パルスを放ち、雷ダメージを与える。|잠시 집중한 후 주변에 강력한 범위 충격파를 방출하여 번개 데미지를 줍니다.|Kanalisiere kurz, bevor du einen massiven Flächeneffekt um dich herum entfesselst, der Blitzschaden verursacht.|Canalisez brièvement avant de libérer une puissante impulsion de zone autour de vous, infligeant des dégâts de foudre.|Canaliza durante un breve momento antes de liberar un enorme pulso en área a tu alrededor que inflige daño de rayos.|Konwertuje część twojej inteligencji w obrażenia umiejętności błyskawic.
talent_desc_satansMelody|Gain increased lightning skill damage for a short duration and a chance to unleash guitar picks in an arc on hit.|Gain increased lightning skill damage for a short duration and a chance to unleash guitar picks in an arc on hit.|Ganhe Dano de Relâmpago aumentado por um curto período e uma chance de lançar palhetas de guitarra em arco ao atingir o alvo.| Получите увеличенный урон от тайных навыков на короткое время и шанс выпустить гитарные медиаторы по дуге при попадании.|在短時間內增加閃電技能傷害,並有機會在擊中時以扇形釋放吉他撥片. |短時間雷スキルダメージが増加し、攻撃命中時にアーク状にギターピックを放つチャンスを得る。|짧은 시간 동안 번개 스킬 데미지가 증가하며, 적을 맞췄을 때 아크 형태로 기타 피크를 발사할 확률이 있습니다.|Erhältst für kurze Zeit erhöhten Blitzschaden und die Chance, bei einem Treffer Gitarrenplektren in einem Bogen abzufeuern.|Vos dégâts de foudre sont augmentés pendant une courte durée, et vous avez une chance de projeter des médiators en arc de cercle à l'impact. |Obtienes daño de habilidades de rayos aumentado durante un breve período y probabilidad de liberar púas de guitarra en un arco al golpear.|Nuty mają szansę uwolnić sonar pulse przy trafieniu zadający zwiększone obrażenia błyskawic.
talent_desc_soundsOfSilence|Converts a portion of your intelligence into lightning skill damage.|Converts a portion of your intelligence into lightning skill damage.|Converte uma porção da sua inteligência em Dano de Relâmpago.| Увеличивает ваш интеллект и восполняет ману.|將你一部分的智力轉化為閃電技能傷害. |知性の一部を雷スキルダメージに変換する。|지능의 일부를 번개 스킬 데미지로 전환합니다.|Wandelt einen Teil deiner Intelligenz in Blitzschaden um.|Convertit une partie de votre intelligence en dégâts de foudre.|Convierte una porción de tu inteligencia en daño de habilidades de rayos.|Przywołaj masywny wzmacniacz grający black metal na wysokim poziomie wysyłający przebijające nuty w kierunku pobliskich potworów odbijające się od terenu zadające obrażenia błyskawic. Jeśli jesteś zbyt daleko od wzmacniacza jest on przyciągany z powrotem do twojej pozycji.
talent_desc_highDb|Notes have a chance to unleash a sonar pulse on hit dealing increased lightning damage.|Notes have a chance to unleash a sonar pulse on hit dealing increased lightning damage.|As notas têm uma chance de liberar um pulso de sonar ao atingir o alvo, causando Dano de Relâmpago aumentado.| При попадании у заметок есть шанс выпустить сонарный импульс, наносящий повышенный урон от тайной магии.|音符命中時，有機率釋放聲鈉脈衝，造成閃電傷害. |音符は命中時にソナーパルスを放つチャンスがあり、増加した雷ダメージを与える。|음표 적중 시 소나 펄스를 발사하여 추가 번개 데미지를 줄 확률이 생깁니다.|Noten haben eine Chance, bei Treffer einen Sonarimpuls auszulösen, der erhöhten Blitzschaden verursacht.|Les notes ont une chance de déclencher une impulsion sonar à l'impact, infligeant des dégâts de foudre accrus.|Las notas tienen probabilidad de liberar un pulso de sonar al impactar que inflige daño de rayos aumentado.|Co trzeci atak uwalnia headbang zadający obrażenia obszarowe.
talent_desc_progeniesOfTheGreatCataclysm|Summon a massive amplifier playing black metal at high volume sending piercing notes towards nearby monsters bouncing from terrain dealing lightning damage. If you are too far from the amplifier it is pulled back to your position.|Summon a massive amplifier playing black metal at high volume sending piercing notes towards nearby monsters bouncing from terrain dealing lightning damage. If you are too far from the amplifier it is pulled back to your position.|Invoque um amplificador massivo tocando Black Metal no volume máximo, enviando notas penetrantes na direção dos monstros próximos, ricocheteando no terreno e causando Dano de Relâmpago. Se você estiver muito longe do amplificador, ele será puxado de volta para a sua posição.| Призвать массивный усилитель, играющий блэк-метал на высокой громкости, посылающий пронзительные ноты в близлежащих монстров, отскакивая от местности и нанося урон тайной магией. Если вы находитесь слишком далеко от усилителя, он взрывается.|召喚一個巨大的擴音器高分貝播放黑金屬樂，向附近怪物發射刺耳的音符，音符會在地形間彈跳並造成閃電傷害.  若你距離擴音器過遠，它會被拉回至你的位置. |巨大なアンプを召喚し、ブラックメタルを大音量で演奏して周囲のモンスターに鋭い音符を放つ。音符は地形で跳ね返り雷ダメージを与える。アンプから離れすぎると、自動的に自分の位置に引き戻される。|검은 메탈을 고출력으로 재생하는 거대한 앰프를 소환하여 날카로운 음표를 주변 몬스터에게 발사합니다. 음표는 지형을 튕기며 번개 데미지를 줍니다. 앰프에서 너무 멀어지면 자동으로 당신 위치로 돌아옵니다.|Beschwört einen massiven Verstärker, der Black Metal in hoher Lautstärke abspielt und durchdringende Noten auf nahe Monster abfeuert, die vom Gelände abprallen und Blitzschaden verursachen. Befindest du dich zu weit vom Verstärker entfernt, wird er zu deiner Position zurückgezogen.|Invoque un puissant amplificateur diffusant du black metal à plein volume, envoyant des notes perçantes vers les monstres proches. Ces notes rebondissent sur le terrain et infligent des dégâts de foudre. Si vous êtes trop loin de l'amplificateur, celui-ci est ramené vers vous.|Invoca un amplificador masivo que reproduce black metal a alto volumen enviando notas perforantes hacia los monstruos cercanos que rebotan en el terreno infligiendo daño de rayos. Si estás demasiado lejos del amplificador, este es atraído de vuelta a tu posición.|szansa na uwolnienie nut z potworów przy trafieniu zadające obrażenia fizyczne.
talent_desc_headBanger|Every third attack unleashes a headbang dealing area of effect damage. |Every third attack unleashes a headbang dealing area of effect damage. |A cada três ataques, você libera um Batedor de Cabeça, causando dano em área.| Каждая третья атака вызывает удар головой, наносящий урон по области.|每三次攻擊都會釋放一次甩頭,造成範圍傷害. |3回に1回の攻撃でヘッドバングを放ち、範囲ダメージを与える。|세 번째 공격마다 헤드뱅잉을 일으켜 범위 데미지를 줍니다.|Jeder dritte Angriff löst einen Headbang aus, der Flächenschaden verursacht.|Chaque troisième attaque déclenche un headbang, infligeant des dégâts de zone.|Cada tercer ataque libera un headbang que inflige daño en área. |Szarżuj w kierunku miejsca celu wyrzucając potwory w górę przy trafieniu zadając obrażenia fizyczne.
talent_desc_crowdPummeler|Chance to unleash notes from monsters on hit dealing physical damage.|chance to unleash notes from monsters on hit dealing physical damage.|Chance de liberar notas musicais de monstros ao bater, causando Dano Físico| шанс высвободить записки из монстров при ударе, наносящем физический урон.|擊中時，有機率使怪物釋放音符，造成物理傷害. |命中時にモンスターから音符を放つチャンスがあり、物理ダメージを与える。|적에게 적중 시 음표를 방출시켜 물리 데미지를 줄 확률이 생깁니다.|Chance, bei Treffer Noten von Monstern auszulösen, die physischen Schaden verursachen.|Chance de déclencher des notes depuis les monstres à l'impact, infligeant des dégâts physiques.|Probabilidad de liberar notas desde los monstruos al golpear infligiendo daño físico.|szansa na zyskanie stacka przypływu adrenaliny przy trafieniu zwiększającego twoją prędkość ruchu i prędkość ataku.
talent_desc_crowdDiver|Charge towards target location knocking monsters up on hit dealing physical damage.|Charge towards target location knocking monsters up on hit dealing physical damage.|Avança em direção ao local alvo, arremessando monstros ao ar ao acertá-los e causando Dano Físico.| Рывок к указанной точке, подбрасывающий монстров при ударе и наносящий физический урон.|向目標位置衝鋒,擊中怪物並擊倒它,造成物理傷害. |ターゲット地点に向かって突進し、命中したモンスターを吹き飛ばし物理ダメージを与える。|목표 지점으로 돌진하여 적을 공중으로 띄우고 물리 데미지를 줍니다.|Stürmt auf den Zielort zu und schleudert Monster bei Treffer in die Luft, wodurch sie physischen Schaden verursachen.|Charge vers la cible, projetant les monstres en l'air et infligeant des dégâts physiques.|Carga hacia la ubicación objetivo derribando a los monstruos al impactar e infligiendo daño físico.|Zyskaj obrażenia umiejętności fire za część twojego całkowitego wzmocnionego obrażenia.
talent_desc_adrenalineMomentum|chance to gain a stack of adrenaline momentum on hit increasing your movement speed and attack speed.|chance to gain a stack of adrenaline momentum on hit increasing your movement speed and attack speed.|Chance de ganhar um acúmulo de Momento de Adrenalina ao bater, aumentando sua Velocidade de Movimento e Velocidade de Ataque.| шанс получить заряд адреналина при ударе, увеличивающий вашу скорость передвижения и скорость атаки.|有機會在擊中時獲得一層腎上腺素動量，提高你的移動速度和攻擊速度. |命中時に一定確率で「アドレナリンモメンタム」のスタックを得て、移動速度と攻撃速度が上昇する。|적중 시 일정 확률로 '아드레날린 추진력' 중첩을 얻어 이동 속도와 공격 속도가 증가합니다.|Chance, bei Treffer einen Adrenalinschub zu erhalten, der deine Bewegungs- und Angriffsgeschwindigkeit erhöht.|Chance de gagner un bonus d'adrénaline à l'impact, augmentant votre vitesse de déplacement et votre vitesse d'attaque.|Probabilidad de obtener una pila de Momentum de Adrenalina al golpear que aumenta tu velocidad de movimiento y velocidad de ataque.|Blink w najbliższego potwora do miejsca celu uwalniając atak obszarowy zadający obrażenia fizyczne i fire.
talent_desc_cravingForAttention|Gain fire skill damage for a portion of your total enhanced damage.|Gain fire skill damage for a portion of your total enhanced damage.|Ganha Dano de Habilidade de Fogo equivalente a uma porcentagem do seu Dano Aprimorado total.| Призывает прожектор в указанном месте, который пробивает броню и замедляет монстров при попадании.|獲得相當於你總強化傷害一定比例的火焰技能傷害. |総強化ダメージの一部を火スキルダメージに変換する。|목표 지점에 스포트라이트를 소환하여 적의 방어를 약화시키고 둔화시킵니다.|Erhält Feuerschaden in Höhe eines Teils deines gesamten erhöhten Schadens.|Gagne des dégâts de feu pour une partie de vos dégâts améliorés totaux.|Obtienes daño de habilidades de fuego por una porción de tu daño total mejorado.|Zwiększa twoje obrażenia ataku, life per hit i prędkość ataku na krótki czas.
talent_desc_pyroTechnician|Blink into the closest monster to target location unleashing an area of effect attack dealing physical and fire damage.|Blink into the closest monster to target location unleashing an area of effect attack dealing physical and fire damage.|Teleporta-se para o monstro mais próximo do local-alvo, desferindo um ataque em área que causa Dano Físico e de Fogo.||閃現到距離目標位置最近的怪物，釋放範圍攻擊，造成物理和火焰傷害. |周囲に複数の火の裂け目を短時間出現させ、命中時に火ダメージを与える。|짧은 시간 동안 당신 주변에 불꽃 균열을 여러 개 생성하여 적중 시 불 데미지를 줍니다.|Blinkt zum nächstgelegenen Monster am Zielort und löst einen Flächenangriff aus, der physischen und Feuerschaden verursacht.|Se téléporte vers le monstre le plus proche de la cible, déclenchant une attaque de zone infligeant des dégâts physiques et de feu.|Parpadea hacia el monstruo más cercano a la ubicación objetivo liberando un ataque en área que inflige daño físico y de fuego.|Szansa na nałożenie zwiększonego magic find przy zabiciu.
talent_desc_cravingForAnotherKilling|Increases your attack damage, life per hit and attack speed for a short duration.|Increases your attack damage, life per hit and attack speed for a short duration.|Aumenta seu Dano de Ataque, Roubo de Vida e Velocidade de Ataque por um curto período.| Увеличивает урон от атаки|短時間內提高你的攻擊傷害、每次擊中回復的生命值和攻擊速度. |短時間、攻撃ダメージ、1ヒットあたりのライフ回復、攻撃速度を増加させる。|짧은 시간 동안 공격력, 적중 시 생명력 회복량, 공격 속도가 증가합니다.|Erhöht kurzzeitig deinen Angriffsschaden, deine Lebenspunkte pro Treffer und deine Angriffsgeschwindigkeit.|Augmente vos dégâts d'attaque, vos points de vie par coup et votre vitesse d'attaque pendant une courte durée.|Aumenta tu daño de ataque, vida por golpe y velocidad de ataque durante un breve período.|Przywołaj tłum death metalu aby walczył z potworami w promieniu obszaru zużywając część twojego maksymalnego many w czasie zadając obrażenia fizyczne.
talent_desc_antiSocialPitFighter|Chance to apply increased magic find on kill.|Chance to apply increased magic find on kill.|Chance de aplicar um aumento de Magic Find ao matar um monstro.|Шанс применения повышенного эффекта поиска магических предметов при убийстве. |擊殺時，有機率獲得提升的物品稀有度. |モンスターを倒した際に魔法探索率が上昇するチャンスを得る。|적 처치 시 일정 확률로 마법 아이템 발견률 증가 효과를 적용합니다.|Chance, bei einem Kill erhöhte Magiefundrate zu erhalten.|Chance d'appliquer un bonus de découverte d'objets magiques à chaque élimination.|Probabilidad de aplicar probabilidad de encontrar objetos mágicos aumentada al matar.|Robak Padliny
talent_desc_moshpitMassacre|Summon a death metal crowd to fight monsters within the area radius draining a portion of your maximum mana over time dealing physical damage.|Summon a death metal crowd to fight monsters within the area radius draining a portion of your maximum mana over time dealing physical damage.|Invoca uma multidão de Death Metal para lutar contra monstros dentro do raio da área, drenando uma porcentagem da sua mana máxima ao longo do tempo e causando Dano Físico. | Призовите толпу смертоносного металла, чтобы сражаться с монстрами в радиусе действия, постепенно высасывая часть вашего максимального запаса маны и нанося физический урон. |召喚一群死亡金屬人與範圍內的怪物戰鬥,在短時間內造成物理傷害. |デスメタルの群衆を召喚し、範囲内のモンスターと戦わせる。最大マナの一部を時間経過で消費しながら物理ダメージを与える。|데스메탈 군중을 소환하여 해당 지역 반경 내의 몬스터와 싸우고, 시간이 지남에 따라 최대 마나의 일부를 소모하여 물리적 피해를 입힙니다. |Beschwöre eine Death-Metal-Horde, die Monster im Wirkungsbereich bekämpft, über Zeit einen Teil deines maximalen Manas verbraucht und physischen Schaden verursacht.|Invoquez une foule de métalleux pour combattre les monstres dans la zone, en drainant une partie de votre mana maximum au fil du temps et en infligeant des dégâts physiques. |Invoca una multitud de death metal para luchar contra monstruos dentro del radio del área drenando una porción de tu maná máximo con el tiempo e infligiendo daño físico.|Cierniste Korzenie
|||||||||||
talent_name_carrionWorm|Carrion Worm|Carrion Worm|Verme Carniceiro|Падальщик|腐肉蠕蟲|腐肉虫|시체벌레|Aaswurm|Ver charognard|Gusano de Carroña|Przywołaj Kruka
talent_name_thornedRoots|Thorned Roots|Thorned Roots|Raízes Espinhosas|Колючие корни|荊棘根鬚|棘のある根|가시 돋친 뿌리|Dornenwurzeln|Racines épineuses|Raíces Espinosas|Błogosławiona Natura
talent_name_raven|Summon Raven|Summon Raven|Invocar Corvo|Призвать ворона|召喚渡鴉|カラス召喚|까마귀 소환|Raben beschwören|Invoquer le Corbeau|Invocar Cuervo|Przywołaj Ent
talent_name_blessedNature|Blessed Nature|Blessed Nature|Natureza Abençoada|Благословенная природа|祝福之力|祝福された自然|축복받은 자연|Gesegnete Natur|Nature bénie|Naturaleza Bendita|Ciernista Gałąź
talent_name_summonEnt|Summon Ent|Summon Ent|Invocar Ent|Призвать энта|召喚樹人|エント召喚|엔트 소환|Ent beschwören|Invoquer l'Ent|Invocar Ent|Przywołaj Ducha Lasu
talent_name_thornedBranch|Thorned Branch|Thorned Branch|Galho Espinhoso|Колючая ветвь|荊棘樹枝|棘のある枝|가시 돋친 가지|Dornenzweig|Branche épineuse|Rama Espinosa|Głęboko Zakorzenione
talent_name_spiritOfForest|Summon Spirit of The Forest|Summon Spirit of The Forest|Invocar Espírito da Floresta|Призвать духа леса|召喚森靈|森の精霊召喚|숲의 정령 소환|Geist des Waldes beschwören|Invoquer l'Esprit de la Forêt|Invocar Espíritu del Bosque|Przywołaj Ent Kolosa
talent_name_deepRooted|Deep Rooted|Deep Rooted|Enraizado Profundamente|Глубоко укоренившегося|根深蒂固|深く根付いた|깊은 뿌리|Tief verwurzelt|Profondément enraciné|Raíces Profundas|Duch Wendigo
talent_name_entColossus|Summon Ent Colossus|Summon Ent Colossus|Invocar Ent Colossal|Призвать колосса энта|召喚樹人巨像|エント・コロッサス召喚|엔트 거상 소환|Ent-Koloss beschwören|Invoquer l'Ent colossal|Invocar Coloso Ent|Raniąca Łapa
talent_name_spiritOfWendigo|Spirit of The Wendigo|Spirit of The Wendigo|Espírito do Wendigo|Дух вендиго|溫迪戈之靈|ウェンディゴの精霊|웬디고의 정령|Geist des Wendigo|Esprit du Wendigo|Espíritu del Wendigo|Skinwalker
talent_name_woundingPaw|Wounding Paw|Wounding Paw|Garra Lacerante|Ранящая лапа|傷痕之爪|傷つける爪|상처 입히는 발톱|Verletzende Pfote|Patte blessante|Garra Heridora|Szarża Skacząca
talent_name_skinWalker|Skinwalker|Skinwalker|Skinwalker|Оборотень|變形者|スキンウォーカー|스킨워커|Hautwandler|Métamorphe|Caminante de Piel|Duch Ent
talent_name_leapingCharge|Leaping Charge|Leaping Charge|Investida Saltitante|Прыгающий рывок|衝鋒躍擊|跳躍突撃|도약 돌격|Sprungangriff|Charge bondissante|Carga Saltarina|Maelstrom Mrozu
talent_name_spiritOfEnt|Spirit of the Ent|Spirit of the Ent|Espírito do Ent|Дух энта|樹人之靈|エントの精霊|엔트의 정령|Geist des Ent|Esprit de l'Ent|Espíritu del Ent|Esencja Bagienna
talent_name_maelstromOfFrost|Maelstrom of Frost|Maelstrom of Frost|Redemoinho de Gelo|Вихрь мороза|霜凍漩渦|霜の渦|서리의 소용돌이|Froststrudel|Maelström de givre|Maelstrom de Escarcha|Manamieszkaniec
talent_name_swampsEssence|Swamp´s Essence|Swamp´s Essence|Essência do Pântano|Сущность болота|沼澤精華|沼の精髄|늪의 정수|Essenz des Sumpfes|Essence du marais|Esencia del Pantano|Burzowy Jastrząb
talent_name_manaDwelling|Manadwelling|Manadwelling|Imbuído de Mana|Обитатель маны|魔力居所|マナドウェリング|인간 거주지|Menschenbewohner|Demeure de l'homme|Morada del Maná|Przywołuje carrion worm często atakujący pobliskie potwory.
talent_name_spiritOfHawk|Storm Hawk|Storm Hawk|Falcão da Tempestade |Штормовой ястреб |風暴之鷹 |ストームホーク |폭풍 매 |Sturmfalke|Faucon des tempêtes |Halcón de Tormenta|Uwolnij rój korzeni zadający obrażenia trucizną przy trafieniu.
|||||||||||
talent_desc_carrionWorm|Summons a carrion worm frequently attacking nearby monsters.|Summons a carrion worm frequently attacking nearby monsters.|Invoca um verme carniceiro que ataca frequentemente monstros próximos.|Призывает падальщика, часто атакующего ближайших монстров.|召喚一條腐肉蠕蟲，經常攻擊附近的怪物。。|腐肉虫を召喚し、近くのモンスターを頻繁に攻撃します。|시체벌레를 소환하여 주변 몬스터를 공격합니다.|Beschwört einen Aaswurm, der häufig Monster in der Nähe angreift.||Invoca un gusano de carroña que ataca frecuentemente a los monstruos cercanos.|Przywołaj kruka krążącego wokół ciebie atakującego pobliskie potwory.
talent_desc_thornedRoots|Unleash a swarm of roots dealing poison damage on hit.|Unleash a swarm of roots dealing poison damage on hit.|Libera um enxame de raízes que causa dano de veneno ao atingir.|Выпускает рой корней, наносящих ядовитый урон при попадании.|釋放出一群根鬚，擊中目標時造成毒素傷害。|根の群れを放ち、命中時に毒ダメージを与えます。|뿌리 떼를 소환하여 적중 시 독 피해를 입힙니다.|Entfesselt einen Wurzelschwarm, der bei Treffer Giftschaden verursacht.||Libera un enjambre de raíces que infligen daño de veneno al impactar.|Zwiększa obrażenia umiejętności trucizny.
talent_desc_raven|Summon a raven circling around you attacking nearby monsters.|Summon a raven circling around you attacking nearby monsters.|Invoca um corvo que circula ao seu redor, atacando monstros próximos.|Призывает ворона, кружащего вокруг вас и атакующего ближайших монстров.|召喚一隻烏鴉在你周圍盤旋，攻擊附近的怪物。。|カラスを召喚し、周囲を旋回させながら近くのモンスターを攻撃します。|까마귀를 소환하여 주변 몬스터를 공격하며 주위를 맴돕니다.|Beschwört einen Raben, der um euch kreist und Monster in der Nähe angreift.||Invoca un cuervo que gira a tu alrededor atacando a los monstruos cercanos.|Przywołuje enta aby walczył u twojego boku.
talent_desc_blessedNature|Increases poison skill damage.|Increases poison skill damage.|Aumenta o dano da habilidade de veneno.|Увеличивает урон от ядовитых навыков.|增加毒素技能傷害。|毒スキルのダメージを増加させます。|독 스킬 피해량이 증가합니다.|Erhöht den Schaden von Giftfertigkeiten.||Aumenta el daño de habilidades de veneno.|Rzuć ciernistą gałęzią zadającą obrażenia trucizną przy trafieniu.
talent_desc_summonEnt|Summons an ent to fight by your side.|Summons an ent to fight by your side.|Invoca um Ent para lutar ao seu lado.|Призывает энта, чтобы сражаться на вашей стороне.|召喚一個樹人與你並肩作戰。|エントを召喚し、共に戦います。|엔트를 소환하여 아군으로 싸웁니다.|Beschwört einen Ent, der an eurer Seite kämpft.||Invoca un ent para que luche a tu lado.|Przywołuje ducha lasu zwiększającego życie i manę dla ciebie i twojej drużyny.
talent_desc_thornedBranch|Throw a thorned branch dealing poison damage on hit.|Throw a thorned branch dealing poison damage on hit.|Arremessa um galho espinhoso que causa Dano de Veneno ao atingir o alvo.|Бросает колючую ветку, наносящую ядовитый урон при попадании.|投擲一根帶刺的樹枝，擊中目標時造成毒素傷害。|棘のある枝を投げ、命中時に毒ダメージを与えます。|가시 가지를 던져 적중 시 독 피해를 입힙니다.|Wirft einen dornigen Zweig, der bei Treffer Giftschaden verursacht.||Lanza una rama espinosa que inflige daño de veneno al impactar.|Zwiększa wszystkie odporności.
talent_desc_spiritOfForest|Summons a spirit of the forest increasing life and mana for you and your party.|Summons a spirit of the forest increasing life and mana for you and your party.|Invoca um espírito da floresta que aumenta a Vida e a Mana para você e seu grupo.|Призывает духа леса, увеличивающего здоровье и ману для вас и вашей группы.|召喚森林精靈，提升你和你的隊伍的生命值和魔法值。|森の精霊を召喚し、自身とパーティーメンバーのライフとマナを増加させます。|숲의 정령을 소환하여 자신과 파티의 생명력과 마나를 증가시킵니다.|Beschwört einen Waldgeist, der Leben und Mana für euch und eure Gruppe erhöht.||Invoca un espíritu del bosque que aumenta la vida y maná tuyos y de tu grupo.|Przywołuje ent kolosa aby walczył u twojego boku.
talent_desc_deepRooted|Increases all resistances.|Increases all resistances.|Aumenta todas as resistências.|Увеличивает все сопротивления.|增加所有抗性。|全ての耐性を増加させます。|모든 저항력이 증가합니다.|Erhöht alle Resistenzen.||Aumenta todas las resistencias.|Przemień się w wendigo zyskując zwiększone statystyki bojowe.
talent_desc_entColossus|Summons an ent colossus to fight by your side.|Summons an ent colossus to fight by your side.|Invoca um Ent colossal para lutar ao seu lado.|Призывает колосса-энта, чтобы сражаться на вашей стороне.|召喚一個樹人巨像與你並肩作戰。|エントの巨像を召喚し、共に戦います。|거대한 엔트를 소환하여 아군으로 싸웁니다.|Beschwört einen Ent-Koloss, der an eurer Seite kämpft.||Invoca un coloso ent para que luche a tu lado.|Uderz potwory ze zwiększonymi obrażeniami z szansą na uwolnienie fali krwi.
talent_desc_spiritOfWendigo|Morph into a wendigo gaining increased combat stats.|Morph into a wendigo gaining increased combat stats.|Transforma-se em um Wendigo, ganhando atributos de combate aumentados.|Превращается в вендиго, получая увеличенные боевые характеристики.|變身為溫迪戈，獲得更強的戰鬥屬性。|ウェンディゴに変身し、戦闘能力が向上します。|웬디고로 변신하여 전투 능력치가 증가합니다.|Verwandelt euch in einen Wendigo und erhaltet erhöhte Kampfwerte.||Te transformas en un wendigo obteniendo estadísticas de combate aumentadas.|Część twojego życia jest dodawana jako obrażenia fizyczne.
talent_desc_woundingPaw|Strike monsters with increased damage with a chance to unleash a ripple of blood.|Strike monsters with increased damage with a chance to unleash a ripple of blood.|Ataca monstros com dano aumentado e com chance de liberar uma onda de sangue.|Наносит монстрам увеличенный урон с вероятностью выпустить кровавую рябь.|攻擊怪物時造成更高傷害，並有幾率釋放血浪漣漪。|モンスターに大ダメージを与え、血の波紋を発生させる可能性があります。|몬스터에게 증가된 피해를 입히고 일정 확률로 핏빛 파동을 일으킵니다.|Schlagt Monster mit erhöhtem Schaden an und löst mit etwas Glück eine Blutwelle aus.||Golpea a los monstruos con daño aumentado con probabilidad de liberar una onda de sangre.|Wykonaj szarżujący skok do przodu zadający obrażenia fizyczne potworom przy trafieniu.
talent_desc_skinWalker|A portion of your life is added as physical damage.|A portion of your life is added as physical damage.|Uma parte da sua Vida é adicionada como Dano Físico.|Часть вашего здоровья добавляется в виде физического урона.|你生命的一部分轉換為增加的物理傷害。|ライフの一部が物理ダメージとして加算されます。|생명력의 일부가 물리 피해로 추가됩니다.|Ein Teil eures Lebens wird als physischer Schaden hinzugefügt.||Una porción de tu vida se añade como daño físico.|Przemień się w Ent z szansą na odepchnięcie potworów przy trafieniu ogłuszając i zadając dodatkowe obrażenia gdy zderzają się z terenem.
talent_desc_leapingCharge|Perform a charging leap forward inflicting physical damage to monsters on hit.|Perform a charging leap forward inflicting physical damage to monsters on hit.|Executa um salto para frente, causando Dano Físico nos monstros atingidos.|Совершает стремительный прыжок вперед, нанося физический урон монстрам при попадании.|向前進行衝鋒跳躍，擊中怪物時造成物理傷害。|前方に突進し、命中時にモンスターに物理ダメージを与えます。|돌진 도약으로 몬스터에게 물리 피해를 입힙니다.|Führt einen Sturmangriff aus, der Monstern bei Treffer physischen Schaden zufügt.||Realiza una carga saltarina hacia adelante infligiendo daño físico a los monstruos al impactar.|Przywołaj maelstrom mrozu wokół ciebie zadający obrażenia zimna i fizyczne przy trafieniu.
talent_desc_spiritOfEnt|Morph into an Ent with a chance to knock monsters back on hit stunning and dealing additional damage when colliding with terrain.|Morph into an Ent with a chance to knock monsters back on hit stunning and dealing additional damage when colliding with terrain.|Transforma-se em um Ent com chance de empurrar monstros para trás ao atingir, atordoando-os e causando dano adicional ao colidir com o terreno.|Превращается в энта с вероятностью отбрасывания монстров при попадании, оглушения и нанесения дополнительного урона при столкновении с местностью.|變形為樹人，有幾率會擊退擊暈怪物，並在碰撞時到地形造成額外傷害。|エントに変身し、命中時にモンスターをノックバックさせ、スタン状態にし、地形に衝突した際にさらにダメージを与えます。|엔트로 변신하여 일정 확률로 몬스터를 밀쳐내고, 지형과 충돌 시 기절시키며 추가 피해를 입힙니다.|Verwandelt euch in einen Ent und stoßt Monster mit etwas Glück bei Treffern zurück. Beim Aufprall auf das Gelände werden sie betäubt und erleiden zusätzlichen Schaden.||Te transformas en un Ent con probabilidad de derribar a los monstruos al impactar aturdiendo e infligiendo daño adicional al colisionar con el terreno.|Zwiększa twoje maksymalne życie.
talent_desc_maelstromOfFrost|Summon a maelstrom of frost around you inflicting cold and physical damage on hit.|Summon a maelstrom of frost around you inflicting cold and physical damage on hit.|Invoque um turbilhão de gelo ao seu redor, causando Dano Físico e Dano de Gelo ao contato.|Призовите вокруг себя вихрь мороза, наносящий урон холодом и физический урон при попадании.|召喚一道冰霜漩渦環繞自身，擊中目標時造成冰霜和物理傷害。|周囲に氷の渦を召喚し、命中時に冷気ダメージと物理ダメージを与える。|자신 주변에 냉기 소용돌이를 소환하여 적중 시 냉기 및 물리 피해를 입힙니다.|Beschwöre einen Froststrudel um dich herum, der bei Treffern Kälte- und physischen Schaden verursacht.||Invoca un maelstrom de escarcha a tu alrededor que inflige daño de frío y físico al impactar.|Dodaje część twojej many jako obrażenia fizyczne.
talent_desc_swampsEssence|Increases your maximum life.|Increases your maximum life.|Aumenta sua vida máxima.|Увеличивает ваше максимальное здоровье.|提高你的最大生命值。|最大ライフが増加する。|최대 생명력이 증가합니다.|Erhöht dein maximales Leben.||Aumenta tu vida máxima.|Przemień się w burzowego jastrzębia zyskując latanie i konwertując część twoich obrażeń fizycznych w obrażenia błyskawic. Twoje ataki teraz uwalniają łańcuchową błyskawicę.
talent_desc_manaDwelling|Adds a portion of your mana as physical damage.|Adds a portion of your mana as physical damage.|Adiciona uma porção da sua Mana como Dano Físico.|Добавляет часть вашей маны в виде физического урона.|將你的一部分法力值轉換為增加的物理傷害。|マナの一部を物理ダメージとして加算する。|마나의 일부를 물리 피해로 전환합니다.|Fügt einen Teil deines Manas als physischen Schaden hinzu.||Añade una porción de tu maná como daño físico.|Moc Wojownika
talent_desc_spiritOfHawk|Morph into a storm hawk gaining flying and convert a portion of your physical damage into lightning damage. Your Basic Attacks and Wounding Paw now fire an arc of lightning bolts, unleashing a Chain Lightning effect.|Morph into a storm hawk gaining flying and convert a portion of your physical damage into lightning damage. Your attacks now unleash a chain lightning.|Transforme-se em um Falcão da Tempestade, ganhando a habilidade de voar e convertendo uma porção do seu dano físico em dano elétrico. Seus ataques agora liberam um raio em cadeia. |Превратитесь в штормового ястреба, получите способность летать и преобразуйте часть вашего физического урона в урон молнией. Ваши атаки теперь обрушивают цепную молнию.|變身為風暴巨鷹獲得飛行能力， 並將你的一部分物理傷害轉化為閃電傷害。 你的基本攻擊與撕裂之掌現在會發射電弧， 釋放連鎖閃電效果。 |嵐の鷹に変身し、飛行能力を獲得する。物理ダメージの一部を雷ダメージに変換する。攻撃時に連鎖する稲妻を放つようになる。 |폭풍 매로 변신하여 비행 능력을 얻고 물리 피해의 일부를 번개 피해로 전환합니다. 이제 공격 시 연쇄 번개를 발산합니다. |Verwandle dich in einen Sturmfalken, erhalte Flugfähigkeit und wandle einen Teil deines physischen Schadens in Blitzschaden um. Deine Angriffe entfesseln nun Kettenblitze.||Te transformas en un halcón de tormenta obteniendo vuelo y convirtiendo una porción de tu daño físico en daño de rayos. Tus ataques ahora liberan un rayo encadenado.|Obrony
|||||||||||
talent_name_mercenaryMeleeWarriorsMight|Warrior's Might|Warrior's Might|Força do Guerreiro| Мощь Воина|勇士之力|戦士の力|워리어 마이트|Macht des Kriegers|Puissance du guerrier|Poder del Guerrero|Szarża Uderzeniowa
talent_name_mercenaryMeleeDefenses|Defenses|Defenses|Defesas| Обороны|防禦|防御|디펜스|Verteidigung|Défenses|Defensas|Śmiertelne Uderzenie
talent_name_mercenaryMeleeChargeStrike|Charge Strike|Charge Strike|Ataque de Avanço| Заряд Удара|衝鋒打擊|突撃攻撃|차지 스트라이크|Angriffsschlag|Frappe chargée|Golpe de Carga|Kolczasty Pancerz
talent_name_mercenaryMeleeFatalStrike|Fatal Strike|Fatal Strike|Ataque Fatal| Смертельный удар|致命一擊|致命的な一撃|페이탈 스트라이크|Tödlicher Schlag|Frappe fatale|Golpe Fatal|Prowokacja
talent_name_mercenaryMeleeSpikedArmor|Spiked Armor|Spiked Armor|Armadura com Espinhos| Шипастая броня|尖刺盔甲|スパイクアーマー|스파이크 아머|Stachelrüstung|Armure à pointes|Armadura con Pinchos|Stackowany Gniew
talent_name_mercenaryMeleeTaunt|Taunt|Taunt|Provocar| Насмешка|嘲諷|挑発|타운트|Verhöhnung|Provocation|Provocación|Uchwyt Miecza
talent_name_mercenaryMeleeStackedRage|Stacked Rage|Stacked Rage|Fúria Acumulada| Сложенная Ярость|憤怒堆積|積み重ねられた怒り|스택 레이지|Gestapelte Wut|Rage accumulée|Rabia Acumulada|Płytowy Pancerz
talent_name_mercenaryMeleeSwordGrip|Sword Grip|Sword Grip|Empunhadura de Espada| Рукоять меча|長劍精通|剣の握り|소드 그립|Schwertgriff|Poignée d'épée|Agarre de Espada|Stackowany Ból
talent_name_mercenaryMeleePlatedArmor|Plated Armor|Plated Armor|Armadura de Placa| Пластинчатая броня|鍍金裝甲|プレートアーマー|플레이트 아머|Plattenrüstung|Armure de plates|Armadura Placa|Hulking Gniew
talent_name_mercenaryMeleeStackedPain|Stacked Pain|Stacked Pain|Dor Acumulada| Сложенная боль|累積痛苦|積み重ねられた痛み|스택 페인|Gestapelter Schmerz|Douleur cumulée|Dolor Acumulado|Ekspert Aury
talent_name_mercenaryMeleeHulkingRage|Hulking Rage|Hulking Rage|Fúria Agitada| Громадная ярость|巨大憤怒|巨大な怒り|헐킹 레이지|Riesige Wut|Rage de Hulking|Rabia Enorme|Unikowe Taktyki
talent_name_mercenaryMeleeAuraExpert|Aura Expert|Aura Expert|Expert em Auras| Эксперт Ауры|光環專家|オーラのエキスパート|오라 익스퍼트|Aura-Experte|Expert en aura|Experto en Auras|Serce Dowódcy
talent_name_mercenaryMeleeEvasiveTactics|Evasive Tactics|Evasive Tactics|Táticas Evasivas| Тактика уклонения|迴避策略|回避戦術|이베이브 택틱스|Ausweichtaktiken|Tactique d'évasion|Tácticas Evasivas|Błogosławione Uderzenie
talent_name_mercenaryMeleeCommandersHeart|Commander's Heart|Commander's Heart|Coração do Comandante| Сердце Командира|指揮官之心|指揮官の心|커맨더 하트|Herz des Kommandanten|Cœur du commandant|Corazón del Comandante|Brutalne Uderzenie
talent_name_mercenaryMeleeBlessedStrike|Blessed Strike|Blessed Strike|Ataque Abençoado| Благословенный удар|祝福一擊|祝福された一撃|블레스 스트라이크|Gesegneter Schlag|Frappe bénie|Golpe Bendito|Odbicie
talent_name_mercenaryMeleeBrutalBash|Brutal Bash|Brutal Bash|Batida Brutal| Брутальный Удар|野蠻猛擊|残忍な強打|브루탈 배쉬|Brutaler Hieb|Coup brutal|Golpe Brutal|Ochronna Szarża
talent_name_mercenaryMeleeBacklash|Backlash|Backlash|Reação Adversa| Обратная реакция|反撞|反動|백래쉬|Gegenschlag|Contrecoup|Contragolpe|Zwiększa Siłę Najemnika.
talent_name_mercenaryMeleeProtectingCharge|Protecting Charge|Protecting Charge|Avanço Protetor| Защита Обвинения|保護衝鋒 |防御突撃 |프로텍트 차지|Schützender Angriff|Charge protectrice|Carga Protectora|Zwiększa Pancerz Najemnika.
|||||||||||
talent_desc_mercenaryMeleeWarriorsMight|Increases the Mercenarys Strength.|Increases the Mercenarys Strength.|Aumenta a Força do Mercenário.| Увеличивает силу наемников.|增加傭兵的力量。|傭兵の筋力を増加させる。|용병의 힘이 증가합니다.|Erhöht die Stärke des Söldners.|Augmente la force du mercenaire.|Aumenta la Fuerza del Mercenario.|Najemnik szarżuje w najbliższego potwora ogłuszając i zadając obrażenia wszystkim potworom wokół.
talent_desc_mercenaryMeleeDefenses|Increases the Mercenarys Armor.|Increases the Mercenarys Armor.|Aumenta a Armadura do Mercenário.| Увеличивает броню наемников.|增加傭兵護甲。|傭兵の防御力を増加させる。|용병의 방어력이 증가합니다.|Erhöht die Rüstung des Söldners.|Augmente l'armure du mercenaire.|Aumenta la Armadura del Mercenario.|Zwiększa obrażenia krytyczne ataku Najemnika.
talent_desc_mercenaryMeleeChargeStrike|The Mercenary charges into the closest monster stunning and damaging all monsters around.|The Mercenary charges into the closest monster stunning and damaging all monsters around.|O Mercenário avança no inimigo mais próximo, atordoando-o e causando dano nos inimigos em volta.| Наемник бросается на ближайшего монстра, оглушая и нанося урон всем монстрам вокруг.|傭兵衝向最近的敵人,擊暈並傷害周圍的所有敵人. |傭兵が最も近いモンスターに突進し、周囲のモンスター全てを気絶させてダメージを与える。|용병이 가장 가까운 몬스터에게 돌진하여 주변 몬스터를 기절시키고 피해를 줍니다.|Der Söldner stürmt auf das nächste Monster zu und betäubt und schädigt alle Monster in der Nähe.|Le mercenaire charge sur l'ennemi le plus proche, étourdissant et endommageant tous les ennemis alentour.|El Mercenario carga hacia el monstruo más cercano aturdiendo y dañando a todos los monstruos a su alrededor.|Zwiększa damage return z ataków potworów.
talent_desc_mercenaryMeleeFatalStrike|Increases the Mercenarys critical attack damage.|Increases the Mercenarys critical attack damage.|Aumenta o dano de acerto crítico do Mercenário.| Увеличивает урон от критических атак наемников.|增加傭兵暴擊傷害. |傭兵のクリティカル攻撃ダメージを増加させる。|용병의 치명타 공격 데미지가 증가합니다.|Erhöht den kritischen Trefferschaden des Söldners.|Augmente les dégâts critiques de l'attaque du mercenaire.|Aumenta el daño crítico de ataque del Mercenario.|Najemnik prowokuje pobliskie potwory.
talent_desc_mercenaryMeleeSpikedArmor|Increases damage return from monster attacks.|Increases damage return from monster attacks.|Aumenta o retorno de dano de ataques inimigos.| Увеличивает урон от атак монстров.|增加敵人攻擊時的傷害反彈. |モンスターの攻撃からのダメージ反射を増加させる。|몬스터의 공격에 대한 피해 반사가 증가합니다.|Erhöht den Schaden, den Monsterangriffe zurückbringen.|Augmente les dégâts d'épine.|Aumenta el daño devuelto de ataques de monstruos.|Każdy atak na potwora generuje stack rage. Gdy w pełni stackowany Najemnik uwalnia potężny atak obszarowy który zadaje obrażenia i przełamuje pancerz potworów.
talent_desc_mercenaryMeleeTaunt|The Mercenary taunts nearby monsters.|The Mercenary taunts nearby monsters.|O Mercenário provoca inimigos próximos.| Наемник издевается над монстрами поблизости.|傭兵嘲諷附近的敵人. |傭兵が近くのモンスターを挑発する。|용병이 주변 몬스터를 도발합니다.|Der Söldner verspottet Monster in der Nähe.|Le mercenaire provoque des ennemis proches.|El Mercenario provoca a los monstruos cercanos.|Zwiększa obrażenia zadawane atakami wręcz.
talent_desc_mercenaryMeleeStackedRage|Each attack on a monster generates a stack of rage. When fully stacked the Mercenary releases a powerful area of effect attack that deals damage and breaks monster armor.|Each attack on a monster generates a stack of rage. When fully stacked the Mercenary releases a powerful area of effect attack that deals damage and breaks monster armor.|Cada ataque a um inimigo gera uma acúmulo de fúria. Quando totalmente acumulada, o Mercenário libera um poderoso ataque em área que causa dano e quebra a armadura do inimigo.| Каждая атака на монстра генерирует стек ярости. Когда наемник полностью набирается, он выпускает мощную атаку по области, которая наносит урон и пробивает броню монстра.|每次攻擊敵人都會產生一層怒氣. 當怒氣值堆疊滿時,傭兵會釋放強大的範圍攻擊,造成傷害並打破敵人的護甲. |モンスターへの攻撃ごとに「怒り」のスタックを生成し、最大スタック時に強力な範囲攻撃を放ち、ダメージを与えてモンスターの防御を破壊する。|용병이 몬스터를 공격할 때마다 분노 중첩을 얻습니다. 최대 중첩 시 강력한 범위 공격을 발동하여 몬스터의 방어력을 감소시키고 피해를 줍니다.|Jeder Angriff auf ein Monster erzeugt einen Wutstapel. Ist der Wutstapel voll, entfesselt der Söldner einen mächtigen Flächenangriff, der Schaden verursacht und die Rüstung von Monstern durchbricht.|Chaque attaque contre un ennemi génère un cumul de rage. Une fois le cumul terminé, le mercenaire libère une puissante attaque de zone qui inflige des dégâts et brise l'armure de l'ennemi.|Cada ataque a un monstruo genera una pila de rabia. Al acumularse completamente el Mercenario libera un poderoso ataque en área que inflige daño y rompe la armadura de los monstruos.|Zwiększa redukcję obrażeń ze wszystkich źródeł.
talent_desc_mercenaryMeleeSwordGrip|Increases damage done by melee attacks.|Increases damage done by melee attacks.|Aumenta todo o dano causado por ataques corpo a corpo.| Увеличивает урон, наносимый атаками ближнего боя.|增加近戰攻擊造成的傷害. |近接攻撃によるダメージを増加させる。|용병의 근접 공격 데미지가 증가합니다.|Erhöht den Schaden von Nahkampfangriffen.|Augmente les dégâts infligés par les attaques de mêlée.|Aumenta el daño realizado por ataques cuerpo a cuerpo.|Nadchodzące ataki generują stacki pain. Gdy w pełni stackowane uwolnij potężny puls obszarowy który zadaje obrażenia i ogłusza potwory.
talent_desc_mercenaryMeleePlatedArmor|Increases damage reduction from all sources.|Increases damage reduction from all sources.|Aumenta a redução de dano de todas as fontes.| Увеличивает снижение урона из всех источников.|增加所有來源的傷害減免. |あらゆるダメージ源からのダメージ軽減を増加させる。|모든 피해로부터 받는 데미지가 감소합니다.|Erhöht die Schadensreduktion aus allen Quellen.|Augmente la réduction des dégâts subis de toutes les sources.|Aumenta la reducción de daño de todas las fuentes.|Zwiększa life per hit z ataków wręcz.
talent_desc_mercenaryMeleeStackedPain|Incoming attacks generated stacks of pain. Once fully stacked, release a powerful area of effect pulse that deals damage and stuns monsters.|Incoming attacks generated stacks of pain. Once fully stacked, release a powerful area of effect pulse that deals damage and stuns monsters.|Os ataques recebidos geram acúmulos de dor. Quando totalmente acumulada, libera um poderoso pulso em área que causa dano e atordoa os inimigos.| Входящие атаки порождали стопки боли. После полной стопки|每次被敵人攻擊時都會產生一層痛苦. 當痛苦值堆疊滿時, 就會釋放出強大的範圍脈衝, 造成傷害並使敵人暈眩. |被攻撃時に「痛み」のスタックを生成し、最大スタック時に強力な範囲パルスを放ち、ダメージを与えてモンスターを気絶させる。|용병이 공격을 받을 때 고통 중첩을 얻습니다. 최대 중첩 시 강력한 범위 폭발을 일으켜 몬스터에게 피해를 주고 기절시킵니다.|Eingehende Angriffe erzeugen Schmerzstapel. Sobald ein Stapel voll ist, wird ein mächtiger Flächenimpuls ausgelöst, der Schaden verursacht und Monster betäubt.|Les attaques subies génèrent des charges de douleur. Une fois la charge maximale atteinte, libérez une puissante impulsion de zone qui inflige des dégâts et étourdit les monstres. |Los ataques entrantes generan pilas de dolor. Al acumularse completamente libera un poderoso pulso en área que inflige daño y aturde a los monstruos.|Zwiększa wartość aury Najemnika.
talent_desc_mercenaryMeleeHulkingRage|Increases life per hit from melee attacks.|Increases life per hit from melee attacks.|Aumenta a Vida por Acerto de ataques corpo a corpo.| Увеличивает здоровье за удар в ближнем бою.|增加近戰攻擊每次命中的生命. |近接攻撃の1ヒットあたりのライフ回復を増加させる。|근접 공격 시 생명력 회복량이 증가합니다.|Erhöht die Lebenspunkte pro Treffer durch Nahkampfangriffe.|Augmente la vie par coup des attaques de mêlée.|Aumenta la vida por golpe de ataques cuerpo a cuerpo.|Zwiększa szansę na unik Najemnika.
talent_desc_mercenaryMeleeAuraExpert|Increases the value of Mercenarys aura.|Increases the value of Mercenarys aura.|Aumenta o valor da aura do Mercenário.| Увеличивает значение ауры наемника.|增加傭兵的光環數值. |傭兵のオーラの効果を増加させる。|용병의 오라 효과가 강화됩니다.|Erhöht den Wert der Söldner-Aura.|Augmente la puissance de l'aura du mercenaire.|Aumenta el valor del aura del Mercenario.|Zwiększa regenerację zdrowia Najemnika.
talent_desc_mercenaryMeleeEvasiveTactics|Increases the Mercenarys Dodge chance.|Increases the Mercenarys Dodge chance.|Aumenta a chande de Esquiva do Mercenário.| Увеличивает шанс уклонения наемников.|增加傭兵的閃避機率. |傭兵の回避率を増加させる。|용병의 회피 확률이 증가합니다.|Erhöht die Ausweichchance des Söldners.|Augmente les chances d'esquive du mercenaire.|Aumenta la probabilidad de esquivar del Mercenario.|Najemnik uwalnia potężny atak zasięgowy.
talent_desc_mercenaryMeleeCommandersHeart|Increases Mercenary health regeneration.|Increases Mercenary health regeneration.|Aumenta a regeneração de vida do Mercenário.| Увеличивает регенерацию здоровья наемников.|增加傭兵的生命回復. |傭兵のライフ再生を増加させる。|용병의 생명력 재생 속도가 증가합니다.|Erhöht die Lebensregeneration des Söldners.|Augmente la régénération de santé des mercenaires. |Aumenta la regeneración de salud del Mercenario.|Najemnik ma szansę przy ataku na zadanie dodatkowych obrażeń, odepchnięcie potworów i spowolnienie ich.
talent_desc_mercenaryMeleeBlessedStrike|The Mercenary unleashes a powerful long ranged attack.|The Mercenary unleashes a powerful long ranged attack.|O Mercenário executa um poderoso ataque a longa distância| Наемник применяет мощную дальнюю атаку.|傭兵發動強力的遠距離攻擊. |傭兵が強力な長距離攻撃を放つ。|용병이 강력한 장거리 공격을 발사합니다.|Der Söldner führt einen mächtigen Fernkampfangriff aus.|Le mercenaire déclenche une puissante attaque à distance.|El Mercenario libera un poderoso ataque a larga distancia.|Potwory mają szansę na ogłuszenie gdy atakują Najemnika.
talent_desc_mercenaryMeleeBrutalBash|The Mercenary has a chance on attack to deal additional damage, knock back monsters and slow them.|The Mercenary has a chance on attack to deal additional damage, knock back monsters and slow them.|O Mercenário tem uma chance no ataque de causar dano adicional, empurrar inimigos e os desacelerar.| Наемник имеет шанс нанести дополнительный урон при атаке.|傭兵在攻擊時有機會造成額外傷害,擊退敵人並減緩他們的速度. |傭兵の攻撃時に追加ダメージを与え、モンスターをノックバックし、スロウ効果を付与するチャンスがある。|용병이 공격 시 일정 확률로 추가 피해를 입히며, 몬스터를 넉백시키고 느리게 만듭니다.|Der Söldner hat bei einem Angriff die Chance, zusätzlichen Schaden zu verursachen, Monster zurückzustoßen und zu verlangsamen.|Le mercenaire a une chance, lors de son attaque, d'infliger des dégâts supplémentaires, de faire reculer les ennemis et de les ralentir.|El Mercenario tiene probabilidad al atacar de infligir daño adicional, derribar monstruos y ralentizarlos.|Najemnik wykrywa potwory atakujące gracza szarżując, ogłuszając i zadając obrażenia im.
talent_desc_mercenaryMeleeBacklash|monsters have a chance to get stunned when attacking the Mercenary.|monsters have a chance to get stunned when attacking the Mercenary.|Inimigos tem uma chance de serem atordoados quando atacam o Mercenário.| У монстров есть шанс быть оглушенными при атаке Наемника.|敵人攻擊傭兵時,有機會被擊暈. |モンスターが傭兵を攻撃した際、気絶するチャンスがある。|몬스터가 용병을 공격할 때 일정 확률로 기절합니다.|Monster können beim Angriff auf den Söldner betäubt werden.|Les ennemis ont une chance d'être étourdis lorsqu'ils attaquent le mercenaire.|Los monstruos tienen probabilidad de ser aturdidos al atacar al Mercenario.|Siła Spustu
talent_desc_mercenaryMeleeProtectingCharge|The Mercenary detects monsters attacking the player charging, stunning and dealing damage to them.|The Mercenary detects monsters attacking the player charging, stunning and dealing damage to them.|O Mercenário detecta os inimigos que estão atacando o jogador, avançando, atordoando e causando dano a eles.| Наемник обнаруживает монстров, атакующих игрока.|傭兵會偵測正要攻擊玩家的敵人,對他們進行衝鋒攻擊、造成傷害和成暈眩. |傭兵がプレイヤーを攻撃するモンスターを感知し、突進して気絶させてダメージを与える。|용병이 플레이어를 공격하는 몬스터를 감지하고 돌진하여 기절시키고 피해를 줍니다.|Der Söldner erkennt angreifende Monster, stürmt vor, betäubt sie und fügt ihnen Schaden zu.|Le mercenaire détecte les monstres qui attaquent le joueur en chargeant, les étourdit et leur inflige des dégâts. |El Mercenario detecta monstruos que atacan al jugador cargando, aturdiendo y dañándolos.|Szybki Ogień
|||||||||||
talent_name_mercenaryRangedTriggerPower|Trigger Power|Trigger Power|Poder de Disparo| Мощность триггера|扳機力量|射撃力|트리거 파워|Schusskraft|Puissance de la gâchette|Poder de Disparo|Strzał Mocy
talent_name_mercenaryRangedRapidfire|Rapidfire|Rapidfire|Tiro Rápido| Скорострельный|急速射擊|ラピッドショット|래피드파이어|Schneller Schuss|Tir rapide|Fuego Rápido|Pazur Kruka
talent_name_mercenaryRangedPowershot|Powershot|Powershot|Tiro Poderoso|  Мощный выстрел|强力射擊|パワフルショット|파워샷|Kraftvoller Schuss|Coup de feu|Disparo Potente|Rozstrzał
talent_name_mercenaryRangedRavensClaw|Raven's Claw|Raven's Claw|Garra do Corvo| Коготь Ворона|渡鴉之爪|クロウの爪|레이븐 클로|Krähenkralle|Griffe de corbeau|Garra del Cuervo|Naprowadzający Pocisk
talent_name_mercenaryRangedSpreadshot|Spreadshot|Spreadshot|Tiro Espalhado| Спредшот|散射|スプレッドショット|스프레디샷|Streuschuss|Tir de dispersion|Disparo en Abanico|Orle Oko
talent_name_mercenaryRangedHeatseekingMissile|Heatseeking Missile|Heatseeking Missile|Míssil Teleguiado por Calor| Ракета с тепловым наведением|熱追蹤導彈|熱追尾ミサイル|히트시킹 미사일|Wärmesuchende Rakete|Missile à tête chercheuse|Misil Buscador de Calor|Precyzja Krytyczna
talent_name_mercenaryRangedExplosiveShot|Explosive Shot|Explosive Shot|Tiro Explosivo| Взрывной выстрел|爆炸射擊|エクスプローシブショット|익스플로시브 샷|Explosiver Schuss|Tir explosif|Disparo Explosivo|Lotny Strzał
talent_name_mercenaryRangedHawkEye|Hawk Eye|Hawk Eye|Olho de Águia| Ястребиный глаз|鷹眼|イーグルズアイ|호크아이|Adlerauge|Oeil de faucon|Ojo de Halcón|Granat Odłamkowy
talent_name_mercenaryRangedPiercingshot|Piercingshot|Piercingshot|Tiro Perfurante|  Пронзительный выстрел|穿透射擊|ピアシングショット|피어싱 샷|Durchdringender Schuss|Tir perçant|Disparo Perforante|Wieżyczka Strzał
talent_name_mercenaryRangedAbilityExpert|Ability Expert|Ability Expert|Expert em Habilidade| Эксперт по способностям|能力專家|スキルエキスパート|어빌리티 엑스퍼트|Fähigkeitsexperte|Expert en compétences|Experto en Habilidades|Mina Lądowa
talent_name_mercenaryRangedSoulFunnel|Soul Funnel|Soul Funnel|Funil da Alma| Душевная воронка|靈魂漏斗|魂の漏斗|소울 퍼널|Trichter der Seele|Canalisation d'âmes|Embudo de Alma|B.E.A.C.O.N.
talent_name_mercenaryRangedAuraExpert|Aura Expert|Aura Expert|Expert em Auras| Эксперт Ауры|光環專家|オーラエキスパート|오라 익스퍼트|Aura-Experte|Expert en aura|Experto en Auras|Mistrz Mechaniki
talent_name_mercenaryRangedShatterArmor|Shatter Armor|Shatter Armor|Estilhaçar Armadura| Разрушить броню|破碎裝甲|シャッターアーマー|쉐터 아머|Rüstung zerschmettern|Armure d'éclatement|Rompedor de Armadura|Mistrzostwo Wieżyczek
talent_name_mercenaryRangedQuickslugs|Quickslugs|Quickslugs|Balas Rápidas| Быстрые слизни|快速子彈|速い弾丸|퀵슬러그|Schnelle Kugeln|Coups de feu|Ráfagas Rápidas|Wieżyczka Armatnia
talent_name_mercenaryRangedArtilleryCommand|Artillery Command|Artillery Command|Comando da Artilharia| Артиллерийское командование|炮兵指揮|砲兵司令部|아틀러리 커맨드|Artilleriekommando|Commande d'artillerie|Comando de Artillería|Wieżyczka Rakietowa
talent_name_mercenaryRangedBrainfreeze|Brainfreeze|Brainfreeze|Cérebro Congelado| Заморозка мозгов|冰凍大腦|冷凍脳|브레인프리즈|Gefrorenes Gehirn|Gel du cerveau|Congelación Cerebral|Dron Strzelca
talent_name_mercenaryRangedBurstofAgility|Burst of Agility|Burst of Agility|Surtos de Agilidade| Взрыв ловкости|敏捷爆發|アジリティのアウトブレイク|어질리티 버스트|Agilitätsausbrüche|Poussée d'adrénaline|Ráfaga de Agilidad|Zwiększa Siłę Najemnika.
talent_name_mercenaryRangedHuntersTrap|Hunter's Trap|Hunter's Trap|Armadilha do Caçador| Ловушка охотника|獵人陷阱 |ハンターの罠 |헌터 트랩|Jägerfalle|Piège du chasseur|Trampa del Cazador|Zwiększa prędkość ataku Najemnika.
|||||||||||
talent_desc_mercenaryRangedTriggerPower|Increases the Mercenarys Strength.|Increases the Mercenarys Strength.|Aumenta a Força do Mercenário.| Увеличивает силу наемников.|增加傭兵的力量. |傭兵の筋力を増加させる。|용병의 힘을 증가시킨다.|Erhöht die Stärke des Söldners.|Augmente la force du mercenaire.|Aumenta la Fuerza del Mercenario.|Najemnik wystrzeliwuje potężny przebijający strzał który ogłusza potwory przy uderzeniu.
talent_desc_mercenaryRangedRapidfire|Increases the Mercenarys attack speed.|Increases the Mercenarys attack speed.|Aumenta a Velocidade de Ataque do Mercenário.| Увеличивает скорость атаки наемников.|增加傭兵的攻擊速度. |傭兵の攻撃速度を増加させる。|용병의 공격 속도를 증가시킨다.|Erhöht die Angriffsgeschwindigkeit des Söldners.|Augmente la vitesse d'attaque du mercenaire.|Aumenta la velocidad de ataque del Mercenario.|Zwiększa obrażenia krytyczne ataku Najemnika i szansę krytyczną.
talent_desc_mercenaryRangedPowershot|The Mercenary shoots a powerful piercing shot that stuns monsters on impact.|The Mercenary shoots a powerful piercing shot that stuns monsters on impact.|O Mercenário atira um poderoso tiro perfurante que atordoa inimigos no impacto.| Наемник стреляет мощным пронзительным выстрелом, который оглушает монстров при попадании.|傭兵發射強力穿透敵人的子彈,擊中時會暈眩敵人. |傭兵が強力な貫通ショットを撃ち、命中したモンスターを気絶させる。|용병이 강력한 관통 공격을 발사하여 몬스터를 기절시킨다.|Der Söldner feuert einen mächtigen, durchdringenden Schuss ab, der Monster beim Aufprall betäubt.|Le mercenaire tire une puissante balle perforante qui étourdit les ennemis à l'impact.|El Mercenario dispara un poderoso disparo perforante que aturde a los monstruos al impactar.|Najemnik ma szansę przy ataku na wystrzelenie wielu pocisków ze zwiększonymi obrażeniami.
talent_desc_mercenaryRangedRavensClaw|Increases the Mercenarys Critical attack damage and Critical Rate.|Increases the Mercenarys Critical attack damage and Critical Rate.|Aumenta o Dano de Ataque Crítico e a Taxa de Acerto Crítico do Mercenário.| Увеличивает урон от критических атак наемников и вероятность нанесения критических ударов.|增加傭兵的暴擊傷害和暴擊率. |傭兵のクリティカル攻撃ダメージとクリティカル率を増加させる。|용병의 치명타 데미지와 치명타 확률을 증가시킨다.|Erhöht den kritischen Angriffsschaden und die kritische Trefferchance des Söldners.|Augmente les dégâts d'attaque critique et le taux de critique du mercenaire.|Aumenta el daño crítico y probabilidad crítica de ataque del Mercenario.|Najemnik wystrzeliwuje salwę Naprowadzających Pocisków.
talent_desc_mercenaryRangedSpreadshot|The Mercenary has a chance on attack to shoot multiple projectiles with increased damage.|The Mercenary has a chance on attack to shoot multiple projectiles with increased damage.|O Mercenário tem uma chance no ataque de atirar múltiplos projéteis com Dano aumentado.| Наемник имеет шанс при атаке выпустить несколько снарядов с увеличенным уроном.|傭兵有一定機率在攻擊時射出多個傷害增加的投射物. |傭兵は攻撃時に複数の弾を高いダメージで発射するチャンスがある。|용병은 공격 시 여러 발의 발사체를 쏠 확률이 있으며, 이 발사체는 데미지가 증가한다.|Der Söldner hat beim Angriff die Chance, mehrere Projektile mit erhöhtem Schaden abzufeuern.|Le mercenaire a une chance, lors de son attaque, de tirer plusieurs projectiles avec des dégâts accrus.|El Mercenario tiene probabilidad al atacar de disparar múltiples proyectiles con daño aumentado.|Każdy atak na potwora stackuje się. Gdy w pełni stackowany Najemnik wystrzeliwuje pocisk który eksploduje przy zderzeniu.
talent_desc_mercenaryRangedHeatseekingMissile|The Mercenary launches a barrage of Heat Seeking Missiles.|The Mercenary launches a barrage of Heat Seeking Missiles.|O Mercenário lança uma barragem de mísseis teleguiados por calor.| Наемник запускает залп ракет с тепловым наведением.|傭兵發射一波追蹤導彈. |傭兵がホーミングミサイルの一斉射撃を放つ。|용병이 열추적 미사일을 발사한다.|Der Söldner feuert eine Salve wärmesuchender Raketen ab.|Le mercenaire lance un barrage de missiles à tête chercheuse.|El Mercenario lanza una ráfaga de Misiles Buscadores de Calor.|Zwiększa Moc Ataku Najemnika.
talent_desc_mercenaryRangedExplosiveShot|Each attack on a monster stacks up. When fully stacked the Mercenary shoots a projectile that explodes on collision.|Each attack on a monster stacks up. When fully stacked the Mercenary shoots a projectile that explodes on collision.|Cada ataque a um inimigo acumula. Quando totalmente acumulada, o Mercenário atira um projétil que explode ao contato.| Каждая атака на монстра складывается. Когда наемник полностью сложен, он стреляет снарядом, который взрывается при столкновении.|對敵人進行攻擊時累積層數. 當層數滿時, 傭兵射出一個投射物, 碰撞時爆炸. |モンスターへの攻撃ごとにスタックが溜まり、最大時に衝突時に爆発する弾を撃つ。|몬스터에게 공격할 때마다 스택이 쌓이며, 최대 스택 시 용병은 충돌 시 폭발하는 투사체를 쏜다.|Jeder Angriff auf ein Monster ist stapelbar. Ist der Stapel voll, feuert der Söldner ein Projektil ab, das beim Aufprall explodiert.|Chaque attaque contre un ennemi se cumule. Lorsqu'il est entièrement cumulé, le mercenaire tire un projectile qui explose en cas de collision.|Cada ataque a un monstruo acumula pilas. Al acumularse completamente el Mercenario dispara un proyectil que explota al colisionar.|Najemnik ma szansę przy ataku na wystrzelenie przebijającego pocisku ze zwiększonymi obrażeniami.
talent_desc_mercenaryRangedHawkEye|Increases the Mercenarys Attack Power.|Increases the Mercenarys Attack Power.|Aumenta o Poder de Ataque do Mercenário.| Увеличивает силу атаки наемников.|增加傭兵的攻擊力. |傭兵の攻撃力を増加させる。|용병의 공격력을 증가시킨다.|Erhöht die Angriffskraft des Söldners.|Augmente la puissance d'attaque du mercenaire.|Aumenta el Poder de Ataque del Mercenario.|Zwiększa obszar eksplozji Najemnika.
talent_desc_mercenaryRangedPiercingshot|The Mercenary has a chance on attack to shoot a piercing projectile with increased damage.|The Mercenary has a chance on attack to shoot a piercing projectile with increased damage.|O Mercenário tem uma chance no ataque de atirar um projétil perfurante com Dano aumentado.| Наемник имеет шанс при атаке выстрелить пронзительным снарядом с повышенным уроном.|傭兵有一定機率在攻擊時射出穿透敵人的投射物. |傭兵は攻撃時に貫通する弾を高ダメージで撃つチャンスがある。|용병은 공격 시 관통 발사체를 쏠 확률이 있으며, 이 발사체는 데미지가 증가한다.|Der Söldner hat beim Angriff eine Chance, ein durchdringendes Projektil mit erhöhtem Schaden abzufeuern.|Le mercenaire a une chance, lors de son attaque, de tirer un projectile perforant aux dégâts accrus.|El Mercenario tiene probabilidad al atacar de disparar un proyectil perforante con daño aumentado.|Zwiększa life per hit Najemnika.
talent_desc_mercenaryRangedAbilityExpert|Increases the Mercenarys Explosion area of effect.|Increases the Mercenarys Explosion area of effect.|Aumenta a área de Explosão do Mercenário.| Увеличивает область действия Взрыва наемников.|增加傭兵的爆炸範圍. |傭兵の爆発範囲を増加させる。|용병의 폭발 범위를 증가시킨다.|Vergrößert den Wirkungsbereich der Explosion des Söldners.|Augmente la zone d'effet de l'explosion des mercenaires.|Aumenta el área de efecto de explosión del Mercenario.|Zwiększa wartość aury Najemnika.
talent_desc_mercenaryRangedSoulFunnel|Increases the Mercenarys life per hit.|Increases the Mercenarys life per hit.|Aumenta a vida por acerto do Mercenário.| Увеличивает жизнь наемника за удар.|增加傭兵每次擊中敵人時的生命回復. |傭兵の1ヒットあたりのライフ回復を増加させる。|용병의 체력 회복량을 증가시킨다.|Erhöht die Lebenspunkte des Söldners pro Treffer.|Augmente les points de vie des mercenaires par coup. |Aumenta la vida por golpe del Mercenario.|Najemnik ma szansę przy ataku na przełamanie odporności potworów.
talent_desc_mercenaryRangedAuraExpert|Increases the value of Mercenarys aura.|Increases the value of Mercenarys aura.|Aumenta o valor da aura do Mercenário.| Увеличивает значение ауры наемника.|增加傭兵光環的效果值. |傭兵のオーラの効果を増加させる。|용병의 오라 효과를 증가시킨다.|Erhöht den Wert der Aura des Söldners.|Augmente la puissance de l'aura du mercenaire.|Aumenta el valor del aura del Mercenario.|Najemnik ma szansę przy ataku na wykonanie burstshot.
talent_desc_mercenaryRangedShatterArmor|The Mercenary has a chance on attack to break monster resistances.|The Mercenary has a chance on attack to break monster resistances.|O Mercenário tem uma chance no ataque de quebrar as resistências do inimigo.| У Наемника есть шанс при атаке сломить сопротивление монстров.|傭兵有一定機率在攻擊時破壞敵人的抗性. |傭兵は攻撃時にモンスターの耐性を破壊するチャンスがある。|용병은 공격 시 몬스터의 저항력을 파괴할 확률이 있다.|Der Söldner hat bei einem Angriff die Chance, die Resistenzen von Monstern zu durchbrechen.|Le mercenaire a une chance à l'attaque de briser les résistances ennemies.|El Mercenario tiene probabilidad al atacar de romper resistencias de los monstruos.|Najemnik upuszcza ogromną bombę w najbliższego potwora która rozprasza strzały wokół gdy uderza w ziemię.
talent_desc_mercenaryRangedQuickslugs|The Mercenary has a chance on attack to perform a burstshot.|The Mercenary has a chance on attack to perform a burstshot.|O Mercenário tem uma chance no ataque de executar um tiro em rajada.| У Наемника есть шанс при атаке произвести залп.|傭兵有一定機率在攻擊時進行連發射擊. |傭兵は攻撃時にバーストショットを放つチャンスがある。|용병은 공격 시 버스트샷을 발사할 확률이 있다.|Der Söldner hat bei einem Angriff die Chance, einen Salvenschuss auszuführen.|Le mercenaire a une chance sur l'attaque de réaliser un tir en rafale.|El Mercenario tiene probabilidad al atacar de realizar un disparo en ráfaga.|Najemnik ma szansę przy ataku na zadanie obrażeń obszarowych i dezorientację wszystkich trafionych potworów.
talent_desc_mercenaryRangedArtilleryCommand|The Mercenary drops a huge bomb into the nearest monster which scatters arrows around when hitting the ground.|The Mercenary drops a huge bomb into the nearest monster which scatters arrows around when hitting the ground.|O Mercenário solta uma enorme bomba no inimigo mais próximo que se dispersa em flechas ao atingir o chão.| Наемник сбрасывает огромную бомбу в ближайшего монстра, которая, ударяясь о землю, разбрасывает вокруг себя стрелы.|傭兵向最近的敵人投擲一個巨大的炸彈,在地面著陸時散射箭矢. |傭兵が最も近いモンスターに巨大な爆弾を落とし、地面に着地すると矢を散らす。|용병은 가장 가까운 몬스터에게 큰 폭탄을 떨어뜨려 땅에 닿을 때 화살을 흩뿌린다.|Der Söldner wirft eine riesige Bombe auf das nächste Monster, die beim Aufprall Pfeile um sich schleudert.|Le mercenaire largue une énorme bombe sur l'ennemi le plus proche, qui disperse des flèches autour d'elle lorsqu'elle touche le sol.|El Mercenario deja caer una enorme bomba sobre el monstruo más cercano que dispersa flechas a su alrededor al golpear el suelo.|Najemnik ma szansę przy ataku na danie graczowi i Najemnikowi boostu prędkości ataku.
talent_desc_mercenaryRangedBrainfreeze|The Mercenary has a chance on attack to deal area of effect damage and confuse all monsters impacted.|The Mercenary has a chance on attack to deal area of effect damage and confuse all monsters impacted.|O Mercenário tem uma chance no ataque de causar Dano em área e confundir todos os inimigos impactados.| Наемник имеет шанс при атаке нанести урон по области и сбить с толку всех затронутых монстров.|傭兵有一定機率在攻擊時造成範圍傷害並使所有受影響的敵人混亂. |傭兵は攻撃時に範囲ダメージを与え、命中したモンスターを混乱させるチャンスがある。|용병은 공격 시 광역 데미지를 주고, 영향을 받은 몬스터들을 혼란에 빠뜨릴 확률이 있다.|Der Söldner hat bei einem Angriff die Chance, Flächenschaden zu verursachen und alle betroffenen Monster zu verwirren.|Le mercenaire a une chance sur son attaque d'infliger des dégâts de zone et de désorienter tous les ennemis touchés.|El Mercenario tiene probabilidad al atacar de infligir daño en área y confundir a todos los monstruos impactados.|Najemnik rzuca pułapką która zahacza pobliskie potwory zadając obrażenia i ogłuszając je.
talent_desc_mercenaryRangedBurstofAgility|The Mercenary has a chance on attack to give the Player and Mercenary an attack speed boost.|The Mercenary has a chance on attack to give the Player and Mercenary an attack speed boost.|O Mercenário tem uma chance no ataque de dar um aumento na Velocidade de Ataque para si mesmo e o Jogador.| Наемник имеет шанс при атаке дать игроку и наемнику повышение скорости атаки.|傭兵有一定機率在攻擊時為玩家和傭兵提供攻擊速度提升. |傭兵は攻撃時にプレイヤーと自身に攻撃速度上昇効果を付与するチャンスがある。|용병은 공격 시 플레이어와 용병의 공격 속도를 증가시킬 확률이 있다.|Der Söldner hat bei einem Angriff die Chance, dem Spieler und dem Söldner einen Angriffsgeschwindigkeitsbonus zu verleihen.|Le mercenaire a une chance d'augmenter sa vitesse d'attaque et celle du joueur lors de son attaque.|El Mercenario tiene probabilidad al atacar de otorgar un aumento de velocidad de ataque al Jugador y al Mercenario.|Najemnik ma szansę na atak, dzięki któremu gracz i najemnik zyskają większą szybkość ataku. 
talent_desc_mercenaryRangedHuntersTrap|The Mercenary throws a trap that hooks nearby monsters in damaging and stunning them.|The Mercenary throws a trap that hooks nearby monsters in damaging and stunning them.|O Mercenário arremessa uma armadilha que puxa inimigos próximos, causando dano e atordoando-os.| Наемник бросает ловушку, которая зацепляет находящихся поблизости монстров, нанося им урон и оглушая их.|傭兵投擲一個陷阱,將附近的敵人鉤住並造成傷害和暈眩. |傭兵がトラップを投げて近くのモンスターを引き寄せ、ダメージと気絶を与える。|용병은 트랩을 던져 근처의 몬스터들을 훅으로 잡아 데미지를 주고 기절시킨다.|Der Söldner wirft eine Falle, die nahe Monster anzieht, ihnen Schaden zufügt und sie betäubt.|Le mercenaire lance un piège qui accroche les ennemis proches, les endommage et les étourdit.|El Mercenario lanza una trampa que engancha a los monstruos cercanos dañándolos y aturdiéndolos.|Najemnik rzuca pułapkę, która chwyta pobliskie potwory, raniąc je i ogłuszając. 
|||||||||||
talent_name_mercenarySpellElementalIntellect|Elemental Intellect|Elemental Intellect|Intelecto Elemental| Элементарный интеллект|元素智慧|エレメンタル インテリクト|엘레멘탈 인텔렉트|Elementarintelligenz|Esprit élémentaire|Intelecto Elemental|Inteligencja Elementalna
talent_name_mercenarySpellTomeofPower|Tome of Power|Tome of Power|Tomo do Poder| Том Силы|力量之典|力の書|톰 오브 파워|Buch der Macht|Tome de puissance|Tomo de Poder|Tome Mocy
talent_name_mercenarySpellArcaneBlast|Arcane Blast|Arcane Blast|Explosão Arcana| Мистический взрыв|奧術衝擊|アーケイン ブラスト|아케인 블라스트|Arkane Explosion|Explosion des arcanes|Explosión Arcana|Arcane Wybuch
talent_name_mercenarySpellArcaneFire|Arcane Fire|Arcane Fire|Fogo Arcano| Чародейский огонь|奧術之火|アーケイン ファイア|아케인 파이어|Arkanes Feuer|Feu des arcanes|Fuego Arcano|Arcane Ogień
talent_name_mercenarySpellReplenishingTouch|Replenishing Touch|Replenishing Touch|Toque Revigorante| Восстанавливающее прикосновение|恢復之觸|補充のタッチ|리플레니싱 터치|Erneuernde Berührung|Toucher régénérant|Toque Reabastecedor|Dotyk Odnawiający
talent_name_mercenarySpellMagicChain|Magic Chain|Magic Chain|Corrente Mágica| Волшебная Цепь|魔法連鎖|マジック チェーン|매직 체인|Magische Kette|Chaîne magique|Cadena Mágica|Łańcuch Magii
talent_name_mercenarySpellArcanesBlessing|Arcane's Blessing|Arcane's Blessing|Benção do Arcano| Благословение Аркана|奧術祝福|アーケインの祝福|어케인 블레싱|Segen des Arkanen|Bénédiction d'arcane|Bendición Arcana|Błogosławieństwo Arcany
talent_name_mercenarySpellCosmicBolt|Cosmic Bolt|Cosmic Bolt|Raio Cósmico| Космический Болт|宇宙閃電|コズミック ボルト|코즈믹 볼트|Kosmischer Blitz|Éclair cosmique|Rayo Cósmico|Kosmiczny Pocisk
talent_name_mercenarySpellArcaneMeteor|Arcane Meteor|Arcane Meteor|Meteoro Arcano| Аркан Метеор|奧術隕石|アーケイン メテオ|아케인 메테오|Arkaner Meteor|Météore arcanique|Meteorito Arcano|Arcane Meteor
talent_name_mercenarySpellManaflux|Manaflux|Manaflux|Fluxo de Mana| Манафлюкс|法力流動|マナフラックス|마나플럭스|Manaflux|Flux de mana|Flujo de Maná|Manaflux
talent_name_mercenarySpellSpellburn|Spellburn|Spellburn|Queimadura de Feitiço| Спелберн|法術燃燒|スペルバーン|스펠번|Zauberbrand|Brûle-sort|Quemadura de Hechizo|Spalenie Zaklęcia
talent_name_mercenarySpellAuraExpert|Aura Expert|Aura Expert|Expert em Auras| Эксперт Ауры|光環大師|オーラ エキスパート|오라 엑스퍼트|Aura-Experte|Expert en aura|Experto en Auras|Ekspert Aury
talent_name_mercenarySpellReptilianBrain|Reptilian Brain|Reptilian Brain|Cérebro Reptiliano| Рептильный мозг|爬蟲大腦|レプティリアン ブレイン|렙틸리언 브레인|Reptiliengehirn|Cerveau reptilien|Cerebro Reptiliano|Reptilian Mózg
talent_name_mercenarySpellArcaneNova|Arcane Nova|Arcane Nova|Nova Arcana| Аркан Нова|奧術新星|アーケイン ノヴァ|아케인 노바|Arkane Nova|Nova arcanique|Nova Arcana|Arcane Nowa
talent_name_mercenarySpellArcaneLink|Arcane Link|Arcane Link|Elo Arcano| Тайная ссылка|奧術連結|アーケイン リンク|아케인 링크|Arkane Verbindung|Lien arcanique|Enlace Arcano|Powiązanie Arcany
talent_name_mercenarySpellArcaneBarrage|Arcane Barrage|Arcane Barrage|Barragem Arcana| Мистический шквал|奧術彈幕|アーケイン バラージ|아케인 배러지|Arkanes Sperrfeuer|Barrage arcanique|Ráfaga Arcana|Salwa Arcany
talent_name_mercenarySpellWordofProtection|Word of Protection|Word of Protection|Palavra da Proteção| Слово защиты|守護之言|ワード オブ プロテクション|워드 오브 프로텍션|Wort des Schutzes|Mot de protection|Palabra de Protección|Słowo Ochrony
talent_name_mercenarySpellArcaneApocalypse|Arcane Apocalypse|Arcane Apocalypse|Apocalipse Arcano| Мистический Апокалипсис|奧術末日 |アーケイン アポカリプス |아케인 아포칼립스|Arkane Apokalypse|Apocalypse arcanique|Apocalipsis Arcano|Arcane Apokalipsa
|||||||||||
talent_desc_mercenarySpellElementalIntellect|Increases the Mercenarys magic skill damage.|Increases the Mercenarys magic skill damage.|Aumenta o Dano Elemental do Mercenário.| Увеличивает урон стихий наемников.|增加傭兵魔法技能的傷害. |傭兵の魔法スキルのダメージを増やします。|용병의 마법 스킬 데미지를 증가시킨다.|Erhöht den Magieschaden des Söldners.|Augmente les dégâts élémentaires du mercenaire.|Aumenta el daño de habilidades mágicas del Mercenario.|Zwiększa obrażenia umiejętności magicznych Najemnika.
talent_desc_mercenarySpellTomeofPower|Increases the Mercenarys arcane damage.|Increases the Mercenarys arcane damage.|Aumenta o Dano Arcano do Mercenário.| Увеличивает урон от тайной магии наемников.|增加傭兵的奧術傷害. |傭兵のアケインダメージを増加させる。|용병의 아케인 데미지를 증가시킨다.|Erhöht den Arkanschaden des Söldners.|Augmente les dégâts arcaniques des mercenaires. |Aumenta el daño arcano del Mercenario.|Zwiększa obrażenia arcane Najemnika.
talent_desc_mercenarySpellArcaneBlast|The Mercenary blasts the nearest monster with a powerful Arcane Blast.|The Mercenary blasts the nearest monster with a powerful Arcane Blast.|O Mercenário explode o inimigo mais próximo com uma poderosa Explosão Arcana.| Наемник поражает ближайшего монстра мощным Чародейским взрывом.|傭兵用強大的奧術衝擊攻擊最近的敵人. |傭兵が最も近いモンスターに強力なアケインブラストを放つ。|용병은 가장 가까운 몬스터에게 강력한 아케인 블라스트를 발사한다.|Der Söldner schleudert dem nächsten Monster einen mächtigen Arkanschlag entgegen.|Le mercenaire frappe l'ennemi le plus proche d'un puissant souffle arcanique.|El Mercenario lanza una poderosa Explosión Arcana al monstruo más cercano.|Najemnik wybucha najbliższego potwora potężnym Arcane Wybuchem.
talent_desc_mercenarySpellArcaneFire|The Mercenary has a chance on attack to scorch the ground beneath the target.|The Mercenary has a chance on attack to scorch the ground beneath the target.|O Mercenário tem uma chance no ataque de queimar o chão em baixo do alvo.| У Наемника есть шанс при атаке поджечь землю под целью.|傭兵有機率在攻擊時燃燒目標下方的地面. |傭兵は攻撃時に対象の足元を焼き尽くすチャンスがある。|용병은 공격 시 대상 아래에 땅을 태울 확률이 생긴다.|Der Söldner hat bei einem Angriff eine Chance, den Boden unter dem Ziel zu versengen.|Le mercenaire a une chance sur son attaque de brûler le sol sous la cible.|El Mercenario tiene probabilidad al atacar de quemar el suelo debajo del objetivo.|Najemnik ma szansę przy ataku na spalenie ziemi pod celem.
talent_desc_mercenarySpellReplenishingTouch|The Mercenary replenishes mana.|The Mercenary replenishes mana.|O Mercenário recupera a mana.| Наемник восполняет ману.|傭兵恢復法力. |傭兵がマナを回復する。|용병은 마나를 회복한다.|Der Söldner regeneriert Mana.|Le mercenaire régénère son mana. |El Mercenario reabastece maná.|Najemnik replenishes manę.
talent_desc_mercenarySpellMagicChain|The Mercenary casts a chain of Arcane that bounces from monster to monster dealing damage and lowering their magic resistance.|The Mercenary casts a chain of Arcane that bounces from monster to monster dealing damage and lowering their magic resistance.|O Mercenário lança uma corrente Arcana que salta de inimigo em inimigo, causando Dano e reduzindo a resistência arcana do inimigo.| Наемник создает цепочку заклинаний «Тайная магия», которая перескакивает с монстра на монстра, нанося урон и снижая их магическое сопротивление.|傭兵釋放一串奧術，從敵人身上彈跳，造成傷害並降低他們的魔法抗性. |傭兵がモンスターからモンスターへ跳ね返るアケインチェインを唱え、ダメージを与え魔法耐性を下げる。|용병은 아케인 체인을 시전하여 몬스터 간에 튕기며 데미지를 주고 마법 저항력을 감소시킨다.|Der Söldner wirkt eine Kette von Arkanzaubern, die von Monster zu Monster springt, Schaden verursacht und deren Magieresistenz senkt.|Le Mercenaire lance une chaîne arcanique qui rebondit d'un ennemi à l'autre, lui infligeant des dégâts et diminuant sa résistance à l'arcane.|El Mercenario lanza una cadena de Arcano que rebota de monstruo en monstruo infligiendo daño y reduciendo su resistencia mágica.|Najemnik rzuca łańcuchem Arcany który odbija się od potwora do potwora zadając obrażenia i obniżając ich odporność magiczną.
talent_desc_mercenarySpellArcanesBlessing|The Mercenary has a chance on attack to buff Player and Mercenary Ability Power.|The Mercenary has a chance on attack to buff Player and Mercenary Ability Power.|O Mercenário tem uma chance no ataque de buffar o Poder de Habilidade dele e do Jogador.| Наемник имеет шанс при атаке усилить силу способностей игрока и наемника.|傭兵有機率在攻擊時增強玩家和傭兵的法術強度. |傭兵は攻撃時にプレイヤーと傭兵のアビリティパワーを強化するチャンスがある。|용병은 공격 시 플레이어와 용병의 능력치를 버프할 확률이 생긴다.|Der Söldner hat bei einem Angriff die Chance, die Fähigkeitsstärke des Spielers und des Söldners zu erhöhen.|Le mercenaire a une chance à l'attaque d'augmenter sa puissance et celle du joueur.|El Mercenario tiene probabilidad al atacar de buffear el Poder de Habilidad del Jugador y del Mercenario.|Najemnik ma szansę przy ataku na buffowanie Gracza i Najemnika Mocą Umiejętności.
talent_desc_mercenarySpellCosmicBolt|Taking damage stacks up. Once fully stacked the Mercenary casts a Cosmic Bolt towards the nearest monster.|Taking damage stacks up. Once fully stacked the Mercenary casts a Cosmic Bolt towards the nearest monster.|Receber dano acumula. Quando totalmente acumulado, o Mercenário conjura um Raio Cósmico em direção ao inimigo mais próximo.| Полученный урон складывается. После того, как урон будет полностью накоплен, Наемник бросает Космическую Молнию в ближайшего монстра.|受到傷害時會疊加. 一旦完全疊加,傭兵向最近的敵人釋放宇宙閃電. |ダメージを受けるとスタックが溜まり、最大時に傭兵が最も近いモンスターにコズミックボルトを放つ。|데미지를 받으면 스택이 쌓인다. 스택이 모두 쌓이면 용병은 가장 가까운 몬스터를 향해 코스믹 볼트를 발사한다.|Erlittener Schaden stapelt sich. Sobald der Stapel voll ist, schleudert der Söldner einen Kosmischen Blitz auf das nächste Monster.|Les dégâts infligés se cumulent. Une fois le cumul terminé, le mercenaire lance un éclair cosmique vers l'ennemi le plus proche.|Recibir daño acumula pilas. Al acumularse completamente el Mercenario lanza un Rayo Cósmico hacia el monstruo más cercano.|Otrzymywanie obrażeń stackuje się. Gdy w pełni stackowany Najemnik rzuca Kosmiczny Pocisk w kierunku najbliższego potwora.
talent_desc_mercenarySpellArcaneMeteor|The Mercenary has a chance on attack to cast an Arcane Meteor down from the sky damaging monsters it impacts.|The Mercenary has a chance on attack to cast an Arcane Meteor down from the sky damaging monsters it impacts.|O Mercenário tem uma chance no ataque de conjurar um Meteoro Arcano dos céus, causando Dano aos inimigos no impacto.| У Наемника есть шанс при атаке сбросить с неба Чародейский метеор, нанося урон монстрам, попавшим под его воздействие.|傭兵有機率在攻擊時釋放一顆奧術隕石,從天空中落下,對敵人造成傷害. |傭兵は攻撃時に空からアケインメテオを召喚し、衝突したモンスターにダメージを与えるチャンスがある。|용병은 공격 시 하늘에서 아케인 미티어를 떨어뜨려 충돌한 몬스터에게 데미지를 준다.|Der Söldner hat bei einem Angriff die Chance, einen Arkanen Meteor vom Himmel herabzuschleudern, der getroffene Monster schädigt.|Le mercenaire a une chance à l'attaque de lancer un Météore arcanique descendant du ciel et infligeant des dégâts aux ennemis qu'il touche.|El Mercenario tiene probabilidad al atacar de lanzar un Meteorito Arcano desde el cielo dañando a los monstruos impactados.|Najemnik ma szansę przy ataku na rzucenie Arcane Meteor z nieba uszkadzającego potwory przy uderzeniu.
talent_desc_mercenarySpellManaflux|Increases Mercenary’s Maximum Mana.|Increases Mercenary’s Maximum Mana.|Aumenta a mana máxima do Mercenário.| Увеличивает максимальный запас маны наемника.|增加傭兵的最大法力. |傭兵の最大マナを増加させる。|용병의 최대 마나가 증가한다.|Erhöht das maximale Mana des Söldners.|Augmente le mana maximum du mercenaire. |Aumenta el Maná Máximo del Mercenario.|Zwiększa maksymalną manę Najemnika.
talent_desc_mercenarySpellSpellburn|The Mercenary has a chance on attack to burn and slow monsters.|The Mercenary has a chance on attack to burn and slow monsters.|O Mercenário tem uma chance no ataque de queimar e desacelerar inimigos.| Наемник имеет шанс при атаке поджечь и замедлить монстров.|傭兵有機率在攻擊時燃燒並減緩敵人. |傭兵は攻撃時にモンスターを燃焼・減速させるチャンスがある。|용병은 공격 시 몬스터에게 불을 붙이고 느리게 할 확률이 생긴다.|Der Söldner hat bei einem Angriff die Chance, Monster zu verbrennen und zu verlangsamen.|Le mercenaire a une chance, lors de son attaque, de brûler et de ralentir les ennemis.|El Mercenario tiene probabilidad al atacar de quemar y ralentizar a los monstruos.|Najemnik ma szansę przy ataku na spalenie i spowolnienie potworów.
talent_desc_mercenarySpellAuraExpert|Increases the value of Mercenarys aura.|Increases the value of Mercenarys aura.|Aumenta o valor da aura do Mercenário.| Увеличивает значение ауры наемника.|增加傭兵光環的效果值. |傭兵のオーラの効果を増加させる。|용병의 아우라의 효과가 증가한다.|Erhöht den Wert der Söldner-Aura.|Augmente la puissance de l'aura du mercenaire.|Aumenta el valor del aura del Mercenario.|Zwiększa wartość aury Najemnika.
talent_desc_mercenarySpellReptilianBrain|The Mercenary gains cooldown reduction.|The Mercenary gains cooldown reduction.|O Mercenário ganha redução no tempo de recarga.| Наемник получает сокращение времени восстановления.|傭兵獲得冷卻縮減. |傭兵がクールダウン短縮を得る。|용병은 쿨다운 감소를 얻는다.|Der Söldner erhält Abklingzeitverringerung.|Le mercenaire bénéficie d'une réduction de son temps de recharge.|El Mercenario obtiene reducción de tiempo de reutilización.|Najemnik zyskuje redukcję cooldownu.
talent_desc_mercenarySpellArcaneNova|The Mercenary has a chance on attack to unleash an Arcane Nova dealing damage to monsters.|The Mercenary has a chance on attack to unleash an Arcane Nova dealing damage to monsters.|O Mercenário tem uma chance no ataque de lançar uma Nova Arcana, causando dano aos inimigos.| У Наемника есть шанс при атаке высвободить Arcane Nova, наносящую урон монстрам.|傭兵有機率在攻擊時釋放一道奧術新星,對敵人造成傷害. |傭兵は攻撃時にアケインノヴァを放ち、モンスターにダメージを与えるチャンスがある。|용병은 공격 시 아케인 노바를 발사하여 근처 몬스터에게 데미지를 주고 느리게 한다.|Der Söldner hat bei einem Angriff eine Chance, eine Arkane Nova zu entfesseln, die Monstern Schaden zufügt.|Le mercenaire a une chance à l'attaque de déclencher une Nova arcanique infligeant des dégâts aux ennemis.|El Mercenario tiene probabilidad al atacar de liberar una Nova Arcana que inflige daño a los monstruos.|Najemnik ma szansę przy ataku na uwolnienie Arcane Novy zadającej obrażenia potworom.
talent_desc_mercenarySpellArcaneLink|The Mercenary creates an Arcane Link between the Mercenary and the Player dealing damage to monsters it collides with.|The Mercenary creates an Arcane Link between the Mercenary and the Player dealing damage to monsters it collides with.|O Mercenário cria um Elo Arcano entre o Jogador e o Mercenário, causando dano nos inimigos que colidem com ele.| Наемник создает Мистическую Связь между Наемником и Игроком, наносящую урон монстрам, с которыми он сталкивается.|傭兵和玩家之間建立奧術連結, 對它碰觸到的敵人造成傷害. |傭兵が傭兵とプレイヤーの間にアケインリンクを作り、衝突したモンスターにダメージを与える。|용병은 플레이어와 용병 사이에 아케인 링크를 생성하여 충돌하는 몬스터에게 데미지를 준다.|Der Söldner erschafft eine Arkane Verbindung zwischen sich und dem Spieler, die Monstern in der Nähe Schaden zufügt.|Le mercenaire crée un lien arcanique entre lui et le joueur, infligeant des dégâts aux ennemis qui entrent en collision avec le lien.|El Mercenario crea un Enlace Arcano entre el Mercenario y el Jugador que inflige daño a los monstruos con los que colisiona.|Najemnik tworzy Arcane Link między Najemnikiem a Graczem zadający obrażenia potworom z którymi się zderza.
talent_desc_mercenarySpellArcaneBarrage|The Mercenary has a chance on attack to unleash a barrage of arcane bolts.|The Mercenary has a chance on attack to unleash a barrage of arcane bolts.|O Mercenário tem uma chance no ataque de lançar uma barragem de raios arcanos.| У Наемника есть шанс при атаке выпустить шквал магических зарядов.|傭兵有機會在攻擊時釋放一陣奧術彈幕. |傭兵は攻撃時にアケインボルトの一斉射撃を放つチャンスがある。|용병은 공격 시 아케인 볼트의 연타를 발사할 확률이 있다.|Der Söldner hat bei einem Angriff eine Chance, einen Hagel arkaner Blitze zu entfesseln.|Le mercenaire a une chance à l'attaque de déclencher un barrage d'éclairs arcaniques.|El Mercenario tiene probabilidad al atacar de liberar una ráfaga de rayos arcanos.|Najemnik ma szansę przy ataku na uwolnienie salwy arcane bolts.
talent_desc_mercenarySpellWordofProtection|The Mercenary has a chance on attack to shield the player for a portion of maximum health.|The Mercenary has a chance on attack to shield the player for a portion of maximum health.|O Mercenário tem uma chance no ataque de lançar um escudo no Jogador por uma porção de sua vida máxima.|Наемник имеет шанс при атаке защитить игрока, восстановив часть его максимального здоровья.|傭兵在攻擊時有機會為玩家提供基於最大生命值一部分的護盾. |傭兵は攻撃時にプレイヤーを最大体力の一部分シールドで守るチャンスがある。|용병은 공격 시 플레이어에게 최대 체력의 일부만큼 방어막을 부여할 확률이 있다.|Der Söldner hat bei einem Angriff eine Chance, den Spieler mit einem Schild zu schützen, der einen Teil seiner maximalen Gesundheit abdeckt.|Le mercenaire a une chance, lors de son attaque, de protéger le joueur pour une partie de son maximum de santé.|El Mercenario tiene probabilidad al atacar de escudar al jugador por una porción de la salud máxima.|Najemnik ma szansę przy ataku na osłonięcie gracza za część maksymalnego zdrowia.
talent_desc_mercenarySpellArcaneApocalypse|The Mercenary blasts all nearby monsters with arcane explosions dealing damage and slowing them.|The Mercenary blasts all nearby monsters with arcane explosions dealing damage and slowing them.|O Mercenário explode todos os inimigos próximos com explosões arcanas, causando dano e desacelerando-os.| Наемник поражает всех находящихся поблизости монстров магическими взрывами, нанося им урон и замедляя их.|傭兵用奧術爆炸衝擊所有附近的敵人,造成傷害並減緩它們的速度. |傭兵が近くのモンスター全てにアケイン爆発を放ち、ダメージと減速効果を与える。|용병은 주변 모든 몬스터를 아케인 폭발로 피해를 주고 느리게 한다.|Der Söldner schleudert arkane Explosionen auf alle Monster in der Nähe, die ihnen Schaden zufügen und sie verlangsamen.|Le mercenaire projette des explosions arcaniques sur tous les ennemis proches, leur infligeant des dégâts et les ralentissant.|El Mercenario hace explotar a todos los monstruos cercanos con explosiones arcanas infligiendo daño y ralentizándolos.|Najemnik wybucha wszystkich pobliskich potworów eksplozjami arcane zadając obrażenia i spowalniając je.
|||||||||||
talent_name_holyFreezeAura|Holy Freeze Aura|Holy Freeze Aura|Aura do Congelamento Divino| Аура Святой Заморозки|神聖冰凍光環|ホーリー フリーズ オーラ|홀리 프리즈 오라|Heilige Frostaura|Aura d'immobilisation sacrée|Aura de Congelación Sagrada|Aura Świętego Zamrożenia
talent_name_thornsAura|Thorn’s Aura|Thorn’s Aura|Aura de Espinhos| Аура Торна|荊棘光環|ソーンのオーラ|쏜즈 오라|Thorns Aura|Aura d'épine|Aura de Espinas|Aura Kolców
talent_name_defianceAura|Defiance Aura|Defiance Aura|Aura do Desafio| Аура неповиновения|挑戰光環|反抗のオーラ|디파이언스 오라|Trotz-Aura|Aura de défiance|Aura de Desafío|Aura Defiance
talent_name_redemptionAura|Redemption Aura|Redemption Aura|Aura da Redenção| Аура искупления|救贖光環|贖罪のオーラ|리뎀션 오라|Erlösungsaura|Aura de rédemption|Aura de Redención|Aura Odkupienia
talent_name_teleport|Teleport|Teleport|Teletransporte| Телепорт|傳送|テレポート|텔레포트|Teleportieren|Téléportation|Teletransporte|Teleport
talent_name_eyeOfTarethiel|Eye of Tarethiel|Eye of Tarethiel|Olho de Tarethiel| Глаз Таретиэль|塔雷希爾之眼|タレティエルの目|타레시엘 아이|Auge von Tarethiel|Oeil de Tarethiel|Ojo de Tarethiel|Oko Tarethiela
talent_name_grimBones|Grim Bones|Grim Bones|Grimbones| Мрачные Кости|死靈之骨|グリム ボーンズ|그림 본|Grimmige Knochen|Os sinistres|Huesos Sombríos|Ponure Kości
talent_name_odinsDemise|Odin’s Demise|Odin’s Demise|Queda de Odin| Гибель Одина|奧丁的終結|オーディンの終焉|오딘 디마이즈|Odins Untergang|Legs d'Odin|Caída de Odín|Zgon Odyna
talent_name_faultLine|Fault Line|Fault Line|Fenda Sísmica| Линия разлома|地裂|断層線|폴트 라인|Verwerfungslinie|Ligne de faille|Falla Terrestre|Linia Uskoku
talent_name_gabrielsGlory|Gabriel’s Glory|Gabriel’s Glory|Glória de Gabriel| Слава Гавриила|加百列的榮耀|ガブリエルの栄光|가브리엘 글로리|Gabriels Ruhm|Gloire de Gabriel|Gloria de Gabriel|Chwała Gabriela
talent_name_steve|Steve’s Itchy Sack|Steve’s Itchy Sack|Saco Pinicante de Steve| Зудящий мешок Стива|史蒂夫的騷動|スティーブのかゆみ袋|스티브 이치 색|Steves juckender Sack|Sac qui gratte de Steve|Saco Picante de Steve|Swędzący Wór Steve’a
talent_name_shrapnelShells|Shrapnel Shells|Shrapnel Shells|Cartuchos de Estilhaços| Осколочные снаряды|彈片|榴散弾|샤프넬 쉘|Schrapnellgranaten|Obus à shrapnel|Cáscaras de Metralla|Pociski Szrapnelowe
talent_name_frozenCanisterRounds|Frozen Canister Rounds|Frozen Canister Rounds|Balas Congelantes| Замороженные патроны для канистр|霜寒霰彈|冷凍キャニスター弾|프로즌 캐니스터 라운드|Gefrorene Kanistergeschosse|Obus gelés|Munición de Canister Congelado|Zamrożone Pociski w Puszkach
talent_name_overwhelmingPower|Overwhelming Power|Overwhelming Power|Força Esmagadora| Подавляющая сила|壓倒性力量|圧倒的な力|오바웰밍 파워|Überwältigende Kraft|Puissance écrasante|Poder Abrumador|Przytłaczająca Moc
talent_name_faceBreakers|Face Breakers|Face Breakers|Quebra-faces| Разрушители лица|碎顱者|フェイス ブレーカー|페이스 브레이커|Gesichtsbrecher|Casse bouche|Rompe Caras|Łamacze Twarzy
talent_name_shadowWeave|Shadow Weave|Shadow Weave|Tecelã das Sombras| Плетение теней|暗影編織|シャドウ ウィーブ|섀도우 위브|Schattengewebe|Tissage de l'ombre|Tejido de Sombras|Tkactwo Cieni
talent_name_shitaMorphosis|Shitamorphosis|Shitamorphosis|Bostamorfose| Шитаморфоз|史變形|シタモルフォシス|시타모포시스|Shitamorphose|Métamerdephose|Mierdamorphosis|Shitamorphosis
talent_name_angelicVibrance|Angel’s Vibrance Aura|Angel’s Vibrance Aura|Aura Vibrante do Anjo| Аура вибрации ангела|天使活力光環|天使の活気のオーラ|엔젤 바이브런스 오라|Aura der Lebendigkeit des Engels|Aura d'éclat angélique|Aura de Vibrancia Angelical|Aura Promienności Anioła
talent_name_lunarAura|Lunar Aura|Lunar Aura|Aura Lunar| Лунная Аура|月神光環|ルナー オーラ|루나 오라|Mond-Aura|Aura lunaire|Aura Lunar|Aura Księżycowa
talent_name_mirrorAura|Mirror Aura|Mirror Aura|Aura de Espelho| Зеркальная Аура|鏡像光環 |ミラー オーラ |미러 오라|Spiegel-Aura|Aura miroir|Aura de Espejo|Aura Lustra
talent_name_truthSeeker|Truth Seeker|Truth Seeker|Buscador da Verdade| Искатель Истины|真相探索者|真実の探求者|트루 시커|Wahrheitssucher|Chercheur de vérité|Buscador de la Verdad|Poszukiwacz Prawdy
talent_name_judgement|Judgement|Judgement|Julgamento| Суждение|裁決|審判|저지먼트|Urteil|Jugement|Juicio|Osąd
talent_name_despair|Despair|Despair|Desespero| Отчаяние|絕望|絶望|디스페어|Verzweiflung|Désespoir|Desesperación|Rozpacz
talent_name_stormCaller|Storm Caller|Storm Caller|Chamada da Tempestade| Призыватель бури|風暴呼嘯者|嵐の呼び手|스톰 콜러|Sturmrufer|Appelant de tempête|Llamador de Tormentas|Wezwanie Burzy
talent_name_arcaneInfusedPsychosis|Arcane Infused Psychosis|Arcane Infused Psychosis|Psicose por Infusão Arcana| Психоз, пронизанный тайной|奧術錯亂|秘術を注入した精神病|아케인 인퓨즈 사이코시스|Arkane Psychose|Psychose infusée d'arcanes|Psicosis Infundida con Arcano|Arcane Nasączone Szaleństwo
talent_name_melonForm|Melon Form|Melon Form|Forma de Melão| Форма дыни|甜瓜形態|メロンフォーム|멜론 폼|Melonenform|Forme de melon|Forma de Melón|Forma Melona
talent_name_theShopIsOpen|The Shop is Open|The Shop is Open|A Loja está Aberta| Магазин открыт|開設商店|ショップがオープン|샵 오픈|Der Laden ist geöffnet|La boutique est ouverte|La Tienda Está Abierta|Sklep jest Otwarty
talent_name_rakhulsCarnage|King Rakhul’s Carnage|King Rakhul’s Carnage|Carnificina do Rei Rakhul| Резня короля Рахула|拉庫爾國王大屠殺|ラクール王の大虐殺|라쿨 킹 카니지|König Rakhuls Blutbad|Carnage du roi Rakhul|Carnicería del Rey Rakhul|Carnage Króla Rakhula
talent_name_lilithsRage|Lilith’s Rage|Lilith’s Rage|Fúria de Lilith| Ярость Лилит|莉莉絲的憤怒|リリスの怒り|릴리스 레이지|Liliths Wut|Rage de Lilith|Ira de Lilith|Gniew Lilith
talent_name_valorsDefender|Valor’s Defender|Valor’s Defender|Defensor do Valor| Защитник доблести|勇氣捍衛者|勇気の守護者|밸러 디펜더|Verteidiger der Tapferkeit|Défenseur de la vaillance|Defensor del Valor|Obrońca Waloru
talent_name_agonyOfSouls|Agony of Souls|Agony of Souls|Agonia das Almas| Агония Душ|靈魂之痛|魂の苦悩|앵그리 소울|Seelenqual|Agonie des âmes|Agonía de Almas|Agonia Dusz
talent_name_cornered|Cornered|Cornered|Encurralado| Загнанный в угол|絕境|追い詰められた|코너|In die Enge getrieben|Accablé|Acorralado|Zagrożony
talent_name_spiderlings|Spiderlings|Spiderlings|Aranhas| Паучки|小蜘蛛|蜘蛛の子|스파이더링|Spinnenlinge|Araignées|Arañuelas|Pajączki
talent_name_deliriumTremens|Drunken Delirium|Drunken Delirium|Delírio do Bebum| Пьяный бред|發酒瘋|酔った錯乱|드렁큰 딜리리엄|Betrunkenes Delirium|Délire ivre|Delirio Ebrio|Pijane Delirium
talent_name_scorchingFlames|Scorching Flames|Scorching Flames|Chamas Escaldantes| Палящее пламя|灼熱火焰|灼熱の炎|스코칭 플레임|Sengende Flammen|Flammes brûlantes|Llamas Abrasadoras|Parzące Płomienie
talent_name_deadlyWhirl|Deadly Whirl|Deadly Whirl|Redemoinho Mortal| Смертельный вихрь|致命旋風|致命的な旋風|대들리 휠|Tödlicher Wirbel|Tourbillon mortel|Remolino Mortal|Śmiertelny Wir
talent_name_ricochet|Ricochet|Ricochet|Ricochete| Рикошет|跳彈|跳ね返り|리코셰|Abpraller|Ricochet|Rebote|Odbicie
talent_name_manaBender|Mana Bender|Mana Bender|Dobrador de Mana| Мана Бендер|魔力異常|マナベンダー|마나 벤더|Manaverbieger|Mana Bender|Manipulador de Maná|Zaklinacz Many
talent_name_summonAbomination|Summon Abomination|Summon Abomination|Invocar Abominação| Вызов Мерзости|召喚憎惡|忌まわしい者の召喚|셔먼 어보미네이션|Abscheulichkeit beschwören|Invocation d'abomination|Invocar Abominación|Przywołaj Abomination
talent_name_gabrielsShadow|Gabriel’s Shadow|Gabriel’s Shadow|Sombra de Gabriel| Тень Габриэля|加百列的影子|ガブリエルの影|가브리엘 섀도우|Gabriels Schatten|Ombre de Gabriel|Sombra de Gabriel|Cień Gabriela
talent_name_summonHeretic|Summon Heretic|Summon Heretic|Invocar Herege| Вызов еретика|召喚異教徒|異端者の召喚|셔먼 헤러틱|Ketzer beschwören|Invocation d'hérétique|Invocar Hereje|Przywołaj Heretyka
talent_name_gabrielsRevenge|Gabriel’s Revenge|Gabriel’s Revenge|Vingança de Gabriel| Месть Габриэля|加百列的復仇|ガブリエルの復讐|가브리엘 리벤지|Gabriels Rache|La vengeance de Gabriel|Venganza de Gabriel|Zemsta Gabriela
talent_name_wingsOfHatred|Wings of Hatred|Wings of Hatred|Asas do Ódio| Крылья ненависти|仇恨之翼|憎悪の翼|헤이트 윙|Flügel des Hasses|Ailes de haine|Alas del Odio|Skrzydła Nienawiści
talent_name_celestialMight|Celestial Might|Celestial Might|Poder Celestial| Небесная мощь|天神之力|天界の力|셀레스티얼 마이트|Himmlische Macht|Puissance céleste|Poder Celestial|Niebiańska Moc
talent_name_demolitionExpert|Demolition Expert|Demolition Expert|Expert em Demolição| Эксперт по сносу|拆除專家|破壊の達人|데몰리션 엑스퍼트|Sprengexperte|Expert en démolition|Experto en Demolición|Ekspert Demolycji
talent_name_gabrielsAnnihilation|Gabriel’s Annihilation|Gabriel’s Annihilation|Aniquilação de Gabriel| Уничтожение Гавриила|加百列的湮滅|ガブリエルの消滅|가브리엘 어나힐레이션|Gabriels Vernichtung|Annihilation de Gabriel|Aniquilación de Gabriel|Annihilacja Gabriela
talent_name_fuelTheFlames|Fuel the Flames!!|Fuel the Flames!!|Alimentem as Chamas!!| Подливаем масла в огонь!!|點燃火焰！！|炎に燃料を！！|퓨얼 더 플레임!!|Schürt die Flammen!!|Alimentez les flammes !!|¡Alimenta las Llamas!!|Podpal Płomienie!!
talent_name_soulBurn|Soulburn|Soulburn|Queimadura da Alma| Душеожог|靈魂燃燒|ソウルバーン|소울번|Seelenbrand|Brûlure d'âme|Quemadura de Alma|Spalenie Duszy
talent_name_forkingProjectiles|Forking Projectiles|Forking Projectiles|Projéteis Bifurcados| Разветвляющиеся снаряды|分叉投射物|フォーク状の弾丸|포킹 프로젝타일|Gegabelte Projektile|Projectiles fourchus|Proyectiles Bifurcados|Rozwidlające Pociski
talent_name_returningProjectiles|Returning Projectiles|Returning Projectiles|Projéteis Retornáveis| Возвращающиеся снаряды|返回投射物|帰還弾丸|리터닝 프로젝타일|Zurückkehrende Projektile|Projectiles de retour|Proyectiles Retornantes|Wracające Pociski
talent_name_coffeeMug|Caffeinated|Caffeinated|Cafeinado| Кофеиновый|含咖啡因|カフェイン入り|카페인|Koffeinhaltig|Caféiné|Cafeinado|Kofeinizowany
talent_name_thornOfVitality|Thorn of Vitality|Thorn of Vitality|Espinho da Vitalidade| Шип жизненной силы|活力之刺|生命力の棘|바이탈리티 쏜즈|Dorn der Vitalität|Épine de vitalité|Espina de Vitalidad|Kolec Witalności
talent_name_mirrorDimension|Mirror Dimension|Mirror Dimension|Dimensão Espelhada| Зеркальное измерение|鏡像次元|鏡の次元|미러 디멘션|Spiegeldimension|Dimension miroir|Dimensión Espejo|Wymiar Lustra
talent_name_thunderOrb|Thunder Orb|Thunder Orb|Orbe do Trovão| Громовой Шар|雷霆之球|雷のオーブ|썬더 오브|Donnerkugel|Orbe de tonnerre|Orbe de Trueno|Orb Pioruna
talent_name_collector|Collector|Collector|Coletor| Коллекционер|收藏家|コレクター|컬렉터|Sammler|Collecteur|Coleccionista|Kolekcjoner
talent_name_freshCut|Fresh Cut|Fresh Cut|Corte Fresco| Свежая стрижка|新鮮切割|フレッシュカット|프레쉬 컷|Frisch geschnitten|Frais de coupe|Corte Fresco|Świeże Cięcie
talent_name_lingeringFrost|Lingering Frost|Lingering Frost|Geada Persistente| Затяжной мороз|徘徊之霜|残留霜|링거링 프로스트|Verweilender Frost|Givre persistant|Escarcha Persistente|Trwający Mróz
talent_name_fatality|Fatality|Fatality|Fatalidade| Смерть|災禍|フェイタリティ|퍼탈리티|Tödlichkeit|Fatalité|Fatalidad|Śmiertelność
talent_name_zooooooom|Zoooooom|Zoooooom|Zoooooom| Зооооом|Zooooooom|ズーーーム|Zoooooom|Zooooooom|Zoooooom|Zoooooom|Zoooooom
talent_name_reapersCulling|Reaper´s Culling|Reaper´s Culling|Abate do Ceifeiro| Выбраковка Жнеца|收割者之選|リーパーズ・カリング|리퍼 컬링|Reaper´s Culling|Élimination du faucheur|Siega del Segador|Żniwa Kosiarza
talent_name_reapingThrow|Reaping Throw|Reaping Throw|Arremesso da Colheita| Жатва броска|收割投擲|リーピング・スロー|리핑 쓰로우|Erntewurf|Lancement de la moisson|Lanzamiento de Siega|Rzut Żniwiarski
talent_name_warriorsPath|Warrior´s Path|Warrior´s Path|Caminho do Guerreiro| Путь Воина|戰士之路|ウォリアー・パス|워리어 패스|Kriegerpfad|Chemin du guerrier|Camino del Guerrero|Ścieżka Wojownika
talent_name_rimskinAssassin|Rimskin Assassin|Rimskin Assassin|Assassino de Buracos| Римскин Убийца|邊緣刺客|リムスキン・アサシン|림스킨 어쌔신|Rimskin-Assassine|Assassin de Rimskin|Asesino Rimskin|Zabójca Rimskin
talent_name_walsonsAid|Walson´s Aid|Walson´s Aid|Ajuda de Walson| Помощь Уолсона|沃爾森的援助|ウォルソンズ・エイド|월슨 에이드|Walson´s Hilfe|Aide de Walson|Ayuda de Walson|Pomoc Walsona
talent_name_lostAtSea|Lost at Sea|Lost at Sea|Perdido no Mar| Затерянные в море|迷失之海|海に迷う|로스트 씨|Auf See verloren|Perdu en mer|Perdido en el Mar|Zgubiony na Morzu
talent_name_ladyLuck|Roll the Dice|Roll the Dice|Role os Dados| Бросьте кости|擲骰子|サイコロを振る|다이스 롤|Würfel werfen|Lancez les dés|Lanzar los Dados|Rzuć Kości
talent_name_execution|Execution|Execution|Execução| Исполнение|處決|処刑|이그제큐션|Hinrichtung|Exécution|Ejecución|Egzekucja
talent_name_liquidContainers|Liquid Containers|Liquid Containers|Contêiners Líquidos | Контейнеры для жидкостей|魔血|液体コンテナ|리퀴드 컨테이너|Flüssigkeitsbehälter|Récipients de liquide|Contenedores de Líquido|Pojemniki na Płyny
talent_name_shadowFlames|Shadowflames|Shadowflames|Chamas Sombrias| Пламя теней|暗影烈焰 |シャドウフレイム |섀도우플레임|Schattenflammen|Flammes d'ombre |Llamas Sombrías|Cienie Płomieni
talent_name_reverseCard|Card Throw|Card Throw|Lançamento de Cartas| Бросок карты|卡牌投擲|カード投げ|카드 쓰로우|Kartenwurf|Lancer de cartes|Lanzamiento de Carta|Rzut Kartą
talent_name_flockOfVultures|Flock of Vultures|Flock of Vultures|Bando de Abutres| Стая стервятников|禿鷹群|ハゲタカの群れ|벌쳐 플록|Geierschwarm|Vol de vautours|Bandada de Buitres|Stado Sępów
talent_name_shadeOfSobek|Shade of Sobek|Shade of Sobek|Sombra de Sobek| Тень Собека|索貝克之影|ソベックの影|소벡 셰이드|Sobeks Schatten|Ombre de Sobek|Sombra de Sobek|Cień Sobeka
talent_name_wallOfEternity|Wall of Eternity|Wall of Eternity|Muro da Eternidade| Стена Вечности|永恆之牆|永遠の壁|이터니티 월|Mauer der Ewigkeit|Mur d'éternité|Muro de Eternidad|Ściana Wieczności
talent_name_eternalArmor|Eternal Armor|Eternal Armor|Armadura Eterna| Вечная броня|永恆之甲|永遠の鎧|이터널 아머|Ewige Rüstung|Armure éternelle|Armadura Eterna|Wieczny Pancerz
talent_name_tideOfBlood|Tide of Blood|Tide of Blood|Maré de Sangue| Прилив крови|血潮|血の潮流|블러드 타이드|Flut des Blutes|Marée de sang|Marea de Sangre|Przypływ Krwi
talent_name_laserSight|Laser Sight|Laser Sight|Mira Laser| Лазерный прицел|雷射瞄準器|レーザーサイト|레이저 사이트|Laservisier|Viseur laser|Vista Láser|Celownik Laserowy
talent_name_burstOfVenom|Burst of Venom|Burst of Venom|Explosão de Veneno| Взрыв Яда|毒液爆發|毒の爆発|베넘 버스트|Giftsalve|Explosion de venin|Ráfaga de Veneno|Wybuch Jadu
talent_name_jaggedGauntlet|Jagged Gauntlet|Jagged Gauntlet|Manopla Denteada| Зубчатая перчатка|鋸齒護手|ギザギザのガントレット|재기드 건틀렛|Zackiger Handschuh|Gantelet dentelé|Guantelete Dentado|Ząbkowana Rękawica
talent_name_acceleratedFlames|Accelerated Flames|Accelerated Flames|Chamas Aceleradas| Ускоренное Пламя|加速火焰|加速する炎|액셀러레이트 플레임|Beschleunigte Flammen|Flammes accélérées|Llamas Aceleradas|Przyspieszone Płomienie
talent_name_fallenJustice|Fallen Justice|Fallen Justice|Justiça Caída| Падшее правосудие|墮落正義|堕ちた正義|폴른 저스티스|Gefallene Gerechtigkeit|Justice déchue|Justicia Caída|Upadła Sprawiedliwość
talent_name_commandersValor|Commander´s Valor|Commander´s Valor|Valor do Comandante| Доблесть Командира|指揮官的勇氣|指揮官の勇気|커맨더 밸러|Kühnheit des Kommandanten|Valeur du commandant|Valor del Comandante|Walor Dowódcy
talent_name_fallenGodsBloodLust|Fallen God´s Bloodlust|Fallen God´s Bloodlust|Sede de Sangue do Deus Caído| Кровожадность падшего бога|嗜血的墮落之神|堕ちた神の血への渇望|폴른갓 블러드러스트|Blutrausch des gefallenen Gottes|Soif de sang du dieu déchu|Sed de Sangre del Dios Caído|Krwiożerczość Upadłego Boga
talent_name_radiantPower|Radiant Power|Radiant Power|Poder Radiante| Лучистая сила|輻射能量|光り輝く力|레이디언트 파워|Strahlende Kraft|Pouvoir rayonnant|Poder Radiante|Promienna Moc
talent_name_programmersDelirium|Programmer´s Delirium|Programmer´s Delirium|Delírio do Programador | Бред программиста|程式設計師的譫妄 |プログラマーの錯乱 |프로그래머 딜리리엄|Delirium des Programmierers|Délire du programmeur |Delirio del Programador|Delirium Programisty
talent_name_aimbot|Aimbot|Aimbot|Aimbot| Аимбот|瞄準機器人|エイムボット|에임봇|Aimbot|Aimbot|Aimbot|Aimbot
talent_name_unboundPower|Unbound Power|Unbound Power|Poder Ilimitado|Несвязанная сила|無限力量|アンバウンド・パワー|언바운드 파워|Ungebundene Kraft|Pouvoir déchaîné|Poder Desatado|Nieograniczona Moc
talent_name_dragonsPresence|Dragon´s Presence|Dragon´s Presence|Presença do Dragão|Присутствие дракона|巨龍降臨|ドラゴンのプレゼンス|용의 존재|Drachenpräsenz|Présence du dragon|Presencia del Dragón|Obecność Smoka
talent_name_dragonsWrath|Dragon´s Wrath|Dragon´s Wrath|Fúria do Dragão|Гнев дракона|巨龍之怒|ドラゴンの怒り|용의 분노|Drachenzorn|Courroux du dragon|Ira del Dragón|Gniew Smoka
talent_name_magnumOpus|MAGNUM OPUS|MAGNUM OPUS|MAGNUM OPUS|ВЕЛИКИЙ ОПУС |極致之作|マグナム・オプス|대작|MAGNUM OPUS|MAGNUM OPUS|MAGNUM OPUS|MAGNUM OPUS
talent_name_wizardsRoll|Wizard´s Roll|Wizard´s Roll|Rolagem do Mago|Рулон волшебника |巫師之卷|ウィザード・ロール|마법사의 역할|Zaubererrolle|Rouleau du sorcier|Tirada del Mago|Rzut Czarodzieja
talent_name_gladiatorsRoll|Gladiator´s Roll|Gladiator´s Roll|Rolagem do Gladiador|Рулон гладиатора |角鬥士之卷|グラディエーター・ロール|검투사의 역할|Gladiatorenrolle|Rouleau du gladiateur|Tirada del Gladiador|Rzut Gladiatora
talent_name_smartFuse|Smart Fuse|Smart Fuse|Pavio Inteligente |Умный предохранитель |智慧保險絲 |スマート・ヒューズ |스마트 퓨즈 |Intelligente Sicherung|Fusible intelligent |Mecha Inteligente|Inteligentny Zapalnik
talent_name_hexBeast|Hex Beast|Hex Beast|Fera Hex|Зверь-колдун|妖獸|ヘックスビースト|헥스 비스트|Hexenbestie|Bête maudite|Bestia Hex|Klątwa Bestii
talent_name_fishing|Fishing|Fishing|Pesca|Рыбалка|釣魚|釣り|피싱|Angeln|Pêche|Pesca|Łowienie Ryb
talent_name_relicCharmedBlood|Charmed Blood|Charmed Blood|Sangue Encantado|Очарованная кровь|魅惑之血|チャームドブラッド|참 블러드|Verzaubertes Blut|Sang enchanté|Sangre Encantada|Zauroczona Krew
talent_name_stoneSkinAura|Stoneskin Aura|Stoneskin Aura|Aura de Pele de Pedra|Аура каменной кожи|石膚光環|ストーンスキンオーラ|스톤스킨 오라|Steinhaut-Aura|Aura de peau de pierre|Aura de Piel de Piedra|Aura Skórzanego Kamienia
talent_name_hastefulAura|Hasteful Aura|Hasteful Aura|Aura Apressada|Аура стремительности|急速光環|ヘイストフルオーラ|헤이스풀 오라|Hastige Aura|Aura hâtive|Aura de Prisa|Aura Pośpiechu
talent_name_balefulAura|Baleful Aura|Baleful Aura|Aura Nefasta|Зловещая аура|惡毒光環|ベイルフルオーラ|베일풀 오라|Unheilvolle Aura|Aura funeste|Aura Funesta|Aura Baleful
talent_name_fortunateAura|Fortunate Aura|Fortunate Aura|Aura da Fortuna|Аура удачи|幸運光環|フォーチュネイトオーラ|포튜네이트 오라|Glückliche Aura|Aura de fortune|Aura Afortunada|Aura Szczęśliwa
talent_name_soulBurst|Soul Burst|Soul Burst|Explosão da Alma|Взрыв души|靈魂爆裂|ソウルバースト|소울 버스트|Seelenexplosion|Explosion d'âme|Explosión de Alma|Wybuch Duszy
talent_name_tremblingSmash|Trembling Smash|Trembling Smash|Esmagamento Trêmulo|Дрожащий удар|顫抖粉碎|トレムブリングスマッシュ|트렘블링 스매시|Zitternder Schlag|Coup tremblant |Golpe Tembloroso|Drżące Uderzenie
talent_name_arcaneWrath|Arcane Wrath|Arcane Wrath|Ira Arcana|Магический гнев|奧術憤怒|アケインラス|아케인 래스|Arkaner Zorn|Colère arcanique|Ira Arcana|Arcane Gniew
talent_name_goburinsGreed|Goburin´s Greed|Goburin´s Greed|Ganância de Goburin|Жадность Гобурина|哥布林的貪婪|ゴブリンの貪欲|고부린의 탐욕|Goburins Gier|Avidité de Goburin|Codicia de Goburin|Chciwość Goburina
talent_name_voidPull|Void´s Pull|Void´s Pull|Atração do Vazio|Притяжение пустоты|虛空引力|虚無の引力|공허의 끌어당김|Anziehungskraft der Leere|Attraction du Vide|Tirón del Vacío|Przyciąganie Pustki
talent_name_freezingTouch|Freezing Touch|Freezing Touch|Toque Congelante|Замораживающее прикосновение|冰凍之觸|凍てつく接触|얼어붙는 손길|Eisberührung|Toucher glacial |Toque Congelante|Zamrażający Dotyk
talent_name_tramplingForce|Trampling Force|Trampling Force|Força Esmagadora|Сила топтания|踐踏之力|踏みつける力|짓밟는 힘|Trampelnde Kraft|Force de piétinement|Fuerza de Pisoteo|Siła Deptania
talent_name_essenceOutburst|Essence Outburst|Essence Outburst|Explosão de Essência|Взрыв сущности|精華爆發|精髄の噴出|정수 폭발|Essenzausbruch|Explosion d'essence|Estallido de Esencia|Wybuch Esencji
talent_name_vectorShroud|Vector Shroud|Vector Shroud|Manto Vetorial|Векторная завеса|矢量護罩|ベクトルの外套|벡터 장막|Vektorschleier|Voile vectoriel|Velo Vectorial|Osłona Wektora
talent_name_spaceTimeEquilibrium|Spacetime Equilibrium|Spacetime Equilibrium|Equilíbrio Espaço-Temporal|Пространственно-временное равновесие|均衡時空|時空の均衡|시공간 평형|Raum-Zeit-Gleichgewicht|Équilibre spatio-temporel|Equilibrio Espacio-Tiempo|Równowaga Czasoprzestrzenna
talent_name_celestialCreation|Celestial Creation|Celestial Creation|Criação Celestial|Небесное сотворение|天體創造|天上の創造|천상의 창조|Himmlische Schöpfung|Création céleste|Creación Celestial|Niebiańskie Stworzenie
talent_name_piercingBone|Piercing Bone|Piercing Bone|Osso Perfurante |Проникающая кость |貫穿之骨 |骨を貫く |뼈를 꿰뚫는 |Knochendurchbohren|Perforation osseuse |Hueso Perforante|Przebijająca Kość
talent_name_scarletSacrifice|Scarlet Sacrifice|||Алая жертва|猩紅獻祭||붉은 희생|||Sacrificio Escarlata|
talent_name_willoWisp|Will-O-Wisp|||Блуждающий огонек|鬼火||윌-오-위습|||Fuego Fatuo|
talent_name_ghostCrew|Ghost Crew|||Экипаж Экипаж Призрака|幽靈船員||유령 선원|||Tripulación Fantasma|
talent_name_spectralScatter|Spectral Scatter||                    |Спектральное рассеяние|幽魂散射||스펙트럴 스캐터|||Dispersión Espectral|
talent_name_tidesOfChaos|Tides of Chaos|||Приливы хаоса|混沌潮汐||카오스의 파도|||Mareas del Caos|
talent_name_phantomSlice|Phantom Slice|||Фантомный срез|幻影斬擊||팬텀 슬라이스|||Corte Fantasma|
talent_name_heartSurge|Heart Surge|||Сердцебиение|血心湧動||하트 서지|||Oleada Vital|
talent_name_phantomMomentum|Phantom Momentum|||Фантомный импульс|幻影動能||팬텀 모멘텀|||Impulso Fantasma|
talent_name_sanguineFlow|Sanguine Flow|||Кровавый поток|血紅流動||생기인 플로우|||Flujo Sanguíneo|
talent_name_killingSpree|Killing Spree|||Буйство|殺戮狂潮||킬링 스프리|||Masacre|
talent_name_leviathansPresence|Leviathan’s Presence|||Присутствие Левиафана|利維坦之威||리바이어던 프레젠스|||Presencia del Leviatán|
talent_name_sanguineLeech|Sanguine Leech|||Кровавое похищение|嗜血水蛭||생기인 리치|||Sanguijuela Sanguínea|
|||||||||||
talent_desc_holyFreezeAura|Freezes and deals cold damage to all nearby monsters|Freezes and deals cold damage to all nearby monsters|Congela e causa Dano de Gelo a todos os inimigos próximos|Замораживает и наносит урон холодом всем ближайшим монстрам.|凍結並對附近的所有敵人造成寒冷傷害|近くのモンスター全てを凍結させ、冷気ダメージを与える。|주변 모든 몬스터를 얼리고 냉기 데미지를 줍니다.|Friert alle Monster in der Nähe ein und fügt ihnen Kälteschaden zu.|Gèle et inflige des dégâts de froid à tous les monstres proches.|Congela e inflige daño de frío a todos los monstruos cercanos|Zamraża i zadaje obrażenia zimna wszystkim pobliskim potworom
talent_desc_thornsAura|Causes monster attacks to reflect a portion of their damage back to them|Causes monster attacks to reflect a portion of their damage back to them|Faz com que os ataques inimigos reflitam uma parte de seu dano de volta para eles| Заставляет атаки монстров отражать часть их урона обратно им.|將敵人攻擊傷害的一部分反彈給他們|モンスターの攻撃は、ダメージの一部を反射する。|몬스터의 공격이 일부 데미지를 반사합니다.|Bewirkt, dass Monsterangriffe einen Teil ihres Schadens auf sie zurückwerfen.|Les attaques des monstres renvoient une partie de leurs dégâts.|Hace que los ataques de monstruos reflejen una porción de su daño de vuelta a ellos|Powoduje że ataki potworów odbijają część ich obrażeń z powrotem do nich
talent_desc_defianceAura|Increases Defense for you and all party members|Increases Defense for you and all party members|Aumenta a Defesa para você e todos os membros do grupo| Увеличивает защиту для вас и всех членов группы.|增加你和隊友的防禦|自身とパーティメンバー全員の防御力を上昇させる。|자신과 파티원 모두의 방어력을 증가시킵니다.|Erhöht die Verteidigung für dich und alle Gruppenmitglieder.|Augmente votre défense et celle de tous les membres du groupe.|Aumenta la Defensa para ti y todos los miembros del grupo|Zwiększa Obrona dla ciebie i wszystkich członków drużyny
talent_desc_redemptionAura|Increases life replenish for you and all party members|Increases life replenish for you and all party members|Aumenta a Recuperação de Vida para você e todos os membros do grupo| Увеличивает восстановление жизни для вас и всех членов группы.|增加你和隊友的生命回復|自身とパーティメンバー全員のライフ回復力を上昇させる。|자신과 파티원 모두의 생명력 회복을 증가시킵니다.|Erhöht die Lebenserneuerung für dich und alle Gruppenmitglieder.|Augmente votre régénération de vie et celle de tous les membres du groupe.|Aumenta la regeneración de vida para ti y todos los miembros del grupo|Zwiększa replenish życia dla ciebie i wszystkich członków drużyny
talent_desc_teleport|Move through the ether for a short distance instantaneously|Move through the ether for a short distance instantaneously|Mova-se pelo éter por uma curta distância instantaneamente| Мгновенно перемещаться сквозь эфир на короткое расстояние|可以進行短距離瞬間移動|エーテルを瞬時に短距離移動する。|짧은 거리를 즉시 이동합니다.|Bewegt euch augenblicklich eine kurze Distanz durch den Äther.|Vous vous déplacez instantanément dans l'éther sur une courte distance.|Te mueves a través del éter una corta distancia de forma instantánea|Przejdź przez eter na krótką odległość natychmiastowo
talent_desc_eyeOfTarethiel|Activates your third eye for a short period, shocking any nearby monsters with chain lightning dealing arcane damage|Activates your third eye for a short period, shocking any nearby monsters with chain lightning dealing arcane damage|Ativa seu terceiro olho por um curto período, eletrocutando os inimigos próximos com uma Cadeia de Raios que causa Dano Arcano| Активирует ваш третий глаз на короткий период времени.|短時間啟動你的第三只眼睛,用鏈閃電造成閃電傷害,眩暈附近的任何敵人|第三の目を短時間起動し、近くのモンスターに連鎖雷撃を与え、雷属性ダメージを与える。|잠시 동안 제3의 눈을 활성화하여 근처 몬스터에게 체인 라이트닝으로 번개 데미지를 줍니다.|Aktiviert euer drittes Auge für kurze Zeit und schockiert alle Monster in der Nähe mit Kettenblitzen, die Blitzschaden verursachen.|Active votre troisième œil pendant une courte période, électrocutant les monstres proches avec une Chaîne d'Éclairs infligeant des dégâts de Foudre.|Activa tu tercer ojo durante un breve período, electrocutando a cualquier monstruo cercano con rayos encadenados que infligen daño arcano|Aktywuje twoje trzecie oko na krótki okres porażając dowolne pobliskie potwory łańcuchową błyskawicą zadającą obrażenia arcane
talent_desc_grimBones|Send forward a shockwave of bone spikes dealing physical damage.|Send forward a shockwave of bone spikes dealing physical damage.|Envia uma onda de choque de espinhos de ossos que causam Dano Físico.| Пошлите вперед ударную волну костяных шипов, наносящих физический урон.|向前發射一個骨刺衝擊波,造成物理傷害. |前方に骨の棘の衝撃波を放ち、物理ダメージを与える。|앞으로 뼛조각 충격파를 날려 물리 데미지를 줍니다.|Sendet eine Schockwelle aus Knochenstacheln nach vorne, die physischen Schaden verursacht.|Envoie une onde de choc de pointes osseuses infligeant des dégâts physiques.|Envía hacia adelante una onda de choque de púas de hueso que inflige daño físico.|Wyślij do przodu falę uderzeniową kolców kości zadającą obrażenia fizyczne.
talent_desc_odinsDemise|Conjure a ball of ethereal energy homing towards the nearest monster causing the ground to burn and unleashing spinning axes to orbit the flames dealing arcane damage|Conjure a ball of ethereal energy homing towards the nearest monster causing the ground to burn and unleashing spinning axes to orbit the flames dealing arcane damage|Conjure uma bola de energia etérea que se dirige ao inimigo mais próximo, fazendo com que o chão queime e liberando machados giratórios para orbitar as chamas, causando Dano Arcano.| Создайте шар эфирной энергии, направляющийся к ближайшему монстру, заставляя землю гореть и выпуская вращающиеся топоры, вращающиеся вокруг пламени и наносящие урон тайной магией.|召喚一個空靈能量球飛向最近的敵人,導致地面燃燒,並釋放環繞火焰,造成奧術傷害. |霊気の球を召喚し、最も近いモンスターに向かってホーミングさせ、地面を燃やし、炎の周りを回転する斧を放ち、秘術ダメージを与えます。|에테르 에너지를 소환하여 가장 가까운 몬스터를 추적하고, 바닥에 불을 지르며 회전하는 도끼로 아케인 데미지를 줍니다.|Beschwöre eine Kugel ätherischer Energie, die auf das nächste Monster zusteuert, den Boden in Brand setzt und wirbelnde Äxte entfesselt, die die Flammen umkreisen und arkanen Schaden verursachen.|Invoque une boule d'énergie éthérée se dirigeant vers le monstre le plus proche, enflammant le sol et déclenchant des haches tournoyantes orbitant autour des flammes, infligeant des dégâts arcaniques.|Invoca una bola de energía etérea que se dirige hacia el monstruo más cercano haciendo que el suelo arda y liberando hachas giratorias que orbitan las llamas infligiendo daño arcano|Przywołaj kulę eterycznej energii naprowadzającą się na najbliższego potwora powodującą że ziemia płonie i uwalniając wirujące topory orbitujące płomienie zadające obrażenia arcane
talent_desc_faultLine|Send forward a shockwave that cracks the earth below all monsters around the initial target dealing physical damage|Send forward a shockwave that cracks the earth below all monsters around the initial target dealing physical damage|Envia uma onda de choque que racha a terra abaixo de todos os inimigos ao redor do alvo inicial, causando Dano Físico| Посылает вперед ударную волну, которая раскалывает землю подо всеми монстрами вокруг первоначальной цели, нанося физический урон.|發出衝擊波,使初始目標周圍的所有敵人下方的地面裂開,造成物理傷害.|衝撃波を前方に送り込み、最初のターゲットの周囲のすべてのモンスターの足元の地面を割って物理ダメージを与えます。|충격파를 보내 초기 대상 주변의 땅을 갈라 물리 데미지를 줍니다.|Sende eine Schockwelle aus, die die Erde unter allen Monstern um das ursprüngliche Ziel herum aufbrechen lässt und physischen Schaden verursacht.|Envoie une onde de choc qui fend le sol sous tous les monstres autour de la cible initiale, infligeant des dégâts physiques.|Envía hacia adelante una onda de choque que agrieta la tierra debajo de todos los monstruos alrededor del objetivo inicial infligiendo daño físico|Wyślij do przodu falę uderzeniową która pęka ziemię poniżej wszystkich potworów wokół początkowego celu zadającą obrażenia fizyczne
talent_desc_gabrielsGlory|Unleash a nova of holy energy dealing arcane damage|Unleash a nova of holy energy dealing arcane damage|Libera uma nova de energia sagrada que causa Dano Arcano| Высвободите вспышку святой энергии, наносящую тайный урон.|釋放神聖能量新星造成奧術傷害. |聖なるエネルギーのノヴァを放ち、秘術ダメージを与えます。|신성한 에너지의 노바를 방출하여 아케인 데미지를 줍니다.|Entfessle eine Nova heiliger Energie, die arkanen Schaden verursacht.|Libère une nova d'énergie sacrée infligeant des dégâts arcaniques.|Libera una nova de energía sagrada que inflige daño arcano|Uwolnij novę świętej energii zadającą obrażenia arcane
talent_desc_steve|Send’s Stickman Steve on the offense dealing arcane damage|Send’s Stickman Steve on the offense dealing arcane damage|Envie Stickman Steve para o ataque, causando Dano Arcano| Стикмен Стив из Send в атаке, нанося тайный урон|釋放火柴人史蒂夫在進攻中造成奧術傷害. |スティックマン・スティーブを攻撃に送り込み、秘術ダメージを与えます。|스틱맨 스티브를 공격에 투입하여 아케인 데미지를 줍니다.|Schicke Strichmännchen Steve in die Offensive und verursache arkanen Schaden.|Envoie le Stickman Steve à l'attaque, infligeant des dégâts arcaniques.|Envía a Stickman Steve a la ofensiva infligiendo daño arcano|Wyślij Stickmana Steve’a na ofensywę zadającą obrażenia arcane
talent_desc_shrapnelShells|Infuses your attacks with Burning damage based on your attack damage, draining your mana with every attack|Infuses your attacks with Burning damage based on your attack damage, draining your mana with every attack|Infunde em seus ataques um Dano de Queimadura baseado no seu Dano de Ataque, drenando sua mana a cada ataque| Наделяет ваши атаки огненным уроном, зависящим от урона от ваших атак.|根據你的攻擊傷害為你的攻擊注入燃燒傷害,每次攻擊都消耗你的法力.|攻撃力に応じて、攻撃に燃焼ダメージを与え、攻撃ごとにマナを消費します。|공격에 불 데미지를 부여하고 마나를 소모합니다.|Fügt deinen Angriffen Brandschaden basierend auf deinem Angriffsschaden zu und verbraucht dein Mana mit jedem Angriff.|Injecte des dégâts de Brûlure à vos attaques en fonction de vos dégâts d'attaque, drainant votre mana à chaque attaque.|Infunde tus ataques con daño de Quemadura basado en tu daño de ataque, drenando tu maná con cada ataque|Nasącz swoje ataki obrażeniami Burning na podstawie twoich obrażeń ataku zużywając twoją manę przy każdym ataku
talent_desc_frozenCanisterRounds|Infuses your attacks with extra cold damage and Freezing, draining your mana with every attack|Infuses your attacks with extra cold damage and Freezing, draining your mana with every attack|Infunde seus ataques com Dano de Gelo e Congelamento extras, drenando sua mana a cada ataque| Наделяет ваши атаки дополнительным уроном от холода и заморозкой.|給你的攻擊注入額外的冰霜傷害和冰凍,每次攻擊都消耗你的法力. |攻撃に追加の冷気ダメージと凍結ダメージを与え、攻撃ごとにマナを消費します。 |공격에 냉기 데미지와 동결 효과를 부여하고 마나를 소모합니다.|Fügt deinen Angriffen zusätzlichen Kälteschaden und Gefrierschaden zu und verbraucht dein Mana mit jedem Angriff.|Injecte des dégâts de Froid et de Gel supplémentaires à vos attaques, drainant votre mana à chaque attaque. |Infunde tus ataques con daño de frío extra y Congelación, drenando tu maná con cada ataque|Nasącz swoje ataki dodatkowymi obrażeniami zimna i Zamrażaniem zużywając twoją manę przy każdym ataku
talent_desc_overwhelmingPower|Increases your attack damage based on your maximum Mana|Increases your attack damage based on your maximum Mana|Aumenta seu Dano de Ataque com base em sua Mana máxima|Увеличивает урон от атаки в зависимости от максимального запаса маны.|根據你的最大法力值增加你的攻擊傷害. |最大マナに応じて攻撃ダメージが増加|최대 마나에 비례하여 공격 데미지를 증가시킵니다.|Erhöht deinen Angriffsschaden basierend auf deinem maximalen Mana.|Augmente vos dégâts d'attaque en fonction de votre mana maximum.|Aumenta tu daño de ataque basado en tu Maná máximo|Zwiększa twoje obrażenia ataku na podstawie twojej maksymalnej Many
talent_desc_faceBreakers|Increases your attack damage|Increases your attack damage|Aumenta seu Dano de Ataque| Увеличивает урон от атаки|增加你的攻擊傷害. |攻撃ダメージが増加|공격 데미지를 증가시킵니다.|Erhöht deinen Angriffsschaden.|Augmente vos dégâts d'attaque.|Aumenta tu daño de ataque|Zwiększa twoje obrażenia ataku
talent_desc_shadowWeave|Increases your Skill damage|Increases your Skill damage|Aumenta o Dano de Habilidade| Увеличивает урон от вашего навыка|增加你的技能傷害. |スキルダメージが増加|스킬 데미지를 증가시킵니다.|Erhöht deinen Fertigkeitenschaden.|Augmente les dégâts de vos compétences.|Aumenta tu daño de Habilidades|Zwiększa twoje obrażenia Umiejętności
talent_desc_shitaMorphosis|Merges your essence with the almighty Steve impairing your movement speed and causing you to become Paralyzed|Merges your essence with the almighty Steve impairing your movement speed and causing you to become Paralyzed|Funde sua essência com o todo-poderoso Steve, diminuindo sua velocidade de movimento e fazendo com que você fique paralisado.| Объединяет вашу сущность с всемогущим Стивом, снижая вашу скорость передвижения и парализуя вас.|將你的精華與全能的史蒂夫融合,削弱你的移動速度並導致你癱瘓. |全能のスティーブとエッセンスを融合させ、移動速度を低下させ、麻痺状態にする|위대한 스티브와 본질을 융합하여 이동 속도를 감소시키고 마비 상태에 빠집니다.|Verbindet deine Essenz mit der des allmächtigen Steve, wodurch deine Bewegungsgeschwindigkeit beeinträchtigt und du gelähmt wirst.|Fusionne votre essence avec le tout-puissant Steve, réduisant votre vitesse de déplacement et vous paralysant.|Fusiona tu esencia con el todopoderoso Steve reduciendo tu velocidad de movimiento y haciendo que te paralices|Łączy twoją esencję z wszechmocnym Steve’em upośledzając twoją prędkość ruchu i powodując że stajesz się Paraliżowany
talent_desc_angelicVibrance|Increases all resistances, life replenish and mana replenish for you and all party members|Increases all resistances, life replenish and mana replenish for you and all party members|Aumenta Todas as Resistências, Regeneração de Vida e Regeneração de Mana para você e todos os membros do grupo| Увеличивает все сопротивления|增加你和隊友的所有抗性、生命回復和法力回復. |自身とパーティメンバー全員の全ての耐性、ライフ回復、マナ回復を増加|자신과 파티원 모두의 모든 저항력, 생명력 회복, 마나 회복을 증가시킵니다.|Erhöht alle Resistenzen, Lebens- und Mana-Regeneration für dich und alle Gruppenmitglieder.|Augmente toutes vos résistances, votre régénération de vie et de mana, pour vous et tous les membres du groupe.|Aumenta todas las resistencias, regeneración de vida y regeneración de maná para ti y todos los miembros del grupo|Zwiększa wszystkie odporności, replenish życia i many dla ciebie i wszystkich członków drużyny
talent_desc_lunarAura|Increases your attack rating, additive arcane damage and all resistances|Increases your attack rating, additive arcane damage and all resistances|Aumenta sua Taxa de Ataque, Dano Arcano Aditivo e todas as Resistências| Увеличивает ваш рейтинг атаки|增加你的攻擊命中率、附加奧術傷害和所有抗性. |攻撃力、追加アーケインダメージ、全ての耐性を増加|명중률, 추가 아케인 데미지, 모든 저항력을 증가시킵니다.|Erhöht deine Angriffswertung, zusätzlichen Arkanschaden und alle Resistenzen.|Augmente votre score d'attaque, vos dégâts arcaniques cumulés et toutes vos résistances.|Aumenta tu índice de ataque, daño arcano aditivo y todas las resistencias|Zwiększa twoje trafienie ataku, addytywne obrażenia arcane i wszystkie odporności
talent_desc_mirrorAura|Causes all of your skills to be double casted|Causes all of your skills to be double casted|Faz com que todas as suas habilidades sejam lançadas duas vezes| Заставляет все ваши навыки применяться дважды.|使你的所有技能被雙重施法|全てのスキルをダブルキャストにする|모든 스킬을 2회 시전합니다.|Bewirkt, dass alle deine Fertigkeiten doppelt gewirkt werden.|Permet à toutes vos compétences d'être lancées deux fois.|Hace que todas tus habilidades se lancen dos veces|Powoduje że wszystkie twoje umiejętności są rzucane podwójnie
talent_desc_truthSeeker|Causes all projectiles to become homing|Causes all projectiles to become homing|Faz com que todos os projéteis se tornem teleguiados| Заставляет все снаряды становиться самонаводящимися.|使你的所有投射物具有追蹤敵人的效果|全ての発射物がホーミングになる|모든 투사체가 유도 기능을 갖습니다.|Bewirkt, dass alle Projektile zielsuchend werden.|Permet à tous les projectiles de devenir autoguidés.|Hace que todos los proyectiles se vuelvan buscadores|Powoduje że wszystkie pociski stają się naprowadzające
talent_desc_judgement|Unleash a powerful area of effect spell dealing arcane damage|Unleash a powerful area of effect spell dealing arcane damage|Libera um poderoso feitiço em área que causa Dano Arcano| Высвободите мощное заклинание, действующее по области и наносящее урон тайной магией.|釋放強大的範圍法術,造成奧術傷害. |強力な範囲効果呪文を放ち、アーケインダメージを与える|강력한 광역 마법을 발동해 아케인 데미지를 줍니다.|Entfesselt einen mächtigen Flächenzauber, der Arkanschaden verursacht.|Lance un puissant sort de zone infligeant des dégâts arcaniques.|Libera un poderoso hechizo en área que inflige daño arcano|Uwolnij potężne zaklęcie obszarowe zadające obrażenia arcane
talent_desc_despair|Reduces your movement speed and all resistances|Reduces your movement speed and all resistances|Reduz sua Velocidade de Movimento e Todas as Resistências| Снижает вашу скорость передвижения и все сопротивления.|降低你的移動速度和所有抗性. |移動速度と全ての耐性を低下させる|이동 속도와 모든 저항력을 감소시킵니다.|Reduziert deine Bewegungsgeschwindigkeit und alle Resistenzen.|Réduit votre vitesse de déplacement et toutes vos résistances.|Reduce tu velocidad de movimiento y todas las resistencias|Zmniejsza twoją prędkość ruchu i wszystkie odporności
talent_desc_stormCaller|Call down bolts of thunder striking all monsters around the target dealing Lightning damage|Call down bolts of thunder striking all monsters around the target dealing Lightning damage|Invoca raios de trovão que atingem todos os inimigos ao redor do alvo, causando Dano de Relâmpago.| Вызывает удары грома, поражающие всех монстров вокруг цели, нанося урон молнией.|召喚閃電擊中目標周圍的所有敵人,造成閃電傷害. |雷撃を召喚し、対象周囲の全てのモンスターに雷撃ダメージを与える|번개를 내려 대상 주변의 모든 몬스터에게 번개 데미지를 줍니다.|Beschwört Donnerschläge herab, die alle Monster um das Ziel herum treffen und Blitzschaden verursachen.|Appelle des éclairs frappant tous les monstres autour de la cible et infligeant des dégâts de Foudre.|Hace caer rayos de trueno que golpean a todos los monstruos alrededor del objetivo infligiendo daño de Rayos|Wezwij pioruny uderzające wszystkie potwory wokół celu zadające obrażenia Błyskawic
talent_desc_arcaneInfusedPsychosis|Breaks target’s Arcane Resistance causing all skills to deal increased arcane damage|Breaks target’s Arcane Resistance causing all skills to deal increased arcane damage|Quebra a Resistência Arcana do alvo, fazendo com que todas as habilidades causem Dano Arcano aumentado| Снимает сопротивление цели магии, заставляя все умения наносить увеличенный урон от магии.|降低目標的奧術抗性,使所有技能造成額外的奧術傷害. |対象のアーケイン耐性を破壊し、全てのスキルのアーケインダメージを増加|대상의 아케인 저항을 감소시켜 아케인 데미지를 증가시킵니다.|Bricht die Arkanresistenz des Ziels, wodurch alle Fertigkeiten erhöhten Arkanschaden verursachen.|Brise la résistance aux arcanes de la cible et augmente les dégâts arcaniques infligés par toutes les compétences.|Rompe la Resistencia Arcana del objetivo haciendo que todas las habilidades infligan daño arcano aumentado|Przełam Arcane Resistance celu powodując że wszystkie umiejętności zadają zwiększone obrażenia arcane
talent_desc_melonForm|Become the ultimate Elemelon|Become the ultimate Elemelon|Torne-se o Elemelon supremo| Стань лучшим Элемелоном|成為終極甜瓜形態|究極のエレメロンとなれ|궁극의 엘레멜론이 됩니다.|Werde zum ultimativen Elemelon.|Devenez l'Élémelon ultime.|Conviértete en el Elemelon definitivo|Zostań najpotężniejszym Elemelonem
talent_desc_theShopIsOpen|Summon Torstein and his toys|Summon Torstein and his toys|Convoque Torstein e seus brinquedos| Вызовите Торстейна и его игрушки|召喚鐵匠托爾和他的玩具|トルステインとその玩具を召喚|토르스타인과 그의 장난감을 소환합니다.|Beschwöre Torstein und seine Spielzeuge.|Invoquez Torstein et ses jouets.|Invoca a Torstein y sus juguetes|Przywołaj Torsteina i jego zabawki
talent_desc_rakhulsCarnage|Perform a powerful leap attack smashing all monsters infront of you with physical damage and stunning them|Perform a powerful leap attack smashing all monsters infront of you with physical damage and stunning them|Execute um poderoso salto, esmagando todos os inimigos à sua frente com Dano Físico e atordoando-os| Выполните мощную атаку в прыжке, нанося физический урон всем монстрам перед вами и оглушая их.|進行強力的跳躍攻擊,用物理傷害粉碎你面前的所有敵人並使其暈眩. |強力なリープアタックを繰り出し、目の前の全てのモンスターに物理ダメージとスタンを与える|강력한 점프 공격을 수행해 전방의 몬스터를 물리 데미지로 기절시킵니다.|Führe einen mächtigen Sprungangriff aus, der alle Monster vor dir mit physischem Schaden zerschmettert und betäubt.|Effectuez une puissante attaque bondissante qui écrase tous les monstres devant vous et les étourdit.|Realiza un poderoso ataque de salto que destroza a todos los monstruos frente a ti con daño físico y aturdiéndolos|Wykonaj potężny atak z wyskoku, rozbijając wszystkie potwory przed sobą obrażeniami fizycznymi i ogłuszając je
talent_desc_lilithsRage|Cause monsters to explode dealing damage based on their maximum life, monsters hit by this explosion will also be affected by Lilith’s Rage. This explosion doesnt benefit from any explosion modifiers.|Cause monsters to explode dealing damage based on their maximum life, monsters hit by this explosion will also be affected by Lilith’s Rage. This explosion doesnt benefit from any explosion modifiers.|Faz com que os inimigos explodam, causando dano com base em sua vida máxima. Os inimigos atingidos por essa explosão também serão afetados pela Fúria de Lilith. Esta explosão não se beneficia de nenhum modificador de explosão.| Заставлять монстров взрываться, нанося урон, зависящий от их максимального здоровья.|使敵人爆炸,根據他們的最大生命值造成傷害. 被爆炸擊中的敵人也會受到莉莉絲之怒的影響. 這種爆炸不會受益於任何爆炸修正. |モンスターを爆発させ、以下のダメージを与えるこの爆発に当たったモンスターは最大体力まで回復し、リリスの怒りの効果も受ける。この爆発は爆発効果の影響を受けない。|몬스터를 폭발시켜 해당 몬스터의 최대 생명력을 기준으로 데미지를 줍니다. 이 폭발에 맞은 몬스터는 릴리스 레이지 효과도 받습니다. 이 폭발은 폭발 관련 추가 효과의 영향을 받지 않습니다.|Bring Monster zur Explosion und verursache Schaden basierend auf ihrem maximalen Leben. Von dieser Explosion getroffene Gegner werden ebenfalls von Liliths Zorn beeinflusst. Diese Explosion profitiert nicht von Explosionsmodifikatoren.|Fait exploser les monstres, infligeant des dégâts en fonction de leur vie maximum. Les monstres touchés par cette explosion subiront Également affecté par la Rage de Lilith. Cette explosion ne bénéficie d'aucun modificateur d'explosion.|Hace que los monstruos exploten infligiendo daño basado en su vida máxima; los monstruos golpeados por esta explosión también se ven afectados por la Ira de Lilith. Esta explosión no se beneficia de ningún modificador de explosión.|Spraw, aby potwory eksplodowały, zadając obrażenia zależne od ich maksymalnego życia. Potwory trafione tą eksplozją zostaną również dotknięte Gniewem Lilith. Ta eksplozja nie korzysta z żadnych modyfikatorów eksplozji.
talent_desc_valorsDefender|Summon two big shields that are orbited by Spiked Shields|Summon two big shields that are orbited by Spiked Shields|Invoque dois escudos gigantes que são orbitados por Escudos Pontiagudos| Призвать два больших щита, вокруг которых вращаются Шипастые щиты.|召喚兩個被尖刺盾牌環繞的大盾牌,可以抵擋彈道型攻擊. |スパイクシールドが周回する2つの大型シールドを召喚する。|두 개의 큰 방패를 소환하며, 가시 방패가 그 주위를 회전합니다.|Beschwöre zwei große Schilde, die von Stachelschilden umkreist werden.|Invoque deux grands boucliers en orbite autour de Boucliers à Pointes.|Invoca dos grandes escudos orbitados por Escudos con Pinchos|Przywołaj dwie duże tarcze, wokół których orbitują Kolczaste Tarcze
talent_desc_agonyOfSouls|Unleash a soul nova dealing fire damage|Unleash a soul nova dealing fire damage|Libera uma nova da alma que causa Dano Arcano| Высвободите новую душу, наносящую урон огнем.|釋放一個造成火焰傷害的靈魂新星. |ソウルノヴァを放ち、火炎ダメージを与える。 |불 속성의 소울 노바를 방출하여 데미지를 줍니다.|Entfessele eine Seelennova, die Feuerschaden verursacht.|Lance une nova d'âme infligeant des dégâts de feu. |Libera una nova de alma que inflige daño de fuego|Uwolnij Nowę Dusz, zadając obrażenia od ognia
talent_desc_cornered|Your attacks cause monsters to get knocked back with increased damage, if they are knocked into the wall they get stunned.|Your attacks cause monsters to get knocked back with increased damage, if they are knocked into the wall they get stunned.|Seus ataques fazem com que os inimigos sejam jogados para trás com dano aumentado; se forem jogados contra a parede, ficarão atordoados.| Ваши атаки отбрасывают монстров назад, нанося им повышенный урон.|你的攻擊會以更高的傷害擊退敵人,如果他們撞到墻上將會被擊暈. |攻撃するとモンスターはノックバックし、ダメージが増加します。壁に叩きつけられた場合はスタン状態になります。|공격 시 몬스터를 넉백시키고 데미지를 증가시킵니다. 벽에 부딪힌 몬스터는 기절합니다.|Deine Angriffe stoßen Monster mit erhöhtem Schaden zurück. Stoßen sie gegen die Wand, werden sie betäubt.|Vos attaques repoussent les monstres et augmentent leurs dégâts. S'ils sont projetés contre un mur, ils sont étourdis.|Tus ataques hacen que los monstruos sean derribados con daño aumentado; si son derribados contra la pared se aturden.|Twoje ataki odrzucają potwory do tyłu ze zwiększonymi obrażeniami, a jeśli zostaną odrzucone na ścianę, zostaną ogłuszone.
talent_desc_spiderlings|Summon spiderlings for a short period|Summon spiderlings for a short period|Convocar filhotes de aranha por um curto período| Призвать паучков на короткий период.|短時間內召喚小蜘蛛. |スパイダーリングを短時間召喚します。|일시적으로 스파이더링을 소환합니다.|Beschwöre für kurze Zeit Spinnen.|Invoque des araignées pendant une courte période.|Invoca arañuelas durante un breve período|Przywołaj pajączki na krótki czas
talent_desc_deliriumTremens|Loose control of your movement due to this tragic state of mind|Loose control of your movement due to this tragic state of mind|Perca o controle de seus movimentos devido a esse trágico estado de espírito| Потеря контроля над своими движениями из-за этого трагического состояния ума|由於這種悲慘的精神狀態,你的動作不受控制. |この悲惨な精神状態により、動きを制御できなくなります。|비극적인 정신 상태로 인해 움직임을 제어할 수 없게 됩니다.|Verliere aufgrund dieses tragischen Geisteszustands die Kontrolle über deine Bewegungen.|Perdez le contrôle de vos mouvements à cause de cet état d'esprit tragique.|Pierdes el control de tu movimiento debido a este trágico estado mental|Tracisz kontrolę nad swoimi ruchami z powodu tego tragicznego stanu umysłu
talent_desc_scorchingFlames|Scorches the ground with flames dealing fire damage.|Scorches the ground with flames dealing fire damage.|Chamusca o chão com chamas causando Dano de Fogo.| Выжигает землю пламенем, нанося урон от огня.|用火焰灼燒地面造成火焰傷害. |地面を炎で焦がし、火炎ダメージを与えます。|땅을 불태워 화염 데미지를 줍니다.|Versengt den Boden mit Flammen und verursacht Feuerschaden.|Incend le sol de flammes, infligeant des dégâts de feu.|Quema el suelo con llamas que infligen daño de fuego.|Wypala ziemię płomieniami, zadając obrażenia od ognia.
talent_desc_deadlyWhirl|Throw your weapon at the closest monster when striking a monster with Whirlwind or Chainsaw Massacre dealing physical damage.|Throw your weapon at the closest monster when striking a monster with Whirlwind or Chainsaw Massacre dealing physical damage.|Jogue sua arma no monstro mais próximo ao atingir um inimigo com Redemoinho ou Massacre da Motosserra, causando Dano Físico.| Бросьте свое оружие в ближайшего монстра, когда атакуете монстра способностью «Вихрь» или «Резня бензопилой», нанося ему физический урон.|當用旋風斬或電鋸屠殺攻擊敵人造成物理傷害時,將你的武器扔向最近的怪物. |ワールウィンドまたはチェーンソーマサカーでモンスターを攻撃する際、物理ダメージを与える武器を最も近いモンスターに投げつけます。|휠윈드 또는 전기톱 학살 중 적을 타격하면 가장 가까운 몬스터에게 무기를 던져 물리 데미지를 줍니다.|Wirf deine Waffe auf das nächste Monster, wenn du ein Monster mit Wirbelwind oder Kettensägenmassaker triffst und es physisch schädigst.|Lancez votre arme sur le monstre le plus proche lorsque vous frappez un monstre avec Tourbillon ou Massacre à la tronçonneuse, infligeant des dégâts physiques.|Lanza tu arma al monstruo más cercano al golpear a un monstruo con Remolino o Masacre con Motosierra infligiendo daño físico.|Rzuć bronią w najbliższego potwora, uderzając go Trąbą Powietrzną lub Masakrą Piłą Mechaniczną, zadając obrażenia fizyczne.
talent_desc_ricochet|Projectiles with physical damage bounce off of walls.|Projectiles with physical damage bounce off of walls.|Os projéteis ricocheteiam nas paredes.| Снаряды с физическим уроном отскакивают от стен.|造成物理傷害的投射物會從墻上彈開. |物理ダメージを与える弾丸は壁に跳ね返ります。|물리 데미지를 주는 투사체가 벽에 부딪힌 뒤 튕깁니다.|Projektile mit physischem Schaden prallen von Wänden ab.|Les projectiles infligeant des dégâts physiques rebondissent sur les murs.|Los proyectiles con daño físico rebotan en las paredes.|Pociski zadające obrażenia fizyczne odbijają się od ścian.
talent_desc_manaBender|Converts a portion of your Energy into Magic damage.|Converts a portion of your Energy into Magic damage.|Converte uma porção da sua Energia em Dano Mágico| Преобразует часть вашей энергии в магический урон.|將你的一部分能量轉化為魔法傷害. |エネルギーの一部を魔法ダメージに変換します。|에너지의 일부를 마법 데미지로 전환합니다.|Wandelt einen Teil deiner Energie in magischen Schaden um.|Convertit une partie de votre énergie en dégâts magiques.|Convierte una porción de tu Energía en daño Mágico.|Zamienia część twojej Energii w obrażenia magiczne.
talent_desc_summonAbomination|Summon an Abomination to fight on your side.|Summon an Abomination to fight on your side.|Invoca uma Abominação para lutar ao seu lado.| Призовите Мерзость, которая будет сражаться на вашей стороне.|召喚一個憎恨怪物來為你戰鬥. |アボミネーションを召喚し、味方として戦わせます。|어보미네이션을 소환해 싸우게 합니다.|Beschwöre eine Monstrosität, die an deiner Seite kämpft.|Invoquez une abomination pour combattre à vos côtés.|Invoca una Abominación para que luche a tu lado.|Przywołaj Abominację, by walczyła po twojej stronie.
talent_desc_gabrielsShadow|Summon’s Gabriels shadow charging through the screen dealing physical damage to monsters on its path.|Summon’s Gabriels shadow charging through the screen dealing physical damage to monsters on its path.|Invoca Sombras de Gabriel, avançando pela tela causando Dano Físico nos inimigos em seu caminho.| Тень Габриэля призыва проносится сквозь экран, нанося физический урон монстрам на своем пути.|召喚加百列的暗影衝過畫面,對沿途的敵人造成物理傷害. |ガブリエルの影を召喚し、画面を突き抜け、進路上のモンスターに物理ダメージを与えます。|가브리엘의 그림자를 소환하여 화면을 가로질러 달려가며 경로상의 몬스터에게 물리 데미지를 줍니다.|Beschwöre Gabriels Schatten, der durch den Bildschirm stürmt und Monstern auf seinem Weg physischen Schaden zufügt.|Invoquez l'ombre de Gabriel qui charge à travers l'écran, infligeant des dégâts physiques aux monstres sur son passage.|Invoca la sombra de Gabriel que carga a través de la pantalla infligiendo daño físico a los monstruos en su trayectoria.|Przywołaj cień Gabriela, który szarżuje przez ekran, zadając obrażenia fizyczne potworom na swojej drodze.
talent_desc_summonHeretic|Summon a Fallen Heretic to fight on your side.|Summon a Fallen Heretic to fight on your side.|Invoca um Herege Caído para lutar ao seu lado.| Призовите Падшего Еретика, который будет сражаться на вашей стороне.|召喚一名墮落的異教徒與你並肩作戰. |フォールン・ヘレティックを召喚し、味方として戦わせます。|타락한 이단자를 소환해 함께 싸우게 합니다.|Beschwöre einen gefallenen Ketzer, der an deiner Seite kämpft.|Invoquez un hérétique déchu pour combattre à vos côtés.|Invoca a un Hereje Caído para que luche a tu lado.|Przywołaj Upadłego Heretyka, by walczył po twojej stronie. 
talent_desc_gabrielsRevenge|Summon three unholy swords behind you slicing forward dealing arcane damage to monsters on hit.|Summon three unholy swords behind you slicing forward dealing arcane damage to monsters on hit.|Invoque três espadas profanas atrás de você, avançando para frente e causando Dano Arcano nos inimigos que forem atingidos.| Призывает три нечестивых меча позади себя, которые наносят удары вперед и наносят урон тайной магией монстрам при попадании.|在你身後召喚三把邪惡的劍,向前切開,對被擊中的敵人造成奧術傷害. |背後に3本の不浄な剣を召喚し、前方に斬りつけ、ヒット時にモンスターに秘術ダメージを与えます。|세 자루의 불경한 검을 등 뒤에 소환하여 앞으로 베어내며 적중한 몬스터에게 아케인 데미지를 줍니다.|Beschwöre drei unheilige Schwerter hinter dir, die nach vorne schneiden und Monstern bei Treffern arkanen Schaden zufügen.|Invoquez trois épées impies derrière vous, tranchant vers l'avant, infligeant des dégâts arcaniques aux monstres touchés.|Invoca tres espadas impías detrás de ti que cortan hacia adelante infligiendo daño arcano a los monstruos al impactar.|Przywołaj za siebie trzy nieświęte miecze, tnące do przodu i zadające obrażenia magiczne potworom przy trafieniu.
talent_desc_wingsOfHatred|Removes jumping collisions and reduces diminishing when landing after jumping.|Removes jumping collisions and reduces diminishing when landing after jumping.|Remove colisões de salto e reduz a diminuição ao aterrissar após o salto.| Устраняет столкновения при прыжках и уменьшает затухание при приземлении после прыжка.|消除跳躍碰撞,減少跳躍後著陸時的後搖. |ジャンプの当たり判定を無効化し、ジャンプ後の着地時のダメージ減少を軽減します。|점프 후 착지 시 충돌 판정을 제거하고 점감 효과를 줄입니다.|Entfernt Kollisionen beim Springen und reduziert die Schadensminderung bei der Landung nach einem Sprung.|Supprime les collisions en saut et réduit la diminution à l'atterrissage après un saut.|Elimina las colisiones de salto y reduce la disminución al aterrizar tras saltar.|Usuwa kolizje ze skoku i zmniejsza efekt zmniejszania obrażeń po lądowaniu po skoku.
talent_desc_celestialMight|All Elemental Skill damage increases are converted to Arcane.|All Elemental Skill damage increases are converted to Arcane.|Todos os aumentos de dano da Habilidade Elemental são convertidos em Arcano.| Все увеличения урона от стихийных навыков преобразуются в урон от тайных навыков.|所有元素技能傷害增加都會轉化為奧術技能傷害增加. |すべての属性スキルによるダメージ増加は秘術ダメージに変換されます。|모든 원소 스킬 데미지 증가량이 아케인으로 전환됩니다.|Alle Schadenserhöhungen durch Elementarfertigkeiten werden in arkanen Schaden umgewandelt.|Toutes les augmentations de dégâts des compétences élémentaires sont converties en dégâts arcaniques.|Todas las mejoras de daño de Habilidades Elementales se convierten en daño Arcano.|Wszystkie zwiększenia obrażeń od Umiejętności Żywiołów są zamieniane na obrażenia magiczne.
talent_desc_demolitionExpert|chance to throw additional grenades.|chance to throw additional grenades.|chance de lançar granadas adicionais. |шанс бросить дополнительные гранаты.|使用破片手榴彈時,額外投擲兩枚手榴彈. |追加のグレネードを投げるチャンス。|추가 수류탄을 던질 확률이 있습니다.|Chance, zusätzliche Granaten zu werfen.|Chance de lancer des grenades supplémentaires.|Probabilidad de lanzar granadas adicionales.|Szansa na rzucenie dodatkowych granatów.
talent_desc_gabrielsAnnihilation|Unleash a surge of unholy lightning dealing Lightning damage.|Unleash a surge of unholy lightning dealing Lightning damage.|Libera uma onda de raios profanos que causa Dano de Raio.| Выпустите волну нечестивых молний, наносящих урон молнией.|釋放一股邪惡的閃電,造成閃電傷害. |雷属性ダメージを与える不浄な雷撃を放つ。 |신성하지 않은 번개를 방출하여 번개 데미지를 줍니다.|Entfesseln Sie eine Welle unheiligen Blitzes, die Blitzschaden verursacht.|Déchaînez une vague d'éclairs impies infligeant des dégâts de foudre. |Libera una oleada de rayos impíos que inflige daño de Rayos.|Uwolnij falę nieświętych błyskawic, zadając obrażenia od błyskawic.
talent_desc_fuelTheFlames|Throw oil all around you on a large area.|Throw oil all around you on a large area.|Jogue óleo ao seu redor em uma área grande.| Разбрызгайте масло на большой площади вокруг себя.|將油大面積地灑在你周圍. |広範囲に油を撒き散らします。|주변 넓은 지역에 기름을 던집니다.|Wirf Öl großflächig um dich herum.|Jette de l'huile tout autour de toi sur une large zone.|Lanza aceite a tu alrededor en un área grande.|Rozrzuć olej dookoła siebie na dużym obszarze.
talent_desc_soulBurn|Causes your fire damage skills to inflict burning on monsters for a short period.|Causes your fire damage skills to inflict burning on monsters for a short period.|Faz com que suas Habilidades de Dano de Fogo inflijam queimaduras nos inimigos por um curto período.| Заставляет ваши навыки нанесения урона огнем на короткое время поджигать монстров.|使你的火焰傷害技能在短時間內對敵人造成燃燒|火炎ダメージスキルがモンスターに短時間燃焼効果を与えます。|화염 속성 스킬이 일정 시간 동안 몬스터에게 화상 효과를 부여합니다.|Bewirkt, dass deine Feuerschadensfertigkeiten Monster kurzzeitig verbrennen.|Vos compétences de feu infligent des brûlures aux monstres pendant une courte période.|Hace que tus habilidades de daño de fuego inflijan quemadura a los monstruos durante un breve período.|Sprawia, że ​​twoje umiejętności zadające obrażenia od ognia przez krótki czas zadają potworom podpalenie.
talent_desc_forkingProjectiles|Physical projectiles split into two projectiles on the first hit, also splitting the damage.|Physical projectiles split into two projectiles on the first hit, also splitting the damage.|Os projéteis físicos se dividem em dois projéteis no primeiro acerto, dividindo também o dano.| Физические снаряды разделяются на два снаряда при первом попадании|物理投射物在第一次命中時會分裂成兩個投射物,也會造成傷害|物理弾は最初のヒット時に2つに分裂し、ダメージも分散されます。|물리 투사체가 첫 번째 적 중 적중 시 두 개로 분열되며, 데미지도 나뉩니다.|Physische Projektile teilen sich beim ersten Treffer in zwei Projektile auf, wodurch sich auch der Schaden teilt.|Les projectiles physiques se divisent en deux dès le premier coup, divisant également les dégâts.|Los proyectiles físicos se dividen en dos proyectiles en el primer impacto, dividiendo también el daño.|Pociski fizyczne dzielą się na dwa pociski przy pierwszym trafieniu, również rozdzielając obrażenia.
talent_desc_returningProjectiles|Projectiles return after a short delay with reduced damage.|Projectiles return after a short delay with reduced damage.|Os projéteis retornam após um pequeno atraso com dano reduzido.| Снаряды возвращаются после небольшой задержки с уменьшенным уроном.|投射物在短暫延遲後返回,造成的傷害減少. |弾は短い遅延の後、ダメージが減少して戻ってきます。|투사체가 짧은 시간 후 되돌아오며, 되돌아올 때는 데미지가 감소합니다.|Projektile kehren nach kurzer Verzögerung mit reduziertem Schaden zurück.|Les projectiles reviennent après un court délai avec des dégâts réduits.|Los proyectiles regresan tras un breve retraso con daño reducido.|Pociski wracają po krótkim opóźnieniu ze zmniejszonymi obrażeniami.
talent_desc_coffeeMug|Increases your movement speed for a short period of time!|Increases your movement speed for a short period of time!|Aumenta sua Velocidade de Movimento por um curto período de tempo!| Увеличивает вашу скорость передвижения на короткий промежуток времени!|在短時間內提高你的移動速度！|移動速度が短時間上昇します！|짧은 시간 동안 이동 속도가 증가합니다.|Erhöht deine Bewegungsgeschwindigkeit für kurze Zeit!|Augmente votre vitesse de déplacement pendant une courte période !|¡Aumenta tu velocidad de movimiento durante un breve período!|Zwiększa twoją prędkość ruchu na krótki czas!
talent_desc_thornOfVitality|Converts every point of Vitality into damage return.|Converts every point of Vitality into damage return.|Converte cada ponto de Vitalidade em Retorno de Dano.| Преобразует каждую единицу жизненной силы в возврат урона.|將每一點體力轉化為傷害反彈。 |体力ポイントをすべてダメージ反射に変換します。|생명력 수치 하나당 데미지 반사를 증가시킵니다.|Wandelt jeden Vitalitätspunkt in Schadensrückgabe um.|Convertit chaque point de vitalité en dégâts.|Convierte cada punto de Vitalidad en daño devuelto.|Zamienia każdy punkt Żywotności w obrażenia.
talent_desc_mirrorDimension|Gives you a chance to open the dimensional portal and mirror spell casts.|Gives you a chance to open the dimensional portal and mirror spell casts.|Dá a você a chance de abrir o portal dimensional e espelhar o lançamento de feitiços.| Дает вам шанс открыть пространственный портал и отразить заклинания.|讓你有機會打開次元傳送門施展鏡像法術。|次元ポータルを開き、呪文を反射するチャンスを得ます。|차원문을 열고 주문 시전을 반사할 확률이 있습니다.|Gibt dir die Chance, das Dimensionsportal zu öffnen und Zauber zu spiegeln.|Vous donne une chance d'ouvrir le portail dimensionnel et de refléter les sorts.|Te da probabilidad de abrir el portal dimensional y duplicar lanzamientos de hechizos.|Daje ci szansę na otwarcie portalu międzywymiarowego i rzucanie zaklęć lustrzanych.
talent_desc_thunderOrb|Conjures a traveling orb of thunder shocking nearby monsters with chainlightning.|Conjures a traveling orb of thunder shocking nearby monsters with chainlightning.|Conjura um orbe itinerante de trovão que choca os inimigos próximos com correntes de raio.| Создает движущийся шар грома, поражающий находящихся поблизости монстров цепной молнией.|召喚一個移動的雷霆球,用連鎖閃電擊暈附近的敵人. |移動中の雷の球を召喚し、近くのモンスターにチェーンライトニングで衝撃を与えます。|천둥의 구체를 소환하여 이동하며 근처 몬스터에게 연쇄 번개를 시전합니다.|Beschwört eine wandernde Donnerkugel, die Monster in der Nähe mit Kettenblitzen schockiert.|Invoque un orbe de tonnerre mobile qui électrocute les monstres proches avec des éclairs en chaîne.|Invoca un orbe viajero de trueno que electrocuta a los monstruos cercanos con rayos encadenados.|Przywołuje wędrującą kulę piorunów, która razi pobliskie potwory łańcuchem piorunów.
talent_desc_collector|Activates a random Shrine event.|Activates a random Shrine event.|Ativa um evento aleatório de santuários.| Активирует случайное событие святилища.|啟用一個隨機的神殿狀態. |ランダムな神殿イベントを起動します。|무작위 성소 이벤트가 발동됩니다.|Aktiviert ein zufälliges Schrein-Ereignis.|Active un événement de sanctuaire aléatoire.|Activa un evento de Santuario aleatorio.|Aktywuje losowe wydarzenie Kaplicy.
talent_desc_freshCut|Throw pieces of fresh hot kebab meat dealing damage and setting monsters on fire.|Throw pieces of fresh hot kebab meat dealing damage and setting monsters on fire.|Jogue pedaços de carne quente e fresca de kebab, causando dano e incendiando os inimigos.| Бросайте куски свежего горячего шашлыка, нанося урон и поджигая монстров.|投擲新鮮的熱烤肉串造成傷害並點燃敵人. |新鮮な熱々のケバブの肉を投げつけ、ダメージを与え、モンスターに火をつけます。|뜨거운 케밥 고기 조각을 던져 데미지를 주고 불태웁니다.|Wirf Stücke von frischem, heißem Kebabfleisch, die Schaden verursachen und Monster in Brand setzen.|Jette des morceaux de viande de kebab fraîche et chaude, infligeant des dégâts et enflammant les monstres.|Lanza trozos de kebab caliente fresco infligiendo daño y prendiendo fuego a los monstruos.|Rzucaj kawałkami świeżego, gorącego mięsa kebab, zadając obrażenia i podpalając potwory.
talent_desc_lingeringFrost|Converts all elemental skill damage to cold skill damage. All skills now scale from cold damage.|Converts all elemental skill damage to cold skill damage. All skills now scale from cold damage.|Converte todo o dano de habilidade elemental em dano de habilidade de frio. Todas as habilidades agora escalam a partir do dano de Gelo.| Конвертирует весь урон от стихийных навыков в урон от холодных навыков. Все навыки теперь масштабируются от холодного урона.|將所有元素技能傷害轉化為冰霜技能傷害. 所有技能現在都會受到冰霜傷害的影響. |すべての属性スキルダメージを冷気スキルダメージに変換します。すべてのスキルは冷気ダメージに基づいてスケールします。|모든 원소 스킬 데미지를 냉기 데미지로 전환하며, 모든 스킬은 냉기 데미지를 기반으로 합니다.|Wandelt allen Elementarschaden in Kälteschaden um. Alle Fertigkeiten skalieren nun mit Kälteschaden.|Convertit tous les dégâts des compétences élémentaires en dégâts de froid. Toutes les compétences sont désormais proportionnelles aux dégâts de froid.|Convierte todo el daño de habilidades elementales en daño de habilidades de frío. Todas las habilidades ahora escalan desde daño de frío.|Zamienia wszystkie obrażenia od umiejętności żywiołów na obrażenia od zimna. Wszystkie umiejętności skalują się teraz od obrażeń od zimna.
talent_desc_fatality|When a bleeding monster dies it will explode and deal physical area of effect damage to nearby monsters.|When a bleeding monster dies it will explode and deal physical area of effect damage to nearby monsters.|Quando um inimigo sangrando morre, ele explode e causa dano físico em área nos inimigos próximos.| Когда истекающий кровью монстр умирает, он взрывается и наносит физический урон по области ближайшим монстрам.|當流血的敵人死亡時,它會爆炸並對附近的敵人造成物理範圍傷害. |出血状態のモンスターが死亡すると爆発し、近くのモンスターに物理範囲ダメージを与えます。 |출혈 상태인 몬스터가 죽으면 폭발하여 주변에 물리 범위 피해를 줍니다.|Wenn ein blutendes Monster stirbt, explodiert es und fügt Monstern in der Nähe physischen Flächenschaden zu.|Lorsqu'un monstre qui saigne meurt, il explose et inflige des dégâts de zone aux monstres proches. |Cuando un monstruo sangrando muere explotará e infligirá daño físico en área a los monstruos cercanos.|Gdy krwawiący potwór ginie, eksploduje i zadaje fizyczne obrażenia obszarowe pobliskim potworom.
talent_desc_zooooooom|Zoom Zoom Zoom!|Zoom Zoom Zoom!|Zoom Zoom Zoom!|Зум-зум-зум!|Zoom Zoom Zoom!|ズーム、ズーム、ズーム！ |줌 줌 줌! |Zoom Zoom Zoom!|Zoom Zoom Zoom ! |¡Zoom Zoom Zoom!|Błysk, Błysk, Błysk, Błysk!
talent_desc_reapersCulling|You can no longer critically hit or miss the target and now deal increased physical damage.|You can no longer critically hit or miss the target and now deal increased physical damage.|Você não pode mais acertar ou errar o alvo de forma crítica e agora causa mais dano físico.| Вы больше не можете нанести критический удар или промахнуться по цели и теперь наносите увеличенный физический урон.|對目標必中,但不再能夠造成暴擊,現在造成更多的物理傷害. |対象へのクリティカルヒットやミスがなくなり、物理ダメージが増加しました。|이제 치명타나 빗맞힘이 발생하지 않으며, 물리 데미지가 증가합니다.|Du kannst das Ziel nicht mehr kritisch treffen oder verfehlen und verursachst nun erhöhten physischen Schaden.|Vous ne pouvez plus effectuer de coup critique ni rater la cible et infligez désormais des dégâts physiques accrus.|Ya no puedes golpear críticamente ni fallar al objetivo y ahora infliges daño físico aumentado.|Nie możesz już trafić krytycznie ani chybić celu, a teraz zadajesz zwiększone obrażenia fizyczne. 
talent_desc_reapingThrow|Summon Grim Reaper´s scythe and throw with deadly force dealing Elemental damage.|Summon Grim Reaper´s scythe and throw with deadly force dealing Elemental damage.|Invoque a foice do Ceifador e lance-a com força mortal, causando Dano Elemental.| Призовите косу Мрачного Жнеца и бросьте ее со смертоносной силой, нанося стихийный урон.|召喚死神的鐮刀並用致命的力量投擲,造成元素傷害. |死神の鎌を召喚し、致命的な力で投げつけ、属性ダメージを与えます。|그림 리퍼의 낫을 소환해 강하게 던져 원소 데미지를 줍니다.|Beschwöre die Sense des Sensenmanns und wirf mit tödlicher Kraft, was Elementarschaden verursacht.|Invoquez la faux de la Faucheuse et lancez-la avec une force mortelle, infligeant des dégâts élémentaires.|Invoca la guadaña del Grim Reaper y lánzala con fuerza mortal infligiendo daño Elemental.|Przywołaj kosę Ponurego Żniwiarza i rzuć nią z zabójczą siłą, zadając obrażenia od żywiołów.
talent_desc_warriorsPath|Increases your attack damage and magic skill damage for a short period.|Increases your attack damage and magic skill damage for a short period.|Aumenta o Dano de Ataque e o Dano de Habilidade Mágica por um curto período.| Увеличивает урон от атак и магических навыков на короткий период.|在短時間內增加你的攻擊傷害和魔法技能傷害. |攻撃力と魔法スキルのダメージが短時間増加します。|일시적으로 공격 데미지와 마법 스킬 데미지가 증가합니다.|Erhöht kurzzeitig deinen Angriffsschaden und deinen magischen Fertigkeitsschaden.|Augmente vos dégâts d'attaque et vos dégâts de compétence magique pendant une courte période.|Aumenta tu daño de ataque y daño de habilidades mágicas durante un breve período.|Zwiększa obrażenia od ataku i umiejętności magicznych na krótki czas.
talent_desc_rimskinAssassin|Your melee physical attacks have a chance on hit to uppercut monsters launching them in to air stunning and dealing area of effect damage when landing.|Your melee physical attacks have a chance to uppercut monsters launching them in to air stunning and dealing area of effect damage when landing.|Seus ataques físicos corpo a corpo têm a chance de dar um gancho nos inimigos, lançando-os ao ar, atordoando-os e causando dano em área ao aterrissar.|Ваши атаки ближнего боя имеют шанс нанести монстрам апперкот, подбросив их в воздух и оглушив, а также нанеся урон по области при приземлении.|你的近戰物理攻擊在命中時有機率對怪物施展上勾拳,將其擊飛至空中,使其暈眩並在落地時造成範圍傷害. |近接物理攻撃は、モンスターをアッパーカットで打ち上げ、着地時にスタンと範囲ダメージを与えます。|근접 물리 공격이 일정 확률로 몬스터를 어퍼컷으로 날려 공중에 띄우고, 착지 시 범위 피해와 기절을 줍니다.|Deine physischen Nahkampfangriffe haben die Chance, Monster mit einem Aufwärtshaken zu treffen, sie in die Luft zu schleudern, sie zu betäuben und bei der Landung Flächenschaden zu verursachen.|Vos attaques physiques en mêlée ont une chance de placer un uppercut aux monstres, les projetant dans les airs pour les étourdir et leur infliger des dégâts de zone à l'atterrissage.|Tus ataques cuerpo a cuerpo físicos tienen probabilidad de uppercut a los monstruos lanzándolos al aire aturdiéndolos e infligiendo daño en área al aterrizar.|Twoje ataki fizyczne w walce wręcz mają szansę na trafienie potworów sierpowym, wystrzeliwując je w powietrze i zadając obrażenia obszarowe.
talent_desc_walsonsAid|Walson orbits you and attacks monsters stunning and dealing area of effect cold damage.|Walson orbits you and attacks monsters stunning and dealing area of effect cold damage.|Walson orbita você e ataca os inimigos, atordoando-os e causando Dano de Gelo em área.| Уолсон кружит вокруг вас и атакует монстров, оглушая и нанося урон холодом по области.|沃爾森環繞你並攻擊敵人,使其眩暈並造成範圍冰霜傷害. |ウォルソンはプレイヤーの周囲を周回し、モンスターをスタンと範囲ダメージの冷気ダメージで攻撃します。|윌슨이 당신 주위를 돌며 몬스터를 공격하고, 냉기 범위 피해 및 기절을 유발합니다.|Walson umkreist dich und greift Monster an, wobei er sie betäubt und Flächenkälteschaden verursacht.|Walson gravite autour de vous et attaque les monstres, les étourdissant et infligeant des dégâts de froid de zone.|Walson orbita a tu alrededor y ataca a los monstruos aturdiéndolos e infligiendo daño de frío en área.|Walson krąży wokół ciebie i atakuje potwory, ogłuszając je i zadając obrażenia obszarowe od zimna.
talent_desc_lostAtSea|Gives Walson a chance to cast Tsunami when attacking.|Gives Walson a chance to cast Tsunami when attacking.|Dá a Walson a chance de lançar Tsunami ao atacar.| Дает Уолсону шанс применить Цунами во время атаки.|讓沃爾森有機會在攻擊時施放海嘯. |ウォルソンは攻撃時に津波を発動するチャンスを得ます。|윌슨이 공격 시 쓰나미를 시전할 확률이 생깁니다.|Gibt Walson die Chance, beim Angriff einen Tsunami zu wirken.|Donne à Walson une chance de lancer Tsunami en attaquant.|Otorga a Walson probabilidad de lanzar Tsunami al atacar.|Daje Walsonowi szansę na rzucenie Tsunami podczas ataku.
talent_desc_ladyLuck|The die has been rolled.. if the crowns combined stats surpass 777 gain lady luck´s blessing as bonus stats.|The die has been rolled.. if the crowns combined stats surpass 777 gain lady luck´s blessing as bonus stats.|O dado foi lançado... se as estatísticas combinadas da coroa ultrapassarem 777, ganhe a bênção da dama da sorte como estatísticas bônus.| Кубик брошен. Если общая статистика корон превысит 777, вы получите благословение Госпожи Удачи в качестве бонусной статистики.|骰子已經擲出..如果皇冠詞綴數值總合超過777, 則會獲得幸運女神的祝福作為數值總合的獎勵. |サイコロを振る…クラウンの合計ステータスが777を超えると、ボーナスステータスとして幸運の女神の祝福を獲得します。|주사위가 굴려졌습니다. 크라운의 합산 능력치가 777을 넘으면 행운의 여신의 가호로 추가 능력치를 얻습니다.|Der Würfel ist gefallen. Wenn die kombinierten Werte der Kronen 777 übersteigen, erhältst du den Segen der Glücksfee als Bonuswert.|Le dé a été lancé… si les statistiques combinées des couronnes dépassent 777, vous obtenez la bénédiction de Dame Chance comme statistiques bonus.|Se han lanzado los dados... si las estadísticas combinadas de las coronas superan 777 obtienes la bendición de la dama de la suerte como estadísticas adicionales.|Kości zostały rzucone... jeśli łączne statystyki koron przekroczą 777, zyskaj błogosławieństwo pani szczęścia jako statystyki bonusowe.
talent_desc_execution|Your melee physical attacks have a chance to execute low health monsters.|Your melee physical attacks have a chance to execute low health monsters.|Seus ataques físicos corpo a corpo têm uma chance de executar inimigos com pouca vida.| Ваши атаки ближнего боя имеют шанс убить монстров с низким уровнем здоровья.|你的近戰物理攻擊有機會處決低生命值的敵人. |近接物理攻撃は、体力の低いモンスターを倒すチャンスを得ます。|근접 물리 공격이 체력이 낮은 몬스터를 처형할 확률이 있습니다.|Deine physischen Nahkampfangriffe haben die Chance, Monster mit niedrigem Lebenspunkt hinzurichten.|Vos attaques physiques au corps à corps ont une chance d'exécuter les monstres à faible santé.|Tus ataques cuerpo a cuerpo físicos tienen probabilidad de ejecutar monstruos con poca salud.|Twoje ataki fizyczne w walce wręcz mają szansę na pokonanie potworów o niskim poziomie zdrowia.
talent_desc_liquidContainers|Your left foremost potions are now permanently active with a portion of the power. You can no longer use potions.|Your left foremost potions are now permanently active with a portion of the power. You can no longer use potions.|Suas poções da esquerda estão agora permanentemente ativas. Você não pode mais usar poções.| Ваши левые передние зелья теперь постоянно активны с частью силы. Вы больше не можете использовать зелья.|你最左邊的藥劑現在將永久發揮部分效果. 你不能再使用藥劑. |左手前のポーションが、一定量の威力で永続的に発動します。ポーションは使用できなくなります。|왼쪽 첫 번째 포션이 영구히 부분 효력을 갖고 활성화됩니다. 이제 포션을 사용할 수 없습니다.|Deine linken Tränke sind nun dauerhaft mit einem Teil ihrer Kraft aktiv. Du kannst keine Tränke mehr verwenden.|Vos potions les plus à gauche sont désormais actives en permanence avec une partie de leur puissance. Vous ne pouvez plus utiliser de potions.|Tus pociones delanteras izquierdas ahora están permanentemente activas con una porción de su poder. Ya no puedes usar pociones.|Twoje mikstury skierowane do przodu po lewej stronie są teraz trwale aktywne z częścią mocy. Nie możesz już używać mikstur.
talent_desc_shadowFlames|Unleash flames of shadow traveling forward dealing arcane damage.|Unleash flames of shadow traveling forward dealing arcane damage.|Libera chamas de sombra que se deslocam para frente, causando Dano Arcano.| Выпустите пламя тени, движущееся вперед и наносящее урон тайной магией.|釋放向前行進的陰影火焰,造成奧術傷害. |前方に移動する影の炎を放ち、秘術ダメージを与えます。|앞으로 이동하는 그림자 화염을 방출해 아케인 데미지를 줍니다.|Entfessele Schattenflammen, die sich vorwärts bewegen und arkanen Schaden verursachen.|Déchaînez des flammes d'ombre se déplaçant vers l'avant, infligeant des dégâts arcaniques.|Libera llamas de sombra que viajan hacia adelante infligiendo daño arcano.|Uwolnij płomienie cienia, które poruszają się do przodu, zadając obrażenia magiczne.
talent_desc_reverseCard|chance to throw a reverse card towards target on hit dealing a portion of the damage.|chance to throw a reverse card towards target on hit dealing a portion of the damage.|Chance de lançar uma carta reversa em direção ao alvo ao acertar, causando uma parte do dano.|шанс бросить перевернутую карту в сторону цели при попадании, нанося часть урона.|有機會在擊中時向目標投擲一張反向卡牌, 造成部分傷害. |ヒット時に、一定確率で対象に向かってリバースカードを投げ、ダメージの一部を与えます。|공격 시 일정 확률로 리버스 카드를 던져 일부 데미지를 줍니다.|Chance, bei einem Treffer eine umgekehrte Karte auf das Ziel zu werfen, die einen Teil des Schadens verursacht. Entfesseln Sie einen Schwarm fliegender Krähen, die in einem großen Radius Feuerschaden verursachen und bei einem Treffer Verbrennungen verursachen.|Chance de lancer une carte inversée vers la cible touchée, infligeant une partie des dégâts.|Probabilidad de lanzar una carta inversa hacia el objetivo al golpear que inflige una porción del daño.|Szansa na rzucenie karty odwróconej w kierunku celu przy trafieniu, zadając część obrażeń.
talent_desc_flockOfVultures|Unleash a swarm of flying crows dealing fire damage on a large radius inflicting burning on hit.|Unleash a swarm of flying crows dealing fire damage on a large radius inflicting burning on hit.|Liberta um enxame de corvos voadores, causando dano de fogo em um grande raio, queimando ao acertar.| Выпустите рой летающих ворон, наносящих урон огнем в большом радиусе, а также вызывающих горение при попадании.|釋放一大群飛鴉, 對大範圍造成火焰傷害, 擊中時造成燃燒. |飛行するカラスの群れを解き放ち、広範囲に火炎ダメージを与え、ヒット時に燃焼効果を与えます。 |날아다니는 까마귀 떼를 방출해 넓은 범위에 불 데미지를 주고, 적중 시 화상 효과를 부여합니다.||Lâchez un essaim de corbeaux volants infligeant des dégâts de feu sur un large rayon et des brûlures à l'impact. |Libera un enjambre de cuervos voladores que infligen daño de fuego en un radio grande infligiendo quemadura al impactar.|Uwolnij rój latających kruków, zadając obrażenia od ognia na dużym obszarze i powodując podpalenie przy trafieniu.
talent_desc_shadeOfSobek|Chance on cast to summon the shade of sobek to fight by your side for a short duration.|Chance on cast to summon the shade of sobek to fight by your side for a short duration.|Chance de invocar a sombra de Sobek para lutar ao seu lado por um curto período ao conjurar.| При использовании заклинания есть шанс призвать тень Собека, которая будет сражаться на вашей стороне в течение короткого времени.|施法時有機會召喚索貝克之影, 在短時間內與你並肩作戰. |詠唱時に一定確率でソベクの影を召喚し、短時間共に戦わせる。|시전 시 일정 확률로 소벡의 그림자를 소환해 짧은 시간 동안 함께 싸우게 합니다.|Chance beim Wirken, Sobeks Schatten zu beschwören, der kurzzeitig an deiner Seite kämpft.|Chance d'invoquer l'ombre de Sobek à l'incantation pour combattre à vos côtés pendant une courte durée.|Probabilidad al lanzar de invocar la sombra de Sobek para que luche a tu lado durante un breve período.|Przy rzuceniu istnieje szansa na przywołanie Cienia Sobka, który będzie walczył u twego boku przez krótki czas. 
talent_desc_wallOfEternity|Chance when struck to unleash a wall of marching mummies dealing damage and knocking back monsters on hit.|Chance when struck to unleash a wall of marching mummies dealing damage and knocking back monsters on hit.|Chance de, ao ser atingido, liberar uma muralha de múmias em marcha, causando dano e repelindo monstros ao acertar.| При ударе есть шанс выпустить стену марширующих мумий, наносящих урон и отбрасывающих монстров при попадании.|被擊中時有機會釋放一堵行進的木乃伊牆, 造成傷害並擊退擊中的怪物. |攻撃を受けた際に一定確率でミイラの壁を繰り出し、命中したモンスターにダメージを与え、ノックバックさせる。|피격 시 일정 확률로 행진하는 미라의 벽을 소환해 데미지를 주고 넉백시킵니다.|Chance bei Treffer, eine Wand marschierender Mumien zu entfesseln, die Schaden verursachen und Monster bei Treffer zurückstoßen.|Chance de libérer un mur de momies en marche, infligeant des dégâts et repoussant les monstres touchés.|Probabilidad al ser golpeado de liberar un muro de momias marchantes que infligen daño y derriban a los monstruos al impactar.|Przy trafieniu szansa na uwolnienie ściany maszerujących mumii, zadających obrażenia i odrzucających potwory.
talent_desc_eternalArmor|Increases your total damage return by a portion of your armor.|Increases your total damage return by a portion of your armor.|Aumenta seu retorno de dano total em uma parte da sua armadura.| Увеличивает ваш общий урон на часть вашей брони.|透過一部分的護甲來增加你的總傷害返回. |装甲値に応じて、総ダメージが増加する。|방어력의 일부 비율만큼 데미지 반사를 증가시킵니다.|Erhöht deinen gesamten zurückgeworfenen Schaden um einen Teil deiner Rüstung.|Augmente votre rendement total de dégâts d'une portion de votre armure.|Aumenta tu daño devuelto total por una porción de tu armadura.|Zwiększa całkowity zwrot obrażeń o część twojego pancerza.
talent_desc_tideOfBlood|Unleash a falling blood moon exploding into smaller moons which explode into smaller moons dealing magic damage.|Unleash a falling blood moon exploding into smaller moons which explode into smaller moons dealing magic damage.|Liberta uma lua de sangue cadente, explodindo em luas menores, que explodem em luas menores, causando dano mágico.| Выпустите падающую кровавую луну, которая взрывается на более мелкие луны, которые, в свою очередь, взрываются на еще более мелкие луны, нанося магический урон.|釋放一個墜落的血月, 爆炸成更小的衛星, 這些更小的衛星又爆炸成更小的衛星, 造成魔法傷害. |落下する血の月を放ち、爆発させて小さな月を生成し、さらに小さな月へと変化させ、魔法ダメージを与える。|붉은 달이 떨어지며 작고 더 많은 달들로 폭발하고, 그 또한 폭발해 마법 데미지를 줍니다.|Entfessele einen fallenden Blutmond, der in kleinere Monde explodiert, die wiederum in kleinere Monde explodieren und magischen Schaden verursachen.|Déclenche une lune de sang tombante explosant en lunes plus petites, qui explosent à leur tour en lunes plus petites, infligeant des dégâts magiques.|Libera una luna de sangre cayente que explota en lunas más pequeñas que explotan en lunas aún más pequeñas infligiendo daño mágico.|Uwalnia spadający krwawy księżyc, który eksploduje na mniejsze księżyce, które eksplodują na mniejsze księżyce, zadając obrażenia magiczne.
talent_desc_laserSight|Provides a visual reference point for better accuracy.|Provides a visual reference point for better accuracy.|Fornece um ponto de referência visual para maior precisão.| Обеспечивает визуальную точку отсчета для большей точности.|提供視覺參考點以提高準確性. |命中精度を高めるための視覚的な基準点を提供する。|조준을 돕기 위한 시각적 기준점을 제공합니다.|Bietet einen visuellen Bezugspunkt für höhere Genauigkeit.|Fournit un point de repère visuel pour une meilleure précision.|Proporciona un punto de referencia visual para mayor precisión.|Zapewnia wizualny punkt odniesienia dla lepszej celności.
talent_desc_burstOfVenom|Your attacks inject a stack of venom on hit causing them to unleash a burst of venom at six stacks.|Your attacks inject a stack of venom on hit causing them to unleash a burst of venom at six stacks.|Seus ataques injetam uma carga de veneno ao acertar, fazendo com que liberem uma explosão de veneno com seis cargas.| Ваши атаки впрыскивают заряд яда при попадании, заставляя противника выпустить заряд яда с шестью зарядами.|你的攻擊會在擊中時注入一層毒液，使其在六層時釋放出一陣毒液. |攻撃が命中すると毒のスタックを注入し、スタックが6になると毒のバーストを放つ。|공격 시 적에게 독을 중첩시키며, 6중첩 시 독의 폭발을 방출합니다.|Deine Angriffe injizieren bei Treffer einen Giftstapel, wodurch sie einen Giftstoß mit sechs Stapeln entfesseln.|Vos attaques injectent une charge de venin à l'impact, provoquant une explosion de venin à six charges.|Tus ataques inyectan una pila de veneno al golpear haciendo que liberen una ráfaga de veneno a las seis pilas.|Twoje ataki wstrzykują kumulację jadu przy trafieniu, uwalniając eksplozję jadu o sześciu kumulacjach.
talent_desc_jaggedGauntlet|Spells and attacks have a chance to deal increased damage based on your critical strike damage. This effect does not count as a critical hit. Your critical chance is halved and your critical damage is capped.|Spells and attacks have a chance to deal increased damage based on your critical strike damage. This effect does not count as a critical hit. Your critical chance is halved and your critical damage is capped.|Magias e Ataques têm uma chance de causar dano aumentado com base no seu Dano de Acerto Crítico. Esse efeito não conta como um acerto crítico. Sua Chance de Crítico é reduzida pela metade e seu Dano crítico é limitado.||法術和攻擊有幾率根據您的爆擊傷害造成更大的傷害. 此效果不視為暴擊. 你的暴擊率現在上限為 100%.|||||Los hechizos y ataques tienen probabilidad de infligir daño aumentado basado en tu daño de golpe crítico. Este efecto no cuenta como golpe crítico. Tu probabilidad crítica se reduce a la mitad y tu daño crítico está limitado.|Zaklęcia i ataki mają szansę zadać zwiększone obrażenia w zależności od obrażeń zadanych przez twoje trafienie krytyczne. Ten efekt nie jest liczony jako trafienie krytyczne. Twoja szansa na trafienie krytyczne jest zmniejszona o połowę, a obrażenia krytyczne ograniczone.
talent_desc_acceleratedFlames|Increases the speed of your projectiles.|Increases the speed of your projectiles.|Aumenta a velocidade dos seus projéteis. | Увеличивает скорость ваших снарядов.|增加投射物的速度. |発射物の速度が上昇する。|투사체 속도를 증가시킵니다.|Erhöht die Geschwindigkeit deiner Projektile.|Augmente la vitesse de vos projectiles.|Aumenta la velocidad de tus proyectiles.|Zwiększa prędkość twoich pocisków.
talent_desc_fallenJustice|When hitting monsters with a skill or an attack you have a chance to unleash a powerful earth shock at the target location dealing damage on a large radius.|When hitting monsters with a skill or an attack you have a chance to unleash a powerful earth shock at the target location dealing damage on a large radius.|Ao atingir inimigos com uma Magia ou Ataque, você tem uma chance de liberar um poderoso abalo de terra na localização do alvo, causando dano em uma grande área.|При нанесении удара по монстрам с помощью навыка или атаки у вас есть шанс вызвать мощный удар земли в указанном месте, наносящий урон в большом радиусе.|使用技能或攻擊擊中怪物時, 有機率在目標位置釋放強大的地震, 對大範圍造成傷害. |スキルまたは攻撃でモンスターに命中した際に、一定確率で標的の場所に強力な地雷を放ち、広範囲にダメージを与える。|공격이나 스킬 적중 시 일정 확률로 지면에 강력한 충격파를 방출하여 넓은 범위에 데미지를 줍니다.|Wenn du Monster mit einer Fertigkeit oder einem Angriff triffst, hast du die Chance, am Zielort einen mächtigen Erdschock auszulösen, der Schaden in einem großen Radius verursacht.|Lorsque vous touchez des monstres avec une compétence ou une attaque, vous avez une chance de déclencher un puissant choc de terre à l'emplacement ciblé, infligeant des dégâts sur un large rayon.|Al golpear a los monstruos con una habilidad o ataque tienes probabilidad de liberar un poderoso choque terrestre en la ubicación objetivo que inflige daño en un radio grande.|Trafiając potwory umiejętnością lub atakiem, masz szansę na uwolnienie potężnego wstrząsu ziemi w miejscu docelowym, zadającego obrażenia na dużym obszarze.
talent_desc_commandersValor|Summons gain increased critical strike chance and critical strike damage.|Summons gain increased critical strike chance and critical strike damage.|Invocações ganham chance de acerto crítico e dano de acerto crítico aumentados.| Призывы получают повышенный шанс критического удара и урон от критического удара.|召喚物獲得更高的暴擊幾率和暴擊傷害. |召喚獣のクリティカル率とクリティカルダメージが増加します。|소환수가 치명타 확률과 치명타 데미지가 증가합니다.|Beschwörungen erhalten eine erhöhte kritische Trefferchance und einen erhöhten kritischen Trefferschaden.|Les invocations bénéficient de chances et de dégâts de coup critique accrus. Convertit une partie de votre vitesse d'attaque en une vitesse d'incantation plus rapide. |Las invocaciones obtienen probabilidad y daño de golpe crítico aumentados.|Przywołane istoty zyskują zwiększoną szansę na trafienie krytyczne i obrażenia od trafienia krytycznego.
talent_desc_fallenGodsBloodLust|A portion of your Attack Speed is added as Faster Cast Rate. Attack Speed granted by weapons does not count toward this effect.|Converts a portion of your attack speed into faster cast rate.|Converte parte da sua velocidade de ataque em uma taxa de conjuração mais rápida.|Преобразует часть вашей скорости атаки в более высокую скорость произнесения заклинаний.|將你的一部分攻擊速度轉化為施法速度. 武器提供的攻擊速度不計入此效果. |攻撃速度の一部を詠唱速度の上昇に変換します。 |공격 속도의 일부를 시전 속도로 전환합니다.|Wandelt einen Teil Ihrer Angriffsgeschwindigkeit in eine schnellere Zauberrate um.||Convierte una porción de tu velocidad de ataque en velocidad de lanzamiento más rápida.|Zmienia część twojej szybkości ataku na szybszą szybkość rzucania zaklęć.
talent_desc_radiantPower|Gain magic skill damage based on your maximum mana for a short duration.|Gain magic skill damage based on your maximum mana for a short duration.|Ganha dano de habilidade mágica com base no seu mana máximo por um curto período.| Увеличьте урон от магических навыков на основе максимального запаса маны на короткое время.|根據你的最大法力值在短時間內獲得魔法技能傷害. |魔法スキルのダメージが短時間、最大マナに応じて増加します。|일정 시간 동안 최대 마나를 기반으로 마법 스킬 데미지가 증가합니다.|Erhalte für kurze Zeit Schaden durch magische Fertigkeiten basierend auf deinem maximalen Mana.|Gagnez des dégâts de compétence magique en fonction de votre mana maximum pendant une courte durée.|Obtienes daño de habilidades mágicas basado en tu maná máximo durante un breve período.|Zyskujesz obrażenia od umiejętności magicznych zależne od maksymalnej many przez krótki czas.
talent_desc_programmersDelirium|Increases the power of stats on your ring slots.|Increases the power of stats on your ring slots.|Aumenta o poder dos atributos nos seus espaços de anel.| Увеличивает силу характеристик в слотах колец.|增加戒指鑲孔上的屬性. |リングスロットのステータスの威力が上昇します。|반지 슬롯의 능력치가 강화됩니다.|Erhöht die Stärke der Werte in deinen Ringplätzen.|Augmente la puissance des statistiques sur vos emplacements d'anneau.|Aumenta el poder de las estadísticas en tus ranuras de anillos.|Zwiększa moc statystyk w slotach na pierścienie.
talent_desc_aimbot|All casts and attacks are targeted towards the closest target.|All casts and attacks are targeted towards the closest target.|Todas as conjurações e ataques são direcionados ao alvo mais próximo.| Все заклинания и атаки направлены на ближайшую цель.|所有施法和攻擊均針對最近的目標. |すべての詠唱と攻撃は、最も近いターゲットに向けられます。|모든 시전 및 공격이 가장 가까운 대상에게 향하게 됩니다.|Alle Zauber und Angriffe zielen auf das nächstgelegene Ziel.|Tous les lancers et attaques ciblent la cible la plus proche.|Todos los lanzamientos y ataques se dirigen hacia el objetivo más cercano.|Wszystkie zaklęcia i ataki są skierowane na najbliższy cel.
talent_desc_unboundPower|Enables equipping any type of weapon.|Enables equipping any type of weapon.|Permite equipar qualquer tipo de arma.|Позволяет экипировать любой тип оружия.|可以裝備任何類型的武器。|あらゆる武器を装備できるようになります。|모든 무기를 착용할 수 있습니다.|Ermöglicht das Ausrüsten jeder Art von Waffe.|Permet d'équiper n'importe quel type d'arme.|Permite equipar cualquier tipo de arma.|Umożliwia wyposażenie dowolnego rodzaju broni. 
talent_desc_dragonsPresence|Inflicts monsters on flames when struck.|Inflicts monsters on flames when struck.|Inflige monstros em chamas ao ser atingido.|При попадании в монстров наносит удар пламенем.|攻擊時會使怪物陷入火焰之中。|攻撃を受けたモンスターを炎上させます。|타격 시 몬스터에게 화염을 부여합니다.|Versetzt Monster bei Treffer in Flammen.|Enflamme les monstres lorsqu'ils sont touchés.|Inflige llamas a los monstruos al ser golpeados.|Po trafieniu podpala potwory.
talent_desc_dragonsWrath|Executes monsters below a threshold.|Executes monsters below a threshold.|Executa monstros abaixo de uma certa quantia de vida.|Казнит монстров ниже порогового значения.|處決生命低於閾值的怪物. |一定値以下のモンスターを処刑します。|한계치 이하의 몬스터를 처형합니다.|Exekutiert Monster unterhalb eines Schwellenwerts.|Exécute les monstres en dessous d'un certain seuil.|Ejecuta a los monstruos por debajo de un umbral.|Wykańcza potwory poniżej określonego progu.
talent_desc_magnumOpus|You can now roll critical strike multiple times until failure, every consequent critical strike roll lowers the chance of the next one.|You can now roll critical strike multiple times until failior, every consequent critical strike roll lowers the chance of the next one.|Agora você pode rolar acerto crítico várias vezes até falhar; cada rolagem de acerto crítico subsequente reduz a chance da próxima.|Теперь вы можете бросать критический удар несколько раз до неудачи, каждый последующий критический удар снижает вероятность следующего.|暴擊判定現在可持續進行直至失敗為止，每次連續暴擊都會降低下一次暴擊的機率. |クリティカルヒットは失敗するまで複数回ロールできるようになりました。連続するクリティカルヒットの確率は、次のクリティカルヒットの確率を低下させます。|이제 실패할 때까지 치명타를 여러 번 굴릴 수 있으며, 이후 치명타가 나올 때마다 다음 치명타 발생 확률이 낮아집니다.|Du kannst jetzt mehrmals einen kritischen Treffer würfeln, bis er scheitert. Jeder weitere kritische Trefferwurf verringert die Chance auf den nächsten.|Vous pouvez désormais effectuer plusieurs coups critiques jusqu'à l'échec ; chaque coup critique consécutif réduit les chances du suivant.|Ahora puedes lanzar golpe crítico múltiples veces hasta fallar; cada lanzamiento crítico consecutivo reduce la probabilidad del siguiente.|Możesz teraz rzucać wielokrotnie na trafienie krytyczne, aż do porażki. Każdy kolejny rzut na trafienie krytyczne zmniejsza szansę na kolejne.
talent_desc_wizardsRoll|Roll the dice when casting for a random effect.|Roll the dice when casting for a random effect.|Role os dados ao conjurar para obter um efeito aleatório.|Бросайте кубики при сотворении заклинания для получения случайного эффекта.|施法時會擲骰子以獲得隨機效果。|詠唱時にサイコロを振り、ランダムな効果を得ます。|시전 시 주사위를 굴려 무작위 효과를 얻습니다.|Würfel beim Zaubern für einen zufälligen Effekt.|Lancez les dés lors du lancement pour un effet aléatoire.|Lanza los dados al lanzar para un efecto aleatorio.|Rzuć kostką podczas rzucania zaklęcia, aby uzyskać losowy efekt.
talent_desc_gladiatorsRoll|Roll the dice when attacking for a random effect.|Roll the dice when attacking for a random effect.|Role os dados ao atacar para obter um efeito aleatório.|Бросайте кубики при атаке для получения случайного эффекта.|攻擊時會擲骰子以獲得隨機效果。|攻撃時にサイコロを振り、ランダムな効果を得ます。|공격 시 주사위를 굴려 무작위 효과를 얻습니다.|Würfel beim Angriff für einen zufälligen Effekt.|Lancez les dés lors de l'attaque pour un effet aléatoire.|Lanza los dados al atacar para un efecto aleatorio.|Rzuć kostką podczas ataku, aby uzyskać losowy efekt.
talent_desc_smartFuse|Grenade now explodes instantly instead of after a delay.|Grenade now explodes instantly instead of after a delay.|A Granada de Fragmentação agora explode instantaneamente.|Граната теперь взрывается мгновенно, а не после задержки. |手榴彈現在會立即爆炸，而不是延遲爆炸. |グレネードは、時間差で爆発するのではなく、即座に爆発するようになりました。 |이제 수류탄이 지연 시간이 아닌 즉시 폭발합니다. |Granaten explodieren jetzt sofort statt nach einer Verzögerung.|La grenade explose désormais instantanément au lieu d'un délai. |La granada ahora explota instantáneamente en lugar de después de un retraso.|Granat wybucha teraz natychmiast, a nie po opóźnieniu.
talent_desc_hexBeast|Follower projectiles explode on impact dealing additional damage on a large radius.|Follower projectiles explode on impact dealing additional damage on a large radius.|Os projéteis dos seguidores explodem ao impacto, causando dano adicional em uma grande área.|Снаряды последователей взрываются при попадании, нанося дополнительный урон в большом радиусе.|追隨者的投射物在撞擊時爆炸，對大半徑範圍內造成額外傷害. |追尾する投射体が命中時に爆発し、広範囲に追加ダメージを与えます。|따라오는 투사체가 적중 시 폭발하여 넓은 반경에 추가 데미지를 입힙니다.|Die Geschosse der Verfolger explodieren beim Aufprall und verursachen zusätzlichen Schaden in einem großen Radius.|Les projectiles des suiveurs explosent à l'impact, infligeant des dégâts supplémentaires dans un large rayon.|Los proyectiles de seguidores explotan al impactar infligiendo daño adicional en un radio grande.|Pociski towarzyszy wybuchają przy uderzeniu, zadając dodatkowe obrażenia w dużym promieniu.
talent_desc_fishing|Throw a lure at a nearby fishing spot.|Throw a lure at a nearby fishing spot.|Lance uma isca em um local de pesca próximo.|Бросьте приманку в ближайшее место для рыбалки.|在附近的釣魚點拋出誘餌. |近くの釣り場に餌を投げます。|근처 낚시터에 미끼를 던집니다.|Wirf einen Köder an einer nahegelegenen Angelstelle aus.|Lancez un appât à un point de pêche proche.|Lanza un señuelo en un punto de pesca cercano.|Rzuć przynętę w pobliskie miejsce połowu.
talent_desc_relicCharmedBlood|Your life leech lasts for longer without penalty.|Your life leech lasts for longer without penalty.|Seu Roubo de Vida dura mais tempo sem penalidade.|Ваше вампиризм длится дольше без штрафов.|你的生命吸取持續時間更長，且不受懲罰. |ライフ吸収がペナルティなしでより長く持続します。|생명력 흡수가 패널티 없이 더 오래 지속됩니다.|Deine Lebensraubwirkung hält ohne Malus länger an.|Votre vol de vie dure plus longtemps sans pénalité.|Tu robo de vida dura más tiempo sin penalización.|Twoje wysysanie życia trwa dłużej bez kary.
talent_desc_stoneSkinAura|Increases damage reduction for all nearby party members.|Increases damage reduction for all nearby party members.|Aumenta a redução de dano para todos os membros do grupo próximos.|Увеличивает снижение урона для всех ближайших членов группы.|增加附近所有隊員的傷害減免. |近くの全パーティーメンバーのダメージ軽減を増加させます。|근처 모든 파티원의 데미지 감소를 증가시킵니다.|Erhöht die Schadensreduktion aller Gruppenmitglieder in der Nähe.|Réduction des dégâts accrue pour tous les membres du groupe proches.|Aumenta la reducción de daño para todos los miembros del grupo cercanos.|Zwiększa redukcję obrażeń dla wszystkich pobliskich członków drużyny.
talent_desc_hastefulAura|Increases movement speed and cast rate for all nearby party members.|Increases movement speed and cast rate for all nearby party members.|Aumenta a velocidade de movimento e a taxa de conjuração para todos os membros do grupo próximos.|Увеличивает скорость передвижения и скорость произнесения заклинаний для всех ближайших членов группы.|提高附近所有隊員的移動速度與施法速度。|近くの全パーティーメンバーの移動速度と詠唱速度を増加させます。|근처 모든 파티원의 이동 속도와 시전 속도를 증가시킵니다.|Erhöht die Bewegungsgeschwindigkeit und Zaubergeschwindigkeit aller Gruppenmitglieder in der Nähe.|Vitesse de déplacement et vitesse d'incantation accrues pour tous les membres du groupe proches.|Aumenta la velocidad de movimiento y velocidad de lanzamiento para todos los miembros del grupo cercanos.|Zwiększa prędkość ruchu i częstotliwość rzucania zaklęć dla wszystkich pobliskich członków drużyny. 
talent_desc_balefulAura|Increases magic skill damage and attack damage for all nearby party members.|Increases magic skill damage and attack damage for all nearby party members.|Aumenta o dano de habilidades mágicas e o dano de ataque para todos os membros do grupo próximos.|Увеличивает урон от магических навыков и урон от атак для всех ближайших членов группы.|增加附近所有隊員的魔法技能傷害和攻擊傷害。|近くの全パーティーメンバーの魔法スキルダメージと攻撃ダメージを増加させます。|근처 모든 파티원의 마법 스킬 데미지와 공격 데미지를 증가시킵니다.|Erhöht den Magieschaden und Angriffsschaden aller Gruppenmitglieder in der Nähe.|Dégâts des compétences magiques et dégâts d'attaque accrus pour tous les membres du groupe proches.|Aumenta el daño de habilidades mágicas y daño de ataque para todos los miembros del grupo cercanos.|Zwiększa obrażenia od umiejętności magicznych i obrażenia od ataku wszystkich pobliskich członków drużyny.
talent_desc_fortunateAura|Increases magic find and experience gain for all nearby party members.|Increases magic find and experience gain for all nearby party members.|Aumenta a chance de encontrar itens mágicos e o ganho de experiência para todos os membros do grupo próximos.|Увеличивает скорость поиска магии и получение опыта для всех ближайших членов группы.|增加附近所有隊員的掉寶率與經驗值。|近くの全パーティーメンバーの魔法アイテム発見率と経験値獲得量を増加させます。|근처 모든 파티원의 마법아이템 찾기와 경험치 획득량을 증가시킵니다.|Erhöht die Magiefundrate und den Erfahrungsgewinn aller Gruppenmitglieder in der Nähe.|Trouver de la magie et gagner de l'expérience accrus pour tous les membres du groupe proches.|Aumenta la probabilidad de encontrar objetos mágicos y ganancia de experiencia para todos los miembros del grupo cercanos.|Zwiększa znajdowanie magii i zdobywanie doświadczenia przez wszystkich pobliskich członków drużyny.
talent_desc_soulBurst|Chance on kill to randomly gain increased movement speed, attack speed or faster cast rate.|Chance on kill to randomly gain increased movement speed, attack speed or faster cast rate.|Chance ao matar um monstro de ganhar aleatoriamente aumento de Velocidade de Movimento, Velocidade de Ataque ou Taxa de Conjuração Mais Rápida.|Есть шанс при убийстве получить случайным образом увеличенную скорость передвижения, скорость атаки или более высокую скорость произнесения заклинаний.|擊殺後有機會隨機獲得增加的移動速度、攻擊速度或更快的施法速度. |敵を倒した時、一定確率で移動速度、攻撃速度、または詠唱速度がランダムに増加します。|처치 시 일정 확률로 무작위로 이동 속도, 공격 속도 또는 시전 속도가 증가합니다.|Bei einem Kill besteht die Chance, zufällig erhöhte Bewegungs-, Angriffs- oder Zaubergeschwindigkeit zu erhalten.|Augmentation aléatoire de la vitesse de déplacement, de la vitesse d'attaque ou de la vitesse d'incantation lors d'une élimination.|Probabilidad al matar de obtener aleatoriamente velocidad de movimiento, velocidad de ataque o velocidad de lanzamiento aumentadas.|Szansa na losowe zwiększenie prędkości ruchu, szybkości ataku lub szybkości rzucania zaklęć przy zabiciu.
talent_desc_tremblingSmash|Smash the ground infront of you dealing massive area of effect damage.|Smash the ground infront of you dealing massive area of effect damage.|Esmague o chão à sua frente, causando dano massivo em área.|Ударьте по земле перед собой, нанося огромный урон по области.|猛擊你面前的地面，造成巨大的範圍傷害. |前方の地面を強打し、広範囲に大ダメージを与えます。|앞쪽 땅을 강타하여 광역의 거대한 데미지를 입힙니다.|Schlägt vor dir auf den Boden und verursacht massiven Flächenschaden.|Frappez le sol devant vous, infligeant d'importants dégâts de zone.|Golpea el suelo frente a ti infligiendo daño masivo en área.|Rozbija ziemię przed sobą, zadając ogromne obrażenia obszarowe.
talent_desc_arcaneWrath|Causes your arcane damage skills to inflict shadow burn on monsters for a short period.|Causes your arcane damage skills to inflict shadow burn on monsters for a short period.|Faz com que suas habilidades de dano arcano inflijam queimadura sombria nos monstros por um curto período.|Возникает эффект, при котором ваши навыки магического урона наносят монстрам эффект «теневого ожога» на короткий период.|使你的奧術傷害技能在短時間內對怪物造成暗影灼燒|アケインダメージスキルがモンスターに短時間「影の焼印」を付与します。|아케인 데미지 스킬이 몬스터에게 짧은 시간 동안 그림자화상을 부여합니다.|Eure arkanen Schadensfertigkeiten fügen Monstern kurzzeitig Schattenbrand zu.|Vos compétences de dégâts arcaniques infligent Brûlure d'ombre aux monstres pendant une courte durée. |Hace que tus habilidades de daño arcano inflijan quemadura de sombra a los monstruos durante un breve período.|Sprawia, że ​​twoje umiejętności zadające obrażenia magiczne na krótki czas zadają potworom efekt cienia.
talent_desc_goburinsGreed|Gain a stack of goburin´s greed after monster kill increasing your magic find for a short duration.|Gain a stack of goburin´s greed after monster kill increasing your magic find for a short duration.|Ganhe um acúmulo de Ganância de Goburin após matar um monstro, aumentando seu Magic Find por um curto período.|Получайте стак «Жадности Гобурина» после убийства монстра, увеличивая скорость поиска магии на короткое время.|擊殺怪物後獲得一層哥布林的貪婪效果，短時間內提高你的打寶率. |モンスターを倒すとゴブリンの貪欲のスタックを獲得し、短時間マジックファインドが増加します。|몬스터 처치 시 고부린의 탐욕 중첩을 획득하여 짧은 시간 동안 마법 발견 확률을 증가시킵니다.|Nach dem Töten eines Monsters erhältst du einen Stapel Goburins Gier, der deine Magiefundrate kurzzeitig erhöht.|Gagnez un cumul de cupidité de Goburin après avoir tué un monstre, augmentant votre chance de trouver des objets magiques pendant une courte durée.|Obtienes una pila de codicia de Goburin tras matar a un monstruo aumentando tu probabilidad de encontrar objetos mágicos durante un breve período.|Zyskujesz ładunek chciwości goburina po zabiciu potwora, zwiększając na krótki czas znajdowanie magii.
talent_desc_voidPull|Chance on monster kill to form a black hole slowly pulling monsters into its center.|Chance on monster kill to form a black hole slowly pulling monsters into its center.|Chance ao matar um monstro de formar um buraco negro que puxa lentamente os monstros para o seu centro.|Есть шанс при убийстве монстра образовать черную дыру, медленно затягивающую монстров в свой центр.|擊殺怪物有機率形成一個黑洞，緩慢地將怪物吸入其中心. |モンスターを倒すと、一定確率でブラックホールを形成し、モンスターをゆっくりと中心に引き込みます。|몬스터 처치 시 일정 확률로 블랙홀을 생성하여 몬스터를 천천히 중심부로 끌어당깁니다.|Chance beim Töten eines Monsters, ein Schwarzes Loch zu erzeugen, das Monster langsam in sein Zentrum zieht.|Chaque élimination d'un monstre a une chance de créer un trou noir attirant lentement les monstres vers son centre.|Probabilidad al matar a un monstruo de formar un agujero negro que atrae lentamente a los monstruos hacia su centro.|Szansa na utworzenie czarnej dziury przy zabiciu potwora, powoli wciągając potwory do jej środka przy zabiciu potwora.
talent_desc_freezingTouch|Freeze enemies on hit, shattering them upon death, leaving no on-death effects. You become Frozen for 2 seconds whenever you get hit (Reducing your Action Speed by 20%). Cannot Be Frozen stat no longer works on you.|Chance on any hit to freeze monsters. Get frozen your self when struck by anything. Cannot Be Frozen no longer works.|"Chance em qualquer acerto de congelar monstros. Você também fica congelado ao ser atingido por qualquer coisa. A habilidade ""Não Pode Ser Congelado"" não funciona mais."|Есть шанс при любом ударе заморозить монстров. Вас самих заморозят при попадании чего-либо. «Невозможно заморозить» больше не работает.|擊中時冰凍敵人,使其死亡時碎裂且不留下死亡效果. 每當你受到擊中時會進入冰凍狀態2秒（降低20%動作速度）. 「無法被冰凍」屬性不再對你生效. |攻撃が命中すると、一定確率でモンスターを凍結させます。自身も攻撃を受けると凍結します。「凍結無効」は機能しなくなりました。|모든 공격 시 일정 확률로 몬스터를 얼립니다. 어떤 공격에 맞든 자신도 얼어붙습니다. '얼지 않음' 효과가 더 이상 적용되지 않습니다.|Chance bei jedem Treffer, Monster einzufrieren. Du wirst selbst eingefroren, wenn du von etwas getroffen wirst. „Kann nicht eingefroren werden“ funktioniert nicht mehr.|Chaque coup porté a une chance de geler les monstres. Vous êtes vous-même gelé lorsque vous êtes touché. L'immunité au gel est désactivée.|Probabilidad al golpear de congelar a los monstruos. Te congelas a ti mismo al ser golpeado por cualquier cosa. Ya no funciona No Puede Ser Congelado.|Szansa na zamrożenie potworów przy dowolnym trafieniu. Zostań zamrożony po uderzeniu przez cokolwiek. Umiejętność „Nie można zamrozić” nie działa.
talent_desc_tramplingForce|Portion of over capped movement speed added as attack damage and magic skill damage.|Portion of over capped movement speed added as attack damage and magic skill damage.|Parte da velocidade de movimento excedente é adicionada como dano de ataque e dano de habilidade mágica.|Часть превышенной максимальной скорости передвижения добавляется в качестве урона от атаки и урона от магических навыков.|將超出上限的部分移動速度轉換為攻擊傷害和魔法技能傷害. |移動速度の上限を超えた分が攻撃ダメージと魔法スキルダメージとして加算されます。|최대 이동 속도를 초과할 경우, 초과된 이동 속도의 일부가 공격력과 마법 스킬 피해로 추가됩니다.|Ein Teil deiner über dem Limit liegenden Bewegungsgeschwindigkeit wird als Angriffs- und Magieschaden hinzugefügt.|Une partie de la vitesse de déplacement excédentaire est ajoutée aux dégâts d'attaque et aux dégâts des compétences magiques.|Una porción de velocidad de movimiento sobre el límite se añade como daño de ataque y daño de habilidades mágicas.|Część przekroczonej prędkości ruchu dodana jako obrażenia od ataku i obrażenia od umiejętności magicznych.
talent_desc_essenceOutburst|Needs explanation|Needs explanation|Requer explicação.|Требует пояснения.|需要解釋|説明が必要です。|설명 필요|Erläuterung erforderlich.|Nécessite une explication.|Necesita explicación|Wymaga wyjaśnienia
talent_desc_vectorShroud|Emits a portion of your total damage return to monsters within the auras range.|Emits a portion of your total damage return to monsters within the auras range.|Emite uma parte da sua Devolução de Dano Total aos monstros dentro do alcance da aura.|Наносит часть вашего общего урона монстрам в радиусе действия ауры.|將你總傷害的一部分還給在光環範圍內的怪物. |オーラの範囲内のモンスターに、自身の総ダメージの一部を放出します。|오라 범위 내 몬스터에게 총 피해량의 일부를 되돌려줍니다.|Ein Teil deines Gesamtschadens wird an Monster innerhalb der Aura-Reichweite zurückgegeben.|Renvoie une partie de vos dégâts totaux aux monstres dans la zone d'effet de l'aura.|Emite una porción de tu daño devuelto total a los monstruos dentro del rango del aura.|Emituje część twoich całkowitych obrażeń potworom w zasięgu aury.
talent_desc_spaceTimeEquilibrium|Increases the duration of buffs and decreases the duration of debuffs on you.|Increases the duration of buffs and decreases the duration of debuffs on you.|Aumenta a duração dos buffs e diminui a duração dos debuffs em você.|Увеличивает длительность баффов и уменьшает длительность дебаффов на вас.|增加你身上增益效果的持續時間，減少你身上減益效果的持續時間. |自身にかかっているバフの効果時間を延長し、デバフの効果時間を短縮します。|자신에게 걸린 버프의 지속 시간을 증가시키고 디버프의 지속 시간을 감소시킵니다.|Erhöht die Dauer von Stärkungszaubern und verringert die Dauer von Schwächungszaubern auf dich.|Augmente la durée des bonus et diminue celle des malus vous affectant.|Aumenta la duración de los buffs y reduce la duración de los debuffs sobre ti.|Wydłuża czas trwania wzmocnień i skraca czas trwania osłabień.
talent_desc_celestialCreation|Chance on kill to cast your last used sentry skill.|Chance on kill to cast your last used sentry skill.|Chance ao matar de usar sua última habilidade de sentinela.|Шанс при убийстве применить последний использованный навык стража.|擊殺時有機率施放你最後一次使用的哨兵技能. |モンスターを倒すと、一定確率で最後に使用したセントリースキルを発動します。|처치 시 일정 확률로 마지막으로 사용한 감시 스킬을 시전합니다.|Chance beim Töten eines Monsters, deine zuletzt eingesetzte Wächter-Fertigkeit zu wirken.|Chaque élimination a une chance de lancer votre dernière compétence de sentinelle utilisée.|Probabilidad al matar de lanzar tu última habilidad de centinela usada.|Szansa na rzucenie ostatnio użytej umiejętności strażnika przy zabiciu.
talent_desc_piercingBone|Chance when striking to unleash piercing bone spikes in an arc dealing physical damage.|Chance when striking to unleash piercing bone spikes in an arc dealing physical damage.|Chance ao atacar de liberar espinhos ósseos perfurantes em um arco, causando dano físico. |Шанс при ударе выпустить пронзающие костяные шипы по дуге, наносящие физический урон. |攻擊時有機率釋放扇形的穿透骨刺，造成物理傷害. |攻撃時に一定確率で弧を描くように貫通する骨の棘を放ち、物理ダメージを与えます。 |공격 시 일정 확률로 날카로운 뼈 가시를 호를 그리며 발사하여 물리 피해를 입힙니다. |Chance beim Treffen, durchdringende Knochenstacheln in einem Bogen zu entfesseln, die physischen Schaden verursachen.|Lorsque vous frappez, une chance de projeter des pointes d'os acérées en arc de cercle, infligeant des dégâts physiques. |Probabilidad al golpear de liberar púas de hueso perforantes en un arco que infligen daño físico.|Szansa na uwolnienie przebijających kolców z kości w łuku, zadających obrażenia fizyczne przy uderzeniu. 
talent_desc_scarletSacrifice|Summons have a chance when attacking to become enraged gaining increased damage and attack speed, enraged monsters will die after a short duration.|||Призывы имеют шанс при атаке впасть в ярость, получив увеличенный урон и скорость атаки, разъяренные монстры погибнут через короткое время.|召喚物攻擊時有機率進入狂暴狀態, 獲得更高的傷害與攻擊速度. 狂暴的怪物會在短時間後死亡. ||하수인이 공격 시 일정 확률로 격분하여 피해량과 공격 속도가 증가하지만, 격분한 하수인은 잠시 후 사망합니다.|||Las invocaciones tienen una probabilidad de enfurecerse al atacar, obteniendo mayor daño y velocidad de ataque. Los monstruos enfurecidos morirán tras un breve período.|
talent_desc_willoWisp|Summons now have ghastly skulls orbitin them inflicting burning to monsters on hit for a portion of the summons damage.|||Теперь вокруг призывных существ летают жуткие черепа, которые при ударе поджигают монстров, нанося урон, зависящий от урона призыва.|召喚物現在會環繞著詭異骷髏, 擊中怪物時會造成點燃效果, 傷害依據召喚物的傷害. ||이제 하수인 주위를 맴도는 기괴한 해골이 생겨, 적중 시 하수인 피해량의 일부만큼 몬스터에게 화상 피해를 입힙니다.|||Ahora las invocaciones tienen cráneos espectrales orbitando a su alrededor que infligen Quemadura a los monstruos al golpearlos, por una parte del daño de la invocación.|
talent_desc_ghostCrew|Summons have a chance on hit to summon a Ghost Crew member to fight on your side for a short duration.|||Призывы имеют шанс при ударе призвать члена Призрачного экипажа, который будет сражаться на вашей стороне в течение короткого времени.|召喚物擊中時有機率召喚一名幽靈船員, 在短時間內為你戰鬥. ||하수인이 적중 시 일정 확률로 유령 선원 1명을 소환하여 잠시 동안 아군 편에서 싸우게 합니다.|||Las invocaciones tienen una probabilidad al golpear de invocar a un miembro de la Tripulación Fantasma para luchar a tu lado durante un breve período.|
talent_desc_spectralScatter|Your ranged projectiles now fork after a short delay dealing increased damage.|||Ваши снаряды дальнего боя теперь разделяются после небольшой задержки, нанося повышенный урон.|你的遠程投射物現在會在短暫延遲後分裂，並造成更多傷害。  ||이제 원거리 투사체가 잠시 후 갈라지며 증가된 피해를 입힙니다.|||Ahora tus proyectiles a distancia se bifurcan tras un breve retraso, infligiendo daño aumentado.|
talent_desc_tidesOfChaos|Chance on attack to conjure tides of chaos sending forward ghastly waves and summoning torrents dealing damage and stunning monsters on hit.|||Шанс при атаке вызвать приливы хаоса, посылающие вперед жуткие волны и призывающие потоки, наносящие урон и оглушающие монстров при попадании.|攻擊時有機率召喚混沌潮汐, 向前釋放詭異波浪並召喚洪流, 對擊中的怪物造成傷害並使其暈眩. ||공격 시 일정 확률로 카오스의 파도를 일으켜 기괴한 파도를 전방으로 보내고 급류를 소환하여, 적중 시 몬스터에게 피해를 입히고 기절시킵니다.|||Probabilidad al atacar de conjurar Mareas del Caos, enviando oleadas espectrales hacia delante y desatando torrentes que infligen daño y aturden a los monstruos al golpearlos.|
talent_desc_phantomSlice|Chance on attack to summon Phantom Leviathans essence to strike monsters dealing area of effect damage.|||Шанс при атаке призвать сущность Призрачного Левиафана для удара по монстрам, наносящего урон по площади.|攻擊時有機率召喚幻影利維坦精華打擊怪物, 造成範圍傷害. ||공격 시 일정 확률로 환영 리바이어던의 정수를 소환하여 몬스터를 타격하고 광역 피해를 입힙니다.|||Probabilidad al atacar de invocar la esencia del Leviatán Fantasma para golpear a los monstruos e infligir daño en área.|
talent_desc_heartSurge|When you cast, a floating projectile of blood is created, after a short delay when you stop casting, all of these projectiles are launched forward.|||Когда вы применяете заклинание, создается парящий снаряд крови; после небольшой задержки, когда вы прекращаете чтение заклинания, все эти снаряды устремляются вперед.|當你施法時會創建一個漂浮的鮮血投射物.  在你停止施法後, 經過短暫延遲, 所有此類投射物將向前發射. ||주문을 시전하면 떠다니는 피의 투사체가 생성되며, 시전을 멈춘 뒤 잠시 후 이 모든 투사체가 전방으로 발사됩니다.|||Al lanzar un hechizo, se crea un proyectil de sangre flotante. Tras un breve retraso, cuando dejas de lanzar, todos estos proyectiles se disparan hacia delante.|
talent_desc_phantomMomentum|Gain stacks of phantom momentum while moving providing increased movement speed and dodge chance, lose the stacks once you get hit.|||Получайте заряды призрачного импульса при движении, увеличивая скорость передвижения и шанс уклонения, и теряйте их при получении урона.|移動時獲得幻影動能層數, 提供額外移動速度與閃避機率. 受到擊中時失去所有層數. ||이동하는 동안 이동 속도와 회피율이 증가하는 환영의 가속 중첩을 얻으며, 피격 시 중첩이 모두 사라집니다.|||Obtienes acumulaciones de Impulso Fantasma mientras te mueves, lo que aumenta tu velocidad de movimiento y probabilidad de evasión. Pierdes las acumulaciones al recibir un golpe.|
talent_desc_sanguineFlow|Chance when struck to spawn life globes around you.|||Шанс при ударе создать сферы жизни вокруг вас.|受到擊中時有機率在你周圍生成生命球。||피격 시 일정 확률로 주변에 생명의 구슬이 생성됩니다.|||Probabilidad al recibir un golpe de generar orbes de vida a tu alrededor.|
talent_desc_killingSpree|Gain stacks of Killing Spree on monster kills gaining increased attack speed and movement speed.|||"Получайте заряды ""Серий убийств"" за убийства монстров, увеличивая скорость атаки и скорость передвижения."|擊殺怪物時獲得殺戮狂潮層數，提高攻擊速度與移動速度。||몬스터 처치 시 학살 질주 중첩을 얻어 공격 속도와 이동 속도가 증가합니다.|||Obtienes acumulaciones de Masacre al matar monstruos, lo que aumenta tu velocidad de ataque y velocidad de movimiento.|
talent_desc_leviathansPresence|Periodically unleash shockwaves dealing arcane damage based on your max life knocking monsters back.|||Периодически высвобождайте ударные волны, наносящие тайный урон в зависимости от вашего максимального запаса здоровья и отбрасывающие монстров назад.|週期性釋放衝擊波, 依據你的最大生命值造成奧術傷害並擊退怪物. ||주기적으로 충격파를 방출하여 최대 생명력에 비례한 아케인 피해를 입히고 몬스터를 밀쳐냅니다.|||Desata periódicamente ondas de choque que infligen daño arcano según tu vida máxima y hacen retroceder a los monstruos.|
talent_desc_sanguineLeech|Chance on cast to summon a Sanguine Leech dealing damage and providing you increased life replenish for a short duration.|||Шанс при применении призывать Кровавую пиявку, которая наносит урон и на короткое время увеличивает восполнение здоровья.|施法時有機率召喚一隻嗜血水蛭, 造成傷害並在短時間內提高你的生命回復能力. ||주문 시전 시 일정 확률로 선혈 거머리를 소환하여 피해를 입히고, 잠시 동안 생명력 회복량이 증가합니다.|||Probabilidad al lanzar de invocar una Sanguijuela Sanguínea que inflige daño y aumenta tu regeneración de vida durante un breve período.|
|||||||||||
talent_name_bloodOfSpartan|Spartan Defense|Spartan Defense|Defesa Espartana| Спартанская защита|斯巴達防禦|スパルタン ディフェンス|스파르탄 디펜스|Spartanische Verteidigung|Défense spartiate|Defensa Espartana|Obrona Spartana
talent_name_bottleOfRadogate|Fleet Footwork|Fleet Footwork|Pés Ligeiros| Флот Футворк|快速步伐|フリート フットワーク|플릿 풋워크|Flinke Beinarbeit|Jeu de jambes de la flotte|Movimiento Ágil|Zwinne Kroki
talent_name_bottleOfSake|Drunken Kung Fu|Drunken Kung Fu|Kung Fu Bêbado| Пьяное кунг-фу|醉拳|酔っぱらいのカンフー|드렁큰 쿵푸|Betrunkenes Kung-Fu|Kung Fu ivre|Kung Fu Ebrio|Pijane Kung Fu
talent_name_caffeinatedCoffeeContainer|The Fragrance of Dark Coffee|The Fragrance of Dark Coffee|A Fragrância do Café Preto| Аромат темного кофе|黑咖啡香氣|ダーク コーヒーの香り|다크커피 프래그런스|Der Duft von dunklem Kaffee|Le parfum du café noir|El Aroma del Café Oscuro|Zapach Ciemnej Kawy
talent_name_elixirOfDeath|Berserker’s Rage|Berserker’s Rage|Fúria do Berserker| Ярость берсерка|狂暴之怒|バーサーカーの怒り|버서커 레이지|Berserkerwut|La rage du berserker|Rabia del Berserker|Gniew Berserkera
talent_name_elixirOfUnworldlyCognition|Untamed Knowledge|Untamed Knowledge|Conhecimento Indomado| Необузданное Знание|未知的知識|野生の知識|언테임드 놀리지|Ungezähmtes Wissen|La connaissance indomptée|Conocimiento Salvaje|Nieokiełznana Wiedza
talent_name_emptyBottleOfVodka|Drunken Infused Wisdom|Drunken Infused Wisdom|Sabedoria com Infusão Alcoólica| Пьяная настоянная мудрость|醉拳學問|酔っぱらいの知恵|드렁큰 인퓨즈 위즈덤|Betrunkene Weisheit|La sagesse infusée de l'ivresse|Sabiduría Infundida con Alcohol|Mądrość Nasączona Alkoholem
talent_name_ghostlyPotion|Parallel Dimension|Parallel Dimension|Dimensão Paralela| Параллельное измерение|平行維度|パラレル ディメンション|패러럴 디멘션|Parallele Dimension|Dimension parallèle|Dimensión Paralela|Równoległy Wymiar
talent_name_goldInlaidMysteriousPotion|Endless Wealth|Endless Wealth|Fortuna sem Fim| Бесконечное богатство|無盡的財富|無限の富|엔드리스 웰스|Endloser Reichtum|La richesse infinie|Riqueza Infinita|Nieskończone Bogactwo
talent_name_maggotEyeElixir|Absolute Power|Absolute Power|Poder Absoluto| Абсолютная власть|絕對力量|絶対的な力|앱솔루트 파워|Absolute Macht|Le pouvoir absolu|Poder Absoluto|Absolutna Moc
talent_name_powerOfVoid|Chaos Unleashed|Chaos Unleashed|Caos Descontrolado| Хаос Освобожденный|混亂釋放|解き放たれた混沌|카오스 언리쉬드|Entfesseltes Chaos|Le chaos déchaîné|Caos Desatado|Uwolniony Chaos
talent_name_praetorianBlood|Vampirism|Vampirism|Vampirismo| Вампиризм|吸血鬼|吸血鬼|뱀피리즘|Vampirismus|Vampirisme|Vampirismo|Wampiryzm
talent_name_prismaticPotion|Prismatic Skin|Prismatic Skin|Pele Prismática| Призматическая кожа|稜鏡皮膚|プリズマティック スキン|프리즘 스킨|Prismatische Haut|Peau prismatique|Piel Prismática|Prismatyczna Skóra
talent_name_proteinShake|Flexing|Flexing|Flexão| Сгибание|收縮|屈曲|플렉싱|Anspannen|Flexion|Flexionar|Napinanie Mięśni
talent_name_radBull|Hyper Activity|Hyper Activity|Hiperatividade| Гиперактивность|超級能量|ハイパー アクティビティ|하이퍼 액티비티|Hyperaktivität|Hyperactivité|Hiperactividad|Hiper Aktywność
talent_name_sungLeesUnleashedRage|Momentary Insanity|Momentary Insanity|Insanidade Momentânea| Кратковременное безумие|短暫瘋狂|瞬間的な狂気|모멘터리 인새니티|Momentaner Wahnsinn|Folie momentanée|Locura Momentánea|Chwilowe Szaleństwo
talent_name_surstromming|Taste of Heaven|Taste of Heaven|Sabor do Paraíso| Вкус рая|天堂的味道|天国の味|헤븐 테이스트|Geschmack des Himmels|Goût du paradis|Sabor del Cielo|Smak Nieba
talent_name_witchesPotion|Conjured Replenishment|Conjured Replenishment|Reabastecimento Conjurado| Заколдованное пополнение|魔法補給|召喚された補充|컨저드 리플레니시먼트|Heraufbeschworene Regeneration|Réapprovisionnement invoqué|Reabastecimiento Conjurado|Przywołane Odnawianie
talent_name_wizardPotion|Rapidcaster|Rapidcaster|Conjurador Rápido| Rapidcaster|快速釋放|ラピッドキャスター|래피드캐스터|Schnellzauberer|Rapidcaster|Lanzador Rápido|Szybki Rzucający
talent_name_commandMinions|Command Minions|Command Minions|Comandar Minions| Командовать Миньонами|命令僕從|手下を指揮|커맨드 미니언|Diener befehligen|Commander les serviteurs|Comandar Esbirros|Rozkaz Minionom
talent_name_corrosionDarkness|Corrosion of Darkness|Corrosion of Darkness|Corrosão das Trevas| Коррозия Тьмы|黑暗腐蝕|闇の腐食|다크니스 컨로전|Korrosion der Dunkelheit|Corrosion des ténèbres|Corrosión de la Oscuridad|Korozja Ciemności
talent_name_amunRasDemise|Amun Ra´s Demise|Amun Ra´s Demise|A Morte de Amun Ra | Кончина Амона Ра|阿蒙·拉的滅亡 |アムン ラーの終焉 |아문 라 디마이즈|Amun Ras Untergang|La disparition d'Amun Ra |Caída de Amun Ra|Zgon Amuna Ra
|||||||||||
talent_desc_bloodOfSpartan|Increases your Defense and damage return for a short period of time|Increases your Defense and damage return for a short period of time|Aumenta sua Defesa e Devolução de Dano por um curto período de tempo|Увеличивает вашу защиту и возврат урона на короткий промежуток времени.|短時間內提高你的防禦和傷害反彈|防御力とダメージリターンを短時間増加|일정 시간 동안 방어력과 데미지 반사를 증가시킵니다.|Erhöht kurzzeitig deine Verteidigung und den zurückgewonnenen Schaden.|Augmente votre défense et vos dégâts pendant une courte période.|Aumenta tu Defensa y daño devuelto durante un breve período|Zwiększa twoją Obronę i damage return na krótki czas
talent_desc_bottleOfRadogate|Increases your movement speed and gives you Phasing for a short period of time|Increases your movement speed and gives you Phasing for a short period of time|Aumenta sua Velocidade de Movimento e lhe dá Phasing (te permite atravessar inimigos) por um curto período de tempo| Увеличивает вашу скорость передвижения и дает вам эффект фазирования на короткий промежуток времени.|提高你的移動速度，並在短時間內為你提供相位效果|移動速度を短時間増加し、フェイジング効果を付与|일정 시간 동안 이동 속도를 증가시키고 위상 이동(페이징) 효과를 부여합니다.|Erhöht kurzzeitig deine Bewegungsgeschwindigkeit und verleiht dir kurzzeitig Phasenverschiebung.|Augmente votre vitesse de déplacement et vous confère un effet de déphasage pendant une courte période.|Aumenta tu velocidad de movimiento y te otorga Fase durante un breve período|Zwiększa twoją prędkość ruchu i daje ci Phasing na krótki czas
talent_desc_bottleOfSake|Increases your attack damage and Critical Strike damage for a short period of time|Increases your attack damage and Critical Strike damage for a short period of time|Aumenta seu Dano de Ataque e Dano de Acerto Crítico por um curto período de tempo| Увеличивает урон от атак и критических ударов на короткий промежуток времени.|在短時間內增加你的攻擊傷害和暴擊傷害|攻撃力とクリティカルストライクダメージを短時間増加|일정 시간 동안 공격력과 치명타 데미지를 증가시킵니다.|Erhöht kurzzeitig deinen Angriffsschaden und kritischen Trefferschaden.|Augmente vos dégâts d'attaque et vos dégâts de coup critique pendant une courte période.|Aumenta tu daño de ataque y daño de golpe crítico durante un breve período|Zwiększa twoje obrażenia ataku i obrażenia krytyczne na krótki czas
talent_desc_caffeinatedCoffeeContainer|Increases your Damage to Burning Targets|Increases your Burning damage for a short period of time|Aumenta seu Dano contra inimigos afetados pelo efeito de Queimadura por um curto período de tempo| Увеличивает урон от горения на короткий промежуток времени.|在短時間內增加你的燃燒傷害|燃焼ダメージを短時間増加|일정 시간 동안 불 데미지를 증가시킵니다.|Erhöht kurzzeitig deinen Brandschaden.|Augmente vos dégâts de brûlure pendant une courte période.|Aumenta tu daño de Quemadura durante un breve período|Zwiększa twoje obrażenia Burning na krótki czas
talent_desc_elixirOfDeath|Increases your Attack Damage and Magic skill damage for a short period of time|Increases your damage and magic skill damage for a short period of time|Aumenta seu Dano de Ataque e Dano de Habilidades Mágicas por um curto período de tempo| Увеличивает ваш урон и урон от магических навыков на короткий промежуток времени.|在短時間內增加所有傷害|ダメージと魔法スキルダメージを短時間増加|일정 시간 동안 일반 데미지와 마법 스킬 데미지를 증가시킵니다.|Erhöht kurzzeitig deinen Schaden und deinen magischen Fertigkeitsschaden.|Augmente vos dégâts et les dégâts de vos compétences magiques pendant une courte période.|Aumenta tu daño y daño de habilidades mágicas durante un breve período|Zwiększa twoje obrażenia i obrażenia umiejętności magicznych na krótki czas
talent_desc_elixirOfUnworldlyCognition|Increases your Experience Gain for a short period of time|Increases your Experience Gain for a short period of time|Aumenta seu Ganho de Experiência por um curto período de tempo| Увеличивает ваш опыт на короткий период времени.|在短時間內增加你的經驗值|経験値獲得量を短時間増加|일정 시간 동안 경험치 획득량을 증가시킵니다.|Erhöht kurzzeitig deinen Erfahrungsgewinn.|Augmente votre gain d'expérience pendant une courte période.|Aumenta tu ganancia de Experiencia durante un breve período|Zwiększa twój Zysk Doświadczenia na krótki czas
talent_desc_emptyBottleOfVodka|Increases All Skills for a short period of time|Increases All Skills for a short period of time|Aumenta Todas as Habilidades por um curto período de tempo| Увеличивает все навыки на короткий период времени.|在短時間內提高所有技能|全スキルを短時間増加|일정 시간 동안 모든 스킬 레벨을 증가시킵니다.|Erhöht kurzzeitig alle Fertigkeiten.|Augmente toutes vos compétences pendant une courte période.|Aumenta Todas las Habilidades durante un breve período|Zwiększa Wszystkie Umiejętności na krótki czas
talent_desc_ghostlyPotion|Increases your Skill damage for a short period of time|Increases your Skill damage for a short period of time|Aumenta seu Dano de Habilidade por um curto período de tempo| Увеличивает урон от вашего навыка на короткий промежуток времени.|在短時間內提高你的技能傷害|スキルダメージを短時間増加|일정 시간 동안 스킬 데미지를 증가시킵니다.|Erhöht kurzzeitig deinen Fertigkeitsschaden.|Augmente les dégâts de vos compétences pendant une courte période.|Aumenta tu daño de Habilidades durante un breve período|Zwiększa twoje obrażenia Umiejętności na krótki czas
talent_desc_goldInlaidMysteriousPotion|Increases your Magic Find and Extra Gold from kills for a short period of time|Increases your Magic Find and Extra Gold from kills for a short period of time|Aumenta o Magic Find e o Ouro Extra de abates por um curto período de tempo| Увеличивает ваш Magic Find и дополнительное золото от убийств на короткий промежуток времени.|在短時間內增加你的物品稀有度和額外金幣獲取|魔法ファインドとキルによる追加ゴールドを短時間増加|일정 시간 동안 마법 아이템 확률과 몬스터 처치 시 얻는 골드를 증가시킵니다.|Erhöht kurzzeitig dein Magisches Gespür und Extragold durch Kills.|Augmente votre découverte de magie et l'or supplémentaire que vous gagnez en éliminant pendant une courte période.|Aumenta tu probabilidad de encontrar objetos mágicos y oro extra de muertes durante un breve período|Zwiększa twój Magic Find i Extra Gold z zabójstw potworów na krótki czas
talent_desc_maggotEyeElixir|Increases your attack speed and attack rating for a short period of time|Increases your attack speed and attack rating for a short period of time|Aumenta sua Velocidade de Ataque e sua Precisão de Ataque por um curto período de tempo| Увеличивает скорость атаки и рейтинг атаки на короткий промежуток времени.|在短時間內提高你的攻擊速度和攻擊命中率|攻撃速度と攻撃レーティングを短時間増加|일정 시간 동안 공격 속도와 명중률을 증가시킵니다.|Erhöht kurzzeitig deine Angriffsgeschwindigkeit und Angriffswertung.|Augmente votre vitesse d'attaque et votre score d'attaque pendant une courte période.|Aumenta tu velocidad de ataque e índice de ataque durante un breve período|Zwiększa twoją prędkość ataku i trafienie ataku na krótki czas
talent_desc_powerOfVoid|Causes your skills to rain down comets dealing fire damage for a short period of time|Causes your skills to rain down comets dealing fire damage for a short period of time|Faz com que suas habilidades façam chover Cometas que causam Dano de Fogo por um curto período de tempo| Заставляет ваши умения обрушивать кометы, наносящие урон огнем в течение короткого периода времени.|短時間內使用技能的同時降下彗星,造成火焰傷害|スキル使用時に火炎ダメージを与える彗星を短時間降らせる|일정 시간 동안 스킬이 화염 데미지를 입히는 혜성을 내리꽂습니다.|Lässt deine Fertigkeiten kurzzeitig Kometen regnen, die Feuerschaden verursachen.|Fait pleuvoir des comètes de vos compétences, infligeant des dégâts de feu pendant une courte période.|Hace que tus habilidades hagan llover cometas que infligen daño de fuego durante un breve período|Powoduje że twoje umiejętności deszczują kometami zadającymi obrażenia fire na krótki czas
talent_desc_praetorianBlood|Increases your life Steal for a short period of time|Increases your life Steal for a short period of time|Aumenta seu Roubo de Vida por um curto período de tempo| Увеличивает вашу жизнь Кража на короткий период времени|短時間內提高你的生命偷取|ライフスティールを短時間増加|일정 시간 동안 생명력 흡수를 증가시킵니다.|Erhöht kurzzeitig deinen Lebensraub.|Augmente votre vol de vie pendant une courte période.|Aumenta tu robo de vida durante un breve período|Zwiększa twoje life Steal na krótki czas
talent_desc_prismaticPotion|Increases your all resistances for a short period of time|Increases your all resistances for a short period of time|Aumenta Todas as Resistências por um curto período de tempo| Увеличивает все ваши сопротивления на короткий период времени.|短時間內提高你的所有抗性|全耐性を短時間増加|일정 시간 동안 모든 저항력을 증가시킵니다.|Erhöht kurzzeitig alle deine Resistenzen.|Augmente toutes vos résistances pendant une courte période.|Aumenta todas tus resistencias durante un breve período|Zwiększa twoje wszystkie odporności na krótki czas
talent_desc_proteinShake|Increases your Strength and Vitality for a short period of time|Increases your Strength and Vitality for a short period of time|Aumenta sua Força e Vitalidade por um curto período de tempo| Увеличивает вашу силу и жизненную силу на короткий период времени.|短時間內增強你的力量和體力|体力と生命力を短時間増加|일정 시간 동안 힘과 활력을 증가시킵니다.|Erhöht kurzzeitig deine Stärke und Vitalität.|Augmente votre force et votre vitalité pendant une courte période.|Aumenta tu Fuerza y Vitalidad durante un breve período|Zwiększa twoją Siłę i Witalność na krótki czas
talent_desc_radBull|Increases your attack speed and movement speed for a short period of time|Increases your attack speed and movement speed for a short period of time|Aumenta sua Velocidade de Ataque e Velocidade de Movimento por um curto período de tempo|Увеличивает скорость атаки и передвижения на короткий промежуток времени.|短時間內提高你的攻擊速度和移動速度|攻撃速度と移動速度が短時間上昇|일정 시간 동안 공격 속도와 이동 속도를 증가시킵니다.|Erhöht kurzzeitig deine Angriffsgeschwindigkeit und Bewegungsgeschwindigkeit. der Zeit|Augmente votre vitesse d'attaque et votre vitesse de déplacement pendant une courte période. Durée|Aumenta tu velocidad de ataque y velocidad de movimiento durante un breve período|Zwiększa twoją prędkość ataku i ruchu na krótki czas
talent_desc_sungLeesUnleashedRage|Increases your Bleed damage for a short period of time|Increases your Bleed damage for a short period of time|Aumenta seu Dano de Sangramento por um curto período de tempo| Увеличивает урон от кровотечения на короткий промежуток времени.|短時間內增加你的流血傷害|出血ダメージが短時間上昇|일정 시간 동안 출혈 데미지를 증가시킵니다.|Erhöht kurzzeitig deinen Blutungsschaden.|Augmente vos dégâts de Saignement pendant une courte période.|Aumenta tu daño de Sangrado durante un breve período|Zwiększa twoje obrażenia Krwawienia na krótki czas
talent_desc_surstromming|Increases your life replenish and mana replenish for a short period of time|Increases your life replenish and mana replenish for a short period of time|Aumenta a Recuperação de Vida e Recuperação de Mana por um curto período de tempo| Увеличивает восстановление жизни и маны на короткий промежуток времени.|短時間內增加你的生命值和法力值回復|ライフ回復とマナ回復が短時間上昇|일정 시간 동안 생명력 및 마나 회복 속도를 증가시킵니다.|Erhöht kurzzeitig deine Lebens- und Mana-Erneuerung.|Augmente votre régénération de vie et de mana pendant une courte période.|Aumenta tu regeneración de vida y regeneración de maná durante un breve período|Zwiększa twój replenish życia i many na krótki czas
talent_desc_witchesPotion|Instantly recover full life and Mana, increasing your life replenish and mana replenish for a short period of time|Instantly recover full life and Mana, increasing your life replenish and mana replenish for a short period of time|Recupere instantaneamente toda a Vida e a Mana, aumentando sua Recuperação de Vida e Recuperação de Mana por um curto período de tempo| Мгновенно восстанавливает полную жизнь и ману|立即回復全部生命值和法力值,在短時間內增加你的生命值和法力值回復|ライフとマナが瞬時に全回復し、ライフ回復とマナ回復が短時間上昇|생명력과 마나를 즉시 모두 회복하고, 일정 시간 동안 회복 속도를 증가시킵니다.|Stellt sofort volles Leben und Mana wieder her und erhöht kurzzeitig deine Lebens- und Mana-Erneuerung.|Récupérez instantanément la totalité de vos points de vie et de mana, augmentant ainsi votre régénération de vie et de mana pendant une courte période.|Recupera instantáneamente vida y maná completos, aumentando tu regeneración de vida y regeneración de maná durante un breve período|Natychmiast przywróć pełne życie i Manę zwiększając twój replenish życia i many na krótki czas
talent_desc_wizardPotion|Increases your faster cast rate for a short period of time|Increases your cast rate for a short period of time|Aumenta sua Taxa de Conjuração Mais Rápida por um curto período de tempo| Увеличивает скорость произнесения заклинаний на короткий промежуток времени.|在短時間內提高你的施法速度|詠唱速度が短時間上昇|일정 시간 동안 시전 속도를 증가시킵니다.|Erhöht kurzzeitig deine Zauberrate.|Augmente votre taux d'incantation pendant une courte période.|Aumenta tu velocidad de lanzamiento durante un breve período|Zwiększa twoją szybkość rzucania na krótki czas
talent_desc_commandMinions|Command all of your minions to either move to a location or attack a monster|Command all of your minions to either move to a location or attack a monster|Comande todos as suas invocações para se moverem até um local ou atacarem um inimigo| Прикажите всем своим миньонам либо переместиться в определенное место, либо атаковать монстра.|命令你的所有僕從移動到某個位置或攻擊敵人|手下全員に、指定の場所へ移動、またはモンスターを攻撃するよう命令|모든 소환수에게 특정 위치로 이동하거나 몬스터를 공격하라는 명령을 내립니다.|Befehle allen deinen Dienern, sich entweder an einen Ort zu bewegen oder ein Monster anzugreifen.|Ordonnez à tous vos serviteurs de se déplacer vers un lieu ou d'attaquer un monstre.|Ordena a todos tus esbirros que se muevan a una ubicación o ataquen a un monstruo|Rozkaż wszystkim twoim minionom albo przejść do miejsca albo zaatakować potwora
talent_desc_corrosionDarkness|Increases your Poisoned damage for a short period of time.|Increases your Poisoned damage for a short period of time.|Aumenta seu Dano de Envenenamento por um curto período de tempo.| Увеличивает урон от отравления на короткий промежуток времени.|在短時間內增加你的毒素傷害|毒ダメージが短時間上昇|일정 시간 동안 독 데미지를 증가시킵니다.|Erhöht kurzzeitig deinen Vergiftungsschaden.|Augmente vos dégâts d'Empoisonnement pendant une courte période.|Aumenta tu daño de Envenenado durante un breve período.|Zwiększa twoje obrażenia Poisoned na krótki czas.
talent_desc_amunRasDemise|Monsters have a chance to explode on death dealing a portion of their maximum life as fire damage in a small area|Monsters have a chance to explode on death dealing a portion of their maximum life as fire damage.|Monstros tem uma chance de explodirem ao morrer, causando uma parte da vida máxima deles como Dano de Fogo em uma pequena área.| У монстров есть шанс взорваться после смерти, нанося урон огнем в размере части своего максимального запаса здоровья.|怪物死亡時有機率爆炸, 造成其最大生命的一部分作為火焰傷害. |モンスターは死亡時に爆発する可能性があり、最大ライフの一部を火炎ダメージとして与えます。 |몬스터가 죽을 때 일정 확률로 최대 생명력의 일부를 불 데미지로 폭발시킵니다.|Monster können beim Tod explodieren und einen Teil ihres maximalen Lebens als Feuerschaden verursachen.|Les monstres ont une chance d'exploser à leur mort, infligeant une partie de leur vie maximale sous forme de dégâts de feu. |Los monstruos tienen probabilidad de explotar al morir infligiendo una porción de su vida máxima como daño de fuego.|Potwory mają szansę eksplodować przy śmierci zadając część ich maksymalnego życia jako obrażenia fire.
|||||||||||
talent_name_glyphOfGreed|Glyph of Greed|Glyph of Greed|Glifo da Ganância| Символ жадности|貪婪雕紋|強欲のグリフ|그리드 글리프|Glyphe der Gier|Glyphe de cupidité|Glifo de Codicia|Glyph Chciwości
talent_name_glyphOfGoblin|Glyph of Goblin|Glyph of Goblin|Glifo do Goblin| Глиф Гоблина|哥布林雕紋|ゴブリンのグリフ|고블린 글리프|Glyphe des Goblins|Glyphe de gobelin|Glifo de Goblin|Glyph Goblina
talent_name_glyphOfLoot|Glyph of Loot|Glyph of Loot|Glifo do Saque| Глиф добычи|戰利品雕紋|戦利品のグリフ|루트 글리프|Glyphe der Beute|Glyphe de butin|Glifo de Botín|Glyph Łupu
talent_name_glyphOfGamba|Glyph of Gamba|Glyph of Gamba|Glifo da Gamba| Символ Гамбы|拉霸雕紋|ガンバのグリフ|감바 글리프|Glyphe der Gamba|Glyphe de gamba|Glifo de Gamba|Glyph Gamba
talent_name_glyphOfTreasure|Glyph of Treasure|Glyph of Treasure|Glifo do Tesouro| Символ сокровища|寶藏雕紋|宝のグリフ|트레져 글리프|Glyphe des Schatzes|Glyphe de trésor|Glifo de Tesoro|Glyph Skarbu
talent_name_glyphOfAngel|Glyph of Angel|Glyph of Angel|Glifo do Anjo| Символ Ангела|天使雕紋|天使のグリフ|엔젤 글리프|Glyphe des Engels|Glyphe d'ange|Glifo de Ángel|Glyph Anioła
talent_name_glyphOfAlchemist|Glyph of Alchemist|Glyph of Alchemist|Glifo do Alquimista| Глиф Алхимика|煉金術士雕紋|錬金術師のグリフ|알케미스트 글리프|Glyphe des Alchemisten|Glyphe d'alchimiste|Glifo de Alquimista|Glyph Alchemika
talent_name_glyphOfKeyMaster|Glyph of Key Master|Glyph of Key Master|Glifo do Mestre das Chaves| Глиф Мастера Ключей|鑰匙大師雕紋|鍵の達人のグリフ|키 마스터 글리프|Glyphe des Schlüsselmeisters|Glyphe de maître des clés|Glifo de Maestro de Llaves|Glyph Mistrza Kluczy
talent_name_glyphOfShadow|Glyph of Shadow|Glyph of Shadow|Glifo da Sombra| Символ Тени|暗影雕紋|影のグリフ|섀도우 글리프|Glyphe des Schattens|Glyphe d'ombre|Glifo de Sombra|Glyph Cienia
talent_name_glyphOfTower|Glyph of Tower|Glyph of Tower|Glifo da Torre| Символ башни|塔雕紋|塔のグリフ|타워 글리프|Glyphe des Turms|Glyphe de tour|Glifo de Torre|Glyph Wieży
talent_name_glyphOfBattle|Glyph of Battle|Glyph of Battle|Glifo da Batalha| Символ битвы|戰鬥雕紋|戦いのグリフ|배틀 글리프|Glyphe der Schlacht|Glyphe de bataille|Glifo de Batalla|Glyph Bitwy
talent_name_glyphOfRunemaster|Glyph of Runemaster|Glyph of Runemaster|Glifo do Mestre das Runas| Глиф мастера рун|符文大師雕紋|ルーンマスターのグリフ|룬마스터 글리프|Glyphe des Runenmeisters|Glyphe de maître des runes|Glifo de Maestro de Runas|Glyph Mistrza Run
talent_name_glyphOfJewelcrafter|Glyph of Jewelcrafter|Glyph of Jewelcrafter|Glifo do Joalheiro| Глиф Ювелира|寶石匠雕紋|宝石細工師のグリフ|쥬얼크래프트 글리프|Glyphe des Juweliers|Glyphe de joaillier|Glifo de Joyero|Glyph Jubilera
talent_name_glyphOfGeras|Glyph of Geras|Glyph of Geras|Glifo de Geras| Глиф Гераса|行商雕紋|ゲラスのグリフ|게라스 글리프|Glyphe des Geras|Glyphe de géras|Glifo de Geras|Glyph Geras
talent_name_glyphOfRift|Glyph of Rift|Glyph of Rift|Glifo da Fenda| Символ Разлома|裂縫雕紋|裂け目のグリフ|리프트 글리프|Glyphe des Risses|Glyphe de faille|Glifo de Grieta|Glyph Rift
talent_name_glyphOfBifrost|Glyph of Bifröst|Glyph of Bifröst|Glifo de Bifröst| Глиф Бифреста|彩虹橋雕紋|ビフロストのグリフ|비프로스트 글리프|Glyphe des Bifröst|Glyphe de bifröst|Glifo de Bifröst|Glyph Bifröst
talent_name_glyphOfAlfather|Glyph of Alfather|Glyph of Alfather|Glifo de Alfather| Глиф Альфатера|眾神之父雕紋|アルファザーのグリフ|알파더 글리프|Glyphe des Alfather|Glyphe d'alpère|Glifo de Alfather|Glyph Alfather
talent_name_glyphOfRelic|Glyph of Relic|Glyph of Relic|Glifo da Relíquia| Глиф Реликвии|遺物雕紋|遺物のグリフ|렐릭 글리프|Glyphe der Reliquie|Glyphe de relique|Glifo de Reliquia|Glyph Reliktu
talent_name_glyphOfSatanicDice|Glyph of Satanic Dice|Glyph of Satanic Dice|Glifo dos Dados Satânicos| Символ сатанинских игральных костей|撒旦骰子雕紋|悪魔のダイスのグリフ|사탄 다이스 글리프|Glyphe des Satanischen Würfels|Glyphe de dés sataniques|Glifo de Dados Satánicos|Glyph Satanicznych Kości
talent_name_glyphOfPrimeEvil|Glyph of Prime Evil|Glyph of Prime Evil|Glifo do Mal Primordial| Символ первобытного зла|邪惡之源雕紋|プライムイービルのグリフ|프라임 이블 글리프|Glyphe des Urbösen|Glyphe de mal primordial|Glifo de Mal Primordial|Glyph Prime Evil
talent_name_glyphOfArtisan|Glyph of Artisan|Glyph of Artisan|Glifo do Artesão | Глиф Ремесленника|工匠雕紋 |職人のグリフ |아티즌 글리프|Glyphe des Handwerkers|Glyphe d'artisan |Glifo de Artesano|Glyph Rzemieślnika
|||||||||||
talent_desc_glyphOfGreed|Adds a chance to drop extra gold on monster kills.|Adds a chance to drop extra gold on monster kills.|Adiciona a chance de obter ouro extra ao matar monstros.| Добавляет шанс получить дополнительное золото за убийство монстров.|殺死怪物時有機會掉落額外的金幣。|モンスターを倒した際に、追加のゴールドをドロップする確率を追加します。|몬스터 처치 시 추가 골드를 드롭할 확률이 증가합니다.|Erhöht die Chance, beim Töten von Monstern zusätzliches Gold fallen zu lassen.|Ajoute une chance de laisser tomber de l'or supplémentaire en tuant des monstres.|Añade probabilidad de soltar oro extra al matar monstruos.|Dodaje szansę na upuszczenie dodatkowego złota przy zabójstwach potworów.
talent_desc_glyphOfGoblin|Adds a chance to summon a treasure goblin when killing an ancient monster.|Adds a chance to summon a treasure goblin when killing an ancient monster.|Adiciona a chance de invocar um goblin do tesouro ao matar um monstro ancestral.| Добавляет шанс призвать гоблина сокровищ при убийстве древнего монстра.|殺死古代怪物時增加召喚寶藏哥布林的幾率。|古代モンスターを倒した際に、トレジャーゴブリンを召喚する確率を追加します。|고대 몬스터 처치 시 보물 고블린이 소환될 확률이 생깁니다.|Erhöht die Chance, beim Töten eines uralten Monsters einen Schatzgoblin zu beschwören.|Ajoute une chance d'invoquer un gobelin au trésor en tuant un monstre ancien.|Añade probabilidad de invocar un goblin del tesoro al matar a un monstruo antiguo.|Dodaje szansę na przywołanie treasure goblin gdy zabijesz starożytnego potwora.
talent_desc_glyphOfLoot|Adds a chance to increase loot amount on monster kills.|Adds a chance to increase loot amount on monster kills.|Adiciona a chance de aumentar a quantidade de saque ao matar monstros.| Добавляет шанс увеличить количество добычи при убийстве монстров.|增加殺死怪物時增加戰利品數量的機會。|モンスターを倒した際に、戦利品の獲得量を増やす確率を追加します。|몬스터 처치 시 전리품 수량이 증가할 확률이 생깁니다.|Erhöht die Chance, beim Töten von Monstern die Beutemenge zu erhöhen.|Ajoute une chance d'augmenter le butin en tuant des monstres.|Añade probabilidad de aumentar la cantidad de botín al matar monstruos.|Dodaje szansę na zwiększenie ilości łupu przy zabójstwach potworów.
talent_desc_glyphOfGamba|Increases the chance of shrines spawning as a gamba machine when entering a fresh zone.|Increases the chance of shrines spawning as a gamba machine when entering a fresh zone.|Aumenta a chance de santuários surgirem como uma máquina gamba ao entrar em uma nova zona.| Увеличивает вероятность появления святилищ в виде гамба-машины при входе в новую зону.|增加進入新區域時神殿變為拉霸機器生成的幾率。|新しいゾーンに入る際に、神殿がガンバマシンとして出現する確率を高めます。|새로운 지역 진입 시 감바 머신 형태 제단이 생성될 확률이 증가합니다.|Erhöht die Chance, dass Schreine als Gamba-Maschine erscheinen, wenn man eine neue Zone betritt.|Augmente les chances d'apparition de sanctuaires sous forme de machine Gamba en entrant dans une nouvelle zone.|Aumenta la probabilidad de que los santuarios aparezcan como máquina de gamba al entrar en una zona nueva.|Zwiększa szansę na to że sanktuaria spawnują się jako maszyna gamba przy wchodzeniu do świeżego zone.
talent_desc_glyphOfTreasure|Increases the chance of higher value chests when entering a fresh zone.|Increases the chance of higher value chests when entering a fresh zone.|Aumenta a chance de baús de maior valor ao entrar em uma nova zona.| Увеличивает вероятность получения сундуков с более высокой ценностью при входе в новую зону.|增加進入新區域時獲得更高價值寶箱的幾率。|新しいゾーンに入る際に、より価値の高い宝箱が出現する確率を高めます。|새로운 지역 진입 시 더 가치 있는 상자가 생성될 확률이 증가합니다.|Erhöht die Chance auf wertvollere Truhen, wenn man eine neue Zone betritt.|Augmente les chances d'obtenir des coffres de plus grande valeur en entrant dans une nouvelle zone.|Aumenta la probabilidad de cofres de mayor valor al entrar en una zona nueva.|Zwiększa szansę na skrzynie wyższej wartości przy wchodzeniu do świeżego zone.
talent_desc_glyphOfAngel|Adds a chance to increase magic find value of monster kills.|Adds a chance to increase magic find value of monster kills.|Adiciona a chance de aumentar o valor de achado mágico ao matar monstros.| Добавляет шанс увеличить ценность магических находок при убийстве монстров.|增加殺死怪物的掉寶率的幾率。|モンスターを倒した際に、魔法の発見価値を高める確率を高めます。|몬스터 처치 시 매직 파인드 수치가 증가할 확률이 생깁니다.|Erhöht die Chance, den Wert von Magischem Fund bei Monstertötungen zu erhöhen.|Ajoute une chance d'augmenter la valeur de découverte magique en tuant des monstres.|Añade probabilidad de aumentar el valor de encontrar objetos mágicos al matar monstruos.|Dodaje szansę na zwiększenie wartości magic find zabójstw potworów.
talent_desc_glyphOfAlchemist|Adds a chance to spawn a treasure chest when killing an ancient monster.|Adds a chance to spawn a treasure chest when killing an ancient monster.|Adiciona a chance de gerar um baú do tesouro ao matar um monstro ancestral.| Добавляет шанс появления сундука с сокровищами при убийстве древнего монстра.|殺死古代怪物時增加產生寶箱的幾率。|古代モンスターを倒した際に、宝箱が出現する確率を高めます。|고대 몬스터 처치 시 보물 상자가 생성될 확률이 생깁니다.|Erhöht die Chance, beim Töten eines uralten Monsters eine Schatztruhe zu erscheinen.|Ajoute une chance de faire apparaître un coffre au trésor en tuant un monstre ancien.|Añade probabilidad de invocar un cofre del tesoro al matar a un monstruo antiguo.|Dodaje szansę na spawn skrzyni ze skarbem gdy zabijesz starożytnego potwora.
talent_desc_glyphOfKeyMaster|Increases the chance to drop dungeon keys.|Increases the chance to drop dungeon keys.|Aumenta a chance de obter chaves de masmorra.| Увеличивает шанс выпадения ключей от подземелий.|增加掉落地牢鑰匙的幾率。|ダンジョンキーをドロップする確率を高めます。|던전 열쇠 드롭 확률이 증가합니다.|Erhöht die Chance, Dungeon-Schlüssel fallen zu lassen.|Augmente les chances de laisser tomber des clés de donjon.|Aumenta la probabilidad de soltar llaves de mazmorra.|Zwiększa szansę na upuszczenie kluczy do lochów.
talent_desc_glyphOfShadow|Increases the chance to spawn shadow realm when entering a fresh zone.|Increases the chance to spawn shadow realm when entering a fresh zone.|Aumenta a chance de gerar o reino das sombras ao entrar em uma nova zona.| Увеличивает вероятность появления теневого царства при входе в новую зону.|增加進入新區域時產生暗影國度的幾率。|新しいゾーンに入る際に、シャドウレルムが出現する確率を高めます。|새로운 지역 진입 시 그림자 왕국이 생성될 확률이 증가합니다.|Erhöht die Chance, beim Töten einer neuen Zone das Schattenreich zu erscheinen.|Augmente les chances d'apparition du royaume des ombres en entrant dans une nouvelle zone.|Aumenta la probabilidad de invocar el reino de las sombras al entrar en una zona nueva.|Zwiększa szansę na spawn shadow realm przy wchodzeniu do świeżego zone.
talent_desc_glyphOfTower|Increases the chance to spawn a chaos tower when entering a fresh zone.|Increases the chance to spawn a chaos tower when entering a fresh zone.|Aumenta a chance de gerar uma torre do caos ao entrar em uma nova zona.| Увеличивает вероятность появления башни хаоса при входе в новую зону.|增加進入新區域時產生混沌塔的幾率。|新しいゾーンに入る際に、カオスタワーが出現する確率を高めます。|새로운 지역 진입 시 카오스 타워가 생성될 확률이 증가합니다.|Erhöht die Chance, beim Töten einer neuen Zone einen Chaosturm zu erscheinen.|Augmente les chances d'apparition d'une tour du chaos en entrant dans une nouvelle zone.|Aumenta la probabilidad de invocar una torre del caos al entrar en una zona nueva.|Zwiększa szansę na spawn chaos tower przy wchodzeniu do świeżego zone.
talent_desc_glyphOfBattle|Increases the chance to spawn eternal battlefield when entering a fresh zone.|Increases the chance to spawn eternal battlefield when entering a fresh zone.|Aumenta a chance de gerar o campo de batalha eterno ao entrar em uma nova zona.| Увеличивает вероятность появления вечного поля битвы при входе в новую зону.|增加進入新區域時產生永恆戰場的幾率。|新しいゾーンに入る際に、永遠の戦場が出現する確率を高めます。|새로운 지역 진입 시 영원한 전장이 생성될 확률이 증가합니다.|Erhöht die Chance, beim Töten einer neuen Zone ein Ewiges Schlachtfeld zu erscheinen.|Augmente les chances d'apparition du champ de bataille éternel en entrant dans une nouvelle zone.|Aumenta la probabilidad de invocar el campo de batalla eterno al entrar en una zona nueva.|Zwiększa szansę na spawn eternal battlefield przy wchodzeniu do świeżego zone.
talent_desc_glyphOfRunemaster|Adds a chance to increase rune drop chance on monster kills.|Adds a chance to increase rune drop chance on monster kills.|Adiciona a chance de aumentar a chance de obter runas ao matar monstros.| Добавляет шанс увеличить шанс выпадения рун при убийстве монстров.|增加殺死怪物時符文掉落率的幾率。|モンスターを倒した際に、ルーンがドロップする確率を高めます。|몬스터 처치 시 룬 드롭 확률이 증가할 확률이 생깁니다.|Erhöht die Chance, beim Töten einer neuen Zone Runen zu finden.|Augmente les chances d'apparition de runes en tuant des monstres.|Añade probabilidad de aumentar la probabilidad de soltar runas al matar monstruos.|Dodaje szansę na zwiększenie szansy dropu run przy zabójstwach potworów.
talent_desc_glyphOfJewelcrafter|Adds a chance to increase gem drop chance on monster kills.|Adds a chance to increase gem drop chance on monster kills.|Adiciona a chance de aumentar a chance de obter gemas ao matar monstros.| Добавляет шанс увеличить шанс выпадения драгоценных камней при убийстве монстров.|增加殺死怪物時寶石掉落率的幾率。|モンスターを倒した際に、宝石がドロップする確率を高めます。|몬스터 처치 시 젬 드롭 확률이 증가할 확률이 생깁니다.|Erhöht die Chance, beim Töten von Monstern Edelsteine ​​zu finden.|Augmente les chances d'apparition de gemmes en tuant des monstres.|Añade probabilidad de aumentar la probabilidad de soltar gemas al matar monstruos.|Dodaje szansę na zwiększenie szansy dropu gem przy zabójstwach potworów.
talent_desc_glyphOfGeras|Increases the chance to spawn a traveling merchant when entering a fresh zone.|Increases the chance to spawn a traveling merchant when entering a fresh zone.|Aumenta a chance de gerar um comerciante viajante ao entrar em uma nova zona. | Увеличивает вероятность появления странствующего торговца при входе в новую зону.|增加進入新區域時產生旅行商人的機會。 |新しいゾーンに入るときに行商人が出現する確率が上がります。 |새로운 지역 진입 시 트레이드 상인이 등장할 확률이 증가합니다.|Erhöht die Chance, beim Töten einer neuen Zone einen reisenden Händler zu erscheinen.|Augmente les chances d'apparition d'un marchand ambulant en entrant dans une nouvelle zone. |Aumenta la probabilidad de invocar a un mercader ambulante al entrar en una zona nueva.|Zwiększa szansę na spawn podróżującego kupca przy wchodzeniu do świeżego zone.
talent_desc_glyphOfRift|Increases the chance to spawn an unstable rift when entering a fresh zone.|Increases the chance to spawn an unstable rift when entering a fresh zone.|Aumenta a chance de gerar uma fenda instável ao entrar em uma nova zona.| Увеличивает вероятность появления нестабильного разлома при входе в новую зону.|增加進入新區域時產生不穩定裂縫的機會。|新しいゾーンに入る際に不安定な裂け目が発生する確率が上昇します。|새로운 지역 진입 시 불안정한 균열이 생성될 확률이 증가합니다.|Erhöht die Chance, beim Betreten einer neuen Zone einen instabilen Riss zu erzeugen.|Augmente les chances d'apparition d'une faille instable en entrant dans une nouvelle zone.|Aumenta la probabilidad de invocar una grieta inestable al entrar en una zona nueva.|Zwiększa szansę na spawn niestabilnego rift przy wchodzeniu do świeżego zone.
talent_desc_glyphOfBifrost|Increases the chance to drop a bifröst key on monster kills.|Increases the chance to drop a bifröst key on monster kills.|Aumenta a chance de obter uma chave de Bifröst ao derrotar monstros.| Увеличивает шанс выпадения ключа-бифреста при убийстве монстров.|增加殺死怪物時掉落彩虹橋鑰匙的幾率。|モンスターを倒した際にビフロストの鍵をドロップする確率が上昇します。|몬스터 처치 시 비프로스트 열쇠를 드롭할 확률이 증가합니다.|Erhöht die Chance, bei Monster-Kills einen Bifröst-Schlüssel fallen zu lassen.|Augmente les chances de laisser tomber une clé de Bifröst en tuant des monstres.|Aumenta la probabilidad de soltar una llave de Bifröst al matar monstruos.|Zwiększa szansę na drop bifröst key przy zabójstwach potworów.
talent_desc_glyphOfAlfather|Increases the chance to drop an angelic key on monster kills.|Increases the chance to drop an angelic key on monster kills.|Aumenta a chance de obter uma chave angelical ao derrotar monstros.| Увеличивает шанс выпадения ангельского ключа при убийстве монстров.|增加殺死怪物時掉落天使鑰匙的幾率。|モンスターを倒した際にエンジェリックの鍵をドロップする確率が上昇します。|몬스터 처치 시 엔젤릭 열쇠를 드롭할 확률이 증가합니다.|Erhöht die Chance, bei Monster-Kills einen Engelsschlüssel fallen zu lassen.|Augmente les chances de laisser tomber une clé angélique en tuant des monstres.|Aumenta la probabilidad de soltar una llave angelical al matar monstruos.|Zwiększa szansę na drop angelic key przy zabójstwach potworów.
talent_desc_glyphOfRelic|Increases the chance to drop a relic on monster kills.|Increases the chance to drop a relic on monster kills.|Aumenta a chance de obter uma relíquia ao derrotar monstros.| Увеличивает шанс выпадения реликвии при убийстве монстров.|增加殺死怪物時掉落遺物的幾率。|モンスターを倒した際にレリックをドロップする確率が上昇します。|몬스터 처치 시 유물 드롭 확률이 증가합니다.|Erhöht die Chance, bei Monster-Kills eine Reliquie fallen zu lassen.|Augmente les chances de laisser tomber une relique en tuant des monstres.|Aumenta la probabilidad de soltar una reliquia al matar monstruos.|Zwiększa szansę na drop relic przy zabójstwach potworów.
talent_desc_glyphOfSatanicDice|Increases the chance to drop a satanic dice on monster kills.|Increases the chance to drop a satanic dice on monster kills.|Aumenta a chance de obter um dado satânico ao derrotar monstros.| Увеличивает шанс выпадения сатанинского кубика при убийстве монстров.|增加殺死怪物時掉落撒旦骰子的幾率。|モンスターを倒した際にサタニックダイスをドロップする確率が上昇します。|몬스터 처치 시 사탄 주사위를 드롭할 확률이 증가합니다.|Erhöht die Chance, bei Monster-Kills einen satanischen Würfel fallen zu lassen.|Augmente les chances de laisser tomber un dé satanique en tuant des monstres.|Aumenta la probabilidad de soltar un dado satánico al matar monstruos.|Zwiększa szansę na drop satanic dice przy zabójstwach potworów.
talent_desc_glyphOfPrimeEvil|Increases the chance to drop prime evil parts from act bosses.|Increases the chance to drop prime evil parts from act bosses.|Aumenta a chance de obter partes do mal primordial de chefes de ato.| Увеличивает шанс выпадения злых частей из боссов акта.|增加從章節BOSS身上掉落主要邪惡部件的幾率。|アクトボスからプライムイービルパーツをドロップする確率が上昇します。|액트 보스 처치 시 보스 수집품을 드롭할 확률이 증가합니다.|Erhöht die Chance, bei Akt-Bossen Teile des Urbösen fallen zu lassen.|Augmente les chances de laisser tomber des parties maléfiques primordiales sur les boss d'acte.|Aumenta la probabilidad de soltar partes de mal primordial de los jefes de acto.|Zwiększa szansę na drop prime evil parts z bossów aktów.
talent_desc_glyphOfArtisan|Increases the chance to drop jewels and orbs on monster kills.|Increases the chance to drop jewels and orbs on monster kills.|Aumenta a chance de obter joias e orbes ao derrotar monstros. | Увеличивает шанс выпадения драгоценностей и сфер при убийстве монстров.|增加殺死怪物時掉落珠寶及寶珠的幾率。 |モンスターを倒した際にジュエルとオーブをドロップする確率が上昇します。 |몬스터 처치 시 쥬얼과 오브를 드롭할 확률이 증가합니다.|Erhöht die Chance, bei Monster-Kills Juwelen und Kugeln fallen zu lassen.|Augmente les chances de laisser tomber des joyaux et des orbes en tuant des monstres. |Aumenta la probabilidad de soltar joyas y orbes al matar monstruos.|Zwiększa szansę na drop jewels i orbs przy zabójstwach potworów.
|||||||||||
tree_1_0|Shield Bearer|Kilvenkäyttäjä|Portador do Escudo| Носитель щита|持盾者|シールドベアラー|쉴드 배어러|Schildknappe|Porteur de bouclier|Portador de Escudo|Tarczownik
tree_2_0|Berserker|Raivopää|Berserker| Берсерк|狂戰士|バーサーカー|버서커 레이지|Berserker|Berserker|Berserker|Berserker
tree_1_1|Flame Diviner|Tuliennustaja|Oráculo Flamejante| Предсказатель пламени|火焰神|炎の占い師|플레임 디바이너|Flammenwahrsager|Pyromancien|Adivino de Llamas|Wróżbita Płomieni
tree_2_1|Arsonist|Tuhopolttaja|Incendiário| Поджигатель|縱火犯|放火犯|아르소니스트|Brandstifter|Incendiaire|Incendiario|Podpalacz
tree_1_2|Sharpshooter|Tarkka-ampuja|Franco-Atirador| Меткий стрелок|神槍手|シャープシューター|샵슈터|Scharfschütze|Tireur d'élite|Tirador Preciso|Strzelec wyborowy
tree_2_2|Engineer|Nikkaroija|Engenheiro| Инженер|工程師|エンジニア|엔지니어|Ingenieur|Ingénieur|Ingeniero|Inżynier
tree_1_3|Gunner|Ampuja|Artilheiro| Стрелок|炮手|砲手|거너 드론|Kanonier|Artilleur|Artillero|Kanonier
tree_2_3|Plunderer|Laivojenupottaja|Saqueador| Грабитель|掠奪者|略奪者|플런더러|Plünderer|Pilleur|Saqueador|Grabieżca
tree_1_4|Wanderer|Vaeltaja|Andarilho| Странник|流浪者|放浪者|원더러|Wanderer|Vagabond|Errante|Wędrowiec
tree_2_4|Vagabond|Kiertolainen|Vagabundo| Бродяга|漂泊者|バガボンド|베가본드|Vagabund|Derviche|Vagabundo|Włóczęga
tree_1_5|Hillbilly|Punaniska|Caipira| Деревенщина|鄉下人|ヒルビリー|힐빌리 |Hinterwäldler|Péquenaud|Hillbilly|Wieśniak
tree_2_5|Logger|Puunhakkaaja|Madereiro| Регистратор|伐木|ロガー|로거|Logger|Bûcheron|Leñador|Drwal
tree_1_6|Venomancer|Myrkyttäjä|Venomante| Веномант|劇毒法師|ヴェノマンサー|베노맨서|Giftmischer|Venomancien|Venomante|Jadowity
tree_2_6|Lord of the Dead|Kuolleiden Ruhtinas|Senhor dos Mortos| Властелин мертвых|死者之王|死者の主|로드 오브 더 데드|Herr der Toten|Seigneur des morts|Señor de los Muertos|Władca Umarłych
tree_1_7|Ronin|Yksinäinen Susi|Ronin| Ронин|浪人|浪人|로닌|Ronin|Ronin|Ronin|Ronin
tree_2_7|Emperor's Blade|Keisarin Miekka|Lâmina do Imperador| Клинок Императора|皇帝之刃|皇帝の刃|엠퍼러 블레이드|Klinge des Kaisers|Lame de l'empereur|Hoja del Emperador|Ostrze Cesarza
tree_1_8|Justiciar|Oikeuttaja|Justiceiro| Юстициар|正義|司法|저스티셔리어|Justiziar|Justicier|Justiciero|Sędzia
tree_2_8|Lionheart|Leijonasydän|Coração de Leão| Львиное Сердце|勇敢|ライオンハート|라이온하트|Löwenherz|Coeur de Lion|Corazón de León|Lwie Serce
tree_1_9|Huntress|Metsästäjä|Caçadora| Охотница|女獵手|狩人|헌트리스|Jägerin|Chasseuse|Cazadora|Łowczyni
tree_2_9|Valkyrie|Valkyria|Valquíria| Валькирия|女武神|ヴァルキリー|발키리|Walküre|Valkyrie|Valkiria|Walkiria
tree_1_10|Gunslinger|Pyssysankari|Pistoleiro| Стрелок|槍手|ガンスリンガー|건슬링거|Revolverheld|Flingueur|Pistolero|Rewolwerowiec
tree_2_10|Executioner|Teloittaja|Carrasco| Палач|劊子手|死刑執行人|이그제큐셔너|Henker|Bourreau|Verdugo|Kat
tree_1_11|Bone Conjurer|Luidentekijä|Conjurador de Ossos| Заклинатель костей|骨咒師|ボーンコンジュラー|본 컨저러|Knochenbeschwörer|Invocateur d'os|Conjurador de Huesos|Zaklinacz Kości
tree_2_11|Blood Lord|Veren Ruhtinas|Senhor do Sangue| Кровавый Лорд|鮮血領主|ブラッドロード|블러드 로드|Blutlord|Seigneur du sang|Señor de la Sangre|Władca Krwi
tree_1_12|Elementalist|Elementalisti|Elementalista| Элементалист|元素師|エレメンタリスト|엘레멘탈리스트|Elementalist|Élémentaliste|Elementalista|Elementalista
tree_2_12|Chieftain|Johtaja|Cacique| Вождь|酋長|チーフテン|치프테인|Häuptling|Totémiste|Cacique|Wódz
tree_1_13|Zealot|Kiihkoilija|Fanático| Фанатик|狂熱者|ジーロット|제롯|Eiferer|Zélote|Zelote|Gorliwy
tree_2_13|Divine Being|Taivaallinen Olemus|Ser Divino| Божественное Существо|神聖存在|神の存在|디바인 비잉|Göttliches Wesen|Être divin|Ser Divino|Boska Istota
tree_1_14|Juggernaut|Pysäyttämätön Voima|Colosso| Джаггернаут|主宰|ジャガーノート|저거너트|Moloch|Juggernaut|Juggernaut|Juggernaut
tree_2_14|Gladiator|Gladiaattori|Gladiador| Гладиатор|角鬥士|剣闘士|글레디에이터|Gladiator|Gladiateur|Gladiador|Gladiator
tree_1_15|Sanguine Physician|Sangviininen Tohtori|Médico Sanguíneo| Сангвиник-врач|嗜血醫師|血統の医師|상귄 피지션|Heiterer Arzt|Médecin sanguinaire|Médico Sanguíneo|Lekarz Krwi
tree_2_15|Plague Caller|Rutonkutsuja|Chamador de Pragas| Призыватель Чумы|瘟疫召喚者|ペストコーラー|플레그 콜러|Pestrufer|Porteur de peste|Llamador de Plaga|Przyzywacz Zarazy
tree_1_16|Champion|Sotamestari|Campeão| Чемпион|鬥士|チャンピオン|챔피언|Champion|Champion|Campeón|Czempion
tree_2_16|Knight|Ritari|Cavaleiro| Рыцарь|騎士|騎士|나이트 |Ritter|Chevalier|Caballero|Rycerz
tree_1_17|Son of Ymir|Son of Ymir|Filho de Ymir| Сын Имира|尤彌爾之子|ユミルの息子|손 오브 이미르|Sohn von Ymir|Fils d'Ymir|Hijo de Ymir|Syn Ymira
tree_2_17|Son of Aurgelmir|Son of Aurgelmir|Filho de Aurgelmir| Сын Аургельмира|奧格爾米爾之子|オーゲルミルの息子|손 오브 아우르겔미르|Sohn von Aurgelmir|Fils d'Aurgelmir|Hijo de Aurgelmir|Syn Aurgelmira
tree_1_18|Sand Manipulator|Sand Manipulator|Manipuladora das Areias| Манипулятор для песка|砂操縱者|砂を操る者|샌드 매니퓰레이터|Sandmanipulator|Manipulateur de sable|Manipulador de Arena|Manipulant Piaskowy
tree_2_18|Chronomancer|Chronomancer|Cronomante| Хрономант|時空漫遊者|クロノマンサー|크로노맨서|Chronomant|Chronomancien|Cronomante|Chronomanta
tree_1_19|Solar Prophet|Auringon profeetta|Profeta Solar| Солнечный Пророк|太陽先知|太陽の預言者|솔라 프로펫|Solarprophet|Prophète solaire|Profeta Solar|Słoneczny Prorok
tree_2_19|Lunar Prophet|Kuun profeetta|Profeta Lunar| Лунный Пророк|月亮先知|月の預言者|루나 프로펫|Lunarprophet|Prophète lunaire|Profeta Lunar|Księżycowy Prorok
tree_1_20|Face of Duality|Kaksinaisuuden kasvot|Face da Dualidade| Лицо Двойственности|雙重人格|二面性の顔|페이스 오브 듀얼리티|Gesicht der Dualität|Visage de la dualité|Rostro de la Dualidad|Oblicze Dualności
tree_2_20|Flesh Ripper|Lihan viiltäjä|Estripador de Carne| Потрошитель плоти|撕肉者|肉を切り裂く者|플레시 리퍼|Fleischreißer|Éventreur de chair|Desgarrador de Carne|Rozpruwacz Ciał
tree_1_21|Storm Conjurer|Storm Conjurer|Conjurador da Tempestade| Заклинатель бури|風暴魔法師|嵐の魔術師|스톰 컨저러|Sturmbeschwörer|Conjurateur de tempête|Conjurador de Tormentas|Zaklinacz Burzy
tree_2_21|Essence of Storm|Myrskyn olemus|Essência da Tempestade| Сущность Шторма|風暴精髓|嵐のエッセンス|에센스 오브 스톰|Essenz des Sturms|Essence de tempête|Esencia de la Tormenta|Esencja Burzy
tree_1_22|Metal Guitarist|Metallikitaristi|Guitarrista de Metal| Гитарист дэт-метала|死亡金屬吉他手|デスメタルギタリスト|메탈 기타리스트|Death-Metal-Gitarrist|Guitariste de death metal|Guitarrista Metálico|Metal Gitarzysta
tree_2_22|Pit Fighter|Pit Fighter |Porradeiro| Пит-файтер|鬥士 |ピットファイター |핏 파이터|Pit Fighter|Combattant de fosse |Luchador del Pit|Pit Fighter
tree_1_23|Forest Mystic|Forest Mystic|Místico da Floresta|Лесной мистик|森林秘術師|森の神秘家|숲의 신비주의자|Waldmystiker|Mystique des forêts|Místico del Bosque|Forest Mystic
tree_2_23|Skinwalker|Skinwalker|Metamorfo|Оборотень |變形者 |スキンウォーカー |스킨워커 |Hautwandler|Marcheur de peau |Caminante de Piel|Skinwalker 
|||||||||||
node_magic|Magic Node|Magic Node|Nodo Mágico| Волшебный узел|魔法節點|魔法ノード|마법 노드|Magischer Knoten|Nœud magique|Nodo Mágico|
node_heroic|Heroic Node|Heroic Node|Nodo Heroico| Героический узел|英雄節點|英雄ノード |영웅 노드|Heroischer Knoten|Nœud héroïque |Nodo Heroico|
|||||||||||
node_mythic_fury|Mythic Node of Fury|Mythic Node of Fury|Nodo Místico da Fúria| Мифический Узел Ярости|盛怒神話節點|激怒の神話ノード|신화적 분노의 노드|Mythischer Knoten der Wut|Nœud mythique de fureur|Nodo Mítico de Furia|
node_mythic_potential|Mythic Node of Potential|Mythic Node of Potential|Nodo Místico do Potencial| Мифический узел потенциала|潛力神話節點|潜在力の神話ノード|신화적 잠재력의 노드|Mythischer Knoten des Potenzials|Nœud mythique de potentiel|Nodo Mítico de Potencial|
node_mythic_purepower|Mythic Node of Pure Power|Mythic Node of Pure Power|Nodo Místico do Poder Puro| Мифический узел чистой силы|純粹力量神話節點|純粋な力の神話ノード|신화적 순수한 힘의 노드|Mythischer Knoten der reinen Kraft|Nœud mythique de puissance pure|Nodo Mítico de Poder Puro|
node_mythic_grandintellect|Mythic Node of Grand Intellect|Mythic Node of Grand Intellect|Nodo Místico do Grande Intelecto| Мифический Узел Великого Интеллекта|大智慧神話節點|偉大な知性の神話ノード|신화적 지성의 노드|Mythischer Knoten des großen Intellekts|Nœud mythique de grande intelligence|Nodo Mítico de Gran Intelecto|
node_mythic_longlife|Mythic Node of Long Life|Mythic Node of Long Life|Nodo Místico da Longa Vida| Мифический узел долгой жизни|長壽神話節點|長寿の神話ノード|신화적 장수의 노드|Mythischer Knoten des langen Lebens|Nœud mythique de longue vie|Nodo Mítico de Vida Larga|
node_mythic_endlessenergy|Mythic Node of Endless Energy|Mythic Node of Endless Energy|Nodo Místico da Energia Infinita| Мифический узел бесконечной энергии|無盡能量神話節點|無限のエネルギーの神話ノード|신화적 끝없는 에너지의 노드|Mythischer Knoten der endlosen Energie|Nœud mythique d'énergie infinie|Nodo Mítico de Energía Infinita|
node_mythic_rage|Mythic Node of Rage|Mythic Node of Rage|Nodo Místico da Raiva| Мифический Узел Ярости|憤怒神話節點|怒りの神話ノード|신화적 분노의 노드|Mythischer Knoten der Wut|Nœud mythique de rage|Nodo Mítico de Rabia|
node_mythic_tactician|Mythic Node of Tactician|Mythic Node of Tactician|Nodo Místico do Estrategista| Мифический узел тактика|戰術家神話節點|戦術家の神話ノード|신화적 전술가의 노드|Mythischer Knoten des Taktikers|Nœud mythique de tacticien|Nodo Mítico de Estratega|
node_mythic_rapidfire|Mythic Node of Rapid Fire|Mythic Node of Rapid Fire|Nodo Místico da Sabedoria sem Fim| Мифический узел быстрого огня|極速開火神話節點|速射の神話ノード|신화적 속사포의 노드|Mythischer Knoten des Schnellfeuers|Nœud mythique de tir rapide|Nodo Mítico de Fuego Rápido|
node_mythic_recovery|Mythic Node of Recovery|Mythic Node of Recovery|Nodo Místico da Recuperação| Мифический узел восстановления|恢復神話節點|回復の神話ノード|신화적 회복의 노드|Mythischer Knoten der Genesung|Nœud mythique de récupération|Nodo Mítico de Recuperación|
node_mythic_brilliance|Mythic Node of Brilliance|Mythic Node of Brilliance|Nodo Místico do Brilhantismo| Мифический узел гениальности|輝煌神話節點|輝きの神話ノード|신화적 광채의 노드|Mythischer Knoten der Brillanz|Nœud mythique de brillance|Nodo Mítico de Brillantez|
node_mythic_soulhunger|Mythic Node of Soul Hunger|Mythic Node of Soul Hunger|Nodo Místico da Fome de Alma| Мифический узел голода души|饑餓靈魂神話節點|魂の飢えの神話ノード|신화적 영혼의 굶주림의 노드|Mythischer Knoten des Seelenhungers|Nœud mythique de faim d'âme|Nodo Mítico de Hambre de Alma|
node_mythic_absoluteresistance|Mythic Node of Absolute Resistance|Mythic Node of Absolute Resistance|Nodo Místico da Resistência Absoluta| Мифический узел абсолютного сопротивления|絕對抗性神話節點|絶対的な抵抗の神話ノード|신화적 절대 저항의 노드|Mythischer Knoten des absoluten Widerstands|Nœud mythique de résistance absolue|Nodo Mítico de Resistencia Absoluta|
node_mythic_godspresence|Mythic Node of God’s Presence|Mythic Node of God’s Presence|Nodo Místico da Presença de Deus| Мифический узел присутствия Бога|上帝般神話節點|神の存在の神話ノード|신화적 신의 존재의 노드|Mythischer Knoten der Gegenwart Gottes|Nœud mythique de présence divine|Nodo Mítico de Presencia de Dios|
node_mythic_manmadeluck|Mythic Node of Man-made Luck|Mythic Node of Man-made Luck|Nodo Místico da Sorte Artificial| Мифический узел рукотворной удачи|好運的神話節點|人為的な幸運の神話ノード|신화적 인조 행운의 노드|Mythischer Knoten des von Menschenhand geschaffenen Glücks|Nœud mythique de chance artificielle|Nodo Mítico de Suerte Hecha por el Hombre|
node_mythic_swiftness|Mythic Node of Swiftness|Mythic Node of Swiftness|Nodo Místico da Rapidez| Мифический узел стремительности|敏捷神話節點|素早さの神話ノード|신화적 신속함의 노드|Mythischer Knoten der Schnelligkeit|Nœud mythique de rapidité|Nodo Mítico de Velocidad|
node_mythic_champion|Mythic Node of Champion|Mythic Node of Champion|Nodo Místico do Campeão| Мифический узел чемпиона|冠軍神話節點|チャンピオンの神話ノード|신화적 챔피언의 노드|Mythischer Knoten des Champions|Nœud mythique de champion|Nodo Mítico de Campeón|
node_mythic_master|Mythic Node of Master|Mythic Node of Master|Nodo Místico do Mestre| Мифический Узел Мастера|大師的神話節點|マスターの神話ノード|신화적 마스터의 노드|Mythischer Knoten des Meisters|Nœud mythique de maître|Nodo Mítico de Maestro|
node_mythic_jeweler|Mythic Node of Jeweler|Mythic Node of Jeweler|Nodo Místico do Joalheiro| Мифический узел ювелира|珠寶神話節點|宝石商の神話ノード|신화적 보석상의 노드|Mythischer Knoten des Juweliers|Nœud mythique de joaillier|Nodo Mítico de Joyero|
node_mythic_craftsman|Mythic Node of Craftsman|Mythic Node of Craftsman|Nodo Místico do Artesão| Мифический Узел Мастера|工匠神話節點 |職人の神話ノード |신화적 장인의 노드 |Mythischer Knoten des Handwerkers|Nœud mythique d'artisan |Nodo Mítico de Artesano|
|||||||||||
incarnation_tutorial_1_header|Welcome to Incarnation Tree!|Welcome to Incarnation Tree!|Bem vindo a Árvore da Incarnação!| Добро пожаловать в Древо Воплощений!|歡迎來到化身樹！|インカーネーション ツリーへようこそ!|인카네이션 트리에 오신 것을 환영합니다!|Willkommen bei Incarnation Tree!|Bienvenue dans l'Arbre de l'Incarnation !|¡Bienvenido al Árbol de la Encarnación!|
incarnation_tutorial_1_text|You unlock [c_red]Incarnation Tree[c_reset] after reaching level 100 on your character.[nl]You receive 2 Incarnation Points for each Hero Level, which you can spend on the tree.[nl]Use [c_green][input_incarnation_add][c_reset] to add points, [c_green][input_incarnation_remove][c_reset] to remove points and [c_green][input_incarnation_move][c_reset] to navigate and [c_green][input_incarnation_zoom][c_reset] to zoom in and out the tree. [nl]Assigning and removing points costs gold, so before saving, ensure your selections are as desired![nl]You can edit your selections at any time.|You unlock [c_red]Incarnation Tree[c_reset] after reaching level 100 on your character.[nl]You receive 2 Incarnation Points for each Hero Level, which you can spend on the tree.[nl]Use [c_green][input_incarnation_add][c_reset] to add points, [c_green][input_incarnation_remove][c_reset] to remove points and [c_green][input_incarnation_move][c_reset] to navigate and [c_green][input_incarnation_zoom][c_reset] to zoom in and out the tree. [nl]Assigning and removing points costs gold, so before saving, ensure your selections are as desired![nl]You can edit your selections at any time.|Você desbloqueia a [c_red]Árvore da Incarnação[c_reset] depois de atingir o nível 100 com seu personagem.[nl]Você recebe 2 Pontos de Incarnação para cada nível heroico, que podem ser gastos na árvore.[nl]Use o [c_green]A[c_reset] para adicionar pontos, [c_green]X[c_reset] para remover pontos e [c_green]Analógico Direito[c_reset] para navegar e ampliar a árvore. [nl]Atribuir e remover pontos custa ouro, portanto, antes de salvar, certifique-se de que suas seleções estão de acordo com o desejado![nl]Você pode editar suas seleções a qualquer momento.| Вы разблокируете [c_red]Дерево воплощения[c_reset] после достижения 100-го уровня вашим персонажем.[nl]Вы получаете 2 очка воплощения за каждый уровень героя.|當您的角色達到 100 級後，您將解鎖[c_red]化身樹[c_reset]。[nl]您每個英雄等級將獲得 2 個化身點，您可以將其配置在樹上。[nl]使用[c_green]左鍵[c_reset]來添加點數，[c_green]右鍵[c_reset]來刪除點數，以及[c_green]左鍵和滑鼠滾動[c_reset]來瀏覽和縮放樹。[nl]分配和刪除點數需要花費金幣，因此在保存之前，請確保您的選擇是您想要的！[nl]您可以隨時編輯您的選擇|キャラクターがレベル 100 に到達すると、[c_red]インカネーション ツリー[c_reset] がアンロックされます。[nl]ヒーロー レベルごとに 2 つのインカネーション ポイントを獲得し、ツリーに使用できます。[nl]ポイントを追加するには [c_green]A[c_reset]、[c_green]X[c_reset]、[c_green]右スティック[c_reset] でズームインとズームアウトします。[nl]ポイントの割り当てと削除にはゴールドがかかるため、保存する前に選択内容が正しいことを確認してください。[nl]選択内容はいつでも編集できます。 |캐릭터가 레벨 100에 도달하면 [c_red]인카네이션 트리[c_reset]가 잠금 해제됩니다.[nl]영웅 레벨마다 인카네이션 포인트 2개를 받으며, 이를 트리에 사용할 수 있습니다.[nl]포인트를 추가하려면 [c_green]A[c_reset]을 사용하고, 포인트를 제거하려면 [c_green]X[c_reset]을 사용하고, 확대/축소하려면 [c_green]오른쪽 스틱[c_reset]을 사용합니다.[nl]포인트를 할당하고 제거하려면 골드가 필요하므로 저장하기 전에 선택 사항이 원하는 대로인지 확인하세요![nl]언제든지 선택 사항을 편집할 수 있습니다.|Sie schalten den [c_red]Inkarnationsbaum[c_reset] frei, nachdem Sie mit Ihrem Charakter Level 100 erreicht haben.[nl]Sie erhalten 2 Inkarnationspunkte für jedes Heldenlevel, die Sie für den Baum ausgeben können.[nl]Verwenden Sie [c_green]A[c_reset], um Punkte hinzuzufügen, [c_green]X[c_reset], um Punkte zu entfernen, und [c_green]den rechten Stick[c_reset] zum Vergrößern und Verkleinern. [nl]Das Zuweisen und Entfernen von Punkten kostet Gold. Stellen Sie daher vor dem Speichern sicher, dass Ihre Auswahl den gewünschten Wert hat![nl]Sie können Ihre Auswahl jederzeit bearbeiten.|Vous débloquez [c_red]Arbre d'Incarnation[c_reset] après avoir atteint le niveau 100 sur votre personnage.[nl]Vous recevez 2 points d'Incarnation pour chaque niveau de héros, que vous pouvez dépenser sur l'arbre.[nl]Utilisez [c_green]A[c_reset] pour ajouter des points, [c_green]X[c_reset] pour supprimer des points et [c_green]Stick droit[c_reset] pour zoomer et dézoomer. [nl]L'attribution et la suppression de points coûtent de l'or, donc avant de sauvegarder, assurez-vous que vos sélections sont comme vous le souhaitez ![nl]Vous pouvez modifier vos sélections à tout moment. ||
incarnation_tutorial_2_header|Magic Nodes|Magic Nodes|Nodos Mágicos| Магические узлы|魔法節點 |マジックノード |마법 노드|Magische Knoten|Nœuds magiques |Nodos Mágicos|
incarnation_tutorial_2_text|There are 6 different [c_aqua]Magic Nodes[c_reset] to choose from, each corresponding to a different attribute. [nl]Each [c_aqua]Magic Node[c_reset] grants you +1 to the attribute it provides: [c_coin]Strength, Dexterity, Intelligence, Energy, Armor or Vitality[c_reset].|There are 6 different [c_aqua]Magic Nodes[c_reset] to choose from, each corresponding to a different attribute. [nl]Each [c_aqua]Magic Node[c_reset] grants you +1 to the attribute it provides: [c_coin]Strength, Dexterity, Intelligence, Energy, Armor or Vitality[c_reset].|Há 6 [c_aqua]Nodos Mágicos[c_reset] diferentes para escolher, cada um correspondendo a um atributo diferente. [nl]Cada [c_aqua]Nodo Mágico[c_reset] concede a você +1 no atributo que ele fornece: [c_coin]Força, Destreza, Inteligência, Energia, Armadura ou Vitalidade[c_reset].| На выбор предлагается 6 различных [c_aqua]Магических узлов[c_reset]|有6個不同的[c_aqua]魔法節點[c_reset]可供選擇，每個對應一個不同的屬性。[nl]每個[c_aqua]魔法節點[c_reset]為您提供的屬性提供+1：力量、敏捷、智力、能量、護甲或生命值[c_reset]|選択できる [c_aqua]マジック ノード[c_reset]は 6 種類あり、それぞれ異なる属性に対応しています。[nl]各 [c_aqua]マジック ノード[c_reset] は、[c_coin]筋力、器用さ、知性、エネルギー、防御力、または生命力[c_reset]の属性に +1 を付与します。 |총 6가지의 [c_aqua]마법 노드[c_reset] 중에서 선택할 수 있으며[nl]각각은 서로 다른 능력치에 대응합니다.[nl]각 [c_aqua]마법 노드[c_reset]는 다음의 해당 능력치를 +1만큼 증가시켜줍니다 :[nl][c_coin]힘, 민첩, 지능 에너지, 방어력 그리고 생명력[c_reset].|Es stehen 6 verschiedene [c_aqua]Magische Knoten[c_reset] zur Auswahl, die jeweils einem anderen Attribut entsprechen. [nl]Jeder [c_aqua]Magische Knoten[c_reset] gewährt Ihnen +1 auf das Attribut, das er bereitstellt: [c_coin]Stärke, Geschicklichkeit, Intelligenz, Energie, Rüstung oder Vitalität[c_reset].|Il existe 6 [c_aqua]nœuds magiques[c_reset] différents parmi lesquels choisir, chacun correspondant à un attribut différent. [nl]Chaque [c_aqua]nœud magique[c_reset] vous accorde +1 à l'attribut qu'il fournit : [c_coin]Force, Dextérité, Intelligence, Énergie, Armure ou Vitalité[c_reset]. |Hay 6 [c_aqua]Nodos Mágicos[c_reset] diferentes para elegir, cada uno correspondiente a un atributo distinto. [nl]Cada [c_aqua]Nodo Mágico[c_reset] te otorga +1 al atributo que proporciona: [c_coin]Fuerza, Destreza, Inteligencia, Energía, Armadura o Vitalidad[c_reset].|
incarnation_tutorial_3_header|Mythic Nodes|Mythic Nodes|Nodos Míticos| Мифические Узлы|神話節點 |神話ノード |신화 노드|Mythische Knoten|Nœuds mythiques |Nodos Míticos|
incarnation_tutorial_3_text|[c_purple]Mythic Nodes[c_reset] are powerful and unique, offering various useful stats.[nl]They can provide significant boosts in power, utility or defense.[nl]Hover over a node to see its tooltip and learn about its specific benefits, then plan your route accordingly.|[c_purple]Mythic Nodes[c_reset] are powerful and unique, offering various useful stats.[nl]They can provide significant boosts in power, utility or defense.[nl]Hover over a node to see its tooltip and learn about its specific benefits, then plan your route accordingly.|Os [c_purple]Nodos Míticos[c_reset] são poderosos e únicos, oferecendo várias estatísticas úteis.[nl]Eles podem proporcionar aumentos significativos de poder, utilidade ou defesa.[nl]Passe o mouse sobre um nodo para ver sua descrição e aprender sobre seus benefícios específicos, depois planeje sua rota de acordo.| [c_purple]Мифические узлы[c_reset] мощные и уникальные|[c_purple]神話節點[c_reset]功能強大且獨特，提供各種有用的統計數據。[nl]它們可以顯著提高力量、實用性和防禦力。[nl]將鼠標懸停在節點上查看其工具提示並了解其具體優勢，然後相應地規劃路線|[c_purple]ミシックノード[c_reset]は強力かつユニークで、さまざまな便利な統計情報を提供します。[nl]それらは、パワー、ユーティリティ、または防御を大幅に向上させることができます。[nl]ノードにマウスを合わせるとツールチップが表示され、その特定の利点について学習し、それに応じてルートを計画します。 |[c_purple]신화 노드[c_reset]는 강력하고 독특하며, 다양한 유용한 능력치를 제공합니다.[nl]공격,유틸리티 또는 방어 측면에서 큰 향상을 줄 수 있습니다.[nl]노드 위에 마우스를 올리면 툴팁을 통해 구체적인 효과를 확인할 수 있으니, 이를 참고해 경로를 계획하세요.|[c_purple]Mythische Knoten[c_reset] sind mächtig und einzigartig und bieten verschiedene nützliche Statistiken.[nl]Sie können die Leistung, den Nutzen oder die Verteidigung erheblich steigern.[nl]Bewegen Sie den Mauszeiger über einen Knoten, um seinen Tooltip anzuzeigen und mehr über seine spezifischen Vorteile zu erfahren. Planen Sie dann Ihre Route entsprechend.|[c_purple]Les nœuds mythiques[c_reset] sont puissants et uniques, offrant diverses statistiques utiles.[nl]Ils peuvent fournir des améliorations significatives en termes de puissance, d'utilité ou de défense.[nl]Survolez un nœud pour voir son infobulle et en savoir plus sur ses avantages spécifiques, puis planifiez votre itinéraire en conséquence. |Los [c_purple]Nodos Míticos[c_reset] son poderosos y únicos, ofreciendo diversas estadísticas útiles.[nl]Pueden proporcionar aumentos significativos en poder, utilidad o defensa.[nl]Pasa el cursor sobre un nodo para ver su tooltip y conocer sus beneficios específicos, luego planea tu ruta en consecuencia.|
incarnation_tutorial_4_header|Heroic Nodes|Heroic Nodes|Nodos Heroicos| Героические Узлы|英雄節點 |英雄ノード |영웅 노드|Heroische Knoten|Nœuds héroïques |Nodos Heroicos|
incarnation_tutorial_4_text|[c_heroic]Heroic Nodes[c_reset] are the most potent nodes on the Incarnation Tree.[nl]While they do not provide immediate benefits, you can socket unique [c_heroic]Glyphs[c_reset] to them to gain powerful passive abilities.[nl]To further ehance the power of the [c_heroic]Glyph[c_reset], pay attention to its properties.[nl][c_heroic]Glyphs[c_reset] can increase in power for each assigned [c_aqua]Magic Node[c_reset] in a [c_coin]5 x 5 area around[c_reset] the [c_heroic]Heroic Node[c_reset] where the [c_heroic]Glyph[c_reset] is socketed.|[c_heroic]Heroic Nodes[c_reset] are the most potent nodes on the Incarnation Tree.[nl]While they do not provide immediate benefits, you can socket unique [c_heroic]Glyphs[c_reset] to them to gain powerful passive abilities.[nl]To further ehance the power of the [c_heroic]Glyph[c_reset], pay attention to its properties.[nl][c_heroic]Glyphs[c_reset] can increase in power for each assigned [c_aqua]Magic Node[c_reset] in a [c_coin]5 x 5 area around[c_reset] the [c_heroic]Heroic Node[c_reset] where the [c_heroic]Glyph[c_reset] is socketed.|Os [c_heroic]Nodos Heroicos[c_reset] são os nodos mais potentes da Árvore de Incarnação.[nl]Embora eles não ofereçam benefícios imediatos, você pode inserir [c_heroic]Glifos[c_reset] únicos neles para obter habilidades passivas poderosas. [nl]Para aumentar ainda mais o poder do [c_heroic]Glifo[c_reset], preste atenção em suas propriedades.[nl][c_heroic]Glifos[c_reset] podem aumentar seu poder para cada [c_aqua]Nodo Mágico[c_reset] atribuído em uma [c_coin]área de 5 x 5 ao redor[c_reset] do [c_heroic]Nodo Heroico[c_reset] onde o [c_heroic]Glifo[c_reset] está encaixado.| [c_heroic]Героические узлы[c_reset] являются наиболее мощными узлами на Древе Воплощений.[nl]Хотя они и не обеспечивают немедленных преимуществ|[c_heroic]英雄節點[c_reset]是化身樹中最強大的節點。[nl]雖然它們不會立即提供好處，但你可以將獨特的[c_heroic]雕紋[c_reset]插入它們以獲得強大的被動能力。[nl]為了進一步提高[c_heroic]雕紋[c_reset]的力量，請註意它的屬性。[nl][c_heroic]雕紋[c_reset]可以增加[c_heroic]英雄節點[c_reset]周圍[c_coin]5 x 5 區域中每個指定的[c_aqua]魔法節點[c_reset]的力量，其中[c_heroic]雕紋[c_reset]被插入。|[c_heroic]英雄的ノード[c_reset]は、化身ツリーで最も強力なノードです。[nl]すぐに効果が得られるわけではありませんが、固有の[c_heroic]グリフ[c_reset]をソケットに差し込むことで、強力なパッシブアビリティを得ることができます。[nl][c_heroic]グリフ[c_reset]のパワーをさらに高めるには、その特性に注意を払ってください。[nl][c_heroic]グリフ[c_reset]は、[c_heroic]グリフ[c_reset]がソケットに差し込まれた[c_heroic]英雄的ノード[c_reset]の周囲[c_coin]5 x 5 エリア内の割り当てられた[c_aqua]魔法ノード[c_reset]ごとにパワーを増加できます。 |[c_heroic]영웅 노드[c_reset]는 인카네이션 트리에서 가장 강력한 노드입니다.[nl]즉각적인 효과는 없지만, 고유한 [c_heroic]글리프[c_reset]를 장착하면[nl]강력한 패시브 능력을 얻을 수 있습니다.[nl][c_heroic]글리프[c_reset]의 효과를 더욱 강화하려면 해당 속성에 주의해 주세요.[nl][c_heroic]글리프[c_reset]는 장착된 [c_heroic]영웅 노드[c_reset]를 중심으로 [c_coin]5 x 5 범위 내에 할당된[c_reset][nl][c_aqua]마법 노드[c_reset] 1개마다 위력이 증가합니다.|[c_heroic]Heroische Knoten[c_reset] sind die wirksamsten Knoten im Inkarnationsbaum.[nl]Sie bieten zwar keine unmittelbaren Vorteile, aber Sie können einzigartige [c_heroic]Glyphen[c_reset] in sie einsetzen, um mächtige passive Fähigkeiten zu erhalten.[nl]Um die Wirksamkeit der [c_heroic]Glyphe[c_reset] weiter zu steigern, achten Sie auf ihre Eigenschaften.[nl]Die Wirksamkeit von [c_heroic]Glyphen[c_reset] kann für jeden zugewiesenen [c_aqua]Magischen Knoten[c_reset] in einem [c_coin]5 x 5 großen Bereich um[c_reset] den [c_heroic]Heroischen Knoten[c_reset], in dem die [c_heroic]Glyphe[c_reset] eingesetzt ist, erhöht werden.|[c_heroic]Les nœuds héroïques[c_reset] sont les nœuds les plus puissants de l'Arbre d'Incarnation.[nl]Bien qu'ils n'offrent pas d'avantages immédiats, vous pouvez y enchâsser des [c_heroic]glyphes[c_reset] uniques pour obtenir de puissantes capacités passives.[nl]Pour améliorer encore la puissance du [c_heroic]glyphe[c_reset], faites attention à ses propriétés.[nl][c_heroic]Les glyphes[c_reset] peuvent augmenter en puissance pour chaque [c_aqua]nœud magique[c_reset] assigné dans une zone [c_coin]5 x 5 autour[c_reset] du [c_heroic]nœud héroïque[c_reset] où le [c_heroic]glyphe[c_reset] est enchâssé. |Los [c_heroic]Nodos Heroicos[c_reset] son los más potentes del Árbol de la Encarnación.[nl]Aunque no proporcionan beneficios inmediatos, puedes socketear [c_heroic]Glifos[c_reset] únicos en ellos para obtener poderosas habilidades pasivas.[nl]Para potenciar aún más el poder del [c_heroic]Glifo[c_reset], presta atención a sus propiedades.[nl]Los [c_heroic]Glifos[c_reset] pueden aumentar en poder por cada [c_aqua]Nodo Mágico[c_reset] asignado en un área de [c_coin]5 x 5[c_reset] alrededor del [c_heroic]Nodo Heroico[c_reset] donde el [c_heroic]Glifo[c_reset] está socketado.|
incarnation_tutorial_5_header|Glyphs|Glyphs|Glifos| Глифы|雕紋 |グリフ |글리프|Glyphen|Glyphes |Glifos|
incarnation_tutorial_5_text|[c_heroic]Glyphs[c_reset] can only be obtained from Key Dungeons.[nl]Each unique [c_heroic]Glyph[c_reset] can also be leveled up to a maximum of [c_coin]Level 7[c_reset] after completing a Key Dungeon.[nl]Next to the [c_red]Reward Chest[c_reset], an [c_red]Altar of Incarnation[c_reset] spawns where you can place your [c_heroic]Glyph[c_reset] and allocate [c_purple]Incarnation Experience[c_reset] to it.[nl]You gain [c_purple]Incarnation Experience[c_reset] from each monster killed inside a Key Dungeon, with higher dungeon tiers yielding more experience.|[c_heroic]Glyphs[c_reset] can only be obtained from Key Dungeons.[nl]Each unique [c_heroic]Glyph[c_reset] can also be leveled up to a maximum of [c_coin]Level 7[c_reset] after completing a Key Dungeon.[nl]Next to the [c_red]Reward Chest[c_reset], an [c_red]Altar of Incarnation[c_reset] spawns where you can place your [c_heroic]Glyph[c_reset] and allocate [c_purple]Incarnation Experience[c_reset] to it.[nl]You gain [c_purple]Incarnation Experience[c_reset] from each monster killed inside a Key Dungeon, with higher dungeon tiers yielding more experience.|Os [c_heroic]Glifos[c_reset] só podem ser obtidos em Masmorras de Chave. Cada [c_heroic]Glifo[c_reset] único também pode ser elevado até o máximo de [c_coin]Nível 7[c_reset] após a conclusão de uma Masmorra de Chave.[nl]Ao lado do [c_red]Baú de Recompensa[c_reset], surge um [c_red]Altar da Incarnação[c_reset] onde você pode colocar seu [c_heroic]Glifo[c_reset] e alocar [c_purple]Experiência da Incarnação[c_reset] nele.[nl]Você ganha [c_purple]Experiência da Incarnação[c_reset] de cada inimigo morto em uma Masmorra de Chave, sendo que os níveis mais altos de masmorra proporcionam mais experiência.| [c_heroic]Глифы[c_reset] можно получить только из Ключевых Подземелий.[nl]Каждый уникальный [c_heroic]Глиф[c_reset] также можно повысить до максимального [c_coin]Уровня 7[c_reset] после завершения Ключевого Подземелья.[nl]Рядом с [c_red]Сундуком с Наградами[c_reset]|[c_heroic]銘文[c_reset]只能從鑰匙地牢中獲得。[nl]每個獨特的[c_heroic]雕紋[c_reset]在完成鑰匙地牢後也可以升級到最高[c_coin]7級[c_reset]。[nl]在[c_red]獎勵箱[c_reset]旁邊，有一個[c_red]化身祭壇[c_reset]，可以在那裏放置你的[c_heroic]雕紋[c_reset]，並為其分配[c_purple]化身經驗[c_reset]。[nl]你從鑰匙地牢內殺死的每個敵人身上獲得[c_purple]化身經驗[c_reset]，地牢等級越高，獲得的經驗越多|[c_heroic]グリフ[c_reset]はキーダンジョンからのみ入手できます。[nl]それぞれのユニークな [c_heroic]グリフ[c_reset]は、キーダンジョンを完了すると最大の [c_coin]レベル 7[c_reset]までレベルアップできます。[nl][c_red]報酬宝箱[c_reset]の隣には、[c_red]化身の祭壇[c_reset]が生成され、そこに [c_heroic]グリフ[c_reset]を置いて[c_purple]化身経験値[c_reset]を割り当てることができます。[nl]キーダンジョン内で倒したモンスターごとに[c_purple]化身経験値[c_reset]を獲得でき、ダンジョンのティアが高いほど多くの経験値を獲得できます。 |[c_heroic]글리프[c_reset]는 열쇠 던전에서만 획득할 수 있습니다.[nl]각 고유한 [c_heroic]글리프[c_reset]는 열쇠 던전을 완료한 후[nl][c_coin]최대 7레벨[c_reset]까지 강화할 수 있습니다.[nl][c_red]보상 상자[c_reset] 옆에는 [c_red]인카네이션 제단[c_reset]이 생성되며, 여기에서 [c_heroic]글리프[c_reset]를 배치하고 [c_purple]인카네이션 경험치[c_reset]를 투자할 수 있습니다.[nl]열쇠 던전 내에서 몬스터를 처치하면 [c_purple]인카네이션 경험치[c_reset]를 획득하며, 던전 티어가 높을수록 더 많은 경험치를 얻을 수 있습니다.|[c_heroic]Glyphen[c_reset] können nur in Schlüsseldungeons erhalten werden.[nl]Jede einzigartige [c_heroic]Glyphe[c_reset] kann nach Abschluss eines Schlüsseldungeons auch auf maximal [c_coin]Level 7[c_reset] aufgestiegen werden.[nl]Neben der [c_red]Belohnungstruhe[c_reset] erscheint ein [c_red]Altar der Inkarnation[c_reset], an dem Sie Ihre [c_heroic]Glyphe[c_reset] platzieren und ihr [c_purple]Inkarnationserfahrung[c_reset] zuweisen können.[nl]Sie erhalten [c_purple]Inkarnationserfahrung[c_reset] für jedes Monster, das in einem Schlüsseldungeon getötet wird, wobei höhere Dungeon-Stufen mehr Erfahrung gewähren.|[c_heroic]Les glyphes[c_reset] ne peuvent être obtenus que dans les donjons clés.[nl]Chaque [c_heroic]glyphe[c_reset] unique peut également être amélioré jusqu'à un maximum de [c_coin]Niveau 7[c_reset] après avoir terminé un donjon clé.[nl]À côté du [c_red]Coffre de récompense[c_reset], un [c_red]Autel d'Incarnation[c_reset] apparaît où vous pouvez placer votre [c_heroic]glyphe[c_reset] et lui allouer de l'[c_purple]Expérience d'Incarnation[c_reset].[nl]Vous gagnez de l'[c_purple]Expérience d'Incarnation[c_reset] pour chaque monstre tué dans un donjon clé, les niveaux de donjon supérieurs rapportant plus d'expérience. |Los [c_heroic]Glifos[c_reset] solo se pueden obtener de Mazmorras Clave.[nl]Cada [c_heroic]Glifo[c_reset] único también se puede subir de nivel hasta un máximo de [c_coin]Nivel 7[c_reset] después de completar una Mazmorra Clave.[nl]Junto al [c_red]Cofre de Recompensa[c_reset], aparece un [c_red]Altar de la Encarnación[c_reset] donde puedes colocar tu [c_heroic]Glifo[c_reset] y asignar [c_purple]Experiencia de Encarnación[c_reset] a él.[nl]Obtienes [c_purple]Experiencia de Encarnación[c_reset] de cada monstruo asesinado dentro de una Mazmorra Clave, y los niveles de mazmorra más altos otorgan más experiencia.|
|||||||||||
[GUILD_PERKS]|||||||||||
guild_perk_name_0|Guild Stash|Guild Stash|Armazém da Guilda| Тайник гильдии|公會倉庫|ギルドスタッシュ|길드 창고|Gildenvorrat|Coffre de guilde|Almacén del Gremio|Magazyn Gildii
guild_perk_text_0|Unlock the guild stash|Unlock the guild stash|Libera o Armazém da Guilda| Разблокируйте тайник гильдии|解鎖公會倉庫頁|ギルドスタッシュをアンロック|길드 창고 잠금해제|Schalte den Gildenvorrat frei.|Débloquez le coffre de guilde|Desbloquea el almacén del gremio|Odblokuj magazyn gildii
guild_perk_name_1|Mercenary Contract|Mercenary Contract|Contrato de Mercenário| Контракт наемника|傭兵契約|傭兵契約|용병 계약|Söldnervertrag|Contrat de mercenaire|Contrato de Mercenario|Kontrakt Najemnika
guild_perk_text_1|Lowers the cost of hiring Mercenaries by 10%|Lowers the cost of hiring Mercenaries by 10%|Diminui o custo de contrato de Mercenários em 10%| Снижает стоимость найма наемников на 10%|招募傭兵的費用降低10%|傭兵の雇用コストが10%減少|용병 고용 비용을 10% 감소시킵니다.|Senkt die Kosten für die Anwerbung von Söldnern um 10 %.|Réduit le coût d'embauche des mercenaires de 10 %|Reduce el costo de contratar Mercenarios en un 10%|Obniża koszt zatrudnienia Najemników o 10%
guild_perk_name_2|Resurrection Contract|Resurrection Contract|Contrato da Ressurreição| Контракт на воскрешение|復活契約|復活契約|부활 계약|Wiederbelebungsvertrag|Contrat de résurrection|Contrato de Resurrección|Kontrakt Zmartwychwstania
guild_perk_text_2|Lowers the cost of resurrecting Mercenaries by 10%|Lowers the cost of resurrecting Mercenaries by 10%|Reduz o custo de ressurreição de Mercenários em 10%| Снижает стоимость воскрешения наемников на 10%.|復活傭兵的費用降低10%|傭兵の復活コストが10%減少|용병 부활 비용을 10% 감소시킵니다.|Senkt die Kosten für die Wiederbelebung von Söldnern um 10 %.|Réduit le coût de résurrection des mercenaires de 10 %|Reduce el costo de resucitar Mercenarios en un 10%|Obniża koszt wskrzeszania Najemników o 10%
guild_perk_name_3|Magic Finder|Magic Finder|Magic Finder| Волшебный искатель|物品稀有度|魔法の探求者|매직 파인더|Magischer Finder|Recherche de magie|Buscador de Magia|Znajdujący Magię
guild_perk_text_3|Increases guild member Magic Find by 5%|Increases guild member Magic Find by 5%|Aumenta o Magic Find de membros da guilda em 5%| Увеличивает магический поиск члена гильдии на 5%|增加公會成員的物品稀有度5%|ギルドメンバーの魔法の探求度が5%増加|길드 멤버의 마법 아이템 확률을 5% 증가시킵니다.|Erhöht den magischen Finder der Gildenmitglieder um 5 %.|Augmente la recherche de magie des membres de la guilde de 5 %|Aumenta la probabilidad de encontrar objetos mágicos de los miembros del gremio en un 5%|Zwiększa Magic Find członków gildii o 5%
guild_perk_name_4|Footwork|Footwork|Trabalho de Pés| Футворк|移動速度|フットワーク|풋워크|Fußarbeit|Jeu de jambes|Movimiento Ágil|Kroki
guild_perk_text_4|Increases guild member movement speed by 5%|Increases guild member movement speed by 5%|Aumenta a Velocidade de Movimento de membros da guilda em 5%| Увеличивает скорость передвижения членов гильдии на 5%|增加公會成員的移動速度5%|ギルドメンバーの移動速度が5%増加|길드 멤버의 이동 속도를 5% 증가시킵니다.|Erhöht die Bewegungsgeschwindigkeit der Gildenmitglieder um 5 %.|Augmente la vitesse de déplacement des membres de la guilde de 5 %|Aumenta la velocidad de movimiento de los miembros del gremio en un 5%|Zwiększa prędkość ruchu członków gildii o 5%
guild_perk_name_5|Cashier|Cashier|Caixa| Касса|理財師|レジ係|캐셔|Kassierer|Caissier|Cajero|Kasjer
guild_perk_text_5|Increases Gold drops from monster kills by 10%|Increases Gold drops from monster kills by 10%|Aumenta o Ouro Ganho de monstros eliminados em 10%| Увеличивает количество золота, выпадающего при убийстве монстров, на 10%.|擊殺怪物獲得的金幣掉落增加10%|モンスターを倒した際にドロップするゴールドが10%増加|몬스터 처치 시 골드 드롭을 10% 증가시킵니다.|Erhöht die Goldbeute aus Monstertötungen um 10 %.|Augmente le gain d'or en tuant des monstres de 10 %|Aumenta el oro obtenido de muertes de monstruos en un 10%|Zwiększa drop złota z zabójstw potworów o 10%
guild_perk_name_6|Businessman|Businessman|Homem de Negócios| Бизнесмен|商人|ビジネスマン|비지니스맨|Geschäftsmann|Homme d'affaires|Hombre de Negocios|Biznesmen
guild_perk_text_6|Lowers vendor prices by 5%|Lowers vendor prices by 5%|Reduz os preços dos vendedores em 5%| Снижает цены поставщиков на 5%|商人價格降低5%|商人の価格が5%減少|상점 가격을 5% 낮춥니다.|Senkt die Händlerpreise um 5 %.|Réduit les prix des vendeurs de 5 %|Reduce los precios de los vendedores en un 5%|Obniża ceny u sprzedawców o 5%
guild_perk_name_7|Top Tier Guild|Top Tier Guild|Guilda Top| Гильдия высшего уровня|頂級公會|トップティアギルド|탑 티어 길드|Gilde der höchsten Stufe|Guilde de haut niveau|Gremio de Alto Nivel|Gildia Najwyższego Poziomu
guild_perk_text_7|All Heroes of the guild receive an additional 5% experience from kills and quests. Guild stash extra tab unlocked!|All Heroes of the guild receive an additional 5% experience from kills and quests. Guild stash extra tab unlocked!|Todos os heróis da guilda recebem um adicional de 5% de experiência de abates e missões. Aba extra do Armazém da Guilda desbloqueada!| Все герои гильдии получают дополнительные 5% опыта от убийств и заданий. Дополнительная вкладка тайника гильдии разблокирована!|公會所有英雄從擊殺和任務中獲得額外5%的經驗值。公會額外倉庫頁已解鎖！ |ギルドの全ヒーローは、討伐とクエストで5%の追加経験値を獲得します。ギルドスタッシュの追加タブがアンロックされました！ |길드의 모든 영웅이 처치 및 퀘스트에서 추가로 5% 경험치를 받습니다. 길드 창고의 추가 탭이 잠금 해제됩니다!|Alle Helden der Gilde erhalten 5 % zusätzliche Erfahrung durch Tötungen und Quests. Zusätzliches Gildenvorrat-Register freigeschaltet!|Tous les héros de la guilde reçoivent 5 % d'expérience supplémentaire grâce aux éliminations et aux quêtes. Onglet supplémentaire du coffre de guilde débloqué ! |Todos los Héroes del gremio reciben un 5% adicional de experiencia de muertes y misiones. ¡Se desbloquea una pestaña extra en el almacén del gremio!|Wszyscy Bohaterowie gildii otrzymują dodatkowe 5% doświadczenia z zabójstw i questów. Odblokowana dodatkowa zakładka magazynu gildii!
|||||||||||
[ANGELIC AUGMENTS]|||||||||||
talent_name_gutRippersSpikeball|Gut Ripper's Spikeball|Gut Ripper's Spikeball|Bola de Espinhos do Rasgador de Vísceras| Шипбол Потрошителя Кишек|開腸者的尖刺球|ガットリッパーのスパイクボール|겟 리퍼 스파이크볼|Stachelball des Eingeweidereißers|Spikeball de Gut Ripper|Bola con Pinchos del Destripador de Vísceras|Kolczasta Kula Gut Rippera
talent_name_doubleSwing|Double Swing|Double Swing|Golpe Duplo| Двойной свинг|雙重打擊|ダブルスイング|더블 스윙|Doppelschwung|Double Swing|Doble Golpe|Podwójny Zamach
talent_name_weaponThrow|Weapon Throw|Weapon Throw|Arremesso de Arma| Метание оружия|武器投擲|ウェポンスロー|웨폰 쓰로우|Waffenwurf|Lancer d'arme|Lanzamiento de Arma|Rzut Bronią
talent_name_soulTap|Soul Tap|Soul Tap|Toque de Alma| Душа Tap|靈魂拍打|ソウルタップ|소울 탭|Seelenklopfer|Prise d'âme|Toque de Alma|Ssanie Duszy
talent_name_vacuumingStrike|Vacuuming Strike|Vacuuming Strike|Golpe Aspirador| Вакуумный удар|真空打擊|バキューミングストライク|배큐밍 스트라이크|Saugender Schlag|Frappe aspirante|Golpe Aspirante|Przyciągające Uderzenie
talent_name_sproutingIvy|Sprouting Ivy|Sprouting Ivy|Hera Brotante| Прорастающий плющ|發芽的常春藤|スプラウティングアイビー|스프라우팅 아이비|Sprießender Efeu|Lierre en herbe|Hiedra Brotante|Wyrastający Bluszcz
talent_name_fleetFeet|Fleet Feet|Fleet Feet|Pés Velozes| Флит Фит|靈巧|フリートフィート|플릿 피트|Flinke Füße|Pieds agiles|Pies Ágiles|Zwinne Stopy
talent_name_touchDown|Touch Down|Touch Down|Aterrissagem| Тачдаун|降落|タッチダウン|터치 다운|Aufsetzen|Atterrissage|Aterrizaje|Lądowanie
talent_name_rupturingStrike|Rupturing Strike|Rupturing Strike|Golpe Rupturante| Разрывной удар|撕裂打擊|ラプチャーストライク|럽춰링 스트라이크|Zerreißender Schlag|Frappe de rupture|Golpe Rupturante|Rozrywające Uderzenie
talent_name_berserkersRage|Berserker's Rage|Berserker's Rage|Fúria do Berserker| Ярость берсерка|狂暴之怒|バーサーカーの怒り|버서커 레이지|Berserkerwut|Rage du berserker|Rabia del Berserker|Gniew Berserkera
talent_name_butchersFury|Butcher's Fury|Butcher's Fury|Fúria do Açougueiro| Ярость мясника|屠夫之怒|ブッチャーの激怒|부처 퓨리|Schlächterfuror|Fureur du boucher|Furia del Carnicero|Furia Rzeźnika
talent_name_odinsWrath|Odin's Wrath|Odin's Wrath|Ira de Odin| Гнев Одина|奧丁之怒|オーディンの怒り|오딘즈 래쓰|Odins Zorn|Courroux d'Odin|Ira de Odín|Gniew Odyna
talent_name_warsong|Warsong|Warsong|Canto Guerreiro| Песнь Войны|戰歌|ウォーソング|워송|Kriegshymne|Chant de guerre|Canto de Guerra|Pieśń Wojny
talent_name_divinePiercing|Divine Piercing|Divine Piercing|Perfuração Divina| Божественный Пирсинг|神聖穿透|ディバインピアシング|디바인 피어싱|Göttliches Durchdringen|Perforation divine|Perforación Divina|Boskie Przebicie
talent_name_homingMissiles|Homing Missiles|Homing Missiles|Mísseis Teleguiados| Самонаводящиеся ракеты|追蹤導彈|ホーミングミサイル|호밍 미사일|Zielsuchende Raketen|Missiles à tête chercheuse|Misiles Buscadores|Naprowadzające Pociski
talent_name_flurry|Flurry|Flurry|Rajada| Шквал|亂舞|フラリー|플러리|Schlaghagel|Rafale|Ráfaga|Salwa
talent_name_doomCannon|Doomcannon|Doomcannon|Canhão da Perdição| Думканнон|末日砲|ドゥームキャノン|둠캐논|Verdammniskanone|Canon funeste|Cañón de la Perdición|Doomcannon
talent_name_superShot|Supershot|Supershot|Supertiro| Супер выстрел|超級射擊|スーパーショット|슈퍼샷|Superschuss|Super tir|Super disparo|Supershot
talent_name_impetus|Impetus|Impetus|Ímpeto| Импульс|動力|インペタス|임페스터|Impuls|Impulsion|Impulso|Impetus
talent_name_staticShot|Staticshot|Staticshot|Tiro Estático| Статический снимок|靜態射擊|スタティックショット|스태틱샷|Statischer Schuss|Tir statique|Disparo Estático|Staticshot
talent_name_spreadShot|Spreadshot|Spreadshot|Tiro Alastrante| Разбросанный выстрел|分裂射擊|スプレッドショット|스프레드샷|Flächenschuss|Tir dispersé|Disparo en Abanico|Rozstrzał
talent_name_awareness|Awareness|Awareness|Consciência| Осведомленность|意識|アウェアネス|어웨어니스|Bewusstsein|Conscience|Conciencia|Świadomość
talent_name_powerShot|Powershot|Powershot|Tiro Poderoso| Мощный выстрел|強力射擊|パワーショット|파워샷|Kraftschuss|Tir puissant|Disparo Potente|Strzał Mocy
talent_name_lethalTempo|Lethal Tempo|Lethal Tempo|Ritmo Letal| Смертельный темп|致命節奏|リーサルテンポ|리서 템포|Tödliches Tempo|Tempo mortel|Tempo Letal|Lethal Tempo
talent_name_artilleryAid|Artillery Aid|Artillery Aid|Auxílio de Artilharia| Артиллерийская помощь|砲兵援護|アーティラリーエイド|아틸러리 에이드|Artilleriehilfe|Aide d'artillerie|Ayuda de Artillería|Pomoc Artylerii
talent_name_powderKeg|Powder Keg|Powder Keg|Barril de Pólvora| Пороховая бочка|火藥桶|パウダーケグ|파우더 케그|Pulverfass|Baril de poudre|Barril de Pólvora|Keg Prochu
talent_name_mageFury|Magefury|Magefury|Fúria Mágica| Магия ярости|法師之怒|メイジフューリー|메이지퓨리|Magierwut|Fureur du mage|Furia de Mago|Magefury
talent_name_conjuredHex|Conjured Hex|Conjured Hex|Azaração Conjurada| Вызванный Hex|妖術|コンジュアードヘックス|콘져스 헥스|Beschworener Fluch|Malédiction invoquée|Hex Conjurado|Przywołana Klątwa
talent_name_wizardsWrath|Wizard's Wrath|Wizard's Wrath|Ira do Mago| Гнев Волшебника|巫師之怒|ウィザードの怒り|위자드 래쓰|Zaubererzorn|Courroux du sorcier|Ira del Mago|Gniew Czarodzieja
talent_name_mysticOrb|Mystic Orb|Mystic Orb|Orbe Místico| Мистический Орб|神秘球|ミスティックオーブ|미스틱 오브|Mystische Kugel|Orbe mystique|Orbe Místico|Mistyczna Orb
talent_name_deathsAnguish|Death's Anguish|Death's Anguish|Angústia da Morte| Смертельные муки|死亡的痛苦|デスアンギッシュ|데쓰 앵귀시|Todesqual|Angoisse de la mort|Angustia de la Muerte|Anguish Śmierci
talent_name_touchOfDeath|Touch of Death|Touch of Death|Toque da Morte| Прикосновение смерти|死亡之觸|タッチオブデス|터치 오브 데스|Berührung des Todes|Toucher mortel|Toque de la Muerte|Dotyk Śmierci
talent_name_hellFire|Hellfire|Hellfire|Fogo do Inferno| Адский огонь|地獄火|ヘルファイア|헬파이어|Höllenfeuer|Flammes infernales|Fuego del Infierno|Piekielny Ogień
talent_name_shroomOfDoom|Shroom of Doom|Shroom of Doom|Cogumelo da Perdição| Гриб смерти|末日蘑菇|シュルームオブドゥーム|슈룸 오브 둠|Pilz des Verderbens|Champignon funeste|Hongo de la Perdición|Grzyb Zagłady
talent_name_shadowBarrage|Shadow Barrage|Shadow Barrage|Barriga Sombria |Теневой шквал|暗影彈幕 |シャドウバラージ |섀도우 배러지|Schattenfeuer|Barrage d'ombres |Ráfaga de Sombras|Salwa Cieni
talent_name_gravesGrasp|Grave's Grasp|Grave's Grasp|Agarramento do Túmulo| Гробница|墳墓之握|墓の掌握|그레이브 그랩|Grabesgriff|Emprise de la Tombe|Agarre de la Tumba|Uścisk Grobu
talent_name_seedOfDestruction|Seed of Destruction|Seed of Destruction|Semente da Destruição| Семя Разрушения|毀滅的種子|破壊の種|시드 오브 디스트럭션|Saat der Zerstörung|Graine de Destruction|Semilla de la Destrucción|Nasienie Zniszczenia
talent_name_shadowsGrasp|Shadow's Grasp|Shadow's Grasp|Agarramento da Sombra| Хватка тени|暗影之握|影の掌握|섀도우 그랩|Schattengriff|Emprise de l'Ombre|Agarre de las Sombras|Uścisk Cieni
talent_name_freezingEnchant|Freezing Enchant|Freezing Enchant|Encantamento Congelante| Замораживающие чары|冰凍附魔|凍結のエンチャント|프리징 인챈트|Gefrierzauber|Enchantement Glaçant|Encantamiento Congelante|Zaklęcie Zamrażające
talent_name_glyphPrecision|Precision|Precision|Precisão| Точность|精確|精密|프리시전|Präzision|Précision|Precisión|Precyzja
talent_name_glyphMysticInsight|Mystic Insight|Mystic Insight|Visão Mística| Мистическое Прозрение|神秘洞察|神秘の洞察|미스틱 인사이트|Mystische Einsicht|Perspicacité Mystique|Perspicacia Mística|Mistyczne Wgląd
talent_name_glyphSpellSlinger|Spellslinger|Spellslinger|Conjurador| Заклинатель|施法者|スペルスリンガー|스펠슬링거|Zauberer|Sorcier|Lanzador de Hechizos|Zaklinacz Zaklęć
talent_name_glyphTempestStrikes|Tempest Strikes|Tempest Strikes|Golpe da Tempestade| Буря наносит удар|暴風打擊|嵐の襲撃|템페스트 스트라이크|Sturmschläge|Tempête Frappe|Golpes de Tempestad|Uderzenia Tempest
talent_name_glyphCorrosion|Corrosion|Corrosion|Corrosão| Коррозия|腐蝕|腐食|코로전|Korrosion|Corrosion|Corrosión|Korozja
talent_name_glyphSingularity|Singularity|Singularity|Singularidade| Сингулярность|奇點|特異点|싱귤래리티|Singularität|Singularité|Singularidad|Osobliwość
talent_name_glyphEcho|Echoes of the Void|Echoes of the Void|Ecos do Vazio| Отголоски Пустоты|虛空迴響|虚空の響き|에코즈 오브 더 보이드|Echos der Leere|Échos du Vide|Ecos del Vacío|Echa Pustki
talent_name_glyphSurvivorsShield|Survivor’s Shield|Survivor’s Shield|Escudo do Sobrevivente| Щит выжившего|倖存者之盾|生存者の盾|서바이버 쉴드|Schild des Überlebenden|Bouclier du Survivant|Escudo del Superviviente|Tarcza Ocalałego
talent_name_glyphMagistriker|Magistriker|Magistriker|Magistrador| Магистрайкер|魔導師|魔術師の攻撃|마지스트라이커|Magistrier|Magistriker|Golpeador Mágico|Magistriker
talent_name_glyphAvarice|Avariciousness |Avariciousness |Avareza| Скупость|貪婪|強欲|애버리셔스니스|Habgier|Avarice|Avaricia |Chciwość
talent_name_glyphTitansPower|Titan’s Power|Titan’s Power|Poder do Titã| Сила Титана|泰坦之力|タイタンの力|타이탄 파워|Titanenmacht|Puissance du Titan|Poder del Titán|Moc Tytana
talent_name_glyphOverloaded|Overloader|Overloader|Sobrecarregador| Перегрузчик|超載|オーバーローダー|오버로더|Überlader|Surchargeur|Sobrecargador|Przeładowujący
talent_name_glyphNordicWinter|Nordic Winter|Nordic Winter|Inverno Nórdico| Северная зима|北歐之冬|北欧の冬|노르딕 윈터|Nordischer Winter|Hiver Nordique|Invierno Nórdico|Nordycka Zima
talent_name_glyphDrunkard|Drunkard Mayhem|Drunkard Mayhem|Caos do Bêbado| Пьяный хаос|酒鬼|酔いどれの騒乱|드렁카드 메이헴|Trunkenheitschaos|Chaos Ivrogne|Locura del Borracho|Szaleństwo Pijaka
talent_name_glyphMinionMastery|Minion Mastery|Minion Mastery|Maestria dos Lacaios| Мастерство Миньонов|僕從掌握|ミニオンの熟練|미니언 마스터리|Dienerbeherrschung|Maîtrise des Sbires|Maestría de Esbirros|Mistrzostwo Minionów
talent_name_glyphArtfulDodger|Artful Dodger|Artful Dodger|Desviador Astuto| Ловкий Плут|狡猾躲避|巧みな回避|아트풀 도저|Kunstvoller Ausweicher|Esquive Astucieuse|Esquivador Hábil|Sztuczny Unikacz
talent_name_glyphLongevity|Longevity|Longevity|Longevidade| Долголетие|長壽|長寿|롱제비티|Langlebigkeit|Longévité|Longevidad|Długowieczność
talent_name_glyphMonstrosity|Monstrosity|Monstrosity|Monstruosidade| Чудовищность|怪異|怪物|몬스트로시티|Monstrosität|Monstruosité|Monstruosidad|Potworność
talent_name_glyphElementalist|Elementalist|Elementalist|Elementalista| Элементалист|煉金術|エレメンタリスト|엘리멘탈리스트|Elementarmagier|Élémentaliste|Elementalista|Elementalista
talent_name_glyphTinkerer|Tinkerer|Tinkerer|Consertador| Мастер на все руки|修補匠|ティンカラー|팅커러|Tüftler|Bricoleur|Inventor|Tinkerer
talent_name_glyphMixture|Mixture of Doom|Mixture of Doom|Mistura da Perdição| Смесь гибели|混合|破滅の混合物|믹스처 오브 둠|Mischung des Verderbens|Mélange de Destin|Mezcla de la Perdición|Mieszanka Zagłady
talent_name_glyphInfinity|Infinity|Infinity|Infinito| Бесконечность|無限|無限|인피니티|Unendlichkeit|Infini|Infinito|Nieskończoność
talent_name_glyphGravity|Gravity |Gravity |Gravidade| Гравитация|重力|重力|그래비티|Schwerkraft|Gravité|Gravedad |Grawitacja
talent_name_glyphZapper|Zapper|Zapper|Zapper | Заппер|電擊 |ザッパー |재퍼|Zapper|Zappeur |Zapper|Zapper
|||||||||||
talent_desc_gutRippersSpikeball|Summons a deadly Spike Ball to orbit around you for a short period|Summons a deadly Spike Ball to orbit around you for a short period|Invoca uma Bola de Espinhos mortal para orbitar ao seu redor por um curto período| Вызывает смертоносный шипастый шар, который вращается вокруг вас в течение короткого периода времени.|召喚一個尖刺球在你周圍繞一小段時間|短時間、強力なスパイクボールを召喚し、周囲を周回させる。|치명적인 스파이크 볼을 소환하여 짧은 시간 동안 주변을 회전하게 합니다.|Beschwört einen tödlichen Stachelball, der dich kurzzeitig umkreist.|Invoque une boule de pique mortelle qui gravite autour de vous pendant une courte période.|Invoca una Bola con Pinchos mortal que orbita a tu alrededor durante un breve período|Przywołuje śmiercionośną Spike Ball aby orbitowała wokół ciebie na krótki czas
talent_desc_doubleSwing|Causes your attacks to happen twice with increased damage|Causes your attacks to happen twice with increased damage|Faz com que seus ataques aconteçam duas vezes com dano aumentado| Заставляет ваши атаки повторяться дважды с увеличенным уроном.|使你的攻擊發生兩次並增加傷害|攻撃回数が2回になり、ダメージが増加する。|공격이 두 번 발생하며 데미지가 증가합니다.|Verursacht doppelte Angriffe mit erhöhtem Schaden.|Deux fois vos attaques, plus de dégâts.|Hace que tus ataques ocurran dos veces con daño aumentado|Powoduje że twoje ataki dzieją się dwa razy ze zwiększonymi obrażeniami
talent_desc_weaponThrow|Throw your weapon dealing increased damage|Throw your weapon dealing increased damage|Arremessa sua arma, causando dano aumentado| Метайте свое оружие, нанося повышенный урон|投擲武器造成更大傷害|武器を投げ、ダメージを増加させる。|무기를 던져 데미지를 증가시킵니다.|Wirft deine Waffe und verursacht erhöhten Schaden.|Lancez votre arme et infligez des dégâts accrus.|Lanza tu arma infligiendo daño aumentado|Rzuć swoją bronią zadając zwiększone obrażenia
talent_desc_soulTap|Infuses the souls of all monsters in target area to increase your life Steal for a short period|Infuses the souls of all monsters in target area to increase your life Steal for a short period|Infunde as almas de todos os monstros na área alvo para aumentar seu Roubo de Vida por um curto período| Вселяет души всех монстров в выбранной области, чтобы увеличить вашу жизнь. Кража на короткий период|給目標區域內的所有怪物的靈魂注入能量, 在短時間內增加你的生命偷取||対象エリア内のすべてのモンスターの魂を注入し、ライフスティールを短時間増加させる。|대상 지역의 모든 몬스터의 영혼을 흡수하여 짧은 시간 동안 생명력 흡수를 증가시킵니다.|Erfüllt die Seelen aller Monster im Zielbereich, um deinen Lebensraub kurzzeitig zu erhöhen.|Infusez les âmes de tous les monstres dans la zone ciblée pour augmenter votre vol de vie pendant une courte période.|Infunde las almas de todos los monstruos en el área objetivo para aumentar tu robo de vida durante un breve período|Nasącz dusze wszystkich potworów w docelowym obszarze aby zwiększyć twój life Steal na krótki czas
talent_desc_vacuumingStrike|Pulls all monsters in front of you dealing physical damage|Pulls all monsters in front of you dealing physical damage|Atrai todos os monstros à sua frente, causando dano físico| Притягивает всех монстров перед собой, нанося физический урон.|將你面前的所有敵人拉到一起, 造成物理傷害|目の前のすべてのモンスターを引き寄せ、物理ダメージを与える。|앞에 있는 모든 몬스터를 끌어당기며 물리 데미지를 줍니다.|Zieht alle Monster vor dich und verursacht physischen Schaden.|Attirez tous les monstres devant vous et infligez des dégâts physiques.|Atrae a todos los monstruos frente a ti infligiendo daño físico|Przyciąga wszystkie potwory przed siebie zadając obrażenia fizyczne
talent_desc_sproutingIvy|Unleash a chain of venom dealing poison damage and Poisoning monsters|Unleash a chain of venom dealing poison damage and Poisoning monsters|Libera uma corrente de veneno, causando dano de veneno e envenenando monstros| Выпустите цепочку яда, нанося урон ядом и отравляя монстров.|釋放一連串的毒液, 造成毒素傷害並讓怪物中毒|毒の連鎖を解き放ち、毒ダメージを与え、モンスターを中毒状態にする。|연쇄 독 공격을 발사하여 독 데미지를 입히고 몬스터에게 독을 겁니다.|Entfesselt eine Giftkette, die Giftschaden verursacht und Monster vergiftet.|Lancez une chaîne de venin infligeant des dégâts de poison et empoisonnant les monstres.|Libera una cadena de veneno que inflige daño de veneno y Envenena a los monstruos|Uwolnij łańcuch jadu zadający obrażenia trucizną i Zatruciający potwory
talent_desc_fleetFeet|Increases your chance of Dodging monster attacks and projectiles for a short period|Increases your chance of Dodging monster attacks and projectiles for a short period|Aumenta sua chance de se esquivar de ataques de monstros e projéteis por um curto período| Увеличивает ваш шанс уклониться от атак монстров и снарядов на короткий промежуток времени.|在短時間內增加你躲避怪物攻擊和投射物的機率|モンスターの攻撃と弾丸の回避率を短時間増加させる。|짧은 시간 동안 몬스터의 공격과 투사체를 회피할 확률이 증가합니다.|Erhöht kurzzeitig deine Chance, Monsterangriffen und Projektilen auszuweichen.|Augmentez vos chances d'esquiver les attaques et les projectiles des monstres pendant une courte période.|Aumenta tu probabilidad de Esquivar ataques y proyectiles de monstruos durante un breve período|Zwiększa twoją szansę na Unik ataków potworów i pocisków na krótki czas
talent_desc_touchDown|Throw the target monster dealing physical damage to other monsters around when landing|Throw the target monster dealing physical damage to other monsters around when landing|Arremessa o monstro alvo, causando dano físico a outros monstros ao pousar| Бросить выбранного монстра, нанося физический урон другим монстрам вокруг при приземлении.|將目標拋向其他怪物對周圍造成物理傷害|対象のモンスターを投げ、着地時に周囲のモンスターに物理ダメージを与える。|대상 몬스터를 던져 착지 지점 주변의 다른 몬스터에게 물리 데미지를 줍니다.|Wirft das Zielmonster und fügt anderen Monstern in der Umgebung physischen Schaden zu.|Lancez le monstre ciblé et infligez des dégâts physiques aux autres monstres à l'atterrissage.|Lanza al monstruo objetivo infligiendo daño físico a otros monstruos a su alrededor al aterrizar|
talent_desc_rupturingStrike|Deal increased attack damage and cause monsters struck to Bleed|Deal increased attack damage and cause monsters struck to Bleed|Causa dano de ataque aumentado e faz com que os monstros atingidos sangrem| Наносит повышенный урон от атак и вызывает кровотечение у пораженных монстров.|增加攻擊傷害, 並使被擊中的怪物流血|攻撃ダメージが増加し、攻撃を受けたモンスターは出血する。|공격 데미지가 증가하고 적중한 몬스터에게 출혈을 일으킵니다.|Verursacht erhöhten Angriffsschaden und lässt getroffene Monster bluten.|Infligez des dégâts d'attaque accrus et faites saigner les monstres touchés.|Inflige daño de ataque aumentado y hace que los monstruos alcanzados Sangren|Rzuć docelowym potworem zadając obrażenia fizyczne innym potworom wokół przy lądowaniu
talent_desc_berserkersRage|Gain Increased Life Steal and attack damage, decreasing your all resistances|Gain Increased Life Steal and attack damage, decreasing your all resistances|Ganha Roubo de Vida e dano de ataque aumentados, diminuindo todas as suas resistências| Получите повышенный урон от кражи жизни и атаки|獲得更高的生命偷取和攻擊傷害, 降低你的所有抗性|ライフスティールと攻撃ダメージが増加し、すべての耐性が減少する。|생명력 흡수와 공격 데미지가 증가하지만 모든 저항력이 감소합니다.|Erhält erhöhten Lebensraub und Angriffsschaden, wodurch alle deine Resistenzen verringert werden.|Gagnez un vol de vie et des dégâts d'attaque accrus, réduisant toutes vos résistances.|Obtienes Robo de Vida y daño de ataque aumentados, reduciendo todas tus resistencias|Zadaj zwiększone obrażenia ataku i powoduj że trafione potwory Krwawią
talent_desc_butchersFury|Unleash a shockwave of blood dealing physical damage and stunning monsters|Unleash a shockwave of blood dealing physical damage and stunning monsters|Libera uma onda de choque de sangue, causando dano físico e atordoando monstros | Выпустите ударную волну крови, наносящую физический урон и оглушающую монстров.|釋放血液衝擊波, 造成物理傷害並擊暈怪物 |血の衝撃波を解き放ち、物理ダメージを与え、モンスターをスタンさせる。 |피의 충격파를 방출하여 물리 데미지를 입히고 몬스터를 기절시킵니다.|Entfesselt eine Blutschockwelle, die physischen Schaden verursacht und Monster betäubt.|Lancez une onde de choc sanglante infligeant des dégâts physiques et étourdissant les monstres. |Libera una onda de choque de sangre que inflige daño físico y aturde a los monstruos|Zyskaj Zwiększone Life Steal i obrażenia ataku zmniejszając twoje wszystkie odporności
talent_desc_odinsWrath|Summon two spinning axes orbiting the target location dealing physical damage|Summon two spinning axes orbiting the target location dealing physical damage|Invoca dois machados giratórios orbitando o local alvo, causando dano físico.| Призвать два вращающихся топора, вращающихся вокруг цели и наносящих физический урон.|召喚兩把旋轉的斧頭, 圍繞目標位置旋轉, 造成物理傷害|指定地点を周回する2本の斧を召喚し、物理ダメージを与えます。|목표 지점에 회전하는 도끼 두 개를 소환하여 물리 데미지를 줍니다.|Beschwört zwei rotierende Äxte, die den Zielort umkreisen und physischen Schaden verursachen.|Invoque deux haches tournoyantes en orbite autour de la cible, infligeant des dégâts physiques.|Invoca dos hachas giratorias que orbitan la ubicación objetivo infligiendo daño físico|Uwolnij falę uderzeniową krwi zadającą obrażenia fizyczne i ogłuszającą potwory
talent_desc_warsong|Curse monsters in target location to deal reduced damage|Curse monsters in target location to deal reduced damage|Amaldiçoa monstros no local alvo para causar dano reduzido.| Проклинайте монстров в указанном месте, чтобы они наносили меньше урона.|詛咒目標位置的怪物以減少傷害|指定地点のモンスターに呪いをかけ、与えるダメージを軽減します。|지정 위치의 몬스터에게 저주를 걸어 데미지를 감소시킵니다.|Verflucht Monster am Zielort, um weniger Schaden zu verursachen.|Maudit les monstres à l'emplacement ciblé pour réduire leurs dégâts.|Maldice a los monstruos en la ubicación objetivo para que inflijan daño reducido|Przywołaj dwa wirujące topory orbitujące miejsce celu zadające obrażenia fizyczne
talent_desc_divinePiercing|Causes your attacks to Pierce and break monster armor|Causes your attacks to Pierce and break monster armor|Faz com que seus ataques perfurem e quebrem a armadura do monstro.| Заставляет ваши атаки пронзать и ломать броню монстров.|使你的攻擊穿透並降低怪物的護甲|攻撃がモンスターの装甲を貫通し破壊するようにします。|공격이 관통하며 몬스터의 방어력을 무시합니다.|Bewirkt, dass eure Angriffe die Rüstung von Monstern durchbohren und zerstören.|Perce et brise l'armure des monstres grâce à vos attaques.|Hace que tus ataques Perforen y rompan la armadura de los monstruos|Przeklnij potwory w miejscu celu aby zadawały zmniejszone obrażenia
talent_desc_homingMissiles|Unleash a homing missile dealing Physical area of effect damage|Unleash a homing missile dealing Physical area of effect damage|Dispara um míssil teleguiado, causando dano físico em área.| Выпустить самонаводящуюся ракету, наносящую физический урон по области поражения.|發射一枚追蹤導彈, 造成範圍物理傷害|ホーミングミサイルを発射し、物理範囲ダメージを与えます。|추적 미사일을 발사하여 물리 광역 데미지를 줍니다.|Feuert eine zielsuchende Rakete ab, die physischen Flächenschaden verursacht.|Lance un missile à tête chercheuse infligeant des dégâts physiques de zone.|Libera un misil buscador que inflige daño físico en área|Powoduje że twoje ataki Przebijają i przełamują pancerz potworów
talent_desc_flurry|Unleash a flurry of arrows dealing physical damage|Unleash a flurry of arrows dealing physical damage|Dispara uma saraivada de flechas, causando dano físico.| Выпустите шквал стрел, наносящих физический урон.|發射一連串箭矢, 造成物理傷害|矢の雨を降らせ、物理ダメージを与えます。|연속 화살을 발사하여 물리 데미지를 입힙니다.|Feuert einen Pfeilhagel ab, der physischen Schaden verursacht.|Lance une rafale de flèches infligeant des dégâts physiques.|Libera una ráfaga de flechas que inflige daño físico|Uwolnij naprowadzający pocisk zadający obrażenia Fizyczne obszarowe
talent_desc_doomCannon|Fire three cannonballs exploding upon landing dealing physical damage|Fire three cannonballs exploding upon landing dealing physical damage|Dispara três balas de canhão que explodem ao pousar, causando dano físico.| Выстрел тремя пушечными ядрами, которые взрываются при приземлении, нанося физический урон.|發射三顆砲彈, 落地後爆炸, 造成物理傷害|着地時に爆発する3発の砲弾を発射し、物理ダメージを与えます。|세 개의 대포알을 발사하여 착지 시 폭발하며 물리 데미지를 줍니다.|Feuert drei Kanonenkugeln ab, die bei der Landung explodieren und physischen Schaden verursachen.|Tire trois boulets de canon explosant à l'atterrissage, infligeant des dégâts physiques.|Dispara tres bolas de cañón que explotan al aterrizar infligiendo daño físico|Uwolnij salwę strzał zadającą obrażenia fizyczne
talent_desc_superShot|Enhances your projectiles with unstable energy causing a shockwave on hit dealing physical damage|Enhances your projectiles with unstable energy causing a shockwave on hit dealing physical damage|Aprimora seus projéteis com energia instável, causando uma onda de choque ao atingir, causando dano físico.| Усиливает ваши снаряды нестабильной энергией, вызывая ударную волну при попадании, нанося физический урон.|用不穩定的能量增強你的投射物, 產生沖擊波, 造成物理傷害|不安定なエネルギーで弾丸を強化し、命中時に衝撃波を発生させ、物理ダメージを与えます。|투사체에 불안정한 에너지를 부여하여 적중 시 충격파를 일으키며 물리 데미지를 줍니다.|Verstärkt eure Projektile mit instabiler Energie, die beim Aufprall eine Schockwelle verursacht und physischen Schaden verursacht.|Améliore vos projectiles avec une énergie instable, provoquant une onde de choc à l'impact, infligeant des dégâts physiques.|Mejora tus proyectiles con energía inestable causando una onda de choque al impactar que inflige daño físico|Wystrzel trzy kule armatnie eksplodujące przy lądowaniu zadające obrażenia fizyczne
talent_desc_impetus|Send impaling spikes out of the ground at target location dealing Physical area of effect damage and stunning monsters.|Send impaling spikes out of the ground at target location dealing Physical area of effect damage and stunning monsters.|Lança estacas perfurantes do chão no local alvo, causando dano físico em área e atordoando monstros.| Выпускайте из земли в указанном месте острые шипы, наносящие физический урон по области и оглушающие монстров.|從地面發射穿透尖刺, 對目標位置造成物理範圍傷害並擊暈怪物|指定地点の地面から突き刺すようなスパイクを発射し、物理範囲ダメージを与え、モンスターをスタンさせます。|지정 위치의 땅에서 가시를 솟아나게 하여 물리 광역 데미지 및 기절 효과를 줍니다.|Schleudert am Zielort spießende Stacheln aus dem Boden, die physischen Flächenschaden verursachen und Monster betäuben.|Envoie des piques empalantes hors du sol à l'emplacement ciblé, infligeant des dégâts physiques de zone et étourdissant les monstres. Améliore vos projectiles avec de l'énergie statique, provoquant une chaîne d'éclairs à l'impact, infligeant des dégâts de Foudre.|Envía púas empaladoras del suelo en la ubicación objetivo infligiendo daño físico en área y aturdiendo a los monstruos.|Wzmacnia twoje pociski niestabilną energią powodując falę uderzeniową przy trafieniu zadającą obrażenia fizyczne
talent_desc_staticShot|Enhances your projectiles with static energy causing a chain lightning on hit dealing Lightning damage|Enhances your projectiles with static energy causing a chain lightning on hit dealing Lightning damage|Aprimora seus projéteis com energia estática, causando uma corrente elétrica ao acerto, causando dano elétrico.| Усиливает ваши снаряды статической энергией, вызывая цепную молнию при попадании, нанося урон молнией.|用靜態能量增強你的投射物, 擊中時產生連鎖閃電, 造成閃電傷害|発射物に静電気エネルギーを付与し、命中時に連鎖雷撃を発生させて雷属性ダメージを与えます。|투사체에 정전기 에너지를 부여하여 적중 시 체인 라이트닝을 발생시키고 번개 데미지를 줍니다.|Verstärkt deine Projektile mit statischer Energie und verursacht bei Treffern Kettenblitze und Blitzschaden.|Divise vos projectiles en plusieurs projectiles à l'impact, infligeant des dégâts physiques.|Mejora tus proyectiles con energía estática causando un rayo encadenado al impactar que inflige daño de Rayos|Wyślij impaling kolce z ziemi w miejsce celu zadające obrażenia Fizyczne obszarowe i ogłuszające potwory
talent_desc_spreadShot|Causes your projectiles to split into multiple projectiles on hit dealing physical damage|Causes your projectiles to split into multiple projectiles on hit dealing physical damage|Faz com que seus projéteis se dividam em múltiplos projéteis ao acerto, causando dano físico.| При попадании ваши снаряды разделяются на несколько, нанося физический урон.|使你的投射物在命中時分裂成多個投射物, 造成物理傷害|命中時に発射物が複数の発射物に分裂し、物理ダメージを与えます。|투사체가 적중 시 여러 개로 분열되어 물리 데미지를 줍니다.|Löst deine Projektile bei Treffern in mehrere Projektile auf und verursacht physischen Schaden.|Augmente votre vitesse de déplacement pendant une courte période.|Hace que tus proyectiles se dividan en múltiples proyectiles al impactar infligiendo daño físico|Wzmacnia twoje pociski statyczną energią powodując łańcuchową błyskawicę przy trafieniu zadającą obrażenia Błyskawic
talent_desc_awareness|Increases your movement speed for a short period|Increases your movement speed for a short period|Aumenta sua velocidade de movimento por um curto período.| Увеличивает вашу скорость передвижения на короткий период времени.|短時間內提高你的移動速度|移動速度が短時間上昇します。|짧은 시간 동안 이동 속도가 증가합니다.|Erhöht kurzzeitig deine Bewegungsgeschwindigkeit.|Invoque une énorme flèche qui tire vers l'avant après un court délai, infligeant des dégâts physiques de zone.|Aumenta tu velocidad de movimiento durante un breve período|Powoduje że twoje pociski rozszczepiają się w wiele pocisków przy trafieniu zadając obrażenia fizyczne
talent_desc_powerShot|Summons a huge arrow which fires forward after a short delay dealing Physical area of effect damage|Summons a huge arrow which fires forward after a short delay dealing Physical area of effect damage|Invoca uma flecha enorme que dispara para frente após um breve atraso, causando dano físico em área.| Вызывает огромную стрелу, которая выстреливает вперед после короткой задержки, нанося физический урон по области действия.|召喚一支巨大的箭矢, 在短暫延遲後向前發射, 造成範圍物理傷害|巨大な矢を召喚し、少し遅れて前方に発射し、範囲物理ダメージを与えます。|짧은 시간 후 앞으로 발사되는 거대한 화살을 소환하여 물리 광역 데미지를 줍니다.|Beschwört einen riesigen Pfeil, der nach kurzer Verzögerung nach vorne geschossen wird und physischen Flächenschaden verursacht.|Augmente votre vitesse d'attaque et vos dégâts critiques pendant une courte période.|Invoca una enorme flecha que se dispara hacia adelante tras un breve retraso infligiendo daño físico en área|Zwiększa twoją prędkość ruchu na krótki czas
talent_desc_lethalTempo|Increases your attack speed and critical strike damage for a short period|Increases your attack speed and critical strike damage for a short period|Aumenta sua velocidade de ataque e dano de acerto crítico por um curto período.| Увеличивает скорость атаки и критический урон на короткий период.|短時間內提升你的攻擊速度與暴擊傷害. |攻撃速度とクリティカルヒットダメージが短時間上昇します。|짧은 시간 동안 공격 속도와 치명타 데미지가 증가합니다.|Erhöht kurzzeitig deine Angriffsgeschwindigkeit und deinen kritischen Trefferschaden.|Appelle l'artillerie et fait pleuvoir des flèches sur les monstres autour de la cible initiale, infligeant des dégâts physiques.|Aumenta tu velocidad de ataque y daño crítico durante un breve período|Przywołuje ogromną strzałę która wystrzeliwuje do przodu po krótkim opóźnieniu zadającą obrażenia Fizyczne obszarowe
talent_desc_artilleryAid|Call for the artillery, raining arrows to monsters around the initial target dealing physical damage|Call for the artillery, raining arrows to monsters around the initial target dealing physical damage|Chama a artilharia, lançando flechas em direção aos monstros ao redor do alvo inicial, causando dano físico.| Вызовите артиллерию|召喚大砲,向初始目標周圍的敵人發射雨一般的炮擊, 造成物理傷害|砲兵を呼び出し、最初のターゲットの周囲のモンスターに矢を降らせ、物理ダメージを与えます。|포병을 호출하여 초기 대상 주변의 몬스터에게 화살비를 쏟아부어 물리 데미지를 줍니다.|Ruft die Artillerie herbei und lasst Pfeile auf Monster um das ursprüngliche Ziel regnen, die physischen Schaden verursachen.|Lance un énorme baril de poudre à canon qui explose à l'atterrissage, infligeant des dégâts de feu et laissant le sol en feu. |Llama a la artillería, haciendo llover flechas sobre los monstruos alrededor del objetivo inicial infligiendo daño físico|Zwiększa twoją prędkość ataku i obrażenia krytyczne na krótki czas
talent_desc_powderKeg|Throw a huge keg of gunpowder exploding upon landing dealing fire damage and leaving the ground burning.|Throw a huge keg of gunpowder exploding upon landing dealing fire damage and leaving the ground burning.|Lança um enorme barril de pólvora que explode ao atingir o alvo, causando dano de fogo e deixando o chão em chamas. | Бросьте огромную бочку с порохом, которая взорвется при приземлении, нанося урон от огня и оставляя землю горящей.|投擲一大桶火藥, 落地時爆炸造成火焰傷害, 並使地面燃燒|巨大な火薬樽を投げ、着地時に爆発させて火炎ダメージを与え、地面を燃え上がらせます。 |화약통을 던져 착지 시 폭발하며 화염 데미지를 주고 땅을 불태웁니다.|Wirft ein riesiges Fass Schießpulver, das bei der Landung explodiert, Feuerschaden verursacht und den Boden in Flammen aufgehen lässt.||Lanza un enorme barril de pólvora que explota al aterrizar infligiendo daño de fuego y dejando el suelo ardiendo.|Wezwij artylerię deszczującą strzałami na potwory wokół początkowego celu zadającą obrażenia fizyczne
talent_desc_mageFury|Chance on cast to unleash arcane explosions on monsters around you dealing arcane damage.|Chance on cast to unleash arcane explosions on monsters around you dealing arcane damage.|Libera explosões arcanas em monstros ao redor do alvo inicial, causando dano arcano.| Выпускайте магические взрывы на монстров вокруг первоначальной цели, нанося урон магией арканы.|施法時，有機率使你周圍的怪物引爆奧術爆炸，造成奧術傷害。|初期ターゲットの周囲のモンスターに秘術の爆発を放ち、秘術ダメージを与える。|초기 대상 주변의 몬스터에게 아케인 폭발을 일으켜 아케인 데미지를 줍니다.|Entfesselt arkane Explosionen auf Monster im Umkreis des ursprünglichen Ziels und verursacht arkanen Schaden.|Déchaîne des explosions arcaniques sur les monstres autour de la cible initiale, infligeant des dégâts arcaniques.|Probabilidad al lanzar de liberar explosiones arcanas sobre los monstruos a tu alrededor que infligen daño arcano.|Rzuć ogromnym keg prochu eksplodującym przy lądowaniu zadającym obrażenia fire i zostawiającym ziemię palącą się.
talent_desc_conjuredHex|Curses all monsters in target location to be Hexed and Breaking their Arcane Resistances|Curses all monsters in target location to be Hexed and Breaking their Arcane Resistances|Amaldiçoa todos os monstros no local alvo, fazendo-os enfeitiçar e quebrando suas resistências arcanas.| Проклинает всех монстров в указанном месте, накладывая проклятие и разрушая их сопротивление тайной магии.|詛咒目標位置的所有怪物, 使其受到詛咒, 並降低其奧術抗性|ターゲット地点にいる全てのモンスターに呪いをかけ、秘術耐性を破壊させる。|대상 지역의 모든 몬스터에게 저주를 걸어 헥스 상태로 만들고, 아케인 저항력을 감소시킵니다.|Verflucht alle Monster im Zielgebiet und zerstört ihre arkanen Resistenzen.|Maudit tous les monstres à l'emplacement ciblé, les ensorcelle et brise leurs résistances aux arcanes.|Maldice a todos los monstruos en la ubicación objetivo para que estén Hexeados y Rompe sus Resistencias Arcanas|Szansa przy rzuceniu na uwolnienie eksplozji arcane na potworach wokół ciebie zadających obrażenia arcane.
talent_desc_wizardsWrath|Increases your cast rate and arcane damage for a short period|Increases your cast rate and arcane damage for a short period|Aumenta sua taxa de conjuração e dano arcano por um curto período.| Увеличивает скорость произнесения заклинаний и урон от тайной магии на короткий период.|短時間內提高你的施法速度和奧術傷害|詠唱速度と秘術ダメージを短時間増加させる。|짧은 시간 동안 시전 속도와 아케인 데미지가 증가합니다.|Erhöht eure Zauberrate und euren arkanen Schaden für kurze Zeit.|Augmente votre taux d'incantation et vos dégâts arcaniques pendant une courte période.|Aumenta tu velocidad de lanzamiento y daño arcano durante un breve período|Przeklnij wszystkie potwory w miejscu celu aby były Hexed i Przełamywały ich Odporności Arcane
talent_desc_mysticOrb|Summon a Mystic Orb which pulsates dealing arcane damage to monsters and Replenishing Mana for allies|Summon a Mystic Orb which pulsates dealing arcane damage to monsters and Replenishing Mana for allies|Invoca um Orbe Místico que pulsa, causando dano arcano a monstros e reabastecendo Mana para aliados.| Призывает мистическую сферу, которая пульсирует, нанося магический урон монстрам и восполняя ману союзникам.|召喚一個神秘球, 它會向敵人造成奧術傷害, 並為隊友恢復法力|脈動しながらモンスターに秘術ダメージを与え、味方のマナを回復するミスティックオーブを召喚する。|미스틱 오브를 소환하여 주기적으로 아케인 데미지를 입히고 아군의 마나를 회복시킵니다.|Beschwört eine mystische Kugel, die pulsiert, Monstern arkanen Schaden zufügt und Verbündeten Mana regeneriert.|Invoque un orbe mystique qui vibre, infligeant des dégâts arcaniques aux monstres et réapprovisionnant le mana de vos alliés.|Invoca un Orbe Místico que pulsa infligiendo daño arcano a los monstruos y Reabasteciendo Maná a los aliados|Zwiększa twoją szybkość rzucania i obrażenia arcane na krótki czas
talent_desc_deathsAnguish|Summons a malevolent Skull from a corpse, homing into the nearest monster dealing Arcane area of effect damage|Summons a malevolent Skull from a corpse, homing into the nearest monster dealing Arcane area of effect damage|Invoca uma Caveira malévola de um cadáver, mirando no monstro mais próximo, causando dano de área de efeito arcano.| Вызывает злобный Череп из трупа.|從屍體中召喚一個邪惡骷髏, 朝最近的敵人發射, 成奧術範圍傷害|死体から悪意に満ちた髑髏を召喚し、最も近いモンスターにホーミングして秘術範囲ダメージを与える。|시체에서 악의적인 해골을 소환해 가장 가까운 몬스터에게 유도되어 날아가 아케인 광역 데미지를 줍니다.|Beschwört einen bösartigen Schädel aus einer Leiche, der sich auf das nächstgelegene Monster konzentriert und arkanen Flächenschaden verursacht.|Invoque un crâne malveillant depuis un cadavre, se dirigeant vers le monstre le plus proche et infligeant des dégâts de zone arcaniques.|Invoca un Cráneo malévolo desde un cadáver que se dirige al monstruo más cercano infligiendo daño arcano en área|Przywołaj Mystic Orb która pulsuje zadając obrażenia arcane potworom i Replenishing Manę dla sojuszników
talent_desc_touchOfDeath|Unleash the plague on monsters around target location dealing poison damage.|Unleash the plague on monsters around target location dealing poison damage.|Libera a praga em monstros ao redor do local alvo, causando dano de veneno.| Выпустите чуму на монстров вокруг выбранной локации, нанося урон ядом.|向目標位置周圍的敵人釋放瘟疫, 造成毒素傷害|ターゲット地点周辺のモンスターに疫病を放ち、毒ダメージを与える。|대상 지역 주변의 몬스터에게 역병을 퍼뜨려 독 데미지를 줍니다.|Entfesselt die Seuche auf Monster im Umkreis des Zielgebiets und verursacht Giftschaden.|Déchaîne la peste sur les monstres autour de l'emplacement ciblé, infligeant des dégâts de poison. Déchaîne des flammes infernales se propageant vers l'avant, infligeant des dégâts de feu.|Libera la plaga sobre los monstruos alrededor de la ubicación objetivo infligiendo daño de veneno.|Przywołuje złowrogą Czaszka z trupa naprowadzającą się na najbliższego potwora zadającą obrażenia Arcane obszarowe
talent_desc_hellFire|Unleash flames of hell fire traveling forward dealing fire damage|Unleash flames of hell fire traveling forward dealing fire damage|Liberta chamas de fogo infernal que se propagam para a frente, causando dano de fogo.| Выпустите пламя адского огня, движущееся вперед и наносящее урон от огня.|釋放一道向前移動的地獄之火, 造成火焰傷害|前方に地獄の炎を放ち、炎ダメージを与えます。|지옥불의 화염을 앞으로 발사해 불 데미지를 줍니다.|Entfesselt Höllenfeuerflammen, die sich vorwärts bewegen und Feuerschaden verursachen.|Lance un champignon toxique rebondissant sur les champignons existants et infligeant des dégâts de zone de poison aux monstres.|Libera llamas del infierno que viajan hacia adelante infligiendo daño de fuego|Uwolnij plagę na potworach wokół miejsca celu zadającą obrażenia trucizną.
talent_desc_shroomOfDoom|Throw a toxic shroom bouncing from existing shrooms and dealing Poison area of effect damage to monsters|Throw a toxic shroom bouncing from existing shrooms and dealing Poison area of effect damage to monsters|Lança um cogumelo tóxico que ricocheteia nos cogumelos existentes e causa dano de área de efeito de Veneno aos monstros.| Бросить ядовитый гриб, который отскакивает от существующих грибов и наносит урон по области действия яда монстрам.|投擲一個劇毒蘑菇, 會從現有的蘑菇上彈起, 對怪物造成範圍毒素傷害|毒キノコを投げ、既存のキノコから跳ね返らせ、モンスターに毒の範囲ダメージを与えます。|기존의 버섯들 사이에서 튕기는 독 버섯을 던져 독 광역 데미지를 줍니다.|Wirft einen giftigen Pilz, der von vorhandenen Pilzen abprallt und Monstern giftigen Flächenschaden zufügt.|Lance un barrage de traits d'ombre infligeant des dégâts arcaniques.|Lanza un hongo tóxico que rebota entre hongos existentes e inflige daño de veneno en área a los monstruos|Uwolnij płomienie piekielnego ognia podróżujące do przodu zadające obrażenia fire
talent_desc_shadowBarrage|Unleash a barrage of Shadow Bolts dealing arcane damage|Unleash a barrage of Shadow Bolts dealing arcane damage|Libera uma barragem de Raios Sombrios, causando dano arcano.| Выпустите шквал Теневых стрел, наносящих урон тайной магией.|釋放一連串的暗影箭, 造成奧術傷害|シャドウボルトの弾幕を放ち、秘術ダメージを与えます。|아케인 데미지를 주는 섀도우 볼트 연사를 퍼붓습니다.|Entfesselt eine Salve von Schattenblitzen, die arkanen Schaden verursachen.|Invoque une anomalie d'ombre qui combattra à vos côtés pendant une courte période.|Libera una ráfaga de Rayos de Sombra que infligen daño arcano|Rzuć toksycznym shroom odbijającym się od istniejących shroom i zadającym obrażenia Poison obszarowe potworom
talent_desc_gravesGrasp|Summon a shadow anomaly to fight for you for a short period|Summon a shadow anomaly to fight for you for a short period|Invoca uma anomalia sombria para lutar por você por um curto período.| Призовите теневую аномалию, которая будет сражаться за вас в течение короткого периода времени.|召喚一個影子為你戰鬥一小段時間|影の異常体を召喚し、短時間だけ味方として戦わせます。|그림자 이형체를 소환하여 짧은 시간 동안 함께 싸웁니다.|Beschwört eine Schattenanomalie, die kurzzeitig für euch kämpft.|Plante la graine de destruction sur tous les monstres autour de la cible, explosant après un certain temps, infligeant des dégâts de zone de type arcanique.|Invoca una anomalía sombría para que luche por ti durante un breve período|Uwolnij salwę Shadow Bolts zadającą obrażenia arcane
talent_desc_seedOfDestruction|Plant the seed of destruction on all monsters around the target location exploding after a delay dealing Arcane area of effect damage|Plant the seed of destruction on all monsters around the target location exploding after a delay dealing Arcane area of effect damage|Planta a semente da destruição em todos os monstros ao redor do local alvo, explodindo após um atraso, causando dano de área de efeito Arcano.| Посадите семя разрушения на всех монстров вокруг выбранной локации, которое взорвется после задержки, нанося урон по области действия тайной магии.|在目標位置周圍的怪物身上種下毀滅種子, 在一定延遲後爆炸, 造成奧術範圍傷害|指定地点の周囲のすべてのモンスターに破壊の種を植え、一定時間後に爆発させ、秘術の範囲ダメージを与えます。|대상 지역 주변의 모든 몬스터에게 파괴의 씨앗을 심고, 잠시 후 폭발시켜 아케인 광역 데미지를 줍니다.|Sät den Samen der Zerstörung auf alle Monster im Zielgebiet, der nach einer Verzögerung explodiert und arkanen Flächenschaden verursacht.|Invoque une onde de choc de mains avides infligeant des dégâts arcaniques.|Planta la semilla de la destrucción en todos los monstruos alrededor de la ubicación objetivo que explota tras un retraso infligiendo daño arcano en área|Przywołaj cieniową anomalię aby walczyła dla ciebie na krótki czas
talent_desc_shadowsGrasp|Summon a shockwave of grasping hands dealing arcane damage|Summon a shockwave of grasping hands dealing arcane damage|Invoca uma onda de choque de mãos agarradoras, causando dano arcano.| Вызвать ударную волну цепких рук, наносящих урон тайной магией.|召喚出一只會釋放奧術傷害沖擊波的抓握之手|掴みかかる手の衝撃波を召喚し、秘術ダメージを与えます。|붙잡는 손의 충격파를 소환하여 아케인 데미지를 줍니다.|Beschwört eine Schockwelle greifender Hände, die arkanen Schaden verursacht.|Lance un puissant sort de zone sur la cible, infligeant des dégâts de froid et gelant les monstres.|Invoca una onda de choque de manos agarradoras que inflige daño arcano|Zasadź nasienie zniszczenia na wszystkich potworach wokół miejsca celu eksplodujące po opóźnieniu zadające obrażenia Arcane obszarowe
talent_desc_freezingEnchant|Chance on spell hit to unleash a powerful area of effect spell on target location dealing cold damage and Freezing monsters|Chance on spell hit to unleash a powerful area of effect spell on target location dealing cold damage and Freezing monsters|Libera uma poderosa magia de área de efeito no local alvo, causando dano de gelo e congelando monstros.| Высвободите мощное заклинание, действующее по области, в указанном месте, нанося урон холодом и замораживая монстров.|法術擊中時，有機率在目標位置釋放強大的範圍法術，造成冰霜傷害並冰凍怪物. |指定地点に強力な範囲魔法を放ち、冷気ダメージとモンスターの凍結を与えます。|대상 지역에 강력한 광역 주문을 시전하여 냉기 데미지를 주고 몬스터를 얼립니다.|Entfesselt einen mächtigen Flächenzauber am Zielort, der Kälteschaden verursacht und Monster einfriert.|Augmente vos chances d'ignorer la défense de la cible.|Probabilidad al golpear con hechizo de liberar un poderoso hechizo en área en la ubicación objetivo que inflige daño de frío y Congela a los monstruos|Przywołaj falę uderzeniową chwytających rąk zadającą obrażenia arcane
talent_desc_glyphPrecision|Increases your chance to ignore target defense.|Increases your chance to ignore target defense.|Aumenta sua chance de ignorar a defesa do alvo.| Увеличивает ваш шанс игнорировать защиту цели.|增加你無視目標防禦的機率。|対象の防御力を無視する確率が上昇します。|상대의 방어를 무시할 확률이 증가합니다.|Erhöht eure Chance, die Verteidigung des Ziels zu ignorieren.|Vos sorts peuvent désormais infliger des coups critiques. Augmentez vos chances de coup critique et vos dégâts critiques.|Aumenta tu probabilidad de ignorar la defensa del objetivo.|Szansa przy trafieniu zaklęciem na uwolnienie potężnego zaklęcia obszarowego w miejscu celu zadającego obrażenia zimna i Zamrażającego potwory
talent_desc_glyphMysticInsight|Your spells can now critically strike. Gain critical spell chance and increased critical spell damage.|Your spells can now critically strike. Gain critical spell chance and increased critical spell damage.|Suas magias agora podem causar acerto crítico. Ganha chance de acerto crítico e dano de área de efeito de Veneno aumentado.| Ваши заклинания теперь могут наносить критический удар. Получите шанс критического заклинания и увеличенный критический урон заклинания.|你的法術現在可以造成暴擊. 獲得暴擊法術幾率並增加暴擊法術傷害|呪文がクリティカルヒットするようになります。呪文のクリティカル率と呪文のクリティカルダメージが増加します。|주문이 치명타로 적중할 수 있으며, 주문 치명타 확률과 데미지가 증가합니다.|Ihre Zauber können jetzt kritisch treffen. Erhöht die Chance auf kritische Zauber und den Schaden kritischer Zauber.|Augmentez les dégâts de vos compétences magiques. Augmentez votre taux d'incantation pour une partie de vos dégâts de compétences magiques. |Tus hechizos ahora pueden golpear críticamente. Obtienes probabilidad de golpe crítico de hechizos y daño crítico de hechizos aumentado.|Zwiększa twoją szansę na ignorowanie obrony celu.
talent_desc_glyphSpellSlinger|Increases your magic skill damage. Gain increased cast rate for a portion of your magic skill damage.|Increases your magic skill damage. Gain increased cast rate for a portion of your magic skill damage.|Aumenta seu dano de habilidade mágica. Ganha taxa de conjuração aumentada para uma parte do seu dano de habilidade mágica. | Увеличивает урон от магических навыков. Получите повышенную скорость каста для части урона от магических навыков.|增加你的魔法技能傷害. 提高部分魔法技能傷害的施法速度 |魔法スキルのダメージが上昇します。魔法スキルのダメージの一部に対して、詠唱速度が上昇します。 |마법 스킬 데미지가 증가하며, 그 일부 비율만큼 시전 속도도 증가합니다.|Erhöht euren Zauberschaden. Erhöht die Zauberrate für einen Teil eures Zauberschadens.|Augmente les dégâts de vos compétences magiques. Augmentez votre vitesse d'incantation pour une partie de vos dégâts.|Aumenta tu daño de habilidades mágicas. Obtienes velocidad de lanzamiento aumentada por una porción de tu daño de habilidades mágicas.|Twoje zaklęcia mogą teraz trafiać krytycznie. Zyskaj szansę krytycznego zaklęcia i zwiększone obrażenia krytyczne zaklęcia.
talent_desc_glyphTempestStrikes|Striking monsters grant you a stack of Tempest. Each stack of Tempest increases your attack speed and movement speed. When you reach max stacks, become empowered doubling the effect for a short period and dropping the stacks.|Striking monsters grant you a stack of Tempest. Each stack of Tempest increases your attack speed and movement speed. When you reach max stacks, become empowered doubling the effect for a short period and dropping the stacks.|Monstros que atacam concedem a você um acúmulo de Tempestade. Cada acúmulo de Tempestade aumenta sua velocidade de ataque e velocidade de movimento. Ao atingir o máximo de acúmulos, você se torna fortalecido, dobrando o efeito por um curto período e eliminando os acúmulos.| Удары монстров дают вам стек Tempest. Каждый стек Tempest увеличивает вашу скорость атаки и скорость передвижения. Когда вы достигаете максимальных стеков|攻擊擊中怪物會為你提供一層暴風. 每層暴風都會增加你的攻擊速度和移動速度. 當你達到最大層數時, 會獲得短暫的加倍效果, 並減少疊層數.|モンスターを攻撃すると「テンペスト」がスタックされます。「テンペスト」がスタックされるごとに、攻撃速度と移動速度が向上します。スタックが最大に達すると強化され、効果が短期間2倍になり、スタックが解除されます。|몬스터를 공격할 때마다 템페스트 중첩을 얻고, 중첩마다 공격 속도와 이동 속도가 증가합니다. 최대 중첩에 도달하면 짧은 시간 동안 강화 상태가 되어 효과가 두 배로 적용되고 중첩이 초기화됩니다.|Das Schlagen von Monstern gewährt dir einen Stapel Sturm. Jeder Stapel Sturm erhöht deine Angriffs- und Bewegungsgeschwindigkeit. Wenn du die maximale Anzahl an Stapeln erreichst, wirst du gestärkt, was den Effekt für kurze Zeit verdoppelt und die Stapel fallen lässt.|Attaquer des monstres vous confère un effet de Tempête. Chaque effet de Tempête augmente vos vitesses d'attaque et de déplacement. Lorsque vous atteignez le maximum de charges, vous gagnez en puissance, doublant l'effet pendant une courte période et réduisant les charges.|Golpear a los monstruos te otorga una pila de Tempestad. Cada pila de Tempestad aumenta tu velocidad de ataque y velocidad de movimiento. Al alcanzar el máximo de pilas, te empoderas duplicando el efecto durante un breve período y descartando las pilas.|Zwiększa twoje obrażenia umiejętności magicznych. Zyskaj zwiększoną szybkość rzucania za część twoich obrażeń umiejętności magicznych.
talent_desc_glyphCorrosion|Your damage over time effects last longer. Every second a monster is affected by damage over time the damage they take from that element is increased.|Your damage over time effects last longer. Every second a monster is affected by damage over time the damage they take from that element is increased.|Seus efeitos de dano ao longo do tempo duram mais. A cada segundo que um monstro é afetado por dano ao longo do tempo, o dano que ele recebe daquele elemento aumenta.| Ваши эффекты урона с течением времени длятся дольше. Каждую секунду, когда монстр подвергается урону с течением времени, урон, который он получает от этого элемента, увеличивается.|你造成的持續傷害時間會持續更長. 每秒受到持續傷害的怪物, 他們從該元素中受到的傷害都會增加.|継続ダメージ効果の持続時間が長くなります。モンスターが継続ダメージを受けている間、1秒ごとにその属性から受けるダメージが増加します。|지속 데미지 효과가 더 오래 유지되며, 몬스터가 지속 데미지를 받을수록 그 원소 데미지를 더 많이 받습니다.|Deine Schaden-über-Zeit-Effekte halten länger an. Jede Sekunde, die ein Monster von Schaden-über-Zeit betroffen ist, erhöht sich der Schaden, den es durch dieses Element erleidet.|Vos effets de dégâts sur la durée durent plus longtemps. Chaque seconde où un monstre est affecté par des dégâts sur la durée, les dégâts qu'il subit de cet élément augmentent.|Tus efectos de daño con el tiempo duran más. Cada segundo que un monstruo está afectado por daño con el tiempo, el daño que recibe de ese elemento aumenta.|Trafianie potworów daje ci stack Tempest. Każdy stack Tempest zwiększa twoją prędkość ataku i ruchu. Gdy osiągniesz max stacki zostań wzmocniony podwójnie efektem na krótki czas i zrzuć stacki.
talent_desc_glyphSingularity|Every 7 seconds your next projectile will pull nearby monsters to it when destroyed.|Every 7 seconds your next projectile will pull nearby monsters to it when destroyed.|A cada 7 segundos, sua próxima instância de dano atrairá monstros próximos para si quando destruída.| Каждые 7 секунд ваш следующий случай нанесения урона будет притягивать к себе находящихся поблизости монстров после его уничтожения.|每 7 秒，你的下一個投射物在摧毀時會將周圍怪物拉引至其位置. |7秒ごとに、次のダメージ発生時に近くのモンスターが引き寄せられます。|7초마다 다음 데미지 인스턴스가 파괴 시 주변 몬스터를 끌어당깁니다.|Alle 7 Sekunden zieht dein nächster Schadensfall nahe Monster an, wenn er zerstört wird.|Toutes les 7 secondes, votre prochain effet de dégâts attirera les monstres proches lorsqu'il sera détruit.|Cada 7 segundos tu próximo proyectil atraerá a los monstruos cercanos hacia él al ser destruido.|Twoje efekty obrażeń w czasie trwają dłużej. Każda sekunda gdy potwór jest dotknięty obrażeniami w czasie zwiększa obrażenia które otrzymuje od tego elementu.
talent_desc_glyphEcho|Every 30 seconds cast your last used skill dealing increased damage. The cooldown is reduced by 0.5 seconds after each kill.|Every 30 seconds cast your last used skill dealing increased damage. The cooldown is reduced by 0.5 seconds after each kill.|A cada 30 segundos, conjure sua última habilidade usada, causando dano aumentado. O tempo de recarga é reduzido em 0,5 segundo após cada abate.| Каждые 30 секунд вы применяете последний использованный навык, нанося повышенный урон. Время восстановления сокращается на 0,5 секунды после каждого убийства.|每30秒施放你最後使用的技能, 造成更大的傷害. 每次擊殺後冷卻時間減少0.5秒.|30秒ごとに、最後に使用したスキルを発動し、ダメージが増加します。モンスターを倒すたびにクールダウンが0.5秒短縮されます。|30초마다 마지막으로 사용한 스킬을 자동으로 시전하며, 처치 시마다 쿨다운이 0.5초 감소합니다.|Wirke alle 30 Sekunden deine zuletzt verwendete Fertigkeit und verursache erhöhten Schaden. Die Abklingzeit verringert sich nach jedem Kill um 0,5 Sekunden.|Toutes les 30 secondes, lancez votre dernière compétence utilisée, infligeant des dégâts accrus. Le temps de recharge est réduit de 0,5 seconde après chaque élimination.|Cada 30 segundos lanza tu última habilidad usada infligiendo daño aumentado. El tiempo de reutilización se reduce 0,5 segundos tras cada muerte.|Co 7 sekund twój następny pocisk przyciągnie pobliskie potwory do siebie gdy zostanie zniszczony
talent_desc_glyphSurvivorsShield|When losing 35% of your maximum life become immune to all damage and healing for a short period.|When losing 35% of your maximum life become immune to all damage and healing for a short period.|Ao perder 35% da sua vida máxima, você se torna imune a todo dano e cura por um curto período.| При потере 35% от максимального количества здоровья вы на короткое время становитесь невосприимчивы ко всем видам урона и исцеления.|當失去最大生命的35%時, 會在短時間內免疫所有傷害和治療.|最大ライフの35%を失うと、短期間、すべてのダメージと回復を受けなくなります。|최대 생명력의 35%를 잃을 경우, 짧은 시간 동안 모든 데미지와 치유에 면역이 됩니다.|Wenn du 35 % deines maximalen Lebens verlierst, wirst du für kurze Zeit immun gegen jeglichen Schaden und Heilung.|Lorsque vous perdez 35 % de votre vie maximale, vous êtes immunisé contre tous les dégâts et soins pendant une courte période.|Al perder el 35% de tu vida máxima te vuelves inmune a todo daño y curación durante un breve período.|Co 30 sekund rzuć swoją ostatnią używaną umiejętnością strażniczą zadającą zwiększone obrażenia. Cooldown jest zmniejszany o 0.5 sekundy po każdym zabiciu.
talent_desc_glyphMagistriker|Your magic skill damage is increased based on your total attacks per second.|Your magic skill damage is increased based on your total attacks per second.|O dano da sua habilidade mágica aumenta com base no seu total de ataques por segundo.| Урон от ваших магических навыков увеличивается в зависимости от общего количества атак в секунду.|你的魔法技能傷害會根據你每秒鐘的總攻擊次數而增加. |魔法スキルのダメージは、1秒あたりの攻撃回数に応じて増加します。|초당 총 공격 횟수에 비례하여 마법 스킬 데미지가 증가합니다.|Der Schaden deiner magischen Fertigkeit erhöht sich basierend auf deinen gesamten Angriffen pro Sekunde.|Les dégâts de vos compétences magiques augmentent en fonction de votre total d'attaques par seconde.|Tu daño de habilidades mágicas se aumenta basado en tu total de ataques por segundo.|Obrażenia zadawane przez umiejętności magiczne rosną w zależności od łącznej liczby ataków na sekundę.
talent_desc_glyphAvarice|Picking up gold grants you a stack of Avarice. Each stack increases your Magic Find and Gold Find.|Picking up gold grants you a stack of Avarice. Each stack increases your Magic Find and Gold Find.|Coletar ouro concede a você um acúmulo de Avareza. Cada acúmulo aumenta sua Achado Mágico e Achado de Ouro.| Подбор золота дает вам стак Avarice. Каждый стак увеличивает ваш Magic Find и Gold Find.|拾取黃金會為你帶來一層貪婪. 每層都會增加你的物品稀有度和金幣掉落.|金を拾うと「アヴァライス」がスタックされます。スタックごとに「マジックファインド」と「ゴールドファインド」が増加します。|골드를 획득할 때마다 탐욕 중첩을 얻으며, 중첩마다 매직 아이템 확률과 골드 찾기가 증가합니다.|Das Aufheben von Gold gewährt dir einen Stapel Habgier. Jeder Stapel erhöht deinen Magischen Fund und deinen Goldfund.|Ramasser de l'or vous confère un effet d'Avarice. Chaque effet augmente vos découvertes de magie et d'or.|Recoger oro te otorga una pila de Avaricia. Cada pila aumenta tu probabilidad de encontrar objetos mágicos y oro.|Zbieranie złota zapewnia ładunek Chciwości. Każdy ładunek zwiększa zasięg znajdowania magii i złota.
talent_desc_glyphTitansPower|Every 30 seconds your attack for the next two seconds gains increased area of effect, projectile speed and damage. Cooldown is reduced by 0.5 seconds each time you stun a target.|Every 30 seconds your attack for the next two seconds gains increased area of effect, projectile speed and damage. Cooldown is reduced by 0.5 seconds each time you stun a target.|A cada 30 segundos, seu ataque pelos próximos dois segundos aumenta a área de efeito, a velocidade do projétil e o dano. O tempo de recarga é reduzido em 0,5 segundo cada vez que você atordoa um alvo.| Каждые 30 секунд ваша атака в течение следующих двух секунд получает увеличенную область действия.|每30秒, 你的攻擊在接下來的兩秒內都會增加範圍效果、投射物速度和傷害. 每擊暈一個目標, 冷卻時間就會減少0.5秒.|30秒ごとに、次の2秒間、攻撃の範囲、弾速、ダメージが増加します。対象をスタンさせるたびにクールダウンが0.5秒短縮されます。|30초마다 다음 2초 동안의 공격이 광역 범위, 투사체 속도, 데미지가 증가합니다. 대상 기절 시마다 쿨다운이 0.5초 감소합니다.|Alle 30 Sekunden erhöht sich der Wirkungsbereich, die Projektilgeschwindigkeit und der Schaden deines Angriffs für die nächsten zwei Sekunden. Die Abklingzeit verringert sich jedes Mal um 0,5 Sekunden, wenn du ein Ziel betäubst.|Toutes les 30 secondes, votre attaque augmente sa zone d'effet, sa vitesse de projectile et ses dégâts pendant les deux secondes suivantes. Le temps de recharge est réduit de 0,5 seconde à chaque étourdissement. |Cada 30 segundos tu ataque durante los próximos dos segundos obtiene área de efecto, velocidad de proyectil y daño aumentados. El tiempo de reutilización se reduce 0,5 segundos cada vez que aturdes a un objetivo.|Co 30 sekund Twój atak przez kolejne dwie sekundy zyskuje zwiększony obszar działania, prędkość pocisku i obrażenia. Czas odnowienia skraca się o 0,5 sekundy za każdym razem, gdy ogłuszysz cel.
talent_desc_glyphOverloaded|When using a ranged weapon your attacks gains increased projectile speed and critical strike damage.|When using a ranged weapon your attacks gains increased projectile speed and critical strike damage.|Ao usar uma arma de longo alcance, seus ataques aumentam a velocidade do projétil e o dano crítico.| При использовании оружия дальнего боя ваши атаки получают повышенную скорость полета снарядов и урон от критических ударов.|使用遠程武器時, 你的攻擊會提高投射物速度和暴擊傷害.|遠距離武器使用時、攻撃の弾速とクリティカルダメージが増加します。|원거리 무기 사용 시 투사체 속도와 치명타 데미지가 증가합니다.|Wenn Sie eine Fernkampfwaffe verwenden, erhöhen sich die Projektilgeschwindigkeit und der kritische Trefferschaden Ihrer Angriffe.|Lorsque vous utilisez une arme à distance, vos attaques augmentent la vitesse de vos projectiles et vos dégâts critiques.|Al usar un arma a distancia tus ataques obtienen velocidad de proyectil y daño crítico aumentados.|Podczas używania broni dystansowej Twoje ataki zyskują zwiększoną prędkość pocisku i obrażenia od trafień krytycznych.
talent_desc_glyphNordicWinter|cold damage has a chance to stack freeze on monsters. At 5 stacks inflict Deep Freeze which deals 50% of incoming damage as cold damage for 5 seconds and causes the monster to take increased damage.|cold damage has a chance to stack freeze on monsters. At 5 stacks inflict Deep Freeze which deals 50% of incoming damage as cold damage for 5 seconds and causes the monster to take increased damage.|O dano de frio tem chance de acumular congelamento em monstros. Com 5 acúmulos, inflige Congelamento Profundo, que causa 50% do dano recebido como dano de frio por 5 segundos e faz com que o monstro receba dano aumentado.| Урон от холода имеет шанс наложить заморозку на монстров. При 5 стеках вызывает Глубокую заморозку, которая наносит 50% входящего урона как урон от холода в течение 5 секунд и заставляет монстра получать увеличенный урон.|冰霜傷害有機會對敵人疊加凍結效果. 達到5層時, 會陷入深度凍結狀態, 將造成的50%冰霜傷害在5秒內給予敵人, 並使怪物受到更多傷害.|冷気ダメージは、モンスターにスタックフリーズ効果を付与する可能性があります。スタックが5になるとディープフリーズ効果を付与し、5秒間受けるダメージの50%を冷気ダメージとして与え、モンスターの被ダメージを増加させます。|냉기 데미지가 일정 확률로 얼음 중첩을 쌓으며, 5중첩 시 5초 동안 받은 피해의 50%를 냉기 데미지로 주는 ‘심한 동결’ 상태로 만들고, 그 몬스터가 받는 데미지를 증가시킵니다.|Kälteschaden kann Monster einfrieren. Bei 5 Stapeln wird „Tieffrieren“ ausgelöst, das 50 % des eingehenden Schadens 5 Sekunden lang als Kälteschaden verursacht und das Monster erhöhten Schaden erleidet.|Les dégâts de froid ont une chance de geler les monstres. À 5 charges, vous infligez Gel profond, qui inflige 50 % des dégâts subis sous forme de dégâts de froid pendant 5 secondes et augmente les dégâts subis par le monstre.|El daño de frío tiene probabilidad de acumular congelación en los monstruos. Al llegar a 5 pilas inflige Congelación Profunda que inflige el 50% del daño entrante como daño de frío durante 5 segundos y hace que el monstruo reciba daño aumentado.|Obrażenia od zimna mają szansę na nałożenie efektu zamrożenia na potwory. Przy 5 ładunkach nakłada efekt Głębokiego Zamrożenia, który zadaje 50% obrażeń jako obrażenia od zimna przez 5 sekund i powoduje, że potwór otrzymuje zwiększone obrażenia.
talent_desc_glyphDrunkard|Each active buff you have decreases your damage taken.|Each active buff you have decreases your damage taken.|Cada bônus ativo que você tiver diminui o dano recebido.| Каждый активный бафф уменьшает получаемый вами урон.|你擁有的每個buff效果都會減少你受到的傷害。|有効なバフが1つ増えるごとに、被ダメージが減少します。|보유 중인 모든 버프 하나당 받는 데미지가 감소합니다.|Jeder aktive Buff, den Sie haben, verringert den von Ihnen erlittenen Schaden.|Chaque buff actif réduit les dégâts subis.|Cada buff activo que tienes reduce tu daño recibido.|Każdy aktywny buff zmniejsza otrzymywane obrażenia.
talent_desc_glyphMinionMastery|Increases your summons attack speed. The bonus gets doubled for 8 seconds whenever you summon or command them.|Increases your summons attack speed. The bonus gets doubled for 8 seconds whenever you summon or command them.|Aumenta a velocidade de ataque das suas invocações. O bônus é dobrado por 8 segundos sempre que você as invoca ou comanda. | Увеличивает скорость атаки ваших призывов. Бонус удваивается на 8 секунд всякий раз, когда вы их призываете или командуете ими.|提高你的召喚物攻擊速度. 每當你召喚或命令它們時,效果就會加倍,持續8秒. |召喚獣の攻撃速度が上昇します。召喚獣を召喚または命令するたびに、このボーナスは8秒間2倍になります。 |소환수의 공격 속도가 증가하며, 소환하거나 명령할 경우 8초 동안 그 보너스가 두 배로 적용됩니다.|Erhöht die Angriffsgeschwindigkeit deiner Beschwörungen. Der Bonus verdoppelt sich 8 Sekunden lang, wenn du sie beschwörst oder befehligst.|Augmente la vitesse d'attaque de vos invocations. Le bonus est doublé pendant 8 secondes lorsque vous les invoquez ou les commandez.|Aumenta la velocidad de ataque de tus invocaciones. El bono se duplica durante 8 segundos cada vez que invocas o ordenas.|Zwiększa prędkość ataku przywołanych potworów. Bonus podwaja się na 8 sekund za każdym razem, gdy je przywołujesz lub wydajesz rozkazy.
talent_desc_glyphArtfulDodger|Dodging or blocking attacks or projectiles grants you increased movement speed, attack speed and attack damage.|Dodging or blocking attacks or projectiles grants you increased movement speed, attack speed and attack damage.|Esquivar ou bloquear ataques ou projéteis concede a você aumento de velocidade de movimento, velocidade de ataque e dano de ataque.| Уклонение или блокирование атак или снарядов увеличивает вашу скорость передвижения.|閃避或格擋攻擊或投射物以提高你的移動速度、攻擊速度和攻擊傷害. |攻撃や射撃を回避またはブロックすると、移動速度、攻撃速度、攻撃ダメージが増加します。|공격이나 투사체를 회피하거나 막을 경우, 이동 속도, 공격 속도, 공격 데미지가 증가합니다.|Das Ausweichen oder Blockieren von Angriffen oder Projektilen erhöht deine Bewegungsgeschwindigkeit, Angriffsgeschwindigkeit und deinen Angriffsschaden.|Esquiver ou bloquer des attaques ou des projectiles augmente votre vitesse de déplacement, votre vitesse d'attaque et vos dégâts d'attaque.|Esquivar o bloquear ataques o proyectiles te otorga velocidad de movimiento, velocidad de ataque y daño de ataque aumentados.|Unikanie lub blokowanie ataków lub pocisków zwiększa prędkość ruchu, prędkość ataku i obrażenia od ataku.
talent_desc_glyphLongevity|All orbiting skills last longer and pulse when hitting monsters dealing damage in area of effect.|All orbiting skills last longer and pulse when hitting monsters dealing damage in area of effect.|Todas as habilidades orbitais duram mais e pulsam ao atingir monstros que causam dano em área de efeito.| Все орбитальные навыки длятся дольше и пульсируют при попадании по монстрам, нанося урон в области действия.|所有環繞自身的技能持續時間更長, 並在擊中敵人時產生脈衝, 造成影響範圍內的傷害. |すべての周回スキルは持続時間が長くなり、効果範囲内のモンスターにダメージを与えるとパルス効果が発生します。|자신의 주위를 도는 스킬들이 더 오래 지속되며, 몬스터에게 적중 시 광역 데미지를 주는 파동을 방출합니다.|Alle umkreisenden Fertigkeiten halten länger an und pulsieren, wenn sie Monster treffen und Schaden im Wirkungsbereich verursachen.|Toutes les compétences orbitales durent plus longtemps et émettent des pulsations lorsqu'elles touchent des monstres, infligeant des dégâts de zone.|Todas las habilidades de órbita duran más y pulsan al golpear monstruos infligiendo daño en área.|Wszystkie umiejętności orbitujące działają dłużej i pulsują, gdy trafiają potwory, zadając obrażenia obszarowe.
talent_desc_glyphMonstrosity|Dealing elemental damage to monsters grants you a stack of Manastream increasing your magic skill damage. 1000 stacks grants you 80% reduced mana costs, increased cast rate and increased cooldown recovery rate for a short period and dropping the stacks.|Dealing elemental damage to monsters grants you a stack of Manastream increasing your magic skill damage. 1000 stacks grants you 80% decreased mana costs, increased cast rate and increased cooldown recovery rate for a short period and dropping the stacks.|Causar dano elemental a monstros concede a você um acúmulo de Fluxo de Mana, aumentando o dano da sua habilidade mágica. 1000 acúmulos concedem a você 80% de redução no custo de mana, aumento na taxa de conjuração e aumento na taxa de recuperação de recarga por um curto período, eliminando os acúmulos.| Нанесение стихийного урона монстрам дает вам стек Manastream, увеличивающий урон от ваших магических навыков. 1000 стеков дают вам 80% снижение затрат маны.|對敵人造成元素傷害會為你提供1層法力流動, 增加你的魔法技能傷害. 達到1000層時, 可以讓你在短時間內提高施法速度和冷卻恢復速度, 隨後消耗掉所有層數.|モンスターに属性ダメージを与えると、マナストリームのスタックを獲得し、魔法スキルのダメージが増加します。1000スタックに達すると、短時間、マナコストが80%減少し、詠唱速度とクールダウン回復速度が上昇し、スタックは解除されます。|원소 데미지를 줄 때마다 마나스트림 중첩을 얻어 마법 스킬 데미지를 증가시킵니다. 1000중첩에 도달하면 짧은 시간 동안 마나 소모량 80% 감소, 시전 속도 증가, 쿨다운 회복 속도 증가 효과를 얻고 중첩이 초기화됩니다.|Das Verursachen von Elementarschaden an Monstern gewährt dir einen Stapel Manastrom, der deinen magischen Fertigkeitsschaden erhöht. 1000 Stapel verringern deine Manakosten um 80 %, erhöhen deine Zauberrate und die Abklingzeit für kurze Zeit und lassen die Stapel fallen.|Infliger des dégâts élémentaires aux monstres vous confère une charge de Flux de mana, augmentant les dégâts de vos compétences magiques. 1 000 charges vous confèrent une réduction de 80 % de votre coût en mana, une augmentation de votre vitesse d'incantation et de votre temps de recharge pendant une courte période, ainsi que la perte des charges.|Infligir daño elemental a los monstruos te otorga una pila de Flujo de Maná que aumenta tu daño de habilidades mágicas. 1000 pilas te otorgan un 80% menos de costo de maná, velocidad de lanzamiento y recuperación de tiempo de reutilización aumentadas durante un breve período descartando las pilas.|Zadawanie obrażeń żywiołowych potworom zapewnia kumulację strumienia many, zwiększającą obrażenia zadawane przez umiejętności magiczne. 1000 kumulacji zapewnia 80% zmniejszenie kosztów many, zwiększoną częstotliwość rzucania zaklęć i zwiększoną szybkość regeneracji czasu odnowienia na krótki czas oraz usuwanie kumulacji.
talent_desc_glyphElementalist|Gain magic skill damage for every 100 points of maximum mana.|Gain magic skill damage for every 100 points of maximum mana.|Ganhe dano de habilidade mágica a cada 100 pontos de mana máximo.| Увеличивайте урон от магических навыков за каждые 100 очков максимальной маны.|每100點最大法力值獲得魔法技能傷害. |最大マナ100ポイントごとに魔法スキルのダメージが増加します。|최대 마나 100당 마법 스킬 데미지가 증가합니다.|Erhöhte magische Fertigkeitsschäden pro 100 Punkte maximalen Manas.|Gagnez des dégâts de compétences magiques tous les 100 points de mana maximum. Tous les 5 lancers, vos compétences à zone d'effet gagnent le buff Bricoleur pendant une courte durée, ce qui provoque plusieurs explosions lors de votre prochaine explosion avec une zone d'effet augmentée. |Obtienes daño de habilidades mágicas por cada 100 puntos de maná máximo.|Zyskujesz obrażenia od umiejętności magicznych za każde 100 punktów maksymalnej many.
talent_desc_glyphTinkerer|Every 10th cast, your area of effect skills gain the Tinkerer buff for a short duration causing your next explosion to explode multiple times with increased area of effect.|Every 10th cast, your area of effect skills gain the Tinkerer buff for a short duration causing your next explosion to explode multiple times with increased area of effect.|A cada 10 conjurações, suas habilidades em área de efeito ganham o bônus Consertador por um curto período, fazendo com que sua próxima explosão exploda várias vezes com aumento na área de efeito.| Каждый 10 -й бросок|每施法 10 次，你的範圍技能會獲得短暫的「修補匠」增益，使你的下一次爆炸引爆多次並擴大爆炸範圍. |10 回目の詠唱ごとに、範囲スキルにティンカラーバフが短時間付与され、次の爆発が複数回爆発し、範囲効果が拡大します。|10 번째 시전마다 광역 스킬이 잠시 동안 팅커러 버프를 얻어 다음 폭발이 여러 번 터지고 광역 범위가 증가합니다.|Bei jedem fünften Einsatz erhalten deine Flächenwirkungsfertigkeiten für kurze Zeit den Bastler-Buff, wodurch deine nächste Explosion mehrere Male mit vergrößertem Wirkungsbereich explodiert.|Toutes les 10  incantations, vos compétences à effet de zone bénéficient du bonus Bricoleur pendant une courte durée, ce qui provoque plusieurs explosions et une zone d'effet accrue lors de votre prochaine explosion.|Cada 10.º lanzamiento, tus habilidades de área obtienen el buff de Inventor durante un breve período haciendo que tu próxima explosión explote múltiples veces con área de efecto aumentada.|Co 10 rzucenie zaklęcia, twoje umiejętności obszarowe zyskują na krótki czas wzmocnienie Majsterkowicza, dzięki któremu twoja kolejna eksplozja eksploduje wielokrotnie, zwiększając obszar działania.
talent_desc_glyphMixture|Your poison skills create a field of venom that poisons monsters for a portion of the damage dealt and breaks their poison resistances.|Your poison skills create a field of venom that poisons monsters for a portion of the damage dealt and breaks their poison resistances.|Suas habilidades de veneno criam um campo de veneno que envenena monstros por uma parte do dano causado e quebra suas resistências a veneno.| Ваши навыки отравления создают поле яда, которое отравляет монстров на часть нанесенного урона и снимает их сопротивление яду.|你的毒素技能會制造一片毒池, 對敵人造成一定比例的傷害, 並降低他們的毒素抗性.|毒スキルは毒のフィールドを作り出し、モンスターに与えたダメージの一部を毒状態にし、毒耐性を破壊します。|독 스킬이 적을 중독시키는 맹독 필드를 생성하고, 이 필드는 적의 독 저항력을 감소시킵니다.|Ihre Giftfertigkeiten erzeugen ein Giftfeld, das Monster für einen Teil des verursachten Schadens vergiftet und ihre Giftresistenz bricht.|Vos compétences de poison créent un champ de venin qui empoisonne les monstres pour une partie des dégâts infligés et brise leurs résistances au poison.|Tus habilidades de veneno crean un campo de veneno que envenena a los monstruos por una porción del daño infligido y rompe sus resistencias de veneno.|Twoje umiejętności trucizny tworzą pole jadu, które zatruwa potwory o część zadanych obrażeń i przełamuje ich odporność na truciznę.
talent_desc_glyphInfinity|Casting an elemental skill has a chance to double cast it.|Casting an elemental skill has a chance to double cast it.|Conjurar uma habilidade elemental tem a chance de conjurá-la duas vezes.| Применение стихийного навыка имеет шанс применить его дважды.|施展元素技能有一定幾率雙倍施放. |属性スキルを詠唱すると、2回詠唱する可能性があります。|원소 스킬 시전 시 일정 확률로 두 번 시전됩니다.|Das Wirken einer Elementarfertigkeit hat eine Chance, diese doppelt zu wirken.|Lancer une compétence élémentaire a une chance de la doubler.|Lanzar una habilidad elemental tiene probabilidad de lanzarla dos veces.|Rzucenie umiejętności żywiołu ma szansę na jej podwójne rzucenie.
talent_desc_glyphGravity|You are surrounded by a gravity field slowing and pulling monsters towards you and lowering their damage dealt. The field grows whenever you hit a monster with a spell and decreases in size over time.|You are surrounded by a gravity field slowing and pulling monsters towards you and lowering their damage dealt. The field grows whenever you hit a monster with a spell and decreases in size over time.|Você é cercado por um campo gravitacional que reduz a velocidade e atrai monstros em sua direção, reduzindo o dano causado. O campo aumenta sempre que você atinge um monstro com uma magia e diminui de tamanho com o tempo.| Вы окружены гравитационным полем, которое замедляет и притягивает монстров к вам и снижает наносимый ими урон. Поле увеличивается всякий раз, когда вы поражаете монстра заклинанием, и уменьшается в размерах со временем.|你被重力場包圍, 緩速並拉扯敵人向你靠近, 降低他們造成的傷害.  每當你用法術或攻擊擊中敵人時, 重力場範圍增加, 但會隨著時間的推移而縮小. |重力フィールドに囲まれ、モンスターの動きを遅くして引き寄せ、与えるダメージを低下させます。このフィールドは、モンスターに呪文を当てるたびに拡大し、時間の経過とともに縮小します。|중력장이 자신을 중심으로 생성되어 몬스터의 움직임을 느리게 하고 끌어당기며 데미지를 감소시킵니다. 주문이 몬스터에 적중할 때마다 범위가 넓어지고 시간이 지나면 줄어듭니다.|Du bist von einem Gravitationsfeld umgeben, das Monster verlangsamt und zu dir zieht und so ihren verursachten Schaden verringert. Das Feld wächst, wenn du ein Monster mit einem Zauber triffst, und nimmt mit der Zeit an Größe ab.|Vous êtes entouré d'un champ de gravité qui ralentit et attire les monstres vers vous, réduisant ainsi leurs dégâts infligés. Le champ s'agrandit à chaque fois que vous touchez un monstre avec un sort et diminue progressivement.|Estás rodeado por un campo de gravedad que ralentiza y atrae a los monstruos hacia ti y reduce su daño infligido. El campo crece cada vez que golpeas a un monstruo con un hechizo y se reduce de tamaño con el tiempo.|Jesteś otoczony polem grawitacyjnym, które spowalnia i przyciąga potwory do ciebie, zmniejszając zadawane przez nie obrażenia. Pole rośnie za każdym razem, gdy trafisz potwora zaklęciem i zmniejsza się z czasem.
talent_desc_glyphZapper|Dealing lightning damage to monsters has a chance to electrocute them causing them to discharge a chain lightning at nearby monsters whenever they are struck dealing a portion of incoming damage as lightning damage.|Dealing lightning damage to monsters has a chance to electrocute them causing them to discharge a chain lightning at nearby monsters whenever they are struck dealing a portion of incoming damage as lightning damage.|Causar dano de raio em monstros tem a chance de eletrocutá-los, fazendo com que eles descarreguem uma corrente de raios em monstros próximos sempre que forem atingidos, causando uma parte do dano recebido como dano de raio. | Нанесение урона молнией монстрам может поразить их током, заставив их разряжать цепную молнию в ближайших монстров каждый раз, когда они попадают под удар, нанося часть входящего урона в виде урона молнией.|對敵人造成閃電傷害時, 他們有可能被電擊, 導致他們在被擊中時向附近的敵人發射連鎖閃電, 將部分傳入傷害轉化為閃電傷害. |モンスターに雷属性のダメージを与えると、モンスターが感電する可能性があり、モンスターが雷属性のダメージを受けるたびに、近くのモンスターに連鎖雷撃を放ち、受けるダメージの一部を雷属性ダメージとして与えます。 |번개 데미지를 입은 몬스터가 일정 확률로 감전 상태가 되며, 이후 공격을 받을 때 주변 몬스터에게 연쇄 번개를 방출하며 일부 데미지를 번개 데미지로 전달합니다.|Wenn du Monstern Blitzschaden zufügst, besteht die Chance, sie durch einen Stromschlag zu töten, wodurch sie bei jedem Treffer einen Kettenblitz auf nahe Monster entladen, der einen Teil des eingehenden Schadens als Blitzschaden verursacht.|Infliger des dégâts de foudre aux monstres a une chance de les électrocuter, ce qui les fait décharger une chaîne d'éclairs sur les monstres proches lorsqu'ils sont touchés, infligeant une partie des dégâts reçus sous forme de dégâts de foudre. |Infligir daño de rayos a los monstruos tiene probabilidad de electrocutarlos haciendo que descarguen un rayo encadenado a los monstruos cercanos cada vez que son golpeados infligiendo una porción del daño entrante como daño de rayos. |Zadanie potworom obrażeń od piorunów daje szansę na porażenie ich prądem, powodując wyładowanie łańcuchowe piorunów w pobliskie potwory za każdym razem, gdy zostaną trafione, zadając część otrzymywanych obrażeń w postaci obrażeń od piorunów. 
