[Normal Axes]|en|fi|pt|ru|zh|ja|ko|de|fr|sp|pl
normal_melee_hand_axe|Hand Axe|Matkakirves|Machado de Mão|Ручной Топор|手斧|手斧|손도끼 (Hand Axe)|Handaxt|Hache|Hacha de Mano|Topór Ręczny
normal_melee_hatchet|Hatchet|Kirves|Machadinha|Топор|短柄斧|手斧|손도끼 (Hatchet)|Beil|Hachette|Hachuela|Siekiera
normal_melee_naga|Naga|Naga|Naga|Нага|娜迦斧|ナーガ|나가 (Naga)|Naga|Naga|Naga|Naga
normal_melee_broad_axe|Broad Axe|Leveä kirves|Machada|Широкий Топор|闊斧|ブロードアックス|넓은도끼 (Broad Axe)|Breitaxt|Hache large|Hacha Ancha|Szeroki Topór
normal_melee_war_axe|War Axe|Sotakirves|Machado de Guerra|Боевой Топор|征戰斧|ウォーアックス|전쟁도끼 (War Axe)|Kriegsaxt|Hache de guerre|Hacha de Guerra|Topór Wojenny
normal_melee_giant_axe|Giant Axe|Jättiläinen kirves |Machado Gigante|Гигантский Топор|巨人斧 |ジャイアントアックス |거대도끼 (Giant Axe)|Riesenaxt|Hache géante|Hacha Gigante|Gigantyczny Topór
|||||||||||
[Normal Maces]|||||||||||
normal_mace_cudgel|Cudgel|Puunuija|Porrete|Дубинка|棍棒|棍棒|곤봉 (Cudgel)|Knüppel|Gourdin|Garrote|Pałka
normal_mace_mace|Mace|Nuija|Maça|Булава|錘|メイス|메이스 (Mace)|Streitkolben|Masse|Maza|Maczuga
normal_mace_morning_star|Morning Star|Aamutähti|Chicote de Armas|Утренняя Звезда|釘頭鎚|モーニングスター|모닝 스타 (Morning Star)|Morgenstern|Étoile du matin|Estrella del Alba|Gwiazda Poranna
normal_mace_spiked_club|Spiked Club|Spiked Club|Clava Espinhosa|Шипастая Дубинка|狼牙棒|スパイククラブ|스파이크 클럽 (Spiked Club)|Stachelkeule|Massue à pointes|Clava de Púas|Kolczasta Pałka
normal_mace_war_hammer|War Hammer|Sota vasara|Martelo de Guerra|Боевой Молот|戰鎚|ウォーハンマー|전쟁 망치 (War Hammer)|Kriegshammer|Marteau de guerre|Martillo de Guerra|Młot Wojenny
normal_mace_maul|Maul|Raadella|Malho|Молот|重鎚|モール|모울 (Maul)|Kolben|Maul|Gran Maza|Młot
normal_mace_ogre_maul|Ogre Maul|Ogre Maul|Malho Ogro|Молот Огра|巨魔重鎚|オーガモール|오우거 모울 (Ogre Maul)|Ogerhammer|Maul d'ogre|Gran Maza de Ogro|Młot Ogra
normal_mace_martel_de_fer|Martel De Fer|Martel De Fer|Martel de Fer|Martel De Fer|長柄戰鎚|マルテル・ド・フェール|마르텔 드 페르 (Martel De Fer)|Martel de Fer|Marteau de fer|Martel de Fer|Martel De Fer
normal_mace_flail|Flail|Huitoa|Mangual|Цеп|連枷|フレイル|플레일 (Flail)|Flegel|Fléau|Mayal|Cep
normal_mace_devil_star|Devil Star|Paholaisen Tähti |Chicote do Diabo|Дьявольская Звезда|惡魔釘頭鎚 |デビルスター |데빌 스타 (Devil Star)|Teufelsstern|Étoile du diable|Estrella del Diablo|Gwiazda Diabła
|||||||||||
[Normal Daggers]|||||||||||
normal_dagger_dagger|Dagger|Mora|Adaga |Кинжал|匕首|ダガー|단검 (Dagger)|Dolch|Poignard|Daga|Sztylet
normal_dagger_dirge|Dirge|Valituslaulu|Dirge|Панихида|輓歌|ダージ|더지 (Dirge)|Klagelied|Dague|Endecha|Dirge
normal_dagger_kris|Kris|Kris |Kris|Крис|波紋劍 |クリス |크리스 (Kris)|Kris|Coutelas Cranté|Kris|Kris
|||||||||||
[Normal Swords]|||||||||||
normal_sword_short_sword|Short Sword|Lyhyt miekka|Espada Curta|Короткий Меч|短劍|ショートソード|단검 (Short Sword)|Kurzschwert|Épée courte|Espada Corta|Krótki Miecz
normal_sword_sabre|Sabre|Sapeli|Sabre|Сабля|軍刀|サーベル|세이버 (Sabre)|Säbel|Sabre|Sable|Szabla
normal_sword_claymore|Claymore|Claymore|Claymore|Клеймор|闊刃大劍|クレイモア|클레이모어 (Claymore)|Claymore|Claymore|Claymore|Claymore
normal_sword_broad_sword|Broad Sword|Leveä miekka|Espada Larga|Широкий Меч|闊劍|ブロードソード|브로드소드 (Broad Sword)|Breitschwert|Épée large|Espada Ancha|Szeroki Miecz
normal_sword_scimitar|Scimitar|Sapeli|Cimitarra|Ятаган|彎刀|シミター|시미터 (Scimitar)|Krummsäbel|Cimeterre|Cimitarra|Sejmitar
normal_sword_giant_sword|Giant Sword|Jättiläinen miekka|Espada Gigante|Гигантский Меч|巨劍|ジャイアントソード|거대검 (Giant Sword)|Riesenschwert|Épée géante|Espadón|Gigantyczny Miecz
normal_sword_katana|Katana|Katana|Katana |Катана|武士刀|カタナ|카타나 (Katana)|Katana|Katana|Katana|Katana
normal_sword_war_sword|War Sword|Sodan miekka|Espada de Guerra|Боевой Меч|征戰劍|ウォーソード|전쟁검 (War Sword)|Kriegsschwert|Épée de guerre|Espada de Guerra|Miecz Wojenny
normal_sword_falchion|Falchion|Falchion|Alfange|Фальшион|彎刃大刀|ファルシオン|팔치온 (Falchion)|Falchion|Falchion|Bracamante|Falchion
normal_sword_flamberge|Flamberge|Flamberge|Colubrina|Фламберге|焰形劍|フランベルジュ|플람베르주 (Flamberge)|Flamberge|Flamberge|Flamberga|Flamberge
normal_sword_zangetsu|Zangetsu|Zangetsu |Zangetsu|Зангецу|斬月 |斬月 |참월 (Zangetsu)|Zangetsu|Zangetsu|Zangetsu|Zangetsu
|||||||||||
[weapon_melee_unique]|||||||||||
w_melee_godfather|Godfather|Kummisetä|Padrinho|Крестный отец|教父|ゴッドファーザー|대부 (Godfather)|Gevatter|Parrain|El Padrino|Godfather
w_melee_jade_warriors_gladius|Jade Warrior's Gladius|Jadesoturin miekka|Gládio do Guerreiro de Jade|Гладиус Нефритового Воина|翡翠戰士短劍|翡翠戦士のグラディウス|옥 전사의 글라디우스 (Jade Warrior's Gladius)|Gladius des Jadekriegers|Glaive du guerrier de jade|Gladius del Guerrero de Jade|Gladius Wojownika Jade
w_melee_storm_katana|Storm Katana|Myrskykatana|Katana na Tempestade|Штормовая Катана|風暴武士刀|嵐のカタナ|폭풍 카타나 (Storm Katana)|Sturmkatana|Katana de tempête|Katana de la Tormenta|Burzowa Katana
w_melee_molten_sword|Molten Sword|Sula miekka|Espada Derretida|Расплавленный Меч|熔岩劍|溶岩の剣|용암검 (Molten Sword)|Geschmolzenes Schwert|Épée en fusion|Espada de Magma|Stopiony Miecz
w_melee_hellslayer|Inferno Slayer|Helvetin Tappaja|Matadora do Inferno|Истребительница Ада|地獄殺手 |インフェルノスレイヤー |지옥의 살해자 (Inferno Slayer)||Tueur de l'enfer|Matador del Infierno|Infernalny Zabójca
w_melee_dragon_knights_flail|Dragon Knight's Flail|Lohikäärmeritarin varsta|Mangual do Cavaleiro Dragão|Цеп Рыцаря-дракона|龍騎士連枷|ドラゴンナイトフレイル|용기사의 플레일 (Dragon Knight's Flail)|Drachenritterflegel|Fléau du chevalier dragon|Mayal del Caballero Dragón|Cep Rycerza Smoka
w_melee_rift_commanders_axe|Rift Commander's Axe|Repemäkomentajan Kirves|Machado do Comandante da Fenda|Топор командира Разлома|裂谷指揮官之斧|裂け目の司令官の斧|균열 사령관의 도끼 (Rift Commander's Axe)|Axt des Risskommandanten|Hache du commandant de la faille|Hacha del Comandante de la Grieta|Topór Dowódcy Riftu
w_melee_the_undying|The Undying|Kuolematon|O Imortal|Бессмертный|不死族|不死の者|불멸자 (The Undying)|Das Unsterbliche|Impérissable|El Inmortal|Nieśmiertelny
w_melee_shattered_dimensions|Shattered Dimensions|Pirstoutunut Ulottuvuus|Dimensões Estilhaçadas|Разрушенные Измерения|破碎空間|崩壊した次元|산산조각 난 차원 (Shattered Dimensions)|Zerbrochene Dimensionen|Dimensions déchirées|Dimensiones Fragmentadas|Rozbite Wymiary
w_melee_ashbringer|Ashbringer|Tuhkantuoja|Portadora das Cinzas|Несущий Пепел|灰燼使者|アッシュブリンガー|파멸의 인도자 (Ashbringer)|Aschebringer|Porte-cendres|Crematoria|Ashbringer
w_melee_deaths_mirror|Death's Mirror|Kuoleman peili|Espelho da Morte|Зеркало смерти|死亡之鏡|死の鏡|죽음의 거울 (Death's Mirror)|Todesspiegel|Miroir de la Mort|Espejo de la Muerte|Lustro Śmierci
w_melee_odins_battle_axe|Odin's Battle Axe|Odinin sotakirves|Machado de Batalha de Odin|Боевой топор Одина|奧丁戰斧|オーディンのバトル・アックス|오딘의 전투 도끼 (Odin's Battle Axe)|Odins Streitaxt|Hache de combat d'Odin|Hacha de Batalla de Odín|Topór Bitewny Odina
w_melee_gurags_stone_crusher|Gurag's Stone Crusher|Guragin kivimurskain|Esmagadora de Pedras de Gurag|Камнедробилка Gurag's|古拉格碎石錘|グーラグのストーン・クラッシャー|구라그의 돌분쇄기 (Gurag's Stone Crusher)|Gurags Steinzermalmer|Broyeur de pierre de Gurag|Trituradora de Piedra de Gurag|Kamienny Miażdżący Guraga
w_melee_deaths_scythe|Death's Scythe|Kuoleman viikate|Foice da Morte|Коса смерти|死神之鐮|死の大鎌|죽음의 낫 (Death's Scythe)|Todessense|Faux de la Mort|Guadaña de la Muerte|Kosa Śmierci
w_melee_hiyokis_vorpal_katana|Hiyoki's Vorpal Katana|Hiyokin sähkökatana|Katana Vorpal de Hiyoki|Катана Ворпала Хийоки|日置的斬首武士刀|ヒヨキの首切りカタナ|히요키의 보팔 카타나 (Hiyoki's Vorpal Katana)|Hiyokis Tödliches Katana|Katana vorpal de Hiyoki|Katana Vorpalina de Hiyoki|Vorpalowa Katana Hiyoki
w_melee_hanzos_flaming_katana|Hanzo's Flaming Katana|Hanzon liekkikatana|Katana Flamejante de Hanzo|Пылающая Катана Ханзо|半藏的火焰武士刀|ハンゾーの炎のカタナ|한조의 불꽃 카타나 (Hanzo's Flaming Katana)|Hanzos Flammendes Katana|Katana enflammé de Hanzo|Katana Llameante de Hanzo|Płonąca Katana Hanzo
w_melee_genjis_sword_of_fate|Genji's Sword of Fate|Genjin kohtalon miekka|Espada do Destino de Genji|Меч судьбы Гэндзи|源氏的命運之劍|ゲンジの運命の剣|겐지의 운명의 검 (Genji's Sword of Fate)|Genjis Schicksalsschwert|Épée du destin de Genji|Espada del Destino de Genji|Miecz Losu Genjiego
w_melee_wind_guardians_gladius|Wind Guardian's Gladius|Tuulenvartijan Gladius|Gládio do Guardião do Vento|Гладиус Хранителя Ветра|風之守護者短劍|風の番人のグラディウス|바람 수호자의 글라디우스 (Wind Guardian's Gladius)|Gladius des Windwächters|Glaive du gardien du vent|Gladius del Guardián del Viento|Gladius Strażnika Wiatru
w_melee_sand_crusaders_scimitar|Sand Crusader's Scimitar|Hiekkaristiretkeilijän Sapeli|Cimitarra do Cruzado da Areia|Ятаган Песчаного крестоносца|沙之十字軍彎刀|サンド・クルセーダーのシミター|사막 십자군의 시미터 (Sand Crusader's Scimitar)|Krummsäbel des Kreuzritters der Sande|Cimeterre du croisé des sables|Cimitarra del Cruzado de Arena|Sejmitar Krucjaty Piasku
w_melee_azurewrath|Azure's Wrath|Taivaan Viha|Fúria Azul|Гнев Лазури|碧藍怒火 |アズールの怒り |아쥬르의 분노 (Azure's Wrath)||Irebleu|Ira Celeste|Gniew Azure
w_melee_holy_warriors_phase_blade|Holy Warrior's Phase Blade|Pyhän Soturin Valomiekka|Lâmina de Fase do Guerreiro Sagrado|Фазный клинок Святого Воина|聖戰士幻化之刃|聖なる戦士の位相の刃|성전사의 페이즈 블레이드 (Holy Warrior's Phase Blade)|Phasenklinge des Heiligen Kriegers|Lame de phase du guerrier saint|Hoja Fásica del Guerrero Sagrado|Fazowa Klinga Świętego Wojownika
w_melee_steves_mighty_sword|Steve's Mighty Sword|Teemun mahtimiekka|Espada Poderosa de Steve|Могучий Меч Стива|史蒂夫強力劍|スティーブの偉大な剣|스티브의 강력한 검 (Steve's Mighty Sword)|Steves Mächtiges Schwert|Épée puissante de Steve|Poderosa Espada de Steve|Potężny Miecz Steve'a
w_melee_st_gabriels_retribution|St. Gabriel's Retribution|Pyhän Gabrielin rangaistus|Castigo de St. Gabriel|Возмездие святого Гавриила|聖加百列的懲戒|聖ガブリエルの報復|성 가브리엘의 응징 (St. Gabriel's Retribution)|St. Gabriels Strafe|Châtiment de Saint-Gabriel|Retribución de San Gabriel|Odwet św. Gabriela
w_melee_thors_battle_sword|Thor's Battle Sword|Odinin sotakirves|Espada de Batalha de Thor|Боевой Меч Тора|索爾戰鬥劍|オーディンのバトル・ソード|토르의 전투 검 (Thor's Battle Sword)|Odins Kriegsschwert|Épée de combat de Thor|Espada de Batalla de Thor|Miecz Bitewny Thora
w_melee_vikings_sacred_axe|Viking's Sacred Axe|Viikingin pyhä kirves|Machado Sagrado do Viking|Священный топор викинга|維京人聖斧|バイキングの神聖な斧|바이킹의 신성한 도끼 (Viking's Sacred Axe)|Heilige Wikingeraxt|Hache sacrée de Viking|Hacha Sagrada del Vikingo|Święty Topór Wikinga
w_melee_nomads_sandslicer|Nomad's Sandslicer|Vaeltajan hiekkapeitsi|Fatiador de Areia do Nômade|Песочница Кочевника|遊牧者斬砂刀|ノマドのサンドスライサー|유랑자의 모래 절단기 (Nomad's Sandslicer)|Sandschneider des Nomaden|Trancheur de sable de Nomad|Rebanadora de Arena del Nómada|Piaskowy Krajalnik Nomada
w_melee_nobunagas_battle_slicer|Nobunaga's Battle Slicer|Nobunagan Taisteluleikkuri|Fatiador de Batalha de Nobunaga|Боевой нож Нобунаги|信長的戰鬥斬刀|信長のバトルスライサー|노부나가의 전투 절단기 (Nobunaga's Battle Slicer)|Kampfschneider des Nobunaga|Trancheur de Nobunaga|Rebanadora de Batalla de Nobunaga|Bitewny Krajalnik Nobunagi
w_melee_molten_dagger|Molten Dagger|Sula Tikari|Adaga Fundida|Расплавленный Кинжал|熔岩匕首|モルテンダガー|용암 단검 (Molten Dagger)|Geschmolzener Dolch|Dague en fusion|Daga de Magma|Stopiony Sztylet
w_melee_icy_shank|Icy Shank|Jäinen pistäjä|Haste Gelada|Ледяной Черенок|冰冷脛骨|アイシーシャンク|얼음 뾰족단검 (Icy Shank)|Eisiges Bein|Tige de glace|Punzón Glacial|Lodowy Sztylet
w_melee_darkness|Darkness|Pimeys|Escuridão|Тьма|黑暗|ダークネス|어둠 (Darkness)|Dunkelheit|Ténèbres|Oscuridad|Ciemność
w_melee_gladiators_wrecking_ball|Gladiator's Wrecking Ball|Gladiaattorin Purkukuula|Bola de Demolição do Gladiador|Бал-крушение Гладиатора|角鬥士破壞球|グラディエーターのレッキングボール|검투사의 철퇴 (Gladiator's Wrecking Ball)|Abrissbirne des Gladiators|Boulet de démolition de gladiateur|Bola de Demolición del Gladiador|Kula Zniszczenia Gladiatora
w_melee_dantes_demon_blade|Dante's Demon Blade|Danten Demonimiekka|Espada Demoníaca de Dante|Демонический клинок Данте|但丁的惡魔之刃 |ダンテの魔剣 |단테의 악마검 (Dante's Demon Blade)|Dantes Dämonenklinge|Lame démoniaque de Dante|Hoja Demoníaca de Dante|Demoniczny Miecz Dantego
w_melee_shadow_carver|Shadow Carver|Varjoleikkaaja|Entalhadora das Sombras|Резчик Теней|影子切割者|シャドウカーバー|그림자 조각칼 (Shadow Carver)|Schattenschneider|Sculpteur d'ombres|Trinchadora de Sombras|Rzeźbiarz Cieni
w_melee_sacred_whip|Sacred Whip|Siunattu Ruoska|Chicote Sagrado|Священный Хлыст|聖鞭|聖なる鞭|성스러운 채찍 (Sacred Whip)|Heilige Peitsche|Fouet sacré|Látigo Sagrado|Święty Bicz
w_melee_nightmare_slasher|Nightmare Slasher|Painajaisviiltäjä|Fatiadora de Pesadelo|Кошмарный Убийца|惡夢殺手|ナイトメアスラッシャー|악몽의 참수칼 (Nightmare Slasher)|Alptraummesserstecher|Tueur cauchemardesque|Cuchilla de Pesadilla|Rozpruwacz Koszmarów
w_melee_frozen_carver|Frozen Carver|Jäinenleikkaaja|Entalhadora Congelada|Замороженный Резчик|冰霜雕琢者|フローズンカーバー|얼어붙은 조각칼 (Frozen Carver)|Gefrorener Schlitzer|Sculpteur de glace|Trinchadora Helada|Zamarznięty Rzeźbiarz
w_melee_unholy_gods_flail|Unholy God's Flail|Epäpyhän Jumalan Varsta|Mangual do Deus Profano|Цеп Нечестивого Бога|邪惡之神連枷|不浄な神のフレイル|불경한 신의 플레일 (Unholy God's Flail)|Flegel des unheiligen Gottes|Fléau du dieu impie|Mayal del Dios Profano|Cep Nieświętego Boga
w_melee_molten_hammer|Molten Hammer|Sula Vasara|Martelo Fundido|Молоток для расплавления|熔岩錘|モルテンハンマー|용암 망치 (Molten Hammer)|Geschmolzener Hammer|Marteau en fusion|Martillo de Magma|Stopiony Młot
w_melee_icy_crusher|Icy Crusher|Jäämurskain|Triturador Gélido|Дробилка льда|寒冰壓碎者|アイシークラッシャー|얼음 분쇄기 (Icy Crusher)|Eisiger Zerstörer|Broyeur de glace|Triturador Glacial|Lodowy Miażdżący
w_melee_light_of_dawn|The Light of Dawn|Aamunkajo|A Luz do Amanhecer|Свет рассвета|黎明之光|夜明けの光|새벽의 빛 (The Light of Dawn)|Licht des Sonnenaufgangs|La lumière de l'aube|La Luz del Alba|Światło Świtu
w_melee_gladiators_skullcrusher|Gladiator's Skullcrusher|Gladiaattorin Kallonmurskain|Esmagador de Caveiras do Gladiador|Сокрушитель черепов гладиатора|角鬥士碎顱者|グラディエーターのスカルクラッシャー|검투사의 해골 분쇄기 (Gladiator's Skullcrusher)|Schädelzerstörer des Gladiators|Écrase-crânes de gladiateur|Trituracráneos del Gladiador|Miażdżący Czaszki Gladiatora
w_melee_masamune|Masamune|Masamune|Masamune|Масамуне|正宗|政宗|마사무네 (Masamune)|Masamune|Masamune|Masamune|Masamune
w_melee_muramasa|Muramasa|Muramasa|Muramasa|Мурамаса|村正|村正|무라마사 (Muramasa)|Muramasa|Muramasa|Muramasa|Muramasa
w_melee_crystal_infused_axe|Crystal Infused Axe|Kristalliin upotettu kirves|Machado Infundido de Cristal|Топор , Настоянный на Кристаллах|水晶斧|クリスタル注入斧|수정 융합 도끼 (Crystal Infused Axe)|Kristall-infundierte Axt|Hache infusée de cristal|Hacha con Cristal Infusionado|Topór Nasączony Kryształem
w_melee_crystal_infused_sword|Crystal Infused Sword|Kristalliin upotettu miekka|Espada Infundido de Cristal|Меч , Наполненный Кристаллами|水晶剑|クリスタルインフューズドソード|수정 융합 검 (Crystal Infused Sword)|Kristallgetränktes Schwert|Épée infusée de cristal|Espada con Cristal Infusionado|Miecz Nasączony Kryształem
w_melee_sung_lees_destroyer_flail|Sung Lee's Destroyer Flail|Sung Leen tuhoaja Flail|Mangual Destruidor de Sung Lee|Цеп Эсминца Сун Ли|宋李的毀滅者連枷|ソンリーの駆逐艦フレイル|성리의 파괴자 플레일 (Sung Lee's Destroyer Flail)|Sung Lees Zerstörer-Dreschflegel|Fléau destructeur de Sung Lee|Mayal Destructor de Sung Lee|Niszczący Cep Sung Lee
w_melee_revenants_lasher|Revenant's Lasher|Revenant's Lasher|Chicoteador Fantasma|Лэшер Ревенанта|亡魂鞭笞者|レヴナントラッシャー|망자의 채찍 (Revenant's Lasher)|Revenant's Lasher|Fouet de Revenant|Látigo del Aparecido|Rozpruwacz Revenanta
w_melee_bonettis_rapier|Bonetti's Rapier|Bonetti's Rapier|Rapieira de Bonetti|Рапира Бонетти|博內蒂細劍|ボネッティのレイピア|보네티의 레이피어 (Bonetti's Rapier)|Bonettis Rapier|Rapière de Bonetti|Estoque de Bonetti|Rapier Bonettiego
w_melee_eternal_glaive|Eternal Glaive|Eternal Glaive|Gládio Eterno|Вечная Глефа|永恆之刃|エターナル・グレイブ|영원의 창 (Eternal Glaive)|Ewige Klinge|Glaive éternel|Guja Eterna|Wieczna Glaive
w_melee_guts_bfs|Gut's BFS|Gutin Vitun Iso Miekka|Espada Grande pra Caralho de Gut|BFS Кишечника|古蒂的特大號巨劍|ガットの大剣|거츠의 BFS (Gut's BFS)|Guts großes Schwert|BFS de Gut|El Espadón de Guts|BFS Guta
w_melee_st_rexis_sundering_axe|St. Rexis Sundering Axe|Pyhän Rexin Repivä Kirves|Machado Divisor de St. Rexis|Разделяющий Топор Святого Рексиса|聖雷克西斯裂甲斧|セントレクシスサンダーアックス|성 렉시스의 천둥 도끼 (St. Rexis Sundering Axe)|St. Rexis Brechbeil|Hache d'estoc de St. Rexis|Hacha Fragmentadora de San Rexis|Rozszarpujący Topór św. Rexisa
w_melee_sand_dagger|Sand Dagger|Hiekkatikari|Adaga de Areia|Песчаный Кинжал|沙匕首|サンドダガー|모래 단검 (Sand Dagger)|Sanddolch|Dague de sable|Daga de Arena|Piaskowy Sztylet
w_melee_thunder_dagger|Thunder Dagger|Ukkosen tikari|Adaga do Trovão|Громовой Кинжал|雷霆匕首|サンダーダガー|번개 단검 (Thunder Dagger)|Donnerdolch|Poignard de tonnerre|Daga del Trueno|Grzmotowy Sztylet
w_melee_riftmasters_dirge|Riftmaster's Dirge|Riftmaster's Dirge|Punhal do Mestre de Fendas|Панихида по Рифтмастеру|裂隙大師的挽歌|リフトマスターのダージュ|리프트마스터의 더지 (Riftmaster's Dirge)|Spaltmeisters Dirge|Poignard du maître de la faille|Endecha del Maestro de la Grieta|Dirge Riftmastera
w_melee_st_mikas_zweihander|St. Mika's Zweihänder|Pyhän Mikan Zweihänder|Zweihänder de St. Mika|St. Mika's Zweihänder|聖米卡雙手巨劍|聖ミカのツヴァイヘンダー|성 미카의 츠바이핸더 (St. Mika's Zweihänder)|St. Mika's Zweihänder|Zweihänder de St. Mika|Zweihänder de San Mika|Zweihänder św. Miki
w_melee_sanguine_blade|Sanguine Blade|Sanguine Blade|Lâmina Sanguínea|Сангвинический Клинок|血色之刃|サングインブレード|혈색의 검 (Sanguine Blade)|Sanguinische Klinge|Lame sanglante|Hoja Sanguina|Sanguinowa Klinga
w_melee_pillar_of_niflheim|Pillar of Niflheim|Niflheimin pilari|Pilar de Niflheim|Столп Нифльхейма|尼弗海姆之柱|ニヴルヘイムの柱|니플헤임의 기둥 (Pillar of Niflheim)|Säule von Niflheim|Pilier de Niflheim|Pilar de Niflheim|Filar Niflheimu
w_melee_grimbones_scythe|Grimbone's Scythe|Grimbonen viikate|Foice de Grimbone|Коса Гримбона|恐懼骸骨之鐮|グリムボーンの大鎌|그림본의 낫 (Grimbone's Scythe)|Grimbones Sense|Faux de Grimbone|Guadaña de Huesosiniestro|Kosa Grimbone'a
w_melee_ceremonial_dagger|Ceremonial Dagger|Seremoniallinen tikari|Adaga Cerimonial|Церемониальный Кинжал|儀式匕首|儀式のダガー|의식용 단검 (Ceremonial Dagger)|Zeremoniendolch|Dague de cérémonie|Daga Ceremonial|Ceremonialny Sztylet
w_melee_spiritus|Spiritus|Spiritus|Spiritus|Spiritus|精神錘|スピリタス|스피릿투스 (Spiritus)|Spiritus|Esprit|Spiritus|Spiritus
w_melee_guts_hfs|Gut's HFS|Gutin HFS|Espada Grande da Porra de Gut|HFS кишечника|古蒂的瘋狂巨刃|ガッツ・ハイ・ファイブ・ストライク|거츠의 HFS (Gut's HFS)|Darms HFS|BFS de Guts|Espada de Alta Frecuencia de Guts|HFS Guta
w_melee_sahkopuimuri|Sähköpuimuri|Sähköpuimuri|Sähköpuimuri|электрический комбайн |風暴之錘|サーコプイムリ|세이코프푸이무리 (Sähköpuimuri)|Sähköpuimuri|Sähköpuimuri|Sähköpuimuri|Sähköpuimuri
w_melee_arch_angels_phase_blade|Arch Angel's Phase Blade|Arch Angel's Phase Blade|Lâmina Fásica do Arcanjo|Фазовый клинок архангела|大天使幻型刃|アーチエンジェル・フェイズ・ブレード|대천사의 페이즈 블레이드 (Arch Angel's Phase Blade)|Phasenklinge des Erzengels|Lame de Phase de l'Archange|Hoja Fásica del Arcángel|Fazowa Klinga Archanioła
w_melee_gem_kings_cleaver|Gem King's Cleaver|Gem King's Cleaver|Cutelo do Rei das Gemas|Тесак короля самоцветов|寶石王屠刀|ジェムキング・クリーバー|보석 왕의 도끼 (Gem King's Cleaver)|Hackmesser des Edelsteinkönigs|Couperet du Roi des Gemmes|Cuchilla del Rey de las Gemas|Tasak Króla Klejnotów
w_melee_winters_bite|Winter's Bite|Talven purema|Mordida do Inverno|Укус зимы|冬日之噬|ウィンターズ・バイト|겨울의 이빨 (Winter's Bite)|Winterbiss|Morsure de l'Hiver|Mordisco del Invierno|Ugryzienie Zimy
w_melee_wraith_forged_cleaver|Wraith Forged Cleaver|Wraith Forged Cleaver|Cutelo Forjado do Espectro|Выкованный призраком тесак|魅影屠刀|レイス・フォージド・クリーバー|망령 대장장이의 도끼 (Wraith Forged Cleaver)|Gespenstgeschmiedetes Hackmesser|Couperet Forgé Spectre|Cuchilla Forjada por Espectros|Rzeźbiarz Wraithów
w_melee_aurelion_fury|Aurelion Fury|Aurelion Fury|Fúria de Aurelion|Ярость Аурелиона|巨龍之怒|オーレリオン・フューリー|아우렐리온의 분노 (Aurelion Fury)|Aurelions Wut|Fureur d'Aurélion|Furia de Aurelion|Furia Aureliona
w_melee_abominations_gut_ripper|Abomination's Gut Ripper|Abomination's Gut Ripper|Estripadora de Vísceras da Abominação|Потрошитель потрохов мерзости|憎惡開膛手|アボミネーション・ガット・リッパー|어보미네이션의 내장 절단기 (Abomination's Gut Ripper)|Gedärmzerreißer|Éventreur d'Abomination|Destripador de la Abominación|Rozpruwacz Trzewi Obrzydliwości
w_melee_rakhuls_legion_crusher|Rakhul's Legion Crusher|Rakhul's Legion Crusher|Esmagadora de Legiões de Rakhul|Сокрушитель легиона Рахула|拉庫爾的軍團粉碎者|ラクール・レギオン・クラッシャー|라쿨의 군단 분쇄기 (Rakhul's Legion Crusher)|Rakhuls Legionszermalmer|Écraseur de Légion de Rakhul|Trituradora de Legiones de Rakhul|Młot Legionu Rakhula
w_melee_daisy|Daisy|Päivänkakkara|Daisy|Маргаритка|黛西|デイジー|데이지 (Daisy)|Daisy|Pâquerette|Margarita|Daisy
w_melee_dawn_bringer|The Dawn Bringer|Aamunkoiton tuoja|O Precursor do Alvorecer|Приносящий рассвет|黎明使者|ドーンブリンガー|새벽을 부르는 자 (The Dawn Bringer)|Die Morgenröte|L'Apôtre de l'Aube|Portadora del Alba|Przynoszący Świty
w_melee_gabriels_broken_resolve|Gabriel's Broken Resolve|Gabrielin rikki ratkaisu|Resolução Quebrada de Gabriel|Сломленная решимость Габриэля|加百列的破碎決心|ガブリエル・ブレイキン・リゾルブ|가브리엘의 깨진 결의 (Gabriel's Broken Resolve)|Gabriels gebrochene Entschlossenheit|Résolution Brisée de Gabriel|Determinación Rota de Gabriel|Złamana Determinacja Gabriela
w_melee_the_hope_ender|The Hope Ender|Toivo Ender|A Destruidora de Esperanças|Гибель надежды|希望終結者|ホープ・エンダー|희망의 끝 (The Hope Ender)|Der Hoffnungsbeseitiger|Le Briseur d'Espoir|El Fin de la Esperanza|Zakończenie Nadziei
w_melee_lucis_day|Luci's Day|Lucin päivä|Dia da Luci|День Люси|露西之日|ルシの日|루시의 날 (Luci's Day)|Lucis Tag|Jour de Luci|Día de Luci|Dzień Luci
w_melee_glowstick_estoc|Glowstick Estoc|Glowstick Estoc|Estoque Luminoso|Светящаяся палочка-эсток|螢光刺劍|グロースティック・エストック|형광봉 에스토크 (Glowstick Estoc)|Leuchtstab-Estoc|Étoffe de Bâton Lumineux|Estoque Fluorescente|Estoc Glowstick
w_melee_kings_executioner|Headsman's Bloodthirster|Headsman's Bloodhirster|Sanguinária do Chefe|Кровожадный палач|嗜血劊子手|ヘッズマン・ブラッドサースター|사형집행인의 피에 굶주린 자 (Headsman's Bloodthirster)|Blutdürster des Henkers|Soif-de-Sang du Bourreau|Sanguinaria del Verdugo|Krwawe Pragnienie Katowskiego
w_melee_shishkebab|Shishkebab|Shishkebab|Shishkebab|Шишкебаб|烤肉串|シシケバブ|쉬쉬케밥 (Shishkebab)|Schaschlik|Shishkebab|Shishkebab|Shishkebab
w_melee_stormslayer|Stormslayer|Stormslayer|Matador de Tempestades|Убийца бурь|風暴殺手|ストームスレイヤー|폭풍 학살자 (Stormslayer)|Sturmtöter|Tueur de Tempêtes|Matatormentas|Zabójca Burzy
w_melee_blood_moon_crescent|Blood Moon Crescent|Blood Moon Crescent|Lua Crescente de Sangue|Полумесяц кровавой луны|血色新月|ブラッドムーン・クレセント|붉은 달 초승달 (Blood Moon Crescent)|Blutmondsichel|Croissant de Lune de Sang|Media Luna de Sangre|Półksiężyc Krwawego Księżyca
w_melee_stofflix_cooking_cleaver|Stofflix Cooking Cleaver|Stofflix-keittoleikkaus|Cutelo de Cozinha Stofflix|Кулинарный тесак Stofflix|斯托夫利克斯的烹飪剁刀|ストフリックス・クッキング・クリーバー|스토플릭스 요리용 도끼 (Stofflix Cooking Cleaver)|Stofflix-Kochhackmesser|Couperet de Cuisine Stofflix|Cuchilla de Cocina de Stofflix|Tasak Kuchenny Stofflixa
w_melee_doom_cutter|Doom Cutter|Doom Cutter|Cortador da Perdição|Резак смерти|末日切割者|ドゥームカッター|파멸 절단기 (Doom Cutter)|Verdammnisschneider|Coupe-Maudit|Cuchilla de la Perdición|Krajalnik Zagłady
w_melee_pit_fighters_skullcracker|Pit Fighter's Skullcracker|Pit Fighter's Skullcracker|Quebra-crânios do Lutador de Arena|Чернокнижник бойца ямы|鬥士坑碎顱錘|ピットファイター・スカルクラッカー|피트 파이터의 해골 분쇄기 (Pit Fighter's Skullcracker)|Schädelknacker des Grubenkämpfers|Casse-Crâne du Combattant de la Fosse|Rompecráneos del Luchador de Foso|Rozbijacz Czaszek Pit Fightera
w_melee_pit_fighters_brutalizer|Pit Fighter's Brutalizer|Pit Fighter's Brutalizer|Brutalizador do Lutador de Arena|Брутализатор бойца ямы|鬥士坑殘暴者|ピットファイター・ブルータライザー|피트 파이터의 잔혹자 (Pit Fighter's Brutalizer)|Brutalisierer des Grubenkämpfers|Brutalisateur du Combattant de la Fosse|Brutalizador del Luchador de Foso|Brutalizator Pit Fightera
w_melee_metal_vocalists_warlock|Metal Vocalist's Warlock|Metal Vocalist's Warlock |Bruxo do Vocalista de Metal |Чернокнижник вокалиста метала |重金屬術師 |メタルボーカリスト・ウォーロック |메탈 보컬리스트의 흑마법사 (Metal Vocalist's Warlock)|Hexenmeister des Metal-Sängers|Démoniste du Chanteur de Métal |Brujo del Vocalista de Metal|Warlock Metalowego Wokalisty
w_melee_fenrirs_bloodfang|Fenrir's Bloodfang|Fenrir's Bloodfang|Presa Sangrenta de Fenrir |Кровавый клык Фенрира |芬里爾血牙 |フェンリルの血牙 |펜리르의 피의 송곳니 |Fenrirs Blutfang|Croc de sang de Fenrir |Colmillo de sangre de Fenrir |Krwawy Kieł Fenrira
w_melee_grimtides_scimitar|Grimtide´s Scimitar||Cimitarra de Grimtide|Ятаган Мрачного Прилива|嚴潮彎刀|グリムタイドのシミター|그림타이드의 시미터|Grimtides Krummsäbel|Cimeterre de Grimtide|Cimitarra de Grimtide|Bułat Grimtide’a
w_melee_phantom_scimitar|Phantom Scimitar||Cimitarra Fantasma |Призрачный ятаган |幻影彎刀|ファントム・シミター |팬텀 시미터|Phantom-Krummsäbel |Cimeterre fantôme |Cimitarra Fantasma|Widmowy bułat
|||||||||||
lore_w_melee_st_mikas_zweihander|Over the ages, Saint Mika's Zweihander became a relic passed down through the generations to those deemed worthy of its immense power. Many sought the sword for their own ambitions, but only those who held wisdom in their hearts and remained humble in the face of its might could unlock its true potential.|Aikojen saatossa Pyhän Mikan Zweihanderista tuli jäänne, joka välitettiin sukupolvelta toiselle niille, joita pidettiin sen valtavan voiman arvoisena. Monet etsivät miekkaa omiin pyrkimyksiinsä, mutta vain ne, jotka pitivät viisautta sydämessään ja pysyivät nöyränä sen voiman edessä, pystyivät vapauttamaan sen todellisen potentiaalin.|Ao longo do tempo, a Zweihänder de St. Mika se tornou uma relíquia passada pelas gerações para aqueles considerados dignos de seu imenso poder. Muitos procuraram a espada para suas próprias ambições, mas apenas aqueles que carregavam sabedoria em seus corações e permaneceram humildes diante de seu poder poderiam liberar seu verdadeiro potencial.|На протяжении веков Цвайхандер святого Мики становился реликвией, передаваемой из поколения в поколение тем, кого считали достойными его огромной силы. Многие искали меч для своих собственных амбиций, но только те, кто хранил мудрость в своих сердцах и оставался смиренным перед лицом его мощи, могли раскрыть его истинный потенциал.|千百年来, 聖米卡的雙手劍成為一件代代相傳的聖物, 只贈予那些被認為配得上其強大力量的人。 許多人為了私慾追尋這把劍, 但只有那些內心充滿智慧, 並在其威力面前保持謙遜的人, 才能釋放其真正的潛力。 |聖ミカのツヴァイヘンダーは、時代を超えて、その強大な力に相応しいと認められた者たちに受け継がれる聖なる宝物となった。多くの者が己の野望のためにこの剣を求めたものの、心に叡智を宿し、その威力に謙虚であり続けた者だけが、その真の力を引き出すことができた。|세월이 흐르면서 세인트 미카의 츠바이핸더는 엄청난 힘에 합당한 자들에게 대대로 전해지는 성유물이 되었다. 수많은 이들이 자신의 야망을 위해 이 검을 탐냈지만, 오직 마음에 지혜를 품고, 그 힘 앞에서도 겸손함을 잃지 않은 자만이 검의 진정한 힘을 깨울 수 있었다.|Im Laufe der Zeit wurde der Zweihänder des Heiligen Mika zu einer Reliquie, die von Generation zu Generation an diejenigen weitergegeben wurde, die seiner immensen Macht würdig waren. Viele strebten nach dem Schwert für ihre eigenen Ambitionen, doch nur diejenigen, die Weisheit in ihren Herzen trugen und angesichts seiner Macht demütig blieben, konnten sein wahres Potenzial freisetzen.|Au fil du temps, la légendaire Zweihander de Saint Mika est devenue une relique transmise de génération en génération à ceux jugés dignes de son immense pouvoir. Beaucoup recherchaient l'épée pour leurs propres ambitions, mais seuls ceux qui portaient la sagesse dans leur cœur et restaient humbles face à sa puissance pouvaient révéler son véritable potentiel.|A lo largo de los siglos, la Zweihänder de Santa Mika se convirtió en una reliquia transmitida de generación en generación a aquellos considerados dignos de su imenso poder. Muchos buscaron la espada para sus propias ambiciones, pero solo aquellos que albergaban sabiduría en sus corazones y se mantenían humildes ante su poder podían desatar su verdadero potencial.|Przez wieki Zweihänder św. Miki stał się reliktem przekazywanym przez pokolenia tym, którzy zostali uznani za godnych jego ogromnej mocy. Wielu szukało tego miecza dla własnych ambicji, lecz tylko ci, którzy nosili mądrość w sercach i pozostawali pokorni wobec jego potęgi, mogli odblokować jego prawdziwy potencjał.
lore_w_melee_st_rexis_sundering_axe|This axe does not belong to a saint in the traditional sense, for he did not follow the path of divinity or devotion to a particular deity. Instead, Saint Rexi was a warrior of unparalleled skill and valor, revered by the people as a guardian and protector.|Tämä kirves ei kuulu pyhälle perinteisessä mielessä, sillä hän ei seurannut jumaluuden polkua tai omistautumista tietylle jumaluudelle. Sen sijaan Saint Rexi oli vertaansa vailla oleva taito ja urheus soturi, jota ihmiset kunnioittivat suojelijana ja suojelijana.|Este machado não pertence a um santo no sentido tradicional, pois ele não seguiu o caminho da divindade ou devoção a uma entidade específica, em vez disso, St. Rexi foi um guerreiro de poder e valor inigualável, reverenciado pelo povo como um guardião e protetor.|Этот топор не принадлежит святому в традиционном смысле этого слова, поскольку он не следовал по пути божественности или преданности какому-то определенному божеству. Вместо этого святой Рекси был воином с непревзойденным мастерством и доблестью, почитаемым народом как хранитель и защитник.|這把斧頭並非傳統意義上的聖人所有，因為他並未追隨神聖之道，也未虔誠奉獻於特定神明。相反地，聖雷克西是一位技藝精湛、勇猛無比的戰士，被人們尊崇為守護者與庇護者。  |この斧は伝統的な意味での聖人のものではない。彼は神への道を歩むことも、特定の神に献身することもなかったからだ。聖レキシは比類なき技と勇敢さを持つ戦士であり、人々から守護者として崇められていた。|이 도끼는 전통적인 의미의 성자에게 속한 것이 아니다. 그는 신성의 길이나 특정 신에 대한 헌신을 따르지 않았다. 대신, 세인트 렉시는 뛰어난 무예와 용맹으로 사람들에게 수호자이자 보호자로서 존경받은 전사였다.|Diese Axt gehört keinem Heiligen im traditionellen Sinne, denn er folgte weder dem Pfad der Göttlichkeit noch der Hingabe an eine bestimmte Gottheit. Stattdessen war der Heilige Rexi ein Krieger von beispiellosem Können und Mut, der vom Volk als Wächter und Beschützer verehrt wurde.|Cette hache n'appartient pas à un saint au sens strict du terme, car il n'a pas suivi la voie de la divinité ou de la dévotion à une divinité particulière. Au contraire, Saint Rexi était un guerrier d'une habileté et d'une bravoure inégalées, vénéré par le peuple comme un gardien et un protecteur.|Este hacha no pertenece a un santo en el sentido tradicional, pues no siguió el camino de la divinidad ni la devoción a una deidad particular. En cambio, San Rexi fue un guerrero de habilidad y valor inigualables, venerado por el pueblo como un guardián y protector.|Ten topór nie należy do świętego w tradycyjnym sensie, ponieważ nie podążał ścieżką boskości ani oddania konkretnemu bóstwu. Zamiast tego św. Rexi był wojownikiem o niezrównanej umiejętności i odwadze, czczonym przez lud jako strażnik i obrońca.
lore_w_melee_riftmasters_dirge|The mysterious wizard at the edge of the universe enchanted this blade at the expense of a black hole.|Salaperäinen velho universumin reunalla lumoi tämän terän mustan aukon kustannuksella.|O mago misterioso no limite do universo encantou esta lâmina às custas de um buraco negro.|Таинственный волшебник на краю вселенной заколдовал этот клинок за счет черной дыры.|宇宙邊緣的神秘巫師以犧牲黑洞為代價，為這把刃片附上了魔力|宇宙の果てに潜む謎の魔術師は、ブラックホールを犠牲にしてこの剣に魔法をかけた。|우주의 끝자락에 있는 신비로운 위저드는 하나의 블랙홀을 대가로 이 검에 마법을 부여했다.|Der geheimnisvolle Zauberer am Rande des Universums verzauberte diese Klinge auf Kosten eines Schwarzen Lochs.|Le mystérieux magicien des confins de l'univers a enchanté cette lame aux abords d'un trou noir.|El misterioso hechicero en el borde del universo encantó esta hoja a costa de un agujero negro.|Tajemniczy czarodziej na skraju wszechświata zaczarował to ostrze kosztem czarnej dziury.
lore_w_melee_sung_lees_destroyer_flail|Brutal weapon of the warlord Sung Lee to bring carnage and death to anyone on it's path.|Sotapäällikkö Sung Leen julma ase tuoda verilöyly ja kuolema kenelle tahansa tiellä.|Arma brutal do mestre de guerra Sung Lee para trazer carnificina e morte para qualquer um em seu caminho.|Жестокое оружие военачальника Сун Ли, несущее резню и смерть любому на своем пути.|軍閥宋·李的殘暴武器，會給任何擋路者帶來屠殺與死亡|その行く手を阻む者全てに、殺戮と死をもたらす、軍閥ソン・リーの残忍な武器。|제네럴 성 리가 휘두르던 잔혹한 무기, 그 앞을 가로막는 모든 이에게 학살과 죽음을 안겨주었다.|Die brutale Waffe des Kriegsherrn Sung Lee brachte jedem, der ihr im Weg stand, Blut und Tod.|L'arme brutale du seigneur de guerre Sung Lee, qui provoque le carnage et la mort de tous ceux qui se trouvent sur son chemin.|Arma brutal del señor de la guerra Sung Lee para traer masacre y muerte a cualquiera en su camino.|Brutalna broń władcy wojny Sung Lee, niosąca rzeź i śmierć każdemu, kto stanie na jej drodze.
lore_w_melee_light_of_dawn|As the first light of dawn fills the vision of a hero after a night of terror, hope fills his heart as he presses on.|Kun aamunkoiton ensimmäinen valo täyttää näyn sankarista kauhun yön jälkeen, toivo täyttää hänen sydämensä, kun hän painaa eteenpäin.|Enquanto a primeira luz do amanhecer preenche a visão de um herói após uma noite de terror, a esperança preenche seu coração enquanto ele segue em frente.|Когда первые лучи рассвета озаряют образ героя после ужасной ночи, надежда наполняет его сердце, когда он идет дальше.|當經歷恐怖之夜後的黎明第一縷曙光照亮了英雄的視野，促使希望充盈著他的內心，繼續前行  |恐怖の夜を過ごした英雄の視界に夜明けの光が差し込む時、希望が彼の心を満たし、彼は歩みを進める。|공포의 밤을 지나 새벽 첫 빛이 영웅의 시야를 가득 채우자, 그는 희망으로 가슴을 채우고 앞으로 나아간다.|Als das erste Licht der Morgendämmerung die Vision eines Helden nach einer Nacht des Schreckens erfüllt, erfüllt Hoffnung sein Herz, während er weitermacht.|Alors que les premières lueurs de l'aube éclairent la silhouette d'un héros après une nuit de terreur, l'espoir emplit son cœur et il poursuit sa route.|Mientras la primera luz del alba llena la visión de un héroe tras una noche de terror, la esperanza llena su corazón mientras sigue adelante.|Gdy pierwsze światło świtu wypełnia wizję bohatera po nocy terroru, nadzieja wypełnia jego serce, gdy rusza dalej.
lore_w_melee_st_gabriels_retribution|Beware those who follow the path of the wicked and sin, as the punishment is coming from above.|Varo niitä, jotka seuraavat jumalattomien ja synnin polkua, sillä rangaistus tulee ylhäältä.|Cuidado com aqueles que seguem o caminho da maldade e pecado, pois a punição virá de cima.|Остерегайтесь тех, кто следует путем нечестивых и грешит, поскольку наказание приходит свыше.|提防那些踏上邪惡與罪惡之路的人，因為懲罰終將從天而降|タレシエルの最高の剣士の武器庫は、ダミアン包囲戦の際に彼らと共に埋葬されたと伝えられている。|악과 죄의 길을 따르는 자들이여 경계하라, 위로부터 심판이 내려올 것이다.|Hütet euch vor denen, die dem Pfad der Sünde folgen, denn die Strafe kommt von oben.|Gare à ceux qui suivent le chemin des impies et des pécheurs, car le châtiment vient d'en haut.|Cuidado con aquellos que siguen el camino de los malvados y el pecado, pues el castigo viene de lo alto.|Strzeżcie się tych, którzy podążają ścieżką niegodziwości i grzechu, ponieważ kara nadchodzi z góry.
lore_w_melee_bonettis_rapier|Tarethiel's finest swordsman's arsenal is believed to be buried with them during the siege of Damien.|Tarethielin hienoimman miekkamiesarsenaalin uskotaan haudatun heidän kanssaan Damienin piirityksen aikana.|Acredita-se que o arsenal dos melhores espadachins de Tarethiel esteja enterrado com eles durante o cerco de Damien.|Считается, что арсенал лучшего фехтовальщика Таретиэля был похоронен вместе с ними во время осады Дамиена.|據說, 塔雷希爾最精銳劍士的武器在達米安圍城戰期間與他們一同埋葬. |邪悪な道を歩み、罪を犯す者には用心せよ。罰は天から下る。|데미언 공성전 당시, 타레시엘 최고의 검객의 무구가 그들과 함께 묻힌 것으로 전해진다.|Man glaubt, Tarethiels bestes Schwertarsenal sei während der Belagerung von Damien mit ihnen begraben worden.|On pense que le meilleur équipement des plus grands épéistes de Tarethiel a été enterré avec eux lors du siège de Damien.|Se cree que el arsenal de los mejores espadachines de Tarethiel fue enterrado con ellos durante el asedio de Damien.|Najlepszy arsenał mieczników Tarethiela uważa się za pochowany wraz z nimi podczas oblężenia Damiena.
lore_w_melee_grimbones_scythe|A grim death awaits the victims of this scythe, as it reaps the soul from the corpse.|Tämän viikateen uhreja odottaa synkkä kuolema, kun se korjaa sielun ruumiista.|Uma morte sombria aguarda as vítimas desta foice, enquanto colhe a alma de seus cadáveres.|Жертв этой косы ждет суровая смерть, поскольку она извлекает душу из трупа.|這把巨鐮的受害者將面臨殘酷的死亡，因為它會從屍體中收割靈魂. |この鎌は死体から魂を刈り取り、その犠牲者には悲惨な死が待ち受けている。|이 낫의 희생자에게는 음울한 죽음이 기다리고 있다. 낫은 시체에서 영혼을 거둬간다.|Ein grausamer Tod erwartet die Opfer dieser Sense, denn sie reißt die Seele aus der Leiche.|Un sombre destin attend les victimes de cette faux, car elle arrache l'âme du défunt.|Una muerte sombría aguarda a las víctimas de esta guadaña, pues siega el alma del cadáver.|Ponura śmierć czeka ofiary tej kosy, ponieważ zbiera duszę z trupa.
lore_w_melee_shadow_carver|The Scythe of death so vicious and sharp it is rumored to cut shadows in half.|Kuoleman viikate on niin julma ja terävä, että sen huhutaan leikkaavan varjot kahtia. |A foice da morte é tão cruel e afiada que há rumores de que ela corta sombras ao meio.|Коса смерти настолько порочна и остра, что, по слухам, разрезает тени пополам.|這把死亡巨鐮兇猛而鋒利，據傳連影子都能斬成兩半|死の鎌はあまりにも凶暴で鋭く、影さえも真っ二つに切り裂くと噂されている。 |죽음의 낫은 그 끔찍함과 날카로움으로 그림자조차 반으로 자른다고 전해진다.|Die Sense des Todes ist so bösartig und scharf, dass sie Gerüchten zufolge Schatten in zwei Hälften zerteilt.|La faux de la mort, si vicieuse et tranchante qu'on dit qu'elle coupe les ombres en deux.|La guadaña de la muerte, tan cruel y afilada que se rumorea que parte las sombras por la mitad.|Kosa śmierci tak okrutna i ostra, że plotka głosi, iż tnie cienie na pół.
lore_w_melee_sahkopuimuri|A thinning tool with no competition.|Harvennustyökalu vailla vertaa.|Uma ferramenta de desbaste sem igual. |Не имеющий себе равных инструмент для прореживания. |無與倫比的修剪工具|比類のない間引きツール。 |비할 데 없는 벌목 도구|Ein Effilierwerkzeug ohnegleichen.|Un outil d'éclaircissage sans égal. |Una herramienta para entresacar sin competencia.|Narzędzie do przerzedzania bez konkurencji.
lore_w_melee_arch_angels_phase_blade|Ascended from the heavens to be wielded by the worthy.||Ascendida dos céus para ser manejada pelos dignos.|Вознесенный с небес, чтобы им владели достойные.|自天界降臨，專為夠格的賢者所用|天より昇り、高潔なる者に授けられる。|하늘에서 내려와 선택받은 자에게 주어진다.|Vom Himmel aufgestiegen, um von den Würdigen geführt zu werden.|Monté des cieux pour être manié par les dignes.|Ascendida desde los cielos para ser empuñada por los dignos.|Wstąpił z niebios, by być dzierżonym przez godnych.
lore_w_melee_gem_kings_cleaver|In a hall bedecked with jewels, the king, consumed by greed, bestows his blessings at a cost.Insert Pristine Gems to unlock ancient powers.||Em um salão repleto de joias, o rei, consumido pela ganância, concede suas bênçãos a um custo. Insira Gemas Primordiais para desbloquear poderes antigos.|В зале, украшенном драгоценностями, король, одержимый жадностью, дарует свои благословения за определенную плату. Вставьте безупречные самоцветы, чтобы разблокировать древние силы.|在一座綴滿珠寶的大廳中,貪婪的國王以代價賜予祝福. 鑲嵌嶄新寶石以解鎖遠古力量. |宝石で飾られた広間で、貪欲に駆られた王は、代償を払い祝福を与える。純粋な宝石を挿入することで古代の力を解き放つ。|젬으로 빛나는 전당에서, 탐욕에 물든 왕이 대가를 바친 이에게 축복을 내린다. 순수한 젬을 끼워 고대의 힘을 해방시켜라.|In einer mit Juwelen geschmückten Halle gewährt der König, von Gier verzehrt, seinen Segen – allerdings zu einem hohen Preis. Füge makellose Edelsteine ​​ein, um uralte Kräfte freizusetzen.|Dans une salle ornée de joyaux, le roi, consumé par la cupidité, accorde ses bénédictions à un prix. Insérez des gemmes immaculées pour débloquer des pouvoirs anciens.|En una sala adornada con joyas, el rey, consumido por la codicia, otorga sus bendiciones a un alto precio. Inserta Gemas Prístinas para desbloquear poderes ancestrales.|W sali ozdobionej klejnotami król, pochłonięty chciwością, udziela swoich błogosławieństw za cenę. Włóż Doskonałe Klejnoty, aby odblokować pradawne moce.
lore_w_melee_winters_bite|The only axe able to endure the lowest of sub zero conditions frostforged by an ancient god of war..||O único machado capaz de suportar as mais baixas condições abaixo de zero, forjado a frio por um antigo deus da guerra.|Единственный топор, способный выдержать самые низкие температуры, выкованный древним богом войны..|唯一能承受極致零下低溫的斧頭，由遠古戰神冰霜鍛造而成. |氷点下の極寒にも耐えうる唯一の斧。古代の軍神によって鍛造された。|고대 전쟁의 신에 의해 서리로 단련된 유일한 도끼, 가장 낮은 영하의 조건도 견딜 수 있다..|Die einzige Axt, die selbst den tiefsten Temperaturen unter Null standhält, frostgeschmiedet von einem uralten Kriegsgott.|La seule hache capable de supporter les conditions les plus basses sous zéro, forgée par le gel par un ancien dieu de la guerre.|La única hacha capaz de soportar las más bajas condiciones bajo cero, forjada en escarcha por un antiguo dios de la guerra.|Jedyny topór zdolny wytrzymać najniższe warunki poniżej zera, wykuty przez pradawnego boga wojny.
lore_w_melee_wraith_forged_cleaver|Wielded by the shadowy creatures lurking in the depths of Helheim..||Empunhado pelas criaturas sombrias que espreitam nas profundezas de Helheim.|Используемый темными существами, таящимися в глубинах Хельхейма..|由潛伏在赫爾海姆深處的陰影生物所揮舞著|ヘルヘイムの深淵に潜む闇の怪物によって振るわれる。|헬헤임 깊은 곳에 숨어 있는 그림자 같은 존재들이 휘두른다..|Geführt von den schattenhaften Kreaturen, die in den Tiefen Helheims lauern.|Manié par les créatures ténébreuses qui se cachent dans les profondeurs d'Helheim.|Empuñada por las criaturas sombrías que acechan en las profundidades de Helheim.|Dzierżony przez cieniste stworzenia czające się w głębinach Helheimu.
lore_w_melee_aurelion_fury|Once wielded by Koios, eternal god of the cosmos.. Approach with caution..||Uma vez empunhada por Koios, o deus eterno do cosmos... Aproxime-se com cuidado...|Когда-то принадлежавший Коиосу, вечному богу космоса.. Подходите с осторожностью..|曾由永恆的宇宙之神柯歐斯所揮舞……請小心靠近|かつて宇宙の永遠の神コイオスによって振るわれた。慎重に近づくこと。|한때 코스모스의 영원한 신, 코이오스가 휘둘렀던 무기...조심해서 다가가라...|Einst geführt von Koios, dem ewigen Gott des Kosmos. Nähere dich mit Vorsicht.|Autrefois manié par Koios, dieu éternel du cosmos. Approchez-vous avec prudence.|Una vez fue empuñada por Koios, el dios eterno del cosmos... Acércate con precaución...|Niegdyś dzierżony przez Koiosa, wiecznego boga kosmosu. Podejdź z ostrożnością.
lore_w_melee_abominations_gut_ripper|Stitched together from 7 fallen warrior's who performed deadly sins.. An ancient monstrosity forged this blood infused weapon of death..||Costurado a partir de 7 guerreiros caídos que realizaram pecados mortais... Uma antiga monstruosidade forjou esta arma da morte infundida com sangue...|Сшитый из 7 павших воинов, совершивших смертные грехи.. Древнее чудовище выковало это пропитанное кровью оружие смерти..|一頭遠古巨獸鍛造了這把由七位犯下致命七宗罪的陣亡戰士注入鮮血縫合而成的死亡兵器…… |大罪を犯した7人の倒れた戦士の遺体を縫い合わせて作られた。古代の怪物が、血を宿したこの死の武器を鍛え上げた。|죽음의 죄를 저지른 7명의 전사 시체를 꿰메어 이어붙인무기... 고대의 괴물이 피로 물든 이 무기를 벼려냈다...|Zusammengenäht aus sieben gefallenen Kriegern, die Todsünden begangen haben. Eine uralte Monstrosität schmiedete diese blutgetränkte Todeswaffe.|Cousu à partir de 7 guerriers tombés au combat qui ont commis des péchés capitaux. Une ancienne monstruosité a forgé cette arme de mort imprégnée de sang.|Cosida a partir de 7 guerreros caídos que cometieron pecados capitales... Una monstruosidad ancestral forjó esta arma de muerte infundida en sangre.|Zszyty z 7 upadłych wojowników, którzy popełnili śmiertelne grzechy. Pradawna potworność wykula tę nasączoną krwią broń śmierci.
lore_w_melee_rakhuls_legion_crusher|Imbued by the blood of fallen gladiators within King Rakhul's colosseum..||Imbuído pelo sangue de gladiadores mortos no coliseu do Rei Rakhul...|Пропитанный кровью павших гладиаторов в колизее короля Рахула.. |浸透了拉庫爾王競技場中陣亡角鬥士的鮮血……|ラクール王の闘技場で倒れた剣闘士たちの血が染み込んだ |라쿨 왕의 콜로세움에서 쓰러진 검투사들의 피가 이 무기에 깃들어 있다…|Durchtränkt mit dem Blut gefallener Gladiatoren in König Rakhuls Kolosseum.|Imprégné du sang des gladiateurs tombés au combat dans le colisée du roi Rakhul. |Imbuida con la sangre de los gladiadores caídos en el coliseo del Rey Rakhul.|Nasączony krwią upadłych gladiatorów w koloseum Króla Rakhula.
lore_w_melee_daisy|The bond shared between Daisy and the Butcher is bloody eternal.. Beautiful like a pile of corpses on a rainy morning..|Daisyn ja Butcherin välinen side on verisen ikuinen. Kaunis kuin ruumiskasa sateisena aamuna.|O vínculo compartilhado entre Daisy e o Açougueiro é eternamente sangrento... Lindo como uma pilha de cadáveres em uma manhã chuvosa...|Связь между Дэйзи и Мясником чертовски вечна. Прекрасна, как куча трупов дождливым утром.|黛西和屠夫之間的連結是血腥永恆的……  美麗得像雨天早晨的一堆屍體…… |デイジーとブッチャーの間にある絆は永遠です。雨の朝の死体の山のように美しい。|데이지와 도살자 사이의 유대는 피처럼 영원하다… 빗속의 시체 더미처럼 아름답다…|Die Verbindung zwischen Daisy und dem Metzger ist verdammt ewig. Schön wie ein Leichenhaufen an einem regnerischen Morgen.|Le lien partagé entre Daisy et le Boucher est éternel... Beau comme un tas de cadavres un matin pluvieux...|El vínculo entre Daisy y el Carnicero es sangrientamente eterno... Hermoso como una pila de cadáveres en una mañana lluviosa.|Więź między Daisy a Rzeźnikiem jest krwawa i wieczna. Piękna jak stos trupów w deszczowy poranek.
lore_w_melee_dawn_bringer|Wielded by the fallen angel Lucifer.. A divine flail fueled by eternal hatred.|Langenneen enkelin Luciferin hallussa... Jumalallinen isku, jota ruokkii ikuinen viha.|Empunhada pelo anjo caído Lúcifer. Um mangual divino alimentado pelo ódio eterno.|Им владеет падший ангел Люцифер. Божественный цеп, питаемый вечной ненавистью.|墮天使路西法所揮舞……由永恆仇恨所驅動的神聖連枷|堕天使ルシファーが使用する。永遠の憎悪を動力とする神聖なるフレイル。|타락한 천사 루시퍼가 휘두른 무기… 영원한 증오로 작동하는 신성한 플레일이다.|Geführt vom gefallenen Engel Luzifer. Eine göttliche Dreschflegel, angetrieben von ewigem Hass.|Manié par l'ange déchu Lucifer... Un fléau divin alimenté par une haine éternelle.|Empuñado por el ángel caído Lucifer... Un mayal divino alimentado por un odio eterno.|Dzierżony przez upadłego anioła Lucyfera. Boski cep napędzany wieczną nienawiścią.
lore_w_melee_gabriels_broken_resolve|An unholy tool of execution, wielded by the fallen angel Gabriel..|Epäpyhä teloitustyökalu, jota käytti langennut enkeli Gabriel.|Uma ferramenta profana de execução, empunhada pelo anjo caído Gabriel..|Нечестивое орудие казни, которым владел падший ангел Гавриил.|墮天使加百列所揮舞的邪惡處刑道具|堕天使ガブリエルが使用する不浄な処刑道具。|타락한 천사 가브리엘이 사용한 불경한 처형 도구…|Ein unheiliges Hinrichtungswerkzeug, geführt vom gefallenen Engel Gabriel.|Un outil d'exécution impie, manié par l'ange déchu Gabriel.|Una herramienta impía de ejecución, empuñada por el ángel caído Gabriel.|Nieświęte narzędzie egzekucji, dzierżone przez upadłego anioła Gabriela.
lore_w_melee_the_hope_ender|A cursed sword enhanced by rage and forged from pure hatred..|Kirottu miekka, jota voimistaa raivo ja taottu puhtaasta vihasta.|Uma espada amaldiçoada, reforçada pela raiva e forjada com puro ódio...|Проклятый меч, усиленный яростью и выкованный из чистой ненависти.|一把因憤怒而增強、由純粹仇恨鍛造而成的詛咒之劍|怒りによって強化され、純粋な憎しみから鍛えられた呪われた剣。|분노로 강화되고 순수한 증오로 벼려진 저주받은 검…|Ein verfluchtes Schwert, verstärkt durch Wut und geschmiedet aus purem Hass.|Une épée maudite renforcée par la rage et forgée à partir de la haine pure.|Una espada maldita potenciada por la ira y forjada con puro odio.|Przeklęty miecz wzmocniony furią i wykuty z czystej nienawiści.
lore_w_melee_lucis_day|Eeny.. Meeny.. Miny.. Moe..|Eeny.. Meeny.. Miny.. Moe..|Minha.. mãe.. mandou.. eu escolher..|Ини.. Мини.. Мини.. Мо..|點點點……抓到誰……就是誰……|イーニー、ミーニー、ミニー、モー。|Eeny.. Meeny.. Miny.. Moe..|Ene, mene, mine, moe,|Eeny.. Meeny.. Miny.. Moe..|De tin... Marín... De do... Pingué...|Eeny.. Meeny.. Miny.. Moe..
lore_w_melee_kings_executioner|You can still hear the sound of the King’s Executioner sharpening his blade, waiting for the next poor soul to meet their fate.|Voit edelleen kuulla äänen kuninkaan teloittajan teroittamasta teräään odottaen seuraavaa köyhää sielua kohtaamaan kohtalonsa.|Você ainda pode ouvir o som do Carrasco do Rei afiando sua lâmina, esperando a próxima pobre alma encontrar seu destino.|До сих пор слышен звук, с которым королевский палач точит свой клинок, ожидая, когда очередная несчастная душа встретит свою судьбу.|你依然能聽見國王處刑人磨刀的聲音，等待著下一個可憐的靈魂迎向命運  |王の処刑人が刃を研ぎ、次の哀れな魂が運命に出会うのを待つ音が今でも聞こえてきます。|왕의 집행인이 칼을 갈며 다음 희생자를 기다리는 소리가 아직도 들리는 듯하다.|Man kann immer noch das Geräusch des Königshenkers hören, wie er seine Klinge schärft und darauf wartet, dass die nächste arme Seele ihrem Schicksal begegnet.|On peut encore entendre le bruit du bourreau du roi qui aiguise sa lame, attendant que la prochaine pauvre âme rencontre son destin.|Todavía puedes oír el sonido del Verdugo del Rey afilando su hoja, esperando a que la siguiente pobre alma se encuentre con su destino.|Wciąż słychać dźwięk ostrzenia klingi przez Katowskiego Króla, czekającego na następną biedną duszę, która spotka swój los.
lore_w_melee_shishkebab|Fresh and tasty, but very hot!!|Tuore ja maukas, mutta erittäin kuuma! !|Fresco e saboroso, mas muito quente!!|Свежие и вкусные, но очень острые!!|新鲜美味，但是很燙！！|新鮮で美味しいですが、とても辛いです!!|신선하고 맛있지만, 엄청나게 뜨겁다!|Frisch und lecker, aber sehr scharf!!|Frais et savoureux, mais très piquant !!|¡Fresco y sabroso, pero muy picante!|Świeże i smaczne, ale bardzo gorące!!
lore_w_melee_stormslayer|Signed by bard..|Bardin allekirjoittama..|Assinado pelo bardo.|Подписано бардом..|由吟遊詩人簽名……|吟遊詩人のサイン入り。|바드가 서명함…|Signiert vom Barden..|Signé par le barde.|Firmado por un bardo.|Podpisane przez barda..
lore_w_melee_blood_moon_crescent|An ancient sword used to rule the masses by summoning and siphoning the blood moons presence painting the lands and sky red..|Muinainen miekka hallitsi massoja kutsumalla ja sifonoimalla veren kuun läsnäoloa maalaten maat ja taivaan punaiseksi.|Uma espada antiga usada para governar as massas invocando e sugando a presença das luas de sangue, pintando as terras e o céu de vermelho.|Древний меч, используемый для управления массами путем призыва и высасывания энергии кровавых лун, окрашивающих землю и небо в красный цвет.|一把古老之劍，藉由召喚並汲取血月之力來統治眾生，將大地與天空染得一片血紅  |血の月を召喚し、吸い取って大地と空を赤く染めることで民衆を支配するために使われた古代の剣。|고대의 검으로, 피의 달을 소환하고 그 힘을 흡수해 땅과 하늘을 붉게 물들이며 대중을 지배했다…|Ein uraltes Schwert, mit dem die Massen beherrscht wurden, indem es die Präsenz des Blutmondes heraufbeschwor und absaugte und so Land und Himmel rot färbte.|Une ancienne épée utilisée pour gouverner les masses en invoquant et en siphonnant la présence des lunes de sang peignant les terres et le ciel en rouge.|Una antigua espada usada para gobernar a las masas invocando y absorbiendo la presencia de las lunas de sangre, pintando las tierras y el cielo de rojo.|Pradawny miecz używany do rządzenia masami poprzez przywoływanie i wysysanie obecności krwawego księżyca, malując ziemie i niebo na czerwono.
lore_w_melee_stofflix_cooking_cleaver|Sian-San once tried to lift this epic cooking cleaver but by not being worthy of wielding it burned his hands.. |Sian-San yritti kerran nostaa tätä eeppistä ruoanlaittohakkuria, mutta koska hän ei ollut sen käyttämisen arvoinen, poltti hänen kätensä.|Certa vez, Sian-San tentou levantar esta épica faca de cozinha, mas por não ser digno de empunhá-la, queimou as mãos.|Сиан-Сан однажды попытался поднять этот легендарный кухонный нож, но, будучи недостойным его, обжег себе руки.|Sian-San 曾試圖舉起這把史詩般的料理剁刀，但由於不夠格揮舞它而燙傷了雙手。|シアンサンはかつてこの素晴らしい料理用包丁を持ち上げようとしましたが、それを振り回す資格がなかったため手を火傷してしまいました。|시안-산은 이 전설적인 요리용 클리버를 들려 했지만, 그 자격이 없어 손에 화상을 입었다…|Sian-San hat einmal versucht, dieses epische Kochbeil hochzuheben, aber da er nicht würdig war, es zu führen, verbrannte er sich die Hände.|Sian-San a un jour essayé de soulever ce couperet de cuisine épique, mais n'étant pas digne de le manier, il s'est brûlé les mains.|Sian-San una vez intentó levantar esta épica cuchilla de cocina, pero al no ser digno de empuñarla, se quemó las manos.|Sian-San kiedyś próbował podnieść ten epicki tasak kuchenny, ale nie będąc godnym jego dzierżenia, poparzył sobie ręce..
lore_w_melee_pit_fighters_skullcracker|Cracking skulls since the 70's in pits across the world!|Kalloja halkeilee 70-luvulta asti kaivoissa ympäri maailmaa!|Quebrando crânios desde os anos 70 em fossos ao redor do mundo!|Разбивание черепов с 70-х годов в карьерах по всему миру!|自 70 年代起就在世界各地的鬥士坑中砸碎無數頭顱！|70 年代から世界中のピットで頭蓋骨を割り続けています。|70년대부터 전 세계의 투기장에서 두개골을 깨부숴 온 무기!|Schädelknacken seit den 70er Jahren in Gruben auf der ganzen Welt!|Briser des crânes depuis les années 70 dans des fosses du monde entier !|¡Rompiendo cráneos desde los años 70 en fosos de todo el mundo!|Rozbijanie czaszek od lat 70. na arenach na całym świecie!
lore_w_melee_pit_fighters_brutalizer|Dominating and brutalizing any pit anywhere at any time!|Hallitsee ja raakoja mitä tahansa kuoppaa missä tahansa ja milloin tahansa!|Dominando e brutalizando qualquer arena em qualquer lugar e a qualquer hora!|Доминирование и уничтожение любой площадки в любом месте в любое время!|隨時隨地宰制並殘虐任何鬥士坑！|いつでもどこでもどんなピットでも支配し、残忍に扱う！|어느 곳, 어느 때든 투기장을 지배하고 잔혹하게 유린하는 무기!|Dominieren und brutalisieren Sie jede Grube, jederzeit und überall!|Dominer et brutaliser n'importe quelle fosse, n'importe où et à tout moment !|¡Dominando y masacrando en cualquier foso, en cualquier lugar y en cualquier momento!|Dominujący i brutalizujący każdą arenę, wszędzie i o każdej porze!
lore_w_melee_metal_vocalists_warlock|Echoing the sound of true metal..|Toistaa aidon metallin ääntä.. |Ecoando o som do verdadeiro metal... |Отражая звук настоящего металла.. |迴響著純正重金屬的咆哮…… |本物のメタルのサウンドを響かせます。 |진정한 메탈의 울림을 담은 소리…|Der Sound von echtem Metal wird widergespiegelt.|Faisant écho au son du vrai métal. |Haciendo eco del sonido del verdadero metal...|Rozbrzmiewający dźwiękiem prawdziwego metalu..
lore_w_melee_fenrirs_bloodfang|Fang of the ancient wolf god fenrir who slaid gods and demons, but couldn't catch a single fish from the rivers..|Muinaisen susijumala Fenririn torahammas, joka teurasti jumalia ja demoneja, mutta ei saanut kalaa joista. |Presa do antigo deus lobo Fenrir, que matava deuses e demônios, mas não conseguia pescar um único peixe dos rios. |Клык древнего бога-волка Фенрира, который убивал богов и демонов, но не мог поймать ни одной рыбы в реках. |古代狼神芬里爾的尖牙，牠曾弒殺眾神與惡魔，卻無法從河中捕獲半條魚……  |||Fangzahn des alten Wolfsgottes Fenrir, der Götter und Dämonen tötete, aber keinen einzigen Fisch aus den Flüssen fangen konnte.|Croc de l'ancien dieu loup Fenrir qui tuait les dieux et les démons, mais ne pouvait pas attraper un seul poisson dans les rivières. |Colmillo del antiguo dios lobo Fenrir, que mató a dioses y demonios, pero no pudo atrapar un solo pez de los ríos. |Kieł pradawnego wilczego boga Fenrira, który zabił bogów i demony, ale nie złapał ani jednej ryby z rzek..
lore_w_melee_grimtides_scimitar|A ghastly sword capable of ruling the seven seas..||Uma espada pavorosa capaz de governar os sete mares...|Жуткий меч, способный править семью морями..|一把足以統治七大洋的恐怖利劍……|七つの海を統べる力を秘めた、禍々しき剣……|칠대양을 지배할 수 있는 섬뜩한 검…|Ein schreckliches Schwert, das die sieben Meere beherrschen kann...|Une épée effroyable capable de régner sur les sept mers...|Una espada espectral capaz de dominar los siete mares.|Przerażający miecz zdolny władać siedmioma morzami...
lore_w_melee_phantom_scimitar|A colossal weapon of mass annihilation..||Uma arma colossal de aniquilação em massa... |Колоссальное оружие массового уничтожения.|一把足以毀天滅地的巨型武器……|大量破壊をもたらす、巨大なる兵器…… |대량 섬멸을 위한 거대한 무기…|Eine gewaltige Waffe der Massenvernichtung... |Une arme colossale d'anéantissement massif... |Un arma colosal de destrucción masiva.|Kolosalna broń masowej zagłady...
|||||||||||
[weapon_throwing]|||||||||||
normal_throwing_throwing_axe|Throwing Axe|Heittokirves|Machado de Arremesso|Метательный Топор|飛斧|投げ斧|투척 도끼 (Throwing Axe)|Wurfaxt|Hache de jet|Hacha Arrojadiza|Rzucany Topór
normal_throwing_battle_darts|Battle Darts|Taistelu Darts|Dardos de Batalha|Боевые Дротики|戰鬥飛鏢|バトルダーツ|전투 다트 (Battle Darts)|Kampfpfeile|Lot de fléchettes|Dardos de Batalla|Bitewne Darty
normal_throwing_throwing_disc|Throwing Disc|Heittolevy|Disco de Arremesso|Метательный Диск|飛盤 |投げ円盤|투척 원반 (Throwing Disc)|Wurfscheibe|Disque-lame|Disco Arrojadizo|Rzucany Dysk
normal_throwing_harpoon|Harpoon|Harppuuna|Arpão|Гарпун|魚叉 |銛|작살 (Harpoon)|Harpune|Harpon|Arpón|Harpoon
normal_throwing_javelin|Javelin|Keihäs|Dardo|Дротик|標槍 |ジャベリン|자벨린 (Javelin)|Speer|Javelot|Jabalina|Oszczep
normal_throwing_pilum|Pilum|Pilum|Pilo|Pilum|長標槍 |ピルム|필룸 (Pilum)|Pilum|Pilum|Pilum|Pilum
normal_throwing_simbilan|Simbilan|Simbilan|Lança|Симбилан|銳矛標槍 |シンビラン|심빌란 (Simbilan)|Simbilan|Simbilan|Simbilan|Simbilan
normal_throwing_short_spear|Short Spear|Lyhyt keihäs|Lança Curta|Короткое Копье|短矛 |短槍|짧은 창 (Short Spear)|Kurzspeer|Lance courte|Lanza Corta|Krótka Włócznia
normal_throwing_throwing_spear|Throwing Spear|Heittokeihäs |Lança de Arremesso|Метательное Копье|飛矛 |投げ槍 |투척 창 (Throwing Spear)|Wurfspeer|Lance de jet|Lanza Arrojadiza|Rzucana Włócznia
|||||||||||
[weapon_throwing_unique]|||||||||||
w_throwing_mimirs_corrupted_axe|Mimir's Corrupted Axe|Mimir's Corrupted Axe|Machado Corrompido de Mimir|Испорченный Топор Мимира|密米爾的腐化戰斧|Mimir's Corrupted Axe|미미르의 부패한 도끼 (Mimir's Corrupted Axe)|Mimir's Corrupted Axe|Hache corrompue de Mimir|Hacha Corrupta de Mimir|Skażony Topór Mimira
w_throwing_scarred_battle_darts|Scarred Battle Darts|Arpiset Taistelutikat|Dardos de Batalha Marcados|Покрытые Шрамами Боевые Дротики|疤痕戰鏢|傷のあるバトルダーツ|흉터진 전투 다트 (Scarred Battle Darts)|Vernarbte Kampfdarts|Fléchettes de combat balafrées|Dardos de Batalla Marcados|Bliznowate Bitewne Darty
w_throwing_wakaykas_tomahawk|Wakayka's Tomahawk|Wakaykan tomahawk|Machadinha de Wakayka|Томагавк Вакайки|瓦卡卡戰斧|ワカイカのトマホーク|와카이카의 토마호크 (Wakayka's Tomahawk)|Wakaykas Tomahawk|Tomahawk de Wakayka|Tomahawk de Wakayka|Tomahawk Wakayki
w_throwing_imperial_glaive|Imperial Glaive|Keisarillinen Pertuska|Gládio Imperial|Императорская Глефа|帝國戰刃|帝国のグレイブ|제국의 글레이브 (Imperial Glaive)|Kaiserliche Gleve|Glaive impérial|Guja Imperial|Cesarska Glaive
w_throwing_ukkos_revenge|Ukko's Revenge|Ukko Ylijumalan Kosto|Vingança de Ukko|Месть Укко|烏科的復仇 |おじいちゃんの復讐 |우코의 복수 (Ukko's Revenge)|Ukkos Rache|Vengeance d'Ukko|Venganza de Ukko|Zemsta Ukko
w_throwing_wargods_wrath|Wargod's Wrath|Sotajumalan Raivo|Fúria do Deus da Guerra|Гнев Бога войны|戰神之怒|戦神の天罰|전쟁신의 분노 (Wargod's Wrath)|Zorn des Kriegsgottes|Colère du dieu de la guerre|Ira del Dios de la Guerra|Gniew Boga Wojny
w_throwing_st_neris_rainbow_lance|St. Neri's Rainbow Lance|Pyhän Nerin Sateenkaaripeitsi|Lança Arco-Íris de St. Neri|Радужное копье Святого Нери|聖內禮彩虹槍|聖ネリの虹の槍|성 네리의 무지개 창 (St. Neri's Rainbow Lance)|St. Neris Regenbogenlanze|Lance arc-en-ciel de St. Neri|Lanza Arcoíris de Santa Neri|Tęczowa Lanca św. Neriego
w_throwing_serpents_tooth|Serpent's Tooth|Käärmeenhammas|Dente da Serpente|Змеиный зуб|巨蛇之牙|サーペントトゥース|뱀의 이빨 (Serpent's Tooth)|Schlangenzahn|Dent de serpent|Diente de Serpiente|Ząb Węża
w_throwing_crystal_infused_javelin|Crystal Infused Javelin|Kristalliin infusoitu peitsi|Dardo Infundido de Cristal|Дротик , Настоянный на Кристаллах|水晶標槍|クリスタル注入ジャベリン|수정 융합 자벨린 (Crystal Infused Javelin)|Kristalldurchsetzter Speer|Javelot infusé de cristal|Jabalina con Cristal Infusionado|Kryształowy Oszczep
w_throwing_valkyries_thunder_javelin|Valkyrie's Thunder Javelin||Dardo de Trovão da Valquíria|Громовое копье Валькирии|瓦爾基里的雷霆標槍 |ヴァルキリーのサンダージャベリン |발키리의 천둥 자벨린 (Valkyrie's Thunder Javelin)|Walküren-Donnerspeer|Foudroyant|Jabalina de Trueno de la Valquiria|Grzmotowa Włócznia Walkirii
w_throwing_deep_sea_glaive|Deep Sea Glaive|Deep Sea Glaive|Gládio das Profundezas|Глубоководная Глефа|深海戰刃 |ディープシーグレイブ |심해의 글레이브 (Deep Sea Glaive)|Tiefseegleve|Glaive des profondeurs|Guja de las Profundidades|Głębinowa Glaive
w_throwing_sawyers_javelin_of_devastation|Sowyer's Javelin of Devastation||Dardo Devastador de Sowyer|Копье Опустошения Сойера|索耶的毀滅標槍 |ソイヤーの破滅のジャベリン |소이어의 파괴의 자벨린 (Sowyer's Javelin of Devastation)|Sowyers Speer der Verwüstung|Javelot de dévastation de Sowyer|Jabalina de la Devastación de Sowyer|Włócznia Zniszczenia Sowyera
w_throwing_sidewinder|Sidewinder|Sidewinder |Desviador|Сайдвиндер |響尾蛇 |サイドワインダー |사이드와인더 (Sidewinder)|Sidewinder|Sidewinder |Crótalo|Sidewinder
|||||||||||
lore_w_throwing_scarred_battle_darts|Said to contain vampiric powers within to leech the life force of the victim.|Sanotaan sisältävän sisällään vampyyrivoimia, jotka levittävät uhrin elinvoimaa.|Dizem conter poderes vampíricos em seu interior para sugar a força vital de suas vítimas.|Говорят, что он содержит в себе вампирские силы, высасывающие жизненную силу жертвы.|據說其中蘊含吸血鬼的力量，能汲取受害者的生命力|犠牲者の生命力を吸い取る吸血鬼の力が内部に備わっていると言われている。|희생자의 생명력을 흡수하는 뱀파이어의 힘이 깃들어 있다고 전해진다.|Es soll vampirische Kräfte enthalten, die dem Opfer die Lebenskraft entziehen.|On dit qu'il contient des pouvoirs vampiriques qui lui permettent d'extraire la force vitale de la victime.|Se dice que contienen poderes vampíricos para drenar la fuerza vital de la víctima.|Mówi się, że zawiera w sobie wampiryczne moce wysysające siłę życiową ofiary.
lore_w_throwing_ukkos_revenge|As Ukko was betrayed by his own, the havoc is laid on those deserving a brutal death.|Koska Ukko petti omansa, tuho kohdistuu julman kuoleman ansaitseviin.|Como Ukko foi traído por seus próprios companheiros, o caos é lançado sobre aqueles que merecem uma morte brutal.|Поскольку Укко был предан своими же, опустошение обрушивается на тех, кто заслуживает жестокой смерти.|由於烏科遭到了自己人的背叛，這股浩劫將降臨於那些罪有應得、該當慘死之人身上  |ウッコは仲間に裏切られたため、残酷な死に値する者たちに大混乱がもたらされた。|우코가 동료에게 배신당했을 때, 그 분노는 잔혹한 죽음을 받아 마땅한 자들에게 쏟아졌다.|Da Ukko von seinen eigenen Leuten verraten wurde, trifft die Verwüstung nun diejenigen, die einen brutalen Tod verdienen.|Comme Ukko a été trahi par les siens, les conséquences s'abattent sur ceux qui méritent une mort brutale.|Como Ukko fue traicionado por los suyos, el caos se desata sobre aquellos que merecen una muerte brutal.|Gdy Ukko został zdradzony przez swoich, spustoszenie spada na tych, którzy zasługują na brutalną śmierć.
lore_w_throwing_st_neris_rainbow_lance|As a rainbow descends from the heavens, Saint Neri, the Angel Warrior, rides upon it with their lance ready for combat against evil.|Sateenkaaren laskeutuessa taivaasta, Pyhä Neri, Enkelisoturi, ratsastaa sen päällä keihänsä kanssa valmiina taisteluun pahaa vastaan. |Como um arco-íris que desce dos céus, St. Neri, o Anjo Guerreiro, cavalga sobre ele com sua lança pronta para o combate contra o mal.|Когда радуga спускается с небес, Святой Нери, Ангел-Воин, скачет по ней с копьем, готовым сразиться со злом.|當彩虹自天際降臨，天使戰士聖內禮騎乘其上，挺槍躍馬準備迎擊邪惡   |虹が天から降りてくると、天使の戦士である聖ネリが槍を手にその上に乗って悪との戦いに備えます。 |무지개가 하늘에서 내려오면, 천사 전사 세인트 네리는 그 위를 타고 내려와 악에 맞서기 위해 창을 든다.|Während ein Regenbogen vom Himmel herabsteigt, reitet der Heilige Neri, der Engelskrieger, mit seiner Lanze darauf, bereit zum Kampf gegen das Böse.|Alors qu'un arc-en-ciel descend du ciel, St. Neri, l'ange guerrier, le chevauche avec sa lance, prêt à combattre le mal.|Mientras un arcoíris desciende de los cielos, Santa Neri, la Guerrera Angelical, cabalga sobre él con su lanza lista para el combate contra el mal.|Gdy tęcza schodzi z niebios, św. Neri, Anielski Wojownik, jedzie na niej ze swoją lancą gotową do walki ze złem.
lore_w_throwing_sidewinder|[9 / 5 / -3 / 1]|[9 / 5 / -3 / 1]|[9 / 5 / -3 / 1]|[9 / 5 / -3 / 1]|[9 / 5 / -3 / 1]|[9 / 5 / -3 / 1]|[9 / 5 / -3 / 1]|[9 / 5 / -3 / 1]|[9 / 5 / -3 / 1]|[9 / 5 / -3 / 1]|[9 / 5 / -3 / 1]
|||||||||||
[weapon_spell]|||||||||||
normal_spell_gnarled_staff|Gnarled Staff|Ryppyinen henkilökunta|Cajado Rugoso|Сучковатый Посох|木節法杖 |節くれだった杖 |비틀린 지팡이 (Gnarled Staff)|Knorriger Stab|Bâton noueux|Bastón Nudoso|Sękaty Kostur
normal_spell_cane|Cane|keppi|Bastão Mágico|Трость|手杖 |杖 |케인 (Cane)|Stock|Canne|Vara|Laska
normal_spell_arcane_fork|Arcane Fork|Arkaaninen haarukka|Tridente Arcano|Тайная Вилка|奧術叉子 |秘術のフォーク |아케인 포크 (Arcane Fork)|Arkane Gabel|Fourche arcanique|Tridente Arcano|Widełki Arkaniczne
normal_spell_spellblade|Spellblade|Spellblade|Lâmina Mágica|Магический Клинок|法術之刃 |スペルブレード |스펠블레이드 (Spellblade)|Zauberklinge|Magi'lame|Espada Mágica|Spellblade
normal_spell_wand|Wand|Seinä|Varinha |Волшебная палочка|魔杖 |ワンド |완드 (Wand)|Zauberstab|Baguette|Varita|Różdżka
normal_spell_magic_tome|Magic Tome|Magic Tome|Tomo Mágico|Волшебный Том|魔法書 |魔法の本 |마법서 (Magic Tome)|Magischer Wälzer|Tome magique|Tomo Mágico|Magiczny Tom
normal_spell_yew_wand|Yew Wand|Marjakuusi seinä |Varinha de Teixo|Тисовая Палочка|紫杉魔杖 |イチイの杖 |유 완드 (Yew Wand)|Eibenstab|Baguette en if|Varita de Tejo|Różdżka z Cisu
|||||||||||
[weapon_spell_unique]|||||||||||
w_spell_spellshard|Spellshard|Loitsusirpale|Fragmento de Feitiço|Осколок Заклинания|法術碎片|スペルシャード|스펠샤드 (Spellshard)|Zauberscherbe|Éclat de sortilège|Esquirla de Hechizo|Odłamek Czary
w_spell_the_iris|The Iris|Iiris|A Íris|Радужная оболочка|彩虹|虹彩|아이리스 (The Iris)|Die Iris|L'Iris|El Iris|Iris
w_spell_staff_of_nether_flame|Staff of Nether Flame|Manalanliekin Sauva|Cajado da Chama Inferior|Посох Пламени Преисподней|虛空火焰法杖|ネザーフレームの杖|네더 플레임의 지팡이 (Staff of Nether Flame)|Stab der Netherflamme|Bâton de la flamme du néant|Bastón de la Llama del Abismo|Kostur Netherowego Płomienia
w_spell_archangel_staff|Archangel Staff|Arkkienkelisauva|Cajado do Arcanjo|Посох Архангела|大天使之杖|大天使の杖|대천사 지팡이 (Archangel Staff)|Stab des Erzengels|Bâton de l'archange|Bastón del Arcángel|Kostur Archanioła
w_spell_the_oculus|Oculus of Ages||Oculus das Eras|Око веков|核瞳|オクルス・オブ・エイジズ |시대의 오큘러스 (Oculus of Ages)|Oculus der Zeitalter|Oculus des âges|Oculus de las Eras|Oculus Wieków
w_spell_gods_benevolence|God's Benevolence|Jumalan hyväntahtoisuus|Benevolência de Deus|Божья Благосклонность|上帝的仁慈|神の慈悲|신의 은총 (God's Benevolence)|Gottes Güte|Bienveillance de Dieu|Benevolencia de Dios|Boska Dobroć
w_spell_satans_unholy_bible|Satan's Unholy Bible|Saatanan Epäpyhä Raamattu|Bíblia Profana de Satã|Нечестивая Библия сатаны|撒旦的邪惡聖經|サタンの悪書|사탄의 불경한 성서 (Satan's Unholy Bible)|Satans unheilige Bibel|Bible impie de Satan|Biblia Profana de Satán|Nieświęta Biblia Satana
w_spell_book_of_revelations|Book of Revelations|Ilmestyskirja|Livro das Revelações|Книга Откровений|啟示錄|黙示録|계시록 (Book of Revelations)|Buch der Enthüllungen|Livre des Révélations|Libro de las Revelaciones|Księga Objawień
w_spell_damiens_head|Damien's Head|Damienin pää|Cabeça de Damien|Голова Дэмиена|達米安頭顱|デイミアンの頭|데미언의 머리 (Damien's Head)|Damiens Kopf|Tête de Damien|Cabeza de Damien|Głowa Damiena
w_spell_clafaxier|Clafaxier|Clafaxier|Clafaxier|Клафаксье|克拉法西爾|クラファクシア|클라팍시에 (Clafaxier)|Clafaxier|Clafaxier|Clafaxier|Clafaxier
w_spell_raise_of_dead|Raise of the Dead|Kuolleiden herättäjä|Ressuscitar dos Mortos|Воскрешение мертвых|死者蘇生|死者の復活|죽은 자의 부활 (Raise of the Dead)|Auferstehung der Toten|Résurrection|Alzamiento de los Muertos|Powstanie Umarłych
w_spell_dragons_breath|Dragon's Breath|Lohikäärmeen henkäys|Bafo do Dragão|Дыхание дракона|龍息|竜の吐息|드래곤의 숨결 (Dragon's Breath)|Drachenatem|Souffle du dragon|Aliento de Dragón|Oddech Smoka
w_spell_apocalypto|Apocalypto|Maailmanlopettaja|Apocalypto|Апокалиптично|天啟|アポカリプト|아포칼립토 (Apocalypto)|Apocalypto|Apocalypse|Apocalypto|Apocalypto
w_spell_steves_wand_of_fortune|Steve's Wand of Fortune|Teemun onnen taikasauva|Varinha da Sorte de Steve|Жезл удачи Стива|史蒂夫的財富魔杖|スティーブの運の杖|스티브의 행운의 완드 (Steve's Wand of Fortune)|Steves Glücksstab|Porte-bonheur de Steve|Varita de la Fortuna de Steve|Różdżka Fortuny Steve'a
w_spell_st_houdeaniis_tiny_fire_rod|St. HouDeanii's Tiny Fire Rod|Pyhän HouDeaniin pieni tulitikku|Varinha Pequena de Fogo de St. HouDeanii|Крошечный Огненный стержень Святой Гудинии|聖胡迪尼的小火棒|聖フーディーニの小さな火の杖|성 후대니의 작은 불꽃 지팡이 (St. HouDeanii's Tiny Fire Rod)|St. HouDeaniis winziger Feuerstab|Tisonnier de St. HouDeanii|Vara de Fuego Diminuta de San Houdeanii|Malutka Ognista Różdżka św. HouDeaniiego
w_spell_wormclaw|Wormclaw|Madonkynsi|Garra Verminosa|Червячный Коготь|蠕蟲爪|ワームクロー|웜클로 (Wormclaw)|Wurmklaue|Griffe de ver|Garra de Verme|Pazur Robaka
w_spell_beacon_of_shadows|Beacon of Shadows|Varjojen Johdatin|Bastião das Sombras|Маяк Теней|暗影燈塔|影のビーコン|그림자 봉화 (Beacon of Shadows)|Leuchtfeuer Des Schattens|Balise des ombres|Faro de las Sombras|Latarnia Cieni
w_spell_crystal_infused_wand|Crystal Infused Wand|Kristalliin infusoitu sauva|Varinha Infundida de Cristal|Палочка , Наполненная Кристаллами|水晶魔杖|クリスタル注入ワンド|수정 융합 완드 (Crystal Infused Wand)|Kristall infundierter Zauberstab|Baguette de cristal|Varita con Cristal Infusionado|Kryształowa Różdżka
w_spell_zealots_book_of_prophecy|Zealot's Book of Prophecy|Kiihkoilijan Ennustusten Kirja|Livro de Profecias do Zelote|Книга пророчеств зелота|狂熱者預言書|ジーロットの予言の本|질롯의 예언서 (Zealot's Book of Prophecy)|Zealots Buch der Propechie|Livre prophétique de zélote|Libro de las Profecías del Fanático|Księga Przepowiedni Zealota
w_spell_uabels_wand|Uabel's Wand|Uabelin Sauva|Varinha de Uabel|Волшебная палочка Уабель|烏伯爾魔杖|ウアベルの杖|우아벨의 완드 (Uabel's Wand)|Uabels Zauberstab|Baguette d'Uabel|Varita de Uabel|Różdżka Uabela
w_spell_battle_mages_wand|Battle Mage's Wand|Taistelumaagin Sauva|Varinha do Mago de Batalha|Палочка Боевого мага|戰鬥法師魔杖|バトルメイジのワンド|배틀 메이지의 완드 (Battle Mage's Wand)|Zauberstab des Kampfmagiers|Baguette du mage de bataille|Varita del Mago de Batalla|Różdżka Maga Bitewnego
w_spell_spell_eater|Spell Eater|Loitsunsyöjä|Devoradora de Feitiços|Пожиратель Заклинаний|噬魂者|スペルイーター|스펠 이터 (Spell Eater)|Zauberfresser|Mange-sorts|Devorador de Hechizos|Pożeracz Czarów
w_spell_blood_of_abaddon|Blood of Abaddon|Abaddonin Veri|Sangue de Abaddon|Кровь Абаддона|亞巴頓之血|アバドンの血|아바돈의 피 (Blood of Abaddon)|Blut von Abaddon|Sang d'Abaddon|Sangre de Abadón|Krew Abaddona
w_spell_ancient_sun_beacon|Ancient Sun Beacon|Muinainen Aurinkomajakka|Bastião do Sol Antigo|Древний Солнечный Маяк|遠古太陽烽火臺|古代の太陽の灯台|고대 태양 봉화 (Ancient Sun Beacon)|Uraltes Sonnenfeuer|Balise solaire ancienne|Faro Solar Ancestral|Pradawna Latarnia Słońca
w_spell_the_eye_of_tarethiel|The Eye of Tarethiel|Tarethielin Silmä|O Olho de Tarethiel|Око Таретиэля|塔雷希爾之眼|タレティエルの目|타레시엘의 눈 (The Eye of Tarethiel)|Das Auge von Tarethiel|L'oeil de Tarethiel|El Ojo de Tarethiel|Oko Tarethiela
w_spell_sands_of_time|Sands of Time|Ajan Hiekka|Areias do Tempo|Пески времени|時之砂|時間の砂|시간의 모래 (Sands of Time)|Sand der Zeit|Sables du temps|Arenas del Tiempo|Piaski Czasu
w_spell_crystal_cane_of_ice|Crystal Cane of Ice|Kristallisoitu Jääkeppi|Bastão Gelado de Cristal|Хрустальный тростник из льда|冰晶手杖|氷の結晶杖|얼음의 수정 지팡이 (Crystal Cane of Ice)|Kristallstock aus Eis|Canne de cristal de glace|Vara de Cristal de Hielo|Kryształowa Laska Lodu
w_spell_cane_of_tundra|Cane of the Tundra|Tundran Keppi|Bastão da Tundra|Тростник тундры|苔原手杖|ツンドラの杖|툰드라의 지팡이 (Cane of the Tundra)|Gehstock der Tundra|Canne de la toundra|Vara de la Tundra|Laska Tundry
w_spell_book_of_cold_death|Book of Cold Death|Kylmän Kuoleman Kirja|Livro da Morte Gélida|Книга Холодной Смерти|冷死之書|冷酷な死の書|냉기의 죽음의 서 (Book of Cold Death)|Buch des kalten Todes|Livre de la mort froide|Libro de la Muerte Helada|Księga Zimnej Śmierci
w_spell_thorn_of_helheim|Thorn of Helheim|Helheimin Piikki|Espinho de Helheim|Колючка из Хельхейма|赫爾海姆之刺|ヘルヘイムのとげ|헬헤임의 가시 (Thorn of Helheim)|Dorn von Helheim|Épine de Helheim|Espina de Helheim|Cierń Helheimu
w_spell_flame_of_phoenix|Flame of the Phoenix|Feeniksin Liekki|Chama da Fênix|Пламя Феникса|鳳凰之炎|不死鳥の炎|불사조의 불꽃 (Flame of the Phoenix)|Flamme des Phönix|Flamme du Phénix|Llama del Fénix|Płomień Feniksa
w_spell_hypothermia|Hypothermia|Hypotermia|Hipotermia|Гипотермия|低溫|低体温症|저체온증 (Hypothermia)|Unterkühlung|Hypothermie|Hipotermia|Hipotermia
w_spell_nimosLightbringer|St. Nimo's Lightbringer|Pyhän Nimon Valontuottaja|Portadora da Luz de St. Nimo|Несущий Свет Святого Нимо|聖尼莫的光明使者|聖ニモの光をもたらす者|성 니모의 빛을 전하는 자 (St. Nimo's Lightbringer)|Lichtbringer des Heiligen Nimo|Porteur de lumière de St. Nimo|Portadora de Luz de San Nimo|Przynoszący Światło św. Nimo
w_spell_solar_prophets_tablet|Solar Prophet's Tablet|Aurinkoprofeetan tabletti|Tabuleta do Profeta Solar|Табличка Солнечного Пророка|太陽先知石碑|太陽預言者の石板|태양 예언자의 석판 (Solar Prophet's Tablet)|Tafel des Solarpropheten|Tablette du prophète solaire|Tablilla del Profeta Solar|Tabliczka Proroka Słońca
w_spell_pagan_gods_blasphemy|Pagan God's Blasphemy|Pakanallinen jumalanpilkka|Blasfêmia do Deus Pagão|Богохульство языческого бога|異教神褻瀆|異教の神の​​冒涜|파라곤 신의 불경 (Pagan God's Blasphemy)|Blasphemie eines heidnischen Gottes|Le blasphème du dieu païen|Blasfemia del Dios Pagano|Bluźnierstwo Pogańskiego Boga
w_spell_voodoo_magicians_skull|Voodoo Magician's Skull|Voodoo Magician's Skull|Caveira do Mago Voodoo|Череп мага вуду|巫毒術師頭骨|ブードゥー魔術師の頭蓋骨|부두 매지션의 해골 (Voodoo Magician's Skull)|Schädel eines Voodoo-Magiers|Crâne de magicien vaudou|Cráneo del Mago Vudú|Czaszka Maga Voodoo
w_spell_wraithbone|Wraithbone|Wraithbone|Osso-espectro|Призрачная кость|幽靈之骨|レイスボーン|레이스본 (Wraithbone)|Geisterknochen|Os spectral|Hueso Espectral|Kość Wraith
w_spell_clafaxiers_legacy|Clafaxier's Legacy|Clafaxier's Legacy|Legado de Clafaxier|Наследие Клафаксиера|克拉法西爾的遺產|クラファクシエの遺産|클라팍시에의 유산 (Clafaxier's Legacy)|Clafaxiers Vermächtnis|L'héritage de Clafaxier|Legado de Clafaxier|Dziedzictwo Clafaxiera
w_spell_mystical_wand_of_manastream|Manafunneler's Conjurer|Manafunnelerin taikuri|Conjuradora Mana-funilada|Заклинатель Манафуннелера|法力汲導者的喚術法杖|マナファンネラーの召喚術師|마나퍼널러의 소환사 (Manafunneler's Conjurer)|Manafunnelers Beschwörer|Conjurateur de Manafunneler|Conjurador del Embudo de Maná|Przywoływacz Lejka Many
w_spell_crackling_thunder|Crackling Thunder|Nauraava ukkonen|Trovão Crepitante|Трескучий гром|爆裂雷霆|パチパチと鳴る雷|우르르 번개 (Crackling Thunder)|Knisternder Donner|Tonnerre crépitant|Trueno Crepitante|Trzaskający Grom
w_spell_necrobutchers_curse|Necrobutcher's Curse|Necrobutcherin kirous|Maldição do Açougueiro Necrófago|Проклятие Некромясника|死靈屠夫之咒|死肉屋の呪い|네크로부처의 저주 (Necrobutcher's Curse)|Fluch des Nekroschlächters|La malédiction du nécroboucher|Maldición del Nigro-carnicero|Klątwa Rzeźnika Nekro
w_spell_crows_whisper|Crow's Whisper|Crow's Whisper|Sussurro do Corvo|Шепот ворона|烏鴉低語|カラスのささやき|까마귀의 속삭임 (Crow's Whisper)|Krähenflüstern|Murmure du corbeau|Susurro del Cuervo|Szept Kruka
w_spell_damiens_corrupted_head|Damien's Corrupted Head|Damienin korruptoitunut pää |Cabeça Corrompida de Damien |Оскверненная голова Дэмиена |達米安的腐化頭顱 |ダミアンの穢れた頭 |데미언의 부패한 머리 (Damien's Corrupted Head)|Damiens verdorbener Kopf|La tête corrompue de Damien |Cabeza Corrupta de Damien|Skażona Głowa Damiena
w_spell_witchs_wand|Witch's Wand|Witch's Wand|Varinha de Bruxa|Волшебная палочка ведьмы|女巫魔杖|ウィッチのワンド|마녀의 완드 (Witch's Wand)|Hexenstab|Baguette de sorcière|Varita de Bruja|Różdżka Wiedźmy
w_spell_cane_of_creation|Cane of Creation|Cane of Creation|Cajado da Criação |Тростник творения |創世之杖 |創造の杖 |창조의 지팡이 (Cane of Creation)|Schöpfungsstab|Canne de la Création |Bastón de la Creación |Laska Stworzenia
w_spell_conjured_tentacle|Conjured Tentacle||Tentáculo Conjurado|Вызванное щупальце|召喚觸手|召喚された触手|소환된 촉수|Heraufbeschworenes Tentakel|Tentacule invoqué|Tentáculo Conjurado|Przywołana macka
w_spell_leviathans_spine|Leviathan´s Spine||Espinha do Leviatã |Хребет Левиафана|利維坦之脊|リヴァイアサンの背骨 |리바이어던의 최후|Leviathans Rückgrat |Épine dorsale du Léviathan |Columna del Leviatán|Kręgosłup Lewiatana
|||||||||||
lore_w_spell_nimosLightbringer|They will kneel before the might of light, for they are the bringer of the sacred, a morning star.|He polvistuvat valon voiman edessä, sillä he ovat pyhyyden tuoja, aamutähti.|Eles irão se ajoelhar perante o poder da luz, pois eles são os portadores do sagrado, uma estrela da manhã.|Они преклонят колени перед мощью света, ибо они - несущие священное, утреннюю звезду.|他們將跪在光明的力量面前, 因為他們是神聖的使者, 一顆晨星|彼らは光の力の前にひざまずくだろう。なぜなら彼らは神聖なものをもたらす者、明けの明星だからである。|그들은 빛의 힘 앞에 무릎 꿇을 것이다. 그들은 신성함을 가져오는 자, 아침별이기 때문이다.|Sie werden vor der Macht des Lichts niederknien, denn sie sind die Überbringer des Heiligen, ein Morgenstern.|Que tous s'agenouilleront devant la puissance de la lumière, car ils sont les porteurs du sacré, l'aube d'un jour nouveau.|Se arrodillarán ante el poder de la luz, pues son los portadores de lo sagrado, una estrella del alba.|Uklękną przed potęgą światła, ponieważ są przynoszącym święte, poranną gwiazdą.
lore_w_spell_st_houdeaniis_tiny_fire_rod|Said to have lighten the eternal flame, a powerful magic item to aid those in need.|Sanotaan keventäneen ikuista liekkiä, voimakasta taikuutta apua tarvitsevien avuksi.|Dizem ter acendido a chama eterna, um item mágico poderoso para ajudar aqueles que precisam.|Говорят, что он зажег вечный огонь, мощный магический предмет, помогающий тем, кто в нем нуждается.|據說點燃了永恆之火，這是一種可以幫助有需要的人的強大魔法物品|永遠の炎を灯すと言われ、困っている人を助ける強力な魔法のアイテム。|영원한 불꽃을 밝힌 자로 전해지는, 도움이 필요한 이들을 위한 강력한 마법 아이템이다.|Angeblich entzündet es die ewige Flamme, ein mächtiger Zaubergegenstand, der den Bedürftigen hilft.|On dit qu'il a allumé la flamme éternelle, un puissant objet magique pour aider ceux qui en ont besoin.|Se dice que encendió la llama eterna, un poderoso objeto mágico para ayudar a los necesitados.|Mówi się, że rozświetlił wieczny płomień – potężny magiczny przedmiot pomagający tym, którzy są w potrzebie.
lore_w_spell_spell_eater|Devour the spells of your enemies and infuse the energy to your own as you battle the darkness.|Syö vihollistesi loitsuja ja anna energiaa omaasi taistelemalla pimeyttä vastaan.|Devore os feitiços de seus inimigos e infunde a energia para a sua própria enquanto luta contra a escuridão.|Поглощайте заклинания своих врагов и вливайте энергию в свои собственные, сражаясь с тьмой.|當你與黑暗戰鬥時，吞噬敵人的咒語並將能量注入自己的咒語中|敵の呪文を吸収し、そのエネルギーを自分自身に注入して闇と戦ってください。|적의 주문을 삼키고 그 에너지를 자신에게 흡수하라. 어둠과 싸우는 동안.|Verschlingen Sie die Zauber Ihrer Feinde und verleihen Sie Ihren eigenen die nötige Energie, während Sie gegen die Dunkelheit kämpfen.|Dévorez les sorts de vos ennemis et infusez l'énergie dans les vôtres pour combattre les ténèbres.|Devora los hechizos de tus enemigos e infunde esa energía en los tuyos mientras luchas contra la oscuridad.|Pożeraj czary swoich wrogów i wchłaniaj energię do swoich, gdy walczysz z ciemnością.
lore_w_spell_blood_of_abaddon|Blood shed to the altar and by demonic forces arise; the staff of an Arch Demon.|Veri vuodatetaan alttarille ja demoniset voimat nousevat; Arch Demonin esikunta.|Sangue derramado no altar e por forças demoníacas surgem: o cajado de um arqui-demônio.|Кровь, пролитая на алтарь и порожденная демоническими силами; посох Верховного Демона.|鮮血灑在祭壇上，惡魔的力量出現；大惡魔的權杖。|祭壇に流された血と悪魔の力により立ち上がる。大悪魔の杖。|제단에 흘린 피와 함께 악마의 힘이 일어나니, 이는 아크 데몬의 스태프다.|Blut wird auf dem Altar vergossen und durch dämonische Kräfte entsteht; der Stab eines Erzdämons.|Par le sang versé sur l'autel et par les forces démoniaques qui en découlent; le bâton d'un archidémon.|Sangre derramada en el altar y por fuerzas demoníacas surge; el bastón de un Archidemonio.|Krew przelana na ołtarz i przez demoniczne siły powstaje; kostur Arcy Demona.
lore_w_spell_hypothermia|As cold as the heart of the grim reaper, the blade that cuts through souls.|Kylmä kuin viikatemiehen sydän, sielujen läpi leikkaava terä.|Tão gelada quanto o coração da morte, a lâmina que atravessa as almas.|Такой же холодный, как сердце мрачного жнеца, клинок, который рассекает души.|如同死神的心臟般冰冷，斬斷靈魂的利刃|死神の心のように冷たく、魂を切り裂く刃。|사신의 심장처럼 차가운, 영혼을 가르는 검이다.|So kalt wie das Herz des Sensenmanns, die Klinge, die durch Seelen schneidet.|Aussi froid que le coeur de la faucheuse, la lame qui tranche à travers les âmes.|Tan fría como el corazón de la Parca, la hoja que atraviesa las almas.|Zimny jak serce ponurego żniwiarza, klinga tnąca przez dusze.
lore_w_spell_beacon_of_shadows|Harness the very essence of darkness itself, drawing power from the concealed corners of the world.|Valjasta itse pimeyden ydin ja ammenna voimaa maailman piilotetuista kolkista.|Aproveite a essência da própria escuridão, extraindo poder de todos os cantos ocultos do mundo.|Используйте саму сущность самой тьмы, черпая силу из скрытых уголков мира.|利用黑暗本身的本質，從世界隱密的角落汲取力量|闇そのものの本質を操り、世界の隠れた隅から力を引き出します。|세상의 은밀한 구석에서 어둠 그 자체의 정수를 끌어와 힘을 다루어라.|Machen Sie sich die Essenz der Dunkelheit zunutze und ziehen Sie Kraft aus den verborgenen Winkeln der Welt.|Maîtriser l'essence même des ténèbres, en puisant son pouvoir dans les recoins les plus cachés du monde.|Controla la mismísima esencia de la oscuridad, extrayendo poder de los rincones ocultos del mundo.|Wykorzystaj samą esencję ciemności, czerpiąc moc z ukrytych zakątków świata.
lore_w_spell_pagan_gods_blasphemy|All hail the false prophet! AVE SATANAS!|Kaikki terveiset väärälle profeettaa! TERVE SATANAT!|Todos saúdam o falso profeta! AVE SATANAS!|Да здравствует лжепророк! ДА ЗДРАВСТВУЕТ САТАНАМ!|向假先知致敬！撒旦萬歲！|偽預言者万歳！サタナ万歳！|거짓된 예언자를 찬양하라! 아베 사타나스!|Ein Hoch auf den falschen Propheten! Heil Satanas!|Salut au faux prophète ! AVE SATANAS!|¡Todos aclaman al falso profeta! ¡AVE SATANAS!|Chwała fałszywemu prorokowi! AVE SATANAS!
lore_w_spell_mystical_wand_of_manastream|The one who sparked the manaflame shall live on.|Se, joka sytytti manaliekin, elää edelleen.|Aquele que acendeu a chama de mana viverá.|Тот, кто зажег пламя человека, будет жить дальше.|點燃法力之火的人將永存|マナフレイムを起こした者は生き続ける。|마나플레임을 점화한 자는 영원히 기억될 것이다.|Derjenige, der die Manaflamme entzündet hat, wird weiterleben.|Celui qui a allumé la flamme de l'homme continuera à vivre.|Aquel que encendió la llama de maná vivirá para siempre.|Ten, który zapalił płomień many, będzie żył dalej.
lore_w_spell_crackling_thunder|Can you hear the echo of the roaring storm?|Kuuletko myrskyn kaiun?|Você consegue ouvir o eco da tempestade?|Слышите ли вы отголоски ревущей бури?|你聽得到咆哮風暴的迴響嗎？|轟く嵐の音が聞こえますか?|그 포효하는 폭풍의 메아리를 들을 수 있는가?|Können Sie das Echo des tosenden Sturms hören?|Entendez-vous l’écho de la tempête rugissante ?|¿Puedes oír el eco de la tormenta rugiente?|Czy słyszysz echo ryczącego sztormu?
lore_w_spell_necrobutchers_curse|From ashes to ashes and dust to dust..|Tuhkasta tuhkaan ja pölystä pölyksi..|Das cinzas às cinzas e do pó ao pó.|Из пепла в пепел и из праха в прах..|土歸土，塵歸塵|灰から灰へ、塵から塵へ。|재에서 재로, 먼지에서 먼지로 돌아가리라...|Von Asche zu Asche und Staub zu Staub..|Des cendres aux cendres et de la poussière à la poussière.|De cenizas a cenizas y de polvo a polvo...|Z popiołów w popioły i z prochu w proch..
lore_w_spell_crows_whisper|Who wields this staff has the crows power..|Kuka käyttää tätä sauvaa, sillä on variksen valta.. |Quem empunha esse cajado tem o poder do corvo. |Тот, кто владеет этим посохом, обладает силой ворона. |揮舞著這根法杖，誰就擁有烏鴉的力量…… |この杖を振るう者はカラスの力を持つ。 |이 스태프를 쥔 자는 까마귀의 힘을 지니게 된다…|Wer diesen Stab führt, besitzt die Macht der Krähe.|Celui qui manie ce bâton possède le pouvoir des corbeaux. |Quien empuña este bastón posee el poder del cuervo...|Ten, kto dzierży ten kostur, ma moc kruków..
lore_w_spell_cane_of_creation|The ultimate tool for creating existence..|The ultimate tool for creating existence..|A ferramenta definitiva para criar a existência... |Главный инструмент для создания бытия. |創造存在的終極工具…… |存在を創造するための究極のツール… |존재를 창조하는 궁극적인 도구... |Das ultimative Werkzeug zur Erschaffung von Existenz…|L'outil ultime pour créer l'existence... |La herramienta definitiva para crear existencia. |Ostateczne narzędzie do tworzenia istnienia..
lore_w_spell_conjured_tentacle|Conjured from the carcass of a parasitical entity..||Conjurado a partir da carcaça de uma entidade parasita...|Вызванный из тушки паразитического существа...|從寄生生物的屍骸中召喚而來……|寄生生物の亡骸から生み出され……|기생 생물의 사체에서 소환된…|Aus dem Kadaver eines parasitären Wesens heraufbeschworen...|Invoqué à partir de la dépouille d'une entité parasite...|Conjurada a partir del cadáver de una entidad parasitaria.|Wyczarowane ze szczątków pasożytniczego bytu...
lore_w_spell_leviathans_spine|Ripped from the spinal cord of an ancient god, it holds immense power inside..||Arrancado da medula espinhal de um deus ancestral, guarda um poder imenso em seu interior... |Вырванный из спинного мозга древнего божества, он обладает огромной силой внутри.|自遠古神祇的脊髓抽剝而出，內藏無比巨力……|太古の神の脊髄から引き抜かれたそれは、内に強大な力を秘めている。 |고대 신의 척수에서 뜯어낸 것으로, 그 안에 막대한 힘을 품고 있다…|Aus dem Rückenmark eines uralten Gottes gerissen, birgt es immense Macht in sich... |Arraché à la moelle épinière d'un dieu ancien, il recèle une puissance immense... |Arrancada de la columna vertebral de un dios ancestral, alberga un poder inmenso en su interior.|Wyrwane z rdzenia kręgowego prastarego boga, kryje w sobie potężną moc...
|||||||||||
[weapon_bow]|||||||||||
normal_bow_crossbow|Crossbow|Varsijousi|Besta|Арбалет|弩|クロスボウ|크로스보우 (Crossbow)|Armbrust|Arbalète|Ballesta|Kusza
normal_bow_short_war_bow|Short War Bow|Lyhyt Sotajousi|Arco Curto de Guerra|Короткий Боевой Лук|戰爭短弓|ショートウォーボウ|짧은 전쟁 활 (Short War Bow)|Kurzer Kriegsbogen|Arc court de guerre|Arco de Guerra Corto|Krótki Łuk Wojenny
normal_bow_long_bow|Long Bow|Pitkäjousi|Arco Longo|Длинный Лук|長弓|ロングボウ|장궁 (Long Bow)|Langer Bogen|Arc long|Arco Largo|Długi Łuk
normal_bow_gothic_bow|Gothic Bow|Goottilainen keula|Arco Gótico|Готический Бант|哥德弓|ゴシック・ボウ|고딕 활 (Gothic Bow)|Gotischer Bogen|Arc gothique|Arco Gótico|Gotycki Łuk
|||||||||||
[weapon_bow_unique]|||||||||||
w_bow_buriza|Buriza-ko-nu|Buriza-ko-nu|Buriza-ko-nu|Буриза-ко-ну|暴雪砲弩|ブリザコヌ|부리자코누 (Buriza-ko-nu)|Buriza-ko-nu|Buriza-Do Kyanon|Buriza-Do Kyanon|Buriza-ko-nu
w_bow_windforce|Wind's Force|Tuulen Voima|Força do Vento|Сила ветра|風之力 |風の力 |바람의 힘 (Wind's Force)|Windstärke|Windforce|Fuerza del Viento|Siła Wiatru
w_bow_poison_ivy|Poison Ivy|Myrkkymuratti|Hera Venenosa|Ядовитый Плющ|毒藤|ポイズン・アイビー|독 담쟁이덩굴 (Poison Ivy)|Giftefeu|Poison Ivy|Hiedra Venenosa|Trujący Bluszcz
w_bow_glimmerfury|Glimmerfury|Kiiltoraivo|Fúria Cintilante|Мерцающий Огонь|微光之怒|グリマーフューリー|글리머퓨리 (Glimmerfury)|Glimmerwut|Furie scintillante|Furia Trémula|Glimmerfury
w_bow_flamebringer|Flamebringer|Tulentuoja|Portador da Chama|Огнеметатель|火焰使者|フレームブリンガー|화염전도자 (Flamebringer)|Flammenbringer|Porte-flammes|Portador de la Llama|Przynoszący Płomień
w_bow_steves_punchbow|Steve's Punchbow|Teemun nyrkkijousi|Arco-porrada de Steve|Ударный лук Стива|史蒂夫的拳擊弓|スティーブのパンチボウ|스티브의 펀치보우 (Steve's Punchbow)|Steves Schlagbogen|Arc-à-punch de Steve|Arco de Puñetazo de Steve|Punchbow Steve'a
w_bow_st_soloyolos_holy_bow|St. Soloyolo's Holy Bow|Pyhän Soloyolon jousi|Arco Sagrado de St. Soloyolo|Святой поклон Святого Солойоло|聖索洛伊洛的聖弓|聖ソロヨロの聖なる弓|성 솔로욜로의 성스러운 활 (St. Soloyolo's Holy Bow)|St. Soloyolos heiliger Bogen|Arc sacré de St. Soloyolo|Arco Sagrado de San SoloYolo|Święty Łuk św. Soloyolo
w_bow_marksmans_hunting_bow|Marksman's Hunting Bow|Jousimiehen metsästysjousi|Arco de Caça do Atirador|Охотничий лук Стрелка|射手的狩獵弓|マークスマンのハンティングボウ|명사수의 사냥활 (Marksman's Hunting Bow)|Jagdbogen des Marksman|Arc de chasse du tireur d'élite|Arco de Caza del Tirador|Myśliwski Łuk Strzelca
w_bow_shadowfury|Shadowfury|Varjoraivo|Fúria das Sombras|Ярость Теней|暗影狂怒|シャドウフューリー|섀도우퓨리 (Shadowfury)|Schattenwut|Furie de l'ombre|Furia Sombría|Cienista Furia
w_bow_electro|Electro|Elektro|Electro|Электро|電子|エレクトロ|일렉트로 (Electro)|Electro|Électro|Electro|Electro
w_bow_hellspawn_eradicator|Hellspawn Eradicator|Paholaisten Hävittäjä|Erradicadora Nascida do Inferno|Истребитель Исчадий Ада|地獄爪牙消滅者|ヘルスポーン・エラディケーター|지옥군의 근절자 (Hellspawn Eradicator)|Höllenbrut-Eradikator|Éradicateur d'engeances|Erradicador del Infierno|Zabójca Piekielnego Pomiotu
w_bow_deathquill|Deathquill|Kuolemansulka|Pena de Morte|Смертоносное Перо|死亡之筆|死の羽根ペン|데스퀼 (Deathquill)|Todesfeder|Plume de la mort|Pluma de Muerte|Deathquill
w_bow_recurving_corrosion|Recurving Corrosion|Toistuva korroosio |Corrosão Recorrente|Рекурсивная Коррозия|腐蝕反曲弓|再発する腐食|재발성 부식 (Recurving Corrosion)|Wiederkehrende Korrosion|Corrosion récurrente|Corrosión Recurva|Powracająca Korozja
w_bow_st_amithiels_truth|St. Amitiel's Truth|Pyhän Amitielin totuus|Verdade de St. Amitiel|Истина Святого Амитиэля|聖阿米蒂爾的真理|聖アミティエルの真実|성 아미티엘의 진실 (St. Amitiel's Truth)|Die Wahrheit des Heiligen Amitiel|La vérité de saint Amitiel|La Verdad de San Amitiel|Prawda św. Amitiela
w_bow_astral_projector|Astral Projector|Astral-projektori|Projetor Astral|Астральный проектор|星體投影儀|アストラルプロジェクター|아스트랄 프로젝터 (Astral Projector)|Astralprojektor|Projecteur astral|Proyector Astral|Projektor Astralny
w_bow_arachno_phobia|Arachno Phobia|Araknofobia|Aracnofobia|Арахнофобия|蜘蛛恐懼症|クモ恐怖症|아라크노 포비아 (Arachno Phobia)|Arachnophobie|Arachnophobie|Aracnofobia|Arachno Fobia
w_bow_monsoon|Monsoon|Monson|Monção|Монсон|季風|モンソン|계절풍 (Monsoon)|Monson|Mousson|Monzón|Monsun
w_bow_arrow_of_niflheim|Arrow of Niflheim|Niflheimin nuoli|Flecha de Niflheim|Стрела Нифльхейма|尼弗海姆之箭|ニフルヘイムの矢|니플헤임의 화살 (Arrow of Niflheim)|Pfeil von Niflheim|Flèche de Niflheim|Flecha de Niflheim|Strzała Niflheimu
w_bow_eternity|Eternity|Ikuisuus |Eternidade |Вечность |永恆 |永遠 |영원 (Eternity)|Ewigkeit|Éternité |Eternidad|Wieczność
w_bow_arrow_of_zamjo|Arrow of Zamjo||Flecha de Zamjo |Стрела Замджо |扎姆喬之箭 |ザムジョの矢|잠조의 화살 (Arrow of Zamjo)|Pfeil von Zamjo|Flèche de Zamjo |Flecha de Zamjo|Strzała Zamjo
w_bow_phantom_strike|Phantom Strike||Golpe Fantasma |Призрачный удар |幻影打擊|ファントム・ストライク |팬텀 스트라이크|Phantomschlag |Frappe fantôme |Golpe Fantasma|Widmowe uderzenie
|||||||||||
lore_w_bow_recurving_corrosion|When the toxic poison eats you from the inside, scorching your veins, there is only one way out.|When the toxic poison eats you from the inside, scorching your veins, there is only one way out.|Quando a nuvem tóxica o devora por dentro, queimando suas veias, só existe uma saída.|Когда ядовитый яд разъедает вас изнутри, обжигая вены, есть только один выход.|當劇毒從內部吞噬你，灼燒你的血管時，只有一條出路  |内側から焼き尽くすように静かに進行する毒。その猛毒に侵されたとき、唯一の道はただ一つ——|맹독이 너를 안에서부터 파먹고, 너의 혈관을 불태우기 시작할 때… 단 하나의 출구만이 존재한다.|Wenn das giftige Gift dich von innen auffrisst und deine Adern versengt, gibt es nur einen Ausweg.|Lorsque le poison toxique vous ronge de l'intérieur, brûlant vos veines, il n'y a qu'un seul moyen de s'en sortir.|Cuando el veneno tóxico te carcome por dentro, quemando tus venas, solo hay una salida.|Gdy toksyczna trucizna zżera cię od środka, paląc żyły, istnieje tylko jedno wyjście.
lore_w_bow_st_soloyolos_holy_bow|Facing the horrors of the dark entity alone, Saint SoloYolo paved the way for all creation alone with his trusted bow blessed by the light.|Facing the horrors of the dark entity alone, Saint SoloYolo paved the way for all creation alone with his trusted bow blessed by the light.|Enfrentando sozinho os horrores das entidade sombria, St. SoloYolo abriu sozinho o caminho para toda a criação com seu arco de confiança abençoado pela luz.|Столкнувшись лицом к лицу с ужасами темной сущности в одиночку, святой Солойоло проложил путь для всего творения в одиночку со своим надежным луком, благословленным светом.|獨自面對黑暗實體的恐怖, 聖索洛約洛用他受到光明祝福的弓, 獨自為所有造物鋪平了道路|闇の存在という恐怖に一人で立ち向かい、聖者ソロヨロは信頼する光に祝福された弓を手に、全ての創造の道を切り開いた。|어둠의 존재가 내뿜는 공포에 홀로 맞선 세인트 솔로욜로는, 신성한 빛으로 축복받은 자신의 충직한 활과 함께 모든 창조물에게 길을 열었다.|Im Alleingang stellte sich der Heilige SoloYolo den Schrecken der dunklen Macht und ebnete mit seinem treuen, vom Licht gesegneten Bogen den Weg für die gesamte Schöpfung.|Affrontant, seul, les horreurs de l'entité ténébreuse, St. SoloYolo a ouvert, seul, la voie à toute la création avec son arc de confiance, béni par la lumière.|Enfrentándose a los horrores de la entidad oscura en solitario, San SoloYolo abrió el camino para toda la creación solo con su fiel arco bendecido por la luz.|Stawiając czoła horrorom mrocznej istoty samotnie, św. SoloYolo utorował drogę całemu stworzeniu swoim zaufanym łukiem pobłogosławionym przez światło.
lore_w_bow_deathquill|Almost as black as the soul of the necromancer who crafted this weapon, so is the death for the victims of this bow.|Almost as black as the soul of the necromancer who crafted this weapon, so is the death for the victims of this bow.|Tão sombria quanto a alma do necromante que criou essa arma, assim é a morte das vítimas deste arco.|Почти такой же черной, как душа некроманта, создавшего это оружие, является и смерть жертв этого лука.|幾乎與製作這把武器的死靈法師的靈魂一樣黑暗, 這把弓的受害者的死亡也是如此|この武器を創り出したネクロマンサーの魂と同じほどに漆黒。その矢を受けた者にとっては、それが死そのものである。|이 무기를 제작한 강령술사의 영혼만큼이나 검은, 이 활로 쓰러지는 자들의 죽음 또한 그러하다.|Fast so schwarz wie die Seele des Nekromanten, der diese Waffe schmiedete, so finster ist der Tod derer, die diesem Bogen zum Opfer fallen.|Presque aussi noire que l'âme du nécromancien qui a fabriqué cette arme, la mort des victimes de cet arc l'est aussi.|Casi tan negra como el alma del nigromante que forjó esta arma, así es la muerte para las víctimas de este arco.|Prawie tak czarny jak dusza nekromanty, który wykonał tę broń, taka jest śmierć dla ofiar tego łuku.
lore_w_bow_shadowfury|With each arrow loosed, the bow releases a shadow-infused projectile that pierces the fabric of reality itself, leaving a temporary rift in its wake.|With each arrow loosed, the bow releases a shadow-infused projectile that pierces the fabric of reality itself, leaving a temporary rift in its wake.|A cada flecha lançada, o arco libera um projétil infundido de sombra que perfura a essência da própria realidade, deixando uma fenda temporária em seu rastro.|С каждой выпущенной стрелой лук выпускает наполненный тенью снаряд, который пронзает саму ткань реальности, оставляя после себя временную трещину.|每放出一支箭, 弓就會釋放出一道充滿陰影的彈, 刺穿現實本身的結構, 在其尾跡中留下暫時的裂痕 |矢を放つたびに、この弓は現実の織物すら貫通する影を帯びた投射体を放ち、背後には一時的な亀裂が残される。|화살 한 발 한 발마다, 이 활은 그림자가 깃든 투사체를 쏘아 현실의 장막을 꿰뚫으며 일시적인 균열을 남긴다.|Mit jedem abgeschossenen Pfeil entfesselt der Bogen ein schattendurchdrungenes Geschoss, das die Realität selbst durchdringt und einen vorübergehenden Riss hinterlässt.|À chaque flèche décochée, l'arc libère un projectile imprégné d'ombre qui transperce le tissu de la réalité elle-même, laissant une faille temporaire dans son sillage.|Con cada flecha disparada, el arco libera un proyectil imbuido de sombras que desgarra el tejido de la propia realidad, dejando una grieta temporal a su paso.|Z każdym wystrzelonym grotem łuk uwalnia pocisk nasączony cieniem, który przebija samą tkaninę rzeczywistości, pozostawiając za sobą tymczasową szczelinę.
lore_w_bow_st_amithiels_truth|Truth is the ultimate killer..|Truth is the ultimate killer..|A verdade é a assassina suprema...|Истина — главный убийца…|真相是最終的殺手……|真実こそが究極の殺戮者..|진실은 궁극의 살인자다..|Die Wahrheit ist der ultimative Killer.|La vérité est l'arme ultime…|La verdad es el asesino definitivo...|Prawda jest ostatecznym zabójcą..
lore_w_bow_astral_projector|Birthed by immense pressure within the quantum realm..|Birthed by immense pressure within the quantum realm..|Nascida da imensa pressão dentro do reino quântico...|Рожденная огромным давлением в квантовом мире…|誕生於量子領域的巨大壓力……|量子領域における莫大な圧力の中で生まれた存在。|양자 영역 안의 극한의 압력 속에서 태어났다..|Geboren aus immensem Druck im Quantenreich.|Née d'une pression immense au sein du royaume quantique…|Nacido de una inmensa presión dentro del reino cuántico...|Zrodzony pod ogromnym ciśnieniem w królestwie kwantowym..
lore_w_bow_arrow_of_niflheim|A glyphfrosted bow crafted by the ancient vikings in Niflheim..|A glyphfrosted bow crafted by the ancient vikings in Niflheim..|Um arco cravejado de glifos, forjado pelos antigos vikings em Niflheim...|Лук, покрытый глифами, созданный древними викингами в Нифльхейме…|由尼弗海姆的古代維京人製作的雕紋弓……|ニヴルヘイムの古代ヴァイキングたちが作り上げた、グリフの霜で覆われた弓。|니플헤임의 고대 바이킹이 만든 문양으로 덮인 냉기의 활..|Ein mit Glyphen verzierter Bogen, geschmiedet von den alten Wikingern in Niflheim.|Un arc givré de glyphes, forgé par les anciens Vikings de Niflheim…|Un arco escarchado con glifos, creado por los antiguos vikingos en Niflheim.|Łuk pokryty glifem mrozu, wykuty przez pradawnych wikingów w Niflheimie..
lore_w_bow_eternity|Existing for an eternity.. Nobody knows who built this ancient killing machine..|Existing for an eternity.. Nobody knows who built this ancient killing machine..|Existindo por uma eternidade... Ninguém sabe quem construiu esta antiga máquina de matar...|Существующий вечно… Никто не знает, кто создал эту древнюю машину для убийства…|永恆存在……無人知曉是誰建造了這個古老的殺人機器……|永遠の時を越えて存在するその武器を、誰が造ったのかを知る者はいない——この古の殺戮機械を。|영겁의 세월을 살아온 고대의 살상 병기.. 누가 만들었는지는 아무도 모른다..|Existiert für die Ewigkeit. Niemand weiß, wer diese uralte Tötungsmaschine erschaffen hat.|Existant depuis l'éternité… Nul ne sait qui a construit cette machine à tuer ancestrale…|Existe desde la eternidad... Nadie sabe quién construyó esta antigua máquina de matar...|Istniejący przez wieczność.. Nikt nie wie, kto zbudował tę pradawną maszynę do zabijania..
lore_w_bow_arrow_of_zamjo|The essence of thunder imbued into this ancient bow..|The essence of thunder imbued into this ancient bow..|A essência do trovão imbuída neste arco ancestral... |В этот древний лук вложена сущность грома… |這把古老的弓蘊含著雷神的精華…… |雷のエッセンスが宿されたこの古代の弓..|천둥의 에센스가 깃든 이 고대의 활..|Die Essenz des Donners ist in diesen uralten Bogen eingehaucht.|L'essence du tonnerre imprègne cet arc antique… |La esencia del trueno imbuida en este antiguo arco...|Esencja gromu nasączona w ten pradawny łuk..
lore_w_bow_phantom_strike|Within.. The power of an ancient Armada..||Dentro... O poder de uma antiga Armada... |В пределах.. Силы древней армады..|其內蘊藏著遠古無敵艦隊的力量……|その内に秘められたるは……古のアルマダの力…… |그 안에… 고대 함대의 힘이…|Im Inneren ... die Macht einer uralten Armada ... |En son sein... la puissance d'une antique Armada... |En su interior... el poder de una antigua Armada.|Wewnątrz... Moc starożytnej armady...
|||||||||||
[weapon_claw]|||||||||||
normal_claw_wrist_blades|Wrist Blades|Ranteen terät|Lâminas de Pulso|Лезвия для запястий|腕刃|リストブレイド|손목 칼날 (Wrist Blades)|Handgelenkklingen|Épée de poignet|Cuchillas de Muñeca|Ostrza Nadgarstkowe
normal_claw_blade_talons|Blade Talons|Teräkynnet|Garras de Lâminas|Острые Когти|刃爪|刃の鉤爪|칼날 발톱 (Blade Talons)|Klingenkrallen|Grande serre|Garras de Cuchilla|Szpony Kling
normal_claw_feral_claws|Feral Claws|Luonnonvaraiset kynnet|Garras Selvagens|Дикие Когти|蠻獸爪|フェラル・クロー|야생 발톱 (Feral Claws)|Wilde Krallen|Griffe sauvage|Garras Salvajes|Dzikie Pazury
|||||||||||
[weapon_claw_unique]|||||||||||
w_claw_storm_fury|Storm Fury|Rajumyrsky|Fúria da Tempestade|Ярость бури|風暴之怒|嵐の憤激|폭풍 분노 (Storm Fury)|Sturmwut|Furie des tempêtes|Furia de la Tormenta|Furia Burzy
w_claw_molten_paw|Molten Paw|Sulatassu|Pata Derretida|Расплавленная Лапа|熔岩爪|溶岩の掌|용암 발톱 (Molten Paw)|Geschmolzene Pranke|Patte en fusion|Zarpa de Magma|Stopiona Łapa
w_claw_hemorrhage|Hemorrhage|Verenvuoto|Hemorragia|Кровоизлияние|出血爪|流血|출혈 (Hemorrhage)|Blutung|Hémorragie|Hemorragia|Krwawienie
w_claw_yoshis_throat_cutters|Yoshi's Throat-Cutters|Yoshin Kurkunleikkaaja|Cortadora de Gargantas de Yoshi|Перерезающие горло Йоши|耀西的割喉刀 |ヨシの喉切り |요시의 목 베기칼 (Yoshi's Throat-Cutters)|Yoshis Kehlenschneider|Coupes-gorges de Yoshi|Cortagargantas de Yoshi|Podrzynacze Gardła Yoshiego
w_claw_elemental_claws|Elemental Claws|Elementaalikynnet|Garras Elementares|Когти Стихий|元素之爪|エレメンタルクロー|원소 발톱 (Elemental Claws)|Elementäre Klauen|Griffes élémentaires|Garras Elementales|Żywiołowe Pazury
w_claw_talons_of_wisdom|Talons of Wisdom|Viisauden Kynnet|Garras da Sabedoria|Когти Мудрости|智慧之爪|知恵のタロン|지혜의 발톱 (Talons of Wisdom)|Krallen der Weisheit|Serres de sagesse|Garras de la Sabiduría|Szpony Mądrości
w_claw_earth_shapers_talons|Earth Shaper's Talons|Maanmuokkaajan Kynnet|Garras do Modelador de Terras|Когти Формирователя Земли|造地者利爪|アースシェイパーのタロン|대지 조각가의 발톱 (Earth Shaper's Talons)|Krallen des Erdformers|Serres de l'Élémen'terre|Garras del Moldeador de Tierra|Szpony Kształtującego Ziemię
w_claw_spirit_walkers_guides|Spirit Walker's Guide|Sielukävelijän Opas|Guia do Andarilho Espiritual|Проводник Странствующего Духа|靈魂行者的指引|スピリットウォーカーのガイド|정신의 안내자 (Spirit Walker's Guide)|Leitfaden für Geisterwanderer|Guide du marcheur spirituel|Guía del Caminante Espiritual|Przewodnik Spacerowicza Duchów
w_claw_glacier_talon|Glacier Talons|Jäätikön Kynnet|Saltos Glaciar |Каблуки Glacier |冰川之爪 |グレイシャーヒールズ |빙하 발톱 (Glacier Talons)|Gletscherabsätze|Serres de glacier |Garras de Glaciar|Lodowe Szpony
|||||||||||
lore_w_claw_storm_fury|High in the ethereal peaks amidst clouds, this lightning-infused claw took form, wrought by the hands of angels and ancient shamans. Whispers speak of a potent force, a lightning totem's essence bound within, fueling legends of untamed power.|Korkealla eteerisissä huipuissa pilvien keskellä tämä salaman täytön kynsi muotoutui enkelien ja muinaisten shamaanien käsien tekemänä. Kuiskaus puhuu voimakkaasta voimasta, salaman toteemin olemuksesta, joka on sidottu sisään ja ruokkii legendoja kesyttämättömästä voimasta. |No alto dos picos etéreos em meio às nuvens, esta garra infundida de raios tomou forma, forjada pelas mão de anjos e xamãs antigos. Os sussurros falam de uma força potente, a essência de um totem elétrico ligada a ele, alimentando lendas de poder indomável.|Высоко на неземных вершинах, среди облаков, этот пронизанный молниями коготь обрел форму, созданную руками ангелов и древних шаманов. Ходят слухи о могущественной силе, заключенной внутри сущности тотема молнии, что подпитывает легенды о неукротимой мощи.|在雲端空靈的山峰上, 這只充滿閃電的爪子由天使和古代薩滿的雙手鍛造而成. 低語訴說著強大的力量, 一種被束縛在內部的閃電圖騰的本質, 助長了未馴服力量的傳說|雲間の幽玄な峰々の高みに、この雷を宿した爪は、天使と古代のシャーマンの手によって形を成した。強大な力の噂が囁かれ、雷のトーテムのエッセンスが宿り、制御不能な力の伝説を支えている。 |천상의 구름 사이 에테리얼 봉우리 높은 곳에서, 이 번개가 깃든 클로는 천사와 고대 샤먼의 손에 의해 형성되었다. 속삭임은 강력한 힘에 대해 이야기하며, 그 안에 봉인된 번개 토템의 정수가 다뤄지지 않은 전설적인 힘을 불러일으킨다고 전해진다.|Hoch oben in den ätherischen Gipfeln inmitten der Wolken entstand diese blitzdurchdrungene Klaue, geschaffen von Engeln und uralten Schamanen. Gerüchte sprechen von einer mächtigen Kraft, der Essenz eines Blitztotems, die Legenden ungezähmter Macht befeuert.|Perchée sur les sommets éthérés, au milieu des nuages, cette griffe imprégnée de foudre prit forme, façonnée par les mains des anges et des anciens chamans. Des murmures évoquent une force puissante, l'essence d'un totem de foudre, qui alimente les légendes d'une puissance indomptée. |En lo alto de los picos etéreos, entre las nubes, esta garra infundida de rayos tomó forma, forjada por las manos de ángeles y antiguos chamanes. Los susurros hablan de una fuerza potente, la esencia de un tótem de rayos ligada en su interior, alimentando leyendas de un poder indomable.|Wysoko w eterycznych szczytach pośród chmur, ta nasączona błyskawicami pazur przybrała formę, wykuta rękami aniołów i pradawnych szamanów. Szepty mówią o potężnej sile – esencji totemu błyskawic związanej wewnątrz, napędzającej legendy o nieokiełznanej mocy.
|||||||||||
[weapon_polearm]|||||||||||
normal_polearm_spear|Spear|Keihäs|Lança|Копье|矛|槍|창 (Spear)|Speer|Lance|Lanza|Włócznia
normal_polearm_tribal_spear|Tribal Spear|Heimokeihäs|Lança Tribal|Племенное Копье|部落長矛|部族の槍|부족 창 (Tribal Spear)|Stammesspeer|Lance tribale|Lanza Tribal|Plemienna Włócznia
normal_polearm_royal_lance|Royal Lance|Royal Lance|Lança Real|Королевское Копье|皇家長矛|王家の槍|왕실 창 (Royal Lance)|Königslanze|Lance royale|Lanza Real|Królewska Lanca
normal_polearm_war_trident|War Trident|Sotakolmio|Tridente de Guerra|Боевой Трезубец|戰爭三叉戟|戦の三叉槍|전쟁 삼지창 (War Trident)|Kriegsdreizack|Trident de guerre|Tridente de Guerra|Wojenny Trójząb
normal_polearm_battle_lance|Battle Lance|Battle Lance|Lança de Batalha|Боевое Копье|戰矛|戦闘の槍|전투 창 (Battle Lance)|Kampflanze|Lance de combat|Lanza de Batalla|Bitewna Lanca
normal_polearm_hyperion_spear|Hyperion Spear|Hyperion Spear|Lança Hyperion|Копье Гипериона|亥伯龍矛|ハイペリオンの槍|하이페리온 창 (Hyperion Spear)|Hyperion-Speer|Lance d'Hypérion|Lanza de Hiperión|Włócznia Hyperiona
normal_polearm_yari|Yari|Yari|Yari|Yari|三尖槍|槍|야리 (Yari)|Yari|Yari|Yari|Yari
normal_polearm_fuscina|Fuscina|Fuscina|Fuscina|Fuscina|矛叉|フスキナ|푸시나 (Fuscina)|Fuscina|Fuscina|Fuscina|Fuscina
normal_polearm_war_spear|War Spear|Sotakeihäs |Lança de Guerra|Боевое Копье|巨戰長矛 |戦の槍 |전쟁 창 (War Spear)|Kriegsspeer|Lance de guerre|Lanza de Guerra|Wojenna Włócznia
|||||||||||
[weapon_spear_unique]|||||||||||
w_polearm_crusader_halberd|Crusader Halberd|Ristiretkeilijän Pertuska|Alabarda do Cruzado|Алебарда крестоносца|十字軍戟|クルセーダー・ハルバード|십자군 할버드 (Crusader Halberd)|Hellebarde des Kreuzritters|Hallebarde de croisé|Alabarda de Cruzado|Halabarda Krucjaty
w_polearm_poseidons_might|Poseidon's Might|Poseidonin mahti|Poder de Poseidon|Могущество Посейдона|波塞冬之力|ポセイドンの威厳|포세이돈의 힘 (Poseidon's Might)|Poseidons Macht|Puissance de Poséidon|Poder de Poseidón|Potęga Posejdona
w_polearm_odins_battle_spear|Odin's Battle Spear|Odinin Taistelukeihäs|Lança de Batalha de Odin|Боевое копье Одина|奧丁戰矛|オーディンのバトルスピア|오딘의 전투 창 (Odin's Battle Spear)|Odins Kampfspeer|Lance de combat d'Odin|Lanza de Batalla de Odín|Bitewna Włócznia Odina
w_polearm_vanguards_lance|Vanguard's Lance|Kuninkaan Peitsi|Lança da Vanguarda|Копье Авангарда|國王長矛|王のランス|선봉대의 창 (Vanguard's Lance)|Königslanze|Lance de l'avant-garde|Lanza de la Vanguardia|Lanca Awangardy
w_polearm_war_gods_lance|War God's Lance|Sotajumalan Peitsi|Lança do Deus da Guerra|Копье Бога войны|戰神長槍|戦神のランス|전쟁신의 창 (War God's Lance)|Lanze des Kriegsgottes|Lance du dieu de la guerre|Lanza del Dios de la Guerra|Lanca Boga Wojny
w_polearm_jousting_lance|Jousting Lance|Turnauspeitsi|Lança de Justa|Рыцарское Копье|競技長矛|馬上槍|마상창 (Jousting Lance)|Turnierlanze|Lance de joute|Lanza de Justa|Lanca Turniejowa
w_polearm_golden_gods_gladius|Golden God's Gladius|Kultajumalan Gladius|Gládio do Deus Dourado|Золотой Божий Гладиус|金神短剑|金の神のグラディウス|황금 신의 글라디우스 (Golden God's Gladius)|Gladius des Goldenen Gottes|Glaive du dieu d'or|Gladius del Dios Dorado|Gladius Złotego Boga
w_polearm_st_draxis_pigstick|St. Draxis' Pigstick|Pyhän Draxisen Sikakeppi|Aguilhão de St. Draxis|Свиная палочка Святого Драксиса|聖德拉克西斯的殺豬刺槍|聖ドラクシスのピッグスティック|성 드락시스의 돼지창 (St. Draxis' Pigstick)|St. Draxis‘ Schweinespieß|Pigstick de St. Draxis|Chuzo de San Draxis|Świńska Lanca św. Draxis
w_polearm_lancers_glory|Lancer's Glory|Kilpiseivästäjän Kunnia|Glória do Lanceiro|Слава Лансера|槍騎兵的榮耀|ランサーズグローリー|창병의 영광 (Lancer's Glory)|Ehre des Lanzenreiters|Gloire du lancier|Gloria del Lancero|Chwała Lancera
w_polearm_champions_flag_lance|Champion's Flag Lance|Sotamestarin Lippupeitsi|Lança da Bandeira do Campeão|Копье с флагом чемпиона|冠軍旗幟長矛|チャンピオンの旗ランス|챔피언의 깃발 창 (Champion's Flag Lance)|Flaggenlanze des Champions|Porte-drapeau du champion|Lanza de Estandarte del Campeón|Lanca Flagi Championa
w_polearm_dark_knights_lance|Dark Knight's Lance|Pimeän ritarin keihäs|Lança do Cavaleiro das Trevas|Копье Темного Рыцаря|黑暗騎士長槍|ダークナイト・ランス|다크 나이트의 창 (Dark Knight's Lance)|Die Lanze des dunklen Ritters|Lance du chevalier noir|Lanza del Caballero Oscuro|Lanca Mrocznego Rycerza
w_polearm_brimskull_trident|Brimskull Trident|Mustakallon Keihäs|Tridente Brimskull|Трезубец Бримскулл|顱骨邊緣三叉戟|ブリムスカルトライデント|브림스컬 삼지창 (Brimskull Trident)|Brimskull-Dreizack|Trident de Brimskull|Tridente de Craneo de Azufre|Trójząb Brimskulla
w_polearm_thorn_of_noxus|Thorn of Noxus|Noxuksen piikki |Espinho de Noxus |Шип Ноксуса |諾克薩斯之棘 |ノクサスの棘 |녹서스의 가시 (Thorn of Noxus)|Dorn von Noxus|Épine de Noxus |Espina de Noxus|Cierń Noxus
|||||||||||
lore_w_polearm_dark_knights_lance|Tales tell a story of a knight with pitch-black armor, a noble nomad who roams Tarethiel, helping people in trouble. Her lance is crafted from the finest materials and plated with gold.|Tarinat kertovat tarinan ritarista, jolla on pilkomusta haarniska, jalo nomadista, joka vaeltelee Tarethielissä auttaen vaikeuksissa olevia ihmisiä. Hänen lanssinsa on valmistettu hienoimmista materiaaleista ja päällystetty kullalla.|Os contos contam a história de um cavaleiro com uma armadura negra, um nobre nômade que percorre Tarethiel, ajudando as pessoas em apuros. Sua lança é forjada com os melhores materiais e banhada em ouro.|Сказки повествуют о рыцаре в черных как смоль доспехах, благородном кочевнике, который странствует по Таретиэлю, помогая людям в беде. Ее копье изготовлено из лучших материалов и покрыто золотом.|故事講述了一位身著漆黑盔甲的騎士的故事, 這位高貴的遊牧民族在塔雷希爾漫遊, 幫助陷入困境的人們. 她的長矛採用最優質的材料製成, 上面鍍有黃金|物語には、漆黒の鎧をまとった高貴な遊牧民の騎士の物語が語られています。彼女はタレシエルを放浪し、困っている人々を助けるのです。彼女の槍は最高級の素材で作られ、金メッキが施されています。|이야기 속에는 칠흑 같은 갑옷을 입은 기사, 고귀한 유목민이 타레시엘을 돌아다니며 곤경에 처한 사람들을 돕는 이야기가 담겨 있습니다. 그녀의 창은 최고급 재료로 제작되었으며 금으로 도금되어 있습니다.|Geschichten erzählen von einem Ritter in pechschwarzer Rüstung, einer edlen Nomadin, die durch Tarethiel zieht und Menschen in Not hilft. Ihre Lanze ist aus feinsten Materialien gefertigt und mit Gold überzogen.|Les contes narrent l'histoire d'un chevalier en armure noire, un noble nomade qui parcourt Tarethiel, aidant les gens en difficulté. Sa lance est fabriquée à partir des matériaux les plus fins et plaquée d'or.|Los cuentos narran la historia de una caballera con armadura negra, una noble nómada que vaga por Tarethiel ayudando a la gente en apuros. Su lanza está hecha con los mejores materiales y chapada en oro.|Opowieści opowiadają historię rycerza w smoliście czarnym pancerzu, szlachetnego nomada, który wędruje po Tarethiel, pomagając ludziom w tarapatach. Jego lanca jest wykonana z najlepszych materiałów i pokryta złotem.
lore_w_polearm_st_draxis_pigstick|This polearm is unlike any other weapon in the world. Its name, seemingly whimsical, held a deeper meaning, symbolizing the avoidance of bloodshed even in the face of danger.|Tämä napa-ase on erilainen kuin mikään muu ase maailmassa. Sen nimellä, joka vaikutti hassulta, oli syvempi merkitys, joka symboloi verenvuodatuksen välttämistä jopa vaaran edessä.|Esta arma de haste é diferente de qualquer outra arma no mundo. Seu nome, aparentemente caprichoso, carrega um significado mais profundo, simbolizando o fato de evitar derramamento de sangue mesmo diante do perigo.|Это древко не похоже ни на одно другое оружие в мире. Его название, кажущееся причудливым, имело более глубокий смысл, символизируя предотвращение кровопролития даже перед лицом опасности.|這把長柄武器不同於世界上任何其他武器。 它的名字看似異想天開，卻有著更深的含義， 象徵著即使在危險面前也要避免流血|この長槍は、この世のどんな武器とも異なります。一見気まぐれに見えるその名前には、深い意味が込められており、危険に直面しても流血を避けることを象徴しています。|이 창은 세상 어느 무기와도 다르다. 그 이름은 겉보기에는 변덕스러워 보이지만, 그 깊은 의미는 위험에 처해도 피를 흘리지 않음을 상징한다.|Diese Stangenwaffe ist mit keiner anderen Waffe der Welt vergleichbar. Ihr scheinbar skurriler Name birgt eine tiefere Bedeutung und symbolisiert die Vermeidung von Blutvergießen selbst angesichts der Gefahr.|Cette arme de poing ne ressemble à aucune autre arme au monde. Son nom, apparemment fantaisiste, a une signification plus profonde, symbolisant le non recours à l'effusion de sang, même en cas de danger.|Esta arma de asta no se parece a ninguna otra en el mundo. Su nombre, aparentemente caprichoso, tiene un significado más profundo, simbolizando el evitar el derramamiento de sangre incluso frente al peligro.|Ta broń drzewcowa nie przypomina żadnej innej na świecie. Jej nazwa, pozornie kapryśna, miała głębsze znaczenie, symbolizujące unikanie rozlewu krwi nawet w obliczu niebezpieczeństwa.
lore_w_polearm_brimskull_trident|Conjured into existence from the beyond, a place darker than your worst nightmare..|Lumottu olemassaoloon tuolta, paikka, joka on tummempi kuin pahin painajainen.|Conjurado do além para a existência, um lugar mais sombrio do que seu pior pesadelo...|Вызванный из потустороннего мира, места, более мрачного, чем ваш худший кошмар. |從一個比你最可怕的惡夢還更黑暗的遙遠彼方召喚而來​​而来……|あなたの最悪の悪夢よりも暗い、彼方の世界から召喚された…|그것은 저 너머에서 불려져 나온 창, 당신의 최악의 악몽보다 더 어두운 곳에서 왔다.|Heraufbeschworen aus dem Jenseits, einem Ort, der finsterer ist als deine schlimmsten Albträume.|Invoquée depuis l'au-delà, un lieu plus sombre que votre pire cauchemar…|Conjurado desde el más allá, un lugar más oscuro que tu peor pesadilla...|Przywołana do istnienia z zaświatów, miejsca ciemniejszego niż twój najgorszy koszmar..
lore_w_polearm_thorn_of_noxus|Wielded by a god of war.. A weapon able to penetrate any armor, living or dead..|Sodan jumalan käyttämä ase, joka pystyy läpäisemään minkä tahansa panssarin, elävän tai kuolleen. |Empunhada por um deus da guerra... Uma arma capaz de penetrar qualquer armadura, viva ou morta. |Им владеет бог войны. Оружие, способное пробить любую броню, живую или мертвую. |戰神所持有的武器……能夠穿透任何盔甲，無論是活的還是死的…… |軍神が振るう…生者であろうと死者であろうと、どんな鎧も貫くことができる武器… |전쟁의 신이 휘두른다. 이 무기는 살아있는 자든 죽은 자든 어떤 갑옷도 뚫을 수 있다.|Geführt von einem Kriegsgott. Eine Waffe, die jede Rüstung durchdringen kann, ob lebendig oder tot.|Maniée par un dieu de la guerre… Une arme capable de pénétrer n'importe quelle armure, vivante ou morte… |Empuñada por un dios de la guerra... Un arma capaz de penetrar cualquier armadura, viva o muerta.|Dzierżona przez boga wojny.. Broń zdolna przebić każdą zbroję, żywą lub martwą..
|||||||||||
[weapon_gun]|||||||||||
normal_gun_hand_cannon|Hand Cannon|Käsikanuuna|Canhão de Mão|Ручная Пушка|手槍|ハンドキャノン|핸드 캐논 (Hand Cannon)|Handkanone|Pistolet|Cañón de Mano|Ręczna Armata
normal_gun_hunting_rifle|Hunting Rifle|Metsästyskivääri|Espingarda de caça|Охотничье ружье|狩獵步槍|ハンティングライフル|사냥용 소총 (Hunting Rifle)|Jagdgewehr|Fusil de chasse|Rifle de Caza|Myśliwska Strzelba
normal_gun_gatling_gun|Gatling Gun|Sarjatuliase|Metralhadora|Пистолет Гатлинга|加特林機槍|ガトリングガン|개틀링 건 (Gatling Gun)|Gatling-Gewehr|Fusil Gatling|Ametralladora Gatling|Karabin Gatlinga
normal_gun_battle_blaster|Battle Blaster|Taistelu Blaster|Rifle de Batalha|Боевой Бластер|戰鬥爆破器|バトルブラスター|전투 블래스터 (Battle Blaster)|Kampf Blaster|Blaster de combat|Bláster de Batalla|Bitewny Blaster
|||||||||||
[weapon_gun_unique]|||||||||||
w_gun_rtx_xqc_4910|RT XQC-4910|RT XQC-4910|RT XQC-4910|RT XQC-4910|RT XQC-4910|RT XQC-4910|RT XQC-4910|RT XQC-4910|RT XQC-4910|RT XQC-4910|RT XQC-4910
w_gun_vampire_hunter|Vampire Hunter|Vampyyrin metsästäjä|Caçadora de Vampiros|Охотник на Вампиров|吸血鬼獵人|ヴァンパイア・ハンター|뱀파이어 헌터 (Vampire Hunter)|Vampirjäger|Chasseur de vampires|Cazador de Vampiros|Łowca Wampirów
w_gun_flamecannon|Flamecannon|Liekkikanuuna|Canhão de Chamas|Огнеметная Пушка|火焰炮|フレームキャノン|플레임캐논 (Flamecannon)|Flammenkanone|Canon flamboyant|Cañón de Llamas|Płomienna Armata
w_gun_warbringer|Warbringer|Sodantuoja|Portadora da Guerra|Несущий Войну|戰爭使者|ウォーブリンガー|워브링어 (Warbringer)|Kriegsbringer|Porte-guerre|Portador de la Guerra|Przynoszący Wojnę
w_gun_jack|Jack|Jaakko|Jack|Джек|傑克|ジャック|잭 (Jack)|Jack|Jack|Jack|Jack
w_gun_fred|Fred|Petteri|Fred|Фред|弗雷德 |フレッド |프레드 (Fred)|Fred|Fred|Fred|Fred
w_gun_steves_bang|Steve's Bang|Teemun pyssy|Estrondo de Steve|Взрыв Стива|史蒂夫的砰|スティーブの爆発|스티브의 뱅 (Steve's Bang)|Steves Bang|Pisto'BANG de Steve|"El ""Bang"" de Steve"|Bang Steve'a
w_gun_chills_of_war|Chills of War|Sodan väreet|Calafrios da Guerra|Холод войны|戰爭寒意|戦慄|전쟁의 오한 (Chills of War)|Schauer des Krieges|Frissons de la guerre|Escalofríos de la Guerra|Chłody Wojny
w_gun_st_brooks_elementium_pistol|Commander's Sentry Blaster|Pyhän Brooksin sula pistooli|Pistola Elemental de St Brook|Элементный пистолет Сент - Брукса|指揮官哨兵爆炸槍|聖ブルックスの溶けたピストル|지휘관의 감시 블래스터 (Commander's Sentry Blaster)|St. Brooks geschmolzene Pistole|Pistolet élémentaire de St. Brooks|Bláster de Centinela del Comandante|Blaster Wartownika Dowódcy
w_gun_marines_buddy|Marine's Buddy|Merimiehen kaveri|Amigo da Marinha|Приятель морского пехотинца|陸戰隊的夥伴|マリーンズバディ|해병대의 동료 (Marine's Buddy)|Marinekumpel|Pote du marine|El Colega del Marine|Przyjaciel Marine'a
w_gun_demon|Demon|Demoni|Demônio|Демон|惡魔|悪魔|데몬 (Demon)|Dämon|Démon|Demonio|Demon
w_gun_angel|Angel|Enkeli|Anjo|Ангел|天使 |天使 |엔젤 (Angel)|Engel|Ange|Ángel|Anioł
w_gun_crystal_infused_pistol|Crystal Infused Pistol|Kristallipistooli|Pistola Infundida de Cristal|Пистолет , Наполненный Кристаллами|水晶手槍|クリスタル注入ピストル|수정 융합 권총 (Crystal Infused Pistol)|Kristallgefüllte Pistole|Pistolet infusé de cristal|Pistola con Cristal Infusionado|Kryształowy Pistolet
w_gun_f4_tactical_rifle|F4-Tactical Rifle|F4-Taktinen Kivääri|Rifle Tático F-4|F4-Тактическая винтовка|F4-戰術步槍|F4-タクティカル・ライフル|F4-전술 소총 (F4-Tactical Rifle)|F4-Taktisches Gewehr|Fusil tactique F4|Rifle Táctico F4|Taktyczny Karabin F4
w_gun_dreadnought|Dreadnought|Pelon Pesä|Encouraçado|Дредноут|無畏艦|ドレッドノート|드레드노트 (Dreadnought)|Schlachtschiff|Cuirassé|Acorazado|Dreadnought
w_gun_ak47|AK-47|AK-47|AK-47|AK-47|AK-47|AK-47|AK-47|AK-47|AK-47|AK-47|AK-47
w_gun_glock22|Glock 22|Glock 22|Glock 22|Глок 22 |克拉克22手槍|グロック22 |글록 22 (Glock 22)|Glock 22|Glock 22|Glock 22|Glock 22
w_gun_draculas_demise|Dracula's Demise|Dracula's Demise|A Morte de Drácula|Гибель Дракулы|德古拉之死|ドラキュラの破滅|드라큘라의 최후 (Dracula's Demise)|Draculas Untergang|La fin de Dracula|La muerte de Drácula|Zguba Draculi
w_gun_masters_magnum|Master's Magnum|Master's Magnum|Magnum do Mestre |Мастер Магнум |大師之作 |マスターズ・マグナム |마스터스 매그넘 (Master's Magnum)|Meister-Magnum|Le Magnum du Maître |El Magnum del Maestro |Magnum Mistrza
w_gun_ethereal_musket|Ethereal Musket||Mosquete Etéreo |Эфирный мушкет|虛空火槍|幽玄のマスケット |에테르 머스킷|Ätherische Muskete |Mousquet éthéré |Mosquete Etéreo|Eteryczny muszkiet
|||||||||||
lore_w_gun_dreadnought|Submerged and lost in battle within the sea of karponia this colossal cannon holds the firepower of ten fleets of ships.||Submerso e perdido na batalha do Mar de Karponia, este canhão colossal tem o poder de fogo de dez navios.|Затопленная и потерянная в битве в Карпонийском море, эта колоссальная пушка вмещает огневую мощь десяти кораблей.|這門巨型大砲沉沒在卡波尼亞之海的戰役中，它擁有十支艦隊的火力  |カルポニア海での戦いで沈没し、行方不明となったこの巨大な大砲は、10隻の艦隊に匹敵する火力を誇る。|카르포니아의 바다에서 전투 중 침몰하여 잃어버린 이 거대한 대포는 10척의 함대가 지닌 화력에 해당한다.|Versunken und verloren im Kampf im Karponischen Meer, verfügt diese kolossale Kanone über die Feuerkraft von zehn Schiffsflotten.|Submergé et perdu au combat dans la mer de Karponia, ce canon colossal détient la puissance de feu de dix flottes de navires.|Sumergido y perdido en batalla en el mar de Karponia, este colosal cañón posee la potencia de fuego de diez flotas de barcos.|Zatopiona i zagubiona w bitwie w morzu karponii, ta kolosalna armata posiada siłę ognia dziesięciu flot statków.
lore_w_gun_st_brooks_elementium_pistol|Building a fortress of hell by the power of sentries asserting dominance and commanding respect..||O verdadeiro potencial da Pistola Elemental foi liberado quando empunhada por uma alma em sintonia com a harmonia da natureza. Nas mãos do próprio St. Brooks, ela se tornou uma extensão de sua vontade, pois ele podia manipular os elementos para proteger os inocentes e defender a justiça.|Истинный потенциал пистолета Elementium раскрывался, когда им владела душа, настроенная на гармонию природы. В руках самого Сент-Брукса это стало продолжением его воли, поскольку он мог манипулировать стихиями, чтобы защитить невинных и отстоять справедливость.|利用哨兵的力量建造地獄堡壘，宣稱統治地位並贏得尊重|支配権を主張し、敬意を払う歩哨の力によって、地獄の要塞を築き上げている。|센트리의 힘으로 지옥의 요새를 세우며, 지배를 확립하고 존경을 명령하는 대포.|Errichtet eine Höllenfestung durch die Macht von Wachen, die ihre Dominanz behaupten und Respekt einflößen.|Construisant une forteresse infernale grâce à la puissance de sentinelles affirmant leur domination et imposant le respect.|Construyendo una fortaleza del infierno con el poder de los centinelas, afirmando el dominio y exigiendo respeto...|Budowanie fortecy piekła mocą wartowników, narzucających dominację i budzących szacunek..
lore_w_gun_ak47|Officially known as the Avtomat Kalashnikova is a gas-operated assault rifle that is chambered for the 7.62×39mm cartridge |Virallisesti tunnettu Avtomat Kalashnikova on kaasukäyttöinen rynnäkkökivääri, joka on kammioitu 7,62 × 39 mm patruunaa varten |Oficialmente conhecido como Avtomat Kalashnikova é um rifle de assalto operado a gás com câmara para o cartucho 7,62×39mm |Официально известный как «Автомат Калашникова» — это газоотводная штурмовая винтовка под патрон 7,62×39 мм. |AK-47的正式名稱為卡拉希尼柯夫自動步槍, 是一款氣動突擊步槍, 使用 7.62×39mm 子彈|正式名称をアフトマート・カラシニコフというこの大砲は、7.62×39mm弾を使用するガス作動式アサルトライフルである。|공식적으로 칼라시니코프 자동소총으로 알려진 이 총기는 7.62×39mm 탄환을 장전하는 가스 작동식 돌격 소총이다.|Offiziell bekannt als Avtomat Kalashnikova ist es ein gasbetriebenes Sturmgewehr mit einer Patronenkammer im Kaliber 7,62 × 39 mm.|Officiellement connu sous le nom d'Avtomat Kalashnikova, ce fusil d'assaut à gaz est chambré pour la cartouche 7,62 × 39 mm.|Oficialmente conocido como el Avtomat Kalashnikova, es un rifle de asalto operado por gas que utiliza el cartucho de 7.62x39mm.|Oficjalnie znany jako Avtomat Kalashnikova – gazowy karabin szturmowy komorowany na nabój 7,62×39 mm.
lore_w_gun_glock22|The GLOCK 22 fires the potent 40 S&W cartridge and holds more rounds for its size and weight than most other full-sized handgun in its class. |GLOCK 22 ampuu tehokkaalla 40 S&W patruunalla ja mahtuu kokoonsa ja painoonsa enemmän patruunoita kuin useimmat muut täysikokoiset käsiaseet luokassaan. |A GLOCK 22 dispara o potente cartucho 40 S&W e comporta mais cartuchos para seu tamanho e peso do que a maioria das outras armas de fogo de tamanho normal de sua classe. |GLOCK 22 стреляет мощным патроном 40 S&W и вмещает больше патронов для своего размера и веса, чем большинство других полноразмерных пистолетов этого класса. |GLOCK 22 發射威力強大的 40 S&W 子彈，相對於其尺寸和重量，其裝載的子彈比同類中的大多數其他全尺寸手槍都要多 |グロック22は強力な.40 S&W弾を使用し、そのサイズと重量に対して、同クラスの他のほとんどのフルサイズ拳銃よりも多くの弾丸を装填できる。 |글록 22는 강력한 40 S&W 탄환을 발사하며, 크기와 무게에 비해 대부분의 다른 풀사이즈 권총보다 더 많은 발사를 할 수 있다.|Die GLOCK 22 feuert die leistungsstarke 40 S&W-Patrone ab und fasst im Verhältnis zu ihrer Größe und ihrem Gewicht mehr Patronen als die meisten anderen vollwertigen Handfeuerwaffen ihrer Klasse.|Le GLOCK 22 tire la puissante cartouche 40 S&W et contient plus de munitions pour sa taille et son poids que la plupart des autres armes de poing de sa catégorie. |La GLOCK 22 dispara el potente cartucho .40 S&W y tiene más capacidad para su tamaño y peso que la mayoría de las pistolas de tamaño completo de su clase.|GLOCK 22 strzela potężnym nabojem .40 S&W i mieści więcej pocisków w stosunku do swojego rozmiaru i wagi niż większość innych pełnowymiarowych pistoletów w swojej klasie.
lore_w_gun_draculas_demise|A silver bullet from this legendary weapon ended a thousand years of darkness..|A silver bullet from this legendary weapon ended a thousand years of darkness..|Uma bala de prata disparada por esta arma lendária pôs fim a mil anos de trevas...|Серебряная пуля из этого легендарного оружия положила конец тысячелетней тьме…|這把傳奇武器的銀彈結束了千年的黑暗……|この伝説の武器から放たれた銀の弾丸が、千年の闇に終止符を打った..|이 전설적인 무기에서 발사된 은탄환은 천 년의 암흑을 끝냈다|Eine Silberkugel aus dieser legendären Waffe beendete tausend Jahre der Dunkelheit.|Une balle en argent tirée de cette arme légendaire mit fin à mille ans de ténèbres…|Una bala de plata de esta legendaria arma puso fin a mil años de oscuridad.|Srebrna kula z tej legendarnej broni zakończyła tysiąc lat ciemności..
lore_w_gun_masters_magnum|When size matters.|When size matters.|Quando o tamanho importa. |Когда размер имеет значение. |尺寸很重要。 |大きさがものを言う時。 |크기가 중요한 순간. |Wenn es auf die Größe ankommt.|Quand la taille compte. |Cuando el tamaño importa. |Gdy rozmiar ma znaczenie.
lore_w_gun_ethereal_musket|Spectral fire power at its best..||Poder de fogo espectral em sua melhor forma... |Спектральная огневая мощь во всей красе..|巔峰絕頂的幽冥火力……|圧倒的な火力を誇る、まさに最高の一品。 |최고의 유령 화력...|Spektrale Feuerkraft vom Feinsten... |Une puissance de feu spectrale à son apogée... |El poder de fuego espectral en su máxima expresión.|Widmowa siła ognia w najlepszym wydaniu...
|||||||||||
[weapon_chainsaw]|||||||||||
normal_chainsaw_battle_slicer|Battle Slicer|Taistelusilpoja|Motosserra de Batalha|Боевой Слайсер|戰鬥鋸|バトルスライサー|전투 절단기 (Battle Slicer)|Kampfsäge|Trancheur de combat|Rebanadora de Batalla|Bitewny Krajalnik
normal_chainsaw_war_saw|War Saw|Sotasaha|Motosserra de Guerra|Война Видела|戰爭鋸刃|ウォーソー|전쟁 톱 (War Saw)|Kriegssäge|Scie de guerre|Sierra de Guerra|Wojenna Piła
normal_chainsaw_trunk_cutter|Trunk Cutter|Rungon leikkuri|Cortadora de Tronco|Резец для стволов|伐株鋸|トランクカッター|트렁크 커터 (Trunk Cutter)|Stammsäge|Coupeur de troncs|Cortadora de Troncos|Krajalnik Pni
normal_chainsaw_hand_saw|Hand Saw|Käsisaha |Serra de Mão|Ручная Пила|手鋸 |ハンドソー |한손 톱 (Hand Saw)|Handsäge|Scie à main|Sierra de Mano|Piła Ręczna
|||||||||||
[weapon_chainsaw_unique]|||||||||||
w_chainsaw_sawgun|Sawgun|Sahapyssy|Arma-serra|Обрез|鋸槍|ソーガン|톱총 (Sawgun)|Sägegewehr|Pisto'scie|Pistolsierra|Piła Strzelba
w_chainsaw_doublesaw_4000|Doublesaw 4000|Tuplasaha 4000|Serra Dupla 4000|Двойная пила 4000|雙鋸4000|ダブルソー 4000|더블톱 4000 (Doublesaw 4000)|Doppelsäge 4000|Scie double 4000|Motosierra Doble 4000|Doublesaw 4000
w_chainsaw_doomsaw|Doomsaw|Tuhosaha|Serra da Desgraça|Пила Судьбы|末日鋸|ドゥームソー|파멸톱 (Doomsaw)|Verdammnissäge|Scie fatale|Motosierra de la Perdición|Piła Zagłady
w_chainsaw_vorpal_sharktooth|Vorpal Sharktooth|Vorpaali Hainhammas|Dente de Tubarão Vorpal|Ворпал Акулий Клык|斬首鯊齒|首切りシャークトゥース|보팔 샤크투스 (Vorpal Sharktooth)|Tödlicher Haifischzahn|Mâchoire vorpale|Diente de Tiburón Vorpalino|Vorpalowy Rekini Ząb
w_chainsaw_the_annihilator|The Annihilator|Tuhoaja|O Aniquilador|Уничтожитель|毀滅者|アナイアレイター|더 애니힐레이터 (The Annihilator)|Der Vernichter|Annihilateur|El Aniquilador|Annihilator
w_chainsaw_st_meeses_longsaw|St. Draxis Longsaw|Pyhän Draxiksen Pituussaha|Grande Motosserra de St. Draxis|Длинная Пила Святого Драксиса|聖德拉西斯的長鋸|聖ドラキス・ロングソー |성 드락시스 긴톱 (St. Draxis Longsaw)|St. Draxis Langsäge|Scie longue de St. Draxis|Motosierra Larga de San Draxis|Długa Piła św. Draxis
w_chainsaw_lumberjacks_chainsaw|Lumberjack's Chainsaw|Tukkimiehen Moottorisaha|Motosserra do Lenhador|Бензопила лесоруба|伐木工電鋸|木こりのチェーンソー|나무꾼의 체인톱 (Lumberjack's Chainsaw)|Holzfällers Kettensäge|Scie à chaîne du bûcheron|Motosierra del Leñador|Piła Łańcuchowa Drwala
w_chainsaw_candy_shredder|Candy Shredder|Karkkia silppuri|Fragmentadora de Doces|Измельчитель Конфет|糖果粉碎機|キャンディシュレッダー|캔디 슈레더 (Candy Shredder)|Bonbon-Schredder|Broyeur de bonbons|Trituradora de Caramelos|Rozdrabniacz Cukierków
w_chainsaw_royal_decapitator|Royal Decapitator|Kuninkaallinen Mestaaja|Decapitadora Real|Королевский Обезглавливатель|皇家斬首者|ロイヤルディカピター|왕실 참수기 (Royal Decapitator)|Königlicher Enthauptungsapparat|Décapiteur royal|Decapitadora Real|Królewski Decapitator
w_chainsaw_diablo|Diablo|Paholainen|Diablo|Диабло |暗黑破壞神 |ディアブロ |디아블로 (Diablo)|Diablo|Diablo|Diablo|Diablo
w_chainsaw_edens_harvester|Eden's Harvester|Eden's Harvester|Ceifador do Éden |Жнец Эдема |伊甸收割者 |エデンの収穫者|에덴의 수확기 (Eden's Harvester)|Edens Erntehelfer|Le moissonneur d'Eden |Cosechadora del Edén|Żniwiarz Edenu
|||||||||||
lore_w_chainsaw_st_meeses_longsaw|It is said that when faced with danger, the chainsaw's blade would blaze with a radiant golden light, akin to the forest's life force.|Sanotaan, että vaaran kohdatessa moottorisahan terä leimahti kultaisella säteilevällä valolla, joka muistuttaa metsän elinvoimaa.|Diz-se que, quando confrontada com o perigo, a lâmina da motosserra brilhava com uma luz dourada radiante, semelhante a força vital da floresta.|Говорят, что при столкновении с опасностью лезвие бензопилы вспыхивало сияющим золотым светом, сродни жизненной силе леса.|據說,當遇到危險時, 電鋸的刀刃會綻放出璀璨的金光, 猶如森林的生命力|危険に直面すると、チェーンソーの刃は森の生命力のように輝く金色の光を放つと言われています。|위험에 직면하면 체인쏘우의 날이 숲의 생명력처럼 빛나는 황금빛을 내뿜는다고 전해진다.|Es heißt, dass die Klinge der Kettensäge bei Gefahr in einem strahlenden goldenen Licht lodert, das der Lebenskraft des Waldes ähnelt.|On dit que face au danger, la lame de la tronçonneuse s'illumine d'une lumière dorée et rayonnante, semblable à la force vitale de la forêt.|Se dice que, al enfrentarse al peligro, la hoja de la motosierra resplandecía con una radiante luz dorada, similar a la fuerza vital del bosque.|Mówi się, że w obliczu niebezpieczeństwa klinga piły łańcuchowej rozbłyska promiennym złotym światłem, podobnym do siły życiowej lasu.
lore_w_chainsaw_candy_shredder|Said to come from the mythical Sheeponia put together by the Sheep King himself.. bää.|Sanotaan tulevan myyttisestä Sheeponiasta, jonka Lammaskuningas itse on koonnut.. bää. |Dizem que vem da mítica Sheeponia, criada pelo próprio Rei Ovelha.. bää.|Говорят, что он происходит из мифической Овечьей Империи, созданной самим Овечьим королем ... баа.|據說來自羊王親自組裝的神話般的羊草……咩|羊の王様自身が作り上げた神話のシーポニアに由来すると言われています…べっ。 |전설에 따르면, 이 체인쏘우는 양왕 자신이 만든 신화적인 쉬포니아에서 온 것이라고 한다.. bää.|Angeblich stammt es aus dem mythischen Schafswesen, das der Schafskönig persönlich erschaffen hat.|Elle proviendrait de la mythique Moutopia créée par le roi des moutons lui-même... bééééé.|Se dice que viene de la mítica Ovejonia, ensamblada por el propio Rey Oveja... beee.|Mówi się, że pochodzi z mitycznej Sheeponii, złożona przez samego Króla Owiec.. bää.
lore_w_chainsaw_edens_harvester|The unholy saw used to cut down the tree of life within the garden of eden..|The unholy saw used to cut down the tree of life within the garden of eden..|A serra profana usada para cortar a árvore da vida no jardim do Éden... |Эта зловещая пила использовалась для срубания древа жизни в Эдемском саду... |邪惡之鋸用來砍倒伊甸園中的生命樹…… |エデンの園で生命の樹を切り倒すために使われた不敬なる鋸..|에덴동산의 생명나무를 베는데데 사용한 타락한 톱|Die unheilige Säge, mit der der Baum des Lebens im Garten Eden gefällt wurde…|La scie impie servait à abattre l'arbre de vie dans le jardin d'Éden... |La sierra profana utilizada para talar el árbol de la vida en el jardín del edén.|Nieświęta piła używana do ścięcia Drzewa Życia w ogrodzie Eden..
|||||||||||
[weapon_flask]|||||||||||
normal_flask_poison_flask|Poison Flask|Myrkkyrohto|Frasco Venenoso|Склянка с Ядом|毒藥瓶|毒のバイアル|독 플라스크 (Poison Flask)|Giftphiole|Fiole à poison|Frasco de Veneno|Flaszka Trucizny
normal_flask_caustic_vial|Caustic Vial|Sotapullo|Frasco Cáustico|Флакон с Каустиком|腐蝕瓶|ウォーフラスク|부식성 병 (Caustic Vial)|Kriegskolben|Fiole caustique|Vial Cáustico|Żrąca Fiola
normal_flask_acid_flask|Acid Flask|Happopullo|Frasco Ácido|Колба с кислотой|酸性瓶|酸性フラスコ|산성 플라스크 (Acid Flask)|Säurekolben|Fiole d'acide|Frasco de Ácido|Flaszka Kwasu
normal_flask_achemists_flask|Alchemist's Flask|Sotamyrkky|Frasco do Alquimista|Колба алхимика|煉金術師燒瓶|ウォーポイズン|연금술사의 플라스크 (Alchemist's Flask)|Kriegsgift|Fiole d'alchimiste|Frasco del Alquimista|Flaszka Alchemika
|||||||||||
[weapon_flask_unique]|||||||||||
w_flask_cobra_blood_vial|Cobra Blood Vial|Kobranveripullo|Frasco de Sangue de Cobra|Флакон с кровью Кобры|眼鏡蛇血瓶|コブラの血のバイアル|코브라 혈병 (Cobra Blood Vial)|Phiole mit Kobrablut|Fiole de sang de cobra|Vial de Sangre de Cobra|Fiola Krwi Kobry
w_flask_ancient_mucus|Ancient Mucus|Muinainen Muta|Muco Antigo|Древняя Слизь|古代黏液|古代の粘液|고대 점액 (Ancient Mucus)|Uralter Schleim|Mucus ancien|Moco Ancestral|Pradawny Śluz
w_flask_demon_blood_flask|Demon Blood Flask|Pirunveripullo|Frasco de Sangue de Demônio|Фляга с Кровью Демона|惡魔血瓶|デーモンの血のフラスコ|악마 피 플라스크 (Demon Blood Flask)|Flasche mit Dämonenblut|Flacon de sang de démon|Frasco de Sangre de Demonio|Flaszka Krwi Demona
w_flask_spirit_urn|Spirit Urn|Sielu-uurna|Urna de Espírito|Урна с Духом|魂甕|精霊の骨壷|정령 항아리 (Spirit Urn)|Geisturne|Urne spirituelle|Urna de Espíritu|Urna Duchów
w_flask_doctors_potion|Doctor's Potion|Tohtorin Rohto|Poção do Médico|Докторское зелье|醫生的藥水|ドクターズポーション|의사의 물약 (Doctor's Potion)|Trank des Doktors|Potion du docteur|Poción del Doctor|Mikstura Doktora
w_flask_doomweed_vial|Doomweed Vial|Doomweed injektiopullo|Frasco de Doomweed|Флакон из Роковой Травы|末日草瓶|ドゥームウィード・バイアル|둠위드 병 (Doomweed Vial)|Doomweed-Flasche|Fiole d'herbe macérées|Vial de Hierba Maldita|Fiola Doomweed
|||||||||||
[weapon_universal]|||||||||||
w_universal_lemon|Lemon|Sitruuna|Limão|Лимон|檸檬|レモン|레몬|Zitrone|Citron|Limón|Cytryna
w_universal_fishing_rod|Fishing Rod|Onki|Vara de Pesca|Рыболовная удочка|釣竿|釣り竿|낚싯대|Angelrute|Canne à pêche|Caña de pescar|Wędka
w_universal_cheated_item|Voided Item|Voided Item|Item Inutilizado|Невостребованный товар|无效物品|虚無化アイテム|무효화 아이템|Ungültiger Gegenstand|Objet inutile|Objeto descartado|Przedmiot Unieważniony
lore_w_universal_lemon|When life gives you Lemons, take them and throw them around without care in the world!|When life gives you Lemons, take them and throw them around without care in the world!|Quando a vida te der limões, pegue-os e jogue-os por aí sem se preocupar com nada!|Когда жизнь подбрасывает тебе лимоны, возьми их и бросай куда не денешься!|生活給了你檸檬，那就拿去隨心所欲地丟吧！|人生があなたにレモンを与えたら、それを取って、気にせず投げつけましょう。 |삶이 레몬을 주면, 그것을 받아서 세상 신경 쓰지 말고 막 던져버리세요!|Wenn dir das Leben Zitronen gibt, nimm sie und wirf sie ungeniert in die Welt hinaus!|Quand la vie vous donne des citrons, prenez-les et jetez-les n'importe comment !|Cuando la vida te dé limones, ¡aprovéchalos y úsalos sin remordimientos!|Gdy życie daje ci cytryny, weź je i rzucaj nimi wokół bez troski o świat!
lore_w_universal_fishing_rod|A great bamboo stick turned into a fishing rod..|A great bamboo stick turned into a fishing rod..|Um ótimo pedaço de bambu transformado em vara de pesca... |Отличная бамбуковая палка, превращенная в рыболовную удочку... |一根很棒的竹竿，變成了一根釣竿…… |立派な竹の棒が釣り竿に姿を変えた...|훌륭한 대나무 막대를 개조한 낚싯대|Ein toller Bambusstock wurde zur Angelrute umfunktioniert.|Un beau bâton de bambou transformé en canne à pêche… |Un gran palo de bambú convertido en caña de pescar… |Wielki bambusowy kij przerobiony na wędkę..
|||||||||||
[armors]|||||||||||
armors_normal_steel_armor|Steel Armor|Teräs panssari|Armadura de Aço|Стальная Броня|鋼甲|鋼鉄の鎧|강철 갑옷 (Steel Armor)|Stahlrüstung|Armure tigulée|Armadura de Acero|Stalowa Zbroja
armors_normal_leather_coat|Leather Coat|Nahkainen takki|Manto de Couro|Кожаное Пальто|皮革甲|革のコート|가죽 코트 (Leather Coat)|Ledermantel|Armure de cuir|Abrigo de Cuero|Skórzany Płaszcz
armors_normal_studded_leather|Studded Leather|Nastoitettu nahka|Couro Cravejado|Шипованная Кожа|鑲釘皮甲|鋲付き革|징박힌 가죽 (Studded Leather)|Nietenleder|Armure de treillis|Cuero Tachonado|Ćwiekowana Skóra
armors_normal_trellised_armor|Trellised Armor|Trelloitu panssari|Armadura Treliçada|Решетчатая Броня|格網護甲|トレリスアーマー|격자 갑옷 (Trellised Armor)|Gitterrüstung|Armure tressée|Armadura Enrejada|Zbroja Kratowana
armors_breast_plate|Breast Plate|Rintalevy|Placa Peitoral|Нагрудная пластина|胸鎧|胸当て|가슴 흉갑 (Breast Plate)|Brustpanzer|Plastron|Peto|Napierśnik
armors_normal_cuirass|Cuirass|Rintahaarniska|Couraça|Кираса|護胸甲|胸当て|흉갑 (Cuirass)|Kürass|Cuirasse|Coraza|Cuirass
armors_templar_coat|Templar Coat|Temppelitakki|Manto do Templário|Плащ Тамплиера|聖堂騎士戰甲|聖騎士のコート|템플러 코트 (Templar Coat)|Templermantel|Manteau de templier|Cota de Templario|Płaszcz Templariusza
armors_wire_fleece|Wire Fleece|Lanka Fleece|Armadura de Arame|Проволочный Флис|鋼線毛皮甲|ワイヤーフリース|와이어 플리스 (Wire Fleece)|Drahtvlies|Plaque d'archonte|Vellón de Alambre|Wełniana Siatka
armors_boneweave|Boneweave|Boneweave|Armadura Óssea|Костяная ткань|骸骨網甲|ボーンウィーブ|본위브 (Boneweave)|Knochengewebe|Armure d'ossements|Tejido de Hueso|Kość Tkana
armors_chaos_armor|Chaos Armor|Chaos Armor|Armadura do Caos|Броня Хаоса|混沌戰甲|カオスアーマー|카오스 갑옷 (Chaos Armor)|Chaosrüstung|Armure du chaos|Armadura del Caos|Zbroja Chaosu
armors_dusk_shroud|Dusk Shroud|Hämärän käärinliina|Manto do Crepúsculo|Сумеречный Саван|灰暮罩衣|ダスクシュラウド|황혼의 망토 (Dusk Shroud)|Dämmerungsschleier|Linceul crépusculaire|Sudario del Ocaso|Zmierzchowa Zasłona
armors_great_hauberk|Great Hauberk|Hieno Hauberk |Cota de Malha|Отличная Кольчуга|鱗鎧胸甲 |グレートホーバーク |대형 하우버크 (Great Hauberk)|Große Kettenberge|Grand haubert|Gran Cota de Malla|Wielki Hauberk
|||||||||||
[armors_unique]|||||||||||
armors_heavens_might|Heaven's Might|Taivaan Mahti|Poder do Paraíso|Могущество небес|天堂強權|天の威厳|천상의 힘 (Heaven's Might)|Macht des Himmels|Puissance des cieux|Poder de los Cielos|Potęga Niebios
armors_leviathan|Leviathan's Carcass||Carcaça do Leviatã|Туша Левиафана|利維坦的殘骸|リヴァイアサンのカーカス|레비아탄의 시체 (Leviathan's Carcass)||Carcasse de Léviathan|Armazón del Leviatán|Trup Lewiatana
armors_tayrels_chestplate|Tayrel's Chestplate|Tayrelin Rintapelti|Peitoral de Tayrel|Нагрудник Тайрела|泰瑞爾胸甲|タイレルのチェストプレート|타이렐의 흉갑 (Tayrel's Chestplate)|Tayrels Brustplatte|Plastron de Tayrel|Peto de Tayrel|Napierśnik Tayrela
armors_uabels_chest|Uabel's Chest|Uabelin Rintapelti|Peitoral de Uabel|Сундук Уабель|烏貝爾胸甲|ユーベルのチェスト|우아벨의 흉갑 (Uabel's Chest)|Uabels Brust|Cuirasse d'Uabel|Peto de Uabel|Pierś Uabela
armors_marsh_shroud|Marsh Shroud|Suoverho|Manto do Pântano|Болотный Саван|沼澤罩衣|沼沢のシュラウド|늪지 망토 (Marsh Shroud)|Marschschleier|Linceul des marais|Sudario del Pantano|Bagienna Zasłona
armors_gladiators_demise|Gladiator's Demise|Gladiaattorin Kuolema|Morte do Gladiador|Гибель гладиатора|角鬥士的餽贈|剣闘士の終焉|검투사의 최후 (Gladiator's Demise)|Brustplatte des Gladiators|Mort du gladiateur|Ocaso del Gladiador|Zguba Gladiatora
armors_hellfire_cuirass|Hellfire Cuirass|Pätsin Rintapanssari|Couraça do Fogo do Inferno|Кираса из Адского пламени|地獄火胸甲|地獄の炎のキュイラス|지옥불 흉갑 (Hellfire Cuirass)|Höllenfeuerkürass|Cuirasse de feu infernal|Coraza de Fuego Infernal|Cuirass Piekielnego Ognia
armors_devils_cocoon|Devil's Cocoon|Paholaisen Koppa|Casulo do Demônio|Кокон дьявола|惡魔之繭|悪魔の繭|악마의 고치 (Devil's Cocoon)|Brustplatte des Teufels|Cocon du diable|Capullo del Diablo|Kokos Diabła
armors_mevius_mighty_plate|Mevius' Mighty Plate|Meviuksen Mahtava Pelti|Placa Poderosa de Mevius|Могучая Тарелка Мевиуса|梅維烏斯的強力板甲|メビウスの偉大なプレート|뫼비우스의 강력한 판금 (Mevius' Mighty Plate)|Mevius' Mächtige Platte|Armure de plates puissante de Mevius|Placa Poderosa de Mevius|Potężna Płyta Meviusa
armors_anubis_torso|Anubis Torso|Anubis Vartalo|Tronco de Anúbis|Торс Анубиса|阿努比斯之軀|アヌビスの胴|아누비스 흉부 갑옷 (Anubis Torso)|Anubis' Torso|Torse d'Anubis|Torso de Anubis|Tułów Anubisa
armors_genjis_battle_armor|Genji's Battle Armor|Genjin Taistelupanssari|Armadura de Batalha de Genji|Боевые доспехи Гэндзи|源氏戰甲|ゲンジのバトル・アーマー|겐지 전투 갑옷 (Genji's Battle Armor)|Genjis Brustplatte|Armure de combat de Genji|Armadura de Batalla de Genji|Bitewna Zbroja Genjiego
armors_satans_cuirass|Satan's Cuirass|Saatanan Rintapanssari|Couraça de Satã|Кираса сатаны|撒旦胸甲|サタンのキュイラス|사탄의 흉갑 (Satan's Cuirass)|Satans Brustplatte|Cuirasse de Satan|Coraza de Satán|Cuirass Satana
armors_sand_kings_scarab|Sand King's Scarab|Hiekkakuninkaan Skarabi|Escaravelho do Rei da Areia|Скарабей Песчаного короля|沙王聖甲蟲|サンド・キングのスカラベ|모래왕의 스카라브 (Sand King's Scarab)|Brustplatte des Königs der Sande|Porte-plaque du roi des sables|Escarabajo del Rey de la Arena|Skarabeusz Piaskowego Króla
armors_ice_howls_cuirass|Ice Howl's Cuirass|Jääulvojan Rintapanssari|Couraça do Uivo Congelado|Кираса Ледяного Воя|冰嚎胸甲|アイスハウルのキュイラス|얼음 울음 흉갑 (Ice Howl's Cuirass)|Eisgeheuls Kürass|Cuirasse de glace de Hurlevent|Coraza del Aullido de Hielo|Cuirass Wyja Howla
armors_grandwizards_robe|Grandwizard's Robe|Suurvelhon Viitta|Manto do Grão-Mago|Мантия Великого Волшебника|大巫師長袍|グランドウィザードのローブ|대마법사의 로브 (Grandwizard's Robe)|Brustplatte des Großmagiers|Robe de l'archimage|Túnica del Gran Hechicero|Szata Wielkiego Czarodzieja
armors_zeus_body_armor|Zeus' Body Armor|Zeuksen Panssari|Peitoral de Zeus|Бронежилет Зевса|宙斯盔甲|ゼウスの胴甲|제우스의 몸체 갑옷 (Zeus' Body Armor)|Zeus' Körperpanzerung|Armure de Zeus|Armadura de Zeus|Zbroja Korpusu Zeusa
armors_rednecks_shirt|Redneck's Shirt|Punaniskan Paita|Camisa do Caipira|Рубашка деревенщины|鄉下人襯衫|レッドネックのシャツ|레드넥의 셔츠 (Redneck's Shirt)|Redneck-Hemd|Chemise de redneck|Camisa de Palurdo|Koszulka Rednecka
armors_pirate_captains_shirt|Pirate Captain's Shirt|Merirosvokapteenin Paita|Camisa do Capitão Pirata|Рубашка Капитана пиратов|海盜船長襯衫|海賊船長のシャツ|해적 선장의 셔츠 (Pirate Captain's Shirt)|Hemd des Piratenkapitäns|Chemise de capitaine|Camisa de Capitán Pirata|Koszulka Kapitana Piratów
armors_death_lords_bone_armor|Death Lord's Bone Armor|Kuolemanherran Luupanssari|Armadura de Ossos do Senhor da Morte|Костяные доспехи Повелителя Смерти|死亡領主骨甲|デス・ロードの骨の鎧|죽음 군주의 뼈 갑옷 (Death Lord's Bone Armor)|Knochenrüstung des Todeslords|Armure d'os de seigneur de la mort|Armadura de Hueso del Señor de la Muerte|Kościana Zbroja Władcy Śmierci
armors_thors_chest_armor|Thor's Chest Armor|Odinin Rintapanssari|Peitoral de Thor|Нагрудный доспех Тора|索爾胸甲|オーディンのチェスト・アーマー|토르의 흉부 갑옷 (Thor's Chest Armor)|Odins Brustrüstung|Armure de Thor|Armadura de Pecho de Thor|Napierśnik Thora
armors_cuirass_of_blood|Cuirass of Blood|Veren Rintapanssari|Couraça Ensanguentada |Кровавая кираса|血胸甲|血のキュイラス|피의 흉갑 (Cuirass of Blood)|Kürass des Blutes|Cuirasse de sang|Coraza de Sangre|Cuirass Krwi
armors_magisters_robe|Magister's Robe|Velhon Viitta|Manto do Mestre|Мантия магистра|魔導師長袍|マギステル・ローブ|매지스터의 로브 (Magister's Robe)|Gewand des Magisters|Robe de magister|Túnica de Magíster|Szata Magistra
armors_nomads_battlerobe|Nomad's Battlerobe|Vaeltajan Taisteluviitta|Veste de Batalha do Nômade|Битва кочевников.|游牧民戰袍|ノマドのバトルローブ|노매드의 전투 로브 (Nomad's Battlerobe)|Schlachtenrobe des Nomaden|Robe de combat de nomade|Túnica de Batalla del Nómada|Bitewna Szata Nomada
armors_marksmans_hunting_shroud|Marksman's Hunting Shroud|Jousimiehen Metsästysverho|Manto de Caça do Atirador|Охотничий саван стрелка|神射手狩獵罩衣|マークスマンのハンティングシュラウド|명사수의 사냥 망토 (Marksman's Hunting Shroud)|Kampfschleier des Marksman|Capuche de chasse de tireur d'élite|Sudario de Caza del Tirador|Myśliwska Zasłona Strzelca
armors_upis_sweetshirt|Upi's Sweetshirt|Upin Makea Paita|Suéter de Upi|Сладкая рубашка Юпи|烏皮的甜心衫|ユピのスウィートシャツ|우피의 달콤한 셔츠 (Upi's Sweetshirt)|Sweetshirt des Upi|Sweetshirt d'Upi|Sudadera de Upi|Słodka Koszulka Upi
armors_thunder_gladiators_armor|Thunder Gladiator's Armor|Ukkosgladiaattorin Panssari|Armadura do Gladiador do Trovão|Доспехи Громового Гладиатора|雷霆角鬥士鎧甲|サンダーグラディエーターのアーマー|천둥 검투사의 갑옷 (Thunder Gladiator's Armor)|Rüstung des Donnergladiatoren|Armure de tonnerre de gladiateur|Armadura del Gladiador del Trueno|Zbroja Gladiatora Gromu
armors_nobunagas_battle_cuirass|Nobunaga's Battle Cuirass|Nobunagan Taistelurintapanssari|Couraça de Batalha de Nobunaga|Боевая кираса Нобунаги|信長戰鬥胸甲|信長のバトルクイラス|노부나가의 전투 흉갑 (Nobunaga's Battle Cuirass)|Schlachtkürass des Nobunaga|Cuirasse de bataille de Nobunaga|Coraza de Batalla de Nobunaga|Bitewny Cuirass Nobunagi
armors_dantes_jacket|Dante's Jacket||Jaqueta de Dante|Куртка Данте|但丁夾克 |ダンテのジャケット|단테의 재킷 (Dante's Jacket)||Veste de Dante|Chaqueta de Dante|Kurtka Dantego
armors_lancers_chestplate|Lancer's Chestplate|Kilpiseivästäjän Rintapelti|Peitoral do Lanceiro|Нагрудный знак Улана|槍騎兵胸甲|ランサーズチェストプレート|창병의 흉갑 (Lancer's Chestplate)|Brustplatte des Lanzenreiters|Plastron de lancier|Peto de Lancero|Napierśnik Lancera
armors_demons_ribcage|Demon's Ribcage|Demonin Rintakehä|Caixa Torácica do Demônio|Грудная клетка Демона|惡魔胸腔|悪魔の胸郭|악마의 갈비갑 (Demon's Ribcage)|Brustkorb des Dämons|Cage thoracique de démon|Caja Torácica de Demonio|Klatka Demona
armors_sacred_robe|Sacred Robe|Pyhäviitta|Veste Sagrada|Священное Одеяние|神聖長袍|聖なるローブ|성스러운 로브 (Sacred Robe)|Heilige Robe|Robe sacrée|Túnica Sagrada|Święta Szata
armors_chestplate_of_fire|Chestplate of Fire|Liekkirintapelti|Peitoral de Fogo|Огненный нагрудник|火焰胸甲|炎のチェストプレート|불의 흉갑 (Chestplate of Fire)|Brennende Brustplatte|Plastron de feu|Peto de Fuego|Napierśnik Ognia
armors_lichbane|Lichbane|Kalmanriesa|Perdição de Lich|Личбейн|巫妖之禍|リヒベネ|리치베인 (Lichbane)|Lichbane|Fléau des liches|Perdición del Liche|Lichbane
armors_st_judas_hauberk|St. Jupe's Plate of Command||Placa do Comando de St. Jupe|Командный пункт Святого Юпа|聖朱佩統帥鎧甲|聖ジュープのコマンドプレート|성 쥬프의 지휘 판금 (St. Jupe's Plate of Command)||Haubert de St. Judas|Placa de Mando de San Jupe|Płyta Dowodzenia św. Jupe
armors_travelers_leather_jacket|Traveler's Leather Jacket|Matkustajan Nahkatakki|Jaqueta de Couro do Viajante|Кожаная куртка Путешественника|旅行者皮夾克|トラベラーズレザージャケット|여행자의 가죽 재킷 (Traveler's Leather Jacket)|Lederjacke für Reisende|Veste en cuir de voyageur|Chaqueta de Cuero del Viajero|Skórzana Kurtka Podróżnika
armors_gem_kings_garb|Gem King's Garb|Jalokivi Kuninkaan Panssari|Traje do Rei das Gemas|Одеяние Короля драгоценных камней|寶石王裝束|ジェムキングの服|보석 왕의 의복 (Gem King's Garb)|Gem King's Gewand|Habit du roi des gemmes |Atuendo del Rey de las Gemas|Strój Króla Klejnotów
armors_engineers_plated_vest|Engineer's Plated Vest|Insinöörin Panssaroitu Liivi|Colete Tático do Engenheiro|Жилет инженера с покрытием|工程師鍍金背心|エンジニアのメッキベスト|기술자의 판금 조끼 (Engineer's Plated Vest)|Überzogene Weste des Ingenieurs|Gilet plaqué d'ingénieur|Chaleco de Placas del Ingeniero|Płytowa Kamizelka Inżyniera
armors_vagabonds_wraps|Vagabond's Wraps|Kiertolaisen Rievut|Trapos do Vagabundo|Обертывания Бродяги|流浪者披風|バガボンドのラップ|방랑자의 망토 (Vagabond's Wraps)|Vagabonds Wraps|Vêtements de vagabond|Vendajes del Vagabundo|Owijacze Vagabonda
armors_flame_diviners_sanctum|Flame Diviner's Sanctum|Liekinjakajan Suoja|Santuário do Adivinho Flamejante|Святилище Огненного Прорицателя|烈焰占星者的聖堂|炎占い師の聖域|불꽃 점쟁이의 성소 (Flame Diviner's Sanctum)|Flammenwahrsagers Heiligtum|Sanctuaire de pyromancien|Santuario del Adivino de la Llama|Sanktuarium Proroka Płomieni
armors_bloodletters_plate_body|Blood-letter's Plate Body|Blood-letter's Plate Body|Placa do Flebotomista|Тело Пластины кровавого письма|放血者板甲|ブラッドレターのプレートボディ|피의 편지지 판금 몸통 (Blood-letter's Plate Body)|Blood-letter's Plate Body|Armure de plates de gravesang|Placa del Sangrador|Płytowy Korpus Krwiopuszczacza
armors_venoms_ribcage|Venom's Ribcage|Venomin Rintakehä|Caixa Torácica Envenenada|Грудная клетка Венома|毒液肋骨|ヴェノムの胸郭|맹독의 갈비갑 (Venom's Ribcage)|Venoms Brustkorb|Cage thoracique de venom|Caja Torácica de Veneno|Klatka Żebra Venoma
armors_shield_bearers_plated_armor|Shield Bearer's Plated Armor|Kilvenkäyttäjän Panssari|Peitoral do Portador do Escudo|Покрытая Доспехами Щитоносца|持盾者板甲|シールドベアラーのプレートアーマー|방패병의 판금 갑옷 (Shield Bearer's Plated Armor)|Schildträger-Rüstung|Armure de plates de porteur de bouclier|Armadura de Placas del Portaescudo|Płytowa Zbroja Niosącego Tarczę
armors_juggernauts_glorious_plate|Juggernaut's Glorious Plate|Pysäyttämätön Voiman Mahtava Haarniska|Placa Gloriosa do Juggernaut|Великолепная тарелка Джаггернаута|主宰的光榮板甲|ジャガーノートの栄光のプレート|저거너트의 영광스러운 판금 (Juggernaut's Glorious Plate)|Juggernauts herrlicher Teller|Harnois glorieux de juggernaut|Placa Gloriosa del Juggernaut|Chwalebna Płyta Juggernauta
armors_justiciars_thunder_armor|Justiciar's Thunder Armor|Oikeuttajan Ukkospanssari|Armadura de Trovão do Justiceiro|Громовые доспехи Юстициария|審判者雷霆鎧甲|司法長官のサンダーアーマー|정의의 천둥 갑옷 (Justiciar's Thunder Armor)|Justiciars Donnerrüstung|Armure de tonnerre de justicier|Armadura de Trueno del Justiciero|Zbroja Gromu Justiciara
armors_lost_masters_platemail|Lost Master's Platemail|Kadonneen Mestarin Peltipanssari|Armadura de Placas do Mestre Perdido|Электронная почта потерянного Хозяина|失落大師板甲|ロストマスターのプレートメール|잃어버린 마스터의 판금 (Lost Master's Platemail)|Platemail des verlorenen Meisters|Armure du maître d'armes|Cota de Placas del Maestro Perdido|Płytowa Zbroja Zagubionego Mistrza
armors_earth_shapers_body|Earth Shaper's body|Maanmuokkaajan Keho|Corpo do Modelador de Terras|Тело Формирователя Земли|造地者之軀|アースシェイパーの体|대지 조각가의 몸통 갑옷 (Earth Shaper's body)|Körper des Erdformers|Corps de l'élémen'terre|Cuerpo del Moldeador de Tierra|Ciało Kształtującego Ziemię
armors_plunderers_jacket|Plunderer's Jacket|Ryövärin Jakku|Jaqueta do Saqueador|Куртка грабителя|掠奪者夾克|プランダラのジャケット|약탈자의 재킷 (Plunderer's Jacket)|Plündererjacke|Veste de pilleur|Chaqueta del Saqueador|Kurtka Rabusia
armors_valkyries_battle_rainment|Valkyrie's Battle Raiment|Valkyrie's Battle Raiment|Vestimenta de Batalha da Valquíria|Боевое облачение Валькирии|瓦爾基里戰鬥服裝|ヴァルキリーのバトルレイメント|발키리 전투 의복 (Valkyrie's Battle Raiment)|Valkyrie's Battle Raiment|Vêtements de combat de valkyrie|Atuendo de Batalla de la Valquiria|Bitewna Szata Walkirii
armors_hazmat_suit|Hazmat Suit|Hazmat puku|Traje Hazmat|Защитный Костюм|危險品防護服|ハズマットスーツ|방호복 (Hazmat Suit)|Gefahrgutanzug|Combinaison hazmat|Traje Antirriesgo|Kombinezon Hazmat
armors_molten_steel_cataphract|Molten Steel Cataphract|Sulan teräksen katafrakti|Catafractário de Aço Derretido|Катафракт из расплавленной Стали|融鐵全覆裝甲|モルテン・スチール・カタフラクト|용암 강철 카타프락트 (Molten Steel Cataphract)|Geschmolzener Stahl Kataphrakt|Cataphractaire d'acier en fusion|Catafracta de Acero Fundido|Stopiony Stalowy Kataphrakt
armors_tropical_storm|Tropical Storm|Trooppinen myrsky|Tempestade Tropical|Тропический шторм|熱帶風暴|トロピカルストーム|열대 폭풍 (Tropical Storm)|Tropensturm|Tempête tropicale|Tormenta Tropical|Tropikalny Sztorm
armors_magic_imbued_frozen_plate|Magic-Imbued Frozen Plate|Taikuudella varustettu jäädytetty platemail|Placa Congelada Imbuída de Magia|Замороженная Тарелка, Пропитанная Магией|魔法冰凍甲|魔法をかけられたフローズンプラテメール|마법 주입된 얼어붙은 판금 (Magic-Imbued Frozen Plate)|Gefrorene Platemail mit Magie-Imprägnierung|Armure de plate gelée imprégnée|Placa Helada Imbuida en Magia|Magicznie Nasączona Zamarznięta Płyta
armors_zephys_gown|Zephy's Gown|Zephyn puku|Vestido de Zephy|Платье Зефи|澤菲的禮服|ゼフィのガウン|제피의 가운 (Zephy's Gown)|Zephys Kleid|Robe de Zephy|Vestido de Céfiro|Szata Zephy
armors_mystique_allure|Mystique Allure |Mystiikka Allure|Fascínio Místico|Таинственное Очарование |神秘魅力|ミスティーク・アリュール|신비로운 매력 (Mystique Allure)|Mystik Allure|Attrait mystique|Encanto Místico|Mistyczne Wabienie
armors_cocoon_of_berserker|Cocoon of the Berserker|Berserkerin kotelo|Casulo do Berserker|Кокон Берсеркера|狂戰士之繭|バーサーカーの繭|광전사의 고치 (Cocoon of the Berserker)|Kokon des Berserkers|Cocon de berserker|Capullo del Berserker|Kokos Berserkera
armors_giant_thorned_lizard_skin|Giant Thorned Lizard Skin|Giant Thorned Lizard Skin|Pele Gigante de Lagarto Espinhoso|Шкура Гигантской Шипастой Ящерицы|巨刺蜥蜴皮|巨大なトゲトカゲの皮|거대한 가시 도마뱀 가죽 (Giant Thorned Lizard Skin)|Haut der Rieseneidechse mit Dornen|Peau de lézard épineux géant|Piel de Lagarto Espinoso Gigante|Skóra Olbrzymiego Kolczastego Jaszczura
armors_noxious_hunters_reward|Noxious Hunter's Reward|Noxious Hunter's Reward|Recompensa do Caçador Nocivo|Награда Вредного охотника|劇毒獵人的戰利品|ノクシャスハンターのリワード|녹시스 헌터의 보상 (Noxious Hunter's Reward)|Noxious Hunter's Reward|Récompense d'éradicateur|Recompensa del Cazador Nocivo|Nagroda Toksycznego Łowcy
armors_empires_military_plate|Empire's Military Plate|Imperiumin sotilaskilpi|Placa Militar do Império|Военная форма империи|帝國軍用板甲|帝国のミリタリープレート|제국 군용 판금 (Empire's Military Plate)|Militärische Platte des Reiches|Plaque militaire de l'Empire|Placa Militar del Imperio|Wojskowa Płyta Imperium
armors_leather_muscle_breastplate|Leather Muscle Breastplate|Nahkainen lihasrintalautanen|Peitoral Muscular de Couro|Кожаный Мышечный Нагрудник|皮革肌肉胸甲|レザーマッスルブレストプレート|가죽 근육 흉갑 (Leather Muscle Breastplate)|Leder-Muskel-Brustplatte|Plastron musculaire en cuir|Peto Muscular de Cuero|Skórzany Napierśnik Mięśni
armors_tundra_hunters_long_coat|Tundra Hunter's Long Coat|Tundrametsästäjän pitkä takki|Casaco Longo do Caçador da Tundra|Длинное пальто Тундрового охотника|苔原獵人長外套|ツンドラハンターのロングコート|툰드라 헌터의 긴 코트 (Tundra Hunter's Long Coat)|Langer Mantel des Tundra-Jägers|Manteau long de chasseur de la toundra|Abrigo Largo del Cazador de la Tundra|Długi Płaszcz Łowcy Tundry
armors_arcana_robes_of_authority|Arcane Robes of Authority|Arkaninen auktoriteetin kaapu|Túnicas de Autoridade Arcana|Тайные Одеяния Власти|奧術權威長袍|権威あるアルカンのローブ|권위의 아케인 로브 (Arcane Robes of Authority)|Arkane Gewänder der Autorität|Robe d'autorité arcanique|Túnicas Arcanas de Autoridad|Arkaniczne Szaty Władzy
armors_thunder_guardians_plate|Thunder Guardian's Plate|Thunder Guardianin lautanen|Placa do Guardião do Trovão|Тарелка Громового Стража|雷霆守護者裝甲|サンダーガーディアンのプレート|천둥 수호자의 판금 (Thunder Guardian's Plate)|Teller des Donnerwächters|Plaque de gardien du tonnerre|Placa del Guardián del Trueno|Płyta Strażnika Gromu
armors_tactical_flak_jacket|Tactical Flak Jacket|Taktinen Flak-takki|Colete Tático à Prova de Balas|Тактический Бронежилет|戰術防彈夾克|タクティカルフラックジャケット|전술 플라크 재킷 (Tactical Flak Jacket)|Taktische Flak-Jacke|Veste tactique Flak|Chaleco Antifragmetos Táctico|Taktyczna Kamizelka Flak
armors_unearthed_esoteric_panoply|Unearthed Esoteric Panoply|Paljastunut esoteerinen kokonaisuus|Panóplia Esotérica Desenterrada|Раскопанное Эзотерическое Снаряжение|出土深奧鎧甲|発掘された秘伝の防具|발굴된 비전의 갑주 (Unearthed Esoteric Panoply)|Unearthed Esoteric Panoply|Panoplie ésotérique inédite|Panoplia Esotérica Desenterrada|Odkopana Ezoteryczna Zbroja
armors_sheep_kings_hide|Sheep King's Hide|Lammaskuninkaan piilopaikka|Couro do Rei Ovelha|Шкура Короля овец|羊王之皮|羊王の皮|양왕의 가죽 (Sheep King's Hide)|Sheep King's Hide|Peau du roi des moutons|Piel del Rey Oveja|Skóra Króla Owiec
armors_clan_leaders_pride|Clan Leader's Pride|Klaanijohtajan ylpeys|Orgulho do Líder do Clã|Гордость Лидера Клана|部落首領的驕傲|一族長の誇り|클랜 리더의 자부심 (Clan Leader's Pride)|Clan Leader's Pride|Fierté du chef de clan|Orgullo del Líder del Clan|Duma Przywódcy Klanu
armors_elementalists_silk_shroud|Elementalist's Silk Shroud|Elementalistin silkkiliina|Manto de Lã Encantado do Elementalista|Шелковый Саван Элементалиста|元素使的絲質罩衣|エレメンタリストの絹の覆い|정령술사의 비단 망토 (Elementalist's Silk Shroud)|Elementalist's Enchanted Shroud|Linceul en soie de l'élémentaliste|Sudario de Seda del Elementalista|Jedwabna Zasłona Elementalistki
armors_bandit_lords_shroud|Bandit Lord's Shroud|Bandit Lordin käärinliina|Manto do Senhor dos Bandidos|Саван Повелителя Бандитов|強盜領主罩衣|盗賊王の覆い|산적 두목의 망토 (Bandit Lord's Shroud)|Bandit Lord's Shroud|Capuche de seigneur bandit|Sudario del Señor de los Bandidos|Zasłona Lorda Bandyty
armors_black_knights_carapace|Black Knight's Carapace|Black Knight's Carapace|Carapaça do Cavaleiro Negro|Панцирь Черного Рыцаря|黑騎士甲殼|黒騎士の甲羅|검은 기사 갑피 (Black Knight's Carapace)|Black Knight's Carapace|Carapace de chevalier noir|Caparazón del Caballero Negro|Karapaks Czarnego Rycerza
armors_behemoths_damascus_body|Behemoth's Damascus Body|Behemothin Damaskoksen ruumis|Corpo de Damasco do Behemoth|Дамасское тело Бегемота|巨獸大馬士革之軀|ベヒーモスのダマスカスの胴体|베히모스의 다마스커스 신체 (Behemoth's Damascus Body)|Behemoth's Damascus Body|Corps damassé de Behemoth|Cuerpo de Damasco del Behemot|Damasceńskie Ciało Behemota
armors_sand_manipulators_kalasiris|Sand Manipulator's Kalasiris|Hiekkamanipulaattorin Kalasiris|Kalasiris do Manipulador das Areias|Каласирис манипулятора с песком|操縱沙子的卡拉西里斯|砂を操るカラシリス|모래 조작자의 칼라시리스 (Sand Manipulator's Kalasiris)|Sand Manipulator's Kalasiris|Kalasiris de manipulateur de sable|Kalasiris del Manipulador de Arena|Kalasiris Manipulatora Piasku
armors_ymirs_frozen_vestment|Ymir's Frozen Vestment|Ymir's Frozen Vestment|Vestimenta Congelada de Ymir|Замороженное Облачение Имира|尤彌爾的冰凍外衣|ユミルの凍った祭服|이미르의 얼어붙은 의복 (Ymir's Frozen Vestment)|Ymir's Frozen Vestment|Vêtement glacé d'Ymir|Vestimenta Helada de Ymir|Zamarznięta Szata Ymira
armors_einars_plated_armor|Einar's Plated Armor|Einarin päällystetty panssari|Peitoral de Einar|Покрытые пластинами Доспехи Эйнара|艾納爾的板甲|アイナーのプレートアーマー|에이나르의 판금 갑옷 (Einar's Plated Armor)|Einar's Plated Armor|Armure plaquée d'Einar|Armadura de Placas de Einar|Płytowa Zbroja Einara
armors_gabriels_leather_trench_coat|Gabriel's Leather Trench Coat|Gabrielin nahkainen trenssitakki|Sobretudo de Couro de Gabriel|Кожаный плащ Габриэля|加百列的皮革風衣|ガブリエルのレザートレンチコート|가브리엘의 가죽 트렌치 코트 (Gabriel's Leather Trench Coat)|Gabriel's Leather Trench Coat|Trench-coat en cuir de Gabriel|Gabardina de Cuero de Gabriel|Skórzany Trencz Gabriela
armors_grimbones_ribcage|Grimbone's Ribcage|Grimbonen rintakehä|Caixa Torácica de Grimbone|Грудная клетка Гримбона|恐懼骸骨胸甲|グリムボーンの胸郭|그림본의 흉갑 (Grimbone's Ribcage)|Grimbone's Ribcage|Cage thoracique de Grimbone|Caja Torácica de Huesosiniestro|Klatka Żebra Grimbone'a
armors_odins_battlearmor|Odin's Battlearmor|Odinin taisteluase|Armadura de Batalha de Odin|Боевая броня Одина|奧丁戰甲|オーディンのバトルアーマー|오딘의 전투 갑옷 (Odin's Battlearmor)|Odin's Battlearmor|Armure de guerre d'Odin|Armadura de Batalla de Odín|Bitewna Zbroja Odina
armors_ironclad_protector|Ironclad Protector|Rautaverhoinen suoja|Protetor de Ferro|Закованный в Броню Защитник|鐵甲衛士|鉄壁の守護者|철갑 보호대 (Ironclad Protector)|Eisenbewehrter Beschützer|Protecteur de Peau de fer|Protector Acorazado|Żelazny Obrońca
armors_magiward_battlegear|Magiward Battlegear|Magiward Battlegear|Equipamento de Batalha Mágica|Боевой Меч Магиварда|魔力守衛戰甲|魔法の守護者|마기워드 전투복 (Magiward Battlegear)|Magiward-Schlachtrüstung|Équipement de Garde-mage|Equipo de Batalla del Guardián Mágico|Bitewny Sprzęt Magiward
armors_wardbreaker_armor|Wardbreaker Armor|Wardbreaker Armor|Armadura do Protetor|Броня Разрушителя Оберегов|破壁者護甲|防壁破壊者の鎧|워드브레이커 갑옷 (Wardbreaker Armor)|Schutzbrecher-Rüstung|Armure de Brise-garde|Armadura Rompe-resguardos|Zbroja Łamiąca Wardy
armors_aegisweave_robes|Aegisweave Robes|Aegisweave-kylpytakit|Túnicas do Tecelã da Égide|Одеяния из Aegisweave|聖盾長袍|イージスウィーブのローブ|이지스위브 로브 (Aegisweave Robes)|Ägisgewebte Roben|Robe de Tisségide|Túnicas de Tejido de Égida|Szaty Aegisweave
armors_solar_prophets_robe|Solar Prophet's Robes|Aurinkoprofeetan kylpytakit|Roupões do Profeta Solar|Одеяния Солнечного Пророка|太陽先知的長袍|太陽預言者のローブ|태양 예언자의 로브 (Solar Prophet's Robes)|Roben des Sonnenpropheten|Robe du Prophète Solaire|Túnicas del Profeta Solar|Szaty Proroka Słońca
armors_stoneplate_of_corruption|Stoneplate of Corruption|Korruption kivilevy|Placa de Pedra da Corrupção|Каменная пластина порчи|腐化石甲|腐敗の石板|부패의 석판 (Stoneplate of Corruption)|Steinplatte der Verderbnis|Plaque de Pierre de Corruption|Placa de Piedra de la Corrupción|Kamienna Płyta Zepsucia
armors_butchers_aprin|Butcher's Apron|Teurastajan esiliina|Avental do Açougueiro|Фартук мясника|屠夫圍裙|肉屋のエプロン|도살자의 앞치마 (Butcher's Apron)|Schlächterschürze|Tablier de Boucher|Delantal del Carnicero|Fartuch Rzeźnika
armors_gabriels_broken_wings|Gabriel's Broken Wings|Gabrielin murtuneet siivet|Asas Quebradas de Gabriel|Сломанные крылья Габриэля|加百列折翼|ガブリエルの折れた翼|가브리엘의 부서진 날개 (Gabriel's Broken Wings)|Gabriels gebrochene Flügel|Ailes Brisées de Gabriel|Alas Rotas de Gabriel|Złamane Skrzydła Gabriela
armors_thunder_callers_robe|Thunder Caller's Robe|Ukkosensoittajan viitta|Manto do Invocador de Trovões|Одеяние призывателя грома|雷霆召喚者長袍|雷喚者のローブ|천둥 부르는 자의 로브 (Thunder Caller's Robe)|Robe des Donnerrufers|Robe de l'Invocateur du Tonnerre|Túnica del Invocador de Truenos|Szata Przywoływacza Gromu
armors_muspelheim_guardians_scorched_plate|Muspelheim Guardian's Scorched Plate|Muspelheim Guardianin poltettu lautanen|Placa Chamuscada do Guardião de Muspelheim|Опаленная пластина стража Муспельхейма|穆斯貝爾海姆守護者的燒焦板甲|ムスペルヘイムの守護者の焦げたプレート|무스펠헤임 수호자의 불탄 판금 (Muspelheim Guardian's Scorched Plate)|Versengte Platte des Muspelheim-Wächters|Plaque Brûlée du Gardien de Muspelheim|Placa Abrasadora del Guardián de Muspelheim|Spalona Płyta Strażnika Muspelheimu
armors_venomsteel_carapace|Venomsteel Carapace|Venomsteel Carapace|Carapaça de Aço Venenoso|Парат из ядовитой стали|毒鋼甲殼|毒鋼の甲羅|맹독강철 갑피 (Venomsteel Carapace)|Giftstahlpanzer|Carapace en Acier Venimeux|Caparazón de Acero de Veneno|Karapaks Venomstali
armors_isarius_ironthorn_breastplate|Isarius Ironthorn Breastplate|Isarius Ironthorn rintalevy|Peitoral Aço-espinhoso de Isarius|Нагрудник Изариуса железного шипа|伊薩留斯鐵棘胸甲|イサリウスの鉄棘の胸当て|이사리우스 아이언쏜 가슴흉갑 (Isarius Ironthorn Breastplate)|Isarius-Eisendorn-Brustplatte|Plastron d'Épine-de-Fer d'Isarius|Peto de Espina de Hierro de Isarius|Napierśnik Żelaznego Ciernia Isariusa
armors_executioneers_cocoon|Executioner's Cocoon|Pyövelin Cocoon|Casulo do Carrasco|Кокон палача|劊子手的繭|処刑人のコクーン|집행인의 고치 (Executioner's Cocoon)|Kokon des Henkers|Cocon du Bourreau|Capullo del Verdugo|Kokos Egzekutora
armors_mantle_exiled_pagan|Exiled Pagan's Mantle|Karkotettu Pagan's Mantle|Manto do Pagão Exilado|Мантия изгнанного язычника|流放異教徒斗篷|追放された異教徒のマント|추방된 이교도의 망토 (Exiled Pagan's Mantle)|Mantel des verbannten Heiden|Manteau du Païen Exilé|Manto del Pagano Exiliado|Płaszcz Wygnanego Poganina
armors_runemasters_mantle|Runemaster's Mantle|Runemester's Mantle|Manto do Mestre das Runas|Мантия мастера рун|符文大師襯肩|ルーンマスターのマント|룬마스터의 망토 (Runemaster's Mantle)|Mantel des Runenmeisters|Manteau du Maître des Runes|Manto del Maestro de Runas|Płaszcz Runemastera
armors_glacial_gladiators_armor|Glacial Gladiator's Armor|Jäägladiaattorin panssari|Armadura do Gladiador Glacial|Доспехи ледникового гладиатора|冰霜角鬥士之鎧|氷河の剣闘士の鎧|빙하 검투사의 갑옷 (Glacial Gladiator's Armor)|Rüstung des Gletschergladiators|Armure du Gladiateur Glacial|Armadura del Gladiador Glacial|Zbroja Gladiatora Lodowego
armors_magma_gladiators_armor|Magma Gladiator's Armor|Magma Gladiaattorin panssari|Armadura do Gladiador Magma|Доспехи гладиатора магмы|熔岩角鬥士之鎧|マグマの剣闘士の鎧|마그마 검투사의 갑옷 (Magma Gladiator's Armor)|Rüstung des Magmagladiators|Armure du Gladiateur Magma|Armadura del Gladiador de Magma|Zbroja Gladiatora Magmowego
armors_scourge_gladiators_armor|Scourge Gladiator's Armor|Scourge Gladiator's Armor|Armadura do Gladiador Flagelo|Доспехи гладиатора Бич|災禍角鬥士之鎧|スカージの剣闘士の鎧|스커지 검투사의 갑옷 (Scourge Gladiator's Armor)|Rüstung des Geißelgladiators|Armure du Gladiateur du Fléau|Armadura del Gladiador del Azote|Zbroja Gladiatora Plagi
armors_arcane_gladiators_armor|Arcane Gladiator's Armor|Arkaaninen Gladiaattorin panssari|Armadura do Gladiador Arcano|Доспехи гладиатора чародея|奧術角鬥士之鎧|アーケイン剣闘士の鎧|아케인 검투사의 갑옷 (Arcane Gladiator's Armor)|Rüstung des Arkangladiators|Armure du Gladiateur Arcanique|Armadura del Gladiador Arcano|Zbroja Gladiatora Arkaniczna
armors_grand_archwizards_mantle|Grand Arch Wizard's Mantle|Grand Arch Wizard's Mantle|Manto do Mago do Grande Arco|Мантия великого арочного мага|大巫師披肩|グランドアークウィザードのマント|최고의 대마법사 망토 (Grand Arch Wizard's Mantle)|Mantel des Großmeisterzauberers|Manteau du Grand Arch-Sorcier|Manto del Gran Archimago|Płaszcz Wielkiego Arcy Czarodzieja
armors_pit_fighters_band_shirt|Pit Fighter's Band Shirt|Monttutaistelijan Bändipaita|Camisa da Banda do Lutador do Abismo|Рубашка бойца ямы|衝撞鬥士樂隊襯衫|ピットファイターのバンドシャツ|피트 파이터 밴드 셔츠 (Pit Fighter's Band Shirt)|Hemd der Grubenkämpfer-Band|Chemise à Bandeau du Combattant de l'Arène|Camiseta de Banda del Luchador de Foso|Koszulka Zespołu Pit Fightera
armors_dragon_knights_vanguard|Dragon Knight's Vanguard|Lohikäärmeritarin Panssari|Vanguarda do Cavaleiro Dragão |Авангард рыцаря-дракона |龍騎士先鋒 |ドラゴンナイトのヴァンガード |드래곤 나이트의 선봉 (Dragon Knight's Vanguard)|Vorhut des Drachenritters|Avant-garde du Chevalier Dragon |Vanguardia del Caballero Dragón|Awangarda Rycerza Smoka
armors_wraiths_cloak|Wraith's Cloak||Manto do Espectro|Плащ Призрака|幽靈斗篷|レイスのクローク|레이스의 망토 (Wraith's Cloak)|Geistermantel|Cape du Spectre|Capa del Espectro|Płaszcz Wraith
armors_arcanists_wrath|Arcanist's Wrath||Ira do Arcanista|Гнев Арканиста|奧術師之怒|アルカニストのラス|아케니스트의 분노 (Arcanist's Wrath)|Zorn des Arkanisten|Colère de l'Arcaniste|Ira del Arcanista|Gniew Arkanisty
armors_sharpshooters_cloak|Sharpshooter's Cloak||Manto do Atirador de Elite|Плащ Меткого Стрелка|神射手披風|シャープシューターのクローク|샤프슈터의 망토 (Sharpshooter's Cloak)|Scharfschützenumhang|Cape du Tireur d'élite|Capa del Tirador|Płaszcz Strzelca
armors_skinwalkers_mantle|Skinwalker's Mantle||Manto do Transmorfo|Мантия Оборотня|變形者披風|スキンウォーカーのマント|스킨워커의 망토 (Skinwalker's Mantle)|Mantel des Gestaltwandlers|Manteau du Marcheur de Peau|Manto del Cambiaformas|Płaszcz Skinwalkera
armors_prophets_shroud|Prophet's Shroud||Sudário do Profeta |Саван Пророка |先知罩衣|預言者の聖骸布 |예언자의 수의 (Prophet's Shroud)|Prophetenschleier|Linceul du Prophète |Sudario del Profeta |Zasłona Proroka
armors_captains_attire|Captain´s Attire||Traje do Capitão|Наряд капитана|船長裝束|船長の装束|캡틴의 복장|Kapitänsgewand|Tenue de capitaine|Atuendo del Capitán|Strój kapitana
armors_leviathans_ribcage|Leviathan´s Ribcage||Caixa Torácica do Leviatã |Ребра Левиафана|利維坦胸骨|リヴァイアサンの肋骨 |리바이어던의 흉곽|Brustkorb des Leviathans |Cage thoracique du Léviathan |Caja Torácica del Leviatán|Klatka piersiowa Lewiatana
|||||||||||
lore_armors_gem_kings_garb|In a hall bedecked with jewels, the king, consumed by greed, bestows his blessings at a cost.Insert Pristine Gems to unlock ancient powers.|Jalokivillä koristeltussa salissa kuningas, ahneuden raahaama, lahjoittaa siunauksensa hintaan. Avaa muinaisia ​​voimia asettamalla sisään koskemattomia helmiä.|Em um salão adornado com joias, o Rei, consumido pela ganância, concede suas bênçãos a um custo.|В зале, украшенном драгоценностями, король, снедаемый жадностью, дарует свои благословения дорогой ценой.|在一個裝飾著珠寶的大廳裡, 國王被貪婪所吞噬, 不惜代價地祝福, 插入嶄新寶石以解鎖古老的力量|宝石で飾られた広間で、貪欲に駆られた王は、代償を払い祝福を与える。古代の力を解き放つには、純粋な宝石を装填しなければならない。|보석으로 장식된 전당에서, 탐욕에 사로잡힌 왕은 대가를 요구하며 축복을 내린다. 고대의 힘을 해방하려면 정제된 보석을 넣어라.|In einer mit Juwelen geschmückten Halle gewährt der König, von Gier verzehrt, seinen Segen – allerdings zu einem hohen Preis. Füge makellose Edelsteine ​​ein, um uralte Kräfte freizusetzen.|Dans une salle ornée de joyaux, le roi, rongé par la cupidité, accorde ses bénédictions à un prix. Insérez des Gemmes Immaculées pour libérer d'anciens pouvoirs.|En una sala adornada con joyas, el rey, consumido por la codicia, otorga sus bendiciones a un alto precio. Inserta Gemas Prístinas para desbloquear poderes ancestrales.|W sali ozdobionej klejnotami król, pochłonięty chciwością, udziela swoich błogosławieństw za cenę. Włóż Doskonałe Klejnoty, aby odblokować pradawne moce.
lore_armors_tundra_hunters_long_coat|In the storms of a cold and frozen tundra, a lone hunter is stalking his prey.|Kylmän ja jäätyneen tundran myrskyissä yksinäinen metsästäjä vaanii saalistaan.|Nas tempestades de uma tundra fria e congelada, um caçador solitário está perseguindo sua presa.|В штормах холодной и замерзшей тундры одинокий охотник выслеживает свою добычу.|在寒冷冰凍苔原的風暴中，一名孤獨的獵人正在追蹤他的獵物|凍てつくツンドラの嵐の中、孤独な狩人が獲物を追い詰めている。|차갑고 얼어붙은 툰드라의 폭풍 속, 한 사냥꾼이 홀로 먹잇감을 쫓고 있다.|In den Stürmen einer kalten, gefrorenen Tundra verfolgt ein einsamer Jäger seine Beute.|Dans les tempêtes d'une toundra froide et glacée, un chasseur solitaire traque sa proie.|En las tormentas de una tundra fría y helada, un cazador solitario acecha a su presa.|W burzach zimnej i zamarzniętej tundry samotny łowca śledzi swoją zdobycz.
lore_armors_thunder_guardians_plate|A noble warrior, infused with the storm in their veins, descends to protect the innocent.|Jalo soturi, joka on täynnä myrskyä heidän suonissaan, laskeutuu suojelemaan viattomia.|Um nobre guerreiro, infundido com a tempestade em suas veias, desce para proteger os inocentes.|Благородный воин, наполненный бурей в своих венах, спускается, чтобы защитить невинных.|一位高貴的戰士，血管中註入了風暴，降臨保護無辜者|嵐の気高さを身に帯びた気高い戦士が、罪なき者を守るために降り立つ。|폭풍의 힘이 혈관을 타고 흐르는 고귀한 전사가 내려와 무고한 이들을 지킨다.|Ein edler Krieger, vom Sturm durchströmt, steigt herab, um die Unschuldigen zu beschützen.|Un noble guerrier, imprégné de la tempête dans ses veines, descend pour protéger les innocents.|Un noble guerrero, con la tormenta infundida en sus venas, desciende para proteger a los inocentes.|Szlachetny wojownik, nasączony burzą w żyłach, schodzi, by chronić niewinnych.
lore_armors_st_judas_hauberk|High above the celestial realms, upon His resplendent throne, the Divine Observer gazes upon the entirety of creation, His eyes reaching every corner of existence. As the cosmic architect of justice, He unfailingly discerns the threads of fate, ready to mete out fair judgment to those who tread the paths of righteousness or wickedness.|Korkealla taivaallisten ulottuvuuksien yläpuolella, loistavalla valtaistuimellaan, jumalallinen tarkkailija katselee koko luomakuntaa, hänen silmänsä ulottuen olemassaolon jokaiseen nurkkaan. Oikeuden kosmisena arkkitehtina Hän erottaa erehtymättä kohtalon langat ja on valmis tuomitsemaan oikeudenmukaisen tuomion niille, jotka kulkevat vanhurskauden tai jumalattomuuden polkuja.|No alto dos reinos celestiais, em seu trono resplandecente, o Observador Divino contempla toda a criação, Seus olhos alcançam cada canto da existência. Como o arquiteto cósmico da justiça, Ele discerne infalivelmente os fios do destino, pronto para aplicar um julgamento justo àqueles que trilham os caminhos da retidão ou da maldade.|Высоко над небесными царствами, на Своем блистательном троне, Божественный Наблюдатель взирает на все творение, Его глаза достигают каждого уголка существования. Как космический архитектор справедливости, Он неизменно различает нити судьбы, готовый вынести справедливый приговор тем, кто идет по пути праведности или зла.|高聳的天界之上, 在他輝煌的寶座中, 神聖觀察者凝視著整個造物, 他的目光觸及存在的每一個角落. 身為正義的宇宙建築師, 他準確無誤地洞察命運的線索, 準備對那些走正義或邪惡道路的人做出公正的審判|天界のはるか上空、輝かしい玉座に座す神聖なる観察者は、万物を見渡し、その目は存在の隅々まで届く。正義の宇宙設計者として、彼は運命の糸を確実に見極め、正義の道と悪の道を歩む者に公正な裁きを下す用意ができている。|천상의 영역 높은 곳, 찬란한 왕좌에 앉은 신성한 관찰자는 모든 창조물을 굽어본다. 그의 시선은 존재의 구석구석까지 닿으며, 정의의 우주적 설계자로서 운명의 실타래를 꿰뚫어 보고, 선과 악의 길을 걷는 자에게 공정한 심판을 내릴 준비를 한다.|Hoch über den himmlischen Reichen, auf seinem prächtigen Thron, blickt der Göttliche Beobachter auf die gesamte Schöpfung, seine Augen erreichen jeden Winkel der Existenz. Als kosmischer Architekt der Gerechtigkeit erkennt er unfehlbar die Fäden des Schicksals und ist bereit, diejenigen, die den Pfad der Tugend oder der Bosheit beschreiten, gerecht zu richten.|Où qu'il soit, sur son trône resplendissant, l'Observateur Divin contemple la création tout entière, son regard scrutant chaque recoin de l'existence. Architecte cosmique de la justice, il discerne infailliblement les fils du destin, prêt à rendre un jugement juste à ceux qui empruntent les chemins de la vertu ou de la méchanceté.|En lo alto de los reinos celestiales, sobre Su trono resplandeciente, el Observador Divino contempla la totalidad de la creación, Sus ojos alcanzando cada rincón de la existencia. Como arquitecto cósmico de la justicia, discierne infaliblemente los hilos del destino, listo para impartir un juicio justo a quienes transitan por los caminos de la rectitud o la maldad.|Wysoko nad niebiańskimi królestwami, na swoim olśniewającym tronie, Boski Obserwator spogląda na całe stworzenie, Jego oczy sięgają każdego zakątka istnienia. Jako kosmiczny architekt sprawiedliwości, nieomylnie dostrzega nici losu, gotowy wymierzyć sprawiedliwy wyrok tym, którzy kroczą ścieżkami prawości lub niegodziwości.
lore_armors_grimbones_ribcage|Ribcage of a thousand souls forged from the corpses of fallen warriors in Niflhel.|Niflhelin kaatuneiden soturien ruumiista taottu tuhannen sielun rintakehä.|A Caixa Torácica de mil almas forjada a partir dos cadáveres de guerreiros mortos em Nifhel.|Грудная клетка тысячи душ, выкованная из трупов павших воинов в Нифльхеле.|由一千個尼夫海姆陣亡戰士的靈魂鑄造而成的胸甲。 |ニヴルヘルで倒れた戦士たちの死体から鍛えられた千の魂の胸郭。|니플헤임에서 쓰러진 전사들의 시체로 단련된, 천 개의 영혼이 깃든 흉곽.|Brustkorb tausender Seelen, geschmiedet aus den Leichen gefallener Krieger in Niflhel.|Cage thoracique de mille âmes forgée à partir des cadavres des guerriers tombés au combat à Niflhel.|Caja torácica de mil almas forjada con los cadáveres de guerreros caídos en Niflhel.|Klatka żebrowa tysiąca dusz wykuta z trupów upadłych wojowników w Niflhelu.
lore_armors_stoneplate_of_corruption|From the darkest pits of hell, forged in the pool of lost souls wields its carrier with eternal corruption..|Helvetin synkimmistä kuopista, eksyneiden sielujen altaassa taottu kantaa kantajaansa ikuisella turmeluksella.|Das profundezas mais sombrias do inferno, forjado na piscina de almas perdidas, empunha seu portador com corrupção eterna...|Из самых темных глубин ада, выкованный в озере потерянных душ, несет своему носителю вечную порчу. |來自地獄最黑暗的深淵，在失落的靈魂池中鍛造而成，揮舞著永恆腐敗的載體……|地獄の暗黒の淵、失われた魂の沼で鍛え上げられたものが、永遠の腐敗を帯びてその持ち主を振るう。|지옥의 가장 어두운 심연, 잃어버린 영혼들의 웅덩이에서 단련되어, 이를 지닌 자에게 영원한 타락을 안긴다..|Aus den finstersten Tiefen der Hölle, geschmiedet im Pool verlorener Seelen, trägt sein Träger ewige Verderbnis.|Des profondeurs les plus sombres de l'enfer, forgé dans le bassin des âmes perdues, manie son porteur à la corruption éternelle.|Desde los pozos más oscuros del infierno, forjada en el estanque de las almas perdidas, otorga a su portador una corrupción eterna...|Z najciemniejszych dołów piekła, wykuta w sadzawce zagubionych dusz, dzierży swojego nosiciela wiecznym zepsuciem..
lore_armors_gabriels_broken_wings|The broken wings of a fallen angel..|Langenneen enkelin murtuneet siivet..|As asas quebradas de um anjo caído..|Сломанные крылья падшего ангела..|墮落天使折斷的翅膀……|堕天使の砕けた翼。|타락천사의 부러진 날개..|Die gebrochenen Flügel eines gefallenen Engels.|Les ailes brisées d'un ange déchu.|Las alas rotas de un ángel caído...|Złamane skrzydła upadłego anioła..
lore_armors_tayrels_chestplate|Chestplate of the divine singularity..|Jumalallisen singulaarisuuden rintalevy..|Peitoral da singularidade divina..|Нагрудник божественной сингулярности..|神聖奇點胸甲……|神聖なる特異点の胸当て。|신성한 특이점의 흉갑..|Brustpanzer der göttlichen Singularität.|Le plastron de la singularité divine.|Peto de la singularidad divina...|Napierśnik boskiej osobliwości..
lore_armors_executioneers_cocoon|Splattered by blood of the executioned|Teloitettujen veren roiskeena|Manchada pelo sangue dos executados.|Забрызган кровью казненного..|身上沾滿了被處決者的血|処刑された者の血しぶき。|처형당한 이들의 피로 얼룩진|Bespritzt mit dem Blut der Hingerichteten.|Éclaboussé du sang des exécutés.|Salpicado por la sangre de los ejecutados.|Splamiony krwią egzekucji
lore_armors_mantle_exiled_pagan|Exiled for preaching a false prophecy.. The mantle reeks of dark energy..|Karkotettu väärän profetian saarnaamisesta. Vaippa haisee pimeältä energialta.|Exilado por pregar uma falsa profecia... O manto fede a energia escura...|Изгнан за проповедование ложного пророчества.. Мантия пахнет темной энергией..|因宣揚虛假預言而被放逐……斗篷散發著黑暗能量的惡臭…… |  偽りの予言を説いたために追放された者。マントからは闇のエネルギーが漂う。|거짓 예언을 설파한 죄로 추방당한 자의 망토… 어두운 에너지가 진동한다..|Verbannt wegen der Verkündigung einer falschen Prophezeiung. Der Mantel stinkt nach dunkler Energie.|Exilé pour avoir prêché une fausse prophétie. Le manteau empeste l'énergie sombre.|Exiliado por predicar una falsa profecía... El manto apesta a energía oscura...|Wygnany za głoszenie fałszywej przepowiedni.. Płaszcz cuchnie ciemną energią..
lore_armors_grand_archwizards_mantle|Perfectly preserved through the test of time holding immense power within..|Täydellisesti säilynyt ajan kokeessa pitäen sisällään valtavan voiman.|Perfeitamente preservada pelo teste do tempo, guardando um poder imenso...|Прекрасно сохранилась, выдержав испытание временем, храня в себе огромную силу..|經過時間的考驗，完美保存，蘊含巨大力量…… |時の試練を耐え抜き、その内に秘めた強大な力を完璧に保ったまま。|세월의 시험을 견디며 완벽히 보존된, 거대한 힘을 품은..|Perfekt erhalten im Lauf der Zeit, birgt er immense Kraft in sich.|Parfaitement préservé à travers le temps, il recèle un immense pouvoir.|Perfectamente conservado a través de la prueba del tiempo, conteniendo un poder inmenso en su interior...|Doskonale zachowany przez próbę czasu, trzymający w sobie ogromną moc..
lore_armors_pit_fighters_band_shirt|The classic dirty band shirt.. Commanding respect within the pit!|Klassinen likainen bändipaita.. Komentava kunnioitus kaivossa!|A clássica camisa de banda suja... Impondo respeito no ringue!|Классическая грязная рубашка.. Вызывает уважение в яме!|經典的骯髒樂隊襯衫……在衝撞區內贏得尊重！ |汚れたバンドシャツの定番。地獄の中では尊敬を集める！|고전적인 더러운 밴드 셔츠… 피트 안에서는 존경을 받는 존재!|Das klassische schmutzige Bandhemd. Flößt in der Hölle Respekt ein!|Le t-shirt classique et sale du groupe. Imposant le respect au sein de l'abîme !|La clásica camiseta de banda sucia... ¡Impone respeto en el foso!|Klasyczna brudna koszulka zespołu.. Budząca szacunek w dole!
lore_armors_dragon_knights_vanguard|Forged within the searing heat of a dragon's den..|Taottu lohikäärmeen luolan polttavassa lämmössä.. |Forjada no calor escaldante da toca de um dragão... |Выкована в обжигающем жаре логова дракона.. |在龍穴的灼熱中鍛造而成…… |竜の巣窟の灼熱の中で鍛え上げられたもの。 |용의 둥지에서 타오르는 열기 속에 단련된 무기입니다.|Geschmiedet in der sengenden Hitze einer Drachenhöhle.|Forgé dans la chaleur brûlante de l'antre d'un dragon. |Forjada en el calor abrasador de la guarida de un dragón...|Wykuta w palącym upale jaskini smoka..
lore_armors_wraiths_cloak|Death sees no elements, a luck of the draw..||A morte não vê elementos, é uma questão de sorte...|Смерть не видит стихий, это дело случая...|死亡無視任何元素，只是運氣罷了……|死は元素を見ず、運命のくじ引き..|죽음은 원소를 보지 않는다, 운에 달린 일이다..|Der Tod kennt keine Elemente, es ist reines Glückssache.|La mort ne fait pas de distinction, c'est une question de chance... |La muerte no entiende de elementos, es cuestión de suerte. |Śmierć nie zna żadnych żywiołów, to szczęśliwy traf.
lore_armors_arcanists_wrath|Once worn by a guardian of the magistrate..||Outrora usada por um guardião do magistrado...|Когда-то носил страж магистрата...|曾被治安官的護衛佩戴……|かつて裁判官の守護者が身につけていた..|한때 가디언의 수호자가 착용했던..|Einst getragen von einem Wächter des Magistrats.|Autrefois porté par un gardien du magistrat... |Una vez usado por un tutor del magistrado |Kiedyś noszony przez strażnika sędziego.
lore_armors_sharpshooters_cloak|Merciless aim, absolutely unhinged..||Mira impiedosa, absolutamente desvairada... |Безжалостная меткость, абсолютное безумие... |無情瞄準，絕對瘋狂…… |容赦なき狙い、狂気そのもの…|잔인한 조준, 광기에 물들다..|Gnadenloses Zielen, völlig entfesselt...|Objectif impitoyable, complètement dérangé... |Puntería despiadada, completamente desquiciado. |Bezlitosny cel, absolutnie niezrównoważony. 
lore_armors_captains_attire|Worn by the legendary Captain Grimtide.. An attire commanding fear and respect..||Usado pelo lendário Capitão Grimtide... Um traje que impõe medo e respeito...|Эту одежду носил легендарный капитан Гримтайд. Наряд, внушающий страх и уважение.|由傳奇船長嚴潮所穿戴……一套令人敬畏且屏息的服飾……|伝説のキャプテン・グリムタイドが身に纏ったもの……畏怖と敬意を抱かせる装束……|전설적인 캡틴 그림타이드가 착용했던 것… 공포와 경외를 불러일으키는 복장…|Getragen vom legendären Captain Grimtide … Ein Gewand, das Furcht und Respekt einflößt …|Portée par le légendaire capitaine Grimtide... Une tenue qui inspire crainte et respect...|Portado por el legendario Capitán Grimtide... un atuendo que inspira miedo y respeto.|Noszony przez legendarnego kapitana Grimtide’a… Strój budzący grozę i szacunek…
lore_armors_leviathans_ribcage|A piece of something colossal, filled with evil energy..||Um fragmento de algo colossal, repleto de energia maligna... |Кусочек чего-то колоссального, наполненного зловещей энергией.|源自巨型存在的一部分，充滿邪惡能量……|邪悪なエネルギーを宿した、巨大な何かの断片…… |거대한 무언가의 일부로, 사악한 에너지로 가득 차 있다…|Ein Teil von etwas Kolossalem, erfüllt von böser Energie … |Un fragment de quelque chose de colossal, imprégné d'une énergie maléfique... |Un fragmento de algo colosal, repleto de energía maligna.|Fragment czegoś potężnego, przesyconego złowrogą energią…
|||||||||||
[helms]|||||||||||
helmet_normal_cap|Cap|Hattu|Gorro|Колпачок|便帽|キャップ|캡 (Cap)|Mütze|Capuchon|Gorra|Czapka
helmet_normal_casque|Casque|Casque|Casco|Casque|兜盔|カスク|카스크 (Casque)|Helm|Heaume|Casco|Hełm
helmet_normal_basinet|Basinet|Basinet|Basinet|Басинет|輕盔|バシネット|바시넷 (Basinet)|Beckenhaube|Bassinet|Bacinete|Basinet
helmet_normal_war_hat|War Hat|Sotahattu|Capacete de Guerra|Военная Шляпа|戰帽|軍帽|전쟁 모자 (War Hat)|Kriegshut|Capuchon de guerre|Sombrero de Guerra|Wojenny Kapelusz
helmet_normal_great_helm|Great Helm|Hieno ruori|Elmo |Отличный Шлем|重盔|グレートヘルム|그레이트 헬름 (Great Helm)|Großer Helm|Grand heaume|Gran Yelmo|Wielki Hełm
helmet_normal_war_visage|War Visage|Sotaviisumi|Viseira de Guerra|Облик Войны|戰爭面具|ウォーヴィサージュ|전쟁 가면 (War Visage)|Kriegsantlitz|Masque de guerre|Rostro de Guerra|Wojenna Twarz
helmet_normal_shako|Shako|Shako|Barretina|Кивер|軍帽|シャコー帽|샤코 (Shako)|Tschako|Shako|Shako|Shako
helmet_normal_horned_helm|Horned Helm|Horned Helm|Capacete com Chifre|Рогатый Шлем|尖角頭盔|角付きヘルム|뿔 달린 헬름 (Horned Helm)|Gehörnter Helm|Heaume à cornes|Yelmo con Cuernos|Rogaty Hełm
helmet_normal_basilisk_skull|Basilisk Skull|Basiliskin kallo |Capacete do Basilisco|Череп Василиска|蛇怪頭骨 |バジリスクの頭蓋骨 |바실리스크 해골 (Basilisk Skull)|Basiliskenschädel|Crâne de Basilic|Cráneo de Basilisco|Czaszka Bazyliszka
|||||||||||
[helms_unique]|||||||||||
helmet_harlequin_crest|Harlequinn's Crest|Harlekiinin Hattu|Elmo do Arlequim|Герб Арлекина|丑角頭冠|ハーレクインの紋章|할리퀸의 문장 (Harlequinn's Crest)|Harlekins Wappen|Cimier arlequin|Cresta de Arlequín|Crest Harlequina
helmet_harlequins_veil|Harlequinn's Veil|Harlekiinin Naamio|Véu do Arlequim|Вуаль Арлекина |丑角面紗 |ハーレクインのベール|할리퀸의 베일 (Harlequinn's Veil)|Harlekins Schleier|Le voile d'Arlequin |Velo de Arlequín|Zasłona Harlequina
helmet_colossal_avenger|The Colossal Avenger|Jättimäinenkostaja|O Vingador Colossal|Колоссальный Мститель|巨神復仇者|コロッサル・アヴェンジャー|거대한 복수자 (The Colossal Avenger)|Der kolossale Rächer|Le vengeur colossal|El Vengador Colosal|Kolosalny Mściciel
helmet_demon_warlords_helm|Demon Warlord's Helm|Demonisotaherran Kypärä|Elmo do Demônio Senhor da Guerra|Шлем Военачальника Демонов|惡魔督軍頭盔|デーモン・ウォーロードのヘルム|악마 군주의 헬름 (Demon Warlord's Helm)|Helm des Dämonenkriegsherrn|Casque de seigneur de guerre démoniaque|Yelmo del Señor de la Guerra Demonio|Hełm Władcy Demonów
helmet_the_bucket|The Bucket|Ämpäri|O Balde|Ведро|桶|バケツ|양동이 (The Bucket)|Der Eimer|Le seau|El Cubo|Wiaderko
helmet_sky_crusader_helm|Sky Crusader Helm|Taivasristiretkeilykypärä|Elmo do Cruzado do Céu|Шлем Небесного Крестоносца|天空十字軍頭盔|スカイクルセイダーのヘルム|하늘 십자군 헬름 (Sky Crusader Helm)|Helm des Himmelskreuzfahrers|Casque de croisé du ciel|Yelmo del Cruzado del Cielo|Hełm Krucjaty Niebios
helmet_helm_of_dominator|Helm of Dominator|Dominoijan Kypärä|Elmo do Dominador|Руль Властелина|統治者頭盔|ドミネーターのヘルム|지배자의 헬름 (Helm of Dominator)|Helm des Beherrschers|Casque de dominateur|Yelmo del Dominador|Hełm Dominatora
helmet_faceless_priest|The Faceless Priest|Kasvoton Pappi|O Sacerdote sem Rosto|Безликий Священник|無面牧師|フェイスレス・プリースト|얼굴 없는 사제 (The Faceless Priest)|Der gesichtslose Priester|Le prêtre sans visage|El Sacerdote sin Rostro|Bezoki Kapłan
helmet_uabels_helmet|Uabel's Helmet|Uabelin Kypärä|Capacete de Uabel|Шлем Уабеля|烏貝爾頭盔|ウアベルのヘルム|우아벨의 헬멧 (Uabel's Helmet)|Uabels Helm|Casque d'Uabel|Yelmo de Uabel|Hełm Uabela
helmet_reapers_hood|Reaper's Hood|Viikatemiehen Kaapu|Capuz do Ceifador|Капюшон Жнеца|死神兜帽|リーパーのフード|리퍼의 후드 (Reaper's Hood)|Kapuze des Schnitters|Capuche de faucheur|Capucha de la Parca|Kaptur Żniwiarza
helmet_genjis_battle_helmet|Genji's Battle Helmet|Genjin Taistelukypärä|Capacete de Batalha de Genji|Боевой шлем Гэндзи|源氏戰鬥頭盔|ゲンジのバトルヘルム|겐지 전투 헬멧 (Genji's Battle Helmet)|Genjis Kampfhelm|Casque de combat de Genji|Yelmo de Batalla de Genji|Bitewny Hełm Genjiego
helmet_mevius_mighty_helmet|Mevius' Mighty Helmet|Meviuksen Mahtava Kypärä|Capacete Poderoso de Mevius|Могучий шлем Мевиуса|梅維烏斯強力頭盔|メビウスのマイティヘルム|뫼비우스의 강력한 헬멧 (Mevius' Mighty Helmet)|Mevius' mächtiger Helm|Casque puissant de Mevius|Yelmo Poderoso de Mevius|Potężny Hełm Meviusa
helmet_flame_gods_helmet|Flame God's Helmet|Tulijumalan Kypärä|Capacete do Deus das Chamas|Шлем Бога Пламени|炎神頭盔|フレイムゴッドのヘルム|화염 신의 헬멧 (Flame God's Helmet)|Helm des Flammengottes|Casque de dieu des flammes        |Yelmo del Dios de la Llama|Hełm Boga Płomieni
helmet_ice_kings_crown|Ice King's Crown|Jääkuninkaan Kruunu|Coroa do Rei do Gelo|Корона Ледяного короля|冰王之冠|アイスキングのクラウン|얼음 왕의 왕관 (Ice King's Crown)|Krone des Eiskönigs|Couronne de roi des glaces|Corona del Rey de Hielo|Korona Lodowego Króla
helmet_zeus_circlet|Zeus' Circlet|Zeuksen Otsaripa|Tiara de Zeus|Обруч Зевса|宙斯頭環|ゼウスのサークレット|제우스의 서클렛 (Zeus' Circlet)|Zeus' Reif|Diadème de Zeus|Círculo de Zeus|Diadem Zeusa
helmet_rednecks_cap|Redneck's Cap|Punaniskan Lippis|Boné do Caipira|Кепка деревенщины|鄉巴佬帽子|レッドネックのキャップ|레드넥 캡 (Redneck's Cap)|Hinterwäldlermütze|Casquette de redneck|Gorra de Palurdo|Czapka Rednecka
helmet_pirate_captains_hat|Pirate Captain's Hat|Merirosvokapteenin Hattu|Chapéu do Capitão Pirata|Шляпа пиратского капитана|海盜船長帽子|海賊船長の帽子|해적 선장 모자 (Pirate Captain's Hat)|Piratenkapitänshut|Chapeau de capitaine|Sombrero de Capitán Pirata|Kapelusz Kapitana Piratów
helmet_death_lords_crown|Death Lord's Crown|Kuolemanherran Kruunu|Coroa do Senhor da Morte|Корона Повелителя Смерти|死亡領主王冠|デスロードのクラウン|죽음 군주의 왕관 (Death Lord's Crown)|Krone des Todesfürsten|Couronne de seigneur de la mort|Corona del Señor de la Muerte|Korona Władcy Śmierci
helmet_thors_battle_cap|Thor's Battle Cap|Odinin Taistelukypärä|Elmo de Batalha de Odin|Боевая шапка Тора|索爾戰鬥帽|トールのバトルキャップ|토르의 전투 캡 (Thor's Battle Cap)|Thors Kampfmütze|Cimier de combat de Thor|Gorra de Batalla de Thor|Bitewna Czapka Thora
helmet_vikings_sacred_helmet|Viking's Sacred Helmet|Viikingin Pyhäkypärä|Capacete Sagrado do Viking|Священный шлем викинга|維京人的神聖頭盔|バイキングのセイクリッドヘルム|바이킹의 신성한 헬멧 (Viking's Sacred Helmet)|Heiliger Wikingerhelm|Casque sacré de viking|Yelmo Sagrado del Vikingo|Święty Hełm Wikinga
helmet_nomads_sand_bandana|Nomad's Sand Bandana|Vaeltajan Hiekkahuivi|Bandana de Areia do Nômade|Песочная бандана Кочевника|游牧民的沙色頭巾|ノマドのサンドバンダナ|유랑자의 모래 반다나 (Nomad's Sand Bandana)|Sandbandana des Nomaden|Bandana de sable de nomade|Bandana de Arena del Nómada|Piaskowa Bandana Nomada
helmet_nobunagas_battle_helmet|Nobunaga's Battle Helmet|Nobunagan Taistelukypärä|Capacete de Batalha de Nobunaga|Боевой шлем Нобунаги|信長戰盔|ノブナガのバトルヘルム|노부나가 전투 헬멧 (Nobunaga's Battle Helmet)|Nobunagas Kampfhelm|Casque de combat de Nobunaga|Yelmo de Batalla de Nobunaga|Bitewny Hełm Nobunagi
helmet_gladiators_skullet|Gladiator's Skullet|Gladiaattorin Kallotti|Caveira do Gladiador|Череп гладиатора|角鬥士顱骨|グラディエーターのスカルレット|검투사의 해골 모자 (Gladiator's Skullet)|Gladiatorenschädel|Crâne de gladiateur|Cresta del Gladiador|Skullet Gladiatora
helmet_doctors_visage|Doctor's Visage|Tophtorin Kasvot|Viseira do Médico|Облик доктора|醫生的面貌|ドクターのヴィサージュ|의사의 가면 (Doctor's Visage)|Arztgesicht|Visage de docteur|Rostro del Doctor|Twarz Doktora
helmet_aztec_crown|Aztec Crown|Atsteekkikruunu|Coroa Asteca|Корона ацтеков|阿茲特克皇冠|アステカのクラウン|아즈텍 왕관 (Aztec Crown)|Aztekenkrone|Couronne aztèque|Corona Azteca|Korona Azteków
helmet_wendigo_skull|Wendigo Skull|Wendigokallo|Caveira de Wendigo|Череп Вендиго|溫迪哥頭骨|ウェンディゴのスカル|웬디고 해골 (Wendigo Skull)|Wendigoschädel|Crâne de wendigo|Cráneo de Wendigo|Czaszka Wendigo
helmet_judge_jury_executioner|Judge, Jury & Executioner|Tuomari, Tuomaristo & Teloittaja|Juiz, Júri e Executor|Судья, Присяжные и Исполнитель|法官、陪審團和劊子手|ジャッジ、ジュリー、そして処刑人|심판자, 배심원 & 집행자 (Judge, Jury & Executioner)|Richter, Geschworene & Henker|Juge, juré et bourreau|Juez, Jurado y Verdugo|Sędzia, Ława Przysięgłych i Egzekutor
helmet_death_knights_visage|Death Knight's Visage|Kuolemaritarin Kasvot|Viseira do Cavaleiro da Morte|Облик Рыцаря Смерти|死亡騎士面貌|デスナイトのヴィサージュ|죽음의 기사 가면 (Death Knight's Visage)|Todesrittergesicht|Visage du chevalier de la mort|Rostro del Caballero de la Muerte|Twarz Rycerza Śmierci
helmet_ancient_avenger|Ancient Avenger|Muinaiskostaja|Vingador Ancião|Древний Мститель|遠古復仇者|古代のアヴェンジャー|고대 복수자 (Ancient Avenger)|Uralter Rächer|Vengeur antique|Vengador Ancestral|Pradawny Mściciel
helmet_burning_gaze|Burning Gaze|Polttava Tuijotus|Contemplar Ardente|Горящий Взгляд|燃燒凝視|バーニングゲイズ|타오르는 시선 (Burning Gaze)|Brennender Blick|Regard ardent|Mirada Ardiente|Płonące Spojrzenie
helmet_sight_of_gods|Sight Of The Gods|Jumalten Katse|Visão dos Deuses|Взгляд Богов|眾神視線|サイト・オブ・ザ神々|신들의 시야 (Sight Of The Gods)|Sicht der Götter|Vision des dieux|La Mirada de los Dioses|Wzrok Bogów
helmet_zealots_guise_of_doom|Zealot's Guise of Doom|Kiihkoilijan Tuomion Huppu|Disfarce do Fanático da Desgraça|Фанатичное выражение обреченности|狂熱者的末日偽裝|狂信者の破滅の仮面|질럿의 파멸 가면 (Zealot's Guise of Doom)|Verdammnisgestalt des Zeloten|Apparence du destin de zélote|Aspecto de la Perdición del Fanático|Maska Zagłady Zealota
helmet_flame_diviners_refuge|Flame Diviner's Refuge|Tuliennustajan Turvapaikka|Refúgio do Adivinho da Chama|Убежище Огненного Прорицателя|烈焰占星者的庇護|炎の占者の隠れ家|화염 점쟁이의 피난처 (Flame Diviner's Refuge)|Flammenwahrsager Zuflucht|Refuge de pyromancien|Refugio del Adivino de la Llama|Schronienie Proroka Płomieni
helmet_lumberjacks_safety_helm|Lumberjack's Safety Helm|Tukkimiehen Suojakypärä|Capacete de Segurança do Lenhador|Защитный Шлем Лесоруба|伐木工安全帽|木こりの安全兜|나무꾼 안전 헬멧 (Lumberjack's Safety Helm)|Holzfäller-Sicherheitshelm|Casque de sécurité de bûcheron|Casco de Seguridad del Leñador|Bezpieczny Hełm Drwala
helmet_bloodletters_crown|Blood-letter's Crown|Blood-letter's Crown|Coroa do Flebotomista|Корона кровавого письма|放血王冠 |血文字の王冠|피-편지의 왕관 (Blood-letter's Crown)|Blutbrief-Krone|Couronne de gravesang|Corona del Sangrador|Korona Krwiopuszczacza
helmet_venoms_skull|Venom's Skull|Venomin Pääkallo|Caveira de Venom|Череп Венома|毒液頭骨|毒の髑髏|맹독의 두개골 (Venom's Skull)|Venoms Schädel|Crâne de venom|Cráneo de Veneno|Czaszka Venoma
helmet_shield_bearers_crown|Shield Bearer's Crown|Kilvenkäyttäjän Kruunu|Coroa do Portador do Escudo|Корона щитоносца|持盾者王冠|盾持ちの王冠|방패지기의 왕관 (Shield Bearer's Crown)|Schildträger-Krone|Couronne de porteur de bouclier|Corona del Portaescudo|Korona Niosącego Tarczę
helmet_juggernauts_siege_helm|Juggernaut's Siege Helm|Pysäyttämätön Voiman Piirityskypärä|Capacete de Cerco de Juggernaut|Осадный шлем Джаггернаута|主宰的攻城頭盔|ジャガーノートの包囲兜|저거너트 공성 헬멧 (Juggernaut's Siege Helm)|Belagerungshelm des Molochs|Heaume de siège de juggernaut|Yelmo de Asedio del Juggernaut|Hełm Oblężenia Juggernauta
helmet_lost_masters_vision|Lost Master's Vision|Kadonneen Mestarin Näkö|Visão do Mestre Perdido|Видение утраченного Мастера|失落大師視線|失われた主の幻視|잃어버린 마스터의 시야 (Lost Master's Vision)|Verlorener Meisterblick|Visière du maître d'armes|Visión del Maestro Perdido|Wizja Zagubionego Mistrza
helmet_valkyries_winged_helm|Valkyrie's Winged Helm|Valkyrie's Winged Helm|Capacete Alado da Valquíria|Крылатый шлем Валькирии|瓦爾基里的翼盔 |ワルキューレの翼の兜|발키리의 날개 헬멧 (Valkyrie's Winged Helm)|Geflügelter Walkürenhelm|Casque ailé de valkyrie|Yelmo Alado de la Valquiria|Skrzydlaty Hełm Walkirii
helmet_surgical_mask|Surgical Mask|Kirurginen naamio|Máscara Cirúrgica|Хирургическая Маска|手術口罩|サージカルマスク|수술용 마스크 (Surgical Mask)|OP-Maske|Masque chirurgical|Máscara Quirúrgica|Maska Chirurgiczna
helmet_battle_worn_visor|Battle Worn Visor|Taistelussa kulunut visiiri|Viseira de Batalha Desgastada|Изношенный в Бою Козырек|戰鬥磨損護目鏡|戦闘で摩耗したバイザー|전투용 바이저 (Battle Worn Visor)|Kampfgetragenes Visier|Visière parée au combat|Visor Desgastado por la Batalla|Bitewny Wizjer
helmet_underworlds_skullbreaker|Underworld's Skullbreaker|Underworldin Skullbreaker|Quebradora de Crânios do Submundo|Сокрушитель черепов Подземного мира|地獄破顱者|冥界の頭蓋骨砕き|언더월드 해골 파쇄기 (Underworld's Skullbreaker)|Schädelbrecher der Unterwelt|Briseur de crânes du monde souterrain|Rompecráneos del Inframundo|Rozbijacz Czaszek Podziemi
helmet_sand_travelers_guise|Sand Traveler's Guise|Hiekkamatkustajan asu|Traje do Viajante das Areias|Облик путешественника по песку|沙地旅行者假面|砂の旅人の仮面|모래 여행자의 가면 (Sand Traveler's Guise)|Gewand des Sandreisenden|Guide de voyageur de sable|Aspecto del Viajero de Arena|Maska Podróżnika Piasku
helmet_crown_of_holy_one|Crown of the Holy One|Arcaniumin kruunu|Coroa do Santo Escolhido|Корона Святого|聖者之冠|聖なる者の王冠|구세주의 왕관 (Crown of the Holy One)|Krone des Heiligen|Couronne du Saint|Corona del Sagrado|Korona Świętego
helmet_guise_of_dead|Guise of the Dead|Guise of the Dead|Disfarce dos Mortos|Облик Мертвеца|死者偽裝|死者の仮面|죽은 자의 가면 (Guise of the Dead)|Gewand der Toten|Apparence de la mort|Aspecto de los Muertos|Maska Umarłych
helmet_veil_of_mystery|Veil of Mystery|Mysteerin verho|Véu do Mistério|Завеса тайны|神秘面紗|神秘のベール|신비의 베일 (Veil of Mystery)|Schleier des Mysteriums|Voile de mystère|Velo del Misterio|Zasłona Tajemnicy
helmet_crown_of_north|Crown of the North|Crown of the North|Coroa do Norte|Корона Севера|北方之冠|北の王冠|북쪽의 왕관 (Crown of the North)|Krone des Nordens|Couronne du nord|Corona del Norte|Korona Północy
helmet_tenebris_grievance|Tenebris' Grievance|Tenebris' Grievance|Ressentimento de Tenebris|Недовольство Тенебрис|泰尼布里斯的苦境 |テネブリスの嘆き|테네브리스의 원한 (Tenebris' Grievance)|Tenebris' Klage|Doléances de Tenebris|Agravio de Tenebris|Skarga Tenebrisa
helmet_mask_of_beyond|Mask of the Beyond|Beyondin naamio|Máscara do Além|Маска Запредельного|超越者面具|彼方の仮面|저 너머의 가면 (Mask of the Beyond)|Maske des Jenseits|Masque de l'au-delà|Máscara del Más Allá|Maska Zaświatów
helmet_pit_lords_vanquisher|Pit Lord's Vanquisher|Pit Lord's Vanquisher|Destruidor do Senhor do Poço|Победитель Повелителя преисподней|深淵領主征服者 |地獄の王の征服者|피트 군주의 파멸자 (Pit Lord's Vanquisher)|Bezwinger des Grubenlords|Vainqueur du seigneur de la fosse|Vencedor del Señor del Foso|Zwycięzca Lorda Dołu
helmet_lava_kings_lost_mask|Lava King's Lost Mask|Laavakuninkaan kadonnut naamio|Máscara Perdida do Rei da Lava|Потерянная маска короля лавы|熔岩之王的失落面具|溶岩王の失われた仮面|용암 왕의 잃어버린 가면 (Lava King's Lost Mask)|Verlorene Maske des Lavakönigs|Masque perdu du roi de la lave|Máscara Perdida del Rey de Lava|Zgubiona Maskara Króla Lawy
helmet_grand_champion|The Grand Champion|Suuri mestari|O Grande Campeão|Великий Чемпион|大冠軍|グランドチャンピオン|그랜드 챔피언 (The Grand Champion)|Der Großmeister|Le grand champion|El Gran Campeón|Wielki Champion
helmet_crown_of_midnight|Crown of Midnight|Keskiyön kruunu|Coroa da Meia-Noite|Корона Полуночи|午夜之冠|真夜中の王冠|한밤중의 왕관 (Crown of Midnight)|Krone der Mitternacht|Couronne de minuit|Corona de Medianoche|Korona Północy
helmet_nikitas_kj33_helmet|Nikita's KJ-33 Helmet|Nikita's KJ-33 Helmet|Capacete KJ-33 de Nikita|Шлем Никиты KJ-33|尼基塔KJ-33頭盔|ニキータのKJ-33ヘルメット|니키타의 KJ-33 헬멧 (Nikita's KJ-33 Helmet)|Nikitas KJ-33-Helm|Casque KJ-33 de Nikita|Casco KJ-33 de Nikita|Hełm KJ-33 Nikity
helmet_curator_of_secrets|The Curator of Secrets|The Curator of Secrets|O Curador de Segredos|Хранитель Тайн|秘藏典藏官|秘密のキュレーター|비밀의 관리자 (The Curator of Secrets)|Der Hüter der Geheimnisse|Le gardien des secrets|El Curador de Secretos|Kustosz Tajemnic
helmet_sheep_kings_crown|Sheep King's Crown|Sheep King's Crown|Coroa do Rei Ovelha|Корона короля овец|羊王皇冠|羊王の王冠|양왕의 왕관 (Sheep King's Crown)|Krone des Schafkönigs|Couronne du roi des moutons|Corona del Rey Oveja|Korona Króla Owiec
helmet_warlords_fury|Warlord's Fury|Warlord's Fury|Fúria do Senhor da Guerra|Ярость военачальника|督軍之怒|軍閥の怒り|전쟁군주의 분노 (Warlord's Fury)|Wut des Kriegsherrn|Fureur de seigneur de la guerre|Furia del Señor de la Guerra|Furia Władcy Wojny
helmet_witches_brimmed_hat|Witches Brimmed Hat|Witches Brimmed Hat|Chapéu de Bruxa|Шляпа Ведьмы с полями|女巫帽|つばの魔女帽子|마녀의 챙 달린 모자 (Witches Brimmed Hat)|Hexenhut mit Krempe|Chapeau de sorcière|Sombrero de Ala Ancha de Bruja|Kapelusz z Rondem Wiedźmy
helmet_assassins_hood|Assassin's Hood|Assassin's Hood|Capuz do Assassino|Капюшон убийцы|殺手兜帽|アサシンのフード|암살자의 후드 (Assassin's Hood)|Kapuze des Assassinen|Capuche d'assassin|Capucha de Asesino|Kaptur Zabójcy
helmet_knight_captains_helmet|Knight Captain's Helmet|Knight Captain's Helmet|Capacete do Cavaleiro Capitão|Шлем рыцаря-капитана|騎士隊長頭盔|騎士隊長の兜|기사 대장의 헬멧 (Knight Captain's Helmet)|Helm des Ritterhauptmanns|Casque de capitaine chevalier|Yelmo del Capitán Caballero|Hełm Kapitana Rycerzy
helmet_chronomancers_observance|Chronomancer's Observance|Chronomancer's Observance|Observação da Chronomante|Соблюдение правил Хрономанта|時空術士儀式|クロノマンサーの観察|크로노맨서의 관찰자 (Chronomancer's Observance)|Beobachtung des Chronomanten|Observance de chronomancien|Observancia del Cronomante|Obserwacja Chronomanty
helmet_sand_manipulators_mask|Sand Manipulator's Mask|Sand Manipulator's Mask|Máscara do Manipulador das Areias|Маска для манипулятора песком|操縱沙子的面具|砂を操る者の仮面|모래 조작자의 가면 (Sand Manipulator's Mask)|Sandmanipulator Maske|Masque de manipulateur de sable|Máscara del Manipulador de Arena|Maska Manipulatora Piasku
helmet_ymirs_frozen_shroud|Ymir's Frozen Shroud|Ymir's Frozen Shroud|Manto Congelado de Ymir|Замороженный саван Имира|尤彌爾的冰凍面罩|ユミルの凍てつく覆い|이미르의 얼어붙은 망토 (Ymir's Frozen Shroud)|Ymirs gefrorenes Leichentuch|Linceul glacé d'Ymir|Sudario Helado de Ymir|Zamarznięta Zasłona Ymira
helmet_einars_horned_helmet|Einar's Horned Helmet|Einar's Horned Helmet|Capacete com Chifres de Einar|Рогатый шлем Эйнара|艾納爾的角盔|アイナーの角付き兜|에이나르의 뿔 헬멧 (Einar's Horned Helmet)|Einars gehörnter Helm|Casque à cornes d'Einar|Yelmo con Cuernos de Einar|Rogaty Hełm Einara
helmet_gabriels_brimmed_fedora|Gabriel's Brimmed Fedora|Gabriel's Brimmed Fedora|Fedora de Gabriel|Фетровая шляпа Габриэля с полями|加百列的軟呢帽|ガブリエルのつば付きフェドーラ帽|가브리엘의 챙 달린 페도라 (Gabriel's Brimmed Fedora)|Gabriels Fedora mit Krempe|Fedora de Gabriel|Fedora de Ala Ancha de Gabriel|Kapelusz z Rondem Gabriela
helmet_grimbones_visage|Grimbone's Visage|Grimbone's Visage|Viseira de Grimbone|Облик Гримбона|恐懼骸骨的面容|グリムボーンの顔|그림본의 가면 (Grimbone's Visage)|Grimbones Antlitz|Visage de Grimbone|Rostro de Huesosiniestro|Twarz Grimbone'a
helmet_odins_eternal_visage|Odin's Eternal Visage|Odin's Eternal Visage|Viseira Eterna de Odin|Вечный Лик Одина|奧丁的永恆面容 |オーディンの永遠の顔|오딘의 영원한 가면 (Odin's Eternal Visage)|Odins ewiges Antlitz|Visage éternel d'Odin|Rostro Eterno de Odín|Wieczna Twarz Odina
helmet_aetherweavers_veil|Aetherweaver's Veil|Aetherweaver's Veil|Véu do Tecelã de Éter|Завеса Эфирного Ткача|乙太編織者面紗|エーテルウィーバーのベール|에테르위버의 베일 (Aetherweaver's Veil)|Schleier des Ätherwebers|Voile de Tisségide|Velo del Tejedor de Éter|Zasłona Tkacza Eteru
helmet_sentinels_headguard|Sentinel's Headguard|Sentinel's Headguard|Protetor de Cabeça do Sentinela|Головной убор Стража|哨兵頭盔|センチネルのヘッ​​ドガード|센티넬의 머리 보호구 (Sentinel's Headguard)|Kopfschutz des Wächters|Cimier de la sentinelle|Guardacabeza del Centinela|Osłona Strażnika
helmet_executioners_headplate|Executioner's Headplate|Executioner's Headplate|Capacete do Carrasco|Головной убор Палача|劊子手頭盔|処刑人のヘッドプレート|집행인의 머리판 (Executioner's Headplate)|Kopfplatte des Henkers|Carapace de bourreau|Placa Craneal del Verdugo|Płyta Głowy Egzekutora
helmet_bloodthirsters_warhelm|Bloodthirster's Warhelm|Bloodthirster's Warhelm|Elmo de Guerra do Sanguinário|Боевой шлем Кровожадного Воина|嗜血者戰盔|ブラッドサースターのウォーヘルム|피에 굶주린 전투 투구 (Bloodthirster's Warhelm)|Kriegshelm des Blutdürsters|Heaume de soif de sang|Yelmo de Guerra del Sanguinario|Wojenny Hełm Krwawego Pragnienia
helmet_mages_starshroud|Mage's Starshroud|Mage's Starshroud|Manto Estrelado do Mago|Звездный Саван Мага|法師星罩|メイジのスターシュラウド|마기의 별 망토 (Mage's Starshroud)|Sternenschleier des Magiers|Linceul étoilé du mage|Sudario Estelar del Mago|Gwiezdna Zasłona Maga
helmet_reavers_headplate|Reaver's Headplate|Reaver's Headplate|Elmo do Ceifador|Головной убор Опустошителя|掠奪者頭盔|リーバーのヘッドプレート|약탈자의 머리판금 (Reaver's Headplate)|Kopfplatte des Plünderers|Plaque du ravageur|Placa Craneal del Atracador|Płyta Głowy Rabusia
helmet_judas_broken_halo|Juda's Broken Halo|Juda's Broken Halo|A Auréola Quebrada de Judas|Разбитый Ореол Иуды|猶大的破碎光環|ユダの壊れた光輪|유다의 깨진 후광 (Juda's Broken Halo)|Judas zerbrochener Heiligenschein|Halo brisé de Juda|Aureola Rota de Judas|Złamana Aureola Judy
helmet_solar_prophets_crown|Solar Prophet's Crown|Solar Prophet's Crown|Coroa do Profeta Solar|Корона Солнечного пророка|太陽先知之冠|太陽の預言者の王冠|태양 예언자의 왕관 (Solar Prophet's Crown)|Krone des Sonnenpropheten|Couronne du prophète solaire|Corona del Profeta Solar|Korona Proroka Słońca
helmet_lunar_prophets_tiara|Lunar Prophet's Tiara|Lunar Prophet's Tiara|Tiara do Profeta Lunar|Тиара Лунного Пророка|月亮先知頭飾|月の預言者のティアラ|달 예언자의 티아라 (Lunar Prophet's Tiara)|Tiara des Mondpropheten|Diadème du prophète lunaire|Tiara de la Profeta Lunar|Tiara Proroka Księżyca
helmet_butchers_hood|Butcher's Hood|Butcher's Hood|Capuz do Açougueiro|Мясничный капюшон|屠夫兜帽|屠殺者のフード|도살자의 후드 (Butcher's Hood)|Haube des Schlächters|Capuche du boucher|Capucha del Carnicero|Kaptur Rzeźnika
helmet_gabriels_dauntless_vision|Gabriel's Dauntless Vision|Gabriel's Dauntless Vision|Visão Destemida de Gabriel|Бесстрашное видение Габриэля|加百列的無畏願景|ガブリエルの不屈のビジョン|가브리엘의 용감한 시야 (Gabriel's Dauntless Vision)|Gabriels unerschrockene Vision|Vision audacieuse de Gabriel|Visión Intrépida de Gabriel|Nieustraszona Wizja Gabriela
helmet_thunder_callers_veil|Thunder Caller's Veil|Thunder Caller's Veil|Véu do Invocador de Trovões|Завеса призывателя грома|雷霆召喚者面紗|雷を呼び手のベール|천둥 부르는 자의 베일 (Thunder Caller's Veil)|Schleier des Donnerrufers|Voile de l'invocateur de tonnerre|Velo del Invocador de Truenos|Zasłona Przywoływacza Gromu
helmet_high_rollers_crown|High Roller's Deathcrown|High Roller's Deathcrown|Coroa da Morte do Grande Apostador|Корона смерти крупного игрока|死亡王冠|ハイローラーのデスクラウン|고위 도박사의 죽음 왕관 (High Roller's Deathcrown)|Todeskrone des High Rollers|Couronne de mort du flambeur|Coronamuerte del Apostador|Korona Śmierci High Rollera
helmet_gaze_of_the_oblivion|Gaze of the Oblivion|Gaze of the Oblivion|Olhar do Esquecimento|Взгляд забвения|遺忘凝視|忘却の視線|망각의 시선 (Gaze of the Oblivion)|Blick des Vergessens|Regard de l'oubli|Mirada del Olvido|Spojrzenie Otchłani
helmet_eternal_death|Eternal Death|Eternal Death|Morte Eterna|Вечная смерть|永恆死亡|永遠の死|영원의 죽음 (Eternal Death)|Ewiger Tod|Mort éternelle|Muerte eterna |Wieczna Śmierć
helmet_metal_vocalists_leather_mask|Metal Vocalist's Leather Mask|Metal Vocalist's Leather Mask|Máscara de Couro do Vocalista de Metal|Кожаная маска металлиста-вокалиста|金屬歌手皮革面具|メタルボーカリストの革製マスク|메탈 보컬리스트 가죽 마스크 (Metal Vocalist's Leather Mask)|Ledermaske des Metal-Sängers|Masque de cuir du chanteur de métal|Máscara de Cuero del Vocalista de Metal|Skórzana Maskara Metalowego Wokalisty
helmet_dragon_knights_helmet|Dragon Knight's Helmet|Dragon Knight's Helmet|Capacete do Cavaleiro Dragão |Шлем рыцаря-дракона |龍騎士頭盔 |ドラゴンナイトの兜 |용기사의 헬멧 (Dragon Knight's Helmet)|Helm des Drachenritters|Casque du chevalier dragon |Yelmo del Caballero Dragón|Hełm Rycerza Smoka
helmet_crown_of_doom|Crown of Doom|Tuomion Kruunu|Coroa da Perdição|Корона Судьбы|末日王冠|クラウン・オブ・ドゥーム|파멸의 왕관 (Crown of Doom)|Krone des Untergangs|Couronne du Destin|Corona de la Perdición|Korona Zagłady
helmet_lucifers_crown|Lucifer's Crown|Luciferin Kruunu|Coroa de Lúcifer|Корона Люцифера|路西法之冠|ルシファーのクラウン|루시퍼의 왕관 (Lucifer's Crown)|Luzifers Krone|Couronne de Lucifer|Corona de Lucifer|Korona Lucyfera
helmet_mask_of_celestial|Mask of the Celestial|Taivaallinen Naamio|Máscara do Celestial|Маска Небесного|天界面具|天界の仮面|천상의 가면 (Mask of the Celestial)|Maske des Himmlischen|Masque du Céleste|Máscara de lo Celestial|Maska Niebiańskiego
helmet_veil_of_consecration|Veil of Consecration|Pyhityksen Huntu |Véu da Consagração |Вуаль Посвящения |奉獻面紗 |聖別のヴェール|신성화의 면사포 (Veil of Consecration)|Schleier der Weihe|Voile de Consécration |Velo de la Consagración |Zasłona Poświęcenia
helmet_face_of_existence|Face of Existence|Olemassaolon Naama|Face da Existência |Лицо существования |存在之面容 |存在の顔 |존재의 얼굴 (Face of Existence)|Antlitz der Existenz|Visage de l'existence |Cara de la existencia |Twarz Istnienia
helmet_parasite_queens_tiara|Parasite Queen´s Tiara||Tiara da Rainha Parasita|Диадема Королевы Паразитов|寄生女王的冠冕|パラサイト・クイーンのティアラ|기생충 여왕의 티아라|Diadem der Parasitenkönigin|Diadème de la Reine parasite|Tiara de la Reina Parasitaria|Diadem Królowej Pasożytów
helmet_leviathans_crown|Leviathan´s Crown||Coroa do Leviatã |Корона Левиафана|利維坦的王冠|リヴァイアサンの王冠 |리바이어던의 왕관|Krone des Leviathans |Couronne du Léviathan |Corona del Leviatán|Korona Lewiatana
|||||||||||
lore_helmet_crown_of_north|Forged from tarethium deep in the glacial caves of Danethorpe. The ancient Jötunn tribe used to make these..||Forjado em Tarethiel, nas profundezas das cavernas glaciais de Danethorpe. A antiga tribo Jötunn costumava fabricá-los..|Выкованы из таретия глубоко в ледниковых пещерах Данеторпа. Древнее племя йотунн делало эти..|由丹尼斯索普冰川洞穴深處的塔雷金鍛造而成。古代 Jötunn 部落曾經製作過這些……|デインソープの氷河洞窟奥深く、タレチウムから鍛造された。古代ヨトゥン族は、かつてこれを作っていた。|데인소프의 빙하 동굴 깊숙한 곳에서 채굴한 타레시움으로 단련된 장비. 고대 요툰 부족이 이 장비를 만들곤 했다고 전해진다..|Tief in den Gletscherhöhlen von Danethorpe aus Tarethium geschmiedet. Der uralte Stamm der Jötunn stellte diese her.|Forgé à partir de tarethium dans les grottes glaciaires de Danethorpe. L'ancienne tribu Jötunn fabriquait ces artefacts, mais la technique s'est perdue depuis bien des siècles.|Forjada con tarethium en las profundidades de las cuevas glaciales de Danethorpe. La antigua tribu Jötunn solía fabricarlas.|Wykuty z taretium głęboko w lodowych jaskiniach Danethorpe. Pradawne plemię Jötunn kiedyś robiło takie..
lore_helmet_tenebris_grievance|Tenebris was a legendary battlefield medic specialized in amputations. He used this weird kind of substance to relieve pain..||Tenebris era um lendário médico de campo de batalha especializado em amputações. Ele usava esse tipo estranho de substância para aliviar a dor..|Тенебрис был легендарным боевым медиком, специализировавшимся на ампутациях. Он использовал это странное вещество для облегчения боли..|泰尼布里斯是一位傳奇的戰地醫生,專門從事截肢手術. 他用這種奇怪的物質來緩解疼痛…… |テネブリスは、切断手術を専門とする伝説の戦場医だった。彼はこの奇妙な物質を痛みを和らげるために使っていた。|테네브리스는 전설적인 전장의 의무병으로, 절단 수술에 특화되어 있었다. 그는 통증을 완화하기 위해 기묘한 물질을 사용했다고 한다..|Tenebris war ein legendärer Schlachtfeldmediziner, spezialisiert auf Amputationen. Er verwendete diese seltsame Substanz zur Schmerzlinderung.|Tenebris était un médecin légendaire spécialisé dans les amputations. Il utilisait une substance étrange pour soulager la douleur...|Tenebris fue un legendario médico de campo de batalla especializado en amputaciones. Usaba este extraño tipo de sustancia para aliviar el dolor...|Tenebris był legendarnym medykiem pola bitwy specjalizującym się w amputacjach. Używał tej dziwnej substancji, aby złagodzić ból..
lore_helmet_pit_lords_vanquisher|From the dark pits of Tarethiel, a legendary gladiator's visage carries the strength of ten warriors and memories of untold battles.||Dos poços escuros de Tarethiel, uma viseira de um lendário gladiador carrega a força de dez guerreiros e memórias incontáveis de batalhas.|Из темных ям Таретиэля облик легендарного гладиатора несет в себе силу десяти воинов и воспоминания о неисчислимых битвах.|來自塔雷希爾的黑暗深淵，一位傳奇角鬥士的面容承載著十名戰士的力量和無數戰鬥的記憶。|タレシエルの暗黒の穴から、伝説の剣闘士の顔には、十人の戦士の力と数え切れないほどの戦いの記憶が宿っている。|타레시엘의 어두운 구덩이에서 전설적인 검투사의 얼굴은 열 명의 전사들의 힘과 말로 다 할 수 없는 전투의 기억을 담고 있습니다.|Aus den dunklen Tiefen von Tarethiel trägt das Antlitz eines legendären Gladiators die Kraft von zehn Kriegern und Erinnerungen an unzählige Schlachten in sich.|Depuis les sombres fosses de Tarethiel, le visage d'un gladiateur légendaire porte ce casque dans chacun de ses combats|Desde los oscuros fosos de Tarethiel, el rostro de un legendario gladiador porta la fuerza de diez guerreros y los recuerdos de incontables batallas.|Z ciemnych dołów Tarethiel, legendarna twarz gladiatora niesie siłę dziesięciu wojowników i wspomnienia niezliczonych bitew.
lore_helmet_lava_kings_lost_mask|In the depths of Muspelheim, forged from the ever-flowing molten rock by an ancient being who seeks to be freed once more.||Nas profundezas de Muspelheim, forjado a partir da rocha sempre derretida por um ser que busca ser libertado mais uma vez.|В глубинах Муспельхейма, выкованный из вечно текущей расплавленной породы древним существом, которое стремится снова освободиться.|在穆斯貝爾海姆的深處， 由一位尋求再次自由的古代生物用不斷流動的熔岩鑄造而成。 |ムスペルヘイムの深淵で、再び解放を求める古代の存在によって、絶えず流れる溶岩から鍛造された。|무스펠헤임 깊은 곳, 끊임없이 흐르는 용암에서 단련된 장비. 자유를 다시 얻기 위해 깨어나려는 고대 존재의 손에 의해 만들어졌다.|In den Tiefen von Muspelheim, aus dem ewig fließenden geschmolzenen Gestein geschmiedet von einem uralten Wesen, das erneut befreit werden will.|Dans les profondeurs de Muspelheim, forgé à partir de la roche en fusion qui ne cesse de couler, par un être ancien qui cherche à être libéré une fois de plus.|En las profundidades de Muspelheim, forjada con la roca fundida que fluye eternamente por un ser antiguo que busca ser liberado una vez más.|W głębinach Muspelheimu, wykuty z wiecznie płynącej lawy przez pradawną istotę, która pragnie ponownie się uwolnić.
lore_helmet_nikitas_kj33_helmet|Let there be carnage or bloodshed, keep your head protected and vision clear.||Mesmo que haja carnificina ou derramamento de sangue, mantenha sua cabeça protegida e sua visão clara.|Пусть будет бойня или кровопролитие, держите голову защищенной, а зрение ясным.|即使發生屠殺或流血，也要保護你的頭部並保持視野清晰。  |大虐殺であろうと流血であろうと、頭を守り、視界をクリアに保て。|학살이든 유혈이든, 머리를 지키고 시야를 확보하라.|Möge es Gemetzel oder Blutvergießen geben, halte deinen Kopf geschützt und deine Sicht klar.|Qu'il y ait carnage ou effusion de sang, gardez votre tête protégée et votre vision claire.|Haya carnicería o derramamiento de sangre, mantén la cabeza protegida y la visión clara.|Niech będzie rzeź lub rozlew krwi, chroń głowę i zachowaj klarowność widzenia.
lore_helmet_sight_of_gods|Eyes of judgment cast from above, see the world with their gaze once more.||Olhos do julgamento lançados do alto, vejam o mundo com o seu olhar mais uma vez.|Осуждающие глаза, низведенные свыше, еще раз смотрят на мир их взглядом.|審判之眼從上方投下，再次用目光看世界。|天から投げかけられた審判の目よ、その視線で再び世界を見よ。|하늘에서 내리꽂는 심판의 눈. 그 시선으로 세상을 다시 본다.|Augen des Urteils, von oben herab gerichtet, sieh die Welt wieder mit ihrem Blick.|Les yeux du jugement, depuis là-haut, voient à nouveau le monde avec leur regard.|Ojos de juicio lanzados desde lo alto, ved el mundo con su mirada una vez más.|Oczy sądu rzucane z góry, spójrz ponownie na świat ich spojrzeniem.
lore_helmet_grimbones_visage|Grimbone the hivemind of tormented souls, face of terror to all those who meet their fate in Niflhel.||Grimbone, a mente coletiva das almas atormentadas, a face do terror para todos aqueles que encontram seu desinto em Niflhel.|Гримбон - разум улья измученных душ, лицо ужаса для всех тех, кто встретил свою судьбу в Нифльхеле.|恐懼骸骨是飽受折磨的靈魂的集合體，對所有在尼夫海姆命不久矣的人來說都是恐懼的面孔。|苦悩する魂の集合意識、グリムボーン。ニヴルヘルで運命を辿る者すべてにとって恐怖の顔。|고통받는 영혼의 집단의식, 그림본. 니플헤임에서 최후를 맞이한 자들에게 공포 그 자체의 얼굴로 남는다.|Grimbone, der Schwarmgeist gequälter Seelen, Gesicht des Schreckens für all jene, die in Niflhel ihrem Schicksal begegnen.|Grimbone, l'esprit de la ruche des âmes tourmentées, le visage de la terreur pour tous ceux qui rencontrent leur destin à Niflhel.|Grimbone, la mente colmena de las almas atormentadas, el rostro del terror para todos aquellos que encuentran su destino en Niflhel.|Grimbone – hivemind udręczonych dusz, twarz terroru dla wszystkich, którzy spotkają swój los w Niflhelu.
lore_helmet_high_rollers_crown|The next big win is right around the corner, keep going.||A próxima grande vitória está logo ali na esquina, continue.|Следующая большая победа уже не за горами, продолжайте идти.|下一個重大勝利就在眼前，繼續前進。|次の大勝利はすぐそこだ。諦めずに進み続けろ。虚空の深淵にて、古の生命が弱き者たちを見つめる…|다음 대승은 눈앞에 있다. 멈추지 마라.|Der nächste große Sieg steht vor der Tür, mach weiter so.|La prochaine grande victoire approche à grands pas, continuez.|La próxima gran victoria está a la vuelta de la esquina, sigue adelante.|Następna wielka wygrana jest tuż za rogiem, idź dalej.
lore_helmet_gaze_of_the_oblivion|Deep beyond the void, an ancient being gazes upon the weak mortals…||Nas profundezas do vazio, um ser antigo contempla os fracos mortais...|Глубоко за пустотой древнее существо смотрит на слабых смертных...|虛空深處，遠古存在註視著弱小的凡人……|アムン・ラーの第三の目…伝説によれば、それは死の精髄を宿す不毛の次元への入り口…|공허 너머 깊은 곳에서 고대 존재가 연약한 인간들을 바라보고 있다..|Tief hinter der Leere blickt ein uraltes Wesen auf die schwachen Sterblichen herab …|Au-delà du vide, un être ancien contemple les faibles mortels…|Más allá del vacío, un ser antiguo contempla a los débiles mortales…|Głęboko poza pustką pradawna istota spogląda na słabych śmiertelników…
lore_helmet_eternal_death|The third eye of Amun Ra.. Legends say it is a portal to a barren dimension fueled by the essence of death..||O terceiro olho de Amun Ra... Dizem as lendas que é um portal para uma dimensão árida, alimentada pela essência da morte.|Третий глаз Амона Ра... Легенды гласят, что это портал в бесплодное измерение, подпитываемое сущностью смерти...|阿蒙·拉的第三隻眼……傳說這是通往由死亡之源所驅動的貧瘠維度的傳送門……  |恐怖を掻き立てる革の顔に、生きるための叫び声！|아문 라의 제3의 눈.. 전설에 따르면, 이는 죽음의 정수가 깃든 황량한 차원으로 통하는 포탈이라 한다.|Das dritte Auge von Amun Ra … Legenden besagen, es sei ein Portal zu einer öden Dimension, die von der Essenz des Todes angetrieben wird …|Le troisième œil d'Amon Rê… Les légendes disent que c'est un portail vers une dimension aride, alimenté par l'essence de la mort…|El tercer ojo de Amón-Ra... Las leyendas dicen que es un portal a una dimensión estéril alimentada por la esencia de la muerte...|Trzecie oko Amun Ra.. Legendy mówią, że jest to portal do jałowego wymiaru napędzanego esencją śmierci..
lore_helmet_metal_vocalists_leather_mask|The fear inducing leather face with the screamo to live for!||O rosto de couro que induz ao medo, com o grito que faz viver!|Вызывающее страх кожаное лицо с криком, ради которого стоит жить!|令人恐懼的皮革面孔和令人尖叫的聲音令人難以忘懷！|感じるか？ ドラゴンの息が肌を焦がす… |살 떨리는 비명과 함께 살아 숨 쉬는 공포의 가죽 얼굴!|Das furchteinflößende Ledergesicht mit dem Schrei, für den es sich zu leben lohnt!|Le visage de cuir terrifiant, avec le cri qui donne envie de vivre !|¡El rostro de cuero que induce al miedo con el screamo por el que vivir!|Straszna skórzana twarz z screamo, dla którego warto żyć!
lore_helmet_dragon_knights_helmet|Can you feel it? The dragon's breath burning your skin..||Consegue sentir? O hálito do dragão queimando sua pele. |Вы чувствуете это? Дыхание дракона обжигает вашу кожу... |你能感覺到嗎？龍的呼吸灼傷了你的皮膚…… |感じますか？ドラゴンの息が肌を焦がすような… |느껴지시나요? 용의 숨결이 당신의 피부를 태우는 것 같아요. |Kannst du es spüren? Der Atem des Drachen verbrennt deine Haut …|Le sentez-vous ? Le souffle du dragon vous brûle la peau… |¿Puedes sentirlo? El aliento del dragón quemando tu piel...|Czy czujesz to? Oddech smoka palący twoją skórę..
lore_helmet_crown_of_doom|Crown of the most feared warrior to ever entertain the crowd in the colosseum..|Pelätyimmän soturin kruunu, joka on koskaan viihdyttänyt väkijoukkoa Colosseumilla...|Coroa do guerreiro mais temido que já entreteve a multidão no Coliseu.|Корона самого грозного воина, когда-либо развлекавшего толпу в Колизее.|鬥獸場中最令人恐懼的戰士王冠……|コロッセオで観衆を魅了し、最も恐れられた戦士の王冠..|콜로세움에서 관객들을 열광시킨, 가장 두려움받는 전사의 왕관..|Die Krone des gefürchtetsten Kriegers, der jemals die Menge im Kolosseum unterhielt.|Couronne du guerrier le plus redouté ayant jamais diverti la foule du Colisée.|Corona del guerrero más temido que jamás haya entretenido a la multitud en el coliseo.|Korona najbardziej przerażającego wojownika, który kiedykolwiek zabawiał tłum w koloseum..
lore_helmet_lucifers_crown|Forged from divine essence and worn by the morning star..|Taottu jumalallisesta olemuksesta ja aamutähden kantama...|Forjada em essência divina e usada pela estrela da manhã.|Выкованная из божественной сущности и носимая утренней звездой.|由神聖精華鍛造而成，由晨星所佩戴……|神聖なエッセンスから鍛えられ、明けの明星に戴かれた..|신성한 정수로 주조되어 새벽의 별이 머리에 쓴 왕관..|Aus göttlicher Essenz geschmiedet und vom Morgenstern getragen.|Forgée d'essence divine et portée par l'étoile du matin.|Forjada con esencia divina y llevada por la estrella de la mañana.|Wykuta z boskiej esencji i noszona przez poranną gwiazdę..
lore_helmet_mask_of_celestial|Caged by the void's gaze..|Häkissä tyhjyyden katse... |Presa pelo olhar do vazio. |Заключенная во взоре пустоты. |被虛空的目光所籠罩…… |虚無の眼差しに囚われて..|공허의 시선에 사로잡힌..|Gefangen im Blick der Leere.|Emprisonnée par le regard du vide. |Enjaulada por la mirada del vacío. |Uwięziona spojrzeniem pustki..
lore_helmet_face_of_existence|The uncomfortable gaze of creation..||O olhar incômodo da criação... |Неприятный взгляд творения... |造物主令人不安的凝視…… |創造の不快な視線… |창조의 불편한 시선… |Der unbequeme Blick der Schöpfung…|Le regard inconfortable de la création... |La mirada incómoda de la creación... |Niewygodne spojrzenie stworzenia..
lore_helmet_parasite_queens_tiara|Fueled by its hosts life essence providing terrifying power..||Alimentado pela essência vital de seu hospedeiro, conferindo um poder aterrorizante...|Подпитываемое жизненной силой своих хозяев, дарующей ужасающую силу..|以宿主精氣為食，賦予駭人的巨力……|宿主の生命の奔流を糧とし、恐るべき力を放つ……|숙주의 생명 정수를 흡수하여 무시무시한 힘을 발휘하는…|Gespeist von der Lebensessenz seines Wirts, die ihm furchterregende Macht verleiht ...|Alimenté par l'essence vitale de son hôte, lui conférant une puissance terrifiante...|Alimentada por la esencia vital de su huésped, proporciona un poder aterrador.|Napędzana życiową esencją nosiciela, zapewniającą przerażającą moc...
lore_helmet_leviathans_crown|The skull of an ancient Leviathan..||O crânio de um antigo Leviatã... |Череп древнего Левиафана...|遠古利維坦的頭骨……|太古のレヴィアタンの頭蓋骨…… |고대 리바이어던의 두개골…|Der Schädel eines uralten Leviathans ... |Le crâne d'un ancien Léviathan... |El cráneo de un antiguo Leviatán.|Czaszka starożytnego Lewiatana...
|||||||||||
[gloves]|||||||||||
gloves_normal_heavy_gloves|Heavy Gloves|Raskaat hanskat|Luvas Pesadas|Тяжелые Перчатки|厚皮手套|ヘビーグローブ|헤비 글러브 (Heavy Gloves)|Schwere Handschuhe|Paire de gants|Guantes Pesados|Ciężkie Rękawice
gloves_normal_chain_gloves|Chain Gloves|Ketjuhanskat|Luvas de Aço|Перчатки с цепочкой|鍊甲手套|チェーングローブ|체인 글러브 (Chain Gloves)|Kettenhandschuhe|Paire de gants en mailles|Guantes de Malla|Rękawice Łańcuchowe
gloves_normal_gauntlets|Gauntlets|Hanskat|Manoplas do Lanceiro|Перчатки|鋼鐵護手|ガントレット|건틀릿 (Gauntlets)|Stulpen|Paire de gantelets|Guanteletes|Rękawice Płytowe
gloves_normal_leather_gloves|Leather Gloves|Nahkakäsineet|Luvas de Couro|Кожаные Перчатки|皮革手套|レザーグローブ|가죽 장갑 (Leather Gloves)|Lederhandschuhe|Paire de gants en cuir|Guantes de Cuero|Skórzane Rękawice
gloves_normal_snakeskin_gloves|Snakeskin Gloves|Snakeskin käsineet|Luvas de Pele de Cobra|Перчатки из Змеиной кожи|蛇皮手套|スネークスキングローブ|뱀가죽 글러브 (Snakeskin Gloves)|Schlangenhauthandschuhe|Paire de gants de serpent|Guantes de Piel de Serpiente|Rękawice ze Skóry Węża
gloves_normal_heavy_bracers|Heavy Bracers|Raskaat Bracers|Braçadeiras Pesadas|Тяжелые Наручи|重型護腕|ヘビーブレーサー|헤비 브레이서 (Heavy Bracers)|Schwere Armschienen|Paire de manchons lourds|Brazales Pesados|Ciężkie Karwasze
gloves_normal_war_gauntlets|War Gauntlets|Sotahansikkaat|Manoplas de Guerra|Боевые перчатки|征戰護手|ウォーガントレット|전쟁 건틀릿 (War Gauntlets)|Kriegshandschuhe|Paire de gantelets de bataille|Guanteletes de Guerra|Wojenne Rękawice Płytowe
gloves_normal_devilhide_gloves|Devilhide Gloves|Devilhide käsineet|Luvas de Couro Demoníaco|Перчатки из Дьявольской кожи|惡魔皮手套|デビルハイドグローブ|데빌가죽 글러브 (Devilhide Gloves)|Teufelshauthandschuhe|Paire de gants de démon|Guantes de Piel de Demonio|Rękawice z Diabelskiej Skóry
gloves_normal_vampirebone_gloves|Vampirebone Gloves|Vampirebone käsineet|Luvas de Ossos de Vampiro|Перчатки из кости Вампира|吸血鬼骸骨手套|ヴァンパイアボーングローブ|뱀파이어뼈 글러브 (Vampirebone Gloves)|Vampirknochenhandschuhe|Paire de gants vampiriques|Guantes de Hueso de Vampiro|Rękawice z Kości Wampira
gloves_normal_demonbraces|Demonbraces|Demonbraces|Braçadeiras Demoníacas|Демонские Наручники|惡魔護腕|デーモンブレース|데몬 브레이서 (Demonbraces)|Dämonenarmschienen|Paire de manchons de démon|Brazales de Demonio|Demoniczne Karwasze
gloves_normal_ogre_gauntlets|Ogre Gauntlets|Ogre Gauntlets|Manoplas de Ogro|Перчатки Людоеда|食人魔護手|オーガガントレット|오우거 건틀릿 (Ogre Gauntlets)|Oger-Stulpen|Paire de gantelets ogre|Guanteletes de Ogro|Rękawice Ogra
gloves_normal_archmage_wraps|Archmage Wraps|Archmage-kääreet |Trapos Mágicos|Обертывания Архимага|大法師手套 |アークメイジラップ |대마법사 덮개 (Archmage Wraps)|Erzmagier-Wickel|Paire de gants d'archimage|Vendajes de Archimago|Owijacze Arcymaga
|||||||||||
[gloves_unique]|||||||||||
gloves_shadows_grasp|Shadow's Grasp|Varjon Ote|Aperto das Sombras|Хватка тени|暗影之握|影の握り拳|섀도우의 손아귀 (Shadow's Grasp)|Schattengriff|Étreinte de l'ombre|Agarre de las Sombras|Uścisk Cienia
gloves_midas_hands|Midas' Hands|Midaksen Kädet|Mãos de Midas|Руки Мидаса|米達斯之手|ミダースの手|미다스의 손 (Midas' Hands)|Midashände|Mains de Midas|Manos de Midas|Ręce Midasa
gloves_scuttle_crab_gauntlets|Scuttle Crab Gauntlets|Kipittäjäraputaisteluhanskat|Manoplas de Caranguejo|Рукавицы для Ловли Крабов|河蟹爪|慌てる蟹の籠手|스커틀 게 건틀릿 (Scuttle Crab Gauntlets)|Schiffskrabbenhandschuhe|Gantelets de crabe|Guanteletes del Cangrejo Corredor|Rękawice Kraba Scuttle
gloves_warmasters_tribal_paws|Warmaster's Tribal Paws|Sotamestarin Heimotassut|Garras Tribais do Mestre de Guerra|Племенные лапы Воителя|戰帥的部落爪子|ウォーマスターの部族の掌|워마스터 부족 발톱 (Warmaster's Tribal Paws)|Stammespranken des Kriegsmeisters|Pattes tribales du maître de guerre|Zarpas Tribales del Maestro de Guerra|Plemienne Łapy Warmastera
gloves_deaths_grasp|Death's Grasp|Kuoleman Ote|Aperto da Morte|Хватка смерти|死亡之握|死の握り拳|죽음의 손아귀 (Death's Grasp)|Todesgriff|Étreinte de la mort|Agarre de la Muerte|Uścisk Śmierci
gloves_anubis_mighty_hands|Anubis' Mighty Hands|Anubiksen Mahtavat Kädet|Mãos Poderosas de Anúbis|Могучие Руки Анубиса|阿努比斯的強大之手|アヌビスの偉大な手|아누비스의 강력한 손 (Anubis' Mighty Hands)|Mächtige Hände von Anubis|Mains puissantes d'Anubis|Manos Poderosas de Anubis|Potężne Ręce Anubisa
gloves_mevius_mighty_gauntlets|Mevius' Mighty Gauntlets|Meviuksen Mahtavat Taisteluhanskat|Manoplas Poderosas de Mevius|Могучие рукавицы Мевиуса|梅維烏斯的強力護手|メビウスの偉大な籠手|뫼비우스의 강력한 건틀릿 (Mevius' Mighty Gauntlets)|Mevius' Mächtige Handschuhe|Gantelets puissants de Mevius|Guanteletes Poderosos de Mevius|Potężne Rękawice Meviusa
gloves_throat_cutters|Throat Cutters|Kurkunleikkajat|Corta-Gargantas|Кусачки для горла|割喉器|スロートカッター|목 베는 자 (Throat Cutters)|Kehlentrenner|Coupe-gorge|Cortagargantas|Podrzynacze Gardła
gloves_thors_battle_gloves|Thor's Battle Gloves|Odinin Taisteluhanskat|Luvas de Batalha de Thor|Боевые перчатки Тора|索爾的戰鬥手套|オーディンのバトルグローブ|토르의 전투 장갑 (Thor's Battle Gloves)|Odins Schlacht-Handschuhe|Gants de bataille de Thor|Guantes de Batalla de Thor|Bitewne Rękawice Thora
gloves_nomads_sand_mitts|Nomad's Sand Mitts|Vaeltajan Hiekkakintaat|Luvas de Areia do Nômade|Песчаные рукавицы Кочевника|游牧民沙手套|ノマドのサンドミッツ|노매드 모래 미트 (Nomad's Sand Mitts)|Sandhandschuhe des Nomaden|Mitaines de sable de nomade|Mitones de Arena del Nómada|Piaskowe Rękawice Nomada
gloves_marksmans_hunting_gloves|Marksman's Hunting Gloves|Jousiampujan Metsästyshanskat|Luvas de Caça do Atirador|Охотничьи перчатки стрелка|神射手的狩獵手套|マークスマンのハンティンググローブ|명사수 사냥 장갑 (Marksman's Hunting Gloves)|Jagdhandschuhe des Marksman|Gants de chasse de tireur d'élite|Guantes de Caza del Tirador|Myśliwskie Rękawice Strzelca
gloves_doctors_grasp|Doctor's Grasp|Tohtorin Ote|Aperto do Médico|Хватка врача|醫生之握|ドクターズグラスプ|의사의 손아귀 (Doctor's Grasp)|Griff des Doktors|Poigne du docteur|Agarre del Doctor|Uścisk Doktora
gloves_dantes_mitts|Dante's Mitts|Danten käsineet |Luvas de Dante|Рукавицы Данте|但丁的手套 |ダンテのミット |단테의 미트 (Dante's Mitts)|Dantes Fäustlinge|Mitaines de Dante|Mitones de Dante|Rękawice Dantego
gloves_lancers_gauntlets|Lancers Gauntlets|Kilpiseivästäjän Taisteluhanskat|Manoplas do Lanceiro|Перчатки для копейщиков|槍騎兵護手|ランサーズガントレット|창병 건틀릿 (Lancers Gauntlets)|Handschuhe des Lanzenreiters|Gantelets de lanciers|Guanteletes de Lancero|Rękawice Lancera
gloves_devils_grasp|Devil's Grasp|Paholaisen Ote|Aperto do Diabo|Хватка дьявола|惡魔之握|デビルズグラスプ|악마의 손아귀 (Devil's Grasp)|Griff des Teufels|Poigne du démon|Agarre del Diablo|Uścisk Diabła
gloves_gloves_of_wilderness|Gloves of Wilderness|Erämaan Käsi|Luvas de Natureza Selvagem|Перчатки дикой природы|荒野手套|荒野の手|황야의 장갑 (Gloves of Wilderness)|Hände der Wildnis|Gants de la nature sauvage|Guantes de lo Salvaje|Rękawice Dziczy
gloves_hands_of_flame|Hands of Flame|Liekin Kädet|Mãos da Chama|Руки пламени|火焰之手|炎の手|화염의 손 (Hands of Flame)|Hände der Flammen|Mains de flamme|Manos de la Llama|Ręce Płomieni
gloves_conjurer_mitts|Conjurer Mitts|Velhokintaat|Luvas do Conjurador|Рукавицы Фокусника|魔術師手套|コンジュラーミッツ|소환사 미트 (Conjurer Mitts)|Handschuhe des Beschwörers|Mitaines du prestidigitateur|Mitones de Conjurador|Rękawice Przywoływacza
gloves_zealots_deathbringers|Zealot's Deathbringers|Kiihkoilijan Kuolemantuojat|Combatentes da Morte do Fanático|Несущие смерть фанатики|狂熱者的死亡使者|熱狂者の死をもたらす者|질럿의 사자 (Zealot's Deathbringers)|Eiferers Todesbringer|Porteurs de mort de zélote|Portadores de Muerte del Fanático|Śmiercionośne Ręce Zealota
gloves_bone_conjurers_grips|Bone Conjurer's Grips|Luidentekijän Hanskat|Punhos do Conjurador de Ossos|Захваты Костяного Фокусника|骨法師之握|ボーンコンジュラーのグリップ|뼈 소환사의 그립 (Bone Conjurer's Grips)|Knochenbeschwörergriffe|Griffes d'Invocateur d'os|Agarres del Conjurador de Huesos|Uchwyty Przywoływacza Kości
gloves_lumberjacks_safety_gloves|Lumberjack's Safety Gloves||Luvas de Segurança do Lenhador|Защитные Перчатки Лесоруба|伐木工的安全手套|木こりの安全手袋 |나무꾼 안전 장갑 (Lumberjack's Safety Gloves)|Holzfäller-Sicherheitshandschuhe|Gants de sécurité de bûcheron|Guantes de Seguridad del Leñador|Bezpieczne Rękawice Drwala
gloves_bloodletters_plated_gauntlet|Blood-letter's Plated Gauntlet|Blood-letter's Plated Gauntlet|Luvas do Flebotomista|Покрытая Кровью Перчатка письма|放血者的重裝板甲手套|ブラッドレターのプレートガントレット|피-편지의 판금 건틀릿 (Blood-letter's Plated Gauntlet)|Blood-letter's Plated Gauntlet|Gantelet plaqué de gravesang|Guantelete de Placas del Sangrador|Płytowe Rękawice Krwiopuszczacza
gloves_venoms_talons|Venom's Talons|Venom's Talons|Venom's Talons|Когти Венома|毒液利爪|ヴェノムの爪|맹독의 발톱 (Venom's Talons)|Venom's Talons|Griffes de Venom|Garras de Veneno|Szpony Venoma
gloves_champions_fighting_gloves|Champion's Fighting Gloves|Champion's Fighting Gloves|Luvas de Combate do Campeão|Боевые перчатки Чемпиона|冠軍的格鬥手套|チャンピオンのファイティンググローブ|챔피언 전투 장갑 (Champion's Fighting Gloves)|Champion's Fighting Gloves|Gants de combat du champion|Guantes de Lucha del Campeón|Rękawice Walki Championa
gloves_lost_masters_gauntlets|Lost Master's Gauntlets|Lost Master's Gauntlets|Manoplas do Mestre Perdido|Перчатки Потерянного Мастера|失落大師護手 |ロストマスターのガントレット |잃어버린 마스터의 건틀릿 (Lost Master's Gauntlets)|Lost Master's Gauntlets|Gants du maître perdu|Guanteletes del Maestro Perdido|Rękawice Zagubionego Mistrza
gloves_brawlers_fighting_mitts|Brawler's Fighting Mitts|Taistelijan Taistelukintaat|Luvas de Combate do Brigão|Боевые рукавицы Скандалиста|格鬥家搏擊手套|喧嘩屋の格闘ミット|투사의 전투 미트 (Brawler's Fighting Mitts)|Brawler's Fighting Mitts|Mitaines de combat du bagarreur|Mitones de Lucha del Peleador|Rękawice Walki Brawlera
gloves_shadow_occultists_wraps|Shadow Occultist's Wraps|Shadow Occultist's Wraps|Trapos do Ocultista Sombrio|Теневые Обертывания Оккультиста|暗影秘術師裹腕 |シャドウオカルティストのラップ |섀도우 오컬티스트 덮개 (Shadow Occultist's Wraps)|Shadow Occultist's Wraps|Gants de l'occultiste des ombres|Vendajes del Ocultista Sombrío|Owijacze Okultysty Cienia
gloves_razor_knuckles|Razor Knuckles|Razor Knuckles|Punhos de Navalha|Костяшки Пальцев , как Бритва|剃刀指關節|レイザー・ナックルズ|면도날 너클 (Razor Knuckles)|Rasierklinge|Poings-rasoir|Nudillos de Navaja|Knykcie Brzytwy
gloves_siege_breakers|Siege Breakers|Piirityksen rikkojat|Rompedoras de Cerco|Разрушители Осады|攻城者|包囲突破者 |공성 파괴자 (Siege Breakers)|Belagerungsbrecher|Briseurs de siège|Rompeasedios|Rozbijacze Oblężenia
gloves_spellweavers|Spellweavers|Loitsunkirjoittajat|Tecedoras de Feitiço|Ткачи заклинаний|法術編織者|スペルウィーバー|스펠위버 (Spellweavers)|Spellweavers|Tisseurs de sorts|Tejehechizos|Tkacze Czarów
gloves_ahtos_diamond_hands|St. Ahto's Diamond Hands|Pyhän Ahto timanttiset kädet|Mãos de Diamante de St. Ahto|Бриллиантовые руки Святого Ахто|聖阿托的鑽石手套|セント・アトスのダイヤモンド・ハンズ |성 아토의 다이아몬드 손 (St. Ahto's Diamond Hands)|St. Ahto's Diamantenhände|Mains diamantées de St. Ahto|Manos de Diamante de San Ahto|Diamentowe Ręce św. Ahto
gloves_uabels_gloves|Uabel's Gloves|Uabelin käsineet|Luvas de Uabel|Перчатки Уабель|烏伯爾的手套|ウアベルの手袋|우아벨 장갑 (Uabel's Gloves)|Uabels Handschuhe|Gants d'Uabel|Guantes de Uabel|Rękawice Uabela
gloves_battle_worn_gauntlets|Battle Worn Gauntlets|Taistelun kuluneet hansikkaat|Manoplas Desgastadas de Batalha|Боевые Изношенные Перчатки|戰鬥磨損的護手|バトルウェアン・ガントレット|전투로 닳은 건틀릿 (Battle Worn Gauntlets)|Kampf getragene Stulpen|Gantelets parés au combat|Guanteletes Desgastados por la Batalla|Bitewne Rękawice Zużyte
gloves_wisdoms_hold|Wisdom's Hold|Viisauden ote|Garra do Conhecimento|Трюм мудрости|智慧之握|叡智の掌握|지혜의 손아귀 (Wisdom's Hold)|Wisdom's Hold|Etreinte de sagesse|Sujeción de la Sabiduría|Uścisk Mądrości
gloves_imbued_mage_gloves|Imbued Mage Gloves|Imbued Mage Gloves|Luvas Imbuídas de Magia|Пропитанные Перчатки Мага|魔力灌注手套|魔力付与の魔術師の手袋|마법이 깃든 장갑 (Imbued Mage Gloves)|Imbued Mage Gloves|Gants de mage imprégnés|Guantes de Mago Imbuidos|Nasączone Rękawice Maga
gloves_battle_casters_gauntlets|Battle Caster's Gauntlets|Taistele Casterin käsineitä vastaan|Manoplas do Conjurador de Batalha|Перчатки Боевого Заклинателя|戰鬥法師護手|戦闘術師のガントレット|전투 마법사 건틀릿 (Battle Caster's Gauntlets)|Battle Caster's Gauntlets|Gantelets de maître de combat|Guanteletes del Hechicero de Batalla|Rękawice Maga Bitewnego
gloves_plated_crimson_defenders|Plated Crimson Defenders|Pinnoitetut Crimson Defenders|Defensores Carmesim|Покрытые Малиновым Покрытием Защитники|鍍金深紅色守禦者|深紅の装甲の守護者|판금 진홍 수호자 (Plated Crimson Defenders)|Plated Crimson Defenders|Défenseurs cramoisis plaqués|Defensores Carmesí de Placas|Płytowe Karmazynowe Obrońce
gloves_sand_manipulators_authority|Sand Manipulator's Authority|Sand Manipulator's Authority|Autoridade do Manipulador das Areias|Полномочия манипулятора песком|御沙者的權威|砂を操る者の権威|모래 조작자의 권위 (Sand Manipulator's Authority)|Sand Manipulator's Authority|Autorité du manipulateur de sable|Autoridad del Manipulador de Arena|Autorytet Manipulatora Piasku
gloves_einars_padded_gauntlets|Einar's Padded Gauntlets|Einarin pehmustetut hanskat|Manoplas Acolchoadas de Einar|Мягкие перчатки Эйнара|艾納爾的襯墊護手 |アイナーのパッド入りガントレット |에이나르의 패딩 건틀릿 (Einar's Padded Gauntlets)|Einar's Padded Gauntlets|Gantelets rembourrés d'Einar|Guanteletes Acolchados de Einar|Wypchane Rękawice Einara
gloves_rapidcaster_mitts|Rapidcaster Mitts|Rapidcaster käsineet|Luvas do Conjurador Rápido|Рукавицы Rapidcaster|快速施法手套|ラピッドキャスターミット|래피드캐스터 미트 (Rapidcaster Mitts)|Schnellzauberer-Fäustlinge|Mitaines de lanceur de sorts|Mitones de Lanzamiento Rápido|Rękawice Szybkiego Rzucania
gloves_lifeward_gauntlets|Lifeward Gauntlets|Lifeward Gauntlets|Manoplas Salva-vidas|Спасательные Перчатки|生命護手|ライフワード・ガントレット|생명수호 건틀릿 (Lifeward Gauntlets)|Lebensschutz-Stulpen|Gantelets de survie|Guanteletes de Resguardo Vital|Rękawice Odpychające Życie
gloves_venomburned_gauntlets|Venomburned Gauntlets|Myrkkypoltetut hanskat|Manoplas de Veneno Ardente|Обожженные Ядом Перчатки|毒液灼燒護手|ヴェノムバーンド・ガントレット|맹독화상 건틀릿 (Venomburned Gauntlets)|Giftverbrannte Stulpen|Gantelets brûlés par le venin|Guanteletes de Quemadura Venenosa|Spalone Venomen Rękawice
gloves_sorcerers_surge_grips|Sorcerer's Surge Grips|Sorcerer's Surge Grips|Garras de Surto do Feiticeiro|Волновые захваты Колдуна|巫師的湧動之握|ソーサラーズ・サージ・グリップ|소서러의 폭발 그립 (Sorcerer's Surge Grips)|Zauberer-Schwallgriffe|Poignes déferlantes du sorcier|Agarres de Oleada del Hechicero|Uchwyty Surge Czarodzieja
gloves_shinobis_deadwraps|Shinobi's Deadwraps|Shinobi's Deadwraps|Envoltórios do Shinobi|Мертвые оболочки шиноби|忍者死亡護手|シノビズ・デッドラップ|시노비의 죽음덮개 (Shinobi's Deadwraps)|Shinobis Todeswickel|Gaines de mort du shinobi|Vendajes Mortales del Shinobi|Martwe Owijacze Shinobi
gloves_vigorous_lifegrips|Vigorous Lifegrips|Voimakkaat Lifegrips|Punhos Vigorosos|Энергичные Спасательные Захваты|强大的救生手套|ヴィゴラス・ライフグリップ|활기찬 생명그립 (Vigorous Lifegrips)|Energische Lebensgriffe|Poignées de vie énergique|Agarres de Vida Vigorosos|Energiczne Uchwyty Życia
gloves_titans_staticguards|Titan's Staticguards|Titanin Staticguards|Proteções Estáticas do Titã|Статические стражи Титана|泰坦的靜電守衛|タイタンズ・スタティックガード|타이탄의 정적수호대 (Titan's Staticguards)|Titanen-Statikschützer|Protections statiques de Titan|Guardas Estáticos del Titán|Statyczne Straże Tytana
gloves_thorned_wristguards|Thorned Wristguards|Thorned rannesuojat|Proteções Espinhosas|Напульсники с шипами|荊棘護腕|ソーンド・リストガード|가시 손목보호대 (Thorned Wristguards)|Dornen-Handgelenkschützer|Protège-poignets épineux|Guardamuñecas de Espinas|Kolczaste Karwasze Nadgarstków
gloves_demonweavers_heralds|Demonweaver's Heralds|Demonweaver's Heralds|Arautos do Tecelã Demoníaco|Вестники Ткача Демонов|織魔者先鋒|デーモンウィーバーズ・ヘラルド|데몬위버의 사자 (Demonweaver's Heralds)|Dämonenweber-Herolde|Hérauts du tisseur de démons|Heraldos del Tejedor de Demonios|Heroldy Tkacza Demonów
gloves_rakhuls_stone_hands|Rakhul's Stone Hands|Rakhulin kivikädet|Mãos de Pedra de Rakhul|Каменные руки Рахул|拉庫爾的石手|ラクールズ・ストーンハンド|라쿨의 돌 손 (Rakhul's Stone Hands)|Rakhuls Steinhände|Mains de pierre de Rakhul|Manos de Piedra de Rakhul|Kamienne Ręce Rakhula
gloves_demonfire_accelerators|Demonfire Accelerators|Demonfire Accelerators|Aceleradores de Fogo Demoníaco|Ускорители демонического огня|惡魔之火加速器|デーモンファイア・アクセラレーター|악마불 가속기 (Demonfire Accelerators)|Dämonenfeuer-Beschleuniger|Accélérateurs de feu démoniaque|Aceleradores de Fuego Demoníaco|Akceleratory Demonfire
gloves_alis_boxing_gloves|Ali's Boxing Gloves|Alin nyrkkeilyhanskat|Luvas de Boxe de Ali|Боксерские перчатки Али|阿里的拳擊手套|アリズ・ボクシンググローブ|알리의 권투 글러브 (Ali's Boxing Gloves)|Alis Boxhandschuhe|Gants de boxe d'Ali|Guantes de Boxeo de Ali|Bokserskie Rękawice Ali
gloves_fighter_magis_grips|Fighter Magi's Grips|Fighter Magin kahvat|Punhos do Mago Lutador|Захваты магов-бойцов|鬥士法師之握|ファイター・マギズ・グリップ|투사 마법사의 그립 (Fighter Magi's Grips)|Kämpfer-Magier-Griffe|Poignées de mage combattant|Agarres del Mago Luchador|Uchwyty Maga Walki
gloves_necrocallers_grips|Necrocaller's Grips|Necrocallerin kahvat|Punhos do Necrocaller|Захваты некроколлеров|死靈召喚者之握|ネクロコーラーズ・グリップ|네크로콜러의 그립 (Necrocaller's Grips)|Nekrorufer-Griffe|Poignées de nécromanciateur|Agarres del Invocador de la Muerte|Uchwyty Nekroprzywoływacza
gloves_grasp_of_phoenix|Grasp of the Phoenix|Phoenixin käsitys|Garras da Fênix|Хватка феникса|鳳凰之握|グラスプ・オブ・ザ・フェニックス|불사조의 손아귀 (Grasp of the Phoenix)|Griff des Phönix|Poignée du Phénix|Agarre del Fénix|Uścisk Feniksa
gloves_arcanum_asphyxiators|Arcanum Asphyxiators|Arcanum Asphyxiators|Asfixiadores Arcanos|Удушающие арканы|奧秘窒息者|アルカナム・アスフィジエイター|아르카넘 실식사 (Arcanum Asphyxiators)|Arkanum-Ersticker|Asphyxiateurs d'Arcane|Asfixiadores Arcanos|Dusiciele Arcanum
gloves_tectonic_grips|Tectonic Grips|Tektoniset kahvat|Punhos Tectônicos|Тектонические захваты|構造之握|テクトニック・グリップ|지각 그립 (Tectonic Grips)|Tektonische Griffe|Poignées tectoniques|Agarres Tectónicos|Tektoniczne Uchwyty
gloves_frostbitten_necrosis|Frostbitten Necrosis|Pakkasnekroosi|Necrose Congelada|Обмороженный некроз|壞死凍傷|フロストビットン・ネクロシス|동상 괴사 (Frostbitten Necrosis)|Erfrorene Nekrose|Nécrose givrée|Necrosis por Congelación|Odmrożona Martwica
gloves_manahungerers|Manahungerers|Manangerers|Famintas por Mana|Охотники за людьми|法力飢餓者|マナハンジャーズ|마나헝거 (Manahungerers)|Manahunger|Manahungerers|Hambrientos de Maná|Pożeracze Many
gloves_rimskin_assassin|Rimskin Assassins|Rimskin salamurhaajat|Assassinas de Buraco|Убийцы из кожи римскина|邊緣刺客|リムスキン・アサシン|림스킨 암살자 (Rimskin Assassins)|Rimskin-Assassinen|Assassins Rimskin|Asesinos Pielborde|Zabójcy Rimskin
gloves_plague_bringers_touch|Plague Bringer's Touch|Plague Binger's Touch|Toque do Portador da Praga|Касание разносчика чумы|瘟疫使者之觸|プレイグ・ブリンガーズ・タッチ|역병 전파자의 손길 (Plague Bringer's Touch)|Berührung des Seuchenbringers|Toucher du porteur de peste|Toque del Portador de la Plaga|Dotyk Przynoszącego Plagę
gloves_pit_fighters_bone_crushers|Pit Fighter's Bone Crushers|Pit Fighterin luumurskaimet |Trituradores de Ossos do Pit Fighter |Костоломы бойцов ямы |鬥士坑碎骨者 |ピットファイターズ・ボーン・クラッシャー |피트 파이터의 뼈 분쇄기 (Pit Fighter's Bone Crushers)|Knochenbrecher des Grubenkämpfers|Broyeurs d'os du combattant de la fosse |Triturahuesos del Luchador de Foso|Miażdżące Kości Pit Fightera
gloves_shade_of_sand|Shade of Sand|Hiekan Varjo|Sombra de Areia |Тень песка |沙之影 |シェード・オブ・サンド|모래의 그림자 (Shade of Sand)|Sandschatten|Ombre de sable |Sombra de arena |Cień Piasku
gloves_death_knights_gauntlets|Death Knight's Gauntlets|Death Knight's Gauntlets|Manoplas do Cavaleiro da Morte|Перчатки Рыцаря Смерти|死亡騎士護手|デスナイトのガントレット|죽음의 기사의 건틀릿 (Death Knight's Gauntlets)|Todesritterhandschuhe|Gantelets du chevalier de la mort|Guanteletes del Caballero de la Muerte|Rękawice Rycerza Śmierci
gloves_chronobreakers|Chronobreakers|Chronobreakers|Quebra-Cromo|Хроноразрушители|時空破壞者|クロノブレイカー|크로노브레이커 (Chronobreakers)|Chronobrecher|Brise-chrono|Rompecrónicos|Łamacze Chrono
gloves_skinwalkers_paw|Skinwalker's Paw|Skinwalker's Paw|Pata do Skinwalker |Лапа Оборотня |變形者之爪 |スキンウォーカーの爪 |스킨워커의 발 (Skinwalker's Paw)|Hautwandlerpfote|Patte du métamorphe |Garra del Cambiaformas |Łapa Skinwalkera
gloves_infected_grasp|Infected Grasp||Agarre Infectado |Зараженный захват|感染之握|感染の掌握 |감염된 손아귀|Infizierter Griff |Emprise infectée |Prensión Infectada|Zakaźny chwyt
|||||||||||
lore_gloves_ahtos_diamond_hands|The diamond hard gloves with the whole of heavens might infused within them, used by Saint Ahto the eternal protector of innocent and righteous.|Timanttikovat käsineet, joissa oli koko taivas, saattoivat tunkeutua niihin, joita käytti pyhä Ahto, viattomien ja vanhurskaiden ikuinen suojelija.|As luvas duras de diamante com todo o poder tos céus infundido nelas, usadas por St. Ahto, o eterno protetor dos inocentes e justos.|Алмазно-твердые перчатки, в которых заключена вся небесная мощь, используемые святым Ахто, вечным защитником невинных и праведных.|鑽石硬手套，裡面可能注入了整個天堂， 是無辜和正義的永恆保護者聖阿託所使用的。|天の力を宿したダイヤモンドの硬質手袋。無垢なる者と正義の者の永遠の守護者、聖アトが用いる。|다이아몬드처럼 단단한 이 장갑에는 천상의 힘이 깃들어 있으며, 무고하고 정의로운 이들을 지키는 영원한 수호자 세인트 아토가 사용했습니다.|Die diamantharten Handschuhe, in denen die ganze Macht des Himmels steckt, wurden vom Heiligen Ahto, dem ewigen Beschützer der Unschuldigen und Gerechten, getragen.|Les gants durs comme le diamant, imprégnés de la puissance céleste, étaient utilisés par Saint Ahto, protecteur éternel des innocents et des justes.|Los guantes duros como el diamante con todo el poder de los cielos infundido en ellos, usados por San Ahto, el eterno protector de los inocentes y los justos.|Diamentowo twarde rękawice z wchłoniętą w nie całą potęgą niebios, używane przez św. Ahto – wiecznego obrońcę niewinnych i prawych.
lore_gloves_spellweavers|A great wizard once lived in the deep woods as a hermit and infused part of his power to these gloves that now reveal themselves to those who are pure.|Suuri velho asui kerran syvässä metsässä erakkona ja siunasi osan voimastaan ​​näihin käsineisiin, jotka nyt paljastavat itsensä niille, jotka ovat puhtaita.|Um grande mago viveu nas profundezas da floresta como um eremita e infundiu parte de seu poder nessas luvas que agora se revelam para aqueles que são puros.|Великий волшебник когда-то жил в глухом лесу отшельником и вложил часть своей силы в эти перчатки, которые теперь открываются тем, кто чист.|一位偉大的巫師曾經作為隱士生活在森林深處, 並將他的部分力量注入到這些手套中, 現在這些手套向那些純潔的人展示了自己。|かつて偉大な魔術師が深い森に隠者として暮らし、自らの力の一部をこの手袋に注ぎ込んだ。今やこの手袋は清らかな者たちにその力を発揮する。|깊은 숲 속 은둔하던 위대한 마법사가 자신의 힘 일부를 이 장갑에 불어넣었고, 이제 순수한 자 앞에 그 모습을 드러냅니다.|Ein großer Zauberer lebte einst als Einsiedler in den tiefen Wäldern und übertrug einen Teil seiner Macht auf diese Handschuhe, die sich nun den Reinen offenbaren.|Un grand sorcier vivait autrefois en ermite dans les profondeurs des bois et infusa une partie de son pouvoir dans ces gants qui se révèlent désormais aux purs.|Un gran hechicero vivió una vez en lo profundo del bosque como un ermitaño e infundió parte de su poder en estos guantes, que ahora se revelan a aquellos que son puros.|Wielki czarodziej kiedyś żył w głębokim lesie jako pustelnik i nasączył część swojej mocy w te rękawice, które teraz objawiają się tym, którzy są czyści.
lore_gloves_midas_hands|And so it was, that everything he touched with the gloves on turned into the finest gold on land.|Ja niin kävi, että kaikki, mihin hän kosketti hanskat kädessä, muuttui maan hienoimmaksi kullaksi.|E foi assim que tudo o que ele tocou com as luvas se transformou no mais fino ouro da terra.|И так получилось, что все, к чему он прикасался в перчатках, превращалось в самое лучшее золото на земле.|就這樣，他戴上手套所接觸到的一切都變成了陸地上最好的黃金。  |そして、彼がこの手袋をはめて触れたものはすべて、地上で最も上質な金へと変化した。|그리하여 장갑을 낀 채 만지는 모든 것은 이 땅에서 가장 순수한 황금으로 변했습니다.|Und so verwandelte sich alles, was er mit diesen Handschuhen berührte, in feinstes Gold der Welt.|Et c'est ainsi que tout ce qu'il touchait avec ces gants se transformait en or le plus fin du monde.|Y así fue, que todo lo que tocaba con los guantes puestos se convertía en el oro más fino de la tierra.|I tak się stało, że wszystko, czego dotknął w rękawicach, zamieniało się w najczystsze złoto na ziemi.
lore_gloves_shadow_occultists_wraps|The occultist who wore these has immense connection to the Shadow Realm, being able to conjure deadly shadow strikes on command.|Näitä käyttäneellä okkultistilla on valtava yhteys Varjomaailmaan, koska hän pystyy loihtimaan tappavia varjoiskuja käskystä.|O ocultista que as usa tem uma imensa conexão com o Reino das Sombras, sendo capaz de conjurar golpes sombrios mortais sob comando.|Оккультист, который носил их, имеет огромную связь с Царством Теней, будучи способным наносить смертельные удары тенью по команде.|佩戴這些的神秘主義者與暗影領域有著巨大的聯繫, 能夠根據命令召喚出致命的暗影攻擊。|この手袋をはめたオカルティストは影の領域と深い繋がりを持ち、命令次第で致命的な影の攻撃を繰り出すことができた。|이 장갑을 착용했던 오컬티스트는 그림자 세계와 깊이 연결되어, 언제든 치명적인 섀도우 스트라이크를 소환할 수 있었습니다.|Der Okkultist, der diese Handschuhe trug, hatte eine enge Verbindung zum Schattenreich und konnte auf Befehl tödliche Schattenschläge heraufbeschwören.|L'occultiste qui les portait possédait un lien profond avec le Royaume des Ombres, capable d'invoquer des attaques d'ombre mortelles sur commande.|El ocultista que usó estos guantes tiene una inmensa conexión con el Reino de las Sombras, siendo capaz de conjurar mortales golpes de sombra a voluntad.|Okultysta, który nosił te rękawice, ma ogromne połączenie z Shadow Realm, będąc w stanie przywołać śmiercionośne cienie na rozkaz.
lore_gloves_brawlers_fighting_mitts|Marshal Qin Tian was Sung Lee's right hand. This pit lord employed leather mitts adorned with brass knuckles, inflicting significant damage to his foes.|Marsalkka Qin Tian oli Sung Leen oikea käsi. Tämä kuoppaherra käytti nahkakintaisia, jotka oli koristeltu messinkirystyksillä, mikä aiheutti merkittäviä vahinkoja vihollisilleen.|O marechal Qin Tian era o braço direito de Sung Lee. Esse senhor do poço usava uvas de couro adornadas com soqueiras de bronze, causando danos significativos aos seus inimigos.|Маршал Цинь Тянь был правой рукой Сун Ли. Этот повелитель ямы использовал кожаные рукавицы, украшенные латунными кастетами, нанося значительный урон своим врагам.|秦天元帥是李宋的得力助手. 這位深淵領主使用配有指節銅套的皮革手套, 對敵人造成重大傷害|秦天元帥は宋李の右腕であった。この地獄の君主は真鍮のナックルで飾られた革のミットを用い、敵に甚大なダメージを与えた。|친 티안 장군은 성 리의 오른팔이었습니다. 이 지옥 군주는 황동 너클이 장식된 가죽 장갑을 사용해 적들에게 막대한 데미지를 입혔습니다.|Marschall Qin Tian war Sung Lees rechte Hand. Dieser Grubenlord trug Lederhandschuhe mit Schlagringen und fügte seinen Feinden damit erheblichen Schaden zu.|Le maréchal Qin Tian était le bras droit de Sung Lee. Ce seigneur des abîmes utilisait des mitaines de cuir ornées de poings américains, infligeant d'importants dégâts à ses ennemis.|El Mariscal Qin Tian era la mano derecha de Sung Lee. Este señor del foso empleaba mitones de cuero adornados con nudilleras de latón, infligiendo un daño significativo a sus enemigos.|Marszałek Qin Tian był prawą ręką Sung Lee. Ten lord dołu nosił skórzane rękawice ozdobione mosiężnymi kłykciami, zadając znaczne obrażenia swoim wrogom.
lore_gloves_rakhuls_stone_hands|Forged from the hardest and densest stone known to mortals.|Taottu kovimmasta ja tiheimmästä kuolevaisten tuntemasta kivestä.|Forjado da pedra mais dura e densa conhecida pelos mortais.|Выкованы из самого твердого и плотного камня, известного смертным.|由凡人已知的最堅硬、最緻密的石頭鍛造而成|人間が知る限り最も硬く、最も密度の高い石から鍛造された。|인간이 아는 가장 단단하고 밀도 높은 암석으로 단조된 전설의 장갑입니다.|Geschmiedet aus dem härtesten und dichtesten Stein, den Sterblichen bekannt sind.|Forgés dans la pierre la plus dure et la plus dense connue des mortels.|Forjadas con la piedra más dura y densa conocida por los mortales.|Wykute z najtwardszego i najgęstszego kamienia znanego śmiertelnikom.
lore_gloves_demonfire_accelerators|Held only by the seven keystone monks of the luciferian cult, pas.|Vain seitsemän luciferilaisen kultin avainkivimunkkia hallussaan, pas.|Mantido apenas pelos sete monges-chave do culto luciferiano, pas.|Имеются только у семи монахов-ключевых камней культа Люцифера, пас.|僅由路西法教派的七名基石僧侶持有|ルシフェリアン教団の7人のキーストーン僧侶だけが持つ。|루시퍼 교단의 일곱 명의 핵심 수도승만이 소유했던 금단의 장갑, 파스.|Nur im Besitz der sieben Schlüsselmönche des luziferischen Kults, Pas.|Détenus uniquement par les sept moines clés du culte luciférien, pas.|Sostenidos únicamente por los siete monjes clave del culto luciferino, pas.|Trzymane tylko przez siedmiu kluczowych mnichów kultu lucyferiańskiego, pas.
lore_gloves_alis_boxing_gloves|With these legendary gloves you will always corner your opponent.|Näillä legendaarisilla hanskoilla käännät aina vastustajasi nurkkaan.|Com estas luvas lendárias, você sempre encurralará seu oponente.|С этими легендарными перчатками вы всегда загоните противника в угол.|有了這副傳奇手套，您將永遠將對手逼入絕境|この伝説の手袋があれば、必ず敵を追い詰めることができる。|이 전설적인 장갑과 함께라면, 당신은 언제나 상대를 구석으로 몰 수 있습니다.|Mit diesen legendären Handschuhen wirst du deinen Gegner immer in die Enge treiben.|Avec ces gants légendaires, vous acculerez toujours votre adversaire.|Con estos guantes legendarios siempre acorralarás a tu oponente.|Z tymi legendarnymi rękawicami zawsze zapędzisz przeciwnika w róg.
lore_gloves_fighter_magis_grips|Fueled by magic power and expert accuracy!|Taikavoiman ja asiantuntevan tarkkuuden ruokkimana!|Alimentado por poder mágico e precisão especializada!|Подпитываются магической силой и экспертной точностью!|由魔法力量和專家準確性推動！|魔力と熟練の精度で駆動！|마력과 정밀함이 결합된, 진정한 전문가의 장갑!|Angetrieben von magischer Kraft und meisterhafter Präzision!|Nourris par la puissance magique et une précision experte ! D'outre-tombe, son emprise attirera les âmes pour nourrir les damnés.|¡Potenciado por poder mágico y precisión experta!|Napędzane magiczną mocą i ekspertową precyzją!
lore_gloves_necrocallers_grips|From beyond the grave it's grasp will pull souls to fuel the damned..|Haudan takaa sen ote vetää sieluja ruokkimaan kirottuja.|Do além-túmulo, suas garras puxarão almas para alimentar os condenados..|Из-за пределов могилы его хватка будет тянуть души, чтобы подпитывать проклятых..|從墳墓之外，它的掌握將拉動靈魂為該死的人提供燃料  |死の彼方から魂を掴み、罪人たちの糧とする。|무덤 너머에서 뻗어오는 손아귀, 저주받은 자들의 영혼을 빨아들입니다..|Aus dem Jenseits wird sein Griff Seelen an sich ziehen, um die Verdammten zu ernähren.|Taillées dans les plumes d'un phénix, elles furent offertes à un dieu du feu.|Desde más allá de la tumba, su agarre atraerá almas para alimentar a los condenados...|Spoza grobu jego uścisk będzie wyciągał dusze, by zasilać potępionych..
lore_gloves_grasp_of_phoenix|Tailored from the feathers of a phoenix as a gift to a god of fire..|Räätälöity Feeniksin höyhenistä lahjaksi tulen jumalalle..|Feito sob medida com as penas de uma fênix como um presente para um deus do fogo...|Сшиты из перьев феникса в качестве дара богу огня..|由鳳凰羽毛製成，作為獻給火神的禮物|火の神への贈り物として、不死鳥の羽根で仕立てられた。|불의 신에게 바치기 위해 봉황의 깃털로 제작된 장인의 걸작.|Geschneidert aus den Federn eines Phönix als Geschenk an einen Gott des Feuers.|La légende raconte que ces gants ont asphyxié leur précédent propriétaire.|Confeccionados con las plumas de un fénix como regalo a un dios del fuego...|Uszyte z piór feniksa jako dar dla boga ognia..
lore_gloves_arcanum_asphyxiators|Legend says these gloves asphyxiated its previous owner..|Legenda kertoo, että nämä käsineet tukehtivat edellisen omistajansa.|Diz a lenda que essas luvas asfixiaram seu antigo dono..|Легенда гласит, что эти перчатки задушили своего предыдущего владельца..|傳說這套手套窒息了它的前主人|伝説によると、この手袋は前の持ち主を窒息させたという。|전설에 따르면, 이 장갑은 전 주인을 질식시켜 죽음에 이르게 했다고 합니다..|Der Legende nach erstickten diese Handschuhe ihren vorherigen Besitzer.|Une fréquence électrique si puissante qu'elle peut déplacer les plaques tectoniques.|La leyenda dice que estos guantes asfixiaron a su anterior propietario...|Legenda mówi, że te rękawice udusiły swojego poprzedniego właściciela..
lore_gloves_tectonic_grips|An electric frequency so powerful it can move tectonic plates|Sähkötaajuus on niin voimakas, että se voi liikuttaa tektonisia levyjä|Uma frequência elétrica tão potente que pode mover placas tectônicas|Электрическая частота настолько мощная, что может двигать тектонические плиты|電流頻率強大的可以移動地殼板塊|非常に強力な電磁波はプレートをも動かすほどだ。|지각판조차 흔들 수 있는 강력한 전기 주파수가 이 장갑 안에 담겨 있습니다.|Eine elektrische Frequenz, so stark, dass sie tektonische Platten bewegen kann.|Pour les porter, il faut pouvoir résister à des températures proches du zéro absolu.|Una frecuencia eléctrica tan poderosa que puede mover placas tectónicas.|Elektryczna częstotliwość tak potężna, że może poruszać płytami tektonicznymi
lore_gloves_frostbitten_necrosis|Wearing these requires the ability to withstand temperatures of absolute zero..|Näiden käyttö vaatii kykyä kestää absoluuttisen nollan lämpötiloja.|Para usá-las, é necessário ter a capacidade de resistir a temperaturas de zero absoluto.|Чтобы носить их, требуется способность выдерживать температуру абсолютного нуля..|穿著這些需要能夠承受絕對零度的溫度|これを着用するには絶対零度の温度に耐える能力が必要だ。|절대영도의 온도를 견딜 수 있는 자만이 이 장갑을 착용할 수 있습니다.|Um sie zu tragen, muss man Temperaturen am absoluten Nullpunkt standhalten können.|Avides de mana, ces gants consumeront leur propriétaire.|Usar estos guantes requiere la habilidad de soportar temperaturas de cero absoluto...|Noszenie tych wymaga zdolności wytrzymania temperatur absolutnego zera..
lore_gloves_manahungerers|Craving for mana, these gloves will consume its owner..|Manaa kaipaavat nämä hanskat kuluttavat omistajansa..|Sedentas por mana, essas luvas consumirão seu proprietário..|Жаждущие маны, эти перчатки поглотят своего владельца..|渴望著法力，這副手套會吞噬主人|マナを渇望するこの手袋は、持ち主を蝕むだろう。|마나에 굶주린 이 장갑은 착용자의 생명마저 탐합니다..|Diese Handschuhe dürsten nach Mana und werden ihren Besitzer verzehren.|Voici votre rencontre avec le diable, nous sommes sur le point de pécher.|Ansiando maná, estos guantes consumirán a su dueño...|Pragnące many, te rękawice pochłoną swojego właściciela..
lore_gloves_rimskin_assassin|This is your meeting with the devil, we're about to sin|Tämä on tapaamisesi paholaisen kanssa, olemme tekemässä syntiä|Este é o seu encontro com o diabo, estamos prestes a pecar|Это ваша встреча с дьяволом, мы собираемся согрешить|這是你與魔鬼的會面，我們即將犯罪|これは悪魔との邂逅だ。罪を犯す時が来た。|악마와의 조우, 이제 죄를 짓게 될 시간입니다.|Dies ist deine Begegnung mit dem Teufel, wir werden gleich sündigen.|Le sentez-vous ? Il corrompt lentement vos veines et vos organes, provoquant une sensation d'asphyxie.|Este es tu encuentro con el diablo, estamos a punto de pecar.|To jest twoje spotkanie z diabłem, zaraz zgrzeszymy
lore_gloves_plague_bringers_touch|Can you feel it? Slowly corrupting your veins and organs, bringing the feeling of asphyxiaton..|Tunnetko sen? Hitaasti turmelee suonet ja elimet tuoden tukehtumisen tunteen.|Você consegue sentir isso? Corrompendo lentamente suas veias e órgãos, trazendo a sensação de asfixia...|Вы чувствуете это? Медленно развращает ваши вены и органы, вызывая чувство удушья.. |你能感覺到嗎？慢慢腐蝕你的靜脈和器官，帶來窒息的感覺|感じるか？ゆっくりと血管と臓器を蝕み、窒息の感覚をもたらす。|느껴지나요? 서서히 정맥과 장기를 타고 퍼지는 부패, 숨이 막히는 듯한 그 감각..|Spürst du es? Es verdirbt langsam deine Adern und Organe und verursacht ein Gefühl der Erstickung.|Il fonce dans la fosse, écrase d'un coup de poing et sème le chaos ! |¿Puedes sentirlo? Corrompiendo lentamente tus venas y órganos, trayendo la sensación de asfixia...|Czy czujesz to? Powoli psując twoje żyły i organy, przynosząc uczucie duszenia..
lore_gloves_pit_fighters_bone_crushers|Charging into the pit fist first crushing and causing mayhem!|Lataaminen kuoppanyrkkiin ensin murskaamalla ja aiheuttaen sekasortoa! |Entrando no poço, primeiro esmagando e causando caos! |Врываемся в яму кулаками первыми, крушим и сеем хаос! |衝進去，先碾壓，再造成混亂！ |穴に突撃し、拳で押し潰し、大混乱を引き起こす！ |주먹으로 전장에 돌진하며 모든 것을 박살내는 광란의 장갑!|Mit der Faust voran stürmt es in die Grube, zermalmt sie und verursacht Chaos!||¡Cargando al foso con los puños por delante, aplastando y causando caos!|Wpadamy do środka i pięścią miażdżymy i siejemy chaos! 
lore_gloves_death_knights_gauntlets|Trapped souls screaming from within..||Almas aprisionadas gritando por dentro...|Души, запертые в ловушке, кричат ​​изнутри...|被困的靈魂從內部發出尖叫……|閉じ込められた魂が内側から叫び声をあげている…|갇힌 영혼들이 내면에서 절규한다…|Gefangene Seelen schreien aus ihrem Inneren …|Des âmes prisonnières hurlent de l'intérieur…|Almas atrapadas que gritan desde dentro…|Uwięzione dusze krzyczą z wnętrza...
lore_gloves_chronobreakers|Those who can master time and space are able to harness its architecture..||Aqueles que dominam o tempo e o espaço são capazes de controlar sua arquitetura... |Те, кто способен овладеть временем и пространством, могут обуздать их архитектуру... |能夠駕馭時間和空間的人，就能駕馭其架構…… |時間と空間を操る者は、その構造を自在に操ることができる… |시간과 공간을 지배할 수 있는 자는 그 구조를 활용할 수 있다… |Wer Zeit und Raum beherrscht, kann ihre Struktur nutzen …|Ceux qui maîtrisent le temps et l'espace sont capables d'en exploiter l'architecture… |Quienes dominan el tiempo y el espacio son capaces de aprovechar su estructura… |Ci, którzy potrafią panować nad czasem i przestrzenią, potrafią okiełznać ich architekturę... 
lore_gloves_infected_grasp |Harvesting sickness into demonic powers..||Colhendo a doença e transformando-a em poderes demoníacos... |Превращение болезни в демонические силы..|將疾厄淬鍊為惡魔之力……|病を刈り取り、悪魔の力へと変える…… |질병을 수확하여 악마의 힘으로…|Krankheit in dämonische Kräfte umwandeln... |Transformer la maladie en pouvoirs démoniaques... |Convierte la enfermedad en poderes demoníacos.|Przekuwanie choroby w demoniczne moce...
|||||||||||
[boots]|||||||||||
boots_normal_boots|Boots|Saappaat|Botas|Ботинки|皮靴|ブーツ|부츠 (Boots)|Stiefel|Paire de bottes|Botas|Buty
boots_normal_heavy_boots|Heavy Boots|Raskaat saappaat|Botas Pesadas|Тяжелые Ботинки|重型靴|ヘビーブーツ|헤비 부츠 (Heavy Boots)|Schwere Stiefel|Paire de bottes épaisses|Botas Pesadas|Ciężkie Buty
boots_normal_light_plated_boots|Light Plated Boots|Vaaleat päällystetyt saappaat|Botas Leves|Ботинки с легким покрытием|輕鎧靴|ライトプレートブーツ|라이트 플레이트 부츠 (Light Plated Boots)|Leicht gepanzerte Stiefel|Paire de solerets|Botas de Placas Ligeras|Lekkie Płytowe Buty
boots_normal_chain_boots|Chain Boots|Ketju saappaat|Botas de Malha|Цепные Сапоги|鎖鍊靴|チェーンブーツ|체인 부츠 (Chain Boots)|Kettenstiefel|Paire de chaussures|Botas de Malla|Buty Łańcuchowe
boots_normal_greaves|Greaves|Greaves|Grevas|Поножи|護脛|グリーブ|그리브 (Greaves)|Beinschienen|Paire de grèves|Grebas|Nagolenniki
boots_normal_battle_boots|Battle Boots|Taistelu saappaat|Botas de Batalha|Боевые сапоги|戰鬥靴|バトルブーツ|전투 부츠 (Battle Boots)|Kampfstiefel|Paire de bottes de batailles|Botas de Batalla|Bitewne Buty
boots_normal_devilhide_boots|Devilhide Boots|Devilhide saappaat|Botas de Couro Demoníaco|Сапоги из дьявольской кожи|魔鬼皮靴|デビルハイドブーツ|데빌가죽 부츠 (Devilhide Boots)|Teufelshautstiefel|Paire de bottes de démon|Botas de Piel de Demonio|Buty z Diabelskiej Skóry
boots_normal_mesh_boots|Mesh Boots|Mesh saappaat|Botas de Malha|Сетчатые Сапоги|鐵網靴|メッシュブーツ|메쉬 부츠 (Mesh Boots)|Netzstiefel|Paire de bottes en mailles|Botas de Red|Siatkowe Buty
boots_normal_viperskin_boots|Viperskin Boots|Viperskin saappaat|Botas de Pele de Víbora|Сапоги из змеиной кожи|蛇皮靴|バイパースキンブーツ|바이퍼스킨 부츠 (Viperskin Boots)|Viperhautstiefel|Paire de bottes de vipère|Botas de Piel de Víbora|Buty ze Skóry Żmii
boots_normal_war_boots|War Boots|Sota saappaat|Botas de Guerra|Военные сапоги|征戰靴|ウォーブーツ|전쟁 부츠 (War Boots)|Kriegsstiefel|Paire de bottes de guerre|Botas de Guerra|Wojenne Buty
boots_normal_boneweave_boots|Boneweave Boots|Boneweave saappaat|Botas de Ossos|Сапоги из Костяной ткани|骸骨網靴|ボーンウィーブブーツ|본위브 부츠 (Boneweave Boots)|Knochengewebestiefel|Paire de bottes d'ossements|Botas de Tejido de Hueso|Kościane Tkane Buty
boots_normal_crusader_marchers|Crusader Marchers|Ristiretkeläiset|Marchadoras do Cruzado|Участники Марша крестоносцев|十字軍行靴|クルセイダーマーチャー|십자군 행군화 (Crusader Marchers)|Kreuzrittermarschierer|Paire de jambières de croisé|Botas de Cruzado|Marsze Krucjaty
boots_normal_demonplate_boots|Demonplate Boots|Demonplate saappaat|Botas de Placa Demoníaca|Сапоги с Демонтажными Доспехами|恶惡魔板靴魔板甲靴|デーモンプレートブーツ|데몬플레이트 부츠 (Demonplate Boots)|Dämonenplattenstiefel|Paire de bottes en plaques|Botas de Placas de Demonio|Demoniczne Płytowe Buty
boots_normal_scarabshell_boots|Scarabshell Boots|Scarabshell saappaat|Botas de Casco|Сапоги из скорлупы Скарабея|聖甲蟲殼皮靴|スカラベシェルブーツ|풍뎅이껍질 부츠 (Scarabshell Boots)|Skarabäuspanzerstiefel|Paire de bottes caparaçonnées|Botas de Caparazón de Escarabajo|Buty ze Skorupy Skarabeusza
boots_normal_wyrmhide_boots|Wyrmhide Boots|Wyrmhide saappaat |Botas de Couro de Wyrm|Сапоги из Змеиной Кожи|龍皮靴 |ワームハイドブーツ |웜가죽 부츠 (Wyrmhide Boots)|Wyrmhautstiefel|Paire de bottes de wyrn|Botas de Piel de Guiverno|Buty ze Skóry Wurma
|||||||||||
[boots_unique]|||||||||||
boots_darkhide_boots|Darkhide Boots|Pimeänahkasaappaat|Botas de Couro Negro|Сапоги из Темной кожи|暗影皮靴|暗黒革のブーツ|어둠 가죽 부츠 (Darkhide Boots)|Dunkelhautstiefel|Bottes tissées d'ombre|Botas de Piel Oscura|Ciemne Skórzane Buty
boots_tundra_marchers|Tundra Marchers|Tundra Marssijat|Marchadoras da Tundra|Участники Марша по Тундре|苔原行軍|ツンドラのマーチャーズ|툰드라 행군화 (Tundra Marchers)|Tundrastiefel|Marcheurs de la toundra|Botas de la Tundra|Marsze Tundry
boots_tribal_boots|Tribal Boots|Heimosappaat|Botas Tribais|Племенные Ботинки|部落靴|部族のブーツ|부족 부츠 (Tribal Boots)|Stammesstiefel|Bottes tribales|Botas Tribales|Plemienne Buty
boots_wizards_boots|Wizard Boots|Velhosaappaat|Botas de Feiticeiro|Сапоги Волшебника|巫師之靴|ウィザードのブーツ|마법사 부츠 (Wizard Boots)|Zaubererstiefel|Bottes de sorcier|Botas de Hechicero|Buty Czarodzieja
boots_mevius_mighty_marchers|Mevius' Mighty Marchers|Meviuksen Mahtavat Marssijat|Marchadoras Poderosas de Mevius|Могучие марширующие Мевиуса|梅維烏斯的強大行軍靴|メビウスの偉大なマーチャーズ|뫼비우스의 강력한 행군화 (Mevius' Mighty Marchers)|Mevius' Mächtige Stiefel|Marcheurs puissants de Mevius|Botas Poderosas de Mevius|Potężne Marsze Meviusa
boots_molten_boots|Molten Boots|Sulasaappaat|Botas Derretidas |Расплавленные Сапоги|熔火之靴|溶岩のブーツ|용암 부츠 (Molten Boots)|Geschmolzene Stiefel|Bottes en fusion|Botas de Magma|Stopione Buty
boots_frozen_marchers|Frozen Marchers|Jäiset Marssijat|Marchadoras Congeladas|Замерзшие участники Марша|冰凍行軍|凍結のブーツ|얼어붙은 행군화 (Frozen Marchers)|Gefrorene Stiefel|Marcheurs gelés|Botas Heladas|Zamarznięte Marsze
boots_zeus_battle_boots|Zeus' Battle Boots|Zeuksen Taistelusaappaat|Botas de Batalha de Zeus|Боевые сапоги Зевса|宙斯的戰靴|ゼウスのバトル・ブーツ|제우스의 전투 부츠 (Zeus' Battle Boots)|Zeus' Kampfstiefel|Bottes de combat de Zeus|Botas de Batalla de Zeus|Bitewne Buty Zeusa
boots_rednecks_working_boots|Redneck's Working Boots|Punaniskan Työkengät|Botas de Trabalho do Caipira|Рабочие ботинки Деревенщины|鄉巴佬的工作靴|レッドネックの作業ブーツ|레드넥의 작업 부츠 (Redneck's Working Boots)|Redneck-Arbeitsstiefel|Bottes de travail de redneck|Botas de Trabajo de Palurdo|Robocze Buty Rednecka
boots_pirate_captains_boots|Pirate Captain's Boots|Merirosvokapteenin Kengät|Botas do Capitão Pirata|Сапоги пиратского капитана|海盜船長的靴子|海賊船長のブーツ|해적 선장의 부츠 (Pirate Captain's Boots)|Stiefel des Piratenkapitäns|Bottes du capitaine|Botas del Capitán Pirata|Buty Kapitana Piratów
boots_death_lords_marchers|Death Lord's Marchers|Kuolemanherran Kengät|Marchadoras do Senhor da Morte|Марширующие Повелителя Смерти|死亡領主的行軍靴|デス・ロードのマーチャーズ|죽음 군주의 행군화 (Death Lord's Marchers)|Stiefel des Todeslords|Marcheurs du seigneur de la mort|Botas del Señor de la Muerte|Marsze Władcy Śmierci
boots_vikings_sacred_boots|Viking's Sacred Boots|Viikingin Pyhäsaappaat|Botas Sagradas do Viking|Священные сапоги викинга|維京人的神聖靴|バイキングの神聖なブーツ|바이킹의 신성 부츠 (Viking's Sacred Boots)|Heilige Wikingerstiefel|Bottes sacrées de vikings|Botas Sagradas del Vikingo|Święte Buty Wikinga
boots_boots_of_blood|Boots of Blood|Veren Saappaat|Botas de Sangue|Сапоги из крови|血之靴|血のブーツ|피의 부츠 (Boots of Blood)|Stiefel des Blutes|Bottes de sang|Botas de Sangre|Buty Krwi
boots_hermes_boots|Hermes Boots|Hermessaappaat|Botas de Hermes|Ботинки Hermes|赫爾墨斯之靴|エルメスブーツ|헤르메스 부츠 (Hermes Boots)|Hermesstiefel|Bottes d'Hermès|Botas de Hermes|Buty Hermesa
boots_treasure_hunters_boots|Treasure Hunter's Boots|Aarteenetsijän Saappaat|Botas do Caçador de Tesouros|Сапоги охотника за сокровищами|寶藏獵人靴子|トレジャーハンターのブーツ|보물 헌터의 부츠 (Treasure Hunter's Boots)|Stiefel des Schatzjägers|Bottes de chasseur de trésor|Botas del Cazatesoros|Buty Łowcy Skarbów
boots_gladiators_battle_sandals|Gladiator's Battle Sandals|Gladiaattorin Marssijat|Sandálias de Batalha do Gladiador|Боевые сандалии гладиатора|角鬥士的戰鬥便鞋|グラディエーターのバトルサンダル|검투사의 전투 샌들 (Gladiator's Battle Sandals)|Kampfsandalen des Gladiators|Sandales de combat de gladiateur|Sandalias de Batalla del Gladiador|Bitewne Sandały Gladiatora
boots_dantes_boots|Dante's Boots||Botas de Dante|Сапоги Данте|但丁的靴子 |ダンテのブーツ |단테의 부츠 (Dante's Boots)|Dantes Stiefel|Bottes de Dante|Botas de Dante|Buty Dantego
boots_sacred_marchers|Sacred Marchers|Pyhämarssijat|Marchadoras Sagradas|Священные Марширующие|神聖行軍|聖なる行進者|성스러운 행군화 (Sacred Marchers)|Heilige Marschierer|Marcheurs sacrés|Botas Sagradas|Święte Marsze
boots_boots_of_wild|Boots of Wild|Villin Saappaat|Botas do Selvagem|Сапоги Дикого|狂野之靴|ブーツ・オブ・ワイルド|야생의 부츠 (Boots of Wild)|Stiefel der Wildnis|Bottes sauvages|Botas de lo Salvaje|Buty Dziczy
boots_flaming_marchers|Flaming Marchers|Liekehtivät Marssijat|Marchadoras Flamejantes|Огненные марширующие|火焰行軍靴|炎の行進者|불타는 행군화 (Flaming Marchers)|Flammende Marschierer|Marcheurs flamboyants|Botas Llameantes|Płonące Marsze
boots_mosarathim_marchers|Mos'Arathim Marchers|Mos'Arathim Marssijat|Marchadoras de Mos'Arathim|Участники марша в Мосаратиме|莫斯阿拉辛遊行者 |モスアラティムの行進者|모스'아라팀 행군화 (Mos'Arathim Marchers)|Mos'Arathim Marschierer|Marcheurs de Mos'Arathim|Botas de Mos'Arathim|Marsze Mos'Arathim
boots_vagabonds_marchers|Vagabond's Marchers|Kiertolaisen Marssijat|Marchadoras do Vagabundo|Участники марша бродяг|流浪者的遊行者|バガボンドの行進者|방랑자의 행군화 (Vagabond's Marchers)|Vagabunds Marschierer|Chaussures du vagabond|Botas del Vagabundo|Marsze Vagabonda
boots_bone_conjurers_marchers|Bone Conjurer's Marchers|Luidentekijän Marssijat|Marchadoras do Conjurador de Ossos|Марширующие Костяного фокусника|白骨召喚師的行軍靴|ボーンコンジュラーの行進者|뼈 소환사 행군화 (Bone Conjurer's Marchers)|Marschierer des Knochenbeschwörers|Maraudeurs de conjurateur d'os|Botas del Conjurador de Huesos|Marsze Przywoływacza Kości
boots_lumberjacks_forestry_boots|Lumberjack's Forestry Boots|Tukkimiehen Turvakengät|Botas Florestais do Lenhador|Лесные ботинки лесоруба|伐木工人的林業靴子|木こりの林業用ブーツ|럼버잭의 임업 부츠 (Lumberjack's Forestry Boots)|Holzfäller-Forststiefel|Bottes de bûcheron|Botas Forestales del Leñador|Leśne Buty Drwala
boots_bloodletters_plated_boots|Blood-letter's Plated Boots|Blood-letter's Plated Boots|Botas do Flebotomista|Сапоги с позолотой Кровавой буквы|放血者的板甲長靴 |ブラッドレターのメッキブーツ |피의 편지지 판금 부츠 (Blood-letter's Plated Boots)|Blood-letter's Plated Boots|Bottes plaquées de gravesang|Botas de Placas del Sangrador|Płytowe Buty Krwiopuszczacza
boots_shield_bearers_greaves|Shield Bearer's Greaves|Kilvenkäyttäjän Peltikengät|Grevas do Escudo|Поножи Щитоносца|持盾者護腿|シールドベアラーのグリーブ|방패지기의 그리브 (Shield Bearer's Greaves)|Beinschienen des Schildträgers|Grèves du porteur de bouclier|Grebas del Portaescudo|Nagolenniki Niosącego Tarczę
boots_juggernauts_victory_marchers|Juggernaut's Victory Marchers|Pysäyttämätön Voiman Voitonmarssijat|Marchadoras da Vitória do Juggernaut|Марширующие победы Джаггернаута|主宰的勝利遊行者靴|ジャガーノートの勝利の行進者|저거너트 승리 행군화 (Juggernaut's Victory Marchers)|Juggernauts Siegesmarschierer|Jambières de victoire du juggernaut|Botas de la Victoria del Juggernaut|Zwycięskie Marsze Juggernauta
boots_justiciars_thunder_boots|Justiciar's Thunder Boots|Oikeuttajan Ukkoskengät|Botas Relâmpago do Justiceiro|Громовые сапоги судьи|審判者的雷霆之靴|司法長官のサンダーブーツ|정의의 천둥 부츠 (Justiciar's Thunder Boots)|Justiciars Donnerstiefel|Bottes de tonnerre du justicier|Botas de Trueno del Justiciero|Gromowe Buty Justiciara
boots_lost_masters_marchers|Lost Master's Marchers|Kadonneen Mestarin Marssijat|Marchadoras do Mestre Perdido|Марширующие потерянного Мастера|失落大師遊行者|ロストマスターの行進者|잃어버린 마스터의 행군화 (Lost Master's Marchers)|Die Marschierer des verlorenen Meisters|Jambières du maître perdu|Botas del Maestro Perdido|Marsze Zagubionego Mistrza
boots_earth_shapers_boots|Earth Shaper's Boots|Maanmuokkaajan Kengät|Botas do Modelador de Terras|Сапоги Формирователя Земли|造地者之靴|アースシェイパーのブーツ|대지 조각가 부츠 (Earth Shaper's Boots)|Stiefel des Erdformers|Bottes de Element terre|Botas del Moldeador de Tierra|Buty Kształtującego Ziemię
boots_plunderers_deck_marchers|Plunderer's Deck Marchers|Laivojenupottajan Kansikengät|Marchadoras de Convés do Saqueador|Марширующие по палубе Грабителя|掠奪者的板甲靴|プランダラのデッキマーチャー|약탈자의 갑판 행군화 (Plunderer's Deck Marchers)|Plünderer Deckmarschierer|Chausses du pilleur|Botas de Cubierta del Saqueador|Marsze Pokładu Rabusia
boots_battle_worn_boots|Battle Worn Boots|Taistelun kuluneet saappaat|Botas Desgastadas de Batalha|Поношенные В боях Ботинки|戰場磨損靴子|戦いで磨かれたブーツ|전투로 닳은 부츠 (Battle Worn Boots)|Schlacht getragene Stiefel|Bottes parées au combat|Botas Desgastadas por la Batalla|Zużyte Bitewne Buty
boots_steadfast_marchers|Steadfast Marchers|Lujaa marssijaa|Marchadoras Inabaláveis|Стойкие Марширующие|堅定遊行者靴|不動の行進者たち |확고한 행군화 (Steadfast Marchers)|Unerschütterliche Marschierer|Marcheurs inébranlables|Botas Inquebrantables|Niezachwiane Marsze
boots_spiked_greaves|Spiked Greaves|Piikkihartiat|Grevas Pontiagudas|Поножи с Шипами|尖刺護腿|スパイクグリーブス|가시 그리브 (Spiked Greaves)|Stachelgamaschen|Grèves à pointes|Grebas con Púas|Kolczaste Nagolenniki
boots_arena_masters_marchers|Arena Master's Marchers|Arena Master's Marchers|Marchadoras do Mestre da Arena|Марширующие Мастера Арены|競技場大師戰靴 |アリーナマスターの行進者 |아레나 마스터의 행군화 (Arena Master's Marchers)|Arena Master's Marchers|Marcheurs du maître d'arène|Botas del Maestro de la Arena|Marsze Mistrza Areny
boots_satans_molten_steps|Satan's Molten Steps|Saatanan sulatetut askeleet|Passos Fundidos de Satã|Расплавленные шаги Сатаны|撒旦熔岩之踏|サタンのモルテン・ステップ|사탄의 용암 발걸음 (Satan's Molten Steps)|Geschmolzene Schritte des Satans|Jambières en fusion de Satan|Pasos de Magma de Satán|Stopione Kroki Satana
boots_pearlescent_dream|Pearlescent Dream|Sateenkaaren saappaat|Sonho Perolado|Перламутровая Мечта|彩虹之靴|虹のブーツ|진주빛 꿈 (Pearlescent Dream)|Stiefel des Regenbogens|Rêve nacré|Sueño Nacarado|Perłowy Sen
boots_manawoven_walkers|Mana-Woven Walkers|Mana Stompers|Caminhantes de Mana|Ходунки, Сотканные из Маны|法力編織步行者|マナ・ストンプス|마나-짜인 워커 (Mana-Woven Walkers)|Mana-Stampfer|Marcheurs tissés de mana|Caminantes de Tejido de Maná|Chodaki Tkane Many
boots_whisper_walkers_feiyue|Whisper Walker's Feiyue|Whisper Walkerin Feiyue|Caminhantes Sussurrantes Feiyue|Фейю Шепота Уокера|低語行者的飛躍|ウィスパーウォーカーの飛燕|위스퍼 워커의 페이유 (Whisper Walker's Feiyue)|Flüsterwanderer's Feiyue|Feiyue du marcheur des murmures|Feiyue del Caminante Susurrante|Feiyue Spacerowicza Szeptów
boots_voodoo_stompers|Voodoo Stompers|Voodoo Stompers|Pisoteadoras Voodoo|Попиратели Вуду|巫毒踐踏者|ブードゥー・ストンパーズ |부두 스톰퍼 (Voodoo Stompers)|Voodoo-Stampfer|Tambours vaudous|Pisotones Vudú|Stompery Voodoo
boots_grand_wizards_silk_shoes|Grand Wizard's Silk Shoes|Suuren velhon silkkikengät|Sapatos de Seda do Grande Feiticeiro|Шелковые туфли Великого Волшебника|大巫師絲綢鞋|グランドウィザードのシルクシューズ|고위 마법사의 실크 신발 (Grand Wizard's Silk Shoes)|Seidenschuhe des großen Zauberers|Chaussures de soie du grand sorcier|Zapatos de Seda del Gran Hechicero|Jedwabne Buty Wielkiego Czarodzieja
boots_lava_treaders|Lava Treaders|Lava Treaders|Pisantes de Lava|Топтуны для лавы|熔岩踐踏者|溶岩踏破者 |용암 발걸음 (Lava Treaders)|Lava-Treter|Marcheurs de lave|Pisadas de Lava|Lawowe Chodaki
boots_deep_chilled_marchers|Deep Chilled Marchers|Syvästi jäähdytetyt marssijat|Marchadoras Gélidas|Марширующие с глубоким Охлаждением|深冷遊行者靴|深冷地のマーチ|심해 냉기 행군화 (Deep Chilled Marchers)|Tiefgekühlte Marschierer|Marcheurs du froid profond|Botas Glaciales|Głęboko Zamarznięte Marsze
boots_wind_walkers_step|Wind Walker's Step|Tuulen kulkijat|Passo do Caminhante do Vento|Шаг Ветроходца|風行者之步|風の散歩者|윈드 워커의 자의 걸음 (Wind Walker's Step)|Windläuferschritt|Pas de marche-vent|Paso del Caminante del Viento|Krok Spacerowicza Wiatru
boots_arch_wizards_silk_boots|Arch Wizard's Silk Boots|Arkkivelhon Silkkisaappaat|Botas de Seda do Arquimago|Шелковые сапоги Верховного волшебника|大巫師絲質靴子|アークウィザードのシルクブーツ|대마법사 실크 부츠 (Arch Wizard's Silk Boots)|Seidenstiefel des Erzmagiers|Bottes de soie du sorcier suprême|Botas de Seda del Archimago|Jedwabne Buty Arcy Czarodzieja
boots_chronomancers_omnipotence|Chronomancer's Omnipotence|Chronomancerin kaikkivaltius|Onipotência do Cronomante|Всемогущество Хрономанта|時空法師的全能靴|クロノマンサーの全能|크로노맨서의 전능함 (Chronomancer's Omnipotence)|Allmacht des Chronomanten|Omnipotence du chronomancien|Omnipotencia del Cronomante|Wszechmoc Chronomanty
boots_ymirs_freezing_boots|Ymir's Freezing Boots|Ymirin pakkassaappaat|Botas Congeladas de Ymir|Ледяные ботинки Имира|尤彌爾的冰凍之靴|ユミルの氷結ブーツ|이미르의 얼음 부츠 (Ymir's Freezing Boots)|Ymirs Froststiefel|Bottes de glace d'Ymir|Botas de Congelación de Ymir|Zamarznięte Buty Ymira
boots_einars_icy_stride|Einar's Icy Stride|Einarin jäinen askel|Passo Gelado de Einar|Ледяная Походка Эйнара|艾納爾的冰冷步伐|アイナーの氷の歩み|에이나르의 얼음 걸음 (Einar's Icy Stride)|Einars eisiger Schritt|Foulée glacée d'Einar|Zancada Glacial de Einar|Lodowy Krok Einara
boots_grimbones_marchers|Grimbone's Marchers|Grimbone's Marchers|Marchadoras de Grimbone|Марширующие Гримбона|恐懼骸骨的行軍靴 |グリムボーンの行軍者 |그림본 행군화 (Grimbone's Marchers)|Grimbones Marschierer|Marcheurs de Grimbone|Botas de Huesosiniestro|Marsze Grimbone'a
boots_aetherflow_treads|Aetherflow Treads|Aetherflow -askelmat|Pisantes do Fluxo de Éter|Эфирный Поток Протекает|乙太湧動長靴|エーテルフロー・トレッド|에테르플로우 트레드 (Aetherflow Treads)|Ätherstrom-Treter|Semelles de flux d'éther|Suelas de Flujo de Éter|Chodaki Przepływu Eteru
boots_runescribes_striders|Runescribe's Striders|Runescribe's Striders|Corredores do Escriba de Runas|Страйдеры Рунного Писца|符文漫遊者靴|ルーンスクリフのストライダー|룬문자의 스트라이더 (Runescribe's Striders)|Runenschreiber-Schleifer|Foulées du scribe des runes|Zancadas del Escriba de Runas|Kroki Runopisarza
boots_players_choice|Pla-Yer's Choice|Pla-Yerin valinta|Escolha do Pla-Yer|Выбор клиента|玩家的選擇|プレイヤーの選択|플레-이어의 선택 (Pla-Yer's Choice)|Spielerwahl|Choix du Jou-Eur|La Elección del Jugador|Wybór Pla-Yera
boots_mosarathims_kicks|Mos'Arathim's Kicks|Mos'Arathim's Kicks|Chuteiras de Mos'Arathim|Удары Моз'Аратима|莫斯阿拉辛之靴|モス＝アラシムのキックス|모스'아라팀의 킥 (Mos'Arathim's Kicks)|Mos'Arathims Tritte|Coups de pied de Mos'Arathim|Patadas de Mos'Arathim|Kopniaki Mos'Arathim
boots_stalwart_sabatons|Stalwart Sabatons|Stalwart Sabatons|Sabatinas Robustas|Стойкие Сабатоны|堅固馬靴|スタルウォート・サバトン|튼튼한 사바통 (Stalwart Sabatons)|Tapfere Sabatons|Solerets vaillants|Escarpes Leales|Stalowe Sabatony
boots_onslaught_stompers|Onslaught Stompers|Onslaught Stompers|Pisantes de Investida|Натиск Топчущих|猛攻踐踏者|オンスロート・ストンパー|맹습 스톰퍼 (Onslaught Stompers)|Ansturm-Stampfer|Assaut écrasant|Pisotones de Embate|Stompery Szarży
boots_mystic_soles|Mystic Soles|Mystiset pohjat|Solados Místicos|Мистические Подошвы|神祕鞋|ミスティック・ソールズ|신비로운 밑창 (Mystic Soles)|Mystische Sohlen|Semelles mystiques|Suelas Místicas|Mistyczne Podeszwy
boots_enigmas_riftwalkers|Enigma's Riftwalkers|Enigman Riftwalkers|Caminhantes Enigmáticos de Fendas|Рифтоходы Энигмы|謎之裂縫行者|エニグマのリフトウォーカー|에니그마의 균열 걷는 자 (Enigma's Riftwalkers)|Enigmas Rissläufer|Marcheurs de Faille d'Enigma|Caminantes de la Grieta del Enigma|Riftwalkery Enigmy
boots_vipermagis_sprinters|Vipermagi's Sprinters|Vipermagin Sprinterit|Corredores do Mago Víbora|Спринтеры Випермаги|毒蛇法師跑靴|ヴァイパーマギのスプリンター|바이퍼마기의 스프린터 (Vipermagi's Sprinters)|Vipermagis Sprinter|Sprint de Vipermagi|Sprinters del Viperino|Sprinterzy Vipermagiego
boots_tareks_tradeoff|Tarek's Tradeoff|Tarekin vaihtokauppa|Compensação de Tarek|Компромисс Тарека|塔里克的權衡|タレクのトレードオフ|타렉의 교환 (Tarek's Tradeoff)|Tareks Kompromiss|Compromis de Tarek||Wymiana Tareka
boots_lunar_prophets_walkers|Lunar Prophet's Walkers|Kuun profeetan kävelijät|Andadores do Profeta Lunar|Ходоки Лунного Пророка|月亮先知的步行者|ルナー・プロフェットのウォーカー|달 예언자의 워커 (Lunar Prophet's Walkers)|Läufer des Mondpropheten|Marcheurs du prophète lunaire|Caminantes de la Profeta Lunar|Chodaki Proroka Księżyca
boots_soulflaming_marchers|Soulflaming Marchers|Soulflaming marssijoita|Marchadores da Chama da Alma|Духовно пылающие марширующие |靈魂火焰行軍|ソウルフレイミング・マーチャー|영혼불꽃 행군화 (Soulflaming Marchers)|Seelenflammende Marschierer|Marcheurs enflammés|Botas de Fuego de Alma|Płonąca Dusza Marsze
boots_arcs_walkers|Arc's Walkers|Arc's Walkers|Caminhantes de Arc|Ходоки Арка |弧光步行者|アークのウォーカー|아크의 워커 (Arc's Walkers)|Arcs Läufer|Marcheurs d'Arc|Caminantes de Arc|Chodaki Arca
boots_marchers_of_hatred|Marcher's of Hatred|Marcher's of Hatred|Manifestantes do Ódio|Марш ненависти |仇恨遊行者|マーチャーズ・オブ・ヘイト|증오의 행군자 (Marcher's of Hatred)|Marschierer des Hasses|Marcheurs de la haine|Botas del Odio|Marsze Nienawiści
boots_thunder_callers_treads|Thunder Caller's Treads|Thunder Caller's Treads|Passos do Invocador de Trovões|Походки Громового Призывателя |雷霆召喚者便鞋|サンダーコーラーのトレッド|썬더 콜러의 발걸음 (Thunder Caller's Treads)|Treter des Donnerrufers|Sandales de l'invocateur du tonnerre|Pisadas del Invocador de Truenos|Chodaki Przywoływacza Gromu
boots_steampowered_flamewalkers|Steampowered Flamewalkers|Höyrykäyttöiset Flamewalkers|Andadores de Vapor Flamejantes|Паровые огнеходы |蒸氣動力火焰行者|スチームパワー・フレイムウォーカー|증기 동력 불꽃 걷는 자 (Steampowered Flamewalkers)|Dampfbetriebene Flammenläufer|Marcheurs de flammes à vapeur|Caminallamas a Vapor|Parowe Płomienne Chodaki
boots_developer_boots|DEVELOPRE BOOT|DEVELOPRE BOOT|DEVELOPRE BOOT||開發者之靴|デベロプレ・ブーツ|개발자 부츠 (DEVELOPRE BOOT)|ENTWICKLUNGSSTIEFEL|BOTTES DE DÉVELOPPEMENT|BOTA DE DESARROLLADOR|DEVELOPRE BOOT
boots_lost_at_sea|Stranded Boot|Stranded Boot|Bota Arrojada|Застрявший ботинок |擱淺者長靴|ストランドド・ブーツ|좌초된 부츠 (Stranded Boot)|Gestrandeter Stiefel|Botte échouée|Bota Varada|Stranded Boot
boots_rocket_boots|Rocket Boots|Rakettisaappaat|Botas Foguete|Ракетные сапоги |火箭靴|ロケット・ブーツ|로켓 부츠 (Rocket Boots)|Raketenstiefel|Bottes fusée|Botas Cohete|Rakietowe Buty
boots_fumas_favela_flipflop|Fumacinha's Favela Flipflop|Fumacinhan Favela Flipflop|Chinelo Fumachinhas gueto |Фумачинхас гетто шлепок |富馬西尼亞貧民窟人字拖|フマシンハのファヴェーラ・フリップフロップ|푸마시냐의 파벨라 플립플랍 (Fumacinha's Favela Flipflop)|Fumacinhas Favela-Flipflop|Tongs de la favela de Fumacinha|Chancla de la Favela de Fumacinha|Fumacinha's Favela Flipflop
boots_metal_vocalists_war_boots|Metal Vocalist's War Boots|Metal Vocalist's War Boots |Botas de Guerra do Vocalista de Metal |Боевые ботинки металлического вокалиста |金屬歌手戰靴 |メタル・ボーカリストのウォーブーツ |메탈 보컬리스트의 전투 부츠 (Metal Vocalist's War Boots)|Kriegsstiefel des Metal-Sängers|Bottes de guerre du chanteur de métal |Botas de Guerra del Vocalista de Metal|Wojenne Buty Metalowego Wokalisty
boots_venom_roamers|Venom Roamers|Myrkkyvaeltajat|Vagabundos Venenosos|Ядовитые бродяги|毒液漫遊者靴|ヴェノム・ローマーズ|맹독 로머스 (Venom Roamers)|Giftige Wanderer|Vagabonds venimeux|Vagabundos Venenosos|Wędrowcy Venoma
boots_thunder_roamers|Thunder Roamers|Ukkosenvaeltajat|Vagabundos do Trovão|Громовые бродяги|雷霆漫遊者靴|サンダー・ローマーズ|천둥 로머스 (Thunder Roamers)|Donnerwanderer|Vagabonds du tonnerre|Vagabundos Trueno|Wędrowcy Gromu
boots_chaoswalkers|Chaoswalkers|Kaaoskävelijät|Caminhantes do Caos|Хаосброды|混沌行者|カオスウォーカーズ|카오스 워커스 (Chaoswalkers)|Chaoswanderer|Marcheurs du chaos|Caminantes del Caos|Chaoswalkery
boots_chilling_roamers|Chilling Roamers|Jäädyttävät vaeltajat|Vagabundos Congelantes|Леденящие бродяги|寒冷漫遊者|チリング・ローマーズ|냉기 로머스 (Chilling Roamers)|Fröhliche Wanderer|Vagabonds glacials|Vagabundos Escalofriantes|Chłodzące Wędrowcy
boots_scorching_roamers|Scorching Roamers|Paahtavan kuumat vaeltajat|Vagabundos Escaldantes|Обжигающие бродяги|灼熱漫遊者|スコーチング・ローマーズ|타오르는 로머스 (Scorching Roamers)|Sengende Wanderer|Vagabonds brûlants|Vagabundos Abrasadores|Piekące Wędrowcy
boots_astral_roamers|Astral Roamers|Astraalivaeltajat|Vagabundos Astrais|Астральные бродяги|星界漫遊者|アストラル・ローマーズ|아스트랄 로머스 (Astral Roamers)|Astrale Wanderer|Vagabonds astraux|Vagabundos Astrales|Astralni Wędrowcy
boots_brutal_roamers|Brutal Roamers|Raa'at vaeltajat|Vagabundos Brutais|Жестокие бродяги|野蠻漫遊者|ブルータル・ローマーズ|잔혹한 로머스 (Brutal Roamers)|Brutale Wanderer|Vagabonds brutaux|Vagabundos Brutales|Brutalni Wędrowcy
boots_deserts_storm|Desert's Storm|Aavikon myrsky|Tempestade no Deserto|Буря в пустыне|沙漠風暴靴|デザートのストーム|사막의 폭풍 (Desert's Storm)|Wüstensturm|Tempête du désert|Tormenta del Desierto|Burza Pustyni
boots_adamant_roamers|Adamant Roamers|Adamanttiset vaeltajat |Vagabundos de Adamantio |Несокрушимые бродяги |堅定漫遊者 |アダマント・ローマーズ|아다만트 로머스 (Adamant Roamers)|Unnachgiebige Wanderer|Vagabonds inflexibles |Vagabundos Inflexibles |Nieugięci Wędrowcy
boots_peg_leg|Peg Leg|Peg Leg|Perna de Pau|Протез ноги|義肢|義足|의족 (Peg Leg)|Holzbein|Jambe de bois|Pata de palo|Peg Leg
boots_rift_vectors|Rift Vectors|Rift Vectors|Vetores de Fenda |Векторы разлома |矢量裂隙 |リフトベクター |리프트 벡터 (Rift Vectors)|Riftvektoren|Vecteurs de faille |Vectores de grietas |Wektory Riftu
boots_ghostplunderers_marchers|Ghostplunderer´s Marchers||Marchadores do Saqueador Fantasma|Марширующие Призрачного мародера|幽靈掠奪者行軍靴|ゴーストプランダラーのマーチャーズ|고스트플랜더러의 장화|Marschierer des Geisterplünderers|Marcheurs du Pilleur de Fantômes|Botas del Saqueador Fantasma|Maszerujący Widmowego Łupieżcy
boots_phantoms_step|Phantom´s Step||Passo do Fantasma |Шаг Фантома|幻影步履|ファントム・ステップ |팬텀의 발걸음|Schritt des Phantoms |Pas du Fantôme |Paso Fantasma|Krok Widma
|||||||||||
lore_boots_wind_walkers_step|An ancient martial artist knows to go by the name of Wind Walker was said to be so agile he could run in the air using these carefully crafted boots.|Muinaisen taistelutaiteilijan, joka tunnetaan nimellä Wind Walker, sanottiin olevan niin ketterä, että hän pystyi juoksemaan ilmassa näillä huolellisesti muotoilluilla saappailla.|Dizia-se que um antigo artista marcial conhecido pelo nome de Andarilho do Vento era tão ágil que podia correr no ar usando essas botas meticulosamente fabricadas.|Известный древний мастер боевых искусств по имени Ветроход, как говорили, был настолько проворен, что мог бегать по воздуху в этих тщательно изготовленных ботинках.|一位名叫風行者的古代武術家據說非常敏捷, 他可以穿著這些精心製作的靴子在空中奔跑|ウィンドウォーカーという名で知られる古代の武術家は、この丹念に作られたブーツを履いて空中を駆け抜けるほどの俊敏さを持っていたと言われています。|고대 무술가 윈드 워커라 불리던 이는, 공중을 달릴 수 있을 정도로 민첩했다고 전해지며, 이 정교하게 제작된 부츠를 착용했다고 합니다.|Ein alter Kampfkünstler namens Wind Walker soll so beweglich gewesen sein, dass er mit diesen sorgfältig gefertigten Stiefeln durch die Luft rennen konnte.|Un ancien artiste martial connu sous le nom de Marcheur du vent était réputé si agile qu'il pouvait marcher au-dessus du sol.|Se decía que un antiguo artista marcial conocido como el Caminante del Viento era tan ágil que podía correr en el aire usando estas botas meticulosamente fabricadas.|Pradawny artysta walki znany jako Wind Walker podobno był tak zwinny, że mógł biegać w powietrzu używając tych starannie wykonanych butów.
lore_boots_pearlescent_dream|In our dreams we are released from the mortal burden; in our own bubble we can conquer the largest mountain or swim in the deepest ocean.|Unelmissamme olemme vapautettuja kuolevaisen taakasta; omassa kuplassamme voimme valloittaa suurimman vuoren tai uida syvimmässä valtameressä.|Em nossos sonhos nós somos libertos do fardo mortal; em nossa própria bolha, podemos conquistar a maior montanha ou nadar no oceano mais profundo.|В наших мечтах мы освобождаемся от бремени смертных; в нашем собственном пузыре мы можем покорить самую большую гору или поплавать в самом глубоком океане.|在夢中, 我們從凡人的重擔中解脫出來;在我們自己的泡沫中, 我們可以征服最大的山脈或在最深的海洋中游泳。|夢の中では、私たちは死の重荷から解放されます。自分だけの泡の中で、どんなに大きな山をも征服し、どんなに深い海をも泳ぐことができます。|꿈속에서 우리는 육신의 짐을 벗고, 가장 높은 산을 정복하고 가장 깊은 바다를 헤엄칠 수 있습니다.|In unseren Träumen sind wir von der tödlichen Last befreit; in unserer eigenen Blase können wir den höchsten Berg bezwingen oder im tiefsten Ozean schwimmen.|Dans nos rêves, nous sommes libérés du fardeau des mortels; dans notre esprit, nous pouvons conquérir la plus grande montagne ou nager dans l'océan le plus profond.|En nuestros sueños nos liberamos de la carga mortal; en nuestra propia burbuja, podemos conquistar la montaña más grande o nadar en el océano más profundo.|W naszych snach jesteśmy uwolnieni od śmiertelnego ciężaru; w naszej własnej bańce możemy zdobyć największą górę lub pływać w najgłębszym oceanie.
lore_boots_grimbones_marchers|Boots made of from the skin and bones of a thousand falled soldiers.|Tuhansien kaatuneiden sotilaiden nahasta ja luista tehdyt saappaat.|Botas forjadas da pele e dos ossos de mil soldados mortos.|Сапоги, сделанные из кожи и костей тысячи павших солдат.|由一千名陣亡士兵的皮膚和骨頭製成的靴子。|このブーツは、何千人もの倒れた兵士の皮と骨で作られています。|수천 명의 전사들의 피부와 뼈로 만들어진 부츠.|Stiefel aus der Haut und den Knochen tausender gefallener Soldaten.|Des bottes faites de la peau et des os d'un millier de soldats morts au combat.|Botas hechas de la piel y los huesos de mil soldados caídos.|Buty wykonane ze skóry i kości tysiąca upadłych żołnierzy.
lore_boots_soulflaming_marchers|Burning in agony are the souls entrapped in this pair of boots..|Sielut palavat tuskissa tähän saappaan.|As almas aprisionadas neste par de botas estão ardendo em agonia...|Души, запертые в этой паре ботинок, горят в агонии..|被困在這雙靴子裡的靈魂在痛苦中燃燒……|このブーツに囚われた魂は、苦痛に燃えています。|이 부츠 안에는 고통 속에 불타는 영혼들이 갇혀 있습니다..|Die Seelen, die in diesem Paar Stiefel gefangen sind, brennen in Qualen.|Les âmes emprisonnées dans cette paire de bottes brûlent d'agonie.|Las almas atrapadas en este par de botas arden en agonía...|Płonące w agonii są dusze uwięzione w tej parze butów..
lore_boots_marchers_of_hatred|I just hate these dolls and the maggots feasting on its carcass..|Vihaan vain näitä nukkeja ja toukkoja, jotka juhlivat sen ruhoa.|Eu simplesmente odeio esses bonecos e as larvas que se alimentam de sua carcaça.|Я просто ненавижу этих кукол и личинок, пирующих на их туше..|我只是討厭這些娃娃和以它屍體為食的蛆蟲……|この人形とその死骸を食い荒らすウジ虫が本当に憎いのです。|난 저 인형들이랑, 그 사체를 파먹는 구더기들이 정말 싫어.|Ich hasse diese Puppen und die Maden, die sich an ihren Kadavern gütlich tun.|Je déteste ces poupées et les asticots qui se repaissent de leur carcasse.|Simplemente odio a estas muñecas y a los gusanos que se dan un festín con su cadáver...|Po prostu nienawidzę tych lalek i robaków żerujących na ich trupie..
lore_boots_developer_boots|I went to the store to buy some of them nuggets but the store was closed so I called my mom and tripped on the side of the road, fell into a hole and appeared in front of a church. They were serving soup for the homeless and this guy comes to me and tells me ‘Hey man you look like you like nuggets, I know exactly the place’. So I follow him to a dark alley and we go inside this moldy appartment and he gives me this white rock kind of thing and tells me this is better than nuggets, we spent the whole night vaping this rock and those were the best nuggets I’ve ever eaten. |"Menin kauppaan ostamaan niistä nuggetteja, mutta kauppa oli kiinni, joten soitin äidilleni ja kompastuin tien reunaan, putosin kuoppaan ja ilmestyin kirkon eteen. He tarjosivat keittoa kodittomille, ja tämä kaveri tulee luokseni ja sanoo minulle: ""Hei mies, näytät kuin nuggetit, tiedän tarkalleen paikan"". Joten seuraan häntä pimeälle kujalle ja menemme sisään tähän homeiseen asuntoon, ja hän antaa minulle tämän valkoisen kiven kaltaisen jutun ja sanoo minulle, että tämä on parempi kuin nuggets, vietimme koko yön höyrystäen tätä kiveä ja ne olivat parhaita nuggetteja, joita olen koskaan syönyt. "|Fui à loja para comprar alguns nuggets, mas a loja estava fechada, então liguei para minha mãe e tropecei na beira da estrada, caí em um buraco e apareci na frente de uma igreja. Eles estavam servindo sopa para os sem-teto e um cara veio até mim e disse: “Ei, cara, você parece gostar de nuggets, conheço exatamente o lugar”. Então, eu o segui até um beco escuro e entramos em um apartamento mofado e ele me deu uma espécie de pedra branca e me disse que era melhor do que nuggets. Passamos a noite inteira vaporizando essa pedra e esses foram os melhores nuggets que já comi. |Я пошел в магазин, чтобы купить немного наггетсов, но магазин был закрыт, поэтому я позвонил маме и споткнулся на обочине дороги, упал в яму и оказался перед церковью. Они подавали суп для бездомных, и этот парень подходит ко мне и говорит: «Эй, чувак, ты выглядишь так, будто любишь наггетсы, я точно знаю это место». Поэтому я следую за ним в темный переулок, и мы заходим в эту заплесневелую квартиру, и он дает мне эту штуку, похожую на белый камень, и говорит, что это лучше, чем наггетсы, мы всю ночь парили этот камень, и это были лучшие наггетсы, которые я когда-либо ел. |我去商店買了一些雞塊,但商店關門了, 所以我打電話給媽媽,然後在路邊絆了一跤, 掉進了一個洞裡,出現在一座教堂前面. 他們正在為無家可歸的人提供湯, 這個人來找我並告訴我『嘿，夥計，你看起來像雞塊，我很清楚那個地方』. 所以我跟著他來到一條黑暗的小巷,我們走進這個發霉的公寓, 他給了我一塊白色的岩石之類的東西,並告訴我這比雞塊更好, 我們花了整個晚上吸這塊岩石,這些是我最好的雞塊|ナゲットを買おうと店に行ったのですが、店は閉まっていたので母に電話したところ、道端でつまずいて穴に落ち、教会の前に現れました。そこでホームレスにスープを配っていて、ある男性が近づいてきて、「おい、君はナゲットが好きそうだな。その場所を知っているよ」と言いました。それで私は彼を追って暗い路地に入り、カビ臭いアパートに入った。彼は白いロックみたいなやつをくれて、「これはナゲットより美味しい」と言った。私たちは一晩中そのロックを吸って過ごしたが、あれは今まで食べた中で一番美味しいナゲットだった。|치킨 너겟을 사러 가게에 갔는데 문이 닫혀 있어서 엄마한테 전화했어. 그런데 길가에 걸려 넘어졌고, 구멍에 빠져 교회 앞에 떨어졌지. 그곳에선 노숙자들에게 수프를 나눠주고 있었고, 어떤 남자가 다가와서 말하더라. ‘너 너겟 좋아하게 생겼네, 딱 좋은 곳 알아.’ 그래서 그를 따라 어두운 골목의 곰팡내 나는 아파트로 들어갔어. 그가 하얀 돌덩이 같은 걸 건네주며 이게 너겟보다 더 낫다고 말했어요. 우린 그 돌을 하룻밤 동안 그걸 피워댔고, 지금껏 먹은 너겟 중 최고였어.|Ich wollte in den Laden, um ein paar dieser Nuggets zu kaufen, aber der Laden war geschlossen, also rief ich meine Mutter an, stolperte am Straßenrand, fiel in ein Loch und erschien vor einer Kirche. Sie gaben Suppe für Obdachlose aus, und dieser Typ kam zu mir und sagte: „Hey Mann, du siehst aus, als ob du Nuggets magst, ich weiß genau, wo.“ Also folge ich ihm in eine dunkle Gasse, und wir gehen in diese schimmelige Wohnung. Er gibt mir so ein weißes Ding und sagt, das sei besser als Nuggets. Wir haben die ganze Nacht damit verbracht, dieses Ding zu verdampfen, und das waren die besten Nuggets, die ich je gegessen habe.|Je suis allé au magasin pour acheter des nuggets, mais le magasin était fermé, alors j'ai appelé ma mère et j'ai trébuché sur le bord de la route, je suis tombé dans un trou et je suis apparu devant une église. Ils servaient de la soupe aux sans-abri et un type est venu me dire : « Hé mec, on dirait que tu aimes les nuggets, je connais exactement l'endroit. » Alors je l'ai suivi dans une ruelle sombre et nous sommes entrés dans un appartement moisi. Il m'a donné une sorte de caillou blanc et m'a dit que c'était meilleur que des nuggets, on a passé la nuit à vapoter ce caillou et c'étaient les meilleurs nuggets que j'aie jamais mangés.|"Fui a la tienda a comprar unos nuggets, pero estaba cerrada, así que llamé a mi madre y me tropecé en la acera, caí en un agujero y aparecí frente a una iglesia. Estaban sirviendo sopa para los sin techo y un tipo se me acerca y me dice: ""Oye, amigo, parece que te gustan los nuggets, conozco el lugar perfecto"". Así que lo sigo a un callejón oscuro, entramos a este apartamento mohoso y me da una cosa como una piedra blanca y me dice que esto es mejor que los nuggets. Pasamos toda la noche vapeando esta piedra y fueron los mejores nuggets que he comido."|Poszedłem do sklepu kupić nuggetsy, ale sklep był zamknięty, więc zadzwoniłem do mamy i potknąłem się na poboczu, wpadłem do dziury i pojawiłem się przed kościołem. Podawali zupę dla bezdomnych i podchodzi do mnie ten facet i mówi „Hej człowieku, wyglądasz jakbyś lubił nuggetsy, wiem dokładnie gdzie”. Więc idę za nim w ciemną alejkę i wchodzimy do tej spleśniałej kamienicy, a on daje mi ten biały kamień i mówi, że to lepsze niż nuggetsy, spędziliśmy całą noc vapując ten kamień i były to najlepsze nuggetsy, jakie kiedykolwiek jadłem.
lore_boots_lost_at_sea|Closer to astronauts than anyone other on the planet|Lähempänä astronautteja kuin kukaan muu planeetalla|Mais perto dos astronautas do que qualquer outra pessoa no planeta|Ближе к астронавтам, чем кто-либо другой на планете|比地球上任何人都更接近太空人|地球上で誰よりも宇宙飛行士に近い|지구 위 그 누구보다 우주비행사에 가까운 부츠.|Näher an Astronauten als jeder andere auf dem Planeten.|Plus proche des astronautes que de quiconque sur la planète|Más cerca de los astronautas que nadie en el planeta.|Bliżej astronautów niż ktokolwiek inny na planecie
lore_boots_fumas_favela_flipflop|Flipflopping max speed running from the Policia Militar|Flipfloping maksiminopeus käynnissä Policia Militarista|Correndo em velocidade máxima da Polícia Militar.|Бег на максимальной скорости от Policia Militar|從警察軍中以最高速度奔跑|警察から全速力で逃げ回る|폴리시아 밀리타르(군경)를 피해 최대 속도로 달리는 플립플랍!|Mit Höchstgeschwindigkeit vor der Policia Militar davonrennen.|Flipflops à vitesse maximale en courant de la Policia Militar|Corriendo a máxima velocidad de la Policia Militar con las chanclas.|Flipflopując z maksymalną prędkością uciekając przed Policia Militar
lore_boots_metal_vocalists_war_boots|Stomping the ground amplifying the sweet sound of metal!|Maan takkuminen vahvistaa metallin suloista ääntä! |Pisando no chão e amplificando o doce som do metal! |Топ по земле, усиливающий сладкий звук металла! |跺腳發出悅耳的金屬聲！ |地面を踏み鳴らし、甘美な金属音を増幅させる！ |대지를 짓밟으며 메탈의 달콤한 울림을 증폭시킨다!|Auf den Boden stampfen und den süßen Klang von Metall verstärken!|Frapper le sol en amplifiant le doux son du métal ! |¡Pateando el suelo para amplificar el dulce sonido del metal!|Stąpanie po ziemi wzmacniające słodki dźwięk metalu!
lore_boots_deserts_storm|The storm is brewing, guiding your every step..|Myrsky kytee ja ohjaa jokaista askeltasi..|A tempestade está se formando, guiando cada passo seu.|Надвигается буря, направляя каждый твой шаг..|風暴正在醞釀，指引你的每一步……|嵐が近づき、あなたの一歩一歩を導く..|폭풍이 몰아치며 당신의 모든 발걸음을 이끌고 있다..|Der Sturm braut sich zusammen und lenkt jeden deiner Schritte.|La tempête gronde, guidant chacun de vos pas.|La tormenta se avecina, guiando cada paso.|Burza nadchodzi, prowadząc każdy twój krok..
lore_boots_chaoswalkers|Walk through the chaos like a king..|Kävele kaaoksen läpi kuin kuningas..|Caminhe pelo caos como um rei.|Иди сквозь хаос, как король..|像國王一樣穿越混亂……|混沌の中を王のように歩め..|혼돈을 왕처럼 걸어라..|Gehe durch das Chaos wie ein König.|Traversez le chaos tel un roi.|Camina por el caos como un rey.|Idź przez chaos jak król..
lore_boots_thunder_roamers|Walk through the thunder like odin..|Kävele ukkosen läpi kuin Odin..|Caminhe pelo trovão como Odin.|Иди сквозь гром, как Один..|像奧丁一樣穿越雷霆……|雷の中をオーディンのように歩め..|천둥을 오딘처럼 걸어라..|Gehe durch den Donner wie Odin.|Traversez le tonnerre tel Odin.|Camina entre el trueno como Odín.|Idź przez grom jak odin..
lore_boots_venom_roamers|Walk through the venom like a snake..|Kävele myrkyn läpi kuin käärme..|Caminhe pelo veneno como uma cobra.|Иди сквозь яд, как змея..|像蛇一樣穿越毒液……|毒の中を蛇のように歩め..|맹독을 뱀처럼 걸어라..|Gehe durch das Gift wie eine Schlange.|Traversez le venin tel un serpent.|Camina entre el veneno como una serpiente.|Idź przez jad jak wąż..
lore_boots_chilling_roamers|Walk through the tundra like a viking..|Kävele tundran läpi kuin viikinki..|Caminhe pela tundra como um viking.|Иди по тундре, как викинг..|像維京人一樣穿越苔原……|ツンドラの中をヴァイキングのように歩め..|툰드라를 바이킹처럼 걸어라..|Gehe durch die Tundra wie ein Wikinger.|Traversez la toundra tel un viking.|Camina por la tundra como un vikingo.|Idź przez tundrę jak wiking..
lore_boots_scorching_roamers|Walk through the flames like a dragon..|Kävele liekkien läpi kuin lohikäärme..|Caminhe pelas chamas como um dragão.|Иди сквозь пламя, как дракон..|像龍一樣穿越火焰……|炎の中をドラゴンのように歩め..|화염을 용처럼 걸어라..|Gehe durch die Flammen wie ein Drache.|Traversez les flammes tel un dragon.|Camina entre las llamas como un dragón.|Idź przez płomienie jak smok..
lore_boots_astral_roamers|Walk through the astral planes like a wizard..|Kävele astraalitasojen läpi kuin velho..|Caminhe pelos planos astrais como um mago.|Иди по астральным планам, как волшебник..|像巫師一樣穿越星界……|星界をウィザードのように歩め..|아스트랄계를 마법사처럼 걸어라..|Gehe durch die Astralebenen wie ein Zauberer.|Traversez les plans astraux tel un sorcier.|Camina por los planos astrales como un mago.|Idź przez płaszczyzny astralne jak czarodziej..
lore_boots_brutal_roamers|Walk through the battlefield like a god of war..|Kävele taistelukentän läpi kuin sodan jumala..|Caminhe pelo campo de batalha como um deus da guerra.|Иди по полю битвы, как бог войны..|像戰神一樣穿越戰場……|戦場を戦神のように歩め..|전장을 전쟁의 신처럼 걸어라..|Gehe durch das Schlachtfeld wie ein Kriegsgott.|Traversez le champ de bataille tel un dieu de la guerre.|Camina por el campo de batalla como un dios de la guerra.|Idź przez pole bitwy jak bóg wojny..
lore_boots_adamant_roamers|Walk through the mountain like a siege ram..|Kävele vuoren läpi kuin piiritysoinas.. |Caminhe pela montanha como um aríete de cerco. |Иди сквозь горы, как осадный таран.. |像攻城槌一樣穿越山脈…… |山岳を攻城破城槌のように歩め..|산을 공성추처럼 걸어라..|Gehe durch die Berge wie ein Belagerungsbock.|Traversez la montagne tel un bélier de siège. |Camina por la montaña como un ariete de asedio. |Idź przez górę jak taran oblężniczy!
lore_boots_peg_leg|Yarrr shiver me timbers!|Yarrr shiver me timbers!|Argh! Arrepia-me a espinha!|Яррр, аж дрожь пробирает!|我的天哪！|うわー、びっくり仰天！|맙소사!|Arrr, Donnerwetter!|Par tous les diables !|¡Arrr, qué horror!|Yarrr, drżyjcie moje deski!
lore_boots_rift_vectors|Forged from the essence of creation it self..|Forged from the essence of creation it self..|Forjado a partir da própria essência da criação... |Выкован из самой сущности творения… |由造物主的精髓鍛造而成…… |創造の本質そのものから鍛え上げられた… |창조 그 자체의 정수로 빚어졌군... |Geschmiedet aus dem Wesen der Schöpfung selbst …|Forgé à partir de l'essence même de la création… |Forjado a partir de la esencia misma de la creación... |Wykute z samej esencji stworzenia..
lore_boots_ghostplunderers_marchers|These boots have been worn while plundering at least a thousand ships..||Estas botas foram usadas durante o saque de pelo menos mil navios.|Эти сапоги носили во время грабежа по меньшей мере тысячи кораблей.|這雙戰靴曾踏遍千艘遭到劫掠的船隻……|このブーツは、少なくとも千隻の船を略奪する際に履かれてきたものだ。|이 장화는 최소 천 척의 배를 약탈할 때 신었던 것이다…|Diese Stiefel wurden bei der Plünderung von mindestens tausend Schiffen getragen. ... Mache Schritte, die kein Geräusch erzeugen. |Ces bottes ont servi à piller au moins mille navires…|Estas botas han sido usadas durante el saqueo de al menos mil barcos.|Te buty były noszone podczas plądrowania co najmniej tysiąca statków.
lore_boots_phantoms_step|Take steps that make the sound of nothingness..||Dê passos que façam o som do nada. |Предпримите шаги, которые создают звук ничтожности.|踏出無聲無息的寂靜步伐……|音を立てずに、静かに歩け。 |아무것도 없는 듯한 소리를 내며 발걸음을 옮긴다…||Faites des pas silencieux… |Da pasos que producen el sonido de la nada.|Podejmuj kroki, które wydają dźwięk nicości.
|||||||||||
craft_boots_arcs_walkers|Arc's Walkers are powerful boots designed for leveling providing increased experience gain for characters below level 100.|Arcin kulkijat ovat tehokkaita saappaita, jotka on suunniteltu tasojen nostamiseen ja jotka tarjoavat enemmän kokemusta alle tason 100 hahmoille. |Os Arc's Walkers são botas poderosas projetadas para subir de nível, proporcionando maior ganho de experiência para personagens abaixo do nível 100. |Arc's Walkers — это мощные ботинки, предназначенные для повышения уровня персонажа и обеспечивающие увеличение опыта для персонажей ниже 100-го уровня. |弧光步行者 是一款專為升級而設計的強力靴子，可為 100 級以下的角色提供更多經驗值 |アークのウォーカーは、レベル100未満のキャラクターに経験値獲得量増加を提供する、レベリング用に設計された強力なブーツである。|아크 워커는 100레벨 이하 캐릭터의 경험치 획득량을 증가시켜 레벨업에 특화된 강력한 장화입니다.|Arcs Walkers sind leistungsstarke Stiefel, die zum Leveln entwickelt wurden und Charakteren unter Level 100 einen erhöhten Erfahrungsgewinn ermöglichen.|Les Arc's Walkers sont des bottes puissantes conçues pour la mise à niveau, offrant un gain d'expérience accru pour les personnages inférieurs au niveau 100. |Los Arc's Walkers son unas botas poderosas diseñadas para subir de nivel y proporcionar una mayor ganancia de experiencia para personajes por debajo del nivel 100. |Buty Arc's Walkers to potężne buty przeznaczone do zdobywania poziomów, zapewniające większe doświadczenie postaciom poniżej poziomu 100. 
|||||||||||
[amulets]|||||||||||
amulets_normal_golden_amulet|Amulet|Amuletti|Amuleto |Амулет|黃金項鍊|お守り|아뮬렛 (Amulet)|Amulett|Amulette|Amuleto|Amulet
amulets_normal_silver_necklace|Locket|Medaljonki|Medalhão|Медальон|銀項鍊|ロケット|로켓 (Locket)|Medaillon|Médaillon|Medallón|Medalion
amulets_normal_jade_stone|Pearls|Helmet|Pérola|Жемчуг|翡翠石項鍊|真珠|진주 (Pearls)|Perlen|Perle|Perlas|Perły
amulets_normal_skull_trophy|Talisman|Talismaani|Talismã|Талисман|骷髏項鍊|お守り|탈리스만 (Talisman)|Talisman|Talisman|Talismán|Talizman
amulets_normal_hawks_claw_amulet|Carcanet|Carcanet|Colar |Шитый золотом воротник|鷹爪項鍊|カルカネット|카르카넷 (Carcanet)|Karkanet|Carcanet|Gargantilla|Carcanet
amulets_normal_elven_necklace|Necklace|Kaulakoru |Colar |Ожерелье|精靈項鍊 |ネックレス |목걸이 (Necklace)|Halskette|Collier|Collar|Naszyjnik
|||||||||||
[amulets_unique]|||||||||||
amulets_all_seeing_eye|All Seeing Eye|Kaikennäkevä Silmä|Olho que Tudo Vê|Всевидящее Око|全能之眼|全能の目|모든것을 보는 눈 (All Seeing Eye)|Allsehendes Auge|Oeil qui voit tout|Ojo que Todo lo Ve|Wszystkowidzące Oko
amulets_high_demons_necklace|High Demon's Necklace|Suurdemonin Kaulakoru|Colar do Demônio Superior|Ожерелье Верховного Демона|大惡魔項鍊|大デーモンのネックレス|고위 악마의 목걸이 (High Demon's Necklace)|Erzdämonenhalskette|Collier de haut démon|Collar del Gran Demonio|Naszyjnik Wielkiego Demona
amulets_satans_precious|Satan's Precious|Saatanan Silmäterä|Preciosidade de Satã|Драгоценность сатаны|撒旦珍寶|サタンの愛おしい物|사탄의 보석 (Satan's Precious)|Satans Schatz|Trésor de Satan|El Tesoro de Satán|Klejnot Satana
amulets_shining_pearl|Shining Pearl||Pérola Brilhante|Сияющая Жемчужина|閃亮珍珠|輝く真珠|빛나는 진주 (Shining Pearl)|Leuchtende Perle|Perle brillante|Perla Brillante|Błyszcząca Perła
amulets_gurags_soul|Gurag's Pebble||Pedrinha de Gurag|Камешек Гурага |古拉格的水晶 |グラグの小石 |구라그의 조약돌 (Gurag's Pebble)|Gurags Kieselstein|Gaillon de Gurag |Guijarro de Gurag|Kamyk Guraga
amulets_anubis_oculus|Anubis Oculus|Anubis Oculus|Óculo de Anubis|Глаз Анубиса|阿努比斯之眼|アヌビスの眼球|아누비스의 오큘러스 (Anubis Oculus)|Anubis Okulus|Oculus d'Anubis|Oculus de Anubis|Oculus Anubisa
amulets_tals_pendant|Tal's Pendant|Talin Riipus|Pingente de Tal|Кулон Тала|塔爾的吊墜|タルのペンダント|탈의 펜던트 (Tal's Pendant)|Tals Anhänger|Pendentif de Tal|Colgante de Tal|Wisiorek Tala
amulets_damiens_soulstone|Damien's Soulstone|Damienin Sielukivi|Pedra da Alma de Damien|Камень души Дэмиена|達米安的靈魂石|デイミアンのソウルストーン|데미언의 영석 (Damien's Soulstone)|Damiens Seelenstein|Pierre d'âme de Damien|Piedra del Alma de Damien|Kamień Duszy Damiena
amulets_steves_necklace|Steve's Necklace|Teemun Kaulakoru|Colar de Steve|Ожерелье Стива|史蒂夫的項鍊|スティーブのネックレス|스티브의 목걸이 (Steve's Necklace)|Steves Halskette|Collier de Steve|Collar de Steve|Naszyjnik Steve'a
amulets_baby_log_necklace|Baby Log Necklace|Pikkutukkikoru|Colar de Tronco Jovem|Ожерелье из Детского Бревна|嬰兒原木項鍊|ベビーログネックレス|아기 통나무 목걸이 (Baby Log Necklace)|Kette des Baby Log|Collier de bûchette|Collar de Tronco Joven|Naszyjnik Małego Kłody
amulets_treasure_pendant|Treasure Pendant|Aarreriipus|Pingente de Tesouro|Подвеска с Сокровищами|寶藏吊墜|トレジャーペンダント|보물 펜던트 (Treasure Pendant)|Schatzanhänger|Pendentif du trésor|Colgante del Tesoro|Wisiorek Skarbów
amulets_ritual_pendant|Ritual Pendant|Rituaaliriipus|Pingente de Ritual|Ритуальный Кулон|儀式吊墜|儀式のペンダント|의식 펜던트 (Ritual Pendant)|Ritualanhänger|Pendentif de cérémonie|Colgante de Ritual|Wisiorek Rytualny
amulets_nobunagas_warrior_spirit|Nobunaga's Warrior Spirit|Nobunagan Soturihenki|Espírito Guerreiro de Nobunaga|Воинственный дух Нобунаги|信長的武士精神|信長のウォリアースピリット|노부나가의 전사의 혼 (Nobunaga's Warrior Spirit)|Nobunagas Kriegergeist|Esprit guerrier de Nobunaga|Espíritu Guerrero de Nobunaga|Duch Wojownika Nobunagi
amulets_visages_eye|Visage's Eye|Kasvojen Silmä|Olho da Visão|Глаз Визажа|面容之眼|ヴィサージュアイ|비사지의 눈 (Visage's Eye)|Auge der Visage|Oeil de Visage|Ojo del Rostro|Oko Wizji
amulets_elders_heart|Elder's Heart|Vanhimman Sydän|Coração do Ancião|Сердце Старейшины|長老之心|エルダーズハート|장로의 심장 (Elder's Heart)|Herz des Elders|Coeur de l'ancien|Corazón del Anciano|Serce Starszego
amulets_devils_gem|Devil's Gem|Paholaisen Jalokivi|Gema do Diabo|Драгоценный камень дьявола|惡魔寶石|デビルズジェム|악마의 보석 (Devil's Gem)|Edelstein des Teufels|Gemme du diable|Gema del Diablo|Klejnot Diabła
amulets_aztec_necklace|Aztec Necklace|Atsteekkikoru|Colar Asteca|Ацтекское Ожерелье|阿茲特克項鍊|アズテックネックレス|아즈텍 목걸이 (Aztec Necklace)|Kette des Azteken|Collier aztèque|Collar Azteca|Naszyjnik Azteków
amulets_sacred_pendant|Sacred Pendant|Pyhäriipus|Pingente Sagrado|Священный Кулон|神聖吊墜|聖なるペンダント|성스러운 펜던트 (Sacred Pendant)|Heiliger Anhänger|Pendentif sacré|Colgante Sagrado|Święty Wisiorek
amulets_spirit_pendant|Spirit Pendant|Henkiriipus|Pingente de Espírito|Духовой Кулон|靈魂吊墜|スピリットペンダント|정령의 펜던트 (Spirit Pendant)|Geisteranhänger|Pendentif de l'esprit|Colgante de Espíritu|Wisiorek Duchów
amulets_rift_warriors_skull|Rift Warrior's Skull|Repeämäsoturin Kallo|Caveira do Guerreiro da Fenda|Череп Воина Разлома|裂縫戰士的頭骨|リフトウォリアーズスカル|균열 전사의 해골 (Rift Warrior's Skull)|Schädel des Riftkriegers|Crâne du guerrier de la faille|Cráneo del Guerrero de la Grieta|Czaszka Wojownika Riftu
amulets_ravens_claw|Raven's Claw|Korpin Kynsi|Garra do Corvo|Коготь Ворона|烏鴉之爪|レイブンズクロー|까마귀 발톱 (Raven's Claw)|Klaue des Rabens|Griffe de corbeau|Garra de Cuervo|Pazur Kruka
amulets_eye_of_horus|Eye of Horus|Horuksen Silmä|Olho de Hórus|Око Гора|荷魯斯之眼|ホルスの目|호루스의 눈 (Eye of Horus)|Auge des Horus|Protection du golem de terre|Ojo de Horus|Oko Horusa
amulets_pyramid_pendant|Pyramid Pendant|Pyramidiriipus|Pingente de Pirâmide|Подвеска в виде Пирамиды|金字塔吊墜|ピラミッドペンダント|피라미드 펜던트 (Pyramid Pendant)|Pyramidenanhänger|Pendentif pyramidal|Colgante de Pirámide|Wisiorek Piramidy
amulets_storm_pendant|Storm Pendant|Myrskyriipus|Pingente da Tempestade|Штормовой Кулон|風暴吊墜|ストームペンダント|폭풍 펜던트 (Storm Pendant)|Sturmanhänger|Pendentif des tempêtes|Colgante de la Tormenta|Wisiorek Burzy
amulets_travelers_compass|Traveler's Compass|Matkustajan Kompassi|Bússola do Viajante|Компас путешественника|旅行者指南針|旅行者のコンパス|여행자의 나침반 (Traveler's Compass)|Reisekompass|Boussole du voyageur|Brújula del Viajero|Kompas Podróżnika
amulets_pendant_of_eternity|Pendant of Eternity|Ikuisuuden riipus|Pingente da Eternidade|Кулон вечности|永恆吊墜|永遠のペンダント|영원의 펜던트 (Pendant of Eternity)|Anhänger der Ewigkeit|Pendentif de l'éternité|Colgante de la Eternidad|Wisiorek Wieczności
amulets_juggernauts_emblem|Juggernaut's Emblem|Pysäyttämätön Voiman Tunnus|Emblema do Juggernaut|Эмблема Джаггернаута|主宰的徽章|ジャガーノートのエンブレム|저거너트의 문장 (Juggernaut's Emblem)|Juggernauts Emblem|Emblème de juggernaut|Emblema del Juggernaut|Emblemat Juggernauta
amulets_engineers_master_pendant|Engineer's Master Pendant|Insinöörin Mestaririipus|Pingente Mestre do Engenheiro|Главный Кулон Инженера|工程師大師吊墜|エンジニアのマスターペンダント|기술자의 마스터 펜던트 (Engineer's Master Pendant)|Master-Anhänger des Ingenieurs|Pendentif de maître ingénieur|Colgante Maestro del Ingeniero|Mistrzowski Wisiorek Inżyniera
amulets_bone_conjurers_mask|Bone Conjurer's Mask|Luidentekijän Naamari|Máscara de Conjurador de Ossos|Маска Костяного фокусника|骨法師面具|ボーンコンジュラーマスク|뼈 소환사의 가면 (Bone Conjurer's Mask)|Knochenbeschwörermaske|Masque de conjurateur d'os|Máscara del Conjurador de Huesos|Maska Przywoływacza Kości
amulets_venoms_necklace|Venom's Necklace|Myrkyn Kaulakoru|Colar de Veneno|Ожерелье Венома|毒液項鍊|ヴェノムのネックレス|맹독의 목걸이 (Venom's Necklace)|Gift Halskette|Collier de venom|Collar de Veneno|Naszyjnik Venoma
amulets_champions_medal_of_valor|Champion's Medal of Valor|Sotamestarin Urheuden Mitalli|Medalha de Valor do Campeão|Медаль чемпиона за доблесть|冠軍英勇勳章|チャンピオンの勇気のメダル|챔피언의 용기 메달 (Champion's Medal of Valor)|Tapferkeitsmedaille des Champions|Médaille de valeur de champion|Medalla de Valor del Campeón|Medal Waleczności Championa
amulets_plunderers_spy_glass|Plunderer's Spy Glass|Laivojenupottajan Kaukoputki|Luneta do Saqueador|Подзорная труба Грабителя|掠奪者望遠鏡|プランダラのスパイグラス|약탈자의 망원경 (Plunderer's Spy Glass)|das Spionageglas des Plünderers|longue vue de pilleur|Catalejo del Saqueador|Luneta Rabusia
amulets_kalliks_fury|Kallik's Fury|Kallik's Fury|Fúria de Kallik|Ярость Каллик|卡利克之怒 |カリクの怒り |칼릭의 분노 (Kallik's Fury)|Kallik's Fury|Furie de Kallik|Furia de Kallik|Furia Kallika
amulets_unfathomable_puzzle|Unfathomable Puzzle|Käsittämätön palapeli|Quebra-cabeça Incompreensível|Непостижимая Головоломка|深不可測的謎題|不思議なパズル|심오한 퍼즐 (Unfathomable Puzzle)|Unergründliches Puzzle|Casse-tête incompréhensible|Puzle Insondable|Niezbadana Łamigłówka
amulets_philosophers_stone|Philosopher's Stone|Viisasten kivi|Pedra Filosofal|Философский камень|賢者之石|賢者の石 |철학자의 돌 (Philosopher's Stone)|Stein der Weisen|Pierre philosophale|Piedra Filosofal|Kamień Filozoficzny
amulets_charcoal_momento|Charcoal Memento|Hiili Momento|Lembrança de Carvão|Сувенир из древесного угля|木炭紀念品 |チャコール・モメント|숯 기념품 (Charcoal Memento)|Holzkohle Momento|Mémorial de charbon|Recuerdo de Carbón|Węglowy Memento
amulets_coldfire_amulet|Coldfire Amulet|Kylmäntulen amuletti|Amuleto de Fogo-frio|Амулет Холодного Огня|冷火護身符|コールドファイア・アミュレット|냉화 아뮬렛 (Coldfire Amulet)|Kältefeuer-Amulett|Amulette de feu glacé|Amuleto de Fuego Frío|Amulet Zimnego Ognia
amulets_serpentine_necklace|Serpentine Necklace|Serpentiini kaulakoru|Colar de serpentinas|Змеевидное Ожерелье|蛇紋石項鍊|サーペンタイン・ネックレス|뱀 모양 목걸이 (Serpentine Necklace)|Serpentine Halskette|Collier serpentin|Collar Serpentino|Wężowy Naszyjnik
amulets_compass_of_wealth|Compass of Wealth|Rikkauden kompassi|Bússola da Riqueza|Компас богатства|財富指南針|豊かさの羅針盤|부의 나침반 (Compass of Wealth)|Kompass des Reichtums|Boussole d'abondance|Brújula de la Riqueza|Kompas Bogactwa
amulets_dark_lords_sigil|Dark Lord's Sigil|Paholaisen sisäinen raivo|Símbolo do Senhor das Trevas|Символ Темного Лорда|黑暗領主的印記|悪魔の内なる怒り|암흑 군주의 문장 (Dark Lord's Sigil)|Innere Wut des Teufels|Sigil du seigneur des ténèbres|Sello del Señor Oscuro|Sigil Mrocznego Lorda
amulets_lost_dieties_authority|Lost Dieties Authority|Pharaoh' kaulakoru|Autoridade das Divindades Perdidas|Утраченный авторитет Божеств|失落神靈的權威|ファラオ」ネックレス|잃어버린 신들의 권위 (Lost Dieties Authority)|Pharao' Halskette|Autorité divine perdue|Autoridad de las Deidades Perdidas|Autorytet Zagubionych Bóstw
amulets_thunderstone_amulet|Thunderstone Amulet|Ukkoskiven amuletti|Amuleto de Pedra do Trovão|Амулет из Громового Камня|雷霆石護身符|サンダーストーン アミュレット|천둥석 아뮬렛 (Thunderstone Amulet)|Donnerstein Amulett|Amulette de pierre-foudre|Amuleto de Piedra de Trueno|Amulet Kamienia Gromu
amulets_earth_goliaths_protection|Earth Goliath's Protection|Maan Goljatin suojelus|Proteção do Golias da Terra|Защита земного Голиафа|大地歌利亞的保護|アース・ゴリアテの守護|대지 거인의 보호 (Earth Goliath's Protection)|Schutz des Erdgoliaths|Protection du golem de terre|Protección del Goliath de Tierra|Ochrona Goliata Ziemi
amulets_claw_of_bloodthirsty|Claw of the Bloodthirsty|Verenhimoisen kynsi|Garra do Sanguinário|Коготь Кровожадного|嗜血之爪|血に飢えた者の爪|피에 굶주린 발톱 (Claw of the Bloodthirsty)|Klaue des Blutrünstigen|Griffe de l'assoiffé de sang|Garra del Sanguinario|Pazur Krwawożerczego
amulets_arcana_eye|Arcana Eye|Arcana Eye|Olho Arcano|Тайный Глаз|奧術之瞳|アルカナの目|아르카나 눈 (Arcana Eye)|Auge des Arkanen|Oeil d'arcane|Ojo Arcano|Oko Arkany
amulets_scouts_medal_of_honor|Scout's Medal of Honor|Partiolaisen kunniamitali|Medalha de Honra do Escoteiro|Медаль Почета скаута|偵查兵榮譽勳章|スカウトの名誉勲章|정찰병 명예 메달 (Scout's Medal of Honor)|Ehrenmedaille des Kundschafters|Médaille d'honneur de scout|Medalla de Honor del Explorador|Medal Honoru Zwiadowcy
amulets_claw_of_hunter|Claw of the Hunter|Metsästäjän kynsi|Garra do Caçador|Коготь охотника|獵人之爪|狩人の爪|헌터의 발톱 (Claw of the Hunter)|Klaue des Jägers|Griffe du chasseur|Garra del Cazador|Pazur Łowcy
amulets_amethyst_knights_amulet|Amethyst Knight's Amulet|Ametistiritarin amuletti|Amuleto do Cavaleiro Ametista|Амулет рыцаря с Аметистом|紫水晶騎士護身符|アメジスト騎士の護符|자수정 기사 아뮬렛 (Amethyst Knight's Amulet)|Amulett des Amethystritters|Amulette du chevalier d'améthyste|Amuleto del Caballero Amatista|Amulet Rycerza Ametystu
amulets_chronomancers_curio_of_time|Chronomancer's Curio of Time|Chronomancer's Curio of Time|Curio do Tempo do Cronomante|Диковинка времени Хрономанта|時空法師的時間古董|クロノマンサーの時の骨董品|크로노맨서의 시간의 골동품 (Chronomancer's Curio of Time)|Kuriosität der Zeit des Chronomanten|Curiosité du temps de chronomancien|Curiosidad del Tiempo del Cronomante|Curio Czasu Chronomanty
amulets_ymirs_frozen_tear|Ymir's Frozen Tear|Ymirin jäädytetty kyynel|Lágrima Congelada de Ymir|Замерзшая слеза Имира|尤彌爾的冰凍眼淚|ユミルの凍った涙|이미르의 얼음 눈물 (Ymir's Frozen Tear)|Ymirs gefrorene Träne|Larme gelée d'Ymir|Lágrima Helada de Ymir|Zamarznięta Łza Ymira
amulets_insignia_of_hunter|Insignia of the Hunter|Metsästäjän arvomerkit|Insígnia do Caçador|Знаки отличия Охотника|獵人徽章|狩人の紋章|헌터의 휘장 (Insignia of the Hunter)|Insigne des Jägers|Insigne du chasseur|Insignia del Cazador|Insygnia Łowcy
amulets_lifeblood_infuser|Lifeblood Infuser|Lifeblood Infuser|Infusor de Sangue Vital|Средство Для Вливания Жизненной Крови|生命之血灌注器|生命の血注入器|생명의 피 주입기 (Lifeblood Infuser)|Lebensblutinfusor|Infuseur de sang|Infusor de Vitalidad|Infuzor Krwi Życia
amulets_arcane_slayers_talisman|Arcane Slayer's Talisman|Arcane Slayerin talisman|Talismã do Matador Arcano|Талисман Тайного Убийцы|奧術殺手的護身符|アーケイン・スレイヤーのタリスマン|아케인 슬레이어의 탈리스만 (Arcane Slayer's Talisman)|Talisman des Arkanen Jägers|Talisman du tueur d'arcanes|Talismán del Asesino Arcano|Talizman Zabójcy Arkanicznego
amulets_rapidshell_medallion|Rapidshell Medallion|Rapidshell-mitali|Medalhão de Concha Rápida|Медальон из Рапидшелл|疾殼勳章|ラピッドシェル・メダリオン|래피드쉘 메달리언 (Rapidshell Medallion)|Schnellschalenmedaillon|Médaillon en forme de coquille|Medallón de Concharápida|Medalion Rapidshell
amulets_soulreplenish_pendant|Soulreplenish Pendant|Soulreplenish riipus|Pingente Regenerador da Alma|Восхитительный Кулон|靈魂補充吊墜|魂補充のペンダント|영혼 회복 펜던트 (Soulreplenish Pendant)|Anhänger der Seelenerneuerung|Pendentif de reconstitution d'âme|Colgante de Restauración de Alma|Wisiorek Odnawiania Dusz
amulets_eagerblades_tooth|Eagerblade's Tooth|Eagerbladen hammas|Dente de Eagerblade|Зуб Острого клинка|熱刃之牙|熱血の刃の牙|열망의 칼날 이빨 (Eagerblade's Tooth)|Zahn der Eiferklinge|Dent d'Eagerblade|Diente de la Hoja Entusiasta|Ząb Eagerblade
amulets_coldsnap_insignia|Coldsnap Insignia|Coldsnap Insignia|Insígnia Resfriada|Знак отличия Coldsnap|驟寒徽章|コールドスナップの紋章|한파 휘장 (Coldsnap Insignia)|Insigne des Kälteeinbruchs|Insigne du coup de froid|Insignia de Ola de Frío|Insygnia Zimnego Trzasku
amulets_insignia_of_burning_legion|Insignia of the Burning Legion|Palavan legioonan arvomerkit|Insígnia da Legião Ardente|Знаки отличия Пылающего легиона|燃燒軍團徽章|燃える軍団の紋章|불타는 군단의 휘장 (Insignia of the Burning Legion)|Insigne der Brennenden Legion|Insigne de la Légion ardente|Insignia de la Legión Ardiente|Insygnia Płonącej Legionu
amulets_gamblers_demise|Gambler's Demise|Pelurien kuolema|Declínio do Apostador|Кончина игрока|賭徒的滅亡|ギャンブラーの終焉|도박사의 몰락 (Gambler's Demise)|Untergang des Spielers|Leg du joueur|Ocaso del Apostador|Zguba Hazardzisty
amulets_stone_of_archaeology|Stone of Archaeology|Arkeologian kivi|Pedra Arqueológica|Камень археологии|考古之石|考古学の石|고고학의 돌 (Stone of Archaeology)|Stein der Archäologie|Pierre d'archéologie|Piedra de la Arqueología|Kamień Archeologii
amulets_tarethiels_fall|Tarethiel's Fall|Tarethielin syksy|Queda de Tarethiel|Падение Таретиэль|塔雷希爾的隕落|タレシエルの没落|타레시엘의 몰락 (Tarethiel's Fall)|Tarethiels Fall|La Chute de Tarethiel|La Caída de Tarethiel|Upadek Tarethiela
amulets_amulet_of_colosseum|Amulet of Colosseum|Colosseumin amuletti|Amuleto do Coliseu|Амулет Колизея|鬥獸場護身符|コロシアムの護符|콜로세움의 아뮬렛 (Amulet of Colosseum)|Amulett des Kolosseums|Amulette du Colisée|Amuleto del Coliseo|Amulet Koloseum
amulets_liliths_scorn|Lilith's Scorn|Lilithin halveksuntaa|Desprezo de Lilith|Презрение Лилит|莉莉絲的蔑視|リリスの軽蔑|릴리스의 경멸 (Lilith's Scorn)|Liliths Verachtung|Mépris de Lilith|Desdén de Lilith|Pogarda Lilith
amulets_arcs_sigil|Arc's Sigil|Arcin Sigil|Símbolo de Arc|Сигил Арка|弧光印記|アークの印章|아크의 문장 (Arc's Sigil)|Siegel des Arc|Sceau d'Arc|Sello de Arc|Sigil Arca
amulets_light_bringers_mark|Light Bringer's Mark|Valontuottajan merkki|Marca do Portador da Luz|Знак Несущего Свет|光明使者的印記|光をもたらす者の印|빛을 전하는 자의 표식 (Light Bringer's Mark)|Zeichen des Lichtbringers|Marque du Porteur de Lumière|Marca del Portador de Luz|Znak Przynoszącego Światło
amulets_gryphons_claw|Gryphon's Claw|Gryphon's Claw|Garra do Grifo|Коготь Грифона|獅鷲之爪|グリフォンの爪|그리폰의 발톱 (Gryphon's Claw)|Greifenklaue|Griffe du Griffon|Garra de Grifo|Pazur Gryfa
amulets_eagles_claw|Eagle's Claw|Eagle's Claw|Garra do Gavião|Коготь Орла|鷹爪|鷲の爪|독수리 발톱 (Eagle's Claw)|Adlerklaue|Griffe de l'Aigle|Garra de Águila|Pazur Orła
amulets_thoths_agony|Thoth's Agony|Thoth on Agony|Agonia de Thoth|Агония Тота|托特的痛苦|トートの苦悩|토트의 고통 (Thoth's Agony)|Thoths Qual|Agonie de Thot|Agonía de Thoth|Agonia Thotha
amulets_metal_vocalists_pentagram|Metal Vocalist's Pentagram|Metalvokalistin Pentagram|Pentagrama do Vocalista de Metal|Пентаграмма металлического вокалиста|金屬歌手五芒星|メタル・ボーカリストの五芒星|메탈 보컬리스트의 펜타그램 (Metal Vocalist's Pentagram)|Pentagramm des Metal-Sängers|Pentagramme du Chanteur de Métal|Pentagrama del Vocalista de Metal|Pentagram Metalowego Wokalisty
amulets_dragons_eye|Dragon's Eye|Lohikäärmeen silmä|Olho de Dragão|Глаз Дракона|龍之眼|ドラゴンの目|드래곤의 눈 (Dragon's Eye)|Drachenauge|Œil du Dragon|Ojo de Dragón|Oko Smoka
amulets_signet_of_kadosh|Signet of Kadosh|Kadoshin merkki |Sinete de Kadosh |Печать Кадоша |卡多什印章 |カドシュの印章 |카도쉬의 인장 (Signet of Kadosh)|Siegel des Kadosh|Sceau de Kadosh |Sello de Kadosh|Signet Kadosh
amulets_shadow_beacon|Shadow Beacon|Varjolyhty|Farol das Sombras |Теневой маяк |暗影信標 |シャドウビーコン|그림자 봉화 (Shadow Beacon)|Schattenleuchtfeuer|Balise d'ombre |Baliza de sombra |Latarnia Cieni
amulets_fractal_of_existence|Fractal of Existence|Fractal of Existence|Fractal da Existência|Фрактал существования|存在的分形|存在のフラクタル|존재의 프랙탈 (Fractal of Existence)|Fraktal der Existenz|Fractale de l'Existence|Fractal de la Existencia|Fraktal Istnienia
amulets_prophets_foliage|Prophet's Foliage|Prophet's Foliage|Folhagem do Profeta|Листва пророка|先知樹葉|預言者の葉|예언자의 잎사귀 (Prophet's Foliage)|Prophetenlaub|Feuillage du Prophète|Follaje del Profeta|Listowie Proroka
amulets_skinwalkers_claw|Skinwalker's Claw|Skinwalker's Claw|Garra do Skinwalker |Коготь оборотня |變形者利爪 |スキンウォーカーの爪 |스킨워커의 발톱 (Skinwalker's Claw)|Klaue des Gestaltwandlers|Griffe du Métamorphe |Garra del Cambiaformas |Pazur Skinwalkera
amulets_grimtides_necklace|Grimtide´s Necklace||Colar de Grimtide|Ожерелье Мрачного Прилива|嚴潮項鍊|グリムタイドのネックレス|그림타이드의 목걸이|Grimtides Halskette|Collier de Grimtide|Collar de Grimtide|Naszyjnik Grimtide’a
amulets_blood_maggot_pendant|Blood Maggot Pendant||Pingente de Larva de Sangue |Кулон кровавого червя|血蛆墜飾|ブラッド・マゴット・ペンダント |블러드 매고트 펜던트|Blutmaden-Anhänger |Pendentif en asticot de sang |Colgante de Gusano de Sangre|Wisiorek z krwawą larwą
|||||||||||
lore_amulets_philosophers_stone|Through alchemy, this magical stone hold wisdom, wealth and health within that can be manifested with pure intention.||Por meio da alquimia, esta pedra mágica contém sabedoria, riqueza e saúde que podem ser manifestadas com intenção pura.|Благодаря алхимии этот волшебный камень содержит в себе мудрость, богатство и здоровье, которые могут быть проявлены с чистым намерением.|透過煉金術, 這塊神奇的石頭蘊藏著智慧、財富和健康, 可以透過純粹的意圖顯現出來|錬金術によって、この魔法の石は叡智、富、そして健康を宿し、純粋な意志によって顕現する。|연금술을 통해 만들어진 이 마법석은, 순수한 의지로 지혜와 부, 건강을 실현할 수 있는 힘을 품고 있습니다.|Durch Alchemie birgt dieser magische Stein Weisheit, Reichtum und Gesundheit in sich, die mit reiner Absicht zum Ausdruck kommen können.|Grâce à l'alchimie, cette pierre magique renferme la sagesse, la richesse et la santé qui peuvent être manifestées avec une intention pure.|A través de la alquimia, esta piedra mágica contiene sabiduría, riqueza y salud que pueden manifestarse con una intención pura.|Przez alchemię ten magiczny kamień zawiera mądrość, bogactwo i zdrowie, które mogą się objawić czystą intencją.
lore_amulets_compass_of_wealth|Infinite fortune awaits those who follow where the pin points.||Uma fortuna infinita aguarda aqueles que seguem onde os pinos apontam.|Бесконечная удача ждет тех, кто последует туда, куда укажет булавка.|無限的財富等待著那些追隨指針指向的人|針が示す方向に従う者には、無限の幸運が待ち受けている。|바늘이 가리키는 길을 따르는 자에게 무한한 행운이 기다립니다.|Unendliches Glück erwartet diejenigen, die der Nadel folgen.|Une richesse infinie attend ceux qui suivent la trajectoire de la pierre.|Una fortuna infinita aguarda a aquellos que siguen hacia donde la aguja apunta.|Nieskończone szczęście czeka tych, którzy podążą tam, gdzie wskazuje wskazówka.
lore_amulets_pendant_of_eternity|As time ticks away, this pendant holds all of time within it, the beginning and the end, all at once.||Á medida que o tempo passa, este pingente contém todo o tempo dentro dele, o início e o fim, tudo de uma vez.|Время идет, и этот кулон вмещает в себя все время, начало и конец, все сразу.|隨著時間的流逝, 這個吊墜將所有的時間都包含在其中, 從開始到結束, 全部同時存在|刻々と時が過ぎていく中、このペンダントは全ての時間を、始まりと終わりを一度に内包する。|시간이 흐르는 동안에도, 이 펜던트는 시간의 시작과 끝, 모든 순간을 동시에 담고 있습니다.|Während die Zeit vergeht, trägt dieser Anhänger die ganze Zeit in sich, den Anfang und das Ende zugleich.|Alors que le temps s'écoule, ce pendentif contient tout le temps en lui, le début et la fin, tout à la fois.|A medida que el tiempo avanza, este colgante contiene todo el tiempo dentro de sí, el principio y el fin, todo a la vez.|Gdy czas tyka, ten wisiorek zawiera cały czas w sobie – początek i koniec, wszystko naraz.
lore_amulets_amulet_of_colosseum|The mark of a true gladiator.||A marca de um verdadeiro gladiador.|Знак истинного гладиатора.|真正的角鬥士標誌|真の剣闘士の証。|진정한 검투사의 증표.|Das Zeichen eines wahren Gladiators.|La marque d'un véritable gladiateur.|La marca de un verdadero gladiador.|Znak prawdziwego gladiatora.
lore_amulets_liliths_scorn|You shall follow thee, as she shall walk the earth once again..||Você deve segui-la, pois ela voltará a caminhar sobre a Terra novamente..|Ты последуешь за тобой, когда она снова пойдет по земле..|你將跟隨汝，就像她再次行走在地球上一樣|彼女が再び地上を歩く時、汝も汝に従うであろう。|그녀가 다시 대지를 걷게 될 때, 당신은 그 발자취를 따르게 될 것입니다..|Du sollst dir folgen, wenn sie wieder über die Erde wandelt.|Tu te suivras, tandis qu'elle foulera à nouveau la terre.|La seguirás, pues ella volverá a caminar sobre la tierra una vez más...|Będziesz podążał za nią, ponieważ ona ponownie będzie chodzić po ziemi..
lore_amulets_eagles_claw|From miles high they spot their target. Then it’s time to execute.||A quilômetros de altura, eles avistam o alvo. Então é hora de executar.|С высоты миль они замечают свою цель. Затем наступает время казни.|他們從數英里高的地方發現了目標。然後是時候處刑了|彼らは幾千もの高みから標的を捉える。そして処刑の時が来る。|수 마일 상공에서 목표를 포착하고, 그 순간 처형이 시작됩니다.|Aus meilenweiter Höhe erspähen sie ihr Ziel. Dann ist es Zeit zur Hinrichtung.|Des kilomètres d'altitude, ils repèrent leur cible. Puis vient le moment de l'exécution.|Desde millas de altura divisan a su objetivo. Entonces es hora de ejecutar.|Z wielu mil wysokości dostrzegają swój cel. Potem nadchodzi czas egzekucji.
lore_amulets_thoths_agony|The core of suffering worn by the arch mystic Thoth..||O núcleo do sofrimento usado pelo arquimístico Thoth...|Сердце страдания, которое носит архимистик Тот..|大神秘者托特所穿戴的痛苦之核|偉大なる神秘家トートが纏う苦悩の核心。|대비전술사 토트가 착용했던, 고통의 핵심이자 마력의 중심..|Der Kern des Leidens, getragen vom Erzmystiker Thoth.|Le cœur de la souffrance porté par l'archimystique Thot.|El núcleo del sufrimiento usado por el archi místico Thoth...|Rdzeń cierpienia noszony przez arcymistycznego Thotha..
lore_amulets_metal_vocalists_pentagram|The sigil of an eternal blood pact with the devil..||O sigilo de um pacto de sangue eterno com o diabo...|Сигил вечного кровавого договора с дьяволом..|與魔鬼締結永恆血契的印記|悪魔との永遠の血の契約の印章。|악마와의 영원한 혈맹을 맺은 자의 문장..|Das Siegel eines ewigen Blutpakts mit dem Teufel.|Le sceau d'un pacte de sang éternel avec le diable.|El sello de un pacto de sangre eterno con el diablo...|Sigil wiecznego paktu krwi z diabłem..
lore_amulets_dragons_eye|The stare of the elder dragon scorching your presence..||O olhar do dragão ancião queimando sua presença...|Взгляд старшего дракона, опаляющий твое присутствие..|古龍的目光灼燒著你的存在|あなたの存在を焦がす古龍の視線。|고룡의 시선이 당신의 존재를 불태웁니다.|Der Blick des Drachenältesten, der deine Gegenwart versengt.|Le regard du dragon ancestral brûlant ta présence.|La mirada del dragón anciano calcinando tu presencia...|Spojrzenie starszego smoka palące twoją obecność..
lore_amulets_signet_of_kadosh|We support ourselves only on that which resists, and owe our success to opposition.||Nós nos apoiamos apenas naquilo que resiste e devemos nosso sucesso à oposição. |Мы опираемся только на то, что сопротивляется, и обязаны своим успехом сопротивлению. |我們只依靠抵抗來支撐自己，並將我們的成功歸功於反對 |我々は抵抗するものにのみ支えられ、その反対によって成功を得る。 |우리는 저항하는 것에만 의지하며 살아가고, 우리의 성공은 반대에 기인합니다. |Wir stützen uns nur auf das, was Widerstand leistet, und verdanken unseren Erfolg dem Widerstand.|Nous ne nous appuyons que sur ce qui résiste, et devons notre succès à l'opposition.|Nos apoyamos solo en lo que resiste, y debemos nuestro éxito a la oposición.|Wspieramy się tylko na tym, co stawia opór, a nasz sukces zawdzięczamy opozycji.
lore_amulets_shadow_beacon|The glowing sentry standing firmly in the shadows of death..||A sentinela brilhante permanece firme nas sombras da morte. |Светящийся часовой, твердо стоящий в тени смерти.. |閃耀的哨兵堅定地站在死亡的陰影中…… |死の影の中にしっかりと立つ光り輝く哨兵..|죽음의 그림자 속에서 우뚝 선 빛나는 보초병..|Der leuchtende Wächter, der fest im Schatten des Todes steht.|La sentinelle rayonnante se tenant fermement dans les ombres de la mort. |El centinela resplandeciente que permanece firme en las sombras de la muerte. |Płonąca wartownia stojąca mocno w cieniach śmierci..
lore_amulets_fractal_of_existence|A mysterious fractal detached from the essence of the Architect..|A mysterious fractal detached from the essence of the Architect..|Um fractal misterioso, desprendido da essência do Arquiteto... |Загадочный фрактал, оторванный от сущности Архитектора. |一個神秘的分形，脫離了建築師的本質…… |建築家の本質から切り離された、謎めいたフラクタル。 |건축가의 본질에서 분리된 불가사의한 프랙탈... |Ein mysteriöses Fraktal, losgelöst vom Wesen des Architekten…|Une mystérieuse fractale détachée de l'essence de l'Architecte... |Un fractal misterioso desprendido de la esencia del Arquitecto. |Tajemniczy fraktal oderwany od esencji Architekta..
lore_amulets_grimtides_necklace|Worn by Captain Grimtide while terrorizing the seas of Ebontharn for centuries..||Usado pelo Capitão Grimtide enquanto aterrorizava os mares de Ebontharn por séculos...|Эту вещь носил капитан Гримтайд, столетиями терроризировавший моря Эбонтарна.|嚴潮船長數百年來威震埃邦薩恩海域時所佩戴之物……|エボンソーンの海を何世紀にもわたって恐怖に陥れた際、キャプテン・グリムタイドが身につけていたもの。|수 세기 동안 에본타른의 바다를 공포에 떨게 한 캡틴 그림타이드가 착용했던…|Getragen von Captain Grimtide, während er jahrhundertelang die Meere von Ebontharn in Angst und Schrecken versetzte.|Porté par le capitaine Grimtide alors qu'il terrorisait les mers d'Ebontharn pendant des siècles...|Portado por el Capitán Grimtide mientras aterrorizaba los mares de Ebontharn durante siglos.|Noszony przez kapitana Grimtide’a, gdy przez wieki siał postrach na wodach Ebontharn...
lore_amulets_blood_maggot_pendant|The parasites fuel its power in perfect symbiosis with its host..||Os parasitas alimentam seu poder em perfeita simbiose com o hospedeiro... |Паразиты подпитывают его силу в идеальном симбиозе с хозяином.|寄生蟲與宿主完美共生，為其力量提供源泉……|寄生生物が宿主と完全な共生関係を築き、その力を増幅させている。 |기생충이 숙주와 완벽한 공생을 이루며 그 힘을 증폭시킨다…|Die Parasiten speisen seine Macht in perfekter Symbiose mit ihrem Wirt. |Les parasites alimentent sa puissance en parfaite symbiose avec son hôte... |Los parásitos alimentan su poder en perfecta simbiosis con su huésped.|Pasożyty zasilają jego moc, trwając w doskonałej symbiozie z nosicielem...
|||||||||||
craft_amulets_arcs_sigil|Arc's Sigil is a powerful amulet designed for leveling providing increased experience for characters gain below level 100.|Arc's Sigil on voimakas amuletti, joka on suunniteltu tasojen nostamiseen ja tarjoaa enemmän kokemusta alle tason 100 hahmoille. |O Sigilo do Arco é um amuleto poderoso projetado para subir de nível, proporcionando mais experiência para personagens abaixo do nível 100. |Символ Арка — мощный амулет, предназначенный для повышения уровня персонажа и дающий персонажу, чей уровень ниже 100, увеличен опыт. |弧光印記是一個強大的項鍊，專為升級而設計，可為 100 級以下的角色提供更多經驗|アークのシジルは、レベル100未満のキャラクターに経験値獲得量増加を提供する、レベリング用に設計された強力なアミュレットである。|아크의 시질은 100레벨 이하 캐릭터의 경험치 획득량을 증가시켜 레벨업에 특화된 강력한 아뮬렛입니다.|Arcs Sigil ist ein mächtiges Amulett, das zum Leveln entwickelt wurde und Charakteren unter Level 100 mehr Erfahrung bietet.|Le sceau d'Arc est une amulette puissante conçue pour la mise à niveau, offrant une expérience accrue pour les personnages gagnés en dessous du niveau 100. |El Sigilo de Arc es un poderoso amuleto diseñado para subir de nivel y proporciona mayor experiencia a los personajes que alcanzan el nivel inferior a 100. |Pieczęć Arca to potężny amulet przeznaczony do zdobywania poziomów, zapewniający większe doświadczenie postaciom poniżej poziomu 100. 
|||||||||||
[charms]|||||||||||
charms_normal_small_charm|Small Charm|Pieni Taikakalu|Talismã Pequeno|Маленькое Очарование|小護身符|スモールチャーム|스몰 참 (Small Charm)|Kleiner Charme|Petit charme|Hechizo Pequeño|Mały Urok
charms_normal_large_charm|Large Charm|Iso Taikakalu|Talismã Grande|Большое Очарование|中護身符|ラージチャーム|라지 참 (Large Charm)|Großer Charme|Large charme|Hechizo Grande|Duży Urok
charms_normal_grand_charm|Grand Charm|Suuri Taikakalu|Talismã Grandioso|Великое Очарование|大護身符 |グランドチャーム |그랜드 참 (Grand Charm)|Großer Charme|Grand charme|Gran Hechizo|Wielki Urok
|||||||||||
[charms_unique]|||||||||||
charms_raiders_torch|Raider's Torch|Raiderin soihtu|Tocha do Invasor|Факел Рейдера|掠奪者火炬|レイダーのトーチ|약탈자의 횃불 (Raider's Torch)|Raider's Torch|Torche de Raider|Antorcha del Saqueador|Pochodnia Rabusia
charms_eye_of_skadi|Eye of Skadi|Skadin silmä|Olho de Skadi|Око Скади|斯卡蒂之眼|スカジの目|스카디의 눈 (Eye of Skadi)|Auge von Skadi|Oeil de Skadi|Ojo de Skadi|Oko Skadi
charms_apple_of_evolution|Apple of Evolution|Evoluutio-Omena|Maçã da Evolução|Яблоко эволюции|進化蘋果|進化のリンゴ|진화의 사과 (Apple of Evolution)|Apfel der Evolution|Pomme de malédiction|Manzana de la Evolución|Jabłko Ewolucji
charms_moonshard|Moonshard|Kuunsirpale|Fragmento da Lua|Осколок Луны|銀月之晶|ムーンシャード|문샤드 (Moonshard)|Mondsplitter|Éclat de lune|Esquirla Lunar|Odłamek Księżyca
charms_solar_charm|Solar Charm|Auringon taikakalu|Talismã Solar|Солнечное Очарование|太陽之符|太陽のお守り|태양 참 (Solar Charm)|Sonnenamulett|Charme solaire|Hechizo Solar|Urok Słońca
charms_aztec_coin|Aztec Coin|Azteekkikolikko|Moeda Asteca|Ацтекская монета|阿茲特克硬幣|アステカのコイン|아즈텍 동전 (Aztec Coin)|Aztekische Münze|Pièce aztèque|Moneda Azteca|Moneta Azteków
charms_beetle_of_life|Beetle of Life|Elämän torakka|Besouro da Vida|Жук жизни|生命甲蟲|生命の甲虫|생명의 딱정벌레 (Beetle of Life)|Käfer des Lichts|Scarabée de vie|Escarabajo de la Vida|Żuk Życia
charms_tals_deathskull|Tal's Deathskull|Talin kuolonkallo|Caveira da Morte de Tal|Череп Смерти Тала|塔爾的死亡頭骨|タルのデススカル|탈의 죽음 해골 (Tal's Deathskull)|Tals Todesschädel|Crâne de Tal|Calavera de la Muerte de Tal|Czaszka Śmierci Tala
charms_gurags_heart_charm|Gurag's Heart Charm|Guragin sydän taikakalu|Talismã do Coração de Gurag|Сердечный амулет Гурага|古拉格的心之咒符|グラグのハートチャーム|구라그의 심장 참 (Gurag's Heart Charm)|Gurags Herzzauber|Charme du coeur de Gurag|Hechizo de Corazón de Gurag|Urok Serca Guraga
charms_anubis_ankh_charm|Anubis' Ankh Charm|Anubisin ankhi taikakalu|Ankh de Anúbis|Очарование Анх Анубиса|阿努比斯的生命咒符|アヌビスのアンクチャーム|아누비스의 앙크 참 (Anubis' Ankh Charm)|Anubis 'Ankh-Charme|Charme de l'ankh d'Anubis|Hechizo Ankh de Anubis|Urok Ankha Anubisa
charms_damiens_cage|Damien's Cage|Damienin häkki|Jaula de Damien|Клетка Дэмиена|達米安的籠子|デイミアンの檻|다미엔의 우리 (Damien's Cage)|Damiens Käfig|Cage de Damien|Jaula de Damien|Klatka Damiena
charms_satans_chalice|Satan's Chalice|Saatanan pikari|Cálice de Satã|Чаша сатаны|撒旦的聖杯|サタンの杯|사탄의 성배 (Satan's Chalice)|Satans Kelch|Le Calice de Satan|Cáliz de Satán| Kielich Satana
charms_steve|Hello its me, Steve!|Hei se ois Teemu!|Olá, sou eu, Steve!|Привет, это я, Стив!|你好，是我，史蒂夫!|こんにちは。僕だよ、スティーブ！|안녕 나야, 스티브! (Hello its me, Steve!)|Hallo ich bin's, Steve!|Bonjour c'est moi, Steve !|¡Hola, soy yo, Steve!|Cześć, to ja, Steve!
charms_rednecks_keychain|Redneck's Keychain|Punaniskan avainnippu|Chaveiro do Caipira|Брелок для ключей Деревенщины|鄉巴佬的鑰匙扣|レッドネックのキーチェーン|레드넥의 열쇠고리 (Redneck's Keychain)|Redneck-Schlüsselanhänger|Porte-clés de redneck|Llavero de Palurdo| breloczek Rednecka
charms_pirate_captains_flag|Pirate Captain's Flag|Merirosvokapteenin lippu|Bandeira do Capitão Pirata|Флаг пиратского капитана|海盜船長的旗幟|海賊船長の旗|해적 선장의 깃발 (Pirate Captain's Flag)|Flagge des Piratenkapitäns|Drapeau du capitaine|Bandera del Capitán Pirata|Flaga Kapitana Piratów
charms_death_lords_zombie_head|Death Lord's Zombie Head|Kuolemanherran Zombipää|Cabeça Zumbi do Senhor da Morte|Голова Зомби Повелителя Смерти|死亡領主的殭屍頭|デス・ロードのゾンビ頭|죽음 군주의 좀비 머리 (Death Lord's Zombie Head)|Zombiekopf des Todeslords|Tête zombie du seigneur de la mort|Cabeza de Zombi del Señor de la Muerte|Głowa Zombie Władcy Śmierci
charms_marksmans_quiver|Marksman's Quiver|Jousimiehen viini|Aljava do Atirador|Колчан стрелка|射手箭袋|マークスマンのクワイバー|명사수의 화살통 (Marksman's Quiver)|Köcher des Marksman|Carquois du tireur d'élite|Aljaba del Tirador|Kołczan Strzelca
charms_wind_token|Wind Token|Tuulirahake|Token de Vento|Знак Ветра|疾風徽章|風のトークン|바람의 토큰 (Wind Token)|Wind-Token|Jeton de vent|Ficha de Viento|Token Wiatru
charms_doctors_mask_in_jar|Doctor's Mask in a Jar|Tohtorin Naamio Purkissa|Máscara do Médico em um Frasco|Докторская маска в баночке|罐子裡的醫生面具|壺の中のドクターズマスク|병 속 의사의 가면 (Doctor's Mask in a Jar)|Doktormaske im Glas|Crâne dans un bocal de Docteur|Máscara de Doctor en un Frasco|Maska Doktora w Słoiku
charms_heart_of_agony|Heart of Agony|Tuskan Sydän|Coração da Agonia|Сердце Агонии|痛苦之心|苦悩の心臓|고통의 심장 (Heart of Agony)|Herz des Schmerzes|Coeur d'agonie|Corazón de la Agonía|Serce Agonii
charms_aztec_devil|Aztec Devil|Atsteekkipiru|Demônio Asteca|Ацтекский Дьявол|阿茲特克惡魔|アズテックデビル|아즈텍 악마 (Aztec Devil)|Aztekenteufel|Diable aztèque|Diablo Azteca|Aztecki Diabeł
charms_sacred_owl|Sacred Owl|Pyhä Pöllö|Coruja Sagrada|Священная Сова|神聖貓頭鷹|聖なるフクロウ|성스러운 부엉이 (Sacred Owl)|Heilige Eule|Hibou sacré|Búho Sagrado|Święta Sowa
charms_flaming_coin|Flaming Coin|Liekehtivä Kolikko|Moeda Flamejante|Пылающая Монета|燃燒硬幣|炎のコイン|불타는 동전 (Flaming Coin)|Brennende Münze|Pièce enflammée|Moneda Llameante|Płonąca Moneta
charms_torch_of_shadows|Torch of Shadows|Varjosoihtu|Tocha das Sombras|Факел Теней|暗影火炬|影のトーチ|그림자 횃불 (Torch of Shadows)|Fackel der Schatten|Torche d'ombres|Antorcha de las Sombras|Pochodnia Cieni
charms_travelers_map_journal|Traveler's Map Journal|Matkustajan Karttakirja|Diário de Mapas do Viajante|Журнал карт путешественника|旅行者地圖雜誌|トラベラーズマップジャーナル|여행자의 지도 일지 (Traveler's Map Journal)|Reisejournal|Carnet de cartes du voyageur|Diario de Mapas del Viajero|Dziennik Mapy Podróżnika
charms_engineers_mini_drone|Engineer's Mini Drone|Insinöörin Minilennokki|Mini Drone do Engenheiro|Мини-беспилотник инженера|工程師的迷你無人機|エンジンのミニドローン|기술자의 미니 드론 (Engineer's Mini Drone)|Enginees Mini-Drohne|Mini-drone de l'ingénieur|Minidron del Ingeniero|Mini Dron Inżyniera
charms_zealots_beads_of_destruction|Zealot's Beads of Destruction|Kiihkoilijan Tuhon Rukousnauha|Terço de Destruição do Fanático|Бусины разрушения фанатика|狂熱者的毀滅珠子|ジーロットの破壊のビーズ|질럿의 파괴 구슬 (Zealot's Beads of Destruction)|Zelotenperlen der Zerstörung|Chapelet de désolation de zélote|Cuentas de la Destrucción del Fanático|Koraliki Zniszczenia Zealota
charms_bone_conjurers_trophy|Bone Conjurer's Trophy|Luuvelhon Voitonmerkki|Troféu do Conjurador de Ossos|Трофей Костяного фокусника|骨法師的戰利品|ボーンコンジュラーのトロフィー|뼈 소환사의 전리품 (Bone Conjurer's Trophy)|Knochenbeschwörer-Trophäe|Trophée du conjurateur d'os|Trofeo del Conjurador de Huesos|Trofeum Przywoływacza Kości
charms_champions_signet|Champion's Signet|Sotamestarin Sinetti|Sinete do Campeão|Чемпионская печатка|冠軍標誌|チャンピオンのシグネット|챔피언의 인장 (Champion's Signet)|Siegel des Champions|Sceau de champion|Sello del Campeón|Signet Championa
charms_plunderers_gunpowder_bag|Plunderer's Gunpowder Bag|Laivojenupottajan Ruutipussi|Saco de Pólvora do Saqueador|Мешок с порохом Расхитителя|掠奪者的火藥袋|プランダラの火薬バッグ|약탈자의 화약 가방 (Plunderer's Gunpowder Bag)|Schießpulverbeutel des Plünderers|Sac de poudre de pilleur|Bolsa de Pólvora del Saqueador|Woreczek Prochu Rabusia
charms_fulgurite|Fulgurite|Fulgurite|Fulgurito|Фульгурит|閃電熔岩|フルグライト|플루구라이트 (Fulgurite)|Fulgurite|Fulgurite|Fulgurita|Fulguryt
charms_loaded_dice|Loaded Dice|Loaded Dice|Dado Carregado|Загруженные Игральные кости|灌鉛骰子|仕込みダイス|적재된 주사위 (Loaded Dice)|Loaded Dice|Boîte de dés|Dados Cargados|Załadowane Kości
charms_annihilus|Annihilator||Aniquiladora|Уничтожитель|殲滅者|殲滅者|파괴자 (Annihilator)|Vernichter|Annihilus|Aniquilador|Annihilator
charms_bag_of_unknown_riches|Bag of Unknown Riches |Bag of Unknown Riches |Bolsa de Riquezas Desconhecidas|Мешок с Неведомыми Богатствами |未知財富袋|未知の財宝の袋|미지의 부의 가방 (Bag of Unknown Riches)|Bag of Unknown Riches|Sac de richesses inconnues |Bolsa de Riquezas Desconocidas|Worek Nieznanych Bogactw
charms_spine_trophy|Spine Trophy|Spine Trophy|Troféu de Coluna|Трофей для Позвоночника|脊椎獎杯|背骨のトロフィー|척추 전리품 (Spine Trophy)|Spine Trophy|Trophée spinal|Trofeo de Espinazo|Trofeum Kręgosłupa
charms_angelic_key|Angelic Key|Angelic Key|Chave Angelical|Ангельский Ключ|天使之鑰|天使の鍵|천사의 열쇠 (Angelic Key)|Angelic Key|Clé angélique|Llave Angelical|Anielski Klucz
charms_cold_giants_charm|Cold Giant's Charm|Kylmän jättiläisen viehätysvoima|Talismã do Gigante Gelado|Очарование Холодного великана|冰冷巨人的咒符|冷気の巨人のお守り|냉기 거인의 참 (Cold Giant's Charm)|Der Charme des kalten Riesen|Charme du géant froid|Hechizo del Gigante de Hielo|Urok Zimnego Giganta
charms_jacks_pumpkin_spice|Jack's Pumpkin Spice|Jackin kurpitsamauste|Tempero de Abóbora de Jack|Тыквенная приправа Джека|傑克的南瓜香料|ジャックのパンプキンスパイス|잭의 호박 향신료 (Jack's Pumpkin Spice)|Jacks Kürbisgewürz|Épice de citrouille de Jack|Especia de Calabaza de Jack|Dynia Przyprawiona Jacka
charms_shrunken_head|Shrunken Head|Kutistunut pää|Cabeça Encolhida|Сморщенная Голова|乾縮首級|干し首|축소된 머리 (Shrunken Head)|Schrumpfkopf|Tête tranchée|Cabeza Reducida|Skurczona Głowa
charms_tarethiels_ancient_wisdom|Tarethiel's Ancient Wisdom|Tarethielin muinainen viisaus|Conhecimento Antigo de Tarethiel|Древняя мудрость Таретиэля|塔雷希爾的古老智慧|タレシエルの古代の知恵|타레시엘의 고대 지혜 (Tarethiel's Ancient Wisdom)|Tarethiel's Ancient Wisdom|Sagesse ancestrale de Tarethiel|Sabiduría Ancestral de Tarethiel|Pradawna Mądrość Tarethiela
charms_sheep_kings_wool|Sheep King's Wool|Lampaan kuninkaan villaa|Lã do Rei das Ovelhas|Королевская шерсть овец|羊王的羊毛|羊王の毛糸|양왕의 양모 (Sheep King's Wool)|Sheep King's Wool|Laine du roi des moutons|Lana del Rey Oveja|Wełna Króla Owiec
charms_vikings_glyphed_rune|Viking's Glyphed Rune|Viikinkien Glyphed Rune|Runa Glifada do Viking|Глиф- руна викинга|維京人的象形符文|バイキングのグリフルーン|바이킹의 룬 문양 (Viking's Glyphed Rune)|Viking's Glyphed Rune|Glyphe runique de viking|Runa con Glifos del Vikingo|Runiczny Glif Wikinga
charms_witches_claw|Witches Claw|Noidat Claw|Garra de Bruxa|Коготь Ведьмы|女巫之爪|魔女の爪|마녀의 발톱 (Witches Claw)|Witches Claw|Griffe de sorcière|Garra de Bruja|Pazur Wiedźmy
charms_adventurers_quiver|Adventurer's Quiver|Seikkailijan Quiver|Aljava do Aventureiro|Колчан искателя приключений|冒險家的箭袋|冒険者の矢筒|모험가의 화살통 (Adventurer's Quiver)|Adventurer's Quiver|Carquois de l'aventurier|Aljaba del Aventurero|Kołczan Przygodowca
charms_mark_of_black_knight|Mark of the Black Knight|Mustan ritarin merkki|Marca do Cavaleiro Negro|Знак Черного рыцаря|黑騎士的印記|黒騎士の印|흑기사의 상징 (Mark of the Black Knight)|Mark of the Black Knight|Marque de chevalier noir|Marca del Caballero Negro|Znak Czarnego Rycerza
charms_hardened_steel_defender|Hardened Steel Defender|Karkaistu terässuoja|Defensor de Aço Temperado|Защитник из закаленной Стали|硬化鋼防禦者|硬化鋼の守護者|단단한 강철 수호자 (Hardened Steel Defender)|Hardened Steel Defender|Défenseur en acier trempé|Defensor de Acero Endurecido|Utwardzony Stalowy Obrońca
charms_canopic_jar_of_blood|Canopic Jar of Blood|Canopic Jar of Blood|Frasco Canópico de Sangue|Канопная банка с кровью|卡諾皮克血罐|血のカノプス壺|피의 카노픽 항아리 (Canopic Jar of Blood)|Canopic Jar of Blood|Vase canope de sang|Vaso Canopo de Sangre|Kanopijski Dzban Krwi
charms_sundial_of_ancient_worlds|Sundial of Ancient Worlds|Muinaisten maailmojen aurinkokello |Relógio de Sol dos Mundos Antigos|Солнечные часы Древних миров|古代世界的日晷|古代世界の日時計|고대 세계의 해시계 (Sundial of Ancient Worlds)|Sundial of Ancient Worlds|Cadran solaire des mondes anciens|Reloj de Sol de Mundos Antiguos|Zegar Słoneczny Pradawnych Światów
charms_water_melon|Water Melon|Vesimeloni|Melancia de Água|Арбуз|西瓜|スイカ|수박 (Water Melon)|Wassermelone|Pastèque|Sandía|Arbuz
charms_earth_melon|Earth Melon|Maan meloni|Melancia da Terra|Земляной арбуз|地瓜|アースメロン|대지 멜론 (Earth Melon)|Erdmelone|Pastèque de Terre|Melón de Tierra|Ziemny Melon
charms_fire_melon|Fire Melon|Tuli meloni|Melancia de Fogo|Огненный арбуз|火瓜|ファイアメロン|불 멜론 (Fire Melon)|Feuermelone|Pastèque de Feu|Melón de Fuego|Ognisty Melon
charms_air_melon|Air Melon|Ilmameloni|Melancia de Ar|Воздушный арбуз|空氣瓜|エアメロン|공기 멜론 (Air Melon)|Luftmelone|Pastèque d'Air|Melón de Aire|Powietrzny Melon
charms_supreme_elemelon|Supreme Elemelon|Ylin Elemelon|Elemelancia Suprema|Высший слон|至尊元素瓜|至高のエレメロン|최고의 엘레멜론 (Supreme Elemelon)|Höchste Elementarmelone|Élémelon Suprême|Elemelón Supremo|Najwyższy Elemelon
charms_torsteins_anvil|Torstein's Anvil|Torsteinin alasin|Bigorna de Torstein|Наковальня Торстейна|托斯坦的鐵砧|トルステイン・アンビル|토르스타인의 모루 (Torstein's Anvil)|Torsteins Amboss|Enclume de Torstein|Yunque de Torstein|Kowadło Torsteina
charms_arcane_pumpkin|Arcane Pumpkin|Arkaaninen kurpitsa|Abóbora Arcana|Таинственная тыква|奧術南瓜|アーケイン・パンプキン|아케인 호박 (Arcane Pumpkin)|Arkaner Kürbis|Citrouille Arcanique|Calabaza Arcana|Arkaniczna Dynia
charms_rotten_pumpkin|Rotten Pumpkin|Mätä kurpitsa|Abóbora Podre|Гнилая тыква|腐爛南瓜|腐ったパンプキン|썩은 호박 (Rotten Pumpkin)|Fauler Kürbis|Citrouille Pourrie|Calabaza Podrida|Zgniła Dynia
charms_supreme_elemelon_fake|Tomtomtomtomtom|Tomtomtomtomtom|Tomtomtomtomtom|Томтомтомтом|咚咚咚咚咚|トムトムトムトムトム|톰톰톰톰톰 (Tomtomtomtomtom)|Tomtomtomtomtom|Tomtomtomtomtom|Tomtomtomtomtom|Tomtomtomtomtom
charms_eye_of_rakhul|Eye of Rakhul|Rakhulin silmä|Olho de Rakhul|Глаз Рахула|拉庫爾之眼|ラクフルの目|라쿨의 눈 (Eye of Rakhul)|Auge von Rakhul|Œil de Rakhul|Ojo de Rakhul|Oko Rakhula
charms_liliths_wrath|Lilith's Wrath|Lilithin viha|Fúria de Lilith|Гнев Лилит|莉莉絲的憤怒|リリスの怒り|릴리스의 분노 (Lilith's Wrath)|Liliths Zorn|Colère de Lilith|Ira de Lilith|Gniew Lilith
charms_divine_crack_pipe|Divine Crackpipe|Jumalallinen Crackpipe|Cachimbo de Crack Divino|Божественный крэкпайп|神聖煙斗|神聖なクラックパイプ|신성한 크랙파이프 (Divine Crackpipe)|Göttliche Crackpfeife|Flûte à crack divine|Pipa de Crack Divina|Boska Fajka
charms_abominations_heart|Abomination's Heart|Kauhistuksen sydän|Coração da Abominação|Сердце мерзости|憎惡之心|アボミネーションの心臓|혐오자의 심장 (Abomination's Heart)|Herz der Abscheulichkeit|Cœur de l'Abomination|Corazón de la Abominación|Serce Obrzydliwości
charms_abominations_brain|Abomination's Brain|Abomination's Brain|Cérebro da Abominação|Мозг мерзости|憎惡之腦|アボミネーションの脳|혐오자의 뇌 (Abomination's Brain)|Gehirn der Abscheulichkeit|Cerveau de l'Abomination|Cerebro de la Abominación|Mózg Obrzydliwości
charms_abominations_eye|Abomination's Eye|Abomination's Eye|Olho da Abominação|Глаз мерзости|憎惡之眼|アボミネーションの目|혐오자의 눈 (Abomination's Eye)|Auge der Abscheulichkeit|Œil de l'Abomination|Ojo de la Abominación|Oko Obrzydliwości
charms_plague_shot|Plague Shot|Rutto laukaus|Injeção de Praga|Чумной выстрел|瘟疫劑|疫病の弾丸|역병 탄환 (Plague Shot)|Seuchenschuss|Tir de Peste|Disparo de Plaga|Strzał Plagi
charms_barrel_of_explosives|Barrel of Explosives|Räjähteiden tynnyri|Barril de Explosivos|Бочка взрывчатки|炸藥桶|バレル・オブ爆薬|폭발물 통 (Barrel of Explosives)|Sprengstofffass|Baril d'Explosifs|Barril de Explosivos|Beczka Materiałów Wybuchowych
charms_the_detonator|The Detonator|Detonaattori|O Detonador|Детонатор|雷管|起爆装置|폭발 장치 (The Detonator)|Der Zünder|Le Détonateur|El Detonador|Detonator
charms_gas_canister|Gas Canister|Kaasusäiliö|Bidão de Gasolina|Канистра с газом|汽油桶|ガスボンベ|가스 컨테이너 (Gas Canister)|Gaskanister|Bonbonne de Gaz|Contenedor de Gas|Puszka Gazu
charms_forking_bolts|Forking Bolts|Haarukkapultit|Parafusos de Bifurcação|Вилки-болты|分裂雷霆|フォークボルト|분기 볼트 (Forking Bolts)|Gabelbolzen|Cartes Fourchues|Virotes Bifurcados|Rozwidlające Się Śruby
charms_reverse_card|Reverse Card|Käänteinen kortti|Carta Reversa|Обратная карта|反轉卡片|リバースカード|역전 카드 (Reverse Card)|Rückseite|Carte Revers|Carta de Reversa|Odwrotna Karta
charms_tablet_of_awakening|Tablet of Awakening|Herätyksen tabletti|Tábua do Despertar|Скрижаль пробуждения|覺醒石板|覺醒碑|각성의 석판 (Tablet of Awakening)|Tafel des Erwachens|Tablette de l'Éveil|Tablilla del Despertar|Tabliczka Przebudzenia
charms_crows_feather|Crow's Feather|Variksen sulka|Pena do Corvo|Перо ворона|烏鴉之羽|カラスの羽根|까마귀의 깃털 (Crow's Feather)|Krähenfeder|Plume de Corbeau|Pluma de Cuervo|Pióro Kruka
charms_sassys_dislocated_foot|Sassy's Dislocated Foot|Sassyn jalka sijoiltaan|Pé Deslocado do Sassy|Вывихнутая нога Сасси|莎西的脫臼足|サッシーの脱臼した足|새시의 탈골된 발 (Sassy's Dislocated Foot)|Frechheits ausgerenkter Fuß|Pied Disloqué de Sassy|Pie Dislocado de Sassy|Zwichnięta Stopa Sassy
charms_chaos_gemstone|Chaos Gemstone|Kaaoksen jalokivi|Gema do Caos|Драгоценный камень хаоса|混沌寶石|混沌の宝石|카오스 보석 (Chaos Gemstone)|Chaos-Edelstein|Pierre Précieuse du Chaos|Gema del Caos|Kamień Chaosu
charms_fingerOfDespair|Finger of Despair|Epätoivon sormi|Dedo do Desespero|Палец отчаяния|絕望之指|絶望の指|절망의 손가락 (Finger of Despair)|Finger der Verzweiflung|Doigt du Désespoir|Dedo de la Desesperación|Palec Rozpaczy
charms_sobeks_fall|Sobek's Fall|Sobekin syksy|Queda de Sobek|Падение Собека|索貝克的隕落|ソベックの没落|소벡의 몰락 (Sobek's Fall)|Sobeks Fall|Chute de Sobek|Caída de Sobek|Upadek Sobeka
charms_graxys_mom_lure|Graxy's Lucky Lure|Graxyn äiti Lure|Isca da Mãe de Graxy|Приманка для мамы Гракси|格雷希的幸運誘餌|グラクシーのママのルアー|그락시의 엄마 미끼 (Graxy's Mom Lure)|Graxys Mutter-Köder|Leurre de la Mère de Graxy|Señuelo de la Mamá de Graxy|Przynęta Mamy Graxy
charms_almighty_nugget|The Almighty Nugget|Kaikkivaltias Nugget|A Pepita Todo-Poderosa|Всемогущий самородок|萬能金塊|万能のナゲット|전능한 너겟 (The Almighty Nugget)|Der allmächtige Nugget|La Pépite Toute-Puissante|La Pepita Todopoderosa|Wszechmogący Nugget
charms_orange_grayon|Orange Grayon|Oranssi harmaa|Grayon Laranja|Оранжевый Грейон|橘色蠟筆|オレンジグレイヨン|오렌지 크레용 (Orange Grayon)|Orange Grayon|Grayon Orange|Crayón Naranja|Pomarańczowy Grayon
charms_aimbot_exe|Aimbot.exe|Aimbot.exe|Aimbot.exe|Aimbot.exe|Aimbot.exe|自瞄.exe|에임봇.exe (Aimbot.exe)|Aimbot.exe|Aimbot.exe|Aimbot.exe|Aimbot.exe
charms_storm_in_vial|Storm In A Vial|Myrsky pullossa|Tempestade em um Frasco|Буря во флаконе|瓶中風暴|小瓶の中の嵐|병 속의 폭풍 (Storm In A Vial)|Sturm in einer Phiole|Tempête dans une Fiole|Tormenta en un Vial|Burza w Fiolce
charms_dev_charm_small|Dev Charm Small|Dev Charm Small|Amuleto do Desenvolvedor Pequeno|Маленький амулет Дева|小型开发者护符|開発用チャーム（小）|작은 데브 참 (Dev Charm Small)|Kleiner Entwicklerzauber|Petit Charme de Développement|Hechizo de Desarrollador Pequeño|Dev Charm Mały
charms_dev_charm_large|Dev Charm Large|Dev Charm Suuri|Amuleto do Desenvolvedor Grande|Большой амулет Дева|大型开发者护符|開発用チャーム（大）|큰 데브 참 (Dev Charm Large)|Großer Entwicklerzauber|Grand Charme de Développement|Hechizo de Desarrollador Grande|Dev Charm Duży
charms_dev_charm_grand|Dev Charm Grand|Dev Charm Grand|Amuleto do Desenvolvedor Grande|Grand|超大型开发者护符|開発用チャーム（大）|대형 데브 참 (Dev Charm Grand)|Großer Entwicklerzauber|Grand Charme de Développement|Gran Hechizo de Desarrollador|Dev Charm Wielki
charms_dragons_heart|Dragon's Heart|Lohikäärmeen sydän|Coração de Dragão|Сердце дракона|龍之心|ドラゴンの心臓|용의 심장 (Dragon's Heart)|Drachenherz|Cœur de Dragon|Corazón de Dragón|Serce Smoka
charms_wizards_dice|Wizard's Dice|Wizard's Dice|Dado do Mago|Игральные кости волшебника|巫師骰子|魔法使いのダイス|마법사의 주사위 (Wizard's Dice)|Zaubererwürfel|Dés de Sorcier|Dados del Hechicero|Kości Czarodzieja
charms_gladiators_dice|Gladiator's Dice|Gladiaattorin noppa|Dado do Gladiador|Игральные кости гладиатора|角鬥士骰子|剣闘士のダイス|검투사의 주사위 (Gladiator's Dice)|Gladiatorenwürfel Würfel|Gladiateur Dés|Dados del Gladiador|Kości Gladiatora
charms_bobs_grenade|Bob's Grenade|Bobin kranaatti |Granada do Bob |Граната Боба |鮑伯的手榴彈 |ボブの手榴弾 |밥의 수류탄 (Bob's Grenade)|Bobs Granate|Grenade de Bob |Granada de Bob|Granat Boba
charms_cursed_gyroscope|Cursed Gyroscope|Kirottu gyroskooppi|Giroscópio Amaldiçoado|Проклятый гироскоп|詛咒陀螺儀|カースドジャイロスコープ|저주받은 자이로스코프 (Cursed Gyroscope)|Verfluchtes Gyroskop|Gyroscope maudit|Giroscopio Maldito|Przeklęty Żyroskop
charms_mysterious_monkey_paw|Mysterious Monkey Paw|Salaperäinen apinan käpälä|Pata de Macaco Misteriosa|Таинственная обезьянья лапа|神秘猴爪|ミステリアスマンキーパウ|신비한 원숭이 발 (Mysterious Monkey Paw)|Geheimnisvolle Affenpfote|Patte de singe mystérieuse|Misteriosa Pata de Mono|Tajemnicza Łapa Małpy
charms_dibbik_box|Dibbik Box|Dibbik-laatikko|Caixa de Dibbik|Коробка Диббика|惡靈盒|ディビクボックス|디빅 박스 (Dibbik Box)|Dibbik-Box|Boîte Dibbik|Caja Dybbuk|Skrzynka Dibbik
charms_mystery_card|Mystery Card|Mysteerikortti|Carta Misteriosa|Таинственная карта|神秘卡牌|ミステリーカード|미스터리 카드 (Mystery Card)|Geheimniskarte|Carte mystère|Carta Misteriosa|Tajemnicza Karta
charms_overloaded_dice|Overloaded Dice|Ylikuormitetut nopat|Dado Sobrecarregado|Перегруженные игральные кости|超載骰子|オーバーローデッドダイス|과부하된 주사위 (Overloaded Dice)|Überladener Würfel|Dés surchargés|Dados Sobrecargados|Przeładowane Kości
charms_devils_pact|Devil's Pact|Paholaisen sopimus|Pacto do Diabo|Договор с дьяволом|魔鬼契約|デビルズパクト|악마의 계약 (Devil's Pact)|Teufelspakt|Pacte du diable|Pacto del Diablo|Pakt Diabła
charms_soul_collector|Soul Collector|Sielunkeräilijä|Colecionador de Almas|Собиратель душ|靈魂收集者|ソウルコレクター|영혼 수집가 (Soul Collector)|Seelensammler|Collecteur d'âmes|Coleccionista de Almas|Kolekcjoner Dusz
charms_tiny_planet|Tiny Planet|Pieni planeetta|Planeta Minúsculo|Крошечная планета|小小星球|小さな惑星|작은 행성 (Tiny Planet)|Kleiner Planet|Petite planète|Planeta Diminuto|Mała Planeta
charms_telescope|Telescope|Teleskooppi|Telescópio|Телескоп|望遠鏡|望遠鏡|망원경 (Telescope)|Teleskop|Télescope|Telescopio|Teleskop
charms_nomads_corpse|Nomad's Rotten Corpse|Nomadien mätä ruumis|Cadáver Podre do Nômade|Гнилой труп кочевника|游牧民腐屍|ノマドの朽ちた死体|유목민의 썩은 시체 (Nomad's Rotten Corpse)|Nomaden-Fäulnis|Cadavre putréfié du nomade|Cadáver Podrido del Nómada|Zgniły Trup Nomada
charms_voodoo_doll|Voodoo Doll|Voodoo-nukke |Boneca de Vodu |Кукла вуду |巫毒娃娃 |ブードゥー人形|부두 인형 (Voodoo Doll)|Voodoo-Puppe|Poupée vaudou |Muñeco Vudú |Lalka Voodoo
charms_bullseye|Bull's Eye|Bull's Eye|Olho de Boi|Меткий прицел|靶心|的の中心|명중률 높은 조준경 (Bull's Eye)|Volltreffer|Cible parfaite|Diana|Oko Byka
charms_snipers_scope|Sniper's Scope|Sniper's Scope|Mira de Atirador|Снайперский прицел|狙擊鏡|狙撃スコープ|저격용 조준경 (Sniper's Scope)|Zielfernrohr|Lunette de précision|Mira telescópica|Celownik Snajpera
charms_goburins_head|Goburin's Head|Goburin's Head|Cabeça de Goburin |Голова Гобурина |哥布林的頭顱|ゴブリンの頭 |고부린의 머리 (Goburin's Head) |Goburins Kopf|Tête de Goburin |Cabeza de Goburin |Głowa Goburina
charms_captains_anchor|Captain´s Anchor||Âncora do Capitão|Якорь капитана|船長之錨|船長の錨|캡틴의 닷|Kapitänsanker|Ancre du capitaine|Ancla del Capitán|Kapitańska kotwica
charms_ghastly_skull|Ghastly Skull||Caveira Medonha|Жуткий череп|駭人頭骨|不気味な頭蓋骨|섬뜩한 해골|Grauenhafter Schädel|Crâne macabre|Cráneo Espectral|Upiorna czaszka
charms_parasitic_heart|Parasitic Heart||Coração Parasitário|Паразитическое сердце|寄生之心|寄生する心臓|기생충의 심장|Parasitäres Herz|Cœur parasite|Corazón Parasitario|Pasożytnicze serce
charms_jar_of_parasites|Jar of Parasites||Pote de Parasitas|Банка паразитов|寄生蟲罐|寄生生物の瓶|기생충 항아리|Glas mit Parasiten|Bocal de parasites|Frasco de Parásitos|Słoik z pasożytami
charms_ghost_armada|Ghost Armada||Armada Fantasma |Призрачная армада|幽冥艦隊|亡霊艦隊 |유령 함대|Geisterarmada |Armada fantôme |Armada Fantasma|Armada duchów
|||||||||||
lore_charms_loaded_dice|In the shadowed corners of a mystical realm, where chance and fate entwined like threads in a cosmic tapestry, a legendary artifact was born.|Mystisen valtakunnan varjoisissa kulmissa, joissa sattuma ja kohtalo kietoutuvat langoiksi kosmisessa kuvakudoksessa, syntyi legendaarinen esine.|Nos cantos sombrios de um reino místico, onde o acaso e o destino se entrelaçam como fios em uma tapeçaria cósmica, nasceu um artefato lendário.|В темных уголках мистического царства, где случай и судьба переплелись, как нити в космическом гобелене, родился легендарный артефакт.|在神秘國度的陰暗角落裡, 機會和命運像宇宙掛毯上的線一樣交織在一起, 一件傳奇的神器誕生了。|神秘の領域の影の片隅、偶然と運命が宇宙のタペストリーの糸のように絡み合う場所で、伝説のアーティファクトが誕生した。|신비로운 영역의 어두운 구석에서, 우연과 운명이 우주의 태피스트리처럼 얽힌 그곳에서 하나의 전설적인 유물이 태어났다.|In den dunklen Winkeln eines mystischen Reiches, wo Zufall und Schicksal sich wie Fäden eines kosmischen Wandteppichs verflechten, wurde ein legendäres Artefakt geboren.|Dans les recoins obscurs d'un royaume mystique, où le hasard et le destin s'entrelacent comme les fils d'une tapisserie cosmique, un artefact légendaire est né.|En los rincones sombríos de un reino místico, donde el azar y el destino se entrelazaban como hilos en un tapiz cósmico, nació un artefacto legendario.|W zacienionych zakątkach mistycznego królestwa, gdzie szansa i los splatały się jak nici w kosmicznym gobelinie, narodził się legendarny artefakt.
lore_charms_tarethiels_ancient_wisdom|From the depths of the catacombs, Tarethiel's elder souls were combined into this singular point, granting knowledge and power to a hero in need.|Katakombien syvyyksistä Tarethielin vanhemmat sielut yhdistettiin tähän ainutlaatuiseen pisteeseen, mikä antoi tietoa ja voimaa tarpeessa olevalle sankarille.|Das profundezas das catacumbas, as almas mais velhas de Tarethiel foram combinadas nesse ponto singular, concedendo conhecimento e poder a um herói em necessidade.|Из глубин катакомб старшие души Таретиэля были объединены в эту единственную точку, даруя знания и силу нуждающемуся герою.|從地下墓穴的深處, 塔雷希爾的長老靈魂被融合到這個奇點, 為需要幫助的英雄提供知識和力量|カタコンベの奥深く、タレティエルの古き魂がこの特異点に融合し、苦難に苦しむ英雄に知識と力を与えた。|지하 묘지 깊은 곳에서, 타레시엘의 고대 영혼들이 이 한 점에 결합되어, 도움이 필요한 영웅에게 지식과 힘을 부여했다.|Aus den Tiefen der Katakomben vereinten sich Tarethiels ältere Seelen zu diesem einzigartigen Punkt und verliehen einem Helden in Not Wissen und Macht.|Des profondeurs des catacombes, les âmes aînées de Tarethiel se sont unies en ce point singulier, offrant connaissance et pouvoir à un héros dans le besoin.|Desde las profundidades de las catacumbas, las almas ancestrales de Tarethiel se combinaron en este punto singular, otorgando conocimiento y poder a un héroe necesitado.|Z głębin katakumb połączone dusze starszych Tarethiela zostały połączone w jeden punkt, przyznając wiedzę i moc bohaterowi w potrzebie.
lore_charms_torch_of_shadows|Torch forged and lighted in the Shadow Realms that has some odd properties, spreading darkness in the mortal world where there should be light.|Varjomaailmoissa taottu ja sytytetty taskulamppu, jolla on outoja ominaisuuksia, ja se levittää pimeyttä kuolevaisten maailmaan, missä pitäisi olla valoa.|Tocha forjada e acesa no Reino das Sombras que tem algumas propriedades estranhas, espalhando escuridão no mundo mortal onde deveria haver luz.|Факел, выкованный и зажженный в Царствах Теней, который обладает некоторыми странными свойствами, распространяя тьму в мире смертных там, где должен быть свет.|炬在暗影國度中鍛造並點燃, 具有一些奇怪的特性, 在凡人世界中本應有光明的地方散播黑暗|影の領域で鍛造され、灯された松明は奇妙な性質を持ち、光があるべき現世に闇を広げる。|그림자 왕국에서 단조되고 점화된 이 횃불은 기묘한 속성을 지녔으며, 빛이 있어야 할 필멸의 세계에 어둠을 퍼뜨린다.|Eine in den Schattenreichen geschmiedete und entzündete Fackel mit seltsamen Eigenschaften, die in der Welt der Sterblichen Dunkelheit verbreitet, wo Licht sein sollte.|Une torche forgée et allumée dans les Royaumes des Ombres, aux propriétés étranges, répand les ténèbres dans le monde des mortels là où devrait régner la lumière.|Antorcha forjada y encendida en los Reinos de las Sombras que posee extrañas propiedades, extendiendo la oscuridad en el mundo mortal donde debería haber luz.|Pochodnia wykuta i zapalona w Shadow Realms, która ma dziwne właściwości – rozprzestrzenia ciemność w śmiertelnym świecie tam, gdzie powinno być światło.
lore_charms_fulgurite|The power of this charm is determined by the skill of its creator. You just never know if its worthy or not..|Tämän viehätysvoiman määrää sen luojan taito. Koskaan ei vain tiedä onko sen arvoista vai ei..|O poder desse talismã é determinado pela habilidade de seu criador. Você nunca sabe se ele vale a pena ou não.|Сила этого талисмана определяется мастерством его создателя. Вы просто никогда не знаете, достойно оно того или нет..|這種護身符的力量是由其創造者的技能決定的. 你只是永遠不知道它是否值得|このチャームの力は、製作者の技量によって決まる。それが価値があるかどうかは、決して分からないのだ。|이 부적의 힘은 제작자의 숙련도에 따라 달라진다. 과연 가치가 있는 것일지... 아무도 모른다.|Die Macht dieses Zaubers wird durch das Können seines Schöpfers bestimmt. Man weiß nie, ob er würdig ist oder nicht.|La puissance de ce charme est déterminée par le talent de son créateur. On ne sait jamais s'il en vaut la peine.|El poder de este hechizo está determinado por la habilidad de su creador. Nunca se sabe si vale la pena o no...|Moc tego uroku jest określona przez umiejętność jego twórcy. Nigdy nie wiadomo, czy jest wart czy nie..
lore_charms_water_melon|One of the ancient Elemelons grown in the garden of Eden.|Yksi Eedenin puutarhassa kasvaneista muinaisista Elemeloneista.|Uma das antigas Elemelancias cultivadas no jardim de Eden.|Один из древних элемелонов, выращенных в саду Эдема.|一種生長在伊甸園裡的古老的瓜。|エデンの園で育った古代のエレメロンの一つ。|에덴의 정원에서 자라난 고대 엘레멜론 중 하나.|Eine der uralten Elemelonen aus dem Garten Eden.|L'un des anciens Elemelons cultivés dans le jardin d'Éden.|Uno de los antiguos Elemelones cultivados en el jardín del Edén.|Jeden z pradawnych Elemelonów wyrosłych w ogrodzie Eden.
lore_charms_earth_melon|One of the ancient Elemelons grown in the garden of Eden.|Yksi Eedenin puutarhassa kasvaneista muinaisista Elemeloneista.|Uma das antigas Elemelancias cultivadas no jardim de Eden.|Один из древних элемелонов, выращенных в саду Эдема.|一種生長在伊甸園裡的古老的瓜。|エデンの園で育った古代のエレメロンの一つ。|에덴의 정원에서 자라난 고대 엘레멜론 중 하나.|Eine der uralten Elemelonen aus dem Garten Eden.|L'un des anciens Elemelons cultivés dans le jardin d'Éden.|Uno de los antiguos Elemelones cultivados en el jardín del Edén.|Jeden z pradawnych Elemelonów wyrosłych w ogrodzie Eden.
lore_charms_fire_melon|One of the ancient Elemelons grown in the garden of Eden.|Yksi Eedenin puutarhassa kasvaneista muinaisista Elemeloneista.|Uma das antigas Elemelancias cultivadas no jardim de Eden.|Один из древних элемелонов, выращенных в саду Эдема.|一種生長在伊甸園裡的古老的瓜。|エデンの園で育った古代のエレメロンの一つ。|에덴의 정원에서 자라난 고대 엘레멜론 중 하나.|Eine der uralten Elemelonen aus dem Garten Eden.|L'un des anciens Elemelons cultivés dans le jardin d'Éden.|Uno de los antiguos Elemelones cultivados en el jardín del Edén.|Jeden z pradawnych Elemelonów wyrosłych w ogrodzie Eden.
lore_charms_air_melon|One of the ancient Elemelons grown in the garden of Eden.|Yksi Eedenin puutarhassa kasvaneista muinaisista elementeloneista.|Uma das antigas Elemelancias cultivadas no jardim de Eden.|Один из древних элемелонов, выращенных в саду Эдема.|一種生長在伊甸園裡的古老的瓜。|エデンの園で育った古代のエレメロンの一つ。|에덴의 정원에서 자라난 고대 엘레멜론 중 하나.|Eine der uralten Elemelonen aus dem Garten Eden.|L'un des anciens Elemelons cultivés dans le jardin d'Éden.|Uno de los antiguos Elemelones cultivados en el jardín del Edén.|Jeden z pradawnych Elemelonów wyrosłych w ogrodzie Eden.
lore_charms_supreme_elemelon|Elemelon Singularity.|Elemelon Singularity.|Singularidade da Elemelancia.|Сингулярность элемелона.|元素瓜的奇異點。|エレメロン特異点。|엘레멜론 특이점.|Elemelonen-Singularität.|L'un des anciens Elemelons cultivés dans le jardin d'Éden.|Singularidad de Elemelón.|Osobliwość Elemelon.
lore_charms_torsteins_anvil|Many armors and weapons have been forged using this..|Monia panssareita ja aseita on väärennetty tätä käyttämällä.|Muitas armas e armaduras foram forjadas usando isto.|Множество доспехов и оружия были выкованы с помощью этого..|許多盔甲和武器都是用它來鍛造的……|これを用いて、多くの鎧や武器が鍛造されてきた。|수많은 갑옷과 무기가 이것으로 단조되었다..|Viele Rüstungen und Waffen wurden damit geschmiedet.|Singularité Elemelon.|Muchas armaduras y armas han sido forjadas usando esto...|Wiele zbroi i broni zostało wykutych za pomocą tego..
lore_charms_arcane_pumpkin|A pumpkin gushing with arcane energy grown in the garden of Eden.|Eedenin puutarhassa kasvatettu kurpitsa, joka kumpuaa arkaanisesta energiasta.|Uma abóbora que jorra energia arcana, cultivada no jardim do Eden.|Тыква, фонтанирующая тайной энергией, выращенная в саду Эдема.|伊甸園中生長的、噴湧神秘能量的南瓜。|エデンの園で育った、秘術のエネルギーが溢れ出るカボチャ。|에덴의 정원에서 자라난 아케인 에너지가 뿜어져 나오는 호박.|Ein Kürbis, der vor arkaner Energie strotzt, gewachsen im Garten Eden.|De nombreuses armures et armes ont été forgées grâce à cela…|Una calabaza rebosante de energía arcana cultivada en el jardín del Edén.|Dynia tryskająca arkaniczną energią wyrosła w ogrodzie Eden.
lore_charms_rotten_pumpkin|One disgusting rotten pumpkin oozing with slime forgotten in the darkest corner of the Pumpkin Cellar.|Yksi inhottava mätä kurpitsa, joka vuotaa limaa, unohdettu Kurpitsakellarin pimeimpään nurkkaan.|Uma abóbora podre e nojenta, escorrendo lodo, esquecida no canto mais escuro do Porão de Abóboras.|Одна отвратительная гнилая тыква, сочащаяся слизью, забытая в самом темном углу Тыквенного погреба.|一個令人作嘔的腐爛南瓜, 滲透著黏液, 被遺忘在南瓜地窖最黑暗的角落|カボチャ貯蔵庫の最も暗い隅に忘れ去られた、スライムを滲み出させる、不快な腐ったカボチャ。|펌킨 셀러의 가장 어두운 구석에 잊혀져 점액을 흘리며 썩은 혐오스러운 호박.|Ein ekelhafter, verfaulter Kürbis, aus dem Schleim sickert, vergessen in der dunkelsten Ecke des Kürbiskellers.|Une citrouille débordante d'énergie arcanique, cultivée dans le jardin d'Éden.|Una asquerosa calabaza podrida que rezuma limo, olvidada en el rincón más oscuro de la Bodega de Calabazas.|Jedna obrzydliwa zgniła dynia ociekająca śluzem zapomniana w najciemniejszym kącie Piwnicy z Dyniami.
lore_charms_supreme_elemelon_fake|Server is burning|Palvelin polttaa |O servidor está queimando|Сервер горит|伺服器正在燃燒|サーバーが燃えている。|서버가 불타고 있다.|Der Server brennt.|Une citrouille pourrie et dégoûtante, suintante de bave, oubliée dans le coin le plus sombre de la cave à citrouilles.|El servidor está ardiendo.|Serwer się pali
lore_charms_eye_of_rakhul|King Rakhul's eye, a trophy of absolute brutality without comparision!|Kuningas Rakhulin silmä, absoluuttisen raakuuden pokaali ilman vertailua!|O olho do Rei Rakhul, um troféu de brutalidade absoluta sem comparação!|Глаз короля Рахула, трофей абсолютной жестокости без сравнения!|拉胡爾國王的眼睛，無與倫比絕對殘暴的戰利品！|ラクフル王の目、比類なき残忍さのトロフィー！|절대적인 야만의 전리품, 라쿨 왕의 눈!|König Rakhuls Auge, eine Trophäe absoluter Brutalität ohnegleichen!|Le serveur brûle. |¡El ojo del Rey Rakhul, un trofeo de brutalidad absoluta sin comparación!|Oko Króla Rakhula – trofeum absolutnej brutalności bez porównania!
lore_charms_liliths_wrath|The agony burns withing the wretched one.. It extends by the minute.. It never ends..|Tuska polttaa kurjan sisällä.. Se ulottuu minuutilta.. Se ei lopu koskaan..|A agonia queima dentro do miserável... Ela se estende a cada minuto... Ela nunca termina...|Агония горит внутри несчастного.. Она распространяется с каждой минутой.. Она никогда не заканчивается..|痛苦在可憐的人身上燃燒…… 它一分鐘一分鐘地延伸…… 它永遠不會結束……  |哀れな者の内で、苦痛が燃え上がる。それは刻々と長引き、決して終わることはない。|그 비참한 자 안에서 고통이 불타오른다.. 매 순간 더욱 퍼진다.. 결코 끝나지 않는다..|Die Qual brennt in dem Unglücklichen. Sie wird von Minute zu Minute schlimmer. Sie endet nie.|L'agonie brûle au plus profond du malheureux… Elle s'étend de minute en minute… Elle ne finit jamais…|La agonía arde dentro del desdichado... Se extiende por momentos... Nunca termina...|Agonia pali się w nędznym… Rozprzestrzenia się z każdą minutą… Nigdy się nie kończy..
lore_charms_divine_crack_pipe|Sweet dreams are made of these..|Näistä tehdään kauniita unia..|Doces sonhos são feitos disso...|Сладкие сны сделаны из этого..|甜蜜的夢就是由這些組成的……|甘い夢は、これらで作られる。|달콤한 꿈은 이런 것들로 이루어졌다..|Süße Träume sind daraus gemacht.|De beaux rêves sont faits de ça…|Los dulces sueños están hechos de esto...|Słodkie sny są zrobione z tych..
lore_charms_plague_shot|One a day keeps the plague away.|Yksi päivässä pitää ruton loitolla.|Um por dia mantém a peste longe.|Одна в день отгоняет чуму.|一日一劑，遠離瘟疫。 |一日一個で疫病を遠ざける。 |하루에 하나면 역병은 멀리 간다.|Einer am Tag hält die Plage fern.|Un par jour éloigne la peste.|Una al día mantiene la plaga alejada.|Jedna dziennie trzyma plagę z dala.
lore_charms_gas_canister|I JUST WANT TO SEE THE WORLD ON FIRE!!!|HALUAN VAIN NÄHDÄ MAAILMAN TULESSA!!!|EU SÓ QUERO VER O MUNDO PEGANDO FOGO!!!|Я ПРОСТО ХОЧУ УВИДЕТЬ МИР В ОГНЕ!!!|我只是想看看世界著火了！！！|ただ世界を燃え上がらせたいだけなのだ!!!|나는 그냥 세상이 불타는 걸 보고 싶을 뿐이야!!!|ICH WILL EINFACH NUR DIE WELT IN FEUER SEHEN!!!|JE VEUX JUSTE VOIR LE MONDE EN FEU !!! Un grand pouvoir n'implique aucune responsabilité.|¡¡¡SOLO QUIERO VER EL MUNDO ARDER!!!|CHCĘ TYLKO ZOBACZYĆ ŚWIAT W OGNIU!!!
lore_charms_reverse_card|With great power comes no responsibility|Suurella voimalla ei ole vastuuta|Com grande poder não vem responsabilidade.|С большой силой нет ответственности|權力越大，責任就越大|大いなる力には責任は伴わない|큰 힘에는... 책임이 따르지 않는다|Mit großer Macht geht keine Verantwortung einher.|Un grand pouvoir n'implique aucune responsabilité.|Un gran poder no conlleva ninguna responsabilidad.|Z wielką mocą nie idzie żadna odpowiedzialność
lore_charms_tablet_of_awakening|An emerald tablet capable of awakening ones inner power|Smaragditabletti, joka pystyy herättämään sisäisen voiman|Uma tábua de esmeralda capaz de despertar o poder interior|Изумрудная скрижаль, способная пробудить внутреннюю силу|能夠覺醒內在潛力的翡翠碑|内なる力を目覚めさせるエメラルドの石板|내면의 힘을 깨울 수 있는 에메랄드 석판|Eine Smaragdtafel, die die innere Kraft erwecken kann.|Une tablette d'émeraude capable d'éveiller le pouvoir intérieur.|Una tablilla de esmeralda capaz de despertar el poder interior de uno.|Szmaragdowa tabliczka zdolna przebudzić wewnętrzną moc
lore_charms_sassys_dislocated_foot|It's disgusting, a putrid lump of meat..|Se on inhottavaa, mädäntynyt lihapala..|É nojento, um pedaço de carne pútrida..|Это отвратительно, гнилой кусок мяса..|真噁心，一坨腐爛的肉……|それは忌まわしい、腐敗した肉塊…|역겹고 썩어가는 고깃덩어리, 정말 혐오스럽다..|Sie ist widerlich, ein fauliger Fleischklumpen.|C'est répugnant, un morceau de viande putride.|Es asqueroso, un trozo de carne pútrida...|To jest obrzydliwe, zgniła grudka mięsa..
lore_charms_chaos_gemstone|Forged in the darkest depths of the ether..|Taottu eetterin pimeimpiin syvyyksiin..|Forjado nas profundezas mais escuras do éter...|Выкованный в самых темных глубинах эфира..|在以太最黑暗的深處鍛造而成……|エーテルの深淵で鍛え上げられた…|이더의 가장 어두운 심연에서 단조되었다..|Geschmiedet in den dunkelsten Tiefen des Äthers.|Forgé dans les profondeurs les plus sombres de l'éther.|Forjada en las profundidades más oscuras del éter...|Wykute w najciemniejszych głębinach eteru..
lore_charms_fingerOfDespair|Dislocated from Amun Ra's hand by a noble warrior..|Jalo soturi irrotti Amun Ran kädestä.|Deslocado da mão de Amun Ra por um nobre guerreiro.|Выбитый из руки Амуна Ра благородным воином..|一位高貴的戰士從阿蒙·拉的手中奪走……|高貴なる戦士によってアムン・ラーの手から外された…|아문 라의 손에서 고귀한 전사에 의해 분리된 것..|Von einem edlen Krieger aus Amun Ras Hand gerissen.|Détaché des mains d'Amon Rê par un noble guerrier.|Arrancado de la mano de Amón-Ra por un noble guerrero...|Wyrwane z ręki Amun Ra przez szlachetnego wojownika..
lore_charms_sobeks_fall|The decapitated head of a crocolisk enchanted with dark powers..|Krokoliskin meistetty pää, joka on lumoutunut pimeistä voimista.|A cabeça decapitada de um crocolisco encantado com poderes sombrios.|Обезглавленная голова кроколиска, зачарованного темными силами..|被斬首的鱷魚頭被賦予了黑暗力量……|闇の力に呪われたクロコリスクの首…|어둠의 힘으로 마법이 걸린 크로콜리스크의 잘린 머리.|Der abgetrennte Kopf eines Krokilisken, verzaubert mit dunklen Mächten.|La tête décapitée d'un crocilisque enchanté par des pouvoirs obscurs.|La cabeza decapitada de un crocolisco encantada con poderes oscuros...|Odcięta głowa krokodyliska zaczarowana ciemnymi mocami..
lore_charms_graxys_mom_lure|Trust the Lure. Blame the RNG.|Tynnyrin pohjalle heitetty..|Jogado no fundo do barril.|Брослен на дно бочки..|相信誘餌,甩鍋機率. |樽の底に投げ込まれた…|통 바닥까지 내던져졌다..|Auf den Boden des Fasses geworfen.|Fais confiance à l'appât. Accuse le RNG. |Arrojado al fondo del barril...|Wrzucone na dno beczki..
lore_charms_almighty_nugget|Elias already took a bite..|Elias nappasi jo..|Elias já deu uma mordida.|Элиас уже откусил..|埃利亞斯已經咬了一口……|エリアスは既に一口食べた…|엘리아스가 이미 한 입 베어먹었다..|Elias hat bereits einen Bissen genommen.|Élias a déjà pris une bouchée.|Elias ya le dio un mordisco...|Elias już ugryzł..
lore_charms_orange_grayon|Emotional damage..|Emotionaalinen vahinko..|Dano emocional.|Эмоциональный урон..|Emotional  damage……|精神的ダメージ…|감정적 데미지..|Emotionaler Schaden.|Dommages émotionnels.|Daño emocional...|Emocjonalne obrażenia..
lore_charms_aimbot_exe|So far undetected by VAC..|VAC ei ole toistaiseksi havainnut..|Até agora não detectado por VAC.|Пока не обнаружен VAC..|VAC 尚未偵測到……|VACには今のところ検知されていない…|VAC에도 아직 안 걸림..|Bisher von VAC unentdeckt.|Jusqu'ici non détecté par le VAC.|Hasta ahora no detectado por VAC...|Jak dotąd niewykryte przez VAC..
lore_charms_storm_in_vial|A powerful storm locked into a vial.. |Voimakas myrsky lukittu pulloon.. |Uma poderosa tempestade trancada em um frasco.|Мощный шторм, запертый во флаконе..|被鎖在小瓶子裡的一場強大風暴……|小瓶に閉じ込められた強力な嵐…|강력한 폭풍이 병 속에 봉인되어 있다..|Ein mächtiger Sturm, eingeschlossen in einer Phiole.|Une puissante tempête enfermée dans une fiole.|Una poderosa tormenta encerrada en un vial...|Potężna burza uwięziona w fiolce.
lore_charms_dragons_heart|Smite your foes with the power of the elder dragon..|Lyö vihollisesi vanhemman lohikäärmeen voimalla.|Ataque seus inimigos com o poder do dragão ancião.|Поразите своих врагов силой старшего дракона..|利用上古巨龍的力量打擊你的敵人……|古龍の力で敵を打ち倒せ…|장로 용의 힘으로 적을 공격하라.|Vernichte deine Feinde mit der Macht des Drachenältesten.|Frapper vos ennemis avec le pouvoir du dragon ancestral.|Castiga a tus enemigos con el poder del dragón anciano...|Rozbijaj wrogów mocą starszego smoka..
lore_charms_wizards_dice|Throw your faith in rolling the dice..|Heitä uskosi noppaa heittämään..|Jogue sua fé em rolar os dados.|Бросьте свою веру в бросок кубика..|把你的信心投入擲骰子中……|サイコロを振ることに信念を捨てよ…|주사위를 굴리는 데 믿음을 쏟으라.|Vergiss dein Vertrauen ins Würfeln.|Mettez votre foi dans le lancer de dés.|Pon tu fe en el lanzamiento de los dados...|Rzuć wiarę w rzut kośćmi..
lore_charms_gladiators_dice|Throw your faith in rolling the dice..|Heitä uskosi noppaa heittämään..|Jogue sua fé em rolar os dados.|Бросьте свою веру в бросок кубика..|把你的信心投入擲骰子中……|サイコロを振ることに信念を捨てよ…|주사위를 굴리는 데 믿음을 쏟으라.|Vergiss dein Vertrauen ins Würfeln.|Mettez votre foi dans le lancer de dés.|Pon tu fe en el lanzamiento de los dados...|Rzuć wiarę w rzut kośćmi..
lore_charms_bobs_grenade|CAUTION: Short fuse.|VAROITUS: Lyhyt sulake. |CUIDADO: Pavio curto. |ОСТОРОЖНО: Короткий запал. |注意：保險絲過短。 |注意：短気な者よ。 |주의: 퓨즈가 짧습니다. |VORSICHT: Kurze Zündschnur.|ATTENTION : Mèche courte. |PRECAUCIÓN: Mecha corta.|UWAGA: Krótki lont.
lore_charms_cursed_gyroscope|Absolute balance, wherever you go..|Täydellinen tasapaino, minne ikinä menetkin..|Equilíbrio absoluto, onde quer que você vá.|Абсолютное равновесие, куда бы ты ни пошёл...|無論您身在何處，都能保持絕對平衡……|どこへ行こうとも、絶対の均衡が保たれている..|절대적 균형, 어디를 가든지..|Absolutes Gleichgewicht, wohin du auch gehst.|L'équilibre absolu, où que vous alliez.|Equilibrio absoluto, dondequiera que vayas...|Absolutna równowaga, gdziekolwiek pójdziesz..
lore_charms_mysterious_monkey_paw|Be careful of what you wish, it might come true..|Ole varovainen toiveesi suhteen, ne saattavat toteutua..|Cuidado com o que deseja, pode se tornar realidade.|Будь осторожен со своими желаниями, они могут сбыться...|小心你的願望，它可能會實現……|願うことには気をつけろ、それは現実になるかもしれない..|바라는 대로 조심해라, 그게 현실이 될지도 모르니까..|Sei vorsichtig mit deinen Wünschen, sie könnten in Erfüllung gehen.|Attention à vos souhaits, ils pourraient se réaliser.|Ten cuidado con lo que deseas, podría hacerse realidad...|Uważaj, czego sobie życzysz, może się spełnić..
lore_charms_dibbik_box|Holds an ancient entity inside, not to open!|Pitää sisällään muinaista olentoa, jota ei saa avata!|Contém uma entidade ancestral dentro, para não abrir!|Хранит внутри древнюю сущность, не открывающуюся!|裡面藏著一個古老的實體，別打開！|古の存在を宿している、決して開けてはならない！|고대 존재를 품고 있어, 절대 열지 말 것!|Hält ein uraltes Wesen in sich, das du nicht öffnen darfst!|Contient une entité ancienne à l'intérieur, à ne pas ouvrir !|¡Contiene una entidad ancestral en su interior, no abrir!|Trzyma w sobie pradawną istotę, nie otwierać!
lore_charms_mystery_card|What might this be..|Mikä tämä voisi olla..|O que pode ser isso?|Что это может быть?..|這可能是什麼……|これは一体何だろう..|이게 대체 무엇일까..|Was könnte das sein?|Qu'est-ce que cela pourrait être ?|Qué podría ser esto...|Co to może być..
lore_charms_overloaded_dice|Emitting powerful energy from within..|Säteilee voimakasta energiaa sisältäpäin..|Emitindo uma energia poderosa de dentro.|Излучает мощную энергию изнутри...|從內部散發出強大的能量……|内から強力なエネルギーを放っている..|내부에서 강력한 에너지가 발산된다..|Strahlt kraftvolle Energie aus.|Émettant une énergie puissante de l'intérieur.|Emitiendo una poderosa energía desde su interior...|Emituje potężną energię z wewnątrz..
lore_charms_devils_pact|An eternal pact made with the devil, signed in blood.. Binding your bloodline forever..|Ikuinen sopimus paholaisen kanssa, allekirjoitettu verellä.. Sitoo verilinjasi ikuisesti..|Um pacto eterno feito com o diabo, assinado com sangue. Unindo sua linhagem para sempre.|Вечный договор, заключённый с дьяволом, скреплённый кровью... Связывает твою родословную навсегда...|與魔鬼訂立的永恆契約， 以鮮血簽署…… 永遠束縛你的血脈……  |血で交わされた悪魔との永遠の契約..血の繋がりを永遠に縛る..|피로 맺은 악마와의 영원한 계약.. 너의 혈통을 영원히 묶는다..|Ein ewiger Pakt mit dem Teufel, unterzeichnet mit Blut. Bindet deine Blutlinie für immer.|Un pacte éternel conclu avec le diable, signé par le sang. Liant votre lignée à jamais.|Un pacto eterno hecho con el diablo, firmado con sangre... Atando tu linaje para siempre...|Wieczny pakt zawarty z diabłem, podpisany krwią.. Związujący twoją linię krwi na zawsze..
lore_charms_soul_collector|Triggers chemical reactions in released souls..|Laukaisee kemiallisia reaktioita vapautetuissa sieluissa..|Desencadeia reações químicas em almas libertadas.|Запускает химические реакции в освобождённых душах...|釋放靈魂引起的化學反應……|解放された魂に化学反応を引き起こす|방출된 영혼 속에서 화학 반응을 유발한다..|Löst chemische Reaktionen in befreiten Seelen aus.|Déclenche des réactions chimiques dans les âmes libérées.||Wyzwala reakcje chemiczne w uwolnionych duszach..
lore_charms_tiny_planet|Fuma loves tikka masala|Fuma rakastaa tikka masalaa|Fuma adora tikka masala.|Фума любит тикка масала|Fuma愛的咖哩烤雞|フーマはチキンティッカマサラが大好き|후마는 티카 마살라를 사랑한다|Fuma liebt Tikka Masala.|Fuma aime le tikka masala.|A Fuma le encanta el tikka masala.|Fuma kocha tikka masala
lore_charms_telescope|Fuma loves the designated street|Fuma rakastaa määrättyä katua|Fuma adora a rua designada.|Фума любит назначенную улицу|Fuma愛的那條街道|フーマは指定された通りが大好き|후마는 지정된 거리를 사랑한다|Fuma liebt die gekennzeichnete Straße.|Fuma aime la rue désignée.|A Fuma le encanta la calle designada.|Fuma kocha wyznaczoną ulicę
lore_charms_nomads_corpse|Left to rot for an eternity, ignored by society and even good samaritans..|Jätetty mätänemään ikuisuudeksi, yhteiskunnan ja jopa hyvien samarialaisten huomiotta jättämä..|Deixado para apodrecer por uma eternidade, ignorado pela sociedade e até mesmo pelos bons samaritanos.|Оставлен гнить навечно, игнорируемый обществом и даже добрыми самаритянами...|被遺棄，永遠腐爛，被社會甚至是好心的撒馬利亞人忽視……|永遠に朽ち果てるまで放置され、社会からも善良な人々からも無視された…|영원히 썩어가도록 버려져, 사회는 물론 선한 사마리아인들에게조차 외면당했다..|Für alle Ewigkeit verrotten gelassen, ignoriert von der Gesellschaft und sogar von barmherzigen Samaritern.|Laissé pourrir pour l'éternité, ignoré par la société et même par les bons samaritains.|Dejado pudrirse eternamente, ignorado por la sociedad e incluso por los buenos samaritanos...|Zostawione gniciu przez wieczność, ignorowane przez społeczeństwo i nawet dobrych samarytan..
lore_charms_voodoo_doll|Sacrifice breeds results..|Vittu..|Sacrifício gera resultados. |Жертва порождает результат. |有所犧牲，方有成果 |犠牲は成果を生む。 |희생은 결실을 낳는다. |Opfer bringen Ergebnisse hervor.|Le sacrifice engendre des résultats. |El sacrificio engendra resultados. |Ofiara rodzi rezultaty..
lore_charms_bullseye|A literal bull's eye..||Um verdadeiro alvo... |Буквально мишень... |正中靶心…… |まさに的を射た… |말 그대로 과녁 정중앙에 맞았네요. |Ein Volltreffer!|Une cible en plein dans le mille... |Un auténtico blanco en el centro. |Dosłownie oko byka..
lore_charms_snipers_scope|Attach for peak accuracy..||Anexe para máxima precisão.|Прикрепите для максимальной точности...|精準連接，效果更佳。|最高の精度を実現するには、装着してください。|최고의 정확도를 위해 부착하세요.|Für höchste Präzision anbringen.|Fixez pour une précision optimale.|Para una máxima precisión, ¡aprovéchalo!|Przypnij dla szczytowej precyzji..
lore_charms_goburins_head|You can see the greedy glance in its eyes..||Você pode ver o olhar ganancioso em seus olhos.|Вы можете увидеть жадный взгляд в его глазах...|你可以看到它眼中貪婪的目光。|その目には貪欲な光が宿っています。|탐욕스러운 눈빛이 보이네요.|Man sieht den gierigen Blick in seinen Augen.|On peut lire la convoitise dans ses yeux.|Puedes ver la mirada codiciosa en sus ojos.|Można zobaczyć chciwe spojrzenie w jego oczach..
lore_charms_captains_anchor|Clear the deck!||Abram alas!|Очистить палубу!|清空甲板！|道を空けろ！|갑판을 정리하라!|Deck frei!|Faites place nette !|¡Despejen la cubierta!|Zwolnić pokład!
lore_charms_ghastly_skull|This skull is emmitting haunted energy..||Este crânio emana uma energia assombrada...|Этот череп излучает призрачную энергию.|這顆頭骨散發著陰森的幽冥能量……|この髑髏は禍々しい力を放っている……|이 해골은 유령의 기운을 내뿜고 있다…|Dieser Schädel strahlt unheilvolle Energie aus...|Ce crâne émane une énergie maléfique...|Este cráneo emite energía espectral.|Ta czaszka emanuje złowrogą energią...
lore_charms_parasitic_heart|A heart full of parasites..||Um coração repleto de parasitas...|Сердце, полное паразитов..|一顆充滿寄生蟲的心臟……|寄生虫に蝕まれた心臓……|기생충으로 가득 찬 심장…|Ein Herz voller Parasiten...|Un cœur infesté de parasites...|Un corazón lleno de parásitos.|Serce pełne pasożytów...
lore_charms_jar_of_parasites|Locked for centuries, who knows what these can do..||Trancados por séculos; quem sabe do que são capazes...|Запертые веками, кто знает, на что они способны...|封印了數個世紀，天知道它們能做出什麼事……|何世紀もの間封印されていた代物だ、何を引き起こすか分かったものではない……|수 세기 동안 봉인되어 있었다. 이것들이 무엇을 할 수 있을지는 아무도 모른다…|Jahrhundertelang weggeschlossen – wer weiß, wozu sie fähig sind...|Enfermés depuis des siècles, qui sait de quoi ils sont capables...|Encerrados durante siglos, quién sabe de lo que son capaces.|Zamknięte od wieków – kto wie, do czego są zdolne...
lore_charms_ghost_armada|Behold the armada of the damned legion..||Contemplem a armada da legião dos condenados... |Посмотрите на армаду проклятого легиона...|見證詛咒軍團的無敵艦隊……|見よ、呪われし軍団の大艦隊を…… |저주받은 군단의 함대를 보라…|Erblickt die Armada der verfluchten Legion... |Contemplez l'armada de la légion des damnés... |Contempla la armada de la legión de los condenados.|Oto armada przeklętego legionu..
|||||||||||
craft_charms_supreme_elemelon|Combine the power of melons into a superior elemelon.||Combine o poder dos melões em um Elemelon superior. |Объедините силу дынь в превосходного элемелона. |將西瓜的力量融合成更優質的元素 |メロンの力を結集した、究極のエレメロン。 |멜론의 힘을 결합하여 최고의 엘레멜론을 만드세요. |Vereine die Kraft von Melonen zu einer überlegenen Elemelone.|Combinez la puissance des melons pour créer un elemelon supérieur. |Combina el poder de los melones para crear un elemelon superior. |Połącz moc melonów w superior elemelon.
|||||||||||
[shields]|||||||||||
shields_normal_wooden_shield|Wooden Shield|Puinen kilpi|Escudo de Madeira|Деревянный Щит|木盾|木製シールド|나무 방패 (Wooden Shield)|Holzschild|Bouclier|Escudo de Madera|Drewniana Tarcza
shields_normal_buckler|Buckler|Kilpi|Broquel|Щит|圓盾|バックラー|버클러 (Buckler)|Buckler|Écu|Brote|Buckler
shields_normal_steel_ward|Steel Ward|Teräsosasto|Proteção de Aço|Стальная палата|鋼鐵庇護盾|スチールワード|강철 수호 (Steel Ward)|Stahlschutz|Parade|Resguardo de Acero|Stalowa Straż
shields_normal_small_crescent|Small Crescent|Pieni Crescent|Pequena Crescente|Маленький Полумесяц|新月盾|スモールクレセント|작은 초승달 (Small Crescent)|Kleiner Halbmond|Croissant|Media Luna Pequeña|Mały Półksiężyc
shields_normal_aegis|Aegis|Aegis|Égide |Эгида|塔盾|イージス|이지스 (Aegis)|Ägide|Égide|Égida|Aegida
shields_normal_kite_shield|Kite Shield|Kite Shield|Escudo de Pipa|Щит для воздушного змея|鳶盾|カイトシールド|카이트 실드 (Kite Shield)|Drachenschild|Bouclier normand|Escudo de Cometa|Tarcza Kite
shields_normal_bone_shield|Bone Shield|Bone Shield|Escudo Ósseo|Костяной Щит|骨盾|ボーンシールド|뼈 방패 (Bone Shield)|Knochenschild|Bouclier en os|Escudo de Hueso|Kościana Tarcza
shields_normal_luna|Luna|Luna|Luna|Луна|圓月盾|ルナ|루나 (Luna)|Luna|Lune|Luna|Luna
shields_normal_royal_shield|Royal Shield|Royal Shield|Escudo Real|Королевский Щит|皇家盾|ロイヤルシールド|왕실 방패 (Royal Shield)|Königsschild|Bouclier royal|Escudo Real|Królewska Tarcza
shields_normal_monarch|Monarch|Hallitsija|Monarca|Монарх|君主盾|モナーク|군주 (Monarch)|Monarch|Monarque|Monarca|Monarcha
shields_normal_tribal_ward|Tribal Ward|Heimojen osasto |Escudo Tribal|Племенная Опека|部落庇護盾 |トライバルワード |부족 수호 (Tribal Ward)|Stammesschutz|Parade tribal|Resguardo Tribal|Plemienna Straż
|||||||||||
[shields_unique]|||||||||||
shields_ancient_aegis|Ancient Aegis|Muinainen Suoja|Égide Antiga|Древняя Эгида|遠古塔盾|古代のイージス|고대 이지스 (Ancient Aegis)|Uralte Ägis|Égide antique|Égida Ancestral|Pradawna Aegida
shields_tombstone|Tombstone|Hautakivi|Lápide|Надгробный камень|墓碑|トゥームストーン|묘비석 (Tombstone)|Grabstein|Pierre tombale|Lápida|Nagrobek
shields_rift_eye|Rift Eye|Repeämäsilmä|Olho da Fenda|Глаз Разлома|裂眼|リフトアイ|균열의 눈 (Rift Eye)|Rissauge|Oeil de faille|Ojo de la Grieta|Oko Riftu
shields_demons_mirror|Demon's Mirror|Demonin Peili|Espelho do Demônio|Зеркало Демона|惡魔之鏡|悪魔の鏡|악마의 거울 (Demon's Mirror)|Dämonenspiegel|Miroir du démon|Espejo del Demonio|Lustro Demona
shields_the_templar|The Templar|Temppeliherra|O Templário|Тамплиер|聖堂武士|テンプラー|템플러 (The Templar)|Der Templer|Le templier|El Templario|Templariusz
shields_lancers_wall|Lancer's Wall|Kilpiseivästäjän Seinä|Muralha do Lanceiro|Стена Лансера|槍騎兵之牆|ランサーの壁|창병의 벽 (Lancer's Wall)|Lanzenträgerwall|Mur de lancier|Muro del Lancero|Ściana Lancera
shields_shadow_buckler|Shadow Buckler|Varjokilpi|Broquel das Sombras|Теневой Щит|暗影圓盾|シャドウバックラー|그림자 버클러 (Shadow Buckler)|Schattenfaustschild|Ecu d'ombre|Brote Sombrío|Buckler Cienia
shields_wall_of_legion|Wall of the Legion|Odinin Taistelukilpi|Muralha da Legião|Стена легиона|軍團之牆|レギオンの壁|군단의 벽 (Wall of the Legion)|Odins Kampfschild|Mur de la Légion|Muro de la Legión|Ściana Legionu
shields_suomi_finland_perkele|SUOMI FINLAND PERKELE|SUOMI FINLAND PERKELE|SUOMI FINLAND PERKELE|SUOMI FINLAND PERKELE|蘇米·芬尼·佩爾凱萊|フィンランドのスオミ|수오미 핀란드 퍼켈레 (SUOMI FINLAND PERKELE)|SUOMI FINNLAND PERKELE|Démon Suomi|SUOMI FINLAND PERKELE|SUOMI FINLAND PERKELE
shields_den_glider_in|Den Glider In|Den Glider In|Den Glider In|Den Glider In|登·格萊德·音|デン・グライダー・イン|덴 글라이더 인 (Den Glider In)|Den Glider In|Démon Sverige|Den Glider In|Den Glider In
shields_gladiators_wall|Gladiator's Wall|Gladiaattorin Seinä|Muralha do Gladiador|Гладиаторская стена|角鬥士之牆|剣闘士の壁|검투사의 벽 (Gladiator's Wall)|Gladiatorenwand|Mur du gladiateur|Muro del Gladiador|Ściana Gladiatora
shields_sacred_aegis|Sacred Aegis|Pyhäsuoja|Égide Sagrada|Священная Эгида|神聖塔盾|聖なるイージス|성스러운 이지스 (Sacred Aegis)|Heiliger Aegis|Égide sacrée|Égida Sagrada|Święta Aegida
shields_aztec_ward|Aztec Ward|Atsteekkisuoja|Proteção Asteca|Палата ацтеков|阿茲特克守衛|アステカの結界|아즈텍 수호 (Aztec Ward)|Station des Azteken|Parade aztèque|Resguardo Azteca|Plemienna Straż
shields_ward_of_toxicity|Ward of Toxicity|Myrkyllisyyden Suoja|Proteção Tóxica|Защита от Токсичности|毒性守衛|毒性の結界|독성의 수호 (Ward of Toxicity)|Station der Toxizität|Parade de toxicité|Resguardo de Toxicidad|Straż Toksyczności
shields_storm_gladiators_wall|Storm Gladiator's Wall|Myrskygladiaattorin Seinä|Muralha do Gladiador Tempestuoso|Штурмуйте Гладиаторскую стену|風暴角鬥士的牆|嵐の剣闘士の壁|폭풍 검투사의 벽 (Storm Gladiator's Wall)|Wand des Sturmgladiators|Mur du gladiateur de la tempête|Muro del Gladiador de la Tormenta|Ściana Gladiatora Burzy
shields_thunder_lords_aegis|Thunder Lord's Aegis|Ukkosenherran Turva|Égide do Senhor do Trovão|Покровительство повелителя грома|雷霆領主的庇護|雷帝のイージス|천둥 군주의 이지스 (Thunder Lord's Aegis)|Aegis des Donnerlords|Égide du seigneur du tonnerre|Égida del Señor del Trueno|Aegida Władcy Gromu
shields_crystal_infused_shield|Crystal Infused Shield|Kristallivalettu kilpi|Escudo Infundido de Cristal|Щит , Наполненный Кристаллами|水晶護盾|クリスタル注入の盾|수정 융합 방패 (Crystal Infused Shield)|Kristallinfundierter Schild|Bouclier infusé de cristal|Escudo con Cristal Infusionado|Kryształowa Tarcza
shields_vagabonds_ward|Vagabond's Ward|Kiertolaisen Suoja|Proteção do Vagabundo|Палата бродяг|流浪者守衛|放浪者の結界|방랑자의 수호 (Vagabond's Ward)|Vagabonds Gemeinde|Parade du vagabond|Resguardo del Vagabundo|Straż Vagabonda
shields_flame_diviners_ward|Flame Diviner's Ward|Tuliennustajan Suoja|Proteção do Adivinho da Chama|Палата Огненного Прорицателя|烈焰占星者的結界|炎の占星術師の結界|불꽃 점쟁이의 수호 (Flame Diviner's Ward)|Flammenwahrnehmerstation|Parade de pyromancien|Resguardo del Adivino de la Llama|Straż Proroka Płomieni
shields_justiciars_thunder_wall|Justiciar's Thunder Wall|Oikeuttajan Ukkosseinä|Parede de Trovão do Justiceiro|Громовая стена Юстициария|審判者的雷霆之牆|正義の雷の壁|정의의 천둥 벽 (Justiciar's Thunder Wall)|Die Donnerwand des Justiziar|Mur du tonnerre du justicier|Muro de Trueno del Justiciero|Gromowa Ściana Justiciara
shields_shield_bearers_wall|Shield Bearer's Wall|Kilvenkäyttäjän Seinä|Parede do Portador do Escudo|Стена щитоносца|持盾者之牆|盾持ちの壁|방패병의 벽 (Shield Bearer's Wall)|Schildträgerwand|Mur du porteur de bouclier|Muro del Portaescudo|Ściana Niosącego Tarczę
shields_valkyries_battle_shield|Valkyrie's Battle Shield|Valkyrie's Battle Shield|Escudo de Batalha da Valquíria|Боевой щит Валькирии|瓦爾基里戰盾|ワルキューレの戦闘盾|발키리 전투 방패 (Valkyrie's Battle Shield)|Walküren-Kampfschild|Bouclier de combat de la Valkyrie|Escudo de Batalla de la Valquiria|Bitewna Tarcza Walkirii
shields_leprechauns_greed|Leprechauns Greed|Maahisen Ahneus|Ganância do Duende|Жадность Лепреконов|貪婪小妖精|レプラコーンの強欲|레프리콘의 욕심 (Leprechauns Greed)|Koboldgier|Avidité des Leprechauns|Avaricia de Leprechaun|Chciwość Leprechauna
shields_gem_encrusted_tower|Gem Encrusted Tower|Gem Encrusted Tower|Torre Incrustada de Gemas|Башня , Инкрустированная драгоценными камнями|寶石鑲嵌塔|宝石をちりばめた塔|보석 장식 탑 (Gem Encrusted Tower)|Edelsteinbesetzter Turm|Tour incrustée de gemmes|Torre con Incrustaciones de Gemas|Wieża Inkrustowana Klejnotami
shields_pandemic_shield|Pandemic Shield|Pandemiakilpi|Escudo da Pandemia|Пандемический Щит|瘟疫之盾|パンデミックの盾|전염병 방패 (Pandemic Shield)|Pandemie-Schild|Bouclier pandémique|Escudo de Pandemia|Tarcza Pandemii
shields_iron_giants_shield|Iron Giants Shield|Rautajättiläisten kilpi|Escudo dos Gigantes de Ferro|Щит Железных Гигантов|鋼鐵巨人之盾|鉄の巨人の盾|철 거인의 방패 (Iron Giants Shield)|Eisen-Riesen-Schild|Bouclier des géants de fer|Escudo del Gigante de Hierro|Tarcza Żelaznego Giganta
shields_tomis_vibrant_aura|St. Tomi's Vibrant Aura|Pyhän Tomin elinvoimainen aura|Aura Vibrante de St. Tomi|Яркая Аура Святого Томи|聖托米的活力光環|聖トミの鮮やかなオーラ|성 토미의 생기 넘치는 오라 (St. Tomi's Vibrant Aura)|Die vibrierende Aura von St. Tomi|Aura vibrante de St. Tomi|Aura Vibrante de San Tomi|Żywa Aura św. Tomiego
shields_defenders_justice|Defender's Justice|Puolustajan oikeus|A Justiça do Defensor|Правосудие защитника|捍衛者的正義|守護者の正義|수호자의 정의 (Defender's Justice)|Gerechtigkeit des Verteidigers|Justice du défenseur|Justicia del Defensor|Sprawiedliwość Obrońcy
shields_shield_of_abyss|Shield of the Abyss|Abyssin kilpi|Escudo do Abismo|Щит Бездны|深淵之盾|深淵の盾|심연의 방패 (Shield of the Abyss)|Schild des Abgrunds|Bouclier de l'abîme|Escudo del Abismo|Tarcza Otchłani
shields_mirror_of_flesh|Mirror of Flesh|Lihan peili|Espelho de Carne|Зеркало плоти|肉體之鏡|肉の鏡|살의 거울 (Mirror of Flesh)|Spiegel des Fleisches|Miroir de chair|Espejo de Carne|Lustro Ciała
shields_hallgars_blood_forged|St. Hallgar's Bloodforged Aegis||Égide Forjada em Sangue de St. Hallgar|Выкованная в крови Эгида Святого Халлгара|聖霍爾加的血鑄神盾|聖ハルガーの血の鍛造イージス|성 할가르의 혈단조 이지스 (St. Hallgar's Bloodforged Aegis)|St. Hallgars blutgeschmiedete Aegis|Égide sanglante de St. Hallgar|Égida Forjada en Sangre de San Hallgar|Krwawa Aegida św. Hallgara
shields_ward_of_blood|Ward of Blood|Veren osasto|Proteção de Sangue|Палата Крови|鮮血結界|血の守り|피의 수호 (Ward of Blood)|Station des Blutes|Garde du sang|Resguardo de Sangre|Straż Krwi
shields_novice_tower|Novice's Tower|Noviisin torni|Torre do Noviço|Башня послушника|新手之塔|初心者の塔|초보자의 탑 (Novice's Tower)|Novizen-Turm|Tour du novice|Torre del Novato|Wieża Nowicjusza
shields_kings_tower_shield|King's Tower Shield|Kuninkaan tornin kilpi|Escudo de Torre do Rei|Щит Королевской башни|國王塔盾|王の塔の盾|왕의 탑 방패 (King's Tower Shield)|Königsturm-Schild|Bouclier de la tour du roi|Escudo de Torre del Rey|Tarcza Wieży Króla
shields_heavens_champion|Heaven's Champion|Taivaan mestari|Campeão do Céu|Небесный чемпион|天界勇士|天空の勇者|천상의 챔피언 (Heaven's Champion)|Meister des Himmels|Champion des cieux|Campeón de los Cielos|Champion Niebios
shields_pitfiends_thorn|Pitfiend's Thorn|Monttupirun Sarvi|Espinho do Demônio|Колючка Дьявола бездны|深淵魔棘|ピットフィーンドの棘|핏핀드의 가시 (Pitfiend's Thorn)|Pitfiends Dorn|Épine du diable|Espina del Demonio del Foso|Cierń Pitfienda
shields_celestials_authority|Celestial's Authority|Celestialin auktoriteetti|Autoridade Celestial|Власть Небожителя|天界權威|天界の権威|천체의 권위 (Celestial's Authority)|Himmlische Autorität|Autorité céleste|Autoridad Celestial|Autorytet Niebiańskiego
shields_visage_of_relentless_rage|Visage of Relentless Rage|Relentless Rage -viisumi|Rosto da Raiva Implacável|Выражение Безжалостной Ярости|無情怒火面容|容赦なき怒りの面|끈질긴 분노의 얼굴 (Visage of Relentless Rage)|Antlitz der unerbittlichen Wut|Visage de rage tenace|Rostro de Furia Implacable|Twarz Nieustającej Furii
shields_battle_mages_shield|Battle Mage's Shield|Battle Mage's Shield|Escudo do Mago de Batalha|Щит Боевого мага|戰鬥法師之盾|バトルメイジの盾|전투 마법사의 방패 (Battle Mage's Shield)|Schild des Kampfmagiers|Bouclier du mage de bataille|Escudo del Mago de Batalla|Tarcza Maga Bitewnego
shields_darkwood_defender|Darkwood Defender|Darkwood Defender|Defensor de Madeira Escura|Защитник Темного Леса|黑木衛士|ダークウッドの守護者|다크우드 수호자 (Darkwood Defender)|Darkwood Defender|Défenseur du bois sombre|Defensor de Bosqueoscuro|Obrońca Ciemnego Lasu
shields_rusted_spike_shield|Rusted Spiked Shield|Ruostunut piikkikilpi|Escudo com Pontas Enferrujadas|Ржавый Щит с Шипами|鏽蝕尖刺之盾|錆びたスパイクの盾|녹슨 가시 방패 (Rusted Spiked Shield)|Rostiger Stachelschild|Bouclier à pointes rouillées|Escudo de Púas Oxidado|Zardzewiała Kolczasta Tarcza
shields_blessed_defender|Blessed Defender|Siunattu Puolustaja|Defensor Abençoado|Благословенный Защитник|神聖守護者|祝福された守護者|축복받은 수호자 (Blessed Defender)|Gesegneter Verteidiger|Défenseur béni|Defensor Bendito|Błogosławiony Obrońca
shields_thunderburn_aegis|Thunderburn Aegis|Thunderburn Aegis|Égide de Queima do Trovão|Эгида Тандербурна|雷霆庇護|サンダーバーン・イージス|타오르는천둥 이지스 (Thunderburn Aegis)|Donnerbrand-Ägis|Égide Brûlure du tonnerre|Égida de Quemadura de Trueno|Gromopłonąca Aegida
shields_shield_of_shattered_elements|Shield of Shattered Elements|Shield of Shattered Elements|Escudo dos Elementos Estilhaçados|Щит из разрушенных элементов|破碎元素之盾|砕かれた元素の盾|분열된 원소의 방패 (Shield of Shattered Elements)|Schild der zerschmetterten Elemente|Bouclier d'éclats élémentaires|Escudo de los Elementos Fragmentados|Tarcza Rozbitych Żywiołów
shields_battlemagis_rampart|Battlemagi's Rampart|Battlemagin valli|Baluarte do Mago de Batalha|Бастион Боевых магов|戰鬥法師的壁壘|バトルメイジの城壁|전투 마법사의 성벽 (Battlemagi's Rampart)|Bollwerk des Kampfmagiers|Rempart du Battlemagi|Baluarte del Mago de Batalla|Ostoja Maga Bitewnego
shields_archmagus_glyphward|Archmagus Glyphward|Archmagus Glyphward|Escudo de Glifos do Arquimago|Архимаг Глифвард|大法師雕文守衛|アークメイガスのグリフワード|대마법사 글리프워드 (Archmagus Glyphward)|Glyphward des Erzmagiers|Garde-glyphe de l'Archmagus|Resguardo de Glifos del Archimago|Bariera Glifów Arcymaga
shields_lost_wizards_barrier|Lost Wizard's Barrier|Kadonnut velhon este|Barreira do Mago Perdido|Потерянный барьер Волшебника|失落的巫師屏障|失われた魔法使いのバリア|잃어버린 마법사의 장벽 (Lost Wizard's Barrier)|Barriere des verlorenen Zauberers|Barrière du sorcier perdu|Barrera del Mago Perdido|Bariera Zagubionego Czarodzieja
shields_bobs_piece_of_plywood|Bob's Piece of Plywood|Bobin pala vaneria|Pedaço de Madeira Compensada do Bob|Кусок фанеры Боба|鮑勃的夾板|ボブの合板|밥의 합판 조각 (Bob's Piece of Plywood)|Bobs Sperrholzstück|Morceau de contreplaqué de Bob|Trozo de Contrachapado de Bob|Kawałek Sklejki Boba
shields_thunderstruck_deflector|Thunderstruck Deflector|Thunderstruck Deflector|Defletor de Trovões|Пораженный Громом Дефлектор|雷霆偏轉器|雷撃のディフレクター|천둥 맞은 방어기 (Thunderstruck Deflector)|Donnerschlag-Deflektor|Para-tonnerre|Deflector Atronador|Odbijacz Gromu
shields_rendguard_of_carnage|Rendguard of Carnage|Carnagen rendguard|Escudo Estraçalhador da Carnificina|Страж кровавой бойни|屠殺護衛|大虐殺のレンドガード|학살의 렌드가드 (Rendguard of Carnage)|Schnittwächter des Gemetzels|Garde de Carnage|Guardia Desgarradora de la Masacre|Strażnik Rozdarcia Rzezi
shields_spellbinders_magebarrier|Spellbinder's Magebarrier|Spellbinderin Magebarrier|Barreira Mágica do Encantador|Магический барьер Чародея|縛法者的魔法屏障|スペルバインダーのメイジバリア|주문 결속자의 마법 장벽 (Spellbinder's Magebarrier)|Magierbarriere des Zauberbinders|Déflecteur magique de l'ensorceleur|Barrera Mágica del Hechicero|Bariera Maga Zaklinacza
shields_gabriels_unholy_oath|Gabriel's Unholy Oath|Gabrielin epäpyhä vala|Juramento Profano de Gabriel|Нечестивая клятва Габриэля|加百列的邪惡誓言|ガブリエルの不浄なる誓い|가브리엘의 불경한 서약 (Gabriel's Unholy Oath)|Gabriels Unheiliger Eid|Le serment impie de Gabriel|Juramento Profano de Gabriel|Nieświęta Przysięga Gabriela
shields_fallen_gladiators_shield|Pit Ravager's Cetratus|Pit Ravagerin Cetratus|Cetratus do Devorador de Poços|Цетратус Разрушителя Ям |深淵掠奪者之皮盾|ピット・ラヴェジャーのケトラタス |피트 파괴자의 세트라투스 (Pit Ravager's Cetratus)|Cetratus des Grubenverwüsters|Cetratus du Ravageur des Fosse |Cetratus del Devastador del Foso|Cetratus Pit Ravagera
shields_suomi_finland_suatana|SUOMI FINLAND SUATANA|SUOMI FINLAND SUATANA |FINLÂNDIA SATANÁS |ФИНЛЯНДИЯ САТАНА |蘇米·芬蘭·蘇阿塔納 |フィンランドのサタン |수오미 핀란드 수아타나 (SUOMI FINLAND SUATANA)|FINNLAND SATAN|FINLANDE SATAN |SUOMI FINLAND SUATANA|SUOMI FINLAND SUATANA
shields_shadow_lantern|Shadow Lantern|Varjolyhty|Lanterna das Sombras |Теневой фонарь |暗影燈籠 |シャドウランタン|그림자 랜턴 (Shadow Lantern)|Schattenlaterne|Lanterne d'ombre |Linterna de sombra |Latarnia Cieni
shields_the_event_horizon|The Event Horizon|The Event Horizon|El horizonte de eventos |Горизонт событий |事件視界 |イベントの地平線 |이벤트 호라이즌 (The Event Horizon) |Der Ereignishorizont|L'horizon de l'événement |El horizonte de eventos |Horyzont Zdarzeń
shields_meowgis_bulwark|Meowgi´s Bulwark||Baluarte de Meowgi|Оплот Мяуги|喵吉壁壘|ミャウギの防壁|먀우기의 방벽|Meowgis Bollwerk|Rempart de Meowgi|Baluarte de Meowgi|Bastion Meowgiego
shields_overgrowth|Overgrowth||Supercrescimento |Разрастание|蔓生|過剰成長 |과성장|Überwucherung |Prolifération |Crecimiento Descontrolado|Rozrost
|||||||||||
lore_shields_hallgars_blood_forged|Amidst the heavens' mountain, Saint Hallgar faced demons, turning a last stand into a defiant triumph. Forged from their blood, the Bloodforged Aegis of Hallgar symbolizes courage, guarding against darkness, inspiring hope, and ensuring virtue prevails.|Keskellä taivaan vuorta Saint Hallgar kohtasi demonit ja muutti viimeisen kannan uhmakkaaksi voitoksi. Heidän verestään taottu Bloodforged Aegis of Hallgar symboloi rohkeutta, pimeydeltä suojaamista, toivon inspiroimista ja hyveen voiton varmistamista.|Em meio à montanha dos céus, St. Hallgar enfrentou demônios, transformando uma última resistência em um triunfo desafiador. Forjada com seu sangue, a Égide Forjada em Sangue de Hallgar simboliza a coragem, protegendo contra a escuridão, inspirando esperança e garantindo que a virtude prevaleça.|Посреди небесной горы Святой Халлгар столкнулся лицом к лицу с демонами, превратив последнюю битву в дерзкий триумф. Выкованная из их крови, Выкованная Кровью Эгида Халлгара символизирует мужество, защиту от тьмы, вселяющую надежду и обеспечивающую торжество добродетели.|天山之中, 聖人哈爾加面對惡魔, 最後的抵抗變成了反抗的勝利. 由他們的鮮血鑄造而成的哈爾加血鑄神盾, 象徵勇氣、抵禦黑暗、  激發希望並確保美德盛行|天の山の中、聖ハルガーは悪魔に立ち向かい、最後の抵抗を果敢な勝利へと変えた。彼らの血から鍛え上げられたハルガーの血の盾は、勇気、闇からの守り、希望の鼓舞、そして美徳の勝利を象徴する。|천상의 산맥 한가운데서, 성자 할가르는 악마들에 맞섰고, 최후의 저항을 불굴의 승리로 바꾸어냈습니다. 그들의 피로 단련된 할가르의 블러드포지드 이지스는 용기의 상징이 되었으며, 어둠을 물리치고 희망을 불러일으키며, 미덕이 승리하도록 지켜줍니다.|Inmitten des Himmelsgebirges stellte sich der Heilige Hallgar Dämonen und verwandelte einen letzten Widerstand in einen trotzigen Triumph. Aus ihrem Blut geschmiedet, symbolisiert die blutgeschmiedete Aegis von Hallgar Mut, schützt vor der Dunkelheit, weckt Hoffnung und stellt sicher, dass die Tugend siegt.|Au milieu de la montagne céleste, St. Hallgar a affronté les démons, transformant un dernier combat en un triomphe provocateur. Forgée à partir de son sang, l'égide sanglante d'Hallgar symbolise le courage, la protection contre la noirceur des ténèbres, l'inspiration de l'espoir et la victoire de la vertu.|En medio de la montaña celestial, San Hallgar se enfrentó a los demonios, convirtiendo una última defensa en un triunfo desafiante. Forjada con su sangre, la Égida Forjada en Sangre de Hallgar simboliza el coraje, protegiendo contra la oscuridad, inspirando esperanza y asegurando que la virtud prevalezca.|Pośród gór niebios św. Hallgar stanął twarzą w twarz z demonami, zamieniając ostatni bastion w zwycięstwo w oporze. Wykuta z ich krwi, Krwawa Aegida Hallgara symbolizuje odwagę, chroniąc przed ciemnością, inspirując nadzieję i zapewniając, że cnota zwycięży.
lore_shields_tomis_vibrant_aura|The shield's power is not without its trials. Its vibrant aura is tied to the wielder's heart and resolve. In moments of doubt or fear, the aura would dim, and the shield's protective capabilities wane. Only through unwavering faith in the cause of justice and a steadfast commitment to protecting the innocent could the shield unleash its full potential.|Kilven voima ei ole ilman koettelemuksia. Sen eloisa aura on sidottu hoitajan sydämeen ja päättäväisyyteen. Epäilyn tai pelon hetkinä aura himmenee ja kilven suojaavat ominaisuudet heikkenevät. Ainoastaan ​​horjumattoman uskon avulla oikeudenmukaisuuteen ja vankkumattoman sitoutumisen kautta viattomien suojelemiseen, kilpi saattoi vapauttaa täyden potentiaalinsa.|O poder do escudo tem suas dificuldades. Sua aura vibrante está ligada ao coração e à determinação do portador. Em momentos de dúvida ou medo, a aura se enfraquece e a capacidade de proteção do escudo diminui. Somente por meio de uma fé inabalável de proteger os inocentes é que o escudo poderia liberar todo o seu potencial.|"Сила щита не обходится без испытаний. Его яркая аура связана с сердцем и решимостью владельца. В моменты сомнений или страха аура тускнеет, и защитные возможности щита ослабевают. Только благодаря непоколебимой вере в дело правосудия и непоколебимой приверженности делу защиты невинных ""щит"" мог полностью раскрыть свой потенциал."|盾牌的力量並非沒有經過考驗. 其充滿活力的光環與持有者的內心和決心息息相關. 在懷疑或恐懼的時刻, 光環會變暗, 護盾的保護能力也會減弱. 只有透過對正義事業堅定不移的信念和對保護無辜者的堅定承諾, 盾牌才能充分發揮其潛力|盾の力には試練が伴う。その鮮やかなオーラは、持ち主の心と決意に結びついている。疑念や恐怖に駆られた瞬間、オーラは薄れ、盾の防御力も弱まる。揺るぎない正義への信仰と、罪なき者を守るという揺るぎない決意によってのみ、盾はその真の力を発揮することができるのだ。|이 방패의 힘은 시련 없이는 발휘되지 않습니다. 그 찬란한 오라는 착용자의 마음과 결의에 연결되어 있습니다. 의심이나 두려움이 드리우는 순간, 오라는 빛을 잃고 방패의 보호력은 약화됩니다. 정의를 향한 흔들림 없는 믿음과 무고한 자를 지키겠다는 굳건한 헌신을 통해서만, 이 방패는 진정한 힘을 발휘할 수 있습니다.|Die Macht des Schildes ist nicht ohne Prüfungen. Seine lebendige Aura ist eng mit dem Herzen und der Entschlossenheit des Trägers verbunden. In Momenten des Zweifels oder der Angst verdunkelte sich die Aura, und die Schutzwirkung des Schildes schwand. Nur durch unerschütterlichen Glauben an die Sache der Gerechtigkeit und den unerschütterlichen Einsatz für den Schutz der Unschuldigen konnte der Schild sein volles Potenzial entfalten.|Le pouvoir du bouclier n'est pas exempt de défauts. Son aura vibrante est liée au cœur et à la détermination de son porteur. Dans les moments de doute ou de peur, l'aura s'estompe et les capacités protectrices du bouclier s'amenuisent. Seule une foi inébranlable en la cause de la justice et une volonté sans faille de protéger les innocents permettent au bouclier de déployer tout son potentiel.|El poder del escudo tiene sus pruebas. Su aura vibrante está ligada al corazón y la resolución de su portador. En momentos de duda o miedo, el aura se atenuaría y las capacidades protectoras del escudo menguarían. Solo a través de una fe inquebrantable en la causa de la justicia y un compromiso firme de proteger a los inocentes podría el escudo desatar todo su potencial.|Moc tarczy nie jest pozbawiona prób. Jej żywa aura jest związana z sercem i determinacją dzierżącego. W chwilach wątpliwości lub strachu aura przygasa, a ochronne możliwości tarczy słabną. Tylko dzięki niezachwianej wierze w sprawę sprawiedliwości i niezłomnemu zobowiązaniu do ochrony niewinnych tarcza mogła uwolnić swój pełny potencjał.
lore_shields_shield_of_abyss|From the abyss they rise and go against everything pure. Trust no-one, as the abyss is unforgiving.|Syvyydestä he nousevat ja käyvät kaikkea puhdasta vastaan. Älä luota kehenkään, sillä kuilu on anteeksiantamaton.|Do abismo, eles se erguem e vão contra tudo o que é puro. Não confie em ninguém, pois o abismo é implacável.|Из бездны они поднимаются и идут против всего чистого. Никому не доверяй, поскольку бездна не прощает.|他們從深淵中升起並反對一切純粹的事物. 不要相信任何人, 因為深淵是無情的|彼らは深淵から立ち上がり、清らかなものすべてに抗う。誰も信じてはならない。深淵は容赦ない。|심연에서 솟아오른 그들은 순수한 모든 것에 반하여 움직입니다. 심연은 용서하지 않으니, 그 누구도 믿지 마십시오.|Aus dem Abgrund erheben sie sich und stellen sich gegen alles Reine. Traue niemandem, denn der Abgrund ist unversöhnlich.|Ils surgissent des abysses et vont à l'encontre de tout ce qui est pur. Ne faites confiance à personne, car l'abîme ne pardonne pas.|Desde el abismo se alzan y van en contra de todo lo puro. No confíes en nadie, pues el abismo es implacable.|Z otchłani powstają i idą przeciwko wszystkiemu, co czyste. Nie ufaj nikomu, ponieważ otchłań jest bezlitosna.
lore_shields_defenders_justice|A fine shield for those who do not live for vain reasons but for the well of others.|Hieno kilpi niille, jotka eivät elä turhasta syystä vaan toisten parhaaksi.|Um belo escudo para aqueles que não vivem por razões vãs, mas para o bem dos outros.|Прекрасный щит для тех, кто живет не ради тщеславия, а ради блага других.|對於那些不為徒勞的理由而生活, 而是為了他人的利益而生活的人來說, 這是一個很好的盾牌|虚しい目的のためではなく、他者の幸福のために生きる者にとって、これは素晴らしい盾である。|이 방패는 헛된 명예가 아니라 타인의 안녕을 위해 살아가는 이들에게 잘 어울립니다.|Ein edler Schild für diejenigen, die nicht aus eitlen Gründen, sondern zum Wohle anderer leben.|Un beau bouclier pour ceux qui ne vivent pas pour de vaniteuses raisons mais pour le bien d'autrui.|Un buen escudo para aquellos que no viven por razones vanas, sino por el bien de los demás.|Dobra tarcza dla tych, którzy nie żyją dla próżnych powodów, lecz dla dobra innych.
lore_shields_celestials_authority|From high up, the celestials guard the mortals with the authority of infinite knowledge of the cosmos.|Taivaalliset suojelevat kuolevaisia ​​korkealta ylhäältä käsin, jolla on loputon kosmoksen tiedon auktoriteetti.|Do alto, os celestiais protegem os mortais com a autoridade do conhecimento infinito dos cosmos.|С высоты небожители охраняют смертных властью бесконечного знания космоса.|天神們從高處以宇宙無限知識的權威守護著凡人|天界の者たちは、宇宙の無限の知識という権威をもって、高みから人間たちを守っている。|높은 하늘 위에서, 셀레스티얼들은 무한한 우주 지식의 권능으로 필멸자들을 수호합니다.|Von hoch oben beschützen die Himmlischen die Sterblichen mit der Autorität ihres unendlichen Wissens über den Kosmos.|Depuis les hauteurs, les célestes veillent sur les mortels avec l'autorité d'une connaissance infinie du cosmos.|Desde lo alto, los celestiales protegen a los mortales con la autoridad del conocimiento infinito del cosmos.|Z wysoka, niebiańscy strzegą śmiertelników autorytetem nieskończonej wiedzy kosmosu.
lore_shields_fallen_gladiators_shield|As he took his last stand against a thousand swords and blades, he contributes the legacy to those who wield this Shield.|Kun hän otti viimeisen kantansa tuhansia miekoja ja teriä vastaan, hän lahjoittaa perinnön niille, jotka käyttävät tätä kilpeä. |Em sua última luta contra milhares de espadas e lâminas, ele contribui com o legado para aqueles que empunham esse Escudo.|Приняв последний бой против тысячи мечей и клинков, он оставил свой след тем, кто владеет этим Щитом. |當他與一千把劍和刀片進行最後的抵抗時, 他將遺產貢獻給那些揮舞著這面盾牌的人 |千の剣と刃に最後の抵抗を挑み、彼はこの盾を振るう者たちにその遺産を託した。 |수천의 검과 칼날 앞에서 최후의 결전을 벌이며, 그는 이 방패를 쥐는 자에게 자신의 유산을 전했습니다.|Da er seinen letzten Kampf gegen tausend Schwerter und Klingen führte, hinterlässt er sein Vermächtnis denen, die diesen Schild führen.||Al tomar su última posición contra mil espadas y filos, él contribuye con el legado a aquellos que empuñan este Escudo.|Gdy stawiał swój ostatni bastion przeciwko tysiącu mieczy i kling, przekazuje dziedzictwo tym, którzy dzierżą tę Tarczę.
lore_shields_shadow_lantern|A dimm light piercing through the shadows..||Uma luz fraca atravessando as sombras. |Сквозь тени пробивается тусклый свет. |昏暗的光線穿透了陰影.. |薄暗い光が影を突き抜ける..|어둠을 꿰뚫는 희미한 빛..|Ein schwaches Licht dringt durch die Schatten.|Une faible lumière perçant les ombres. |Una luz tenue que atraviesa las sombras. |Słabe światło przebijające się przez cienie..
lore_shields_the_event_horizon|Powerful forces around this ethereal shield bend the space and time..||Forças poderosas ao redor desse escudo etéreo distorcem o espaço e o tempo. |Мощные силы, окружающие этот эфирный щит, искажают пространство и время. |這層縹緲的護盾周圍蘊藏著強大的力量，它扭曲著時空  |この幽玄な盾の周囲には、空間と時間を歪める強力な力が働いている。 |이 신비로운 방패를 둘러싼 강력한 힘들이 시공간을 휘게 한다. |Gewaltige Kräfte um diesen ätherischen Schutzschild herum verzerren Raum und Zeit.|Des forces puissantes entourant ce bouclier éthéré courbent l'espace-temps... |Poderosas fuerzas que rodean este escudo etéreo distorsionan el espacio y el tiempo. |Potężne siły wokół tej eterycznej tarczy zakrzywiają przestrzeń i czas..
lore_shields_overgrowth|The cells are alive, constantly multiplying and refusing to die..||As células estão vivas, multiplicando-se constantemente e recusando-se a morrer...|Клетки живы, они постоянно размножаются и отказываются умирать.|細胞充滿著生機，不斷增殖且絕不消亡……|細胞は活きており、絶え間なく増殖し死を拒む……|세포가 살아서 끊임없이 증식하며 죽기를 거부한다…|Die Zellen leben, vermehren sich unaufhörlich und weigern sich zu sterben ...|Les cellules sont vivantes, se multipliant sans cesse et refusant de mourir...|Las células están vivas, multiplicándose constantemente y negándose a morir.|Komórki żyją, nieustannie się mnożąc i nie dając uśmiercić...
|||||||||||
[rings]|||||||||||
rings_normal_bronze_ring|Bronze Ring|Pronssisormus|Anel de Bronze|Бронзовое Кольцо|青銅戒指|ブロンズリング|청동 반지 (Bronze Ring)|Bronzering|Anneau de bronze|Anillo de Bronce|Brązowy Pierścień
rings_normal_iron_ring|Iron Ring|Rautarengas|Anel de Ferro|Железное Кольцо|鐵戒指|アイアンリング|철 반지 (Iron Ring)|Eisenring|Anneau de fer|Anillo de Hierro|Żelazny Pierścień
rings_normal_ring|Ring|Rengas|Anel|Кольцо|戒指|リング|반지 (Ring)|Ring|Anneau|Anillo|Pierścień
rings_normal_socketed_ring|Socket Ring|Pistorasian rengas|Anel de Encaixe|Кольцо с гнездом|鑲孔戒指|ソケットリング|소켓 반지 (Socket Ring)|Fassungsring|Anneau à douille|Anillo con Ranura|Pierścień z Gniazdem
rings_normal_primal_ring|Primal Ring|Alkuperäinen sormus|Anel Primordial|Первичное кольцо|原始戒指|プライマルリング|원시 반지 (Primal Ring)|Urring|Anneau primordial|Anillo Primal|Pierścień Prymitywny
rings_normal_golden_ring|Golden Ring|Kultainen sormus |Anel de Ouro |Золотое кольцо |黃金戒指 |ゴールデンリング |황금 반지 (Golden Ring)|Goldring|Anneau d'or |Anillo de Oro|Złoty Pierścień
|||||||||||
[rings_unique]|||||||||||
rings_ras_band|Ra's Band|Ran Nauha|Anel de Ra|Группа Ра|拉的戒指|ラーのバンド|라의 반지 (Ra's Band)|Ras Band|Bandeau de Râ|Banda de Ra|Opaska Ra
rings_molten_ring|Molten Ring|Sulanut sormus|Anel Fundido|Расплавленное Кольцо|熔岩戒指|モルテンリング|용암 반지 (Molten Ring)|Geschmolzener Ring|Anneau en fusion|Anillo de Magma|Stopiony Pierścień
rings_dragonsteel_ring|Dragonsteel Ring|Lohikäärmeterässormus|Anel de Aço de Dragão|Кольцо из Драконьей Стали|龍鋼戒|ドラゴンスチールリング|드래곤강철 반지 (Dragonsteel Ring)|Drachenstahlring|Anneau de ferdragon|Anillo de Acero de Dragón|Smoczy Stalowy Pierścień
rings_stone_of_jordan|Stone of Premonition|Ennakon kivi |Pedra da Premonição|Камень Предчувствия|徵兆之石|予感の石 |예지의 돌 (Stone of Premonition)|Stein der Vorahnung|Pierre de prémonition|Piedra de la Premonición|Kamień Przepowiedni
rings_khodos_wedding_band|Khodo's Wedding Band|Khodon Vihkisormus|Aliança de Casamento de Khodo|Обручальное кольцо Ходо|科多的婚戒|コドのウェディングバンド|코도의 결혼 반지 (Khodo's Wedding Band)|Khodos Ehering|L'alliance de Khodo|Anillo de Bodas de Khodo|Ślubna Obrączka Khodo
rings_demon_eye_ring|Demon Eye Ring|Pirunsilmäsormus|Anel de Olho de Demônio|Кольцо с Глазом Демона|惡魔之眼戒指|悪魔の目のリング|악마의 눈 반지 (Demon Eye Ring)|Dämonenaugenring|Anneau d'oeil de démon|Anillo del Ojo de Demonio|Pierścień Oka Demona
rings_satanic_eye|Satanic Eye|Saatanallinen Silmä|Olho Satânico|Сатанинский Глаз|撒旦之眼|魔王の目|사탄 눈 (Satanic Eye)|Satanisches Auge|Oeil satanique|Ojo Satánico|Sataniczne Oko
rings_giants_band_of_strength|Giant's Band of Strength|Jättiläisen Voimasormus|Anel de Força do Gigante|Полоса силы гиганта|巨人力量指環|ジャイアントの強さのバンド|거인의 힘의 반지 (Giant's Band of Strength)|Riesenband der Stärke|Anneau de force du géant|Banda de Fuerza del Gigante|Opaska Giganta Siły
rings_iron_ring_of_prometeus|Iron Ring of Prometheus|Prometheuksen rautarengas|Anel de Ferro de Prometeus|Железное кольцо Прометея|普羅米修斯的鐵環|プロメテウスの鉄輪|프로메테우스의 철 반지 (Iron Ring of Prometheus)|Eiserner Ring des Prometheus|Anneau de fer de Prométhée|Anillo de Hierro de Prometeo|Żelazny Pierścień Prometeusza
rings_devlins_eternal_grace|St. Aaron's Eternal Rage|Pyhän Aaronin ikuinen raivo|Raiva Eterna de St. Aaron|Вечный гнев святого Аарона|聖亞倫的永恆憤怒|聖アーロンの永遠の怒り|성 아론의 영원한 분노 (St. Aaron's Eternal Rage)|St. Aarons Ewige Wut|Rage éternelle de St. Aaron|Ira Eterna de San Aarón|Wieczna Furia św. Aarona
rings_elven_grace|Elven Grace|Haltia Grace |Graça dos Elfos|Эльфийская Грация|精靈恩典|エルフの恵み |엘븐 그레이스 (Elven Grace)|Elfengnade|Grâce elfique|Gracia Élfica|Elfi Grace
rings_quickening_zephyr|Quickening Zephyr|Pikavauhtia Zephyr|Zéfiro Acelerado|Оживляющий Зефир|加速微風|クイックニングゼファー|빠른 제피르 (Quickening Zephyr)|Beschleunigender Zephyr|Zéphyr vivifiant|Céfiro Acelerador|Szybki Zefir
rings_mana_benders_will|Mana Bender's Will|Mana Benderin tahto|Vontade do Dobrador de Mana|Воля Маны Бендер|瑪娜班德的意志|マナベンダーの意志|마나 벤더의 의지 (Mana Bender's Will)|Manabeugers Wille|Volonté du façonneur de mana|Voluntad del Doblador de Maná|Wola Zaklinacza Many
rings_tectonic_frequency|Tectonic Frequency|Techtonic Frequency|Frequência Tectônica|Тектоническая Частота|科技頻率|テクトニック周波数|지각 주파수 (Tectonic Frequency)|Tektonische Frequenz|Fréquence tectonique|Frecuencia Tectónica|Tektoniczna Częstotliwość
rings_fury_of_tarethiel|Fury of Tarethiel|Tarethielin raivo|Fúria de Tarethiel|Ярость Таретиэля|塔雷希爾之怒|フューリーオブタレシエル|타레시엘의 분노 (Fury of Tarethiel)|Wut von Tarethiel|Courroux de Tarethiel|Furia de Tarethiel|Furia Tarethiela
rings_absence_of_constraint|The Absence of Constraint|The Absence of Constraint|A Ausência de Restrições|Отсутствие ограничений|無拘之處|束縛の不在|구속의 부재 (The Absence of Constraint)|Die Abwesenheit von Zwang|Absence de contrainte|La Ausencia de Restricción|Brak Ograniczeń
rings_mark_of_ferocity|Mark of Ferocity|Mark of Ferocity|Marca da Ferocidade|Знак Свирепости|兇猛印記|獰猛さの印|맹렬함의 표식 (Mark of Ferocity)|Zeichen der Wildheit|Marque de férocité|Marca de la Ferocidad|Znak Dzikości
rings_sanguine_bloodstone|Sanguine Bloodstone|Sanguine Bloodstone|Pedra de Sangue|Сангвинический Кровавик|紅潤血石|サンギュイン・ブラッドストーン|선혈의 혈석 (Sanguine Bloodstone)|Blutstein|Pierre de sang|Piedra de Sangre Sanguina|Sanguinowy Kamień Krwi
rings_archers_story|Archer's Story|Jousiampujan Tarina|História do Arqueiro|История Арчера|弓箭手的故事|アーチャーの物語|아쳐의 이야기 (Archer's Story)|Geschichte des Bogenschützen|Récit de l'archer|Historia del Arquero|Historia Łucznika
rings_onyx_slayers_band|Onyx Slayer's Band|Onyx Slayer's Band|Anel do Caçador de Ônix|Группа Onyx Slayer's|瑪瑙殺手的指環|オニキス・スレイヤーの腕輪|오닉스 슬레이어의 반지 (Onyx Slayer's Band)|Onyx-Schlächterband|Anneau du tueur d'onyx|Banda del Matador de Ónice|Opaska Zabójcy Onyksu
rings_templars_faith|Templar's Faith|Templar's Faith|Fé do Templário|Вера тамплиеров|聖殿騎士的信仰|テンプラーの信仰|템플러의 신념 (Templar's Faith)|Glaube des Templers|Foi du templier|Fe del Templario|Wiara Templariusza
rings_soulforged_ring|Soulforged Ring|Soulforged Ring|Anel Forjado da Alma|Кольцо , Выкованное Душой|魂鑄戒指|ソウルフォージド・リング|영혼단조 반지 (Soulforged Ring)|Seelengeschmiedeter Ring|Anneau forgé dans l'âme|Anillo Forjado de Almas|Pierścień Soulforged
rings_signet_of_bifrost|Signet of Bifröst|Bifröstin kyltti|Sinete de Bifröst|Печатка Бифреста|彩虹橋徽記|ビフロストの印章|비프로스트의 인장 (Signet of Bifröst)|Siegel des Bifröst|Sceau de Bifröst|Sello del Bifröst|Signet Bifröst
rings_sung_lees_unleashed_rage|Sung Lee's Unleashed Rage|Sung Leen Unleashed Rage|A Fúria de Sung Lee|Вырвавшийся на свободу гнев Сун Ли|李宋的憤怒|サン・リーの解き放たれた怒り|성 리의 해방된 분노 (Sung Lee's Unleashed Rage)|Sung Lees entfesselte Wut|Rage déchaînée de Sung Lee|Furia Desatada de Sung Lee|Uwolniona Furia Sung Lee
rings_apex_strikers_ring|Apex Striker's Ring|Apexin hyökkääjän sormus|Anel do Atacante de Ponta|Кольцо Апекс-страйкера|頂尖前鋒之戒|頂点のストライカーの指輪|에이펙스 스트라이커의 반지 (Apex Striker's Ring)|Ring des Spitzenkämpfers|Anneau de l'apogée du guerrier|Anillo del Golpeador Apex|Pierścień Szczytowego Strzelca
rings_swiftsoul_band|Swiftsoul Band|Swiftsoul bändi|Anel da Alma Veloz|Группа Swiftsoul|迅捷之魂戒指|スウィフトソウルの腕輪|신속한영혼 반지 (Swiftsoul Band)|Schnellseelenband|Bague de l'âme mouvante|Banda del Alma Veloz|Opaska Szybkiej Duszy
rings_soul_funneling_loop|Soul Funneling Loop|Soul Funneling Loop|Laço do Afunilamento de Almas|Петля , Направляющая Душу|靈魂漏斗環|ソウル・ファンネリング・ループ|영혼 집중 루프 (Soul Funneling Loop)|Seelenkanalschleife|Boucle de canalisation d'âme|Anillo de Canalización de Almas|Pętla Lejąca Dusze
rings_colossus_circle_of_vitality|Colossus Circle of Vitality|Elinvoiman Colossus Circle|Círculo de Vitalidade do Colosso|Колоссальный круг Жизненной силы|巨像生命之環|コロッサスの生命力の輪|거인의 활력의 고리 (Colossus Circle of Vitality)|Kolossaler Kreis der Vitalität|Cercle de vitalité du colosse|Círculo de Vitalidad del Coloso|Koło Kolosa Witalności
rings_vipers_seal_of_corrosion|Viper's Seal of Corrosion|Viperin korroosion sinetti|Selo de Corrosão da Víbora|Антикоррозийное уплотнение Viper's Seal of|毒蛇的腐蝕印記|ヴァイパーの腐食の印章|바이퍼의 부식 인장 (Viper's Seal of Corrosion)|Vipernsiegel der Korrosion|Sceau de corrosion de la vipère|Sello de Corrosión de la Víbora|Pieczęć Korozji Żmii
rings_astropes_signet_of_blessing|Astrope's Signed of Blessing|Astropen siunauksen merkki|Sinete de Benção do Astrope|Знак Благословения Астропа|阿斯特羅普的祝福之印|アストロペの祝福の印章|아스트로페의 축복 인장 (Astrope's Signed of Blessing)|Astropes Segenszeichen|Sceau de bénédiction de l'astrope|Sello de Bendición de Astrope|Podpisane Błogosławieństwo Astrope
rings_ring_cowraven|Ring of the Cowraven|Cowravenin sormus|Anel da Vaca-corvo|Кольцо Коровьей Вороны|牛鴉之戒|カウレイブンの指輪|카우레이븐의 반지 (Ring of the Cowraven)|Ring des Kuhraben|Anneau corbeau-vache|Anillo del Vacuervo|Pierścień Cowravena
rings_circle_of_nature|Circle of Nature|Luonnon ympyrä|Círculo da Natureza|Круг природы|自然之環|自然の輪|자연의 고리 (Circle of Nature)|Kreis der Natur|Cercle de la nature|Círculo de la Naturaleza|Koło Natury
rings_merlocks_halo|Merlock's Halo|Merlockin halo|Auréola de Merlock|Ореол Мерлока|梅洛克的光環|マーロックの輪|멀록의 후광 (Merlock's Halo)|Merlocks Heiligenschein|Halo de Merlock|Aureola de Merlock|Halo Merlocka
rings_ring_of_tallus|Ring of Tallus|Talluksen sormus|Anel de Tallus|Кольцо Таллуса|塔洛斯之環|タルスの指輪|탈루스의 반지 (Ring of Tallus)|Ring der Tallus|Anneau de Tallus|Anillo de Tallus|Pierścień Tallusa
rings_solar_prophets_signet|Solar Prophet's Signet|Aurinkoprofeetan sinetti|Sinete do Profeta Solar|Печатка Солнечного Пророка|太陽先知的徽記|太陽の預言者の印章|태양 예언자의 인장 (Solar Prophet's Signet)|Siegel des Sonnenpropheten|Symbole du prophète solaire|Sello del Profeta Solar|Signet Proroka Słońca
rings_lunar_prophets_band|Lunar Prophet's Band|Lunar Prophet's Band |Anel do Profeta Lunar|Группа Лунного Пророка|月亮先知指環|月の預言者の腕輪|달 예언자의 반지 (Lunar Prophet's Band)|Band des Mondpropheten|Bande du prophète lunaire|Banda de la Profeta Lunar|Opaska Proroka Księżyca
rings_rakhuls_ritual_band|Rakhul's Ritual Band|Rakhul's Ritual Band|Aliança do Ritual de Rakhul|Ритуальная группа Рахула|拉胡爾的儀式之戒|ラクールの儀式の腕輪|라쿨의 의식 반지 (Rakhul's Ritual Band)|Rakhuls Ritualband|Le groupe rituel de Rakhul|Banda Ritual de Rakhul|Rytualna Opaska Rakhula
rings_shackle_of_insanity|Shackle of Insanity|Insanityn kahle|Grilhões da Insanidade|Оковы безумия|瘋狂枷鎖|狂気の枷|광기의 족쇄 (Shackle of Insanity)|Fessel des Wahnsinns|Chaîne de la folie|Grillete de la Locura|Kajdany Szaleństwa
rings_destroyers_end|Destroyer’s End|Tuhoajan loppu|Fim do Destruidor|Конец Разрушителя|毀滅者末日|破壊者の終焉|디스트로이어의 끝 (Destroyer’s End)|Ende des Zerstörers|La fin du destructeur|Fin del Destructor|Koniec Niszczyciela
rings_signet_of_harbringer|Signet of Harbringer|Harbringerin kohtaus|Sinete do Prenúncio|Сцена Предвестника|先驅徽記|ハーブリンガーの印章|전조자의 인장 (Signet of Harbringer)|Siegel des Herolds|Scène de Harbringer|Sello del Heraldo|Signet Herolda
rings_hellfire_halo|Hellfire Halo|Hellfire Halo|Auréola do Fogo Infernal|Ореол Адского Пламени|地獄火光環|ヘルファイア・ハロー|지옥불 후광 (Hellfire Halo)|Höllenfeuer-Heiligenschein|Halo des flammes infernales|Aureola de Fuego Infernal|Halo Piekielnego Ognia
rings_signet_of_corruption|Signet of Corruption|Korruption merkki|Sinete da Corrupção|Признак коррупции|腐化徽記|腐敗の印章|부패의 인장 (Signet of Corruption)|Siegel der Verderbnis|Signe de corruption|Sello de la Corrupción|Signet Zepsucia
rings_arcanis|Arcanis|Arcanis|Arcanis|Арканис|阿卡尼斯|アルカニス|아르카니스 (Arcanis)|Arcanis|Arcanis|Arcanis|Arcanis
rings_azazels_despair|Azazel's Despair|Azazelin epätoivo|Desespero de Azazel|Отчаяние Азазеля|阿札澤爾的絕望|アザゼルの絶望|아자젤의 절망 (Azazel's Despair)|Azazels Verzweiflung|Le désespoir d'Azazel|Desesperación de Azazel|Rozpacz Azazela
rings_emblem_of_the_daemon|Emblem of the Daemon|Daemonin tunnus|Emblema de Daemon|Эмблема Демона|惡魔徽章|紋章デーモン|데몬의 문장 (Emblem of the Daemon)|Emblem des Dämons|Emblème du Démon|Emblema del Demonio|Emblemat Daemona
rings_stormloop|Stormloop|Myrskysilmukka|Laço da Tempestade|Штормовая петля|風暴指環|ストームループ|스톰루프 (Stormloop)|Stormloop|Boucle de tempête|Bucle de Tormenta|Pętla Burzy
rings_hero_siege_enjoyer|Hero Siege Enjoyer|Hero Siege Enjoyer|Desfrutador de Cerco de Heróis|Любитель осады героев|Hero Siege 享受者|ヒーロー包囲エンジョイアー|히어로 시즈 애호가 (Hero Siege Enjoyer)|Belagerungsheld|Héros Siege Enjoyer|Disfrutador de Hero Siege|Miłośnik Hero Siege
rings_pit_fighters_carnage|Pit Fighter's Carnage|Pit Fighter's Carnage|Carnificina do Lutador de Arena|Pit Fighter's Carnage|屠殺衝撞區|ピットファイターの大虐殺|피트 파이터의 학살 (Pit Fighter's Carnage)|Gemetzel des Grubenkämpfers|Le carnage de Pit Fighter|Masacre del Luchador de Foso|Rzeź Pit Fightera
rings_metal_vocalists_fame|Metal Vocalist's Fame|Metalvokalistin maine|Fama do Vocalista de Metal|Слава металлического вокалиста|金屬歌手名聲|メタルボーカリストの名声|메탈 보컬리스트의 명성 (Metal Vocalist's Fame)|Ruhm des Metal-Sängers|La renommée du chanteur de métal|Fama del Vocalista de Metal|Sława Metalowego Wokalisty
rings_scourge_loop|Scourge Loop|Scourge Loop|Ciclo do Flagelo|Петля бича|懲罰之環|スカージループ|스커지 루프 (Scourge Loop)|Geißelschleife|Boucle du Fléau|Bucle del Azote|Pętla Plagi
rings_dragons_blessing|Dragon's Blessing|Lohikäärmeen siunaus |Bênção do Dragão |Благословение дракона |龍之祝福 |竜の祝福 |드래곤의 축복 (Dragon's Blessing)|Drachensegen|Bénédiction du dragon |Bendición de Dragón|Błogosławieństwo Smoka
rings_cursed_artifact|Cursed Artifact|Kirottu artefakti|Artefato Amaldiçoado|Проклятый артефакт|詛咒神器|カースドアーティファクト|저주받은 유물 (Cursed Artifact)|Verfluchtes Artefakt|Artefact maudit|Artefacto Maldito|Przeklęty Artefakt
rings_signet_of_shadows|Signet of Shadows|Varjojen sinetti|Sinete das Sombras|Печать Теней|暗影印記|サインネット・オブ・シャドウズ|그림자의 인장 (Signet of Shadows)|Siegel der Schatten|Sceau des ombres|Sello de las Sombras|Signet Cieni
rings_the_downfall_of_felps|The Downfall of Felps|Felpsien tuho|A Queda de Felps|Падение Фелпса|殞落的費爾普斯|フェルプスの没落|펠프스의 몰락 (The Downfall of Felps)|Der Untergang von Felps|La chute des Felps|La Caída de Felps|Upadek Felpsa
rings_orbital_loop|Orbital Loop|Kiertoratasilmukka|Laço Orbital|Орбитальная петля|軌道環|オービタルループ|궤도 루프 (Orbital Loop)|Orbitalschleife|Boucle orbitale|Bucle Orbital|Pętla Orbitalna
rings_hellspawns_curse|Hellspawn's Curse|Hellspawnin kirous|Maldição do Infernal|Проклятие порождения ада|地獄造物的詛咒|ヘルスポーンの呪い|헬스폰의 저주 (Hellspawn's Curse)|Fluch der Höllenbrut|Malédiction des engeances infernales|Maldición del Engendro Infernal|Klątwa Piekielnego Pomiotu
rings_gargantuan_soul|Gargantuan's Soul|Gargantuanin sielu|Alma do Gargantuano|Душа исполинского существа|巨人靈魂|ガルガンチュアンの魂|가르강튀아의 영혼 (Gargantuan's Soul)|Gargantuas Seele|Âme de Gargantuesque|Alma Gargantuesa|Dusza Gargantuana
rings_void_bomba|Void Bomba|Tyhjiöpommi |Bomba do Vazio |Бомба пустоты |虛空炸彈 |ボイドボム |공허 폭탄 (Void Bomba)|Leerenbomba|Bombe du Néant |Bomba del Vacío |Pusta Bomba
rings_absolute_zero|Absolute Zero||Zero Absoluto|Абсолютный Ноль|絕對零度|絶対零度|절대 영도 (Absolute Zero)|Absoluter Nullpunkt|Zéro absolu|Cero absoluto|Absolutne Zero
rings_prophets_pinecone|Prophet's Pinecone||Pinha do Profeta|Шишка Пророка|先知的松果|預言者の松ぼっくり|예언자의 솔방울 (Prophet's Pinecone)|Prophetenzapfen|Pomme de pin du prophète|Piña del profeta|Szyszka Proroka
rings_skinwalkers_sigil|Skinwalker's Sigil||Sigilo do Skinwalker |Сигил Скинволкера |變形者印記 |スキンウォーカーの印章 |스킨워커의 문장 (Skinwalker's Sigil)|Siegel des Skinwalkers|Sceau du métamorphe |Sello del cambiaformas |Sigil Skinwalkera
rings_skeleton_crews_band|Skeleton Crew´s Band||Banda Skeleton Crew|Группа Skeleton Crew|骷髏船員的指環|スケルトン・クルーズ・バンド|스켈레톤 선원의 반지|Skeleton Crews Band|Skeleton Crew's Band|Anillo de la Tripulación Esquelética|Zespół Skeleton Crew
rings_parasite_loop|Parasite Loop||Parasite Loop |Цикл паразитов|寄生之環|パラサイト・ループ |기생충의 고리|Parasite Loop |Parasite Loop |Anillo Parasitario|Parasite Loop
|||||||||||
lore_rings_mana_benders_will|Those who master their resources are those who will ultimately triumph.|Ne, jotka hallitsevat resurssinsa, ovat ne, jotka lopulta voittavat.|Aqueles que dominam seus recursos são os que acabarão triunfando.|Те, кто овладевает своими ресурсами, - это те, кто в конечном счете одержит победу.|那些掌握了資源的人，才是最終的勝利者|自らの資源を制する者こそが、最終的に勝利する者となる。|자원을 지배하는 자야말로 결국 승리하는 자다.|Wer seine Ressourcen beherrscht, wird letztendlich triumphieren.|Ceux qui maîtrisent leurs capacités sont ceux qui finissent par triompher.|Aquellos que dominan sus recursos son los que finalmente triunfarán.|Ci, którzy opanują swoje zasoby, ostatecznie zatriumfują.
lore_rings_quickening_zephyr|May the winds of the desert blow like a breeze from the wing of a dragon, guiding your path.|Aavikon tuulet puhalkoot kuin tuuli lohikäärmeen siivestä ohjaten polkusi.|Que os ventos do deserto soprem como a brisa da asa de um dragão, guiando seu caminho.|Пусть ветры пустыни дуют, как бриз от крыла дракона, направляя ваш путь.|願沙漠之風如龍翼吹來的微風，指引你的道路。|砂漠の風が竜の翼から吹き抜けるそよ風のように、汝の道を導きますように。|사막의 바람이 용의 날개에서 부는 산들바람처럼 불어, 너의 길을 인도하길.|Mögen die Winde der Wüste wie eine Brise vom Flügel eines Drachen wehen und dir den Weg weisen.|Que les vents du désert soufflent comme le soulèvement provoqué par le battement des ailes d'un dragon, et guident votre chemin.|Que los vientos del desierto soplen como una brisa del ala de un dragón, guiando tu camino.|Niech wiatry pustyni wieją jak bryza z skrzydła smoka, prowadząc twoją ścieżkę.
lore_rings_devlins_eternal_grace|Saint Aaron unleashes his heavenly wrath from his fingertips, smiting down all evil and sinners.|Pyhä Aaron vapauttaa taivaallisen vihansa sormenpästään ja lyö alas kaikki pahat ja syntiset.|St. Aaron libera sua ira celestial com a ponta dos dedos, golpeando todo o mal e os pecadores.|Святой Аарон выпускает свой небесный гнев из кончиков пальцев, поражая все зло и грешников.|聖亞倫從指尖釋放天怒，消滅一切邪惡和罪人。|聖アーロンは指先から天の怒りを解き放ち、あらゆる悪と罪人を討ち滅ぼす。|세인트 아론은 손끝에서 천상의 분노를 터뜨려, 모든 악과 죄인을 내리친다.|Der heilige Aaron entfesselt seinen himmlischen Zorn aus seinen Fingerspitzen und vernichtet alles Böse und alle Sünder.|St. Aaron déchaîne sa rage céleste du bout des doigts, terrassant mal et pécheurs.|San Aarón desata su ira celestial desde la punta de sus dedos, abatiendo a todo mal y a los pecadores.|Św. Aaron uwalnia swój niebiański gniew z opuszków palców, miażdżąc całe zło i grzeszników.
lore_rings_fury_of_tarethiel|Damiens siege left a deep scar on the soul of Tarethiel, resulting in a energy that was infused into this ring.|Damienin piiritys jätti syvän arven Tarethielin sieluun, mikä johti energiaan, joka infusoitui tähän renkaaseen.|O cerco de Damien deixou uma cicatriz profundo na alma de Tarethiel, resultando em uma energia que foi infundida nesse anel.|Осада Дамьена оставила глубокий шрам в душе Таретиэля, в результате чего в это кольцо была влита энергия.|達米安的圍攻在塔雷希爾的靈魂上留下了深深的傷痕， 導致能量被注入到這枚戒指中。 |ダミアンの包囲はタレシエルの魂に深い傷跡を残し、そのエネルギーがこの指輪に注ぎ込まれた。|데미언의 포위전은 타레시엘의 영혼에 깊은 상처를 남겼고, 그 에너지가 이 반지에 깃들었다.|Damiens Belagerung hinterließ eine tiefe Narbe in Tarethiels Seele, die eine Energie freisetzte, die diesem Ring zugefügt wurde.|Le siège de Damien a laissé une profonde cicatrice dans l'âme de Tarethiel, ce qui a donné naissance à une énergie qui a été insufflée dans cet anneau.|El asedio de Damien dejó una profunda cicatriz en el alma de Tarethiel, resultando en una energía que fue infundida en este anillo.|Oblężenie Damiena zostawiło głęboką bliznę na duszy Tarethiela, co spowodowało energię nasączoną w ten pierścień.
lore_rings_stone_of_jordan|You start to feel the cold, and now you believe the tales you've been told.|Alat tuntea kylmää, ja nyt uskot tarinoihin, joita sinulle on kerrottu.|Você começa a sentir o frio, e agora acredita nas histórias que lhe contaram.|Вы начинаете чувствовать холод, и теперь вы верите в сказки, которые вам рассказывали.|你開始感到寒冷，現在你相信了那些傳說。|あなたは寒さを感じ始め、今や語り継がれてきた物語を信じるようになる。|서서히 추위가 느껴지기 시작하며, 이제야 전해 들었던 이야기들이 사실임을 믿게 된다.|Du beginnst die Kälte zu spüren und glaubst nun den Geschichten, die man dir erzählt hat.|Vous commencez à ressentir le froid, et maintenant vous croyez les histoires qu'on vous a racontées.|Empiezas a sentir el frío, y ahora crees en los cuentos que te han contado.|Zaczynasz czuć zimno i teraz wierzysz w opowieści, które ci opowiadano.
lore_rings_sung_lees_unleashed_rage|As red as the blood of the victims who incurred Sung Lee's wrath, this ring's power is untamed, a raw manifestation of rage.|Yhtä punainen kuin Sung Leen vihan aiheuttaneiden uhrien veri, tämän sormuksen voima on kesytön, raaka raivon ilmentymä.|Tão vermelho quanto o sangue das vítimas que sofreram a ira de Sung Lee, o poder desse anel é indomável, uma manifestação crua de raiva.|Столь же красное, как кровь жертв, навлекших на себя гнев Сун Ли, это кольцо обладает неукротимой силой, грубым проявлением ярости.|如同招致李宋憤怒的受害者的血一樣·這枚戒指的力量是狂野的，是憤怒的原始表現。  |ソン・リーの怒りを買った犠牲者の血のように赤いこの指輪の力は、制御不能であり、怒りの生々しい顕現である。|성 리의 분노를 산 자들의 피처럼 붉은 이 반지는 길들여지지 않은 힘, 날것 그대로의 분노가 응축되어 있다.|So rot wie das Blut der Opfer, die Sung Lees Zorn auf sich zogen, ist die Macht dieses Rings ungezähmt, eine rohe Manifestation der Wut.|Aussi rouge que le sang des victimes qui ont subi la colère de Sung Lee, le pouvoir de cet anneau est indompté, une manifestation brute de la rage.|Tan rojo como la sangre de las víctimas que incurrieron en la ira de Sung Lee, el poder de este anillo es indomable, una manifestación cruda de rabia.|Czerwony jak krew ofiar, które ściągnęły na siebie gniew Sung Lee, moc tego pierścienia jest nieokiełznana, surowym przejawem furii.
lore_rings_giants_band_of_strength|There once was a time when giants walked the earth, possessing immense strength to reign as the apex predators in the primal ages.|Oli kerran aika, jolloin jättiläiset kävelivät maan päällä, ja heillä oli valtava voima hallita huipun petoeläimiä alkuaikojen aikana. |Houve um tempo em que os gigantes caminhavam pela Terra, possuindo uma força imensa para reinar como os maiores predadores nas eras primitivas.|Когда-то было время, когда по земле ходили гиганты, обладавшие огромной силой, чтобы править как высшие хищники в первобытные эпохи.|曾經有一段時間，巨人行走在地球上，擁有巨大的力量，統治著原始時代的頂級掠食者。  |かつて巨人が地上を闊歩し、原始時代に頂点捕食者として君臨するほどの強大な力を持っていた時代があった。|한때 거인들이 이 땅을 거닐며, 태고의 시대에 절대 포식자로 군림했던 시절이 있었다.|Es gab einmal eine Zeit, da wandelten Riesen auf der Erde, die über die immense Kraft verfügten, um als Spitzenprädatoren in den Urzeiten zu herrschen.|Il fut un temps où les géants marchaient sur la terre, dotés d'une force immense qui leur permettait de régner en tant que prédateurs suprêmes dans les âges primitifs.|Hubo un tiempo en que los gigantes caminaban sobre la tierra, poseyendo una fuerza inmensa para reinar como los depredadores alfa en las eras primigenias.|Był kiedyś czas, gdy giganci chodzili po ziemi, posiadając ogromną siłę, by panować jako apex drapieżniki w prymitywnych wiekach.
lore_rings_ring_cowraven|Does it go ”Moooooooo” or does it screech? Nobody knows..|"Kuuluuko se ""Moooooooo"" vai kiljuuko se? Kukaan ei tiedä.."|Ele faz “Moooooooo” ou Grita? Ninguém sabe..|Звучит ”Моооооооо” или это визг? Никто не знает..|它是“哞”還是尖叫？沒有人知道…… |「モーーーー」という音なのか、それとも甲高い声なのか？誰も知らない… |“음메에에~”라고 울까, 아니면 기괴한 비명을 지를까? 아무도 모른다..|Macht er „Muh“ oder kreischt er? Niemand weiß es ...|Est-ce qu'il meugle ou est-ce qu'il fait croasse ? Personne ne le sait.|"¿Hace ""Muuuuuu"" o chilla? Nadie lo sabe..."|Czy mówi „Moooooooo” czy piszczy? Nikt nie wie..
lore_rings_rakhuls_ritual_band|Every warrior needs a mantra..|Jokainen soturi tarvitsee mantran..|Todo guerreiro precisa de um mantra...|Каждому воину нужна мантра..|每個戰士都需要一個咒語……|戦士にはマントラが必要だ…|모든 전사에겐 만트라가 필요하다..|Jeder Krieger braucht ein Mantra.|Tout guerrier a besoin d'un mantra.|Todo guerrero necesita un mantra...|Każdy wojownik potrzebuje mantry..
lore_rings_azazels_despair|Insert a Soul Gem to awaken the demon|Aseta Soul Gem herättämään demoni|Insira uma Joia da Alma para despertar o demônio|Вставьте Камень Души, чтобы пробудить демона.|插入靈魂寶石喚醒惡魔|ソウルジェムを挿入して悪魔を目覚めさせろ|소울 젬을 삽입하면 악마가 깨어난다.|Fügt einen Seelenstein ein, um den Dämon zu erwecken.|Insérez une Gemme d'Âme pour réveiller le démon.|Inserta una Gema de Alma para despertar al demonio.|Włóż Soul Gem, aby przebudzić demona
lore_rings_emblem_of_the_daemon|Marked by the beast, and be sure it will collect…|Pedon merkitsemä, ja varmista, että se kerää…|Marcado pela fera, e tenha certeza de que ela coletará...|Отмеченный зверем, и будьте уверены, что он соберет...|被野獸標記，並確保它會收集……|獣の刻印を受け、必ずや…|짐승의 표식을 받은 자여, 놈은 반드시 찾아올 것이다...|Vom Biest markiert, und ihr werdet sicher sein, dass er euch einsammelt.|Marqué par la bête, il sera assuré de récupérer…|Marcado por la bestia, y ten por seguro que vendrá a cobrar...|Oznaczony przez bestię i bądź pewien, że zbierze…
lore_rings_hero_siege_enjoyer|Tracking to flex|Jäljitys joustamaan|Rastreamento para flexionar|Отслеживание, чтобы сгибаться.|追蹤彎曲|誇示のための追跡|플렉스 하려고 추적 중|Von der Spur zum Angeben.|Traçage pour fléchir.|Rastreando para presumir.|Śledzenie dla flexu
lore_rings_pit_fighters_carnage|The signet commanding respect within any pit, shining with the essence of metal..|Sinetti, joka herättää kunnioitusta missä tahansa kuopan sisällä, loistaa metallin olemuksesta..|O sinete que impõe respeito em qualquer arena, brilhando com a essência do metal...|Печать, внушающая уважение в любой яме, сияющая сущностью металла..|在任何衝撞區中都令人敬畏的印記，閃耀著金屬的精髓……  |金属のエッセンスで輝き、どんなピットでも尊敬を集める印章…|투기장 속 누구에게나 존경을 받는 인장의 권위, 금속의 정수를 품고 빛난다.|Das Siegel, das in jedem Grab Respekt einflößt und mit der Essenz von Metall glänzt.|Le sceau imposant le respect dans n'importe quelle fosse, brillant de l'essence du métal.|El sello que impone respeto en cualquier foso, brillando con la esencia del metal...|Signet budzący szacunek w każdej arenie, błyszczący esencją metalu..
lore_rings_metal_vocalists_fame|Fame shining from the stage all the way to the rows in the back!|Maine loistaa lavalta aina takariveihin asti!|Fama brilhando do palco até as fileiras de trás!|Слава, сияющая от сцены до самых задних рядов!|名聲從舞台一直閃耀到後排！|名声はステージから後方の列まで輝き続ける！|무대 위에 뒷줄까지, 명성은 언제나 빛난다!|Ruhm, der von der Bühne bis in die hinteren Reihen strahlt!|La gloire rayonne de la scène jusqu'aux rangs du fond !|¡La fama brilla desde el escenario hasta las últimas filas!|Sława świecąca ze sceny aż do ostatnich rzędów!
lore_rings_dragons_blessing|The dragons shimmering treasures are just around the corner..|Lohikäärmeiden hohtavat aarteet ovat aivan nurkan takana. |Os tesouros brilhantes dos dragões estão logo ali... |Сверкающие сокровища дракона уже не за горами.. |龍族閃閃發光的寶藏就在附近…… |ドラゴンのきらめく宝物はすぐそこだ… |용의 반짝이는 보물이 바로 코앞에 있습니다. |Die schimmernden Schätze des Drachen sind gleich um die Ecke.|Les trésors scintillants des dragons sont à portée de main. |Los tesoros relucientes de los dragones están a la vuelta de la esquina...|Skarby smoka są tuż za rogiem..
lore_rings_cursed_artifact|From a witch's dislocated finger.. Might be cursed..|Noidan sijoiltaan menneestä sormesta.. Saattaa olla kirottu..|Do dedo deslocado de uma bruxa... Pode ser amaldiçoado...|Из вывихнутого пальца ведьмы... Возможно, проклято...|來自女巫脫臼的手指……可能被詛咒了……|魔女の脱臼した指から..呪われているかもしれない..|마녀의 탈구된 손가락에서.. 저주받았을지도 모른다..|Aus dem ausgerenkten Finger einer Hexe ... Könnte verflucht sein ...|Du doigt disloqué d'une sorcière... Peut-être maudit...|Del dedo dislocado de una bruja... Podría estar maldito...|Z odciętego palca wiedźmy.. Może być przeklęty..
lore_rings_signet_of_shadows|From death endless power is reborn..|Kuolemasta syntyy loputon voima..|Da morte, um poder infinito renasce...|Из смерти возрождается бесконечная сила...|從死亡中重生無盡的力量……|死より無限の力が再誕する..|죽음에서 끝없는 힘이 다시 태어난다..|Aus dem Tod wird unendliche Macht neu geboren ...|De la mort renaît un pouvoir infini...|De la muerte renace un poder infinito...|Z śmierci rodzi się nieskończona moc..
lore_rings_the_downfall_of_felps|The mighty will always fall and face their impending demise..|Mahtavat kaatuvat aina ja kohtaavat uhkaavan tuhonsa..|Os poderosos sempre cairão e enfrentarão sua morte iminente...|Сильные всегда будут падать и встречать лицом к лицу свою неминуемую гибель...|強者終將隕落，面對滅亡……|強者もいつかは倒れ、差し迫った破滅に直面する..|강자도 언젠가는 쓰러져 다가오는 죽음을 맞이하게 된다..|Die Mächtigen werden immer fallen und ihrem bevorstehenden Untergang ins Auge sehen ...|Les puissants tomberont toujours et feront face à leur fin prochaine...|Los poderosos siempre caerán y se enfrentarán a su inminente fin...|Potężni zawsze upadną i staną przed swoim nadchodzącym końcem..
lore_rings_orbital_loop|Cursed essence orbiting this malignant artifact..|Kirottu olemus kiertää tätä pahanlaatuista esinettä..|Essência amaldiçoada orbitando este artefato maligno...|Проклятая сущность вращается вокруг этого зловещего артефакта...|詛咒的精華圍繞著這個惡性神器……|邪悪なアーティファクトの周囲を漂う呪われたエッセンス..|이 사악한 아티팩트를 감도는 저주의 정수..|Verfluchte Essenz umkreist dieses bösartige Artefakt ...|Une essence maudite gravite autour de cet artefact maléfique...|Esencia maldita orbitando este artefacto maligno...|Przeklęta esencja orbitująca wokół tego złośliwego artefaktu..
lore_rings_hellspawns_curse|Dragged out of the fiery depths of hell..|Raahattu ulos helvetin tulisista syvyyksistä..|Arrastado das profundezas ardentes do inferno...|Вытащено из огненных глубин ада...|從地獄的烈火深處被拖出來……|地獄の炎の深淵から引きずり出された..|지옥의 불길한 심연에서 끌려온 것..|Aus den feurigen Tiefen der Hölle gezogen ...|Extirpé des profondeurs ardentes de l'enfer...|Arrastrado de las ardientes profundidades del infierno...|Wywleczone z ognistych głębin piekła..
lore_rings_gargantuan_soul|Gargantuan size and power infused into this cursed ring..|Jättimäinen koko ja voima upotettu tähän kirottuun sormukseen..|Tamanho e poder gigantescos infundidos neste anel amaldiçoado...|Гигантские размеры и сила заключены в этом проклятом кольце...|這枚被詛咒的戒指蘊含著巨大的尺寸和力量……|ガルガンチュアンの巨大さと力がこの呪われた指輪に宿っている..|거대한 크기와 힘이 깃든 저주받은 반지..|Gigantische Größe und Macht stecken in diesem verfluchten Ring ...|Une taille et une puissance gargantuesques imprégnées dans cet anneau maudit...|Tamaño y poder descomunales infundidos en este anillo maldito...|Gigantyczny rozmiar i moc nasączone w ten przeklęty pierścień..
lore_rings_void_bomba|BOMBBBBBBAAAAA!|POMMBBBBBAAAAA! |BOMBBBBBBAAAAA! |БОМБАБББАААА! |BOMBBBBBBAAAAA！ |BOMBBBBBBAAAAA!|BOMBBBBBBAAAAA!|BOMBE!|BOMBBBBBBAAAAA ! |¡BOMBAAAAAA! |BOMBBBBBBAAAAA!
lore_rings_absolute_zero|Forged in the depths of niflheim's freezing catacombs..||Forjado nas profundezas das catacumbas congeladas de Niflheim... |Выкованные в глубинах ледяных катакомб Нифльхейма... |在尼福海姆冰冷的地下墓穴深處鍛造而成…… |ニフルハイムの凍てつく地下墓地の奥深くで鍛えられた… |니플하임의 얼어붙은 지하 묘지 깊은 곳에서 벼려져 나왔다. |Geschmiedet in den Tiefen der eisigen Katakomben von Niflheim…|Forgé dans les profondeurs des catacombes glacées de Niflheim... |Forjado en las profundidades de las gélidas catacumbas de Niflheim. |Wykuty w głębinach zamarzniętych katakumb Niflheimu..
lore_rings_skeleton_crews_band|Worn by Captain Grimtide´s crew.. A sign of ghastly devotion..||Usado pela tripulação do Capitão Grimtide... Um sinal de devoção assombrosa...|Носят члены экипажа капитана Гримтайда. Знак жуткой преданности.|由嚴潮船長的船員所佩戴……象徵著陰森駭人的忠誠……|キャプテン・グリムタイドの乗組員が身につけていたもの……無気味な忠诚の証……|캡틴 그림타이드의 선원들이 착용했던 것… 섬뜩한 헌신의 상징…|Getragen von Captain Grimtides Crew … Ein Zeichen schauerlicher Treue …|Porté par l'équipage du capitaine Grimtide... Un signe d'une macabre dévotion...|Portado por la tripulación del Capitán Grimtide... una muestra de su espeluznante devoción.|Noszony przez załogę kapitana Grimtide’a… Znak upiornego oddania…
lore_rings_parasite_loop|The parasite feeds off of its host, giving immense power in exchange..||O parasita se alimenta de seu hospedeiro, dando um poder imenso em troca...|Паразит питается за счет своего хозяина, взамен давая огромную силу.|寄生蟲汲取宿主的生命，並以無比強大的力量作為回報……|寄生生物は宿主から養分を奪う代わりに、絶大な力を与える……|기생충이 숙주를 먹이로 삼는 대신 막대한 힘을 부여한다…|Der Parasit ernährt sich von seinem Wirt und verleiht im Gegenzug immense Macht …|Le parasite se nourrit de son hôte, lui conférant une puissance immense en échange...|El parásito se alimenta de su huésped, otorgándole un poder inmenso a cambio.|Pasożyt żywi się swoim nosicielem, w zamian dając ogromną moc…
|||||||||||
[belts]|||||||||||
belts_normal_sash|Sash|Sash|Faixa|Створка|腰帶|サッシュ|허리띠 (Sash)|Schärpe|Ceinturon|Fajín|Szarfa
belts_normal_leather_belt|Leather Belt|Nahkainen vyö|Cinto de Couro|Кожаный Ремень|皮革腰帶|レザーベルト|가죽 벨트 (Leather Belt)|Ledergürtel|Ceinture de cuir|Cinturón de Cuero|Skórzany Pas
belts_normal_heavy_belt|Heavy Belt|Raskas vyö|Cinto Pesado|Тяжелый Ремень|重型腰帶|ヘビーベルト|헤비 벨트 (Heavy Belt)|Schwerer Gürtel|Ceinture épaisse|Cinturón Pesado|Ciężki Pas
belts_normal_devilhide_sash|Devilhide Sash|Devilhide Sash|Faixa de Couro Demoníaco|Пояс из Дьявольской кожи|魔術皮腰帶|デビルハイドサッシュ|악마가죽 허리띠 (Devilhide Sash)|Teufelshautschärpe|Écharpe de cuir de démon|Fajín de Piel de Demonio|Szarfa z Diabelskiej Skóry
belts_normal_viperskin_belt|Viperskin Belt|Viperskin vyö|Cinto de Pele de Cobra|Пояс из змеиной кожи|毒蛇皮腰帶|ヴァイパースキンベルト|바이퍼스킨 벨트 (Viperskin Belt)|Vipernhautgürtel|Ceinture de peau de vipère|Cinturón de Piel de Víbora|Pas ze Skóry Żmii
belts_normal_battle_belt|Battle Belt|Taistelu vyö|Cinto de Batalha|Боевой Пояс|戰鬥腰帶|バトルベルト|전투 벨트 (Battle Belt)|Kampfgürtel|Ceinture de bataille|Cinturón de Batalla|Bitewny Pas
belts_normal_wyrmhide_sash|Wyrmhide Sash|Wyrmhide Sash|Cinto de pele de Wyrm|Пояс из Змеиной Кожи|龍皮腰帶|ワームハイドサッシュ|웜가죽 허리띠 (Wyrmhide Sash)|Wyrmhautschärpe|Ceinture de cuir de wyrm|Fajín de Piel de Guiverno|Szarfa ze Skóry Wurma
belts_normal_mithril_coil|Mithril Coil|Mithril kela|Cinto de Mythril|Мифриловая Катушка|秘銀腰帶|ミスリルコイル|미스릴 코일 (Mithril Coil)|Mithrilspule|Ceinture de mithril|Faja de Mithril|Mithrilowa Spirala
belts_normal_vampirefang_girdle|Vampirefang Girdle|Vampyyrifang-vyö |Cinturão do Vampiro|Пояс из Клыков Вампира|吸血鬼牙腰帶|ヴァンパイアファングガードル |뱀파이어송 허리띠 (Vampirefang Girdle)|Vampirzahngürtel|Ceinturon vamprique|Cinto de Colmillo de Vampiro|Pas z Kłów Wampira
|||||||||||
[belts_unique]|||||||||||
belts_warrior_belt|Tundra Warrior's Girdle|Tundrataistelijan vyö|Cinturão do Guerreiro da Tundra|Пояс Воина Тундры|苔原戰士束帶|ツンドラ戦士のガードル|툰드라 전사의 허리띠 (Tundra Warrior's Girdle)||Ceinture du guerrier de la toundra|Cinto del Guerrero de la Tundra|Pas Wojownika Tundry
belts_viperskin_belt|Vipermagi's Belt|Vipermaagin vyö |Cinto do Mago-víbora|Пояс Випермаги|毒蛇法師腰帶 |ヴァイパーマギのベルト |바이퍼마기의 벨트 (Vipermagi's Belt)||Ceinture de Vipermage|Cinturón del Viperino|Pas Vipermagiego
belts_lich_sash|Lich Sash|Lich-nauha|Faixa de Lich|Пояс Лича|巫妖腰帶|リッチサッシュ|리치 허리띠 (Lich Sash)|Leichengürtel|Ceinture de liche|Fajín de Liche|Szarfa Licha
belts_tribal_belt|Tribal Belt|Heimovyö|Cinto Tribal|Племенной Пояс|部落腰帶|トライバルベルト|부족 벨트 (Tribal Belt)|Stammesgürtel|Ceinture tribale|Cinturón Tribal|Plemienny Pas
belts_foxweave_belt|Foxweave Belt|Ketunkutoma Vyö|Cinto da Raposa Tecelã|Пояс из Лисьей ткани|狐紋腰帶|フォックスウィーブベルト|여우가죽 벨트 (Foxweave Belt)|Fuchsgürtel|Ceinture en cuir de renard|Cinturón de Tejido de Zorro|Pas z Lisiej Tkaniny
belts_assassins_belt|Assassin's Belt|Salamurhaajan Vyö|Cinto do Assassino|Пояс убийцы|刺客腰帶|アサシンズベルト|암살자의 벨트 (Assassin's Belt)|Mördergürtel|Ceinture d'assassin|Cinturón de Asesino|Pas Zabójcy
belts_crystal_belt|Crystal Belt|Kristallivyö|Cinto de Cristal|Хрустальный Пояс|水晶腰帶|クリスタルベルト|크리스탈 벨트 (Crystal Belt)|Kristallgürtel|Ceinture de cristal|Cinturón de Cristal|Kryształowy Pas
belts_heavy_duty|Heavy Duty|Raskas Työvyö|Trabalho Pesado|Сверхпрочный|重責腰带|ヘビーデューティ|강력 벨트 (Heavy Duty)|Harte Beanspruchung|Robustesse|Servicio Pesado|Ciężki Obowiązek
belts_commanders_sash|Commander's Sash|Komentajan Nauha|Faixa do Comandante|Командирский пояс|指揮官腰帶|司令官のサッシュ|사령관 허리띠 (Commander's Sash)|Schärpe des Kommandanten|Ceinture de commandant|Fajín de Comandante|Szarfa Dowódcy
belts_monkeyskin_belt|Monkeyskin Belt|Apinannahkavyö|Cinto de Pele de Macaco|Пояс из Обезьяньей Кожи|猴皮腰帶|モンキースキンベルト|원숭이 가죽 벨트 (Monkeyskin Belt)|Affenhautgürtel|Ceinture en peau de singe|Cinturón de Piel de Mono|Pas ze Skóry Małpy
belts_belt_of_war|Belt of War|Sotavyö|Cinto da Guerra|Пояс войны|戰爭腰帶|ベルト･オブ･ウォー|전쟁의 벨트 (Belt of War)|Gürtel des Krieges|Ceinture de guerre|Cinturón de la Guerra|Pas Wojny
belts_travelers_double_belt|Traveler's Double Belt|Matkustajan Kaksinkertainen Vyö|Cinto Duplo do Viajante|Двойной Ремень Путешественника|旅行者雙腰帶|トラベラーズダブルベルト|여행자의 이중 벨트 (Traveler's Double Belt)|Doppelgürtel des Reisenden|Ceinture double de voyageur|Doble Cinturón del Viajero|Podwójny Pas Podróżnika
belts_belt_of_skulls|Belt of Skulls|Pääkallovyö|Cinturão de Crânios|Пояс из черепов|骷髏腰帶|頭蓋骨のベルト|해골 벨트 (Belt of Skulls)|Gürtel der Schädel|Ceinture de crânes|Cinturón de Calaveras|Pas Czaszek
belts_engineers_toolbelt|Engineer's Toolbelt|Insinöörin Työkaluvyö|Cinto de Ferramentas do Engenheiro|Пояс для инструментов инженера|工程師的工具腰帶|エンジニアのツールベルト|기술자의 공구 벨트 (Engineer's Toolbelt)|Werkzeuggürtel des Ingenieurs|Ceinture d'outils d'ingénieur|Cinto de Herramientas del Ingeniero|Pas Narzędzi Inżyniera
belts_vagabonds_strap|Vagabond's Strap|Kiertolaisen Remmi|Alça do Vagabundo|Ремень Бродяги|流浪者的肩帶|バガボンドのストラップ|방랑자의 스트랩 (Vagabond's Strap)|Vagabonds Riemen|Sangle de vagabond|Correa del Vagabundo|Pas Vagabonda
belts_flame_diviners_cord|Flame Diviner's Cord|Tuliennustajan Köysi|Cinto do Adivinho da Chama|Огненный шнур Прорицателя|烈焰占星者的束帶|炎占い師のコード|불꽃 점술사의 코드 (Flame Diviner's Cord)|Flammenwahrsagers Kabel|Cordon de pyromancien|Cordón del Adivino de la Llama|Sznur Proroka Płomieni
belts_justiciars_thunder_sash|Justiciar's Thunder Sash|Oikeuttajan Ukkosvyö|Faixa Trovejante do Justiceiro|Громовой пояс Юстициария|審判者的雷霆腰帶|司法長官のサンダーサッシュ|정의의 천둥 허리띠 (Justiciar's Thunder Sash)|Justiciars Donnerschärpe|Ceinture de tonnerre du justicier|Fajín de Trueno del Justiciero|Gromowa Szarfa Justiciara
belts_earth_shapers_belt|Earth Shaper's Belt|Maanmuokkaajan Vyö|Cinto do Modelador de Terras|Пояс Формирователя Земли|造地者腰帶|アースシェイパーのベルト|대지 조각가 벨트 (Earth Shaper's Belt)|Gürtel des Erdformers|Ceinture de l'élémen'terre|Cinturón del Moldeador de Tierra|Pas Kształtującego Ziemię
belts_knights_girdle|Knight's Girdle|Knight's Girdle|Cinturão do Cavaleiro|Рыцарский пояс|騎士腰帶|Knight's Girdle|기사의 허리띠 (Knight's Girdle)|Knight's Girdle|Ceinture de chevalier|Cinto de Caballero|Pas Rycerza
belts_belt_of_infinite_wealth|Belt of Infinite Wealth|Äärettömän rikkauden vyö|Cinto de Riqueza Infinita|Пояс Несметного Богатства|無限財富腰帶|無限の富をもたらすベルト|무한 부의 벨트 (Belt of Infinite Wealth)|Gürtel des unendlichen Reichtums|Ceinture de profusion|Cinturón de Riqueza Infinita|Pas Nieskończonego Bogactwa
belts_rugals_sash_of_undertaking|Rugal's Sash of Undertaking|Rugalin sitoutumislippu|Faixa do Compromisso de Rugal|Пояс обязательств Ругала|魯加爾的承諾束帶|ルガルの襷（たすき）をかけて|루갈의 결단 허리띠 (Rugal's Sash of Undertaking)|Rugal's Schärpe der Unternehmung|Ceinture d'engagement de Rugal|Fajín de la Empresa de Rugal|Szarfa Rugala z Podejmowania
belts_sash_of_magi|Sash of the Magi|Taikurien liivi|Faixa dos Magos|Пояс волхвов|法師腰帶|マギのサッシュ|마기의 허리띠 (Sash of the Magi)|Schärpe der Heiligen Drei Könige|Ceinture des mages|Fajín de los Magos|Szarfa Maga
belts_ice_queens_cestus|Ice Queen's Cestus|Jääkuningattaren Cestus|Cinto da Rainha do Gelo|Цестус Ледяной королевы|冰雪女王的腰帶|Ice Queen's Cestus|얼음 여왕의 케스터스 (Ice Queen's Cestus)|Eisköniginnenzistrosen|Cestus de la reine des glaces|Cinto de la Reina de Hielo|Cestus Lodowej Królowej
belts_sets_lightning_sash|Set's Lightning Sash|Setin salamanauha|Faixa Eletrocutada de Set|Пояс на молнии в комплекте|賽特的閃電腰帶|セトのライトニングサッシュ|세트의 번개 허리띠 (Set's Lightning Sash)|Blitzschärpe des Sets|Ceinture de foudre de Set|Fajín de Rayos de Set|Błyskawiczna Szarfa Seta
belts_tether_of_anguish|Tether of Anguish|Tuskan köysi|Amarra da Angústia|Оковы тоски|痛苦拘束|Tether of Anguish（苦悩の綱|고통의 묶음 (Tether of Anguish)|Fessel der Angst|Filin de l'angoisse|Atadura de la Angustia|Pętla Udręki
belts_hatsepsuts_girdle|Hatshepsut's Girdle|Hatsepsutin vyötärö|Cinturão de Hatshepsut|Пояс Хатшепсут|哈特謝普蘇特腰帶|ハトシェプストのガードル|핫셉수트 허리띠 (Hatshepsut's Girdle)|Hatschepsuts Hüftgürtel|Ceinture d'Hatchepsout|Cinto de Hatshepsut|Pas Hatszepsut
belts_ashen_belt|Ashen Belt|Tuhkainen vyö|Cinto de Cinzas|Пепельный Пояс|灰燼腰帶|アッシェンベルト|잿빛 벨트 (Ashen Belt)|Aschegürtel|Ceinture de cendres|Cinturón Ceniciento|Popielaty Pas
belts_combat_duty_belt|Combat Duty Belt|Taisteluvastuun Vyö|Cinto de Serviço de Combate|Пояс для боевого дежурства|戰鬥任務腰帶|戦闘用ベルト|전투 임무 벨트 (Combat Duty Belt)|Kampfgürtel|Ceinture de combat|Cinturón de Combate|Pas Obowiązku Bojowego
belts_cingulum_of_shifting_destiny|Cingulum of Shifting Destiny|Cingulum of Shifting Destiny|Cíngulo do Destino Mutável|Поясная кость Меняющейся Судьбы|改變命運的扣帶|変幻自在の帯|운명의 변화 띠 (Cingulum of Shifting Destiny)|Cingulum des veränderlichen Schicksals|Echarpe de la destinée instable|Cíngulo del Destino Cambiante|Cingulum Zmieniającego Się Losu
belts_brute_cord|Brute's Cord |Bruten johto |Corda do Bruto|Шнур Грубияна |暴徒束繩|ブルートの紐|브루트의 끈 (Brute's Cord)|Kordel des Rohlings|Cordon de la brute |Cordón del Bruto|Sznur Brutala
belts_sun_wukongs_belt|Sun Wukong's Belt|Sun Wukongin vyö|Cinto de Sun Wukong|Пояс Сунь Укуна|孫悟空腰帶|孫悟空のベルト|손 오공 벨트 (Sun Wukong's Belt)|Gürtel von Sun Wukong|Ceinture de Sun Wukong|Cinturón de Sun Wukong|Pas Sun Wukonga
belts_warbosses_trophy_belt|Warbosses' Trophy Belt|Warbossesin Trophy-vyö|Cinturão de Troféus dos Chefes de Guerra|Трофейный пояс боевых боссов|獸人獎盃腰帶|ウォーボスのトロフィーベルト|전쟁보스의 전리품 벨트 (Warbosses' Trophy Belt)|Trophäengürtel der Kriegsbosse|Ceinture du trophée des chefs de guerre|Cinturón de Trofeos de los Jefes de Guerra|Pas Trofeów Warbossa
belts_gaze_of_void|Gaze of the Void|Tyhjyyden katse|Olhar do Vazio|Пристальный взгляд в пустоту|虛空凝視|虚空の視線|공허의 시선 (Gaze of the Void)|Blick der Leere|Vision du Néant|Mirada del Vacío|Spojrzenie Pustki
belts_pitfighters_razor_belt|Pitfighter's Razor Belt|Pitfighterin partaveitsi|Cinturão do Lutador do Poço|Бритвенный пояс Питфайтера|礦坑鬥士腰帶|ピットファイターの剃刀ベルト|피트 파이터의 면도날 벨트 (Pitfighter's Razor Belt)|Gürtel der Grubenkämpfer|Ceinture-rasoir du combattant des fosses|Cinturón de Navaja del Luchador de Foso|Pas z Brzytwą Pit Fightera
belts_bronze_legion_girdle|Bronze Legion Girdle|Pronssinen legioonan vyö|Cinturão da Legião de Bronze|Пояс Бронзового Легиона|青銅軍團腰帶|ブロンズ・レギオンのガードル|청동 군단 허리띠 (Bronze Legion Girdle)|Gurt der Bronzelegion|Ceinture en bronze de la légion|Cinto de la Legión de Bronce|Pas Brązowego Legionu
belts_girdle_of_resilience|Girdle of Resilience|Joustavuuden vyö|Cinturão da Resiliência|Пояс жизнестойкости|堅韌束帶|レジリエンスのガードル|탄력성 벨트 (Girdle of Resilience)|Gurt der Widerstandsfähigkeit|Ceinture de résilience|Cinto de Resistencia|Pas Odporności
belts_usbs_cord|USB's Cord|USB:n johto|Corda do Usb|Шнур USB|USB線|USBのコード|USB 코드 (USB's Cord)|USB-Kabel|Câble USB|Cable de USB|Sznur USB
belts_guardians_waistband|Guardian's Waistband|Guardianin vyötärönauha|Cintura do Guardião|Пояс Хранителя|守護者腰帶|ガーディアンのウエストバンド|수호자의 허리띠 (Guardian's Waistband)|Wächtergürtel|Ceinture du gardien|Fajín del Guardián|Pas Strażnika
belts_storms_dawn|Storm's Dawn|Myrskyn aamunkoitto|Amanhecer da Tempestade|Рассвет шторма|暴風雨的黎明|嵐の夜明け|폭풍의 새벽 (Storm's Dawn)|Sturmdämmerung|Aube de la tempête|El Alba de la Tormenta|Świt Burzy
belts_runemasters_waistwrap|Runemaster's Waistwrap|Runemasterin vyötärönauha|Cinto do Mestre de Runas|Поясная повязка Мастера Рун|符文大師的束腰|ルーンマスターのウエストラップ|룬마스터의 허리띠 (Runemaster's Waistwrap)|Hüftgurt des Runenmeisters|Ceinture du maître des runes|Envoltura del Maestro de Runas|Pas Runemastera
belts_solar_magisters_sash|Solar Magister's Sash|Solar Magister's Sash|Faixa do Mestre Solar|Пояс Солнечного магистра|太陽魔導師腰帶|太陽の魔術師のサッシュ|태양 마지스터 허리띠 (Solar Magister's Sash)|Schärpe des Solarmagisters|Ceinture de magister solaire|Fajín del Magíster Solar|Szarfa Magistra Słońca
belts_lunar_prophets_girdle|Lunar Prophet's Girdle|Kuun profeetan vyö|Cinturão do Profeta Lunar|Пояс Лунного пророка|月亮先知腰帶|月の預言者のガードル|달 예언자의 허리띠 (Lunar Prophet's Girdle)|Gurt des Mondpropheten|Gaine du prophète lunaire|Cinto de la Profeta Lunar|Pas Proroka Księżyca
belts_sash_of_eternal_hatred|Sash of Eternal Hatred|Sash of Eternal Hatred|Faixa do Ódio Eterno|Кушак Вечной Ненависти|永恆仇恨腰帶|永遠の憎悪のサッシュ|영원한 증오의 허리띠 (Sash of Eternal Hatred)|Schärpe des ewigen Hasses|Écharpe de la haine éternelle|Fajín del Odio Eterno|Szarfa Wiecznej Nienawiści
belts_gladiator_kings_belt|Gladiator King's Belt|Gladiaattorin kuninkaan vyö|Cinto do Rei Gladiador|Пояс Короля Гладиатора|角鬥士國王腰帶|剣闘士のベルト|검투사 왕의 벨트 (Gladiator King's Belt)|Gürtel des Gladiatorenkönigs|Ceinture du roi gladiateur|Cinturón del Rey Gladiador|Pas Króla Gladiatora
belts_majories_belt|Majorie's Belt|Majorien vyö|Cinto de Majorie|Пояс Мажори|少校腰帶|マジョリーのベルト|마조리의 벨트 (Majorie's Belt)|Gürtel der Majorie|Ceinture de Majorie|Cinturón de Majorie|Pas Marjorie
belts_butchers_belt|Butcher's Belt|Teurastajan vyö|Cinto do Açougueiro|Пояс Мясника|屠夫腰帶|肉屋のベルト|도살자 주인의 벨트 (Butcher's Belt)|Gürtel des Schlächters|Ceinture du boucher|Cinturón del Carnicero|Pas Rzeźnika
belts_thunder_callers_sash|Thunder Caller's Sash|Thunder Caller's Sash|Faixa do Invocador de Trovões|Пояс Громового Призывателя|雷霆召喚者腰帶|雷喚者のサッシュ|천둥 부르는 자의 허리띠 (Thunder Caller's Sash)|Schärpe des Donnerrufers|Écharpe du meneur de tonnerre|Fajín del Invocador de Truenos|Szarfa Przywoływacza Gromu
belts_soulburn_belt|Soulburn Belt|Soulburn vyö|Cinturão Queima-alma|Пояс Душегорящего|靈魂燃燒腰帶|ソウルバーン・ベルト|불타는영혼 벨트 (Soulburn Belt)|Gürtel der Seelenbrandung|Ceinture de brûlure d'âme|Cinturón de Fuego de Alma|Pas Soulburn
belts_freyas_frozen_buckle|Freya's Frozen Buckle|Freyan jäädytetty solki|Fivela Congelada de Freya|Замороженная Пряжка Фрейи|芙蕾雅的冰凍扣環|フレイヤの凍ったバックル|프레이야의 얼어붙은 버클 (Freya's Frozen Buckle)|Freyas gefrorene Schnalle|Boucle glacée de Freya|Hebilla Helada de Freya|Zamarznięta Klamra Freyi
belts_komodo_dragon_leather_belt|Komodo's Bloodstrap|Komodon Bloodstrap|Cinta Sangrenta de Komodo|Кровоягодный ремень Комодо|科莫多的血帶|コモドのブラッドストラップ|코모도의 혈액끈 (Komodo’s Bloodstrap)|Komodos Blutriemen|Sangle de sang de Komodo|Correa de Sangre de Komodo|Krwawy Pas Komodo
belts_ancient_collectors_sash|Trophy Hunter|Trophy Hunter|Caçador de Troféus|Охотник за трофеями|獵人的獎盃|トロフィーハンター|전리품 사냥꾼 (Trophy Hunter)|Trophäenjäger|Chasseur de trophées|Cazador de Trofeos|Pas Łowcy Trofeów
belts_liquor_holster|Liquor Holster|Viinakotelo|Coldre de Bebidas|Кобура для спиртного|烈酒手槍皮套|酒瓶ホルスター|주류 권총집 (Liquor Holster)|Schnapsholster|Étui à liqueur|Cartuchera de Licor|Kabura na Alkohol
belts_girdle_of_eternal_war|Girdle of Eternal War|Ikuisen sodan vyö|Cinturão da Guerra Eterna|Пояс Вечной Войны|永恆戰爭腰帶|永遠の戦いのガードル|영원한 전쟁의 벨트 (Girdle of Eternal War)|Gurt des ewigen Krieges|Ceinture de la guerre éternelle|Cinto de la Guerra Eterna|Pas Wiecznej Wojny
belts_el_patrons_madness|El Patrón's Madness|El Patrónin hulluus |A Loucura de El Patrón |Безумие Эль Патрона |埃爾帕特隆的瘋狂 |エル・パトロンの狂気 |엘 파트론의 광기 (El Patrón's Madness)|El Patróns Wahnsinn|La folie d'El Patrón |La Locura de El Patrón|Szaleństwo El Patróna
belts_sandmagis_sash|Sandmagi's Sash|Hiekkavelhon vyö |Faixa de Sandmagi |Кушак Сэндмаги |沙法師腰帶|サンドマギのサッシュ|모래 마법사의 허리띠 (Sandmagi's Sash)|Sandmagi-Schärpe|Écharpe de Sandmagi |Faja del mago de arena |Szarfa Maga Piasku
belts_serpents_embrace|Serpent's Embrace||Abraço da Serpente|Объятия змея|蛇之擁抱|蛇の抱擁|뱀의 포옹 (Serpent's Embrace)|Schlangenumarmung|L'Étreinte du Serpent|El abrazo de la serpiente|Uścisk Węża
belts_prophets_branch|Prophet's Branch||Ramo do Profeta |Ветвь пророка |先知之枝|預言者の枝 |예언자의 가지 (Prophet's Branch)|Prophetenzweig|La Branche du Prophète |La rama del profeta |Gałąź Proroka
|||||||||||
lore_belts_belt_of_infinite_wealth|They say wealth is in the mind, not the pocket, I learned that from a very wise man.|Sanotaan, että rikkaus on mielessä, ei taskussa, opin sen eräältä erittäin viisaalta mieheltä.|Dizem que a riqueza está na mente, não no bolso. Aprendi isso com um homem muito sábio.|Говорят, богатство в уме, а не в кармане, я узнал это от очень мудрого человека.|他們說財富在頭腦中, 而不是在口袋裡, 這是我從一個非常聰明的人那裡學到的|富はポケットではなく心にある、とよく言われます。私はある賢者からそれを学びました。|재산은 주머니가 아니라 마음속에 있다는 말을 들었어요. 아주 현명한 사람에게 배운 진리죠.|Man sagt, Reichtum stecke im Kopf, nicht im Geldbeutel. Das habe ich von einem sehr weisen Mann gelernt.|On dit que la richesse est dans l'esprit, pas dans le porte-monnaie. J'ai appris cela d'un homme très sage.|Dicen que la riqueza está en la mente, no en el bolsillo. Aprendí eso de un hombre muy sabio.|Mówią, że bogactwo jest w umyśle, nie w kieszeni. Nauczyłem się tego od bardzo mądrego człowieka.
lore_belts_sets_lightning_sash|Set the stormbringer, a legendary warrior who mastered the thunder, bending lightnings to his will.|Aseta myrskytuuli, legendaarinen soturi, joka hallitsee ukkosen, taivuttamalla salamoita tahtonsa mukaan.|Set, o Portador da Tempestade, um guerreiro lendário que dominava o trovão, dobrando os raios à sua vontade.|Установите буревестника, легендарного воина, который овладел громом, подчиняя молнии своей воле.|風暴使者, 一位掌握雷霆的傳奇戰士, 可以按照自己的意願彎曲閃電|嵐の使者セット。雷を操り、稲妻を意のままに操る伝説の戦士。|폭풍의 지배자, 번개를 마음대로 다룬 전설적인 전사의 세트.|Setze den Sturmbringer ein, einen legendären Krieger, der den Donner beherrschte und Blitze seinem Willen unterwarf.|Définissez le Porteur de Tempête, un guerrier légendaire qui maîtrisait le tonnerre, soumettant les éclairs à sa volonté.|Set, el portador de la tormenta, un guerrero legendario que dominaba el trueno, doblando los rayos a su voluntad.|Set Stormbringer, legendarny wojownik, który opanował grom, pochylając błyskawice do swojej woli.
lore_belts_belt_of_skulls|From the fallen heroes in Ancient Colosseum, Rakhul collected their skulls as a throphy and turned them into this belt sparking fear in the heart of those who dare to face him.|Muinaisen Colosseumin kaatuneista sankareista Rakhul keräsi heidän kallonsa pokaaliksi ja muutti ne täksi vyöksi, joka herätti pelkoa niiden sydämessä, jotka uskaltavat kohdata hänet.|Dos heróis caídos no Antigo Coliseu, Rakhul coletou seus crânios como um troféu e os transformou neste cinto, provocando medo no coração daqueles que ousam enfrentá-lo.|У павших героев в Древнем Колизее Ракхул собрал их черепа в качестве трофеев и превратил их в этот пояс, вселяющий страх в сердца тех, кто осмеливается встретиться с ним лицом к лицу.|拉庫爾從古鬥獸場倒下的英雄身上, 收集了他們的頭骨作為戰利品, 並將它們變成了這條腰帶, 在那些敢於面對他的人的心中激起恐懼|古代コロッセオで倒れた英雄たちの頭蓋骨をトロフィーとして集め、このベルトに仕立てました。このベルトは、彼に立ち向かう者たちの心に恐怖を掻き立てます。|고대 콜로세움에서 쓰러진 영웅들의 해골을 라쿨이 전리품으로 수집해 만든 벨트입니다. 그 벨트는 그를 맞서는 자의 심장에 두려움을 심습니다.|Rakhul sammelte die Schädel der gefallenen Helden im antiken Kolosseum als Trophäe und verwandelte sie in diesen Gürtel, der Furcht in den Herzen derer entfacht, die es wagen, sich ihm zu stellen.|Des héros tombés au combat dans l'Ancien Colisée, Rakhul a recueilli leurs crânes comme trophée et les a transformés en cette ceinture, suscitant la peur dans le cœur de ceux qui osent l'affronter.|De los héroes caídos en el Coliseo Antiguo, Rakhul recogió sus cráneos como trofeo y los convirtió en este cinturón, provocando miedo en el corazón de aquellos que se atreven a enfrentarlo.|Z upadłych bohaterów w Pradawnym Koloseum Rakhul zebrał ich czaszki jako trofea i zamienił je w ten pas, wzbudzający strach w sercach tych, którzy odważą się stawić mu czoła.
lore_belts_sash_of_eternal_hatred|Destruction, Annihilation, Extinction.. All the beauty encrusted within..|Tuhoaminen, tuhoutuminen, sukupuutto... Kaikki kauneus, joka on peitetty sisällä.|Destruição, aniquilação, extinção... Toda a beleza incrustada em seu interior...|Разрушение, Уничтожение, Вымирание.. Вся красота, заключенная внутри..|毀滅、湮滅、滅絕……所有的美麗都蘊藏其中……|破壊、殲滅、絶滅… あらゆる美がそこに宿っています。|파괴, 말살, 멸종… 그 모든 아름다움이 이 안에 새겨져 있습니다..|Zerstörung, Vernichtung, Auslöschung … All die Schönheit, die darin verborgen liegt …|Destruction, Annihilation, Extinction… Toute la beauté incrustée à l'intérieur…|Destrucción, Aniquilación, Extinción... Toda la belleza incrustada en su interior...|Zniszczenie, Anihilacja, Zagłada.. Całe piękno w nim osadzone..
lore_belts_gladiator_kings_belt|Designed to inflict fear and anxiety in any opponent..|Suunniteltu aiheuttamaan pelkoa ja ahdistusta missä tahansa vastustajassa.|Criado para infligir medo e ansiedade em qualquer oponente...|Создан, чтобы вселять страх и беспокойство в любого противника..|旨在對任何對手造成恐懼和焦慮……|あらゆる敵に恐怖と不安を与えるようにデザインされています。|상대에게 공포와 불안을 심어주기 위해 설계된 벨트입니다..|Geschaffen, um jedem Gegner Angst und Schrecken einzuflößen …|Conçue pour infliger peur et anxiété à tout adversaire…|Diseñado para infligir miedo y ansiedad en cualquier oponente...|Zaprojektowany, by wzbudzać strach i niepokój u każdego przeciwnika..
lore_belts_majories_belt|Foreseen are the sins of man..|Ihmisen synnit ovat ennakoitavissa..|Previstos estão os pecados do homem....|Предвидены грехи человека..|人類的罪惡是可以預見的……|人間の罪を予見しています。|인간의 죄는 미리 예견되어 있습니다..|Vorhergesehen sind die Sünden der Menschen …|Les péchés de l'homme sont prévisibles…|Los pecados del hombre son previstos...|Przewidziane są grzechy człowieka..
lore_belts_soulburn_belt|Souls burning for an eternity.. |Sielut palavat ikuisuuden.. |Almas queimando por uma eternidade..|Души, горящие вечно..|靈魂永遠燃燒……|永遠に燃え続ける魂。|영혼들은 영원히 불타고 있습니다..|Seelen, die ewig brennen …|Des âmes brûlant pour l'éternité…|Almas ardiendo por una eternidad...|Dusze płonące przez wieczność..
lore_belts_freyas_frozen_buckle|The belt of an ancient Giant who lived in the mountains of Danethorpe..|Danethorpen vuoristossa asuneen muinaisen jättiläisen vyö.|O cinto de um Gigante ancião que viveu nas montanhas de Danethorpe..|Пояс древнего великана, жившего в горах Дэнторпа..|居住在丹尼斯索普山脈的古代巨人的腰帶……|デインソープの山々に住んでいた古代の巨人のベルト。|다네소프 산맥에 살던 고대 거인의 벨트입니다.|Der Gürtel eines uralten Riesen, der in den Bergen von Danethorpe lebte …|La ceinture d'un ancien géant qui vivait dans les montagnes de Danethorpe…|El cinturón de un Gigante anciano que vivió en las montañas de Danethorpe...|Pas pradawnego Giganta, który mieszkał w górach Danethorpe..
lore_belts_komodo_dragon_leather_belt|Crafted from an Authentic Komodo Dragon Leather somewhere near Mt. Fuji..|Valmistettu aidosta Komodo Dragon Leatherista jossain lähellä Fuji-vuorta.|Criado a partir de um autêntico couro de dragão de Komodo em algum lugar próximo ao Monte Fuji..|Изготовлен из настоящей кожи комодского варана где-то недалеко от горы Фудзи..|由富士山附近的正宗科莫多龍皮革製成……|富士山付近で採れた本物のコモドドラゴンの革で作られています。|후지산 근처에서 실제 코모도 드래곤 가죽으로 제작된 벨트입니다.|Gefertigt aus echtem Komodowaran-Leder, irgendwo in der Nähe des Fuji.|Fabriquée à partir d'un authentique cuir de dragon de Komodo, quelque part près du mont Fuji…|Hecho a mano con auténtica piel de Dragón de Komodo en algún lugar cerca del Monte Fuji...|Wykuty z autentycznej skóry smoka Komodo gdzieś niedaleko Mt. Fuji..
lore_belts_ancient_collectors_sash|Look at all these.. collections.. ?|Katsokaa kaikkia näitä... kokoelmia.. ?|Veja todas essas... coleções... ?|Посмотрите на все эти.. коллекции.. ?|看看這些……收藏品……？|これらの…コレクションを見てください…？強大な魔術師の血が、酒瓶の中に混ざり合っていた。|이 모든.. 수집품들을 좀 보세요.. ?|Seht euch all diese … Sammlungen an …?|Regardez toutes ces… collections… ?|Mira todas estas... colecciones... ?|Spójrz na wszystkie te… kolekcje.. ?
lore_belts_liquor_holster|The blood of a powerful mage was mixed within the liquor bottles..|Voimakkaan maagin veri sekoitettiin viinapulloihin.|O sangue de um mago poderoso foi misturado nas garrafas de licor...|Кровь могущественного мага была смешана в бутылках с ликером..|酒瓶裡混雜著強大法師的血液……|永遠の戦いの灰の中で鍛え上げられた。強大な武将、ソン・リーによって刻まれた。|강력한 마법사의 피가 술병 속 술에 섞여 있었습니다..|Das Blut eines mächtigen Magiers war in die Schnapsflaschen gemischt.|Le sang d'un puissant mage a été mélangé à ces bouteilles d'alcool…|La sangre de un poderoso mago fue mezclada en las botellas de licor...|Krew potężnego maga została zmieszana w butelkach z alkoholem..
lore_belts_girdle_of_eternal_war|Forged within the ashes of an eternal battle. Woren by the mighty warlord Sung Lee..|Taottu ikuisen taistelun tuhkaan. Voimakas sotapäällikkö Sung Lee käyttää sitä..|Forjado nas cinzas de uma batalha eterna. Usado pelo poderoso senhor da guerra Sung Lee.|Выкован в пепле вечной битвы. Носил могущественный военачальник Сун Ли..|在永恆戰場的灰燼中鍛造而成。 強大的軍閥李宋所穿。 |彼は狂気の淵へと突き進んだ。幾時間も、幾日も。それはいつ終わるのか？ |영원한 전쟁의 재 속에서 단련되어, 위대한 군벌 성 리가 착용했던 벨트입니다..|Geschmiedet in der Asche einer ewigen Schlacht. Getragen vom mächtigen Kriegsherrn Sung Lee.|Forgée dans les cendres d'une bataille éternelle. Porté par le puissant seigneur de guerre Sung Lee.|Forjado en las cenizas de una batalla eterna. Llevado por el poderoso señor de la guerra Sung Lee.|Wykute w popiołach wiecznej bitwy. Noszone przez potężnego wodza Sunga Lee.
lore_belts_el_patrons_madness|He worked him self to the edge of madness.. The hours.. The days.. When does it end?|Hän työskenteli itsensä hulluuden rajalle. Tunteja.. päiviä.. Milloin se loppuu? |Ele trabalhou até a beira da loucura. As horas... Os dias... Quando isso acaba? |Он работал до грани безумия.. Часы.. Дни.. Когда это закончится? |他工作到瘋狂的邊緣。幾個小時。幾天。什麼時候結束？ |彼は狂気の淵まで自分を追い込んだ..時間は..日々は..いつ終わるのか？|그는 스스로를 광기의 끝으로 밀어붙였습니다.. 몇 시간이고.. 며칠이고.. 그 끝은 도대체 언제인가요?|Er arbeitete sich bis an den Rand des Wahnsinns. Die Stunden. Die Tage. Wann endet es?|Il s'est entraîné jusqu'au bord de la folie. Les heures. Les jours. Quand cela finira-t-il ? |Trabajó hasta el borde de la locura... Las horas... Los días... ¿Cuándo terminará?|Doprowadził się do granic szaleństwa. Godziny. Dni. Kiedy to się skończy?
lore_belts_serpents_embrace|The ancient serpent god devouring it self..||A antiga serpente divina devorando a si mesma... |Древний бог-змей, пожирающий самого себя... |遠古蛇神吞噬自身…… |古代の蛇神が自らを食らう… |고대의 뱀 신이 스스로를 잡아먹고 있다. |Die uralte Schlangengottheit, die sich selbst verschlingt…|L'ancien dieu serpent se dévorant lui-même... |El antiguo dios serpiente devorándose a sí mismo. |Starożytny bóg-wąż pożerający samego siebie. 
|||||||||||
[Consumables]|||||||||||
consumable_blood_of_spartan|Blood of Spartan|Spartan veri|Sangue de Espartano|Кровь спартанца|斯巴達之血|スパルタンの血|스파르탄의 피 (Blood of Spartan)|Blut des Spartaners|Sang de Spartiate|Sangre de Espartano|Krew Sparty
consumable_bottle_of_radogate|Bottle of Radogate|Pullo Radogatea|Garrafa de Radogate|Бутылка радогейта|雷達瓶|ラドゲートの瓶|라도게이트 병 (Bottle of Radogate)|Flasche Radogate|Bouteille de Radogate|Botella de Radogate|Butelka Radogate
consumable_bottle_of_sake|Bottle of Sake|Pullo sakea|Garrafa de Saquê|Бутылка сакэ|清酒|日本酒の瓶|사케 병 (Bottle of Sake)|Flasche Sake|Bouteille de saké|Botella de Sake|Butelka Sake
consumable_caffeinated_coffee_container|Caffeinated Coffee Container|Kofeiinipitoinen kahvisäiliö|Recipiente de Café com Cafeína|Контейнер для кофе с кофеином|含咖啡因的咖啡容器|カフェイン入りコーヒーの容器|카페인 커피 용기 (Caffeinated Coffee Container)|Koffeinhaltiger Kaffeebehälter|Récipient à café caféiné|Recipiente de Café con Cafeína|Pojemnik na Kofeinową Kawę
consumable_elixir_of_death|Elixir of Death|Kuoleman eliksiiri|Elixir da Morte|Эликсир смерти|死亡靈藥|死の妙薬|죽음의 엘릭서 (Elixir of Death)|Elixier des Todes|Élixir de mort|Elixir de la Muerte|Eliksir Śmierci
consumable_elixir_of_unworldly_cognition|Elixir of Unworldly Cognition|Epämaailmallisen tuntemuksen eliksiiri|Elixir da Cognição Não-mundana|Эликсир неземного познания|超凡脫俗認知靈丹妙藥|この世ならざる認識の妙薬|비현실적인 인식 엘릭서 (Elixir of Unworldly Cognition)|Elixier der überirdischen Erkenntnis|Élixir de cognition surnaturelle|Elixir de Cognición Sobrenatural|Eliksir Nieziemskiej Poznania
consumable_empty_bottle_of_vodka|Empty Bottle of Vodka|Tyhjä vodkapullo|Garra Vazia de Vodka|Пустая бутылка водки|伏特加空瓶|ウォッカの空き瓶|빈 보드카 병 (Empty Bottle of Vodka)|Leere Wodkaflasche|Bouteille de vodka vide|Botella Vacía de Vodka|Pusta Butelka Wódki
consumable_ghostly_potion|Ghostly Potion|Aavemainen juoma|Poção Fantasmagórica|Призрачное зелье|幽靈藥水|幽霊の薬|유령의 물약 (Ghostly Potion)|Geisterhafter Trank|Potion fantomatique|Poción Espectral|Widmowa Mikstura
consumable_gold_inlaid_mysterious_potion|Gold Inlaid Mysterious Potion|Kultainen upotekoristeinen salaperäinen juoma|Poção Misteriosa Imbuída de Ouro|Золотая инкрустация таинственного зелья|鑲金神秘藥水|金象嵌の謎の薬|금박 장식 신비한 물약 (Gold Inlaid Mysterious Potion)|Goldverzierter Mysteriöser Trank|Potion mystérieuse incrustée d'or|Poción Misteriosa con Incrustaciones de Oro|Złoto Inkrustowana Tajemnicza Mikstura
consumable_maggot_eye_elixir|Maggot Eye Elixir|Maggot Eye Elixir|Elixir de Olho de Larva|Эликсир глаза червя|蛆眼靈藥|蛆虫の目薬|구더기 눈 엘릭서 (Maggot Eye Elixir)|Madenaugen-Elixier|Élixir d'œil d'asticot|Elixir de Ojo de Gusano|Eliksir Oka Larwy
consumable_power_of_void|Power of Void|Tyhjyyden voima|Poder do Vazio|Сила пустоты|虛空之力|虚無の力|공허의 힘 (Power of Void)|Kraft der Leere|Pouvoir du vide|Poder del Vacío|Moc Pustki
consumable_praetorian_blood|Praetorian Blood|Pretorian veri|Sangue Pretoriano|Преторианская кровь|禁衛軍之血|プラエトリアンの血|호위대 피 (Praetorian Blood)|Prätorianerblut|Sang prétorien|Sangre de Pretoriano|Krew Pretorianina
consumable_prismatic_potion|Prismatic Potion|Prismaattinen juoma|Poção Prismática|Призматическое зелье|棱鏡藥水|プリズマティック薬|프리즘 물약 (Prismatic Potion)|Prismatischer Trank|Potion prismatique|Poción Prismática|Pryzmatyczna Mikstura
consumable_protein_shake|Protein Shake|Proteiinipirtelö|Shake de Proteína|Протеиновый коктейль|蛋白奶昔|プロテインシェイク|프로틴 셰이크 (Protein Shake)|Proteinshake|Shake protéiné|Batido de Proteínas|Shake Proteinowy
consumable_radbull|Radbull|Radbull|Radbull|Радбулл|紅牛|ラッドブル|라드불 (Radbull)|Radbull|Radbull|Radbull|Radbull
consumable_sung_lees_unleashed_rage|Sung Lee's Flask of Carnage|Sung Leen verilöyly|Frasco da Carnificina de Sung Lee|Фляга резни Сунга Ли|李宋的殺戮|ソン・リーの殺戮のフラスコ|성 리의 학살 플라스크 (Sung Lee's Flask of Carnage)|Sung Lees Trank des Blutbads|Flacon de carnage de Sung Lee|Frasco de la Masacre de Sung Lee|Flaszka Rzezi Sung Lee
consumable_surstromming|Surströmming|Surströmming|Surströmming|Сурстрёмминг|瑞典鹽醃鯡魚罐|シュールストレミング|수르스트뢰밍 (Surströmming)|Surströmming|Surströmming|Surströmming|Surströmming
consumable_witches_potion|Witches Potion|Noidat juoma|Poção das Bruxas|Ведьмино зелье|女巫藥水|魔女の薬|마녀의 물약 (Witches Potion)|Hexentrank|Potion de sorcière|Poción de Bruja|Mikstura Wiedźmy
consumable_wizard_potion|Wizard Potion|Velhojuoma|Poção do Mago|Волшебное зелье|巫師藥水|魔法使いの薬|마법사의 물약 (Wizard Potion)|Zaubertrank|Potion de sorcier|Poción de Hechicero|Mikstura Czarodzieja
consumable_coffee_mug|Sarcaster’s Coffee Mug|Sarcasterin kahvimuki|Xícara de Café do Sarcaster|Кофейная кружка саркастера|薩卡斯特咖啡杯|サーカスターのコーヒーマグ|살캐스터의 커피 머그 (Sarcaster’s Coffee Mug)|Sarcasters Kaffeetasse|Tasse à café de Sarcaster|Taza de Café de Sarcaster|Kubek Kawy Sarcastera
consumable_dark_vial_corrosion|Dark Vial of Corrosion|Tumma korroosiopullo|Frasco Negro de Corrosão|Темный флакон коррозии|黑暗腐蝕瓶|腐食の暗黒の小瓶|부식의 어두운 병 (Dark Vial of Corrosion)|Dunkle Phiole der Korrosion|Fiole noire de corrosion|Vial Oscuro de Corrosión|Ciemna Fiola Korozji
consumable_amun_ras_demise|Amun Ra's Demise|Amun Ra:n kuolema |A Morte de Amun Ra |Гибель Амуна Ра |阿蒙·拉的滅亡|アムン・ラーの終焉 |아문 라의 몰락 (Amun Ra's Demise)|Amun Ras Untergang|La mort d'Amon Rê |Ocaso de Amón-Ra|Zguba Amun Ra
consumable_tarot_deck|Tarot Deck|Tarot Pakka|Baralho de Tarô |Колода Таро |塔羅牌 |タロットデッキ|타로 덱 (Tarot Deck)|Tarot-Deck|Jeu de tarot |Baraja de tarot |Talia Tarota
consumable_leviathans_blood|Leviathan´s Blood||Sangue de Leviatã |Кровь Левиафана |利維坦之血|リヴァイアサンの血 |리바이어던의 피|Leviathans Blut |Le Sang du Léviathan |Sangre del Leviatán|Krew Lewiatana
|||||||||||
lore_consumable_blood_of_spartan|Enhances your Defense and Damage Return.|Parantaa puolustustasi ja vahinkojen tuottoa.|Aumenta a sua Defesa e Retorno de Dano.|Повышает вашу защиту и отдачу урона. |增強你的防禦和傷害反彈。|防御力とダメージリターンを強化します。|방어력과 데미지 반사를 증가시킵니다.|Verbessert deine Verteidigung und Schadensrückgabe.|Améliore votre défense et vos dégâts.|Mejora tu Defensa y Devolución de Daño.|Wzmacnia twoją Obronę i Zwrot Obrażeń.
lore_consumable_bottle_of_radogate|Gain Increased Movement Speed and Phasing.|Lisää liikenopeutta ja vaiheistusta.|Ganha Velocidade de Movimento Aumentada e Phasing.|Получите повышенную скорость передвижения и фазировку. |提高移動速度和獲得相位狀態。|移動速度とフェーズが上昇します。|이동 속도 및 위상 이동 능력이 증가합니다.|Erhöht deine Bewegungsgeschwindigkeit und Phasenverschiebung.|Augmente votre vitesse de déplacement et votre déphasage.|Obtienes Velocidad de Movimiento aumentada y Fase.|Zyskaj Zwiększoną Prędkość Ruchu i Fazowanie.
lore_consumable_bottle_of_sake|Increases your Attack Damage and Critical Strike Damage.|Lisää hyökkäysvahinkoasi ja kriittisten iskujen aiheuttamaa vahinkoa.|Aumenta o seu Dano de Ataque e Dano de Acerto Crítico.|Увеличивает урон от атак и критических ударов. |增加你的攻擊傷害和暴擊傷害。|攻撃力とクリティカルストライクダメージが上昇します。|공격력과 치명타 데미지가 증가합니다.|Erhöht deinen Angriffsschaden und deinen kritischen Trefferschaden.|Augmente vos dégâts d'attaque et vos dégâts de coup critique.|Aumenta tu Daño de Ataque y tu Daño de Golpe Crítico.|Zwiększa twoje Obrażenia Ataku i Obrażenia Trafienia Krytycznego.
lore_consumable_caffeinated_coffee_container|Deal Increased Damage to Burning targets.|Lisää vahinkoa palaville kohteille.|Causa Dano Aumentado em alvos Queimando.|Наносит повышенный урон горящим целям. |對燃燒目標造成更高傷害。|炎上中のターゲットへのダメージが上昇します。|불타는 적에게 주는 데미지가 증가합니다.|Verursacht erhöhten Schaden an brennenden Zielen.|Inflige des dégâts accrus aux cibles en feu.|Inflige Daño aumentado a objetivos quemados.|
lore_consumable_elixir_of_death|Enhances all Damage dealt.|Parantaa kaikkia aiheutettuja vahinkoja.|Aumenta todo o seu Dano causado.|Увеличивает весь наносимый урон. |增強所有造成的傷害。|与えるダメージがすべて上昇します。|모든 데미지를 강화합니다.|Verbessert allen verursachten Schaden.|Augmente tous les dégâts infligés.|Mejora todo el daño infligido.|Zadaj Zwiększone Obrażenia palącym się celom.
lore_consumable_elixir_of_unworldly_cognition|Increases your Experience gained.|Lisää kokemustasi.|Aumenta o seu Ganho de Experiência.|Увеличивает ваш опыт. |增加你所獲得的經驗。|獲得経験値が上昇します。|획득하는 경험치가 증가합니다.|Erhöht deine gewonnene Erfahrung.|Augmente votre expérience gagnée.|Aumenta la Experiencia que ganas.|Wzmacnia wszystkie zadawane Obrażenia.
lore_consumable_empty_bottle_of_vodka|Gain additional All Skills for its duration.|Hanki lisää kaikkia taitoja sen keston ajaksi.|Ganha Todas as Habilidades adicionais pela sua duração.|Получите дополнительные Все Навыки на время действия эффекта. |在其持續時間內獲得額外的所有技能。|効果時間中、全スキルが追加で得られます。|지속 시간 동안 모든 스킬이 추가됩니다.|Erhält für die Dauer zusätzliche Fertigkeiten.|Gagnez toutes les compétences supplémentaires pendant sa durée.|Obtienes +X a todas las Habilidades durante su efecto.|Zwiększa twoje zdobyte Doświadczenie.
lore_consumable_ghostly_potion|Enhances Magic Skill Damage.|Parantaa Magic Skill Damage -vaurioita.|Aumenta o seu Dano de Habilidade Mágica.|Увеличивает урон от магических навыков. |提升魔法技能傷害。|魔法スキルのダメージが上昇します。|마법 스킬 데미지를 강화합니다.|Verbessert den Schaden durch magische Fertigkeiten.|Augmente les dégâts des compétences magiques.|Mejora el Daño de Habilidad Mágica.|Zyskaj dodatkowe Wszystkie Umiejętności na czas trwania.
lore_consumable_gold_inlaid_mysterious_potion|Gain Increased Magic Find and Gold from monster kills.|Hanki lisää taikalöytöjä ja kultaa hirviötapoista.|Receba Magic Find e Ouro de Eliminações Aumentado.|Увеличьте свой доход от поиска магии и золота за убийство монстров. |擊殺怪物獲得更多的物品稀有度和金幣。|モンスターを倒した際に獲得する魔法の発見とゴールドが上昇します。|몬스터 처치 시 마법 아이템 확률 및 골드 획득량이 증가합니다.|Erhält erhöhtes Magisches Gespür und Gold durch Monstertötungen.|Augmentez votre découverte de magie et votre or en tuant des monstres.|Aumenta el Hallazgo Mágico y el Oro obtenidos al matar monstruos.|Wzmacnia Obrażenia Umiejętności Magicznych.
lore_consumable_maggot_eye_elixir|Increases your Attack Speed and Attack Rating.|Lisää hyökkäysnopeutta ja hyökkäysluokitusta.|Aumenta a sua Velocidade de Ataque e Taxa de Ataque.|Увеличивает вашу скорость атаки и рейтинг атаки. |提高你的攻擊速度和攻擊命中率。|攻撃速度と攻撃レーティングが上昇します。|공격 속도와 명중률이 증가합니다.|Erhöht deine Angriffsgeschwindigkeit und Angriffswertung.|Augmente votre vitesse d'attaque et votre score d'attaque.|Aumenta tu Velocidad de Ataque y tu Puntería.|Zyskaj Zwiększoną Szansę na Magiczne Przedmioty i Złoto z zabitych potworów.
lore_consumable_power_of_void|Unleash Comets when casting any spell.|Vapauta komeetat loitsuessasi.|Libera Cometas ao lançar qualquer feitiço.|Выпускайте кометы при произнесении любого заклинания. |施展任何法術時釋放彗星。|呪文を詠唱する際に彗星を放ちます。|주문 시전시 혜성을 소환합니다.|Entfesselt Kometen beim Wirken eines Zaubers.|Déchaîne des comètes lors du lancement d'un sort.|Desata Cometas al lanzar cualquier hechizo.|Zwiększa twoją Szybkość Ataku i Celność Ataku.
lore_consumable_praetorian_blood|Gain Increased Life Steal.|Hanki Lisääntynyt Life Steal.|Receba Roubo de Vida Aumentado.|Увеличивает кражу жизни. |獲得更多的生命偷取。|ライフスティールが上昇します。|생명력 흡수가 증가합니다.|Erhöht den Lebensraub.|Augmente votre vol de vie.|Obtienes Robo de Vida aumentado.|Uwolnij Komety przy rzucaniu dowolnego czaru.
lore_consumable_prismatic_potion|Increases All Resistances.|Lisää kaikki vastukset.|Aumenta Todas as Resistências.|Увеличивает все сопротивления. |增加所有抵抗力。|全耐性が上昇します。|모든 저항력이 증가합니다.|Erhöht alle Widerstände.|Augmente toutes les résistances.|Aumenta Todas las Resistencias.|Zyskaj Zwiększoną Kradzież Życia.
lore_consumable_protein_shake|Buffs your Strength and Vitality.|Piristää voimaasi ja elinvoimaasi.|Aumenta sua Força e Vitalidade.|Увеличивает вашу силу и жизненную силу. |增強你的力量和體力。|体力と生命力が強化されます。|힘과 활력이 증가하는 버프를 받습니다.|Stärkt deine Stärke und Vitalität.|Augmente votre force et votre vitalité.|Mejora tu Fuerza y Vitalidad.|Zwiększa Wszystkie Odporności.
lore_consumable_radbull|Gain Increased Attack Speed and Movement Speed.|Lisää hyökkäysnopeutta ja liikenopeutta.|Ganhe Maior Velocidade de Ataque e Velocidade de Movimento.|Увеличивает скорость атаки и передвижения. |獲得更高的攻擊速度和移動速度。|攻撃速度と移動速度が上昇します。|공격 속도 및 이동 속도가 증가합니다.|Erhöht deine Angriffsgeschwindigkeit und Bewegungsgeschwindigkeit.|Augmente votre vitesse d'attaque et votre vitesse de déplacement.|Obtienes Velocidad de Ataque y Velocidad de Movimiento aumentadas.|Buffuje twoją Siłę i Witalność.
lore_consumable_sung_lees_unleashed_rage|All Attacks now cause enemies to bleed.|Kaikki hyökkäykset saavat nyt viholliset vuotamaan verta.|Todos os Ataques agora fazem com que inimigos sangrem.|Теперь все атаки вызывают у врагов кровотечение. |所有攻擊現在都會導致敵人流血。|すべての攻撃で敵が出血状態になります。|모든 공격이 적을 출혈 상태로 만듭니다.|Alle Angriffe lassen Gegner jetzt bluten.|Toutes les attaques font désormais saigner les ennemis.|Ahora todos los ataques provocan sangrado en los enemigos.|Zyskaj Zwiększoną Szybkość Ataku i Prędkość Ruchu.
lore_consumable_surstromming|Gain Increased Life Replenish and Mana Replenish.|Hanki lisää elinaikaa ja Mana Replenish.|Ganhe Regeneração de Vida e Mana Aumentados.||獲得更多的生命回復和法力回復。|ライフ回復とマナ回復が上昇します。|생명력 및 마나 회복 속도가 증가합니다.|Erhält erhöhte Lebens- und Mana-Erneuerung.|Augmentez votre régénération de vie et de mana.|Obtienes Regeneración de Vida y Maná aumentada.|Wszystkie ataki teraz powodują krwawienie u wrogów.
lore_consumable_witches_potion|Gain full Life & Mana and Increased Life & Mana Replenish.|Hanki täysi Life & Mana ja Increased Life & Mana Replenish.|Receba Vida e Mana cheias e Regeneração de Vida e Mana aumentados.||完全恢復生命和法力並增加生命和法力恢復量。|ライフとマナが満タンになり、ライフとマナ回復が上昇します。|생명력과 마나가 모두 회복되며, 회복 속도 또한 증가합니다.|Erhält volles Leben & Mana und erhöhte Lebens- und Mana-Erneuerung.|Gagnez la totalité de votre vie et de votre mana, et augmentez votre régénération de vie et de mana.|Recuperas toda la Vida y el Maná y obtienes Regeneración de Vida y Maná aumentada.|Zyskaj Zwiększone Odnawianie Życia i Odnawianie Many.
lore_consumable_wizard_potion|Enhances your Cast Rate.|Parantaa lähetysnopeuttasi.|Aumenta a sua Taxa de Conjuração.|Увеличивается восстановление жизни и маны. |提高你的施法速度。|詠唱速度が上昇します。カハテラ・シスムメラ…|시전 속도를 증가시킵니다.|Erhöht deine Zauberrate.|Améliore votre taux d'incantation.|Mejora tu Velocidad de Lanzamiento.|Zyskaj pełne Życie & Manę i Zwiększone Odnawianie Życia & Many.
lore_consumable_coffee_mug|Kahtellaa syssymmällä..|Kahtellaa syssymmällä..|Kahtellaa syssymmällä..|Двуликий.. |Kahtellaa syssymmällä……|闇に染まった古代の神秘的な疫病から成ります。|카테라 시스슴말라|Kahtellaa syssymmällä..|Kahtellaa syssymmällä..|Kahtellaa syssymmällä..|Wzmacnia twoją Szybkość Rzucania.
lore_consumable_dark_vial_corrosion|Consists of an ancient mystic plague infused in darkness..|Koostuu muinaisesta mystisestä rutosta, joka on levinnyt pimeyteen.|Consiste em uma antiga praga mística infundida na escuridão..|Состоит из древней мистической чумы, проникнутой тьмой. |由一種注入黑暗中的古老神秘瘟疫組成……|死後の世界から、アムン・ラーは生者と不死者の魂を刈り取ります。 |고대의 어둠으로 물든 신비한 역병으로 구성되어 있습니다.|Besteht aus einer uralten mystischen Plage, die in die Dunkelheit eindringt..|Il s'agit d'une ancienne peste mystique imprégnée de ténèbres.|Consiste en una antigua plaga mística infundida en la oscuridad...|Kahtellaa syssymmällä..
lore_consumable_amun_ras_demise|From beyond afterlife Amun Ra reaps the souls of the living and undead..|Tuonpuoleisesta maailmasta Amun Ra niittää elävien ja epäkuolleiden sieluja. |Do além-vida, Amun Ra colhe as almas dos vivos e mortos-vivos.|Из-за пределов загробной жизни Амон Ра пожинает души живых и немертвых..|阿蒙·拉從來世之外收割生者和不死者的靈魂…… |死後の世界の彼方から、アムン・ラーは生者とアンデッドの魂を刈り取る..|아문 라는 사후 세계 너머에서 살아있는 자와 언데드의 영혼을 수확합니다.|Aus dem Jenseits erntet Amun Ra die Seelen der Lebenden und Untoten..|D'au-delà de l'au-delà, Amon Rê récolte les âmes des vivants et des morts-vivants. |Desde el más allá, Amón-Ra siega las almas de los vivos y los no-muertos...|Spoza zaświatów Amun Ra zbiera dusze żywych i nieumarłych..
lore_consumable_tarot_deck|Pull a random card..|Nosta satunnainen kortti.. |Puxe uma carta aleatória. |Вытяните случайную карту.. |隨機抽一張牌.. |ランダムなカードを引く..|무작위 카드를 뽑습니다.|Ziehe eine zufällige Karte.|Tirez une carte au hasard. |Saca una carta al azar. |Pociągnij losową kartę..
lore_consumable_leviathans_blood|The blood of an ancient terrifying god colossus..||O sangue de um antigo e aterrorizante deus colossal...|Кровь древнего ужасающего бога-колосса...|遠古恐怖巨神的血液……|太古の恐ろしき巨神の血……|고대의 무시무시한 거신 신의 피…|Das Blut eines uralten, furchterregenden Gott-Kolosses ...|Le sang d'un dieu colosse antique et terrifiant...|La sangre de un antiguo y aterrador coloso divino.|Krew starożytnego, przerażającego boga-kolosa...
|||||||||||
vault_superior_essence_vault|Essence Vault|Essenssiholvi|Cofre de Essências|Хранилище эссенции|≤優越≥精華庫|エッセンス保管庫 |에센스 금고|Essenz-Tresor|Coffre d'essence|Bóveda de Esencia|Skarbiec Esencji
vault_rare_essence_vault|Essence Vault|Essenssiholvi|Cofre de Essências|Хранилище эссенции|≤稀有≥精華庫|エッセンス保管庫 |에센스 금고|Essenz-Tresor|Coffre d'essence|Bóveda de Esencia|Skarbiec Esencji
vault_mythic_essence_vault|Essence Vault|Essenssiholvi|Cofre de Essências|Хранилище эссенции|≤神話≥精華庫|エッセンス保管庫 |에센스 금고|Essenz-Tresor|Coffre d'essence|Bóveda de Esencia|Skarbiec Esencji
vault_satanic_essence_vault|Essence Vault|Essenssiholvi|Cofre de Essências|Хранилище эссенции|≤撒旦≥精華庫|エッセンス保管庫 |에센스 금고|Essenz-Tresor|Coffre d'essence|Bóveda de Esencia|Skarbiec Esencji
vault_heroic_essence_vault|Essence Vault|Essenssiholvi|Cofre de Essências|Хранилище эссенции|≤英雄≥精華庫|エッセンス保管庫 |에센스 금고|Essenz-Tresor|Coffre d'essence|Bóveda de Esencia|Skarbiec Esencji
vault_angelic_essence_vault|Essence Vault|Essenssiholvi|Cofre de Essências|Хранилище эссенции|≤天使≥精華庫|エッセンス保管庫 |에센스 금고|Essenz-Tresor|Coffre d'essence|Bóveda de Esencia|Skarbiec Esencji
vault_unholy_essence_vault|Essence Vault|Essenssiholvi|Cofre de Essências|Хранилище эссенции|≤邪惡≥精華庫|エッセンス保管庫 |에센스 금고|Essenz-Tresor|Coffre d'essence|Bóveda de Esencia|Skarbiec Esencji
lore_vault_superior_essence_vault|A locked container demanding a soul sacrifice..|Lukittu säiliö, jossa vaaditaan sieluuhria. |Um recipiente trancado que exige um sacrifício de alma. |Запертый контейнер, требующий жертвоприношения души. |一個要求靈魂獻祭的上鎖容器，…… |魂の犠牲を求める閉ざされた容器.. |영혼의 희생을 요구하는 잠긴 컨테이너..|Ein verschlossener Behälter, der ein Seelenopfer erfordert.|Un contenant verrouillé exigeant le sacrifice d'une âme. |Un contenedor cerrado que exige el sacrificio de un alma. |Zamknięty pojemnik wymagający ofiary duszy..
lore_vault_rare_essence_vault|A locked container demanding a soul sacrifice..|Lukittu säiliö, jossa vaaditaan sieluuhria. |Um recipiente trancado que exige um sacrifício de alma. |Запертый контейнер, требующий жертвоприношения души. |一個要求靈魂獻祭的上鎖容器…… |魂の犠牲を求める閉ざされた容器.. |영혼의 희생을 요구하는 잠긴 컨테이너..|Ein verschlossener Behälter, der ein Seelenopfer erfordert.|Un contenant verrouillé exigeant le sacrifice d'une âme. |Un contenedor cerrado que exige el sacrificio de un alma. |Zamknięty pojemnik wymagający ofiary duszy..
lore_vault_mythic_essence_vault|A locked container demanding a soul sacrifice..|Lukittu säiliö, jossa vaaditaan sieluuhria. |Um recipiente trancado que exige um sacrifício de alma. |Запертый контейнер, требующий жертвоприношения души. |一個要求靈魂獻祭的上鎖容器…… |魂の犠牲を求める閉ざされた容器.. |영혼의 희생을 요구하는 잠긴 컨테이너..|Ein verschlossener Behälter, der ein Seelenopfer erfordert.|Un contenant verrouillé exigeant le sacrifice d'une âme. |Un contenedor cerrado que exige el sacrificio de un alma. |Zamknięty pojemnik wymagający ofiary duszy..
lore_vault_satanic_essence_vault|A locked container demanding a soul sacrifice..|Lukittu säiliö, jossa vaaditaan sieluuhria. |Um recipiente trancado que exige um sacrifício de alma. |Запертый контейнер, требующий жертвоприношения души. |一個要求靈魂獻祭的上鎖容器…… |魂の犠牲を求める閉ざされた容器.. |영혼의 희생을 요구하는 잠긴 컨테이너..|Ein verschlossener Behälter, der ein Seelenopfer erfordert.|Un contenant verrouillé exigeant le sacrifice d'une âme. |Un contenedor cerrado que exige el sacrificio de un alma. |Zamknięty pojemnik wymagający ofiary duszy..
lore_vault_heroic_essence_vault|A locked container demanding a soul sacrifice..|Lukittu säiliö, jossa vaaditaan sieluuhria. |Um recipiente trancado que exige um sacrifício de alma. |Запертый контейнер, требующий жертвоприношения души. |一個要求靈魂獻祭的上鎖容器…… |魂の犠牲を求める閉ざされた容器.. |영혼의 희생을 요구하는 잠긴 컨테이너..|Ein verschlossener Behälter, der ein Seelenopfer erfordert.|Un contenant verrouillé exigeant le sacrifice d'une âme. |Un contenedor cerrado que exige el sacrificio de un alma. |Zamknięty pojemnik wymagający ofiary duszy..
lore_vault_angelic_essence_vault|A locked container demanding a soul sacrifice..|Lukittu säiliö, jossa vaaditaan sieluuhria. |Um recipiente trancado que exige um sacrifício de alma. |Запертый контейнер, требующий жертвоприношения души. |一個要求靈魂獻祭的上鎖容器…… |魂の犠牲を求める閉ざされた容器.. |영혼의 희생을 요구하는 잠긴 컨테이너..|Ein verschlossener Behälter, der ein Seelenopfer erfordert.|Un contenant verrouillé exigeant le sacrifice d'une âme. |Un contenedor cerrado que exige el sacrificio de un alma. |Zamknięty pojemnik wymagający ofiary duszy..
lore_vault_unholy_essence_vault|A locked container demanding a soul sacrifice..|Lukittu säiliö, jossa vaaditaan sieluuhria. |Um recipiente trancado que exige um sacrifício de alma. |Запертый контейнер, требующий жертвоприношения души. |一個要求靈魂獻祭的上鎖容器…… |魂の犠牲を求める閉ざされた容器.. |영혼의 희생을 요구하는 잠긴 컨테이너..|Ein verschlossener Behälter, der ein Seelenopfer erfordert.|Un contenant verrouillé exigeant le sacrifice d'une âme. |Un contenedor cerrado que exige el sacrificio de un alma. |Zamknięty pojemnik wymagający ofiary duszy..
|||||||||||
[fish[|||||||||||
fish_tarethiel_guppy|Tarethiel Guppy||||塔雷希爾·古比||||||Gupik Tarethiela
fish_river_crapple|River Crapple||||河流克拉普||||||River Crapple
fish_rock_bass|Rock Bass||||岩石貝斯||||||Rock Bass
|||||||||||
|||||||||||
|||||||||||
|||||||||||
|||||||||||
|||||||||||
|||||||||||
|||||||||||
[runeword]|||||||||||
runeword_breath_of_dying|Breath of the Damned|Tuomitun Hengähdys|Sopro dos Condenados|Дыхание проклятых|詛咒之息|ブレス・オブ・ザ・ダムド |저주받은 자의 숨결 (Breath of the Damned)||Souffle des damnés|Aliento de los Condenados|Oddech Potępionych
runeword_windstride|Windstride|Tuulentuoma|Caminhar do Vento|Скачущий по ветру|風行者|ウィンドストライド|바람걸음 (Windstride)|Windschritt|Chevauchée du vent|Zancada de Viento|Krok Wiatru
runeword_potency|Potency|Teho|Potência|Потенция|效力|潜在力|강력함 (Potency)|Potenz|Puissance|Potencia|Potencja
runeword_sleight|Sleight|Silmänkääntäjä|Destreza|Ловкость|手法|巧妙|솜씨 (Sleight)|Geschicklichkeit|Fourberie|Destreza|Sztuczka
runeword_shelter|Shelter|Suoja|Refúgio|Укрытие|庇護所|シェルター|피난처 (Shelter)|Unterkunft|Refuge|Refugio|Schronienie
runeword_mirage|Mirage|Kangastus|Miragem|Мираж|海市蜃樓|ミラージュ|신기루 (Mirage)|Illusion|Mirage|Espejismo|Mirage
runeword_thinking_cap|Thinking Cap|Mietintämyssy|Elmo do Pensamento|Мыслящий Колпачок|思考|シンキングキャップ|생각하는 모자 (Thinking Cap)|Denkmütze|Capuchon de réflexion|Gorro de Pensador|Myślowa Czapka
runeword_lightforge|Lightforge|Valontakoja|Forja da Luz|Световой Горн|光鑄|ライトフォージ|빛단조 (Lightforge)|Lichtschmiede|Forge de lumière|Forja de Luz|Lightforge
runeword_scholar|Scholar|Oppinut|Acadêmico|Ученый|學者|学者|학자 (Scholar)|Gelehrter|Érudit|Erudito|Uczony
runeword_fortress|Fortress|Linnoitus|Fortaleza|Крепость|堡壘|要塞|요새 (Fortress)|Festung|Forteresse|Fortaleza|Forteca
runeword_bristle|Bristle|Harjas|Bristle|Щетина|猪鬃|針毛|가시 (Bristle)|Borste|Ericius|Cerda|Szczecina
runeword_force|Force|Voima|Força|Сила|原力|力|힘 (Force)|Kraft|Puissance|Fuerza|Siła
runeword_mystify|Mystify|Mystifioi|Mistificar|Мистифицировать|迷幻|神秘化|신비화 (Mystify)|Verwirren|Mystique|Misterio|Mistyfikacja
runeword_shroud_of_elements|Shroud of Elements|Elementtiliina|Manto dos Elementos|Пелена стихий|元素屏障|エレメントのシュラウド|원소의 망토 (Shroud of Elements)|Schleier der Elemente|Linceul des éléments|Sudario de los Elementos|Zasłona Żywiołów
runeword_mayhem|Mayhem|Sekasorto|Caos|Хаос|混亂|騒乱|혼란 (Mayhem)|Chaos|Chaos|Caos|Mayhem
runeword_quickstep|Quickstep|Nopsajalka|Passo Rápido|Быстрый Шаг|靈活步伐|クイックステップ|빠른걸음 (Quickstep)|Schnellmarsch|Marche rapide|Paso Rápido|Szybki Krok
runeword_rainbow|Rainbow|Sateenkaari|Arco-íris|Радуга|彩虹|虹|무지개 (Rainbow)|Regenbogen|Arc-en-ciel|Arcoíris|Tęcza
runeword_havoc|Havoc|Hävitys|Destruição|Хаос|浩劫|大混乱|대혼란 (Havoc)|Durcheinander|Confusion|Estragos|Spustoszenie
runeword_gladstone_gooses_jacket|Gladstone Goose's Jacket|Hannu Hanhen Takki|Jaqueta de Ganso de Gladstone|Куртка Гладстонского Гуся|葛萊史東甘德的夾克|グラッドストーン･グース･ジャケット|글래드스톤 구스의 재킷 (Gladstone Goose's Jacket)|Jacke des Gladstone Goose|Veste d'oie Gladstone|Chaqueta de Gladstone Gander|Kurtka Gladstone Goose'a
runeword_preacher|Preacher|Saarnaaja|Pregador|Проповедник|牧師|牧師|설교자 (Preacher)|Priester|Prédicateur|Predicador|Kaznodzieja
runeword_perdition|Perdition|Perikato|Perdição|Погибель|毀滅|破滅|파멸 (Perdition)|Verderben|Perdition|Perdición|Zguba
runeword_ravager|Ravager|Hävittäjä|Devastador|Разрушитель|蹂躪|ラベジャー|파괴자 (Ravager)|Verwüster|Dévastation|Devastador|Ravager
runeword_catastrophe|Catastrophe|Katastrofi|Catástrofe|Катастрофа|困境|カタストロフ|재앙 (Catastrophe)|Katastrophe|Catastrophe|Catástrofe|Katastrofa
runeword_judge|Judge|Tuomari|Juiz|Судья|法官|ジャッジ|판사 (Judge)|Richter|Juge|Juez|Sędzia
runeword_will_of_thanos|Will of Thanos|Thanoksen Tahto|Vontade de Thanos|Воля Таноса|薩諾斯的意志|サノスの意志|타노스의 의지 (Will of Thanos)|Wille des Thanos|Volonté de Thanos|Voluntad de Thanos|Wola Thanosa
runeword_revelation|Revelation|Paljastus|Revelação|Откровение|啟示|啓示|계시 (Revelation)|Offenbarung|Apocalypse|Revelación|Objawienie
runeword_kogarasumaru|Kogarasumaru|Kogarasumaru|Kogarasumaru|Когарасумару|小烏丸|小烏丸|코가라스마루 (Kogarasumaru)|Kogarasumaru|Kogarasumaru|Kogarasumaru|Kogarasumaru
runeword_big_joe|Big Joe|Iso Joe|Grande Joe|Большой Джо|大喬|ビッグジョー|빅 조 (Big Joe)|Großer Joe|Gros Joe|Gran Joe|Big Joe
runeword_valkyrie|Valkyrie|Valkyrie|Valquíria|Валькирия|女武神|ヴァルキリー|발키리 (Valkyrie)|Walküre|Valkyrie|Valquiria|Walkiria
runeword_enigma|Shroud of Enigma|Enigman käärinliina |Manto do Enigma|Покров загадки|謎團|謎の覆い |수수께끼의 망토 (Shroud of Enigma)|Schleier des Rätsels|Enigme|Sudario del Enigma|Zasłona Enigmy
runeword_mjolner|Mjolner|Mjølner|Mjolner|Мьельнер|米約爾納|ミョルナー|묠니르 (Mjolner)|Mjölner|Mjollnir|Mjolner|Mjolner
runeword_arcane_bastion|Arcane Bastion|Arkaaninen linnake|Bastião Arcano|Тайный Бастион|奧術堡壘|秘儀の砦|아케인 배스티언 (Arcane Bastion)|Arkane Bastion|Bastion arcanique|Bastión Arcano|Arkaniczna Bastion
runeword_ascendancy|Ascendancy|Ylemmyys|Ascensão|Господство|優勢|優勢|승천 (Ascendancy)|Vorherrschaft|Ascendance|Ascendencia|Przewyższenie
runeword_sovereignty|Sovereignty|Suvereniteetti|Soberania|Суверенитет|主權|主権|주권 (Sovereignty)|Souveränität|Souveraineté|Soberanía|Suwerennosć
runeword_virulence|Virulence|Virulenssi|Virulência|Вирулентность|毒力|毒気|독성 (Virulence)|Bösartigkeit|Virulence|Virulencia|Zjadliwość
runeword_carnage|Carnage|Verilöyly|Carnificina|Кровавая бойня|屠殺|大虐殺|학살 (Carnage)|Gemetzel|Carnage|Masacre|Rzeź
runeword_arcanum|Arcanum|Arcanum|Arcanum|Аркан|奧秘|アルカナム|아르카넘 (Arcanum)|Arkanum|Arcane|Arcano|Arcanum
runeword_true_aim|True Aim|Todellinen tavoite|Mira Verdadeira|Истинная Цель|真實目標|真の狙い|진정한 명중 (True Aim)|Wahres Ziel|Visée parfaite|Puntería Verdadera|Prawdziwy Cel
runeword_harvester|Harvester|Harvesteri|Colhedora|Комбайн|收割者|ハーベスター|수확자 (Harvester)|Ernte|Moissonneur|Cosechador|Żniwiarz
runeword_epilogue|Epilogue|Epilogi|Epílogo|Эпилог|尾聲|エピローグ|에필로그 (Epilogue)|Epilog|Épilogue|Epílogo|Epilog
runeword_trapped_vessel|Trapped Vessel|Loukkuun jäänyt alus|Recipiente Aprisionado|Захваченный Сосуд|困魂容器|閉じ込められた器|갇힌 그릇 (Trapped Vessel)|Gefangenes Gefäß|Nabuchodonosor|Recipiente Atrapado|Uwięzione Naczynie
runeword_conquest|Conquest|Valloitus|Conquista|Завоевание|征服|征服|정복 (Conquest)|Eroberung|Conquête|Conquista|Podbój
runeword_divine_contemplation|Divine Contemplation|Jumalallinen mietiskely|Contemplação Divina|Божественное Созерцание|神聖沉思|神聖なる黙想|신성한 묵상 (Divine Contemplation)|Göttliche Kontemplation|Contemplation divine|Contemplación Divina|Boska Kontemplacja
runeword_atonement|Atonement|Sovitus|Expiação|Искупление|贖罪|贖罪|속죄 (Atonement)|Sühne|Expiation|Expiación|Pokuta
runeword_ghost|Ghost|Aave|Fantasma|Призрак|幽靈|ゴースト|유령 (Ghost)|Geist|Fantôme|Fantasma|Duch
runeword_divinity|Divinity|Jumaluus|Divindade|Божественность|神性|神性|신성 (Divinity)|Göttlichkeit|Divinité|Divinidad|Boskość
runeword_flowing_sands|Flowing Sands|Virtaava hiekka|Areias Fluidas|Текучие Пески|流沙|流砂|흐르는 모래 (Flowing Sands)|Fließender Sand|Sables mouvants|Arenas Movedizas|Płynące Piaski
runeword_deus_ex_machina|Deus Ex Machina|Deus Ex Machina|Deus Ex Machina|Бог из Машины|機械降神|デウス・エクス・マキナ|데우스 엑스 마키나 (Deus Ex Machina)|Deus Ex Machina|Deus Ex Machina|Deus Ex Machina|Deus Ex Machina
runeword_malice|Malice|Pahuus|Malícia|Злоба|怨恨|悪意|악의 (Malice)|Bosheit|Malice|Malicia|Złośliwość
runeword_skysong|Skysong|Skysong|Canto do Céu|Небесная Песня|天空之歌|スカイソング|하늘노래 (Skysong)|Himmelssang|Chant du ciel|Canto del Cielo|Pieśń Niebios
runeword_torment|Torment|Piina |Tormenta|Мучение|折磨|トーメント|고문 (Torment)|Qual|Supplice|Tormento|Męka
runeword_martyr|Martyr|Marttyyri|Mártir|Мученик|殉道者|殉教者|순교자 (Martyr)|Märtyrer|Martyr|Mártir|Męczennik
runeword_paradox|Paradox|Paradoksi|Paradoxo|Парадокс|悖論|パラドックス|역설 (Paradox)|Paradox|Paradoxe|Paradoja|Paradoks
runeword_innerFire|Inner Fire|Sisäinen Tuli|Fogo Interior|Внутренний Огонь|心靈之火|内なる炎|내면의 불꽃 (Inner Fire)|Inneres Feuer|Feu intérieur|Fuego Interior|Wewnętrzny Ogień
runeword_fleshRipper|Flesh Ripper|Lihan viiltäjä|Estripador de Carne|Потрошитель Плоти|撕肉者|フレッシュリッパー|살점 절단자 (Flesh Ripper)|Fleischreißer|Éviscérateur|Desgarrador de Carne|Rozpruwacz Ciała
runeword_aurorasMight|Aurora's Might|Auroran voima|O Poder de Aurora|Мощь Авроры|極光之力|オーロラの力|오로라의 힘 (Aurora's Might)|Auroras Macht|Puissance d'Aurora|Poder de la Aurora|Potęga Aurory
runeword_brilliance|Brilliance|Loisto|Brilhantismo|Блеск|輝煌|ブリリアンス|광휘 (Brilliance)|Brillanz|Éclat|Brillantez|Blask
runeword_brutality|Brutality|Brutaliteetti|Brutalidade|Жестокость|殘酷|残虐性|잔혹함 (Brutality)|Brutalität|Brutalité|Brutalidad|Brutalność
runeword_ninjatabi|Ninja Tabi|Ninja Tabi|Tabi Ninja|Ниндзя Таби |忍者足具|忍者足袋|닌자 타비 (Ninja Tabi)|Ninja-Tabi|Tabi Ninja|Tabi de Ninja|Ninja Tabi
runeword_nirvana|Nirvana|Nirvana|Nirvana|Нирвана|涅槃|ニルヴァーナ|열반 (Nirvana)|Nirvana|Nirvana|Nirvana|Nirwana
runeword_legionnaire|Legionnaire|Legioonalainen|Legionário|Легионер|軍團士兵|レジオネア|군단병 (Legionnaire)|Legionär|Légionnaire|Legionario|Legionista
runeword_crematoriums_pledge|Crematorium's Pledge|Krematoriumin lupaus|Promessa do Crematório|Клятва крематория|火葬場的誓言|火葬場の誓い|화장터의 서약 (Crematorium's Pledge)|Krematoriumsschwur|Serment du Crématorium|Promesa del Crematorio|Przysięga Krematorium
runeword_bubonic_plagues_pledge|Bubonic Plague's Pledge|Bubonic Ruton lupaus|Promessa da Peste Bubônica|Клятва бубонной чумы|黑死病的誓言|腺ペストの誓い|흑사병의 서약 (Bubonic Plague's Pledge)|Beulenpestschwur|Serment de la Peste Bubonique|Promesa de la Peste Bubónica|Przysięga Dżumy Bubonicznej
runeword_hydrangea|Hydrangea|Hortensia|Hydrangea|Гортензия|繡球花|アジサイ|수국 (Hydrangea)|Hortensie|Hortensia|Hortensia|Hydrangea
runeword_disaster|Disaster|Katastrofi|Desastre|Катастрофа|災難|災害|재난 (Disaster)|Katastrophe|Désastre|Desastre|Katastrofa
runeword_justice|Justice|Oikeudenmukaisuus|Justiça|Справедливость|正義|正義|정의 (Justice)|Gerechtigkeit|Justice|Justicia|Sprawiedliwość
runeword_celestus|Celestus|Celestus|Celestus|Целестус|賽萊斯托斯|セレスタス|셀레스투스 (Celestus)|Celestus|Célestus|Celestus|Celestus
runeword_shadow|Shadow|Varjo|Sombra|Тень|陰影|シャドウ|그림자 (Shadow)|Schatten|Ombre|Sombra|Cień
runeword_delirium_tremens|Delirium Tremens|Juoppohulluus|Delirium Tremens|Белая горячка|譫妄震顫|せん妄|섬망 떨림 (Delirium Tremens)|Delirium Tremens|Délirium Tremens|Delirium Tremens|Delirium Tremens
runeword_angul_auxana|Angul Auxana|Angul Auxana|Angul Auxana|Ангул Ауксана|安古·奧克薩納|アングル・オークサナ|앵굴 옥사나 (Angul Auxana)|Angul Auxana|Angul Auxana|Angul Auxana|Angul Auxana
runeword_toxicarcus|Toxicarcus|Toxicarcus|Toxicarcus|Токсикаркус|毒屍|トキシカルカス|톡시카커스 (Toxicarcus)|Toxicarcus|Toxicarcus|Toxicarcus|Toxicarcus
runeword_freljord|Freljord|Freljord|Freljord|Фрельйорд|弗雷爾卓德|フレヨルド|프렐요드 (Freljord)|Freljord|Freljord|Freljord|Freljord
runeword_moltening|Moltening|Sulaminen|Moltening|Расплавление|熔化|溶融|용암화 (Moltening)|Schmelzend|Fusion|Fundición|Topnienie
runeword_astropos|Astropos|Astropos|Astropos|Астропос|天文學家|アストロポス|아스트로포스 (Astropos)|Astropos|Astropos|Astropos|Astropos
runeword_etherwalk|Etherwalk|Etherwalk|Caminhantes do Ether|Эфирный поход|乙太行者|エーテルウォーク|에테르워크 (Etherwalk)|Äthergang|Marche Éther|Paseo Etéreo|Etherwalk
runeword_crushfleet|Crushfleet|Crushfleet|Crushfleet|Крушащий флот|粉碎艦隊|クラッシュフリート|분쇄함대 (Crushfleet)|Crushfleet|Flotte Écrasée|Flota Aplastante|Crushfleet
runeword_lostDimension|Lost Dimension|Kadonnut ulottuvuus|Dimensão Perdida|Потерянное измерение|失落維度|ロスト・ディメンション|잃어버린 차원 (Lost Dimension)|Verloren Dimension|Dimension Perdue|Dimensión Perdida|Zagubiony Wymiar
runeword_sonicStep|Sonicstep|Sonicstep|Sonicstep|Звуковой шаг|音速步伐|ソニックステップ|소닉스텝 (Sonicstep)|Schallschritt|Pas Sonique|Paso Sónico|Sonicstep
runeword_blitzkrieg|Blitzkrieg|Blitzkrieg|Blitzkrieg|Блицкриг|閃電戰|電撃戦|전격전 (Blitzkrieg)|Blitzkrieg|Blitzkrieg|Blitzkrieg|Blitzkrieg
runeword_curse|Curse|Kirous|Maldição|Проклятие|詛咒|呪い|저주 (Curse)|Fluch|Malédiction|Maldición|Klątwa
runeword_grief|Grief|Suru|Sofrimento|Горе|悲傷|悲嘆|슬픔 (Grief)|Trauer|Deuil|Pesar|Żal
runeword_crown_of_antichrist|Crown of The Antichrist|Antikristuksen kruunu|Coroa do Anticristo|Корона Антихриста|敵基督之冠|クラウン・オブ・ザアンチクライスト|적그리스도 왕관 (Crown of The Antichrist)|Krone des Antichristen|Couronne de l'Antéchrist|Corona del Anticristo|Korona Antychrysta
runeword_cardCollector|Codex of the Card Collector|Goblin Horden koodeksi|Códice da Horda Goblin|Кодекс орды гоблинов|卡片收藏家法典|ゴブリン・ホードのコーデックス|고블린 군단 코덱스 (Codex of Goblin Horde)|Kodex der Goblinhorde|Codex de la Horde Gobeline|Códice de la Horda de Goblins|Kodeks Kolekcjonera Kart
runeword_relicFeast|Codex of Relic Feast|Jäännösjuhlan koodeksi|Códice do Banquete das Relíquias|Кодекс пиршества реликвий|遺物盛宴法典|レリック・フィーストのコーデックス|유물 연회의 코덱스 (Codex of Relic Feast)|Kodex des Reliquienfestmahls|Codex du Festin de Reliques|Códice del Festín de Reliquias|Kodeks Uczty Reliktów
runeword_babylons_fall|Babylon's Fall|Babylonin syksy|A Queda da Babilônia|Падение Вавилона|巴比倫的隕落|バビロンの陥落|바빌론의 몰락 (Babylon's Fall)|Babylons Untergang|Chute de Babylone|Caída de Babilonia|Upadek Babilonu
runeword_colossus|Colossus|Kolossi|Colosso|Колосс|巨人|コロッサス|거인 (Colossus)|Koloss|Colosse|Coloso|Kolos
runeword_flowing_agony|Flowing Agony|Virtaava Agony|Agonia Fluente|Текущая агония|流動的痛苦|流転する苦悶|흐르는 고통 (Flowing Agony)|Fließende Qual|Agonie Fluide|Agonía Fluida|Płynąca Agonia
runeword_spelunker|Spelunker|Spelunker|Espeleólogo|Спелеолог|洞穴探險者|スペランカー|동굴 탐험가 (Spelunker)|Höhlenforscher|Spéléologue|Espeleólogo|Spelunker
runeword_feral|Feral|Villi|Selvagem|Дикий|野性|フェラル|야생 (Feral)|Wildnis|Farouche|Feral|Dziki
runeword_chimera|Chimera|Chimera|Quimera|Химера|奇美拉|キメラ|키메라 (Chimera)|Chimäre|Chimère|Quimera|Chimera
runeword_grimwalkers|Grimwalkers|Grimwalkers|Caminhantes Sombrios|Мрачные странники|恐懼行者|グリムウォーカー|그림워커 (Grimwalkers)|Grimwalker|Marcheurs Grimaces|Caminantes Siniestros|Grimwalkery
runeword_violence|Violence|Väkivalta|Violência|Насилие|暴力|バイオレンス|폭력 (Violence)|Gewalt|Violence|Violencia|Przemoc
runeword_incarnation_codex|Codex of Experience||Códice de Experiência |Кодекс опыта |經驗法典 |経験のコーデックス |경험의 코덱스 (Codex of Experience)|Kodex der Erfahrung|Codex d'expérience |Códice de experiencia |Kodeks Doświadczenia
runeword_rift_codex|Codex of Rift|Riftin Codex|Códice da Fenda|Кодекс разлома|裂縫法典|リフトのコーデックス|균열 코덱스 (Codex of Rift)|Kodex des Risses|Codex de la Faille|Códice de la Grieta|Kodeks Riftu
runeword_chaos_codex|Codex of Chaos|Kaaoksen koodi|Códice do Caos|Кодекс хаоса|混沌法典|混沌のコーデックス|혼돈 코덱스 (Codex of Chaos)|Kodex des Chaos|Codex du Chaos|Códice del Caos|Kodeks Chaosu
runeword_rapidshot|Rapidshot|Rapidshot |Disparo Rápido |Скорострел |快速射擊 |ラピッドショット |빠른사격 (Rapidshot)|Schnellschuss|Tir Rapide |Disparo Rápido|Rapidshot
runeword_fog|Fog|Sumu|Névoa|Туман|迷霧|フォグ |안개 (Fog)|Nebel|Brouillard|Niebla|Mgła
runeword_broken_friendship_codex|Codex of Broken Friendship|Katkonaisen ystävyyden koodeksi|Códice da Amizade Rompida|Кодекс сломанной дружбы|友情粉碎法典|壊れた友情のコーデックス|깨진 우정 코덱스 (Codex of Broken Friendship)|Kodex der zerbrochenen Freundschaft|Codex de l'amitié brisée|Códice de la Amistad Rota|Kodeks Złamanej Przyjaźni
runeword_deserts_wrath|Desert's Wrath|Aavikon viha|Ira do Deserto|Гнев пустыни|沙漠之怒|デザートのラース|사막의 분노 (Desert's Wrath)|Wüstenzorn|Courroux du désert|Ira del Desierto|Gniew Pustyni
runeword_lone_mystic|Lone Mystic|Yksinäinen mystikko|Místico Solitário|Одинокий мистик|神秘孤獨|孤独なミスティック|고독한 신비주의 (Lone Mystic)|Einsamer Mystiker|Mystique solitaire|Místico Solitario|Samotny Mistyk
runeword_ents_blessing|Ent's Blessing|Entin siunaus |Bênção de Ent |Благословение энта |樹人祝福 |エントの祝福|엔트의 축복 (Ent's Blessing)|Ents Segen|Bénédiction de l'Ent |Bendición del Ent |Błogosławieństwo Enta
|||||||||||
lore_runeword_breath_of_dying|From where darkness intertwines with light, and the veil between life and death is thin. This ancient weapon is a harrowing statement to the cursed souls who once wielded it.|Sieltä pimeys kietoutuu valon kanssa ja verho elämän ja kuoleman välillä on ohut. Tämä muinainen ase on tuskallinen lausunto kirotuille sieluille, jotka sitä kerran käyttivät.|De onde a escuridão se entrelaça com a luz, e o véu entre a vida e a morte é fino. Esta antiga arma é uma declaração angustiante para as almas amaldiçoadas que uma vez a empunharam.|Оттуда, где тьма переплетается со светом, а завеса между жизнью и смертью тонка. Это древнее оружие - душераздирающее заявление проклятым душам, которые когда-то владели им.|黑暗與光明交織在一起, 生與死之間的面紗很薄. 這把古老武器, 對於揮舞過它的詛咒靈魂來說, 是一個令人痛苦的證明|闇が光と絡み合い、生と死を隔てるベールが薄れゆく場所から。この古代の武器は、かつてそれを振るった呪われた魂たちへの痛ましい告発である。|어둠과 빛이 뒤얽히고, 삶과 죽음의 경계가 흐려진 그곳에서 온 고대 무기. 저주받은 영혼들이 한때 휘둘렀던 무서운 유산입니다.|Von dort, wo sich Dunkelheit mit Licht vermischt und der Schleier zwischen Leben und Tod dünn ist. Diese uralte Waffe ist ein erschütterndes Statement an die verfluchten Seelen, die sie einst trugen.|De là où les ténèbres se mêlent à la lumière et où le voile entre la vie et la mort est mince. Cette arme ancienne est une déclaration poignante pour les âmes maudites qui l'ont jadis maniée.|Desde donde la oscuridad se entrelaza con la luz, y el velo entre la vida y la muerte es fino. Esta antigua arma es una declaración desgarradora para las almas malditas que una vez la empuñaron.|Z miejsca, gdzie ciemność splata się ze światłem, a zasłona między życiem a śmiercią jest cienka. Ta pradawna broń jest przerażającym świadectwem przeklętych dusz, które kiedyś nią dzierżyły.
lore_runeword_windstride|Born from the essence of ethereal winds. It's gleaming core, hewn from a comet that graced the heavens.|Syntynyt eteeristen tuulien olemuksesta. Se on hohtava ydin, joka on hakattu komeetta, joka koristi taivaat.|Nascido da essência de ventos etéreos. Seu núcleo reluzente foi criado a partir de um cometa que agraciou os céus.|Рожденный из эссенции эфирных ветров. Это сверкающее ядро, вырезанное из кометы, которая украсила небеса.|從空靈之風的本質中誕生. 它是閃閃發光的核心, 由一顆照亮天空的彗星鑿成|天上の風のエッセンスから生まれた。天空を彩った彗星から切り出された、輝く核。|천상의 혜성이 남긴 정수를 통해 만들어진 에테르 바람의 정수에서 태어난 무기입니다.|Geboren aus der Essenz ätherischer Winde. Ihr schimmernder Kern, gehauen aus einem Kometen, der den Himmel zierte.|Née de l'essence des vents éthérés. Son noyau étincelant, taillé dans une comète qui a brillé dans les cieux.|Nacido de la esencia de los vientos etéreos. Su núcleo reluciente, tallado de un cometa que adornó los cielos.|Zrodzony z esencji eterycznych wiatrów. Jego lśniące jądro, wykute z komety, która ozdobiła niebiosa.
lore_runeword_potency|Forged from the core of a glacial storm wielding the power of a thousands frozen souls.|Taottu jäätikmyrskyn ytimestä, joka käyttää tuhansien jäätyneiden sielujen voimaa.|Forjado a partir do núcleo de uma tempestade glacial, exercendo o poder de milhares de almas congeladas.|Выкованный из сердцевины ледяного шторма, обладающий силой тысяч замороженных душ.|由冰川風暴的核心鍛造而成，擁有數千個冰凍靈魂的力量|幾千もの凍てつく魂の力を操る、氷河の嵐の核から鍛え上げられた。|수천 명의 얼어붙은 영혼의 힘이 담긴 빙설 폭풍의 핵으로 만들어졌습니다.|Geschmiedet aus dem Kern eines Gletschersturms, der die Kraft tausender gefrorener Seelen in sich trägt.|Forgé à partir du cœur d'une tempête glaciaire, il possède le pouvoir de milliers d'âmes gelées.|Forjado en el núcleo de una tormenta glacial, empuñando el poder de mil almas heladas.|Wykuty z rdzenia lodowej burzy, dzierżący moc tysiąca zamarzniętych dusz.
lore_runeword_sleight|The ancient weapon that once belonged to a malevolent demon, created from pure hatred and forged from an angels bone marrow..|Muinainen ase, joka kuului kerran pahantahtoiselle demonille, luotu puhtaasta vihasta ja taottu enkelin luuytimestä.|A antiga arma que pertenceu a um demônio malévolo, criada a partir de puro ódio e forjada a partir da medula óssea de um anjo..|Древнее оружие, которое когда-то принадлежало злобному демону, созданному из чистой ненависти и выкованному из костного мозга ангела..|曾經屬於惡毒惡魔的古老武器, 出於純粹的仇恨而創造, 由天使的骨髓鍛造而成|かつて邪悪なる悪魔が所有していた古代の武器は、純粋な憎しみから、天使の骨髄から鍛え上げられた。|악마의 분노와 천사의 골수를 바탕으로 만들어진 고대의 무기입니다.|Die uralte Waffe, die einst einem bösartigen Dämon gehörte, erschaffen aus purem Hass und geschmiedet aus dem Knochenmark eines Engels.|Une arme ancienne ayant appartenu à un démon malveillant, créée à partir de la haine pure et forgée à partir de la moelle osseuse d'un ange...|La antigua arma que una vez perteneció a un demonio malévolo, creada a partir de puro odio y forjada con la médula ósea de un ángel.|Pradawna broń, która niegdyś należała do złośliwego demona, stworzona z czystej nienawiści i wykuta z szpiku kości anioła..
lore_runeword_shelter|Created by Bergan Néel to protect those who face the hellfire, giving Shelter to a hero in need of one.|Bergan Néelin luoma suojelemaan niitä, jotka kohtaavat helvetin tulen, ja antaa suojan sen tarvitsevalle sankarille.|Criado por Bergan Néel para proteger aqueles que enfrentam o fogo do inferno, dando abrigo a um herói que precise de um.|Создан Берганом Неэлем для защиты тех, кто сталкивается с адским пламенем, предоставляя убежище герою, нуждающемуся в нем.|由 Bergan Néel創建, 旨在保護那些面對地獄之火的人, 為需要庇護的英雄提供庇護|地獄の業火に立ち向かう者たちを守るためにベルガン・ニールによって創造され、必要とする英雄に安息の地を与える。|버간 닐이 지옥불을 마주한 이들을 보호하기 위해 만든 방어구. 도움이 필요한 영웅에게 진정한 안식처가 됩니다.|Geschaffen von Bergan Néel, um diejenigen zu beschützen, die dem Höllenfeuer entgegentreten, und um einem Helden Schutz zu bieten, der ihn braucht.|Créé par Bergan Néel pour protéger ceux qui affrontent les flammes infernales, il offre un abri à un héros qui en a besoin.|Creado por Bergan Néel para proteger a quienes se enfrentan al fuego infernal, dando cobijo a un héroe que lo necesite.|Stworzona przez Bergana Néela, aby chronić tych, którzy stają przed piekielnym ogniem, dając Schronienie bohaterowi w potrzebie.
lore_runeword_mirage|Nine hundred celestial lights converge, infusing this ancient aegis with the blazing might of a sun.|Yhdeksänsataa taivaanvaloa yhtyy toisiaan täydentäen tähän ikivanhaan agikseen auringon paahtavaa voimaa.|Novecentas luzes celestiais convergem, infundindo esta antiga égide com o poder ardente de um sol.|Девятьсот небесных огней сходятся, наполняя эту древнюю эгиду пылающей мощью солнца.|九百道天光匯聚，為這古老神盾注入了太陽般的熾熱威能|九百の天の光が集束し、この古代の盾に太陽の燃え盛る力を与える。|900개의 천상 빛이 이 고대 방패에 모여, 태양처럼 불타는 힘을 부여했습니다.|Neunhundert himmlische Lichter treffen aufeinander und erfüllen diese uralte Ägide mit der lodernden Kraft einer Sonne.|Neuf cents lumières célestes convergent, insufflant à cette ancienne égide la puissance flamboyante d'un soleil.|Novecientas luces celestiales convergen, infundiendo a esta antigua égida el poder abrasador de un sol.|Dziewięćset niebiańskich świateł zbiega się, nasączając tę pradawną aegidę palącą potęgą słońca.
lore_runeword_thinking_cap|One must never judge a quiet man, as there might rage a storm in their mind.|Hiljaista miestä ei saa koskaan tuomita, sillä heidän mielessään saattaa raivota myrsky.|Nunca se deve julgar um homem calmo, pois pode haver uma tempestade em sua mente.|Никогда не следует осуждать спокойного человека, так как в его голове может бушевать буря.|永遠不要評判一個安靜的人，因為他們的心裡可能會掀起一場風暴  |静かな者を決して裁いてはならない。彼らの心には嵐が吹き荒れているかもしれないからだ。|조용한 사람을 함부로 판단하지 마십시오. 그의 머릿속에는 거센 폭풍이 휘몰아칠 수 있습니다.|Man darf niemals einen ruhigen Mann verurteilen, denn in seinem Geist könnte ein Sturm toben.|Il ne faut jamais juger un homme silencieux, car il peut y avoir une tempête dans son esprit.|Nunca se debe juzgar a un hombre callado, pues una tormenta puede desatarse en su mente.|Nigdy nie oceniaj cichego człowieka, ponieważ w jego umyśle może szaleć burza.
lore_runeword_lightforge|In the darkest time forged in the heavens, thy shall shine light in to the dark.|Taivaan synkimmässä ajassa sinun tulee loistaa valoa pimeyteen.|No momento mais sombrio forjado nos céus, você deve iluminar a escuridão.|В самое темное время, сотворенное на небесах, твой свет будет сиять во тьме.|在天堂最黑暗的時刻，你將照亮黑暗|天に刻まれた最も暗い時代に、汝は闇に光を照らすであろう。|어둠의 시대에 천상에서 만들어진 이 무기는 어둠 속에 빛을 비추는 운명을 지녔습니다.|In der dunkelsten Zeit, im Himmel geschmiedet, sollst du Licht in die Dunkelheit bringen.|Dans les temps les plus sombres, forgés dans les cieux, ils feront briller la lumière dans l'obscurité.|En el tiempo más oscuro forjado en los cielos, tú brillarás con luz en la oscuridad.|W najciemniejszych czasach wykuty w niebiosach, niech świeci światłem w ciemności.
lore_runeword_scholar|Tales told this belonged to the Arch Mages apprentice on his journey to study and learn.|Tales kertoi tämän kuuluneen Arch Mages -oppipoikalle hänen matkallaan opiskelemaan ja oppimaan.|As histórias contam que isso pertencia ao aprendiz de Arquimago em sua jornada para estudar e aprender.|Рассказывали, что это принадлежало ученику Верховного Мага, отправившемуся в свое путешествие, чтобы учиться.|傳說這是一場屬於大法師學徒的求學之旅的故事 |これは、学びの旅に出た大魔道士見習いに語り継がれた物語である。 |전승에 따르면 대마도사의 수련생이 지식과 배움을 위해 여정을 떠나며 사용했던 장비입니다.|Geschichten erzählen, dass diese Rüstung dem Lehrling des Erzmagiers auf seiner Reise zum Lernen und Studieren gehörte.|Les récits racontent qu'il appartenait à l'apprenti de l'Archi-mage lors de son voyage d'étude et d'apprentissage.|Los cuentos dicen que esto perteneció al aprendiz del Archimago en su viaje para estudiar y aprender.|Opowieści głosiły, że należał do ucznia Arcymaga w jego podróży do nauki i poznawania.
lore_runeword_fortress|Built to protect from evil, like a fortress I stand my ground.|Rakennettu suojelemaan pahalta, kuin linnoitus seison maassani.|Construído para proteger do mal, como uma fortaleza, mantenho minha posição.|Построенный для защиты от зла, я стою на своем, как крепость.|為抵禦邪惡而建，就像一座堡壘，我堅守陣地|悪から守るために築かれた要塞のように、私は自らの立場を守る。|악으로부터 방어하기 위해 만들어졌으며, 요새처럼 굳건히 자리를 지킵니다.|Gebaut, um vor dem Bösen zu schützen, stehe ich wie eine Festung.|Construite pour protéger du mal, comme une citadelle, je me tiens debout.|Construido para proteger del mal, como una fortaleza me mantengo firme.|Zbudowany, aby chronić przed złem, jak forteca stoję mocno na ziemi.
lore_runeword_bristle|Cursed to walk a path of anger, wielded by those who let their toxic feelings best them.|Kirottu kulkemaan vihan polkua, jota käyttävät ne, jotka antavat myrkyllisten tunteidensa parhaansa. |Amaldiçoado a trilhar um caminho de raiva, manejado por aqueles que se deixam dominar por seus sentimentos tóxicos.|Проклят идти по пути гнева, которым владеют те, кто позволяет своим ядовитым чувствам взять над собой верх.|我被詛咒走上一條憤怒的道路, 被那些讓自己的有毒情緒佔據優勢的人所利用。|怒りの道を歩む呪いを受け、毒のような感情に支配された者たちが振るう。|분노의 길을 저주받고 걷게 된 자들이 사용한 무기로, 독기 어린 감정에 지배당한 이들이 휘두릅니다.|Verflucht, einen Pfad des Zorns zu beschreiten, geführt von denen, die sich von ihren giftigen Gefühlen unterkriegen lassen.|Maudite pour marcher sur le chemin de la colère, maniée par ceux qui se laissent dominer par leurs sentiments néfastes.|Maldito a caminar por un sendero de ira, empuñado por aquellos que se dejan dominar por sus sentimientos tóxicos.|Przeklęty, by kroczyć ścieżką gniewu, dzierżony przez tych, którzy pozwalają, by ich toksyczne uczucia nimi rządziły.
lore_runeword_force|Decimate with brute force, give no quarter to anyone who opposes you.|Rajaa raa'alla voimalla, älä anna puolta kenellekään, joka vastustaa sinua.|Dezime-os com força bruta, não dê trégua a quem se opões a você.|Уничтожайте грубой силой, не давайте пощады никому, кто выступает против вас.|用蠻力屠殺，不留情任何反對你的人|暴力で滅ぼし、敵に容赦はしない。|압도적인 힘으로 적을 짓밟으며, 어떤 자에게도 자비를 베풀지 않습니다.|Zerstöre mit roher Gewalt und zeige niemandem Pardon, der sich dir widersetzt.|Décimez par la force brute, ne faites pas de quartier à ceux qui s'opposent à vous.|Diezma con fuerza bruta, no des cuartel a nadie que se te oponga.|Zmiażdżyć brutalną siłą, nie dawać pardonu nikomu, kto się sprzeciwia.
lore_runeword_mystify|After eons being lost in time, this armor serves well to those able to wield it to it's complete potential.|Kun tämä panssari on kadonnut aikojen kuluessa, se palvelee hyvin niitä, jotka pystyvät käyttämään sen täydellistä potentiaalia.|Depois de eras perdidas no tempo, esta armadura serve bem àqueles capazes de usá-la em seu potencial completo.|После того, как эоны были потеряны во времени, эта броня хорошо служит тем, кто способен использовать ее в полной мере.|經過億萬年的時間流逝, 這件盔甲對於那些能夠充分發揮其潛力的人來說非常有用|悠久の時を経て、この鎧は、その潜在能力を最大限に発揮できる者たちにのみ、その威力を発揮する。|세월 속에 잊혔다가 발견된 이 갑옷은 그것을 온전히 다룰 수 있는 자에게 진정한 힘을 줍니다.|Nach Äonen, die in der Zeit verloren gegangen sind, leistet diese Rüstung jenen gute Dienste, die ihr volles Potenzial entfalten können.|Après avoir été perdue dans le temps, cette armure sert à ceux qui sont capables de la manier à son plein potentiel.|Tras eones perdida en el tiempo, esta armadura sirve bien a aquellos capaces de desatar todo su potencial.|Po eonach zagubiony w czasie, ta zbroja dobrze służy tym, którzy są w stanie dzierżyć ją w pełni jej potencjału.
lore_runeword_shroud_of_elements|Amid the convergence of elements, at the very nexus where earth, air, fire, and water intertwine, a clandestine realm shrouded in mystery lies concealed. Within these veiled depths, the enigmatic forces of nature lurk and bide their time, ever watchful for the arrival of their true master.|Elementtien lähentymisen keskellä, juuri siinä yhteydessä, jossa maa, ilma, tuli ja vesi kietoutuvat toisiinsa, piilossa on salaperäinen valtakunta, joka on verhottu mysteeriin. Näissä verhoilluissa syvyyksissä arvoitukselliset luonnonvoimat väijyvät ja odottavat aikaansa, aina valvoen todellisen herransa saapumista.|Em meio à convergência dos elementos, no exato ponto em que a terra, o ar, o fogo e a água se entrelaçam, esconde-se um reino clandestino envolto em mistério. Dentro dessas profundezas veladas, as forças enigmáticas da natureza se escondem e aguardam seu momento, sempre atentas à chegada de seu verdadeiro mestre.|Среди слияния стихий, на самом стыке, где переплетаются земля, воздух, огонь и вода, скрывается тайное царство, окутанное тайной. В этих скрытых глубинах скрываются загадочные силы природы, которые выжидают своего часа, всегда ожидая прибытия своего истинного хозяина.|在元素的交會之中, 在土、氣、火、水交織的交會處, 隱藏著一個籠罩在神秘之中的祕境. 在這些神秘的深處,神秘的自然力量潛伏著, 等待著它們真正主人的到來|様々な要素が収束する中、土、風、火、水が絡み合うまさにその結節点に、神秘に包まれた秘境が隠されている。このベールに包まれた深淵の奥深くには、不可解な自然の力が潜み、時を待ち、真の主の到来を待ち続けている。|땅, 공기, 불, 물의 원소가 뒤섞이는 중심에서, 비밀에 싸인 신비한 영역이 존재합니다. 이 영역은 진정한 주인의 도래를 기다립니다.|Inmitten des Zusammenflusses der Elemente, genau dort, wo Erde, Luft, Feuer und Wasser ineinandergreifen, liegt ein geheimnisvolles Reich verborgen. In diesen verschleierten Tiefen lauern die rätselhaften Kräfte der Natur und warten auf die Ankunft ihres wahren Meisters.|Au milieu de la convergence des éléments, à l'endroit même où le poison, la foudre, le feu et la glace s'entremêlent, se cache un royaume mystérieux et insaisissable. Dans ces profondeurs voilées, les forces énigmatiques de la nature se cachent et attendent leur heure, toujours à l'affût de l'arrivée de leur véritable maître.|En medio de la convergencia de los elementos, en el nexo mismo donde tierra, aire, fuego y agua se entrelazan, yace oculto un reino clandestino envuelto en misterio. Dentro de estas profundidades veladas, las enigmáticas fuerzas de la naturaleza acechan y esperan su momento, siempre vigilantes a la llegada de su verdadero maestro.|Pośród zbieżności żywiołów, w samym centrum, gdzie ziemia, powietrze, ogień i woda splatają się, ukryte jest tajne królestwo spowite tajemnicą. W tych zasłoniętych głębinach czają się enigmatyczne siły natury, czekając na przybycie swojego prawdziwego pana.
lore_runeword_mayhem|Raging from the fields of chaos behold a untamed power; total mayhem.|Raivoissaan kaaoksen kentiltä, ​​katso kesyttämätön voima; totaalinen sekasorto.|Dos campos do caos surge um poder indomável, a desordem total.|Бушующая на полях хаоса, узрите неукротимую силу; полный хаос.|一股不可馴服的力量從混亂的領域中肆虐而出；完全混亂  |混沌の野原から荒れ狂う、制御不能な力、完全なる大混乱が姿を現す。|혼돈의 전장에서 날뛰는 이 방패는 길들여지지 않은 힘, 즉 절대적인 대혼란의 힘을 담고 있습니다.|Aus den Feldern des Chaos wütet eine ungezähmte Macht: totales Chaos.|Des champs du désespoir surgit une puissance indomptée : le chaos total.|Surgiendo de los campos del caos, he aquí un poder indómito; el caos total.|Szalejąc z pól chaosu, ujrzyj nieokiełznaną moc; całkowity chaos.
lore_runeword_quickstep|Caution your steps, for the path unfurls with unexpected swiftness, inviting you to a journey that races beyond all reckoning.|Varo askeleitasi, sillä polku avautuu odottamattomalla nopeudella ja kutsuu sinut matkalle, joka juoksee yli kaiken.|Cuidado com os seus passos, pois o caminho se abre com uma rapidez inesperada, convidando-o para uma jornada que vai além de qualquer cálculo|Будьте осторожны в своих шагах, ибо тропинка разворачивается с неожиданной быстротой, приглашая вас в путешествие, которое мчится сверх всяких ожиданий.|小心你的腳步, 因為道路會以意想不到的速度展開, 邀請你踏上一段超乎想像的旅程|足元に気をつけろ。道は予期せぬ速さで展開し、計り知れない旅へと誘う。雨と太陽が出会うとき、自然界で真にユニークな現象が起こります。それは、内なる光を持つ旅人のためのヘッドピースとなるのです。 |길은 예측할 수 없는 속도로 펼쳐지니, 조심스럽게 발을 내딛어야 합니다. 이 여정은 상상을 초월하는 속도로 달려갑니다.|Achte auf deine Schritte, denn der Weg entfaltet sich mit unerwarteter Geschwindigkeit und lädt dich zu einer Reise jenseits aller Erwartungen ein.|Attention à vos pas, car le chemin se déploie avec une rapidité inattendue, vous invitant à un voyage qui dépasse toute espérance.|Cuida tus pasos, pues el camino se despliega con una rapidez inesperada, invitándote a un viaje que se precipita más allá de todo cálculo.|Uważaj na swoje kroki, ponieważ ścieżka rozwija się z niespodziewaną szybkością, zapraszając cię w podróż, która pędzi poza wszelkie rachuby.
lore_runeword_rainbow|Truly unique event manifested in nature when the rain meets the sun; thus creating a headpiece for the traveler who has light within.|Todella ainutlaatuinen tapahtuma, joka ilmenee luonnossa, kun sade kohtaa auringon; Näin luodaan päähine matkustajalle, jonka sisällä on valoa.|Um evento verdadeiramente único que se manifesta na natureza quando a chuva encontra o só, criando assim um capacete para o viajante que tem a luz dentro de si.|Поистине уникальное событие, проявляющееся в природе, когда дождь встречается с солнцем; таким образом, создается головной убор для путешественника, у которого есть свет внутри.|當雨與太陽相遇時, 自然界中真正出現的獨特事件;  從而為旅行者打造一款內部有光的頭飾|雨と太陽が出会う時、自然界に現れる真に稀有な現象。それは、内なる光を宿す旅人のための兜を創り出す。|비와 햇빛이 만나 자연 속에서 탄생한 독특한 현상. 빛을 품은 여행자를 위한 머리 장식입니다.|Ein wahrhaft einzigartiges Naturereignis, wenn Regen auf Sonne trifft. So entsteht eine Kopfbedeckung für den Reisenden, der Licht in sich trägt.|Un événement unique qui se manifeste dans la nature lorsque les goutes de pluie rencontre les rayons du soleil, créant dans de rares occasions un emblème pour le voyageur qui porte la lumière en lui.|Un evento verdaderamente único manifestado en la naturaleza cuando la lluvia se encuentra con el sol; creando así un tocado para el viajero que tiene luz en su interior.|Naprawdę unikalne zjawisko przejawiające się w naturze, gdy deszcz spotyka się ze słońcem; tworząc nakrycie głowy dla podróżnika, który ma światło w sobie.
lore_runeword_havoc|The absolute power of a thousand hurricanes infused into one shield by a mage of chaos. Powers within this item are cold and dark|Tuhannen hurrikaanin absoluuttinen voima, jonka kaaoksen taikuri on johtanut yhteen kilpeen. Tämän esineen voimat ovat kylmiä ja tummia|O poder absoluto de mil furacões infundido em um escudo por um mago do caos. Os poderes deste item são frios e sombrios.|Абсолютная мощь тысячи ураганов, вложенная в один щит магом хаоса. Силы, заключенные в этом предмете, холодны и темны|混沌法師將一千道颶風的絕對力量注入一面盾牌上. 該物品內的力量寒冷而黑暗|混沌の魔術師によって、千のハリケーンの絶対的な力が一枚の盾に込められた。この宝具に宿る力は冷たく、闇に満ちている。|혼돈의 마법사가 수천 개의 허리케인을 하나의 방패에 담았습니다. 이 방패에 깃든 힘은 차갑고 어둡습니다.|Die absolute Kraft tausender Wirbelstürme, vereint in einem Schild von einem Magier des Chaos. Die Kräfte dieses Gegenstands sind kalt und dunkel.|La puissance absolue d'un millier d'ouragans infusés dans un bouclier par un mage du chaos. Les pouvoirs de cet objet sont froids et sombres|El poder absoluto de mil huracanes infundido en un solo escudo por un mago del caos. Los poderes de este objeto son fríos y oscuros.|Absolutna moc tysiąca huraganów nasączona w jedną tarczę przez maga chaosu. Moce wewnątrz tego przedmiotu są zimne i ciemne.
lore_runeword_gladstone_gooses_jacket|Jacket made of from the finest leather, believed to bring intense luck to it's user.|Hienoimmasta nahasta valmistettu takki, jonka uskotaan tuovan intensiivistä onnea käyttäjälleen.|Jaqueta feita com o mais fino couro, que se acredita trazer muita sorte ao seu usuário.|Куртка из тончайшей кожи, которая, как считается, приносит своему владельцу огромную удачу.|由最好的皮革製成的夾克，相信能為使用者帶來好運|最高級の革で作られたジャケットは、着用者に強大な幸運をもたらすと信じられている。|최고급 가죽으로 만든 이 재킷은 착용자에게 강운을 가져다준다고 전해집니다.|Jacke aus feinstem Leder, die ihrem Träger großes Glück bringen soll.|Veste fabriquée à partir du cuir le plus fin, censée apporter une chance considérable à son utilisateur.|Chaqueta hecha del cuero más fino, se cree que trae una suerte intensa a su usuario.|Kurtka wykonana z najwspanialszej skóry, uważana za przynoszącą intensywne szczęście swojemu użytkownikowi.
lore_runeword_preacher|Let your soul fill with fire and ecstasy preaching righteous message.|Anna sielusi täyttyä tulella ja hurmiolla saarnaten vanhurskasta sanomaa. |Deixe sua alma se encher de fogo e êxtase pregando uma mensagem justa.|Пусть ваша душа наполнится огнем и экстазом, проповедуя праведное послание.|讓你的靈魂充滿宣講正義信息的火焰和狂喜|正義の教えを説き、魂を炎と恍惚で満たせ。|불꽃과 황홀함으로 가득 찬 영혼은 정의로운 메시지를 외치며 설교합니다.|Lass deine Seele von Feuer und Ekstase erfüllt sein, während du die gerechte Botschaft predigst.|Laissez votre âme se remplir de feu et d'extase en prêchant un message juste.|Deja que tu alma se llene de fuego y éxtasis predicando un mensaje de rectitud.|Niech twoja dusza wypełni się ogniem i ekstazą, głosząc prawowite przesłanie.
lore_runeword_perdition|The once-bustling streets were now deserted, the grand spires reduced to rubble, and the laughter of children replaced with the haunting echoes of misery.|Aiemmin vilkkaat kadut olivat nyt autioina, suuret tornit raunioituivat ja lasten nauru korvattiin kurjuuden ahdistavilla kaikuilla.|As ruas outrora movimentadas estavam agora desertas, as grandes torres reduzidas a escombros e o riso das crianças substituído pelos ecos assombrosos da miséria.|Некогда оживленные улицы теперь опустели, величественные шпили превратились в руины, а детский смех сменился навязчивыми отголосками горя.|曾經熙熙攘攘的街道現在變得空無一人, 宏偉的尖塔變成了瓦礫, 孩子們的笑聲被痛苦的迴響所取代 |かつて賑わっていた通りは今や廃墟となり、壮大な尖塔は瓦礫と化し、子供たちの笑い声は悲惨さの忘れがたい響きに取って代わられた。|번화했던 거리는 폐허가 되었고, 아이들의 웃음소리는 고통의 메아리로 바뀌었습니다.|Die einst geschäftigen Straßen waren nun verlassen, die hohen Kirchtürme zu Schutt zerfallen, und das Lachen der Kinder wurde durch das eindringliche Echo des Elends ersetzt.|Les rues autrefois animées étaient désormais désertes, les grandes tours réduites à l'état de ruines et les rires des enfants remplacés par les échos funestes de la souffrance.|Las calles antes bulliciosas ahora estaban desiertas, las grandes agujas reducidas a escombros, y la risa de los niños reemplazada por los inquietantes ecos de la miseria.|Niegdyś tętniące życiem ulice są teraz opustoszałe, wielkie wieże zredukowane do gruzów, a śmiech dzieci zastąpiony nawiedzającymi echami nędzy.
lore_runeword_ravager|The smell of rotten flesh caught between it's teeth is the last thing I remember. After that I felt cold darkness overtake my soul.|Sen hampaiden väliin jääneen mätä lihan haju on viimeinen asia, jonka muistan. Sen jälkeen tunsin kylmän pimeyden valtaavan sieluni.|O cheiro de carne podre presa entre seus dentes é a última coisa de que me lembro. Depois disso, senti a escuridão fria tomar conta de minha alma|Запах гнилой плоти, застрявшей между его зубами, - последнее, что я помню. После этого я почувствовал, как холодная тьма окутывает мою душу.|我記得的最後一件事是它牙齒間的腐肉氣味. 之後我感到寒冷的黑暗籠罩了我的靈魂|その歯に挟まれた腐肉の臭いが、私の記憶に残る最後のものだ。その後、冷たい闇が私の魂を包み込むのを感じた。|그 이빨에 낀 썩은 살 냄새가 마지막 기억이었습니다. 그 후에는 차가운 어둠만이 제 영혼을 삼켰습니다.|Der Geruch von verfaultem Fleisch zwischen seinen Zähnen ist das Letzte, woran ich mich erinnere. Danach spürte ich, wie kalte Dunkelheit meine Seele überkam.|L'odeur de la chair pourrie prise entre ses dents est la dernière chose dont je me souvienne. Après cela, j'ai senti une obscurité froide envahir mon âme.|El olor a carne podrida entre sus dientes es lo último que recuerdo. Después de eso, sentí una oscuridad fría apoderarse de mi alma.|Zapach zgniłego mięsa uwięzionego między zębami to ostatnia rzecz, którą pamiętam. Potem poczułem, jak zimna ciemność pochłania moją duszę.
lore_runeword_catastrophe|Somewhere out there in the eternal realm, lurking, waiting, to cross our path and strike.|Jossain tuolla ikuisessa valtakunnassa, väijyen, odottaen, ylittääksemme tiemme ja iskeäksemme.|Em algum lugar lá fora, no reino eterno, à espreita, esperando para cruzar nosso caminho e atacar.|Где-то там, в вечном царстве, притаился, ожидая, чтобы пересечь наш путь и нанести удар.|在永恆國度的某個地方，潛伏著，等待著橫越我們的道路並發動攻擊|永遠の世界のどこかで、潜み、待ち構え、私たちの行く手を阻み、襲い掛かろうとしている。|영원의 영역 어딘가에서 잠복하고 있는 재앙. 언젠가 우리의 길을 가로막을 것입니다.|Irgendwo da draußen im ewigen Reich lauerte er, wartete darauf, unseren Weg zu kreuzen und zuzuschlagen.|Quelque part dans le royaume éternel, tapie, attendant de croiser notre chemin et de frapper.|En algún lugar del reino eterno, acechando, esperando, para cruzarse en nuestro camino y atacar.|Gdzieś tam w wiecznym królestwie, czai się, czeka, by skrzyżować naszą ścieżkę i uderzyć.
lore_runeword_judge|And so shall rise a righteous hero. The one to bring judgement to the wicked.|Ja niin nousee vanhurskas sankari. Se, joka tuo tuomion jumalattomille.|E assim surgirá um herói justo. Aquele que trará o julgamento para os perversos.|И так восстанет праведный герой. Тот, кто вершит суд над нечестивыми.|於是，一位正義的英雄將會崛起。帶給惡人審判的那一位  |そして正義の英雄が立ち上がる。悪しき者に裁きをもたらす者。意志は山を越え、岩盤を切り裂き、限界を知らず、何事にも立ち止まらない。|정의로운 영웅이 일어섭니다. 악을 심판할 자가 바로 그입니다.|Und so wird ein gerechter Held auferstehen. Er, der die Bösen richten wird.|C'est ainsi que naîtra un héros juste. Celui qui apportera le jugement aux impies.|Y así se alzará un héroe justo. Aquel que traerá juicio a los malvados.|I tak powstanie prawy bohater. Ten, który przyniesie sąd niegodziwym.
lore_runeword_will_of_thanos|Will can overcome mountains and carve through bedrock, knows no limits and will stop at nothing.|Tahto voi voittaa vuoret ja kaivertaa kallioperän läpi, ei tunne rajoja eikä pysähdy mihinkään.|A vontade pode superar montanhas e esculpir rochas, não conhece limites e não se detém diante de nada.|Уилл может преодолевать горы и прорубаться сквозь скальную породу, не знает границ и ни перед чем не остановится.|意志可以翻山越嶺，鑿開基岩，不知極限，不擇手段|彼が帰還し、大地を歩む時、火と石が降り注ぐ様を見よ。 |의지는 산을 넘고 암석을 가르며, 한계를 모르는 힘입니다.|Der Wille kann Berge überwinden und sich durch Felsgestein graben, kennt keine Grenzen und schreckt vor nichts zurück.|La volonté peut franchir des montagnes et tailler dans la croûte terrestre, elle ne connaît aucune limite et ne recule devant rien.|La voluntad puede superar montañas y tallar la roca madre, no conoce límites y no se detendrá ante nada.|Wola może pokonać góry i wyrzeźbić skałę, nie zna granic i nie zatrzyma się przed niczym.
lore_runeword_revelation|Behold as the fire and stone start raining down as he returns and walks the earth.|Katso, kuinka tuli ja kivi alkavat sataa, kun hän palaa ja kävelee maan päällä.|Veja como o fogo e a pedra começam a chover quando ele retorna e caminha sobre a Terra.|Смотрите, как огонь и камни начинают сыпаться дождем, когда он возвращается и ходит по земле.|當他回來並在大地上行走時，火和石頭開始如雨般落下|彼が帰還し、地上を闊歩する時、炎と石が降り注ぎ始める。|불과 돌이 비처럼 내릴 때, 그는 다시 돌아와 땅 위를 걷습니다.|Sieh, wie Feuer und Steine ​​herabregnen, wenn er zurückkehrt und auf Erden wandelt.|Contemplez le feu et la pierre qui commencent à pleuvoir alors qu'il revient et marche sur la terre.|Contempla cómo el fuego y la piedra comienzan a llover mientras él regresa y camina sobre la tierra.|Patrz, jak ogień i kamień zaczynają padać, gdy powraca i kroczy po ziemi.
lore_runeword_kogarasumaru|They pursued the false king through the province, where the false king hid the weapon in a mansion.|He ajoivat väärää kuningasta takaa provinssin läpi, jossa väärä kuningas piilotti aseen kartanoon.|Eles perseguiram o falso rei pela província, onde o falso rei escondeu a arma em uma mansão.|Они преследовали фальшивого короля по провинции, где фальшивый король спрятал оружие в особняке.|他們在全省追擊假國王，假國王將武器藏在一座宅邸中|彼らは偽りの王を追って州中を駆け巡り、偽りの王は武器を屋敷に隠した。|그들은 거짓 왕을 추격했고, 그 무기는 한 저택에 숨겨졌습니다.|Sie verfolgten den falschen König durch die Provinz, wo dieser die Waffe in einem Herrenhaus versteckte.|Ils ont traqué le faux roi à travers toute la province, ce qui les mena jusqu'à une ruine où il avait caché cette arme.|Persiguieron al falso rey por la provincia, donde este escondió el arma en una mansión.|Ścigali fałszywego króla przez prowincję, gdzie fałszywy król ukrył broń w rezydencji.
lore_runeword_big_joe|Amidst the chilling sounds of steel on bone and the pungent aroma of burning oil and blood, terror takes hold.|Kauhu saa valtaansa luiden teräksen kylmiä ääniä ja palavan öljyn ja veren pistävän tuoksun keskellä.|Em meio aos sons arrepiantes do aço contra o osso e ao aroma de óleo queimado e sangue, o terror toma conta.|Среди леденящих душу звуков стали о кость и острого аромата горящего масла и крови мной овладевает ужас.|在骨頭上, 鋼鐵發出的令人毛骨悚然的聲音, 以及燃燒的油和血的刺鼻氣味中, 恐懼佔了上風|鋼鉄が骨に擦れる冷たい音と、燃える油と血の刺激臭の中、恐怖が渦巻く。|강철과 뼈가 부딪히는 소리, 타오르는 기름과 피 냄새 속에서 공포가 엄습해 옵니다.|Inmitten des eisigen Geräusches von Stahl auf Knochen und des stechenden Geruchs von brennendem Öl und Blut greift der Schrecken um sich.|Au milieu des sons glaçants de l'acier sur les os et de l'arôme piquant de la combustion de l'huile et du sang, la terreur s'empare de nous.|En medio de los escalofriantes sonidos del acero sobre el hueso y el penetrante aroma del aceite y la sangre ardiendo, el terror se apodera de todo.|Pośród przerażających dźwięków stali o kość i ostrego zapachu palącego się oleju i krwi, terror ogarnia.
lore_runeword_valkyrie|With absolute certainty, a Valkyrie never backs down from a worthy battle.|Täysin varmuudella Valkyrie ei koskaan peräänny arvokkaasta taistelusta.|Com absoluta certeza, uma Valquíria nunca desiste de uma batalha digna.|С абсолютной уверенностью можно сказать, что Валькирия никогда не отступает от достойной битвы.|可以肯定的是，女武神絕不會在一場有價值的戰鬥中退縮。 |ヴァルキュリーは、価値ある戦いから決して退かないと確信している。|진정한 전투라면, 발키리는 결코 물러서지 않습니다.|Eine Walküre schreckt mit absoluter Sicherheit niemals vor einem würdigen Kampf zurück.|Avec une certitude absolue, une Valkyrie ne recule jamais devant un combat digne de ce nom.|Con absoluta certeza, una Valquiria nunca retrocede ante una batalla digna.|Z absolutną pewnością Walkiria nigdy nie cofa się przed godną bitwą.
lore_runeword_enigma|This enigmatic cloak was said to have been woven from the ethereal threads of mystery and imbued with the veiled secrets of the cosmos.|Tämän arvoituksellisen viittauksen sanottiin olleen kudottu mysteerin eteerisistä langoista ja täynnä kosmoksen verhottuja salaisuuksia. |Dizia-se que este manto enigmático havia sido tecido com os fios etéreos do mistério e imbuído dos segredos velados dos cosmos.|Говорили, что этот загадочный плащ был соткан из эфирных нитей таинственности и пропитан сокрытыми тайнами космоса.|據說這件神秘的斗篷是由神秘的空靈之線編織而成，並充滿了宇宙的秘密  |この謎めいた外套は、神秘の幽玄な糸で織り上げられ、宇宙のベールに包まれた秘密が込められていると言われている。|이 신비로운 망토는 우주의 비밀이 깃든 에테르의 실로 짜여졌다고 전해집니다.|Dieser rätselhafte Umhang soll aus den ätherischen Fäden des Mysteriums gewoben und mit den verborgenen Geheimnissen des Kosmos durchdrungen sein.|Ce manteau énigmatique aurait été tissé avec les fils éthérés et imprégné des secrets voilés du cosmos.|Se decía que esta enigmática capa había sido tejida con los etéreos hilos del misterio e imbuida con los secretos velados del cosmos.|Ten enigmatyczny płaszcz został rzekomo utkany z eterycznych nici tajemnicy i nasączony zasłoniętymi sekretami kosmosu.
lore_runeword_mjolner|As the universe continues to spin its eternal tapestry, the legacy of Mjölner lives on, and the tales of its glory are etched into the myths and legends of the ancient world, a timeless symbol of valor, honor, and the unyielding power of the divine.|Kun universumi jatkaa ikuisen kuvakudoksensa pyörittämistä, Mjölnerin perintö elää, ja tarinat sen loistosta on kaiverrettu muinaisen maailman myytteihin ja legendoihin, joka on ajaton symboli urheudesta, kunniasta ja jumalallisuuden peräänantamattomasta voimasta.|À medida que o universo continua a girar sua tapeçaria eterna, o legado de Mjölner continua vivo e as histórias de sua glória estão gravadas nos mitos e lendas do mundo antigo, um símbolo atemporal de valor, honra e o poder inabalável do divino.|Поскольку вселенная продолжает ткать свой вечный гобелен, наследие Мьельнера продолжает жить, и рассказы о его славе запечатлены в мифах и легендах древнего мира, являясь вечным символом доблести, чести и несгибаемой силы божественного.|隨著宇宙繼續旋轉其永恆的掛毯, 繆爾納的遺產繼續存在, 其榮耀的故事被銘刻在古代世界的神話和傳說中, 它是勇敢、榮譽和不屈的神聖力量的永恆象徵|宇宙が永遠のタペストリーを紡ぎ続けるように、ミョルナーの遺産は生き続け、その栄光の物語は古代世界の神話と伝説に刻まれている。それは、勇気、名誉、そして神の揺るぎない力の永遠の象徴である。|우주가 영원의 실타래를 계속 짤 동안, 묠니르의 전설은 고대 신화에 새겨지며 영원히 살아 있습니다.|Während das Universum seinen ewigen Wandteppich weiterspinnen kann, lebt das Erbe Mjölners weiter, und die Geschichten seines Ruhms sind in die Mythen und Legenden der Antike eingraviert – ein zeitloses Symbol für Tapferkeit, Ehre und die unnachgiebige Macht des Göttlichen.|Alors que l'univers continue de tisser sa tapisserie éternelle, l'héritage de Mjollnir se perpétue et les récits de sa gloire sont gravés dans les mythes et légendes de l'ancien monde, symbole intemporel de bravoure, d'honneur et du pouvoir inflexible de la divinité.|Mientras el universo continúa tejiendo su tapiz eterno, el legado de Mjölner perdura, y los relatos de su gloria están grabados en los mitos y leyendas del mundo antiguo, un símbolo atemporal de valor, honor y el poder inquebrantable de lo divino.|Gdy wszechświat kontynuuje tkanie swojej wiecznej tkaniny, dziedzictwo Mjölnera trwa, a opowieści o jego chwale są wyryte w mitach i legendach pradawnego świata, ponadczasowy symbol waleczności, honoru i nieugiętej mocy boskości.
lore_runeword_arcane_bastion|Take arms, shield yourself against the dark forces|Ota aseet, suojaa itsesi pimeiltä voimilta|Pegue as armas, proteja-se contra as forças das trevas.|Возьмите оружие, защитите себя от темных сил|拿起武器，保護自己免受黑暗勢力的侵害|武器を取り、闇の勢力から身を守れ。 |무장을 갖추고, 어둠의 세력에 맞서 자신을 방어하십시오.|Greift zu den Waffen und schützt euch vor den dunklen Mächten.|Prenez les armes et protégez-vous contre les forces obscures.|Toma las armas, protégete contra las fuerzas oscuras.|Weź broń, osłoń się przed ciemnymi siłami.
lore_runeword_ascendancy|Whispers still echo among adventurers and seekers of arcane knowledge. Many brave souls embark on quests to unearth the shield and unlock its true potential, hoping to use its power for good or prevent it from falling into the clutches of malevolence.|Kuiskaukset kaikuvat edelleen seikkailijoiden ja salaperäisen tiedon etsijien keskuudessa. Monet rohkeat sielut ryhtyvät tehtäviin kaivaakseen kilven esiin ja vapauttaakseen sen todellisen potentiaalin toivoen voivansa käyttää sen voimaa hyvään tai estääkseen sitä joutumasta pahansuopaisuuden kynsiin.|Sussurros ainda ecoam entre aventureiros e pesquisadores de conhecimento arcano. Muitas almas corajosas embarcam em missões para desenterrar o escudo e revelar seu verdadeiro potencial, na esperança de usar seu poder para o bem ou evitar que ele caia nas garras da maldade.|Шепотки до сих пор отдаются эхом среди искателей приключений и тайных знаний. Многие смельчаки отправляются на поиски щита и раскрывают его истинный потенциал, надеясь использовать его силу во благо или предотвратить попадание в лапы недоброжелателей.|竊竊私語仍然在冒險家和神秘知識的探索者中迴響. 許多勇敢的靈魂開始探索盾牌並釋放其真正潛力, 希望利用它的力量來做善事或防止它落入惡意的魔爪|冒険家や秘術の探求者たちの間では、今も囁かれる声が響き渡る。多くの勇敢な魂が、盾を発掘し、その真の力を解き放つ探求へと旅立つ。その力を善のために、あるいは悪意の魔の手から逃れるために。|아케인 지식을 찾는 이들의 귓가에 아직도 속삭임이 맴돕니다. 이 방패의 진정한 힘을 찾아 그것을 선으로 사용하길 바랍니다.|Unter Abenteurern und Suchern arkanen Wissens hallen noch immer Gerüchte wider. Viele mutige Seelen begeben sich auf die Suche, den Schild zu entdecken und sein wahres Potenzial freizusetzen, in der Hoffnung, seine Macht zum Guten einzusetzen oder zu verhindern, dass er in die Fänge der Bosheit fällt.|Des rumeurs circulent encore parmi les aventuriers et les spécialistes des arcanes. De nombreuses âmes courageuses se lancent dans des quêtes pour déterrer le bouclier et révéler son véritable potentiel, dans l'espoir de l'utiliser pour le bien ou de l'empêcher de tomber entre les griffes du mal.|Los susurros aún resuenan entre los aventureros y buscadores de conocimiento arcano. Muchas almas valientes se embarcan en misiones para desenterrar el escudo y desatar su verdadero potencial, esperando usar su poder para el bien o evitar que caiga en las garras de la malevolencia.|Szepty wciąż rozbrzmiewają wśród poszukiwaczy przygód i poszukiwaczy arkanicznej wiedzy. Wielu odważnych dusz wyrusza na wyprawy, by odkopać tarczę i odblokować jej prawdziwy potencjał, mając nadzieję wykorzystać jej moc dla dobra lub zapobiec jej wpadnięciu w szpony zła.
lore_runeword_sovereignty|The people prayed fervently to the gods for aid, and in response, the divine beings crafted Sovereignty and imbued it with their blessings.|Ihmiset rukoilivat kiihkeästi jumalilta apua, ja vastauksena jumalalliset olennot loivat Suvereniteetin ja täyttivät sen siunauksillaan.|O povo orou fervorosamente aos deuses pedindo ajuda e, em resposta, os seres divinos criaram a Soberania e o imbuíram com suas bençãos.|Люди горячо молились богам о помощи, и в ответ божественные существа создали Суверенитет и наполнили его своими благословениями.|人們熱切地向諸神祈求幫助，作為回應，眾神創造了主權並賦予它祝福  |人々は神々に熱烈に助けを祈り、神々は主権を創造し、祝福を授けた。|사람들이 신에게 간절히 기도하자, 신들은 그 응답으로 이 방패를 만들어 축복을 담았습니다.|Das Volk betete inbrünstig zu den Göttern um Hilfe, und als Antwort darauf erschufen die göttlichen Wesen Souveränität und erfüllten sie mit ihrem Segen.|Le peuple a prié avec ferveur les dieux pour obtenir de l'aide et, en réponse, les êtres divins ont créé Souveraineté et l'ont imprégnée de leurs bénédictions.|El pueblo rezó fervientemente a los dioses pidiendo ayuda y, en respuesta, los seres divinos crearon Soberanía y la imbuyeron con sus bendiciones.|Ludzie modlili się żarliwie do bogów o pomoc, a w odpowiedzi boskie istoty wykowały Suwerenność i nasączyły ją swoimi błogosławieństwami.
lore_runeword_virulence|Virulence took the form of a flask, seemingly ordinary at first glance, with a dark, smoky liquid swirling within its glass walls. However, its true potency lay in the alchemical concoction contained within.|Virulenssi muodosti pullon, joka näytti ensi silmäyksellä tavalliselta ja jonka lasiseinien sisällä pyörtyi tumma, savuinen neste. Sen todellinen teho piilee kuitenkin sen sisältämässä alkemiallisessa sekoituksessa.|A Virulência assumiu a forma de um frasco, aparentemente comum à primeira vista, com um líquido escuro e esfumaçado girando em suas paredes de vidro. No entanto, sua verdadeira potência estava na mistura alquímica contida nele.|Вирулентность приняла форму колбы, на первый взгляд кажущейся обычной, с темной дымчатой жидкостью, бурлящей внутри ее стеклянных стенок. Однако его истинная мощь заключалась в алхимической смеси, содержащейся внутри.|毒力以燒瓶的形式出現, 乍看之下似乎很普通, 玻璃壁內有一種黑色、 冒煙的液體在旋轉. 然而,它的真正功效在於其中所含的煉金混合物|毒はフラスコの形をとった。一見すると普通のフラスコで、ガラスの壁の中では黒く煙のような液体が渦巻いていた。しかし、その真の効力は、中に込められた錬金術の調合物にあった。|겉보기엔 평범한 플라스크지만, 그 안에는 강력한 연금술적 독약이 들어 있습니다.|Virulenz nahm die Form eines auf den ersten Blick gewöhnlich wirkenden Fläschchens an, in dessen Glaswänden eine dunkle, rauchige Flüssigkeit wirbelte. Ihre wahre Kraft lag jedoch in dem darin enthaltenen alchemistischen Gebräu.|Virulence se présente sous la forme d'une fiole, apparemment ordinaire à première vue, avec un liquide sombre et fumeux tourbillonnant à l'intérieur de ses parois de verre. Cependant, son véritable pouvoir réside dans la concoction alchimique qu'elle contient.|Virulencia tomó la forma de un frasco, aparentemente ordinario a primera vista, con un líquido oscuro y humeante arremolinándose dentro de sus paredes de cristal. Sin embargo, su verdadera potencia residía en la mezcla alquímica que contenía.|Zjadliwość przybrała formę fiolki, pozornie zwykłej na pierwszy rzut oka, z ciemnym, dymnym płynem wirującym wewnątrz szklanych ścian. Jednak jej prawdziwa moc leżała w alchemicznej mieszance zawartej wewnątrz.
lore_runeword_carnage|Through sinister rituals, he infused a powerful bow with the essence of war and destruction, binding it to the souls of the fallen warriors who perished in the relentless conflicts that plagued the kingdom.|Pahojen rituaalien avulla hän lisäsi voimakkaan jousen sodan ja tuhon ydintä ja sitoi sen kaatuneiden soturien sieluihin, jotka menehtyivät valtakuntaa vaivanneissa säälimättömissä konflikteissa.|Por meio de rituais sinistros, ele infundiu um arco poderoso com a essência da guerra e da destruição, ligando-o às almas dos guerreiros mortos que pereceram nos conflitos implacáveis que assolavam o reino.|С помощью зловещих ритуалов он наполнил мощный лук сущностью войны и разрушения, связав его с душами павших воинов, погибших в безжалостных конфликтах, терзавших королевство.|透過邪惡的儀式, 他為一把強大的弓注入了戰爭和毀滅的本質, 將其在腐敗的王國衝突中, 與陣亡戰士的靈魂結合在一起|彼は邪悪な儀式を通して、戦争と破壊のエッセンスを強力な弓に注ぎ込み、王国を悩ませた容赦ない戦いで倒れた戦士たちの魂にそれを縛り付けた。|전쟁과 파괴의 정수를 담은 활. 수많은 전사들의 영혼이 이 무기에 묶여 있습니다.|Durch finstere Rituale erfüllte er einen mächtigen Bogen mit der Essenz von Krieg und Zerstörung und band ihn an die Seelen der gefallenen Krieger, die in den unerbittlichen Konflikten, die das Königreich plagten, umkamen.|Grâce à de sombres rituels, il a imprégné un arc puissant de l'essence de la guerre et de la destruction, le liant aux âmes des guerriers tombés au combat ou qui ont péri dans les conflits permanents qui sévissaient dans le royaume.|Mediante rituales siniestros, infundió en un poderoso arco la esencia de la guerra y la destrucción, ligándolo a las almas de los guerreros caídos que perecieron en los implacables conflictos que asolaron el reino.|Przez złowrogie rytuały nasączył potężny łuk esencją wojny i zniszczenia, wiążąc go z duszami upadłych wojowników, którzy zginęli w nieustannych konfliktach nękających królestwo.
lore_runeword_arcanum|Talented mage Fio crafted this bow for her quest to cleanse the lands. It was thought to be buried with her on the highland graveyard.|Lahjakas maagi Fio loi tämän jousen pyrkimystään puhdistaa maat. Sen uskottiin haudatun hänen kanssaan ylämaan hautausmaalle.|A talentosa maga Fio criou esse arco para sua missão de limpar as terras. Acredita-se que ele tenha sido enterrado com ela no cemitério das montanhas.|Талантливый маг Фио создала этот лук для своего задания по очищению земель. Считалось, что он похоронен вместе с ней на хайлендском кладбище.|才華洋溢的法師菲奧為了淨化大地而製作了這把弓. 人們認為它與她一起埋葬在高原墓地|才能ある魔術師フィオは、大地を浄化するという探求のためにこの弓を創造した。それは高地の墓地に彼女と共に埋葬されたと考えられていた。|마법사 피오가 만든 활. 그녀의 여정을 위해 제작되었으며, 고지대 무덤에 묻힌 것으로 전해집니다.|Die talentierte Magierin Fio fertigte diesen Bogen für ihre Mission, das Land zu reinigen. Man glaubte, es sei mit ihr auf dem Hochlandfriedhof begraben.|La talentueuse mage Fio a fabriqué cet arc dans le cadre de sa quête de purification des terres. On pense qu'il a été enterré avec elle dans le cimetière des hautes terres.|La talentosa maga Fio creó este arco para su misión de purificar las tierras. Se pensaba que fue enterrado con ella en el cementerio de las tierras altas.|Utalentowana magini Fio wykonała ten łuk dla swojej misji oczyszczenia ziem. Uważano, że został pochowany wraz z nią na cmentarzu na wyżynach.
lore_runeword_true_aim|Carved from the bone of a master archer infused with a ritual of a rare celestial event.|Kaiverrettu mestarijousimiehen luusta, johon on liitetty harvinaisen taivaallisen tapahtuman rituaali.|Esculpido a partir dos ossos de um mestre arqueiro infundido com um ritual de um raro evento celestial.|Вырезанный из кости мастера-лучника, прошедшего ритуал редкого небесного события.|由一位弓箭手的骨頭雕刻而成，注入了罕見的天體事件的儀式|名射手の骨から彫られ、稀有な天体現象の儀式が込められた。|숙련 궁수의 뼈로 조각되고, 희귀한 천체의식을 통해 강화를 받은 활입니다.|Geschnitzt aus dem Knochen eines Meisterbogenschützen, durchdrungen vom Ritual eines seltenen himmlischen Ereignisses.|Sculpté dans l'os d'un maître archer et imprégné d'un rituel d'un événement céleste rare.|Tallado en el hueso de un maestro arquero e imbuido con el ritual de un raro evento celestial.|Wykuty z kości mistrza łucznictwa nasączony rytuałem rzadkiego niebiańskiego wydarzenia.
lore_runeword_harvester|Unpure as they come, reap the field of forgotten souls and give them purpouse.|Kun he tulevat epäpuhtaina, niittäkää unohdettujen sielujen peltoa ja antakaa heille tarkoitus.|Por mais impuros que sejam, colham o campo de almas esquecidas e deem-lhes um propósito.|Когда они придут нечистыми, пожни поле забытых душ и дай им очищение.|他們到來時並不純潔，卻收割了被遺忘的靈魂的土地，並賦予他們目標|不純ではあるが、忘れられた魂の畑を刈り取り、彼らに目的を与える。 |타락한 자들이 잊힌 영혼을 수확하고, 그들에게 목적을 부여합니다.|Unrein wie sie kommen, ernten sie das Feld der vergessenen Seelen und geben ihnen einen Sinn.|Impurs comme ils le sont, ils moissonnent le champ des âmes oubliées et leur donnent une raison d'être.|Impuras como vienen, siegan el campo de las almas olvidadas y les dan un propósito.|Nieczysty jak tylko można, żnij pole zapomnianych dusz i daj im cel.
lore_runeword_epilogue|The aftermath becomes an epilogue, leaving scars etched in land and hearts, echoing through generations.|Jälkimmäisistä tulee epilogi, joka jättää arvet syövytettyinä maahan ja sydämiin, jotka kaikuvat sukupolvien ajan. |As consequências se tornam um epílogo, deixando cicatrizes gravadas na terra e nos corações, ecoando por gerações.|Последствия становятся эпилогом, оставляя шрамы на земле и в сердцах, эхом отдающиеся в поколениях.|果成為尾聲，在土地和心中留下銘刻的傷痕，在幾個世代中迴響。|その余波はエピローグとなり、大地と心に刻まれた傷跡は、幾世代にも渡り響き続ける。|남겨진 건 흉터뿐. 그 상처는 땅과 마음에 새겨져 세대를 넘어 메아리칩니다.|Die Nachwirkungen werden zum Epilog und hinterlassen Narben in Land und Herzen, die über Generationen hinweg nachhallen.|Les séquelles deviennent un épilogue, laissant des cicatrices gravées dans la terre et dans les cœurs, qui se répercutent à travers les générations.|Las secuelas se convierten en un epílogo, dejando cicatrices grabadas en la tierra y en los corazones, resonando a través de generaciones.|Następstwa stają się epilogiem, pozostawiając blizny wyryte w ziemi i sercach, rozbrzmiewające przez pokolenia.
lore_runeword_trapped_vessel|Eternal torment of a soul, trapped in the contained void.|Sielun ikuinen piina, joka on loukussa suljetussa tyhjiössä.|Tormento eterno de uma alma, presa no vazio contido.|Вечные муки души, запертой в замкнутой пустоте.|靈魂的永恆折磨，被困在封閉的虛空中|閉じ込められた虚空に囚われた魂の永遠の苦しみ。|구속된 공허 안에 갇힌 영혼의 영원한 고통이 담긴 그릇.|Ewige Qual einer Seele, gefangen in der eingeschlossenen Leere.|Tourment éternel d'une âme, piégée un flacon pour toujours.|Tormento eterno de un alma, atrapada en el vacío contenido.|Wieczna męka duszy, uwięzionej w zawartej pustce.
lore_runeword_conquest|Venturing out on a quest to Conquest the fortress of evil.|Lähde etsimään pahuuden linnoitusta.|Aventurando-se em uma missão para conquistar a fortaleza do mal.|Отправляясь на поиски, чтобы завоевать крепость зла.|冒險去征服邪惡的堡壘。|悪の要塞を征服する旅に出る。|악의 요새를 정복하기 위해 떠나는 모험.|Aufbruch zur Eroberung der Festung des Bösen.|Partir à la conquête de la forteresse du mal.|Aventurándose en una misión para Conquistar la fortaleza del mal.|Wyruszając na wyprawę, by Podbić fortecę zła.
lore_runeword_divine_contemplation|In seek of light when intentions are pure, you are protected with a promise.|Kun etsit valoa, kun aikomukset ovat puhtaita, sinua suojataan lupauksella.|Em busca de luz, quando as intenções são puras, você é protegido por uma promessa|В поисках света, когда намерения чисты, вы защищены обещанием.|當意圖純潔時尋求光明，你就會受到承諾的保護|純粋な意図を持ち、光を求める時、あなたは約束によって守られる。|의도가 순수할 때 빛을 찾는 자는, 신성한 약속으로 보호받습니다.|Auf der Suche nach Licht, wenn die Absichten rein sind, bist du durch ein Versprechen geschützt.|Dans la recherche de la lumière, lorsque les intentions sont pures, vous êtes protégé par une promesse.|En busca de la luz, cuando las intenciones son puras, estás protegido por una promesa.|W poszukiwaniu światła, gdy intencje są czyste, jesteś chroniony obietnicą.
lore_runeword_atonement|Forgiveness is cost for a righteous path for the wicked to overcome.|Anteeksianto maksaa vanhurskaan polun, jonka jumalattomat voittavat.|O perdão é o custo de um caminho justo para os perversos vencerem.|Прощение - это плата за праведный путь, который предстоит преодолеть нечестивым.|寬恕是惡人克服正義之路的代價|許しは、邪悪な者が克服すべき正義の道のための代償である。|의로운 길로 나아가기 위해 악인이 치러야 할 대가는 용서입니다.|Vergebung ist der Preis für einen rechtschaffenen Weg, auf dem die Bösen siegen können.|Le pardon est le coût d'une voie vertueuse que les méchants doivent emprunter pour vaincre.|El perdón es el costo de un camino justo para que los malvados lo superen.|Przebaczenie jest ceną za prawą ścieżkę dla niegodziwych, by przezwyciężyć.
lore_runeword_ghost|Not really alive but not dead either, just a vessel, drifting in the middle just under the veil of reality.|Ei todellakaan elossa, mutta ei myöskään kuollut, vain alus, joka ajautuu keskellä aivan todellisuuden verhon alla.|Não está realmente vivo, mas também não está morto, apenas um recipiente, à deriva no meio, logo abaixo do véu da realidade|Не совсем живой, но и не мертвый, просто сосуд, дрейфующий посередине, прямо под завесой реальности.|不是真正活著，但也沒有死，只是一艘船，在現實的面紗下漂流在中間  |生きているわけでもないが、死んでいるわけでもない。ただの器であり、現実のベールの下、宙を漂っている。|살아있지도, 죽어있지도 않은 존재. 현실의 장막 아래를 떠도는 그릇.|Nicht wirklich lebendig, aber auch nicht tot, nur ein Gefäß, das in der Mitte, knapp unter dem Schleier der Realität, treibt.|Pas vraiment vivant mais pas mort non plus, juste un vaisseau, dérivant au entre les deux, en dessous du voile de la réalité.|No está realmente vivo, pero tampoco muerto, solo es un recipiente, a la deriva en el medio, justo debajo del velo de la realidad.|Nie do końca żywy, ale też nie martwy, tylko naczynie dryfujące pośrodku, tuż pod zasłoną rzeczywistości.
lore_runeword_divinity|With their left hand, they shall guide the sheep, while their right hand was forged into a weapon to punish those who disobey their orders.|Vasemmalla kädellään he ohjaavat lampaita, kun taas heidän oikea kätensä on taottu aseeksi rankaisemaan niitä, jotka eivät tottele heidän käskyjään.|Com a mão esquerda, eles guiarão as ovelhas, enquanto a mão direito foi forjada em uma arma para punir aqueles que desobedecerem às suas ordens.|Своей левой рукой они будут направлять овец, в то время как их правая рука была выкована в оружие, чтобы наказывать тех, кто не подчиняется их приказам.|他們用左手引導羊群，而右手則被鍛造成武器，懲罰那些不服從命令的人  |左手で羊を導き、右手は命令に背く者を罰する武器へと鍛え上げられた。|왼손으로 양떼를 인도하고, 오른손은 불순한 자들을 처벌할 무기로 변했습니다.|Mit ihrer linken Hand sollen sie die Schafe führen, während ihre rechte Hand zu einer Waffe geschmiedet wurde, um diejenigen zu bestrafen, die ihren Befehlen nicht gehorchen.|De leur main gauche, ils guideront les brebis, tandis que leur main droite a été façonnée en arme pour punir ceux qui désobéissent à leurs ordres.|Con su mano izquierda, guiarán a las ovejas, mientras que su mano derecha fue forjada como un arma para castigar a quienes desobedecen sus órdenes.|Swoją lewą ręką będą prowadzić owce, podczas gdy ich prawa ręka została wykuta w broń, by karać tych, którzy nie słuchają ich rozkazów.
lore_runeword_flowing_sands|Just as the sands on the desert are forever on the move, never settle|Aivan kuten aavikon hiekka on ikuisesti liikkeellä, älä koskaan laskeudu|Assim como as areias do deserto estão sempre em movimento, nunca se acomodam.|Точно так же, как пески в пустыне вечно находятся в движении, никогда не оседают|正如沙漠上的沙子永遠在流動，永遠不會沉降|砂漠の砂が常に動き続け、決して落ち着かないように。|사막의 모래처럼, 절대 멈추지 않고 끊임없이 흐르는 존재.|So wie der Sand in der Wüste unaufhörlich in Bewegung ist und sich nie beruhigt,|Tout comme les sables du désert sont en perpétuel mouvement, ils ne se fixent jamais.|Así como las arenas del desierto están siempre en movimiento, nunca te detengas.|Tak jak piaski na pustyni są wiecznie w ruchu, nigdy się nie osiedlaj.
lore_runeword_deus_ex_machina|To safeguard her world from the impending cataclysm, Seraphina took action and so was the weapon with immense power born.|Suojellakseen maailmaansa uhkaavalta katastrofilta Seraphina ryhtyi toimiin, ja niin syntyi valtavan voiman omaava ase.|Para proteger seu mundo do cataclismo iminente, Seraphina entrou em ação e assim nasceu a arma com imenso poder.|Чтобы защитить свой мир от надвигающегося катаклизма, Серафина приняла меры, и так родилось оружие огромной мощности.|為了保護她的世界免受即將到來的災難, 塞拉菲娜採取了行動, 擁有巨大力量的武器也隨之誕生|差し迫る大災害から世界を守るため、セラフィナは行動を起こし、強大な力を持つ武器が誕生した。|세라피나는 다가오는 재앙으로부터 세계를 구하기 위해 움직였고, 그 결과 엄청난 힘을 지닌 무기가 탄생했습니다.|Um ihre Welt vor der drohenden Katastrophe zu schützen, handelte Seraphina, und so wurde die Waffe mit immenser Macht geboren.|Pour protéger son monde du cataclysme imminent, Seraphina a fait le nécessaire et c'est ainsi qu'est née l'arme aux pouvoirs immenses.|Para salvaguardar su mundo del cataclismo inminente, Seraphina tomó medidas y así nació el arma con un poder inmenso.|Aby chronić swój świat przed nadchodzącą katastrofą, Seraphina podjęła działanie i tak narodziła się broń o ogromnej mocy.
lore_runeword_malice|In the eerie domain, the haunting voices persist, forever seeking a silence that remains beyond their grasp|Aavemaisella alueella kummittelevat äänet jatkuvat ja etsivät ikuisesti hiljaisuutta, joka jää heidän ulottumattomiin|No domínio sinistro, as vozes assombrosas persistem, sempre buscando um silêncio que permanece além de seu alcance.|В этом жутком царстве навязчивые голоса сохраняются, вечно стремясь к тишине, которая остается за пределами их досягаемости|在詭異的領域裡, 縈繞心頭的聲音持續存在, 永遠尋求他們無法企及的寂靜。|不気味な領域に、不気味な声が絶えず響き渡り、永遠に掴みどころのない静寂を求めている。|섬뜩한 영역에서 울리는 원혼의 목소리는, 결코 닿지 않을 침묵을 끊임없이 갈구합니다.|In der unheimlichen Domäne verharren die eindringlichen Stimmen, ewig auf der Suche nach einer Stille, die jenseits ihrer Reichweite liegt.|Dans le royaume sinistre, les voix lancinantes persistent, à la recherche d'un silence qui leur échappe.|En el dominio espeluznante, las voces inquietantes persisten, buscando por siempre un silencio que permanece fuera de su alcance.|W upiornej domenie nawiedzające głosy trwają, wiecznie szukając ciszy, która pozostaje poza ich zasięgiem.
lore_runeword_skysong|With every strike, the heavens themselves seemed to sing, harmonizing with the heart of the warrior and echoing through the land, leaving a trail of wonders in its wake.|Jokaisella iskulla itse taivaat näyttivät laulavan harmoniassa soturin sydämen kanssa ja kaikuen läpi maan jättäen jälkeensä ihmeitä. |A cada golpe, os próprios céus pareciam cantar, harmonizando-se com o coração do guerreiro e ecoando pela terra, deixando um rastro de maravilhas de seu rastro.|С каждым ударом, казалось, сами небеса пели, гармонируя с сердцем воина и отдаваясь эхом по земле, оставляя за собой шлейф чудес.|每一次攻擊,天空都彷彿在歌唱, 與戰士的心和諧一致,迴響在大地, 留下一道道奇蹟 |一撃ごとに天空が歌い、戦士の心と調和し、大地に響き渡り、その跡に驚異の痕跡を残していった。|한 번의 공격마다 하늘이 노래하며, 전사의 심장과 조화를 이루고 대지에 울려 퍼집니다.|Mit jedem Schlag schien der Himmel selbst zu singen, im Einklang mit dem Herzen des Kriegers und durch das Land hallend, eine Spur der Wunder hinterlassend.|À chaque coup, les cieux eux-mêmes semblaient chanter, s'harmonisant avec le cœur du guerrier et se répercutant à travers la terre, laissant une traînée de miracles dans son sillage.|Con cada golpe, los mismos cielos parecían cantar, armonizando con el corazón del guerrero y resonando por la tierra, dejando un rastro de maravillas a su paso.|Przy każdym uderzeniu same niebiosa zdawały się śpiewać, harmonizując z sercem wojownika i rozbrzmiewając po krainie, pozostawiając ślad cudów za sobą.
lore_runeword_torment|Torment took the form of a sinister black wand. Its core was said to contain a fragment of the dark void itself, granting it unparalleled power over the necromantic forces that defied the natural order.|Piina muodosti synkän mustan sauvan. Sen ytimen sanottiin sisältävän fragmentin itse pimeästä tyhjyydestä, mikä antoi sille vertaansa vailla olevan vallan luonnonjärjestystä uhmaneiden nekromanttisten voimien yli.|A tormenta assumiu a forma de uma varinha negra sinistra. Dizia-se que seu núcleo continha um fragmento do próprio vazio escuro, concedendo-lhe um poder incomparável sobre as forças necromânticas que desafiavam a ordem natural.|Мучение приняло форму зловещего черного жезла. Говорили, что в его сердцевине содержится фрагмент самой темной пустоты, дающий ему беспрецедентную власть над некромантическими силами, бросающими вызов естественному порядку.|折磨以邪惡的黑魔杖的形式出現. 據說它的核心包含黑暗虛空本身的碎片, 賦予它無與倫比的力量來對抗那些違背自然秩序的死靈力量|苦悶は不吉な黒い杖の形をとった。その核には暗黒の虚空の欠片が宿っていると言われ、自然の秩序に逆らう死霊の力に対して比類なき力を与えていた。|어둠의 공허 파편이 담긴 검은 지팡이. 강력한 사령술의 힘을 다룰 수 있습니다.|Die Qual nahm die Gestalt eines finsteren schwarzen Zauberstabs an. Sein Kern enthielt angeblich ein Fragment der dunklen Leere selbst, was ihm beispiellose Macht über die nekromantischen Mächte verlieh, die sich der natürlichen Ordnung widersetzten.|Supplice prend la forme d'une sinistre baguette noire. On dit que son cœur contient un fragment du vide obscur lui-même, ce qui lui confère un pouvoir inégalé sur les forces nécromantiques qui défient l'ordre naturel.|El Tormento tomó la forma de una siniestra varita negra. Se decía que su núcleo contenía un fragmento del propio vacío oscuro, otorgándole un poder sin igual sobre las fuerzas nigrománticas que desafiaban el orden natural.|Męka przybrała formę złowrogiej czarnej różdżki. Jej rdzeń rzekomo zawierał fragment samej ciemnej pustki, przyznając jej niezrównaną moc nad nekromantycznymi siłami, które sprzeciwiały się naturalnemu porządkowi.
lore_runeword_martyr|He was slain for his home, his people, his believes. Now his soul is infused within this weapon.|Hänet tapettiin kotinsa, kansansa ja uskonsa vuoksi. Nyt hänen sielunsa on infusoitunut tähän aseen.|Ele foi morto por seu lar, seu povo, suas crenças. Agorasua alma está infundida nesta arma.|Он был убит за свой дом, свой народ, свои убеждения. Теперь его душа заключена в это оружие.|他為了他的家園、 他的人民、 他的信仰而被殺害. 現在他的靈魂已經融入了這把武器之中|彼は故郷、民、そして信念のために殺された。今、彼の魂はこの武器に宿っている。 |그는 고향과 신념을 위해 쓰러졌고, 그의 영혼은 이 무기에 깃들어 있습니다.|Er wurde für seine Heimat, sein Volk, seinen Glauben getötet. Nun ist seine Seele in diese Waffe eingeflößt.|Il a été abattu pour sa maison, son peuple, ses croyances. Maintenant, son âme est infusée dans cette arme.|Fue asesinado por su hogar, su gente, sus creencias. Ahora su alma está infundida en esta arma.|Został zabity za swój dom, swój lud, swoje przekonania. Teraz jego dusza jest nasączona w tej broni.
lore_runeword_paradox|One can not exist in a state of a paradox without consequenses.|Ei voi olla olemassa paradoksitilassa ilman seurauksia.|Não se pode existir em um estado de paradoxo sem as consequências.|Человек не может существовать в состоянии парадокса без последствий.|一個人不可能處於一種悖論狀態而不產生任何後果|逆説的な状態には、必ず結果が伴う。|모순된 상태 속에 존재하려 하면 반드시 대가가 따릅니다.|Man kann nicht in einem Zustand des Paradoxons leben, ohne Konsequenzen zu haben.|Personne ne peut exister dans un état de paradoxe sans conséquences.|Uno no puede existir en un estado de paradoja sin consecuencias.|Nie można istnieć w stanie paradoksu bez konsekwencji.
lore_runeword_innerFire|Ancient Pyromancer harnessed hes very own inner fire that fuels this magnificent tool to burn down entire villages.|Muinainen Pyromancer valjasti oman sisäisen tulensa, joka ruokkii tätä upeaa työkalua kokonaisten kylien polttamiseen.|O Antigo Piromante aproveitou seu próprio fogo interior que alimenta esta magnífica ferramenta para queimar vilas inteiras.|Древний Пиромант использовал свой собственный внутренний огонь, который подпитывает этот великолепный инструмент, чтобы сжигать дотла целые деревни.|古代火術士利用他自己的內在之火, 為這個宏偉的工具提供燃料, 燒毀了整個村莊|古代のパイロマンサーは、自らの内なる炎を操り、この壮大な武器の燃料として村々を焼き尽くした。|고대의 화염술사가 자신의 내면의 불꽃으로 이 무기를 만들었고, 마을 하나쯤은 순식간에 불태울 수 있습니다.|Der uralte Pyromant nutzte sein eigenes inneres Feuer, das dieses großartige Werkzeug antreibt, um ganze Dörfer niederzubrennen.|Le pyromancien a l'origine de ce magnifique outil a exploité son propre feu intérieur pour l'alimenter, ce qui lui a permis de réduire en cendres des villages entiers en un battement de cil.|Un antiguo Piromante aprovechó su propio fuego interior que alimenta esta magnífica herramienta para quemar aldeas enteras.|Pradawny Piromanta wykorzystał swoją własną wewnętrzną siłę, która zasila to wspaniałe narzędzie do spalenia całych wiosek.
lore_runeword_fleshRipper|With each stroke of their blade, they rend the flesh from their foes' bones, for in this land, there is no sanctuary for evil to take root.|Jokaisella terän lyönnillä he repivät lihan vihollistensa luista, sillä tässä maassa ei ole pyhäkköä pahuuden juurtumiselle.|A cada golpe de sua lâmina, eles arrancam a carne dos ossos de seus inimigos, pois nesta terra não há santuário para o mal criar raízes.|Каждым взмахом своего клинка они сдирают плоть с костей своих врагов, ибо на этой земле нет убежища, где зло могло бы пустить корни.|他們的每一刀, 都會把敵人的肉從骨頭上撕下來, 因為在這片土地上, 沒有邪惡紮根的庇護所|刃を振るうたびに、敵の肉を骨から引き裂く。この地には、悪が根を下ろす聖域などないからだ。|칼날 한 번마다 살점이 찢기며, 이 땅에서는 악이 숨을 곳조차 없습니다.|Mit jedem Hieb ihrer Klinge reißen sie ihren Feinden das Fleisch von den Knochen, denn in diesem Land gibt es keinen Zufluchtsort für das Böse, um Wurzeln zu schlagen.|À chaque coup de lame, ils arrachent la chair des os de leurs victimes, car dans ce pays, il n'y a pas de sanctuaire où le mal puisse s'enraciner.|Con cada golpe de su hoja, arrancan la carne de los huesos de sus enemigos, pues en esta tierra no hay santuario para que el mal eche raíces.|Przy każdym uderzeniu ich klingi zdzierają ciało z kości wrogów, ponieważ w tej krainie nie ma schronienia dla zła, by zapuściło korzenie.
lore_runeword_aurorasMight|Aurora, of of the purest souls to ever walk on earth was brutally slain, but her soul was infused into this weapon so she can live on and avenge her death.|Aurora, yksi puhtaimmista sieluista, joka on koskaan kävellyt maan päällä, tapettiin julmasti, mutta hänen sielunsa infusoitiin tähän aseen, jotta hän voisi elää ja kostaa kuolemansa.|Aurora, uma das almas mais puras que já existiu na Terra, foi brutalmente assassinada, mas sua alma foi infundida nessa arma para que ela possa viver e vingar sua morte.|Аврора, одна из самых чистых душ, когда-либо ходивших по земле, была жестоко убита, но ее душа была вложена в это оружие, чтобы она могла жить дальше и отомстить за свою смерть.|奧羅拉是地球上最純潔的靈魂, 她被殘酷地殺害, 但她的靈魂被注入這把武器中, 這樣她就可以活下去並為死者報仇|地上で最も純粋な魂を持つ者の一人、オーロラは残忍に殺されたが、彼女の魂はこの武器に注ぎ込まれ、生き続け、死の復讐を果たした。|세상에서 가장 순수했던 오로라의 영혼이 살해당한 후 무기에 깃들어 복수의 불꽃이 되었습니다.|Aurora, eine der reinsten Seelen, die je auf Erden wandelten, wurde brutal ermordet, doch ihre Seele wurde dieser Waffe eingeflößt, damit sie weiterleben und ihren Tod rächen kann.|Aurora, l'une des âmes les plus pures à avoir jamais marché sur terre, a été brutalement assassinée, mais son âme a été infusée dans cette arme pour qu'elle puisse subsister et venger sa mort.|Aurora, una de las almas más puras que jamás haya caminado sobre la tierra, fue brutalmente asesinada, but su alma fue infundida en esta arma para que pueda seguir viviendo y vengar su muerte.|Aurora, jedna z najczystszych dusz, która kiedykolwiek chodziła po ziemi, została brutalnie zamordowana, ale jej dusza została nasączona w tę broń, by mogła żyć dalej i pomścić swoją śmierć.
lore_runeword_brilliance|Brilliance breeds success, success gives birth to wisdom and wisdom grows to be brilliance.|Loisto synnyttää menestystä, menestys synnyttää viisautta ja viisaus kasvaa loistoksi.|O brilhantismo gera sucesso, o sucesso dá origem à sabedoria e a sabedoria se transforma em brilhantismo.|Блеск порождает успех, успех рождает мудрость, а мудрость вырастает в блеск.|輝煌孕育成功，成功孕育智慧，智慧成長為輝煌|輝きは成功を生み、成功は知恵を生み、知恵は輝きへと成長する。|지혜는 성공에서 태어나고, 성공은 다시 지혜를 낳습니다. 이 순환이 곧 빛입니다.|Brillanz bringt Erfolg hervor, Erfolg gebiert Weisheit und Weisheit wird zu Brillanz.|L'éclat engendre le succès, le succès donne naissance à la sagesse et la sagesse devient l'éclat, dans un perpétuel recommencement|La brillantez engendra el éxito, el éxito da a luz a la sabiduría y la sabiduría crece hasta convertirse en brillantez.|Blask rodzi sukces, sukces rodzi mądrość, a mądrość rośnie do blasku.
lore_runeword_brutality|On the rise to power, an ancient king forged this weapon to brutally murder anyone standing on his way.|Valtaan noussut muinainen kuningas takoi tämän aseen murhatakseen julmasti kaikki tiellään seisovat.|Na ascensão do poder, um antigo rei forjou essa arma para assassinar brutalmente qualquer um que estivesse em seu caminho.|Придя к власти, древний король выковал это оружие, чтобы жестоко убивать любого, кто встанет у него на пути.|在權力崛起的過程中, 一位古代國王鑄造了這把武器, 以殘酷地謀殺任何擋在他道路上的人|権力の座に就いた古代の王は、邪魔者を残忍に殺害するためにこの武器を鍛造した。|권력을 얻기 위해 고대의 왕이 만들었고, 모든 적을 잔혹하게 제거하는 데 쓰였습니다.|Auf seinem Weg zur Macht schmiedete ein alter König diese Waffe, um jeden, der ihm im Weg stand, brutal zu ermorden.|En pleine ascension vers le pouvoir, un ancien roi a forgé cette arme pour éliminer brutalement tous ceux qui se trouvaient sur son chemin.|En su ascenso al poder, un antiguo rey forjó esta arma para asesinar brutalmente a cualquiera que se interpusiera en su camino.|W drodze do władzy pradawny król wykul tę broń, by brutalnie zamordować każdego, kto stanie na jego drodze.
lore_runeword_ninjatabi|Once worn by an assassin who was told to vacuum all sound with his presence.|Kerran salamurhaajan päällä, jota käskettiin imuroimaan kaikki äänet läsnäolollaan.|Já foi usado por um assassino que foi instruído para aspirar todos os sons com sua presença.|Когда-то его носил убийца, которому было велено убрать все звуки своим присутствием.|曾經被一名刺客佩戴過，他被告知要在他出現時吸走所有聲音|かつて、あらゆる音を吸い取るように命じられた暗殺者が身に着けていた。|모든 소리를 흡수하듯 조용했던 암살자가 신었던 신발.|Einst getragen von einem Assassinen, dem aufgetragen wurde, mit seiner Anwesenheit alle Geräusche auszusaugen.|Porté autrefois par un assassin à qui l'on avait demandé d'être le plus silencieux possible.|Una vez usado por un asesino al que se le dijo que aspirara todo el sonido con su presencia.|Niegdyś noszone przez zabójcę, któremu powiedziano, by wyssał cały dźwięk swoją obecnością.
lore_runeword_nirvana|Gateway into singularity.|Portti singulariteettiin.|Porta de entrada para a singularidade.|Врата в сингулярность.|進入奇點的大門|特異点への入り口。|단일성으로 향하는 관문.|Tor zur Singularität.|Porte vers la singularité.|Puerta de entrada a la singularidad.|Brama do osobliwości.
lore_runeword_legionnaire|Battle scarred by a thousand wars.|Taistelu tuhansien sotien arpeuttama.|Com cicatrizes de mil guerras.|Битва, изуродованная тысячью войн.|千瘡百孔的戰爭|幾千もの戦争によって傷ついた戦い。ヘルフォージの永遠の炎で鍛え抜かれた。|천 번의 전투를 버텨낸 전사에게 남겨진 흉터의 상징.|Schlachten gezeichnet von tausend Kriegen.|Bataille marquée par mille guerres.|Marcado por las cicatrices de mil guerras.|Zniszczona bitwą przez tysiąc wojen.
lore_runeword_crematoriums_pledge|Forged in the eternal flames of the Hellforge.|Taottu Hellforgen ikuisiin liekkeihin.|Forjado nas chamas eternas da Forja do Inferno.|Выкованная в вечном пламени Адской кузницы.|在地獄熔爐的永恆火焰中鍛造而成|疫病に侵されたこの盾を振るおうとして、何百万人もの命が失われた。|지옥의 용광로에서 태어난 맹세의 방패.|Geschmiedet in den ewigen Flammen der Höllenschmiede.|Forgé dans les flammes éternelles de la Forge de l'Enfer.|Forjado en las llamas eternas de la Forja Infernal.|Wykuta w wiecznych płomieniach Hellforge.
lore_runeword_bubonic_plagues_pledge|Millions have died trying to wield this plague ridden shield..|Miljoonat ovat kuolleet yrittäessään hallita tätä ruttokilpeä.|Milhões de pessoas morreram tentando manejar este escudo infestado de pragas.|Миллионы погибли, пытаясь овладеть этим чумным щитом..|數百萬人在試圖揮舞這面瘟疫纏身的盾牌時喪生|アジサイから生み出された毒の武器。取り扱いには注意が必要だ。|수백만의 희생자를 남긴 역병의 방패. 다루는 자마다 죽음을 맞았습니다.|Millionen sind beim Versuch gestorben, diesen von der Pest heimgesuchten Schild zu tragen.|Des millions de personnes sont mortes en essayant de manier ce bouclier rongé par la peste.|Millones han muerto intentando empuñar este escudo plagado de pestes.|Miliony zginęły próbując dzierżyć tę tarczę zarażoną plagą..
lore_runeword_hydrangea|A venomous weapon conjured from the hydrangea plant, handle with care..|Hortensiakasvista loihdittu myrkyllinen ase, käsittele varovasti.|Uma arma venenosa criada a partir da hortênsia, manuseada com cuidado.|Ядовитое оружие, созданное из растения гортензии, обращайтесь с ним осторожно..|從繡球花中變出的劇毒武器，小心操作|世界を焼き尽くすつもりはない。ただ、君の心に炎を灯したいだけだ。|수국에서 추출된 독성 무기. 다룰 때는 매우 조심해야 합니다..|Eine giftige Waffe, beschworen aus der Hortensie, mit Vorsicht zu handhaben.|Une arme venimeuse invoquée à partir de l'hortensia, à manipuler avec précaution.|Un arma venenosa conjurada de la planta de hortensia, manejar con cuidado...|Trująca broń wyczarowana z rośliny hydrangea, obchodź się ostrożnie..
lore_runeword_disaster|I don't want to set the world on fire.. I just want to start.. A flame in your heart..|En halua sytyttää maailmaa tuleen.. Haluan vain aloittaa.. Liekki sydämessäsi..|Não quero incendiar o mundo. Eu só quero começar... Uma chama em seu coração...|Я не хочу поджечь мир.. Я просто хочу начать.. Пламя в твоем сердце..|我不想讓世界著火..我只是想點燃..你心中的火種..|父と子、そして聖なる槌の名において。|세계를 불태우고 싶지는 않아.. 그저 네 마음속에 불을 지피고 싶을 뿐이야..|Ich will die Welt nicht in Brand setzen. Ich will einfach nur anfangen. Eine Flamme in deinem Herzen.|Je ne veux pas incendier le monde. Je veux juste allumer une flamme dans ton cœur.|No quiero incendiar el mundo... Solo quiero encender... una llama en tu corazón...|Nie chcę podpalać świata.. Chcę tylko zapalić.. Płomień w twoim sercu..
lore_runeword_justice|In the name of the father, the son and the holy hammer..|Isän, pojan ja pyhän vasaran nimeen..|Em nome do pai, do filho e do santo martelo.|Во имя отца, сына и святого молота..|以父親、兒子和聖錘的名義..|すべての魔術師が渇望するもの。秘術の力が込められた武器！|성부와 성자, 그리고 거룩한 망치의 이름으로..|Im Namen des Vaters, des Sohnes und des heiligen Hammers.|Au nom du père, du fils et du marteau sacré.|En el nombre del padre, del hijo y del martillo sagrado...|W imię Ojca, Syna i świętego młota..
lore_runeword_celestus|Something every mage craves for.. A weapon infused in arcane power!|Jotain, mitä jokainen maagi kaipaa. Ase, joka on täynnä arkaanista voimaa! |Algo que todo mago deseja... Uma arma infundida com poder arcano!|То, чего жаждет каждый маг.. Оружие, наполненное тайной силой!|每個法師都渴望的東西…注入奧術力量的武器！|タレシエル周辺の暗殺者たちが用いるルーンワード。 |모든 마법사가 갈망하는 것.. 아케인 에너지가 주입된 무기!|Etwas, wonach sich jeder Magier sehnt. Eine Waffe, erfüllt mit arkaner Macht!|Ce que tout mage désire ardemment. Une arme imprégnée de puissance arcanique !|Algo que todo mago anhela... ¡Un arma infundida en poder arcano!|Coś, czego pragnie każdy mag.. Broń nasączona arkaniczną mocą!
lore_runeword_shadow|A runeword used by assassins around Tarethiel..|Tarethielin ympärillä olevien salamurhaajien käyttämä riimusana.|Uma runeword usada por assassinos em Tarethiel..|Рунное слово, используемое убийцами вокруг Таретиэль..|塔雷希爾周圍的刺客所使用的符文之語|タレシエル周辺の暗殺者たちが使うルーンワード…|타레시엘에서 암살자들이 즐겨 사용하는 룬워드..|Ein Runenwort, das von Assassinen in Tarethiels Umgebung verwendet wird.|Un mot runique utilisé par les assassins autour de Tarethiel.|Una palabra rúnica usada por asesinos alrededor de Tarethiel...|Runeword używany przez zabójców wokół Tarethiela..
lore_runeword_delirium_tremens|What.. Happened.. Last.. Night???|Mitä... Tapahtui.. Viimeinen... yö???|O que... Aconteceu... Na última.. noite???|Что.. Случилось.. Прошлой.. Ночью???|昨晚……發生了什麼事……？？？|昨晩…何が…起こった…？？？|어제.. 밤에.. 대체.. 무슨 일이 있었던 거지???|Was. Passierte. Letzte. Nacht???|Que s'est-il passé. La nuit dernière ?|¿Qué... pasó... anoche...?|Co.. Się.. Stało.. Ostatniej.. Nocy???
lore_runeword_angul_auxana|Arcane imbued..|Arkaaninen..|Imbuído de Arcano..|Пропитанный тайной силой..|充滿奧術。|秘術が込められた…|아케인 에너지가 주입된 무기.|Arkan durchdrungen.|Imperméable aux arcanes.|Imbuido en lo Arcano...|Nasączony arkanicznie..
lore_runeword_toxicarcus|Venom imbued..|Myrkkyä täynnä..|Imbuída de Veneno..|Пропитанный ядом..|充滿毒液。|毒が込められた…|맹독이 주입된 무기.|Giftig durchdrungen.|Imperméable au venin.|Imbuido en Veneno...|Nasączony jadem..
lore_runeword_freljord|Cold imbued..|Kylmä imeytynyt..|Imbuída de Gelo..|Пропитанный холодом..|充滿寒意。|冷気が込められた…|냉기 속성 부여.|Kälte durchdrungen.|Imperméable au froid.|Imbuido en Frío...|Nasączony zimnem..
lore_runeword_moltening|Fire imbued..|Tuli täynnä..|Imbuída de Fogo..|Пропитанный огнем..|充滿火焰。|炎が込められた…|불을 주입..|Feuerdurchdrungen..|Imperméable au feu.|Imbuido en Fuego...|Nasączony ogniem..
lore_runeword_astropos|Lightning imbued..|Salama täynnä..|Imbuída de Raio..|Пропитанный молнией..|充滿雷電。|雷が込められた…|번개를 주입..|Blitzdurchdrungen..|Imperméable à la foudre.|Imbuido en Rayo...|Nasączony błyskawicami..
lore_runeword_etherwalk|Opens a path to the Ether..|Avaa tien eetteriin..|Abre um caminho para o Ether..|Открывает путь в Эфир..|打開一條通往以太的道路。|エーテルへの道が開かれる…|이더로 가는 길을 엽니다.|Öffnet einen Weg zum Äther..|Ouvre un chemin vers l'Éther.|Abre un camino hacia el Éter...|Otwiera ścieżkę do Eteru..
lore_runeword_crushfleet|CARNAGEEEEEEE|CARNAGEEEEEEE|CARNIFICINAAAAAA|БОЙНЯ|CARNAGEEEEEEE！ |大虐殺！|CARNAGEEEEEEE|Blutbad|CARNAGEEEEEEE |¡MASACREEEEEE!|RZEŹŹŹŹŹŹ
lore_runeword_lostDimension|Light a candle infront of a mirror and see who comes through..|Sytytä kynttilä peilin eteen ja katso kuka tulee läpi..|Acenda uma vela em frente ao espelho e veja quem vem..|Зажгите свечу перед зеркалом и посмотрите, кто пройдет..|在鏡子前點燃一支蠟燭，看看誰能進來……|鏡の前でろうそくに火を灯し、誰が通り抜けるか見てみよう…|거울 앞에 촛불을 켜고 누가 통과하는지 확인합니다..|Zünde eine Kerze vor einem Spiegel an und sieh, wer hindurchkommt..|Allumez une bougie devant un miroir et voyez qui passe…|Enciende una vela frente a un espejo y mira quién aparece...|Zapal świecę przed lustrem i zobacz, kto przyjdzie..
lore_runeword_sonicStep|Rapid, Fast, Slick, Smooth.. Sonic.|Nopea, nopea, liukas, sileä.. Sonic.|Rápido, Veloz, Ligeiro, Sônico.|Быстрый, быстрый, ловкий, плавный.. Звуковой.|迅捷、快速、靈巧、流暢……音速。|素早く、速く、滑らかに、滑らかに…ソニック。|빠르고, 민첩하며, 부드러운.. 음파의 움직임.|Schnell, schnell, glatt, geschmeidig.. Schall.|Rapide, rapide, fluide… Sonic.|Rápido, Veloz, Astuto, Suave... Sónico.|Szybko, sprawnie, gładko, gładko... Dźwięk.
lore_runeword_blitzkrieg|A flash of war!|Sodan välähdys!|Um flash de guerra!|Вспышка войны!|戰爭一閃而過！|戦いの閃光！|전광석화 같은 전쟁의 시작!|Ein Blitz des Krieges!|Un éclair de guerre !|¡Un destello de guerra!|Błysk wojny!
lore_runeword_curse|Forever.. Cursed..|Ikuisesti.. Kirottu..|Amaldiçoado.. Pra sempre..|Навсегда.. Проклятый.. |永遠……被詛咒……|永遠に…呪われた…|영원히.. 저주받았다..|Für immer.. Verflucht..|Éternellement… Maudit…|Eternamente... Maldito...|Na zawsze... Przeklęty...
lore_runeword_grief|The ancient recipe of a venom coated weapon on the battle field always results in a grieving widow..|Vanha resepti myrkkypäällysteisestä aseesta taistelukentällä johtaa aina surevaan leskeen. |A antiga receita de uma arma revestida de veneno no campo de batalha sempre resulta em uma viúva em luto...|Древний рецепт оружия, покрытого ядом, на поле боя всегда приводит к скорбящей вдове..|戰場上塗有毒液的武器那古老配方總是導致寡婦的悲傷……|戦場で毒を塗った武器の古代のレシピは、常に悲しみに暮れる未亡人を生み出す…|전장에서 맹독 무기를 휘두르는 순간, 한 명의 미망인이 탄생한다..|Das uralte Rezept einer giftbeschichteten Waffe auf dem Schlachtfeld führt stets zu einer trauernden Witwe..|L’ancienne recette d’une arme enduite de venin sur le champ de bataille laisse toujours une veuve endeuillée… |La antigua receta de un arma recubierta de veneno en el campo de batalla siempre resulta en una viuda desconsolada...|Starożytna receptura broni pokrytej jadem na polu bitwy zawsze kończy się żałobą wdowy...
lore_runeword_crown_of_antichrist|From the ashes of destruction.. The Antichrist shall walk the earth once again..|Tuhon tuhkasta.. Antikristus vaeltaa maan päällä jälleen..|Das cinzas da destruição... O Anticristo caminhará sobre a Terra novamente...|Из пепла разрушения.. Антихрист снова ступит на землю..|從毀滅的灰燼中……敵基督將再次行走在大地上……|破壊の灰の中から…反キリストが再び地上を歩く…|파괴의 잿더미 속에서.. 적그리스도가 다시 걸어 나올 것이다..|Aus der Asche der Zerstörung.. Der Antichrist wird wieder auf Erden wandeln..|Des cendres de la destruction… L'Antéchrist foulera à nouveau la Terre…|De las cenizas de la destrucción... El Anticristo caminará sobre la tierra una vez más...|Z popiołów zniszczenia... Antychryst znów będzie stąpał po ziemi...
lore_runeword_cardCollector|The collector of tarot cards.. They show the path.. To where? We don't know..|Tämä synkkä muinainen taika muuttaa kaikki alueen hirviöt aarrepeikkoiksi.|Esta magia sombria e ancestral transforma todos os monstros da zona em goblins do tesouro...|Эта темная древняя магия превращает всех монстров в зоне в гоблинов сокровищ..|塔羅牌收藏家……他們指引道路……通往何方？我們不知道……  |この暗黒の古代魔法は、ゾーン内のすべてのモンスターをトレジャーゴブリンに変えてしまう…|이 고대의 어두운 마법은 지역 내 모든 몬스터를 보물 고블린으로 바꿉니다..|Diese dunkle, uralte Magie verwandelt alle Monster in der Zone in Schatzkobolde..|Cette magie ancienne et sombre transforme tous les monstres de la zone en gobelins aux trésors…|Esta oscura magia ancestral convierte a todos los monstruos de la zona en goblins del tesoro...|Kolekcjoner kart tarota... Wskazują drogę... Dokąd? Nie wiemy...
lore_runeword_relicFeast|Chance for every monster slain to drop a relic..|Jokaisella tapetulla hirviöllä on mahdollisuus pudottaa jäänne.|Cada monstro morto tem a chance de dropar uma relíquia...|Шанс для каждого убитого монстра выронить реликвию..|每個被殺死的怪物都有機會掉落遺物……|倒されたモンスターごとに遺物をドロップする可能性がある…|적을 처치할 때마다 유물 드롭 확률이 생깁니다..|Chance, dass jedes getötete Monster ein Relikt fallen lässt..|Chaque monstre tué a une chance de laisser tomber une relique…|Probabilidad de que cada monstruo asesinado suelte una reliquia...|Szansa, że ​​każdy zabity potwór upuści relikwię...
lore_runeword_babylons_fall|A relic of once a prosperous, rich and advanced civilization ruled by gods for thousands of years.. |Jäänne kerran vauraasta, rikkaasta ja kehittyneestä sivilisaatiosta, jota jumalia hallitsivat tuhansia vuosia. |Uma relíquia de uma civilização outrora próspera, rica e avançada, governada por deuses por milhares de anos...|Реликвию некогда процветающей, богатой и развитой цивилизации, которой правили боги на протяжении тысяч лет.. |這是曾經被眾神統治了數千年的繁榮、  富裕和先進文明的遺跡……|数千年にわたり神々によって統治された、かつて繁栄し、豊かで高度な文明の遺物…|수천 년간 신의 지배 아래 번영했던 문명의 유산..|Ein Relikt einer einst wohlhabenden, reichen und fortschrittlichen Zivilisation, die jahrtausendelang von Göttern regiert wurde..|Une relique d'une civilisation autrefois prospère, riche et avancée, gouvernée par les dieux pendant des millénaires…|Una reliquia de una civilización antaño próspera, rica y avanzada, gobernada por dioses durante miles de años...|Relikt niegdyś prosperującej, bogatej i zaawansowanej cywilizacji, rządzonej przez bogów przez tysiące lat...
lore_runeword_colossus|Strong as stone.|Vahva kuin kivi.|Forte como pedra.|Сильный, как камень.|堅如磐石。|石のように頑丈。|바위처럼 단단한 힘.|Stark wie Stein.|Forte comme la pierre.|Fuerte como una roca.|Silny jak kamień.
lore_runeword_flowing_agony|Can you feel the darkness.. The agony.. Flowing through your veins..|Voitko tuntea pimeyden.. tuskan.. Virtaa suonissasi..|Você consegue sentir a escuridão... A agonia... Fluindo em suas veias...|Вы чувствуете тьму.. Агонию.. Текущую по вашим венам..|你能感覺到黑暗……痛苦……流過你的血管……|闇を感じることができるか…苦痛が…あなたの血管を流れる…|그 고통, 어둠이 네 핏줄을 따라 흐르는 걸 느껴지는가..|Spürst du die Dunkelheit?. Die Qual.. Die durch deine Adern fließt?.|Ressentez-vous les ténèbres… L'agonie… couler dans vos veines… |¿Puedes sentir la oscuridad... La agonía... Fluyendo por tus venas...?|Czujesz ciemność... Agonię... Płynącą w twoich żyłach...
lore_runeword_spelunker|Chance for ancient monsters to conjure an ore node after death.|Muinaisten hirviöiden mahdollisuus loihtia malmisolmu kuoleman jälkeen.|Monstros ancestrais têm a chance de conjurar um nó de minério após a morte.|Шанс для древних монстров вызвать узел руды после смерти.|古代怪物死後有機會生成礦石節點。|古代のモンスターが死後、鉱石ノードを召喚する可能性がある。 |고대 몬스터가 죽은 후 광맥을 생성할 확률이 생깁니다.|Chance, dass uralte Monster nach ihrem Tod einen Erzknoten beschwören.|Possibilité pour les monstres anciens d'invoquer un minerai après la mort.|Probabilidad de que los monstruos ancestrales conjuren un nodo de mineral después de la muerte.|Szansa, że ​​starożytne potwory przywołają węzeł rudy po śmierci.
lore_runeword_feral|Clawing towards your heart with each stroke..|Kynsiä kohti sydäntäsi jokaisella vedolla..|Agarrando seu coração a cada golpe...|С каждым ударом когтями цепляйтесь за ваше сердце..|每一次劃動都會抓向你的心臟……|一撃ごとに心臓を掻きむしる…|날카로운 발톱이 당신의 심장을 향해 휘두릅니다..|Mit jedem Schlag krallt es sich in dein Herz.|Griffant votre cœur à chaque coup…|Arañando hacia tu corazón con cada golpe...|Drapiąc cię w serce z każdym uderzeniem...
lore_runeword_chimera|Ages to eternity..|Ikuisuudesta ikuisuuteen..|Das eras até a eternidade...|Века и вечность..|永恆的時代……|永遠へと…|영겁을 살아온 혼합된 존재..|Zeitalter bis in die Ewigkeit.|Depuis des siècles jusqu'à l'éternité…|De las eras a la eternidad...|Od wieków do wieczności...
lore_runeword_grimwalkers|From the shadows wallows a grim sound, something truly eerie and dark..|Varjoista kuuluu synkkä ääni, jotain todella aavemaista ja synkkää.|Das sombras, surge um som sinistro, algo verdadeiramente sinistro e sombrio...|Из теней доносится мрачный звук, что-то поистине жуткое и темное..|從陰影中傳來一陣可怕的聲音，真正令人毛骨悚然和黑暗的東西……|影から、実に不気味で暗い、陰鬱な音が漂う…|어둠 속에서 울려 퍼지는 음산한 소리, 그것은 정말 섬뜩합니다..|Aus den Schatten ertönt ein grimmiges Geräusch, etwas wahrhaft Unheimliches und Dunkles.|De l'ombre s'élève un son sinistre, quelque chose de véritablement étrange et sombre…|Desde las sombras se oye un sonido lúgubre, algo verdaderamente espeluznante y oscuro...|Z cieni dobiega ponury dźwięk, coś prawdziwie upiornego i mrocznego...
lore_runeword_violence|The malevolent tendencies imbued within these boots take over the mind of its host..|Näissä saappaissa olevat pahantahtoiset taipumukset valtaavat sen isännän mielen.|As tendências malévolas imbuídas nestas botas tomam conta da mente de seu hospedeiro...|Злобные наклонности, заложенные в этих ботинках, овладевают разумом своего хозяина..|這雙靴子蘊含的惡意傾向控制了其主人的思想……|このブーツに宿る悪意に満ちた性質が、宿主の精神を乗っ取る…|이 부츠에 깃든 사악한 충동은 착용자의 정신을 지배하기 시작합니다..|Die bösartigen Neigungen, die diesen Stiefeln innewohnen, übernehmen den Geist ihres Trägers.|Les tendances maléfiques imprégnées dans ces bottes s'emparent de l'esprit de son hôte…|Las tendencias malévolas imbuidas en estas botas se apoderan de la mente de su huésped...|Złowrogie tendencje przesiąknięte tymi butami przejmują umysł swego nosiciela...
lore_runeword_incarnation_codex|Shimmering power of glyphs incarnated..|Inkarnoituneiden merkkien hohtava voima..|O poder cintilante dos glifos encarnados...|Мерцающая сила воплощенных глифов..|閃耀的符文力量化身……|具現化したグリフの揺らめく力…|문양의 힘이 실체로 구현됩니다..|Die schimmernde Kraft verkörperter Glyphen.|Le pouvoir chatoyant des glyphes incarnés… |El poder resplandeciente de los glifos encarnado...|Lśniąca moc wcielonych glifów...
lore_runeword_rift_codex|Shatter the realm and enter the ether..|Murskaa valtakunta ja astu eetteriin.|Destrua o reino e entre no éter...|Разрушьте царство и войдите в эфир..|粉碎世界，進入以太……|領域を粉砕し、エーテルへと踏み込む…|차원을 파괴하고 이더의 영역으로 진입합니다..|Zerschmettere das Reich und betrete den Äther.|Brisez le royaume et entrez dans l'éther.|Destroza el reino y entra en el éter...|Roztrzaskaj królestwo i wkrocz w eter...
lore_runeword_chaos_codex|The tower has engulfed in rage..|Torni on valtautunut raivoon..|A torre foi engolida pela fúria...|Башня охвачена яростью..|這座塔已被憤怒吞沒……|塔は怒りに包まれた…|탑이 분노에 휩싸였습니다..|Der Turm ist in Wut versunken.|La tour est engloutie par la rage.|La torre ha sido envuelta en ira...|Wieża ogarnęła wściekłość...
lore_runeword_rapidshot|The wrath of projectile mayhem fired from this sacred weapon..|Tästä pyhästä aseesta ammuttu ammusten sekasorto. |A ira do caos dos projéteis disparada desta arma sagrada... |Гнев метательного хаоса, выпущенного из этого священного оружия.. |這件神聖武器發射出憤怒的砲彈…… |この神聖な武器から放たれる、狂乱の弾丸の怒り… |이 신성한 무기에서 쏟아지는 투사체의 분노..|Der Zorn des Projektilchaos, abgefeuert von dieser heiligen Waffe.|La colère des projectiles tirés par cette arme sacrée. |La ira del caos de proyectiles disparada desde esta arma sagrada...|Gniew pocisków chaosu wystrzelonych z tej świętej broni...
lore_runeword_fog|Shrouding you in darkness, harvesting its power!|Verhoaa sinut pimeyteen, kerää sen voiman!|Envolvendo você na escuridão, colhendo seu poder!|Окутывая тебя тьмой, собирая её силу!|將你籠罩在黑暗之中，收穫它的力量！|闇に包まれ、その力を刈り取れ！ |어둠에 휩싸여, 그 힘을 수확하라! |Hülle dich in Dunkelheit und ernte ihre Macht!|Vous enveloppant de ténèbres, capturant son pouvoir !|¡Te envuelve en oscuridad, cosechando su poder!|Otula cię ciemnością, czerpiąc z jej mocy!
lore_runeword_broken_friendship_codex|Friendships are made to be broken.. no?|Ystävyyssuhteet on tehty katkaistaviksi.. eikö niin?|Amizades são feitas para serem quebradas... não é?|Дружба создана, чтобы её разрушать... не так ли?|友誼是用來粉碎的…不是嗎？|友情は壊れるためにあるのだろうか..？|우정은 깨지기 위해 존재하는 거 아냐?|Freundschaften sind dazu da, zerbrochen zu werden, oder?|Les amitiés sont faites pour être brisées… non ?|Las amistades están hechas para romperse... ¿no?|Przyjaźnie są po to, by je zrywać... nie?
lore_runeword_deserts_wrath|Salvaged from the ruins of a powerful mana storm..|Pelastettu voimakkaan manamyrskyn raunioista..|Resgatadas das ruínas de uma poderosa tempestade de mana...|Спасённая из руин мощного мана-шторма...|從強大的法力風暴廢墟中搶救出來……|強力なマナストームの廃墟から回収された..|강력한 마나 폭풍의 폐허에서 회수됨..|Geborgen aus den Ruinen eines mächtigen Manasturms.|Récupéré des ruines d'une puissante tempête de mana…|Rescatadas de las ruinas de una poderosa tormenta de maná...|Ocalone z ruin potężnej burzy many...
lore_runeword_lone_mystic|Conjured deep in the barren deserts..|Loihdittu syvälle karuihin aavikkoihin..|Conjuradas nas profundezas dos desertos áridos...|Сотворённая в глубинах бесплодных пустынь...|在荒蕪的沙漠深處召喚……|荒れ果てた砂漠の奥深くで召喚された..|황량한 사막 깊은 곳에서 소환됨..|Beschworen tief in den kargen Wüsten.|Invoqué au plus profond des déserts arides…|Conjuradas en lo profundo de los áridos desiertos...|Wyczarowane głęboko w jałowych pustyniach...
lore_runeword_ents_blessing|Blessed by the saplings of the forest..|Metsän taimien siunaamana.. |Abençoadas pelas mudas da floresta... |Благословлённая молодыми деревцами леса... |受到森林樹苗的祝福…… |森の若木たちに祝福されて..|숲의 어린 묘목들에게 축복받은..|Gesegnet von den Setzlingen des Waldes.|Béni par les jeunes pousses de la forêt… |Bendecidas por los retoños del bosque... |Błogosławione przez młode drzewka lasu... 
|||||||||||
[set_names]|||||||||||
gurag_setname|Gurag's Fury|Guragin raivo|Fúria de Gurag|Ярость Гурага|古拉格的憤怒|グーラグの憤激|구라그의 분노 (Gurag's Fury)|Gurag Wut|Fureur de Gurag|Furia de Gurag|Gniew Guraga
reaper_setname|Death's Toll|Kuoleman Tulli|Pena de Morte|Число погибших|死亡的代價|死の鐘|죽음의 대가 (Death's Toll)|Der Tod der Maut|Tribut de la Mort|El Precio de la Muerte|Danina Śmierci
anubis_setname|Anubi's Eternal Life|Anubiksen Ikuinen Elämä|Vida Eterna de Anúbis|Вечная Жизнь Ануби|阿努比斯的永生|アヌビスの永遠の命|아누비스의 영원한 생명 (Anubi's Eternal Life)|Anubi des ewigen Lebens|Vie éternelle d'Anubis|Vida Eterna de Anubis|Wieczne Życie Anubiego
damien_setname|Damien's Legacy|Damienin Perintö|Legado de Damien|Наследие Дэмиена|達米安的遺產|デイミアンの遺産|데미언의 유산 (Damien's Legacy)|Damien Vermächtnis|Héritage de Damien|Legado de Damien|Dziedzictwo Damiena
karp_setname|Genji's Battle Gear|Genjin Taisteluvarusteet|Equipamento de Batalha de Genji|Боевое снаряжение Гэндзи|源氏的戰鬥裝備|ゲンジのバトル・ギア|겐지의 전투 장비 (Genji's Battle Gear)|Genjis Kampfausrüstung|Équipement de Genji|Equipo de Batalla de Genji|Bitewny Sprzęt Genjiego
satan_setname|Satan's Curse|Saatanan Kirous|Maldição de Satã|Проклятие сатаны|撒旦的詛咒|サタンの呪い|사탄의 저주 (Satan's Curse)|Satans Fluch|Malédiction de Satan|Maldición de Satán|Klątwa Satana
mevius_setname|Mevius' Eye of Chaos|Meviuksen Kaaossilmä|Olho do Caos de Mevius|Око Хаоса Мевиуса|梅維烏斯的混沌之眼|メビウスの混沌の目|뫼비우스의 혼돈의 눈 (Mevius' Eye of Chaos)|Mevius' Auge des Chaos|Oeil du chaos de Mevius|Ojo del Caos de Mevius|Oko Chaosu Meviusa
tals_setname|Tal's Reaping|Talin Niitto|Colheita de Tal|Тал Пожинает плоды|塔爾的收割|タルの収穫|탈의 수확 (Tal's Reaping)|Tal der Ernte|Moisson de Tal|La Siega de Tal|Żniwa Tala
zeus_setname|Thunder God's Wrath|Ukkosjumalan Raivo|Fúria do Deus do Trovão|Гнев Бога грома|雷神之怒|雷神の天罰|천둥신의 분노 (Thunder God's Wrath)|Donnergott Zorn|Courroux du dieu du tonnerre|Ira del Dios del Trueno|Gniew Boga Gromu
steve_setname|Stickman Steve's Destruction|Teemu Tikku-Ukon Tuho|Destruição de Stickman Steve|Уничтожение Крупье Стива|火柴人史蒂夫的毀滅|棒人間スティーブの破壊|스틱맨 스티브의 파괴 (Stickman Steve's Destruction)|Strichmännchen Steve Zerstörung|Destruction de Stickman Steve|La Destrucción de Steve el Monigote|Zniszczenie Stickmana Steve'a
redneck_setname|Redneck's Work Gear|Punaniskan Työvarusteet|Equipamento de Trabalho do Caipira|Рабочее снаряжение Деревенщины|鄉巴佬的工作裝備|レッドネックの作業道具|레드넥의 작업 장비 (Redneck's Work Gear)|Redneck Arbeit Gang|Équipement de travail de redneck|Equipo de Trabajo de Palurdo|Roboczy Sprzęt Rednecka
redneck2_setname|Lumberjack's Forestry Gear|Tukkimiehen Metsävarusteet|Equipamento Florestal do Lenhador|Лесное снаряжение лесоруба|伐木工人的林業裝備|木こりの林業用品|나무꾼의 임업 장비 (Lumberjack's Forestry Gear)|Holzfäller-Forstausrüstung|Équipement forestier du bûcheron|Equipo Forestal del Leñador|Leśny Sprzęt Drwala
pirate_setname|Black Beard's Remains|Mustaparran Jäänteet|Restos do Barba Negra|Останки Черной Бороды|黑鬍子的遺骸|黒髭の亡骸|검은 수염의 잔해 (Black Beard's Remains)|Black Beard Überreste|Vestiges de Barbe Noire|Los Restos de Barbanegra|Pozostałości Czarnego Brody
pirate2_setname|Plunderer's Ensemble|Ryöstelijän Asukokonaisuus|Conjunto do Saqueador|Ансамбль грабителя|掠奪者合奏團|プランダラのアンサンブル|약탈자의 복장 (Plunderer's Ensemble)|Plündererensemble|Ensemble de pilleur|Conjunto del Saqueador|Zespół Rabusia
necromancer_setname|Death Lord's Legacy|Kuolemanherran Perintö|Legado do Senhor da Morte|Наследие Повелителя Смерти|死亡領主的遺產|デス・ロードの遺産|죽음 군주의 유산 (Death Lord's Legacy)|Der Tod des Herrn Vermächtnis|Héritage du seigneur de la mort|Legado del Señor de la Muerte|Dziedzictwo Władcy Śmierci
necromancer2_setname|Venom's Frame|Venomin Runko|Estrutura do Veneno|Рамка Венома|毒液之框|ヴェノムのフレーム|맹독의 골격 (Venom's Frame)|Giftrahmen|Armature de venom|Armazón de Veneno|Rama Venoma
paladin_setname|Thor's Thunder Hammer|Odinin Pyhä Vasara|Martelo Sagrado de Odin|Громовой молот Тора|索爾的雷霆之錘|オーディンの聖なるハンマー|토르의 천둥 망치 (Thor's Thunder Hammer)|Odins heiliger Hammer|Marteau de Thor|Martillo de Trueno de Thor|Młot Gromu Thora
paladin2_setname|Justiciar's Thunder Raiment|Justikaarin Ukkos Asuste|Trajes de Trovão do Justiceiro|Громовое одеяние Юстициария|審判者的雷霆聖衣|司法長官の雷鳴|정의의 천둥 의복 (Justiciar's Thunder Raiment)|Donnergewand des Justiziar|Parure de tonnerre de justicier|Atuendo de Trueno del Justiciero|Gromowa Szata Justiciara
viking_setname|Viking's Demise|Viikingin Kuolema|Fim dos Vikings|Гибель викинга|維京人的滅亡|バイキングの死|바이킹의 몰락 (Viking's Demise)|Untergang des Wikingers|Patrimoine de viking|Ocaso del Vikingo|Zguba Wikinga
viking2_setname|Shield Bearer's Sanctuary|Kilvenkäyttäjän Turvapaikka|Santuário do Escudeiro|Святилище щитоносца|持盾者的庇護所|シールドベアラーの聖域|방패지기의 성소 (Shield Bearer's Sanctuary)|Schutzgebiet des Schildträgers|Refuge du porteur de bouclier|Santuario del Portaescudo|Sanktuarium Niosącego Tarczę
nomad_setname|Elder of Mos'Arathim|Mos'Arathimin Vanhin|Ancião de Mos'Arathim|Старейшина Мосаратима|莫斯阿拉辛的長老 |モスアラティムの長老|모스'아라팀의 장로 (Elder of Mos'Arathim)|Ältester von Mos'Arathim|Fondateur de Mos'Arathim|Anciano de Mos'Arathim|Starszy Mos'Arathim
nomad2_setname|Vagabond's Rags|Kiertolaisen Rievut|Trapos do Vagabundo|Лохмотья бродяги|流浪者的破布|バガボンドのぼろきれ|방랑자의 누더기 (Vagabond's Rags)|Vagabundenlumpen|Guenilles de vagabond|Harapos del Vagabundo|Łachmany Vagabonda
marksman_setname|Marksman's Hunting Gear|Jousiampujan Metsästysvarusteet|Equipamento de Caça do Atirador|Охотничье снаряжение стрелка|神射手的狩獵裝備|マークスマンのハンティングギア|명사수의 사냥 장비 (Marksman's Hunting Gear)|Jagdausrüstung des Marksman|Équipement de chasse de tireur d'élite|Equipo de Caza del Tirador|Myśliwski Sprzęt Strzelca
marksman2_setname|Engineer's Combat Gear|Insinöörin Taisteluvarustus|Equipamento de Combate do engenheiro|Боевое снаряжение инженера|工程師的戰鬥裝備|エンジニアの戦闘装備|기술자의 전투 장비 (Engineer's Combat Gear)|Kampfausrüstung des Ingenieurs|Équipement de combat de l'ingénieur|Equipo de Combate del Ingeniero|Bitewny Sprzęt Inżyniera
samurai_setname|Nobunaga's Empire|Nobunagan Valtakunta|Império de Nobunaga|Империя Нобунаги|信長的帝國|信長の帝国|노부나가의 제국 (Nobunaga's Empire)|Nobunagas Reich|Empire de Nobunaga|Imperio de Nobunaga|Imperium Nobunagi
samurai2_setname|Master's Legacy|Mestarin Perintö|Legado do Mestre|Наследие Мастера|大師的遺產|マスターのレガシー|대가의 유산 (Master's Legacy)|Das Vermächtnis des Meisters|Héritage du maître|Legado del Maestro|Dziedzictwo Mistrza
marauder_setname|Juggernaut's Rampart|Juggernautin Muuri|Baluarte do Juggernaut|Бастион Джаггернаута|角鬥士的榮耀|ジャガーノートの城壁|저거너트의 성벽 (Juggernaut's Rampart)|Juggernauts Wall|Rempart de juggernaut|Baluarte del Juggernaut|Ostoja Juggernauta
marauder2_setname|Gladiator's Glory|Gladiattorin Kunnia|Glória do Gladiador|Слава гладиатора|主宰的壁壘|グラディエーターグローリー|검투사의 영광 (Gladiator's Glory)|Ehre des Gladiators|La Gloire de gladiateur|Gloria del Gladiador|Chwała Gladiatora
plaguedoctor_setname|Doctor's Medkit|Tohtorin Lääkepakkaus|Kit do Médico|Аптечка врача|醫生的醫療包|ドクターズメドキット|의사의 구급 상자 (Doctor's Medkit)|Medizinkoffer des Arztes|Nécessaire de docteur|Botiquín del Doctor|Apteczka Doktora
plaguedoctor2_setname|Blood-letter's Armament|Suoneniskijän aseistus|Armamento do Flebotomista|Вооружение кровавого письма|放血武裝|血の手紙の兵器|피-편지의 병기 (Blood-letter's Armament)|Bewaffnung des Blutbuchstabens|Matériel de gravesang|Armamento del Sangrador|Uzbrojenie Krwiopuszczacza
demonslayer_setname|Dante's Nightmare|Danten Painajainen|Pesadelo de Dante|Кошмар Данте|但丁的惡夢|ダンテの悪夢|단테의 악몽 (Dante's Nightmare)|Dantes Alptraum|Cauchemar de Dante|Pesadilla de Dante|Koszmar Dantego
demonslayer2_setname|Gabriel's Devotion|Gabrielin Tahto|Devoção de Gabriel|Преданность Габриэля|加百列的奉獻|ガブリエルの献身 |가브리엘의 헌신 (Gabriel's Devotion)|Gabriels Hingabe|Dévotion de Gabriel|Devoción de Gabriel|Oddanie Gabriela
whitemage_setname|The Holy One|Pyhimys|O Santo|Святой Человек|聖者|ザ･ホーリーワン|구세주 (The Holy One)|Der Heilige|Le Saint|El Sagrado|Święty
whitemage2_setname|Zealot's prophecy|Kiihkoilijan Ennustus|A Profecia do Fanático|Пророчество зелота|狂熱者的預言|ジーロットの予言|질럿의 예언 (Zealot's prophecy)|Eiferers Propechie|Prophétie de zélote|Profecía del Fanático|Przepowiednia Zealota
pyromancer_setname|Flames of the Apocalypse|Maailmanlopun Liekit|Chamas do Apocalipse|Пламя Апокалипсиса|天啟之火|黙示録の炎|묵시의 불꽃 (Flames of the Apocalypse)|Flammen der Apokalypse|Flammes de l'Apocalypse|Llamas del Apocalipsis|Płomienie Apokalipsy
pyromancer2_setname|Flames of Divinity|Jumalalliset Liekit|Chamas da Divindade|Пламя божественности|神性之火|神性の炎|신성의 불꽃 (Flames of Divinity)|Flammen der Göttlichkeit|Flammes de la divinité|Llamas de la Divinidad|Płomienie Boskości
amazon_setname|Aztec's Mystery|Atsteekkien Mysteeri|Mistério Asteca|Тайна ацтеков|阿茲特克之謎|アズテックミステリー|아즈텍의 신비 (Aztec's Mystery)|Mysterium des Azteken|Mystère aztèque|Misterio Azteca|Tajemnica Azteków
amazon2_setname|Valkyrie's Battle Gear|Valkyrie's Battle Gear|Equipamento de Batalha da Valquíria|Боевое снаряжение Валькирии|瓦爾基里的戰鬥裝備 |ヴァルキリーの戦闘装備 |발키리의 전투 장비 (Valkyrie's Battle Gear)|Valkyrie's Battle Gear|Panoplie de valkyrie|Equipo de Batalla de la Valquiria|Bitewny Sprzęt Walkirii
shaman_setname|God of the Elements|Elementtijumala|Deus dos Elementos|Бог стихий|元素之神|エレメントの神|원소의 신 (God of the Elements)|Gott der Elemente|Dieu des éléments|Dios de los Elementos|Bóg Żywiołów
shaman2_setname|Earth Shaper's Pride|Maanmuokkaajan Ylpeys|Orgulho do Modelador de Terras|Гордость Создателя Земли|造地者的驕傲|アースシェイパーのプライド|대지 조각가의 자부심 (Earth Shaper's Pride)|Der Stolz des Erdformers|Fierté de l'élémen'terre|Orgullo del Moldeador de Tierra|Duma Kształtującego Ziemię
lancer_setname|Wall of God|Jumalan Seinä|Muralha de Deus|Стена Бога|神之牆|神の壁|신의 벽 (Wall of God)|Mauer Gottes|Rempart de Dieu|Muro de Dios|Ściana Boga
lancer2_setname|Champion's Valor|Sotamestarin Urheus|Valor do Campeão|Доблесть чемпиона|冠軍的勇氣|チャンピオンの勇気|챔피언의 용기 (Champion's Valor)|Tapferkeit des Champions|Bravoure de champion|Valor del Campeón|Waleczność Championa
demonspawn_setname|Satan's Redemption|Saatanan Lunastus|Redenção de Satanás|Искупление сатаны|撒旦的救贖|魔王のあがない|사탄의 구원 (Satan's Redemption)|Satans Rache|Rédemption de Satan|Redención de Satán|Odkupienie Satana
demonspawn2_setname|Bone Conjurer's Regalia|Luidentekijän Loisto|Regalia do Conjurador de Ossos|Регалии Костяного фокусника|骨法師的法衣|ボーンコンジュラーのレガリア|뼈 소환사의 제복 (Bone Conjurer's Regalia)|Insignien des Knochenbeschwörers|Regalia de conjurateur d'os|Regalia del Conjurador de Huesos|Regalia Przywoływacza Kości
swordmaster_setname|Masamura|Masamura|Masamura|Масамура|正村|正村|마사무라 (Masamura)|Masamura|Masamura|Masamura|Masamura
travelers_setname|Traveler|Matkustaja|Viajante|Путешественник|旅行者|旅行者|여행자 (Traveler)|Reisender|Voyageur|Viajero|Podróżnik
uabel_setname|Uabel's Majesty|Uabelin majesteetti|Majestade de Uabel|Величество Уабель|烏貝爾殿下|ウアベルの陛下 |우아벨의 위엄 (Uabel's Majesty)|Uabels Majestät|Majesté d'Uabel|Majestad de Uabel|Majestat Uabela
battleWorn_setname|Battle Worn|Taistelu kulunut|Desgastado de Batalha|Изношенный в Битве|戰鬥磨損|バトルウォーン|전투로 해진 (Battle Worn)|Schlacht getragen|Vaillance de combat|Desgastado por la Batalla|Zużyty Bitewnie
sheepKings_setname|Sheep King's Kingdom|Sheep King's Kingdom|Reino do Rei Ovelha|Королевство Короля овец|羊王的王國|羊王の王国|양왕의 왕국 (Sheep King's Kingdom)|Sheep King's Kingdom|Royaume du roi des moutons|Reino del Rey Oveja|Królestwo Króla Owiec
illusionist_setname|Guardian's of the Sands|Guardian's of the Sands|Guardião das Areias|Хранитель песков|沙之守護者|砂漠の守護者の王国|모래의 수호자 (Guardian's of the Sands)|Guardian's of the Sands|Gardiens des sables|Guardianes de las Arenas|Strażnicy Piasków
illusionist2_setname|Temporal Mastery|Temporal Mastery|Maestria Temporal|Временное Господство|時間掌控者|時間の支配|시간의 숙련 (Temporal Mastery)|Temporal Mastery|Maîtrise temporelle|Maestría Temporal|Mistrzostwo Temporalne
jotunn_setname|Ymir's Wisdom|Ymir's Wisdom|Sabedoria de Ymir|Мудрость Имира|尤彌爾的智慧|ユミルの知恵|이미르의 지혜 (Ymir's Wisdom)|Ymir's Wisdom|Sagesse d'Ymir|Sabiduría de Ymir|Mądrość Ymira
jotunn2_setname|Einar's Rage|Einar's Rage|Fúria de Einar|Гнев Эйнара|艾納爾的憤怒|アイナルの怒り|에이나르의 분노 (Einar's Rage)|Einar's Rage|Rage d'Einar|Ira de Einar|Gniew Einara
odin_setname|Odin's Demise|Odin's Demise|Morte de Odin|Кончина Одина|奧丁的滅亡 |オーディンの滅亡 |오딘의 몰락 (Odin's Demise)|Odin's Demise|Legs d'Odin|Ocaso de Odín|Zguba Odina
exo_setname|Guardian of the Sun Temple||Guardião do Templo do Sol|Хранитель храма Солнца|太陽神殿的守護者|太陽神殿の守護者|태양 신전의 수호자 (Guardian of the Sun Temple)|Wächter des Sonnentempels|Gardien du Temple du Soleil|Guardián del Templo del Sol|Strażnik Świątyni Słońca
exo2_setname|The Lunar Eclipse|Kuunpimennys|O Eclipse Lunar|Лунное затмение|月食|月蝕|월식 (The Lunar Eclipse)|Die Mondfinsternis|L'éclipse lunaire|El Eclipse Lunar|Księżycowe Zaćmienie
butcher_setname|Blood Bond|Veri Bond|Laço de Sangue|Кровавая связь |血牢|血の絆|혈연 (Blood Bond)|Blutsbande|Lien du sang|Vínculo de Sangre|Więź Krwi
butcher2_setname|Verge of Insanity|Hulluuden partaalla|Beira da Insanidade|Грань безумия|瘋狂的邊緣|狂気の淵|광기의 경계 (Verge of Insanity)|Rand des Wahnsinns|Au bord de la folie|Al Borde de la Locura|Krawędź Szaleństwa
arcs_setname|Arc's Blessed Faith|Arcin siunattu usko|Fé Abençoada de Arc|Благословенная вера Арка|弧光的神聖信仰|アークの祝福された信仰|아크의 축복받은 신앙 (Arc's Blessed Faith)|Arcs gesegneter Glaube|La foi bénie de l'Arc|Fe Bendita de Arc|Błogosławiona Wiara Arca
stormweaver_setname|Thunder Caller's Wrath|Thunder Caller's Wrath|Fúria do Invocador de Trovões|Гнев призывателя грома|雷霆召喚者之怒|雷鳴の怒り|천둥 부르는 자의 분노 (Thunder Caller's Wrath)|Der Zorn des Donnerrufers|La colère de l'invocateur du tonnerre|Ira del Invocador de Truenos|Gniew Przywoływacza Gromu
abomination_setname|Abomination's Defiled Organs|Kauhistuksen saastuttamat elimet|Órgãos Contaminados da Abominação|Оскверненные органы мерзости|憎惡的污穢器官|アボミネーションの穢れた器官|혐오자의 더럽혀진 장기 (Abomination's Defiled Organs)|Die entweihten Organe der Abscheulichkeit|Les organes souillés de l'abomination|Órganos Profanados de la Abominación|Zbezczeszczone Organy Obrzydliwości
demolition_setname|Demolition Expert|Purkutyön asiantuntija|Expert em Demolição|Эксперт по разрушению|拆除專家|破壊の達人|폭파 전문가 (Demolition Expert)|Sprengmeister|L'expert en démolition|Experto en Demolición|Ekspert od Wyburzeń
bard_setname|Metal Vocalist's Symphony|Metalvokalistin sinfonia|Sinfonia do Vocalista de Metal|Симфония металлического вокалиста|金屬歌手的交響曲|メタル・ボーカリストのシンフォニー|메탈 보컬리스트의 교향곡 (Metal Vocalist's Symphony)|Symphonie des Metal-Sängers|La symphonie du chanteur de métal|Sinfonía del Vocalista de Metal|Symfonia Metalowego Wokalisty
bard2_setname|Pit Fighter's Rampage|Pit Fighter's Rampage|Fúria do Lutador de Boxe|Буйство бойца ямы|狂暴鬥士衝撞坑|ピットファイターの暴走|피트 파이터의 난동 (Pit Fighter's Rampage)|Randale des Grubenkämpfers|Le saccage du combattant des arènes|Alboroto del Luchador de Foso|Szarża Pit Fightera
grenadier_setname|Grenadier's Explosive|Grenadier's Explosive |Explosivo do Granadeiro |Взрывчатка гренадера |擲彈兵的炸藥 |グレネード兵の爆発 |수류탄병의 폭발물 (Grenadier's Explosive)|Sprengstoff des Grenadiers|L'explosif du grenadier |Explosivo del Granadero|Wybuchowy Granatnik
witching_setname|Witching|Noituus|Bruxa |Колдовство |巫術 |ウィッチング|위칭 (Witching)|Hexerei|Sorcellerie |Brujería |Czarownictwo
snipers_setname|Sniper's Kit||Kit de Atirador de Elite|Снайперский комплект|狙擊手裝備|スナイパーキット|저격수 키트 (Sniper's Kit)|Scharfschützenausrüstung|Kit de tireur d'élite|Kit de francotirador|Zestaw Snajpera
orbital_setname|Orbital Gravity||Gravidade Orbital|Орбитальная гравитация|軌道引力|軌道重力|궤도 중력 (Orbital Gravity)|Orbitale Schwerkraft|Gravité orbitale|Gravedad orbital|Orbitalna Grawitacja
prophet1_setname|Mystic of the Forest||Místico da Floresta|Мистик леса|森林神秘者|森の神秘家|숲의 신비주의자 (Mystic of the Forest)|Mystiker des Waldes|Mystique de la forêt|Místico del bosque|Mistyk Lasu
prophet2_setname|Skinwalker's Bloodlust||Sede de Sangue do Skinwalker |Кровожадность оборотня |嗜血變形者|スキンウォーカーの血への渇望 |스킨워커의 피의 욕망 (Skinwalker's Bloodlust)|Blutdurst des Gestaltwandlers|Soif de sang du métamorphe |Sed de sangre del cambiaformas |Żądza Krwi Skinwalkera
|||||||||||
[Misc]|||||||||||
limited_socket|Unique|Ainutlaatuinen|Único|Уникальный|獨特|ユニーク|유니크 (Unique)|Einzigartig|Unique|Único|Unikalny
prospect_copper|Prospect Copper Ore|Prospect Copper Ore|Examinar Minério de Cobre|Перспективная Медная Руда|銅礦|プロスペクト銅鉱石|구리 원석 조사 (Prospect Copper Ore)|Kupfererz|Raffinage de cuivre|Prospectar Mena de Cobre|Ruda Miedzi do Prospektu
prospect_iron|Prospect Iron Ore|Prospekti Iron Ore|Examinar Minério de Ferro|Перспективная Железная Руда|鐵礦|プロスペクト鉄鉱石|철 원석 조사 (Prospect Iron Ore)|Eisenerz|Raffinage de fer|Prospectar Mena de Hierro|Ruda Żelaza do Prospektu
prospect_gold|Prospect Gold Ore|Prospect kultamalmi|Examinar Minério de Ouro|Перспективная Золотая Руда|金礦|プロスペクト金鉱石|금 원석 조사 (Prospect Gold Ore)|Golderz|Raffinage d'or|Prospectar Mena de Oro|Ruda Złota do Prospektu
prospect_ruby|Prospect Ruby Ore|Prospekti Ruby Ore|Examinar Minério de Rubi|Перспективная Рубиновая Руда|紅寶石礦|プロスペクトルビー鉱石|루비 원석 조사 (Prospect Ruby Ore)|Rubinerz|Raffinage de rubis|Prospectar Mena de Rubí|Ruda Rubinu do Prospektu
prospect_jade|Prospect Jade Ore|Prospekti Jade Ore|Examinar Minério de Jade|Перспективная Нефритовая Руда|玉礦|プロスペクト翡翠鉱石|제이드 원석 조사 (Prospect Jade Ore)|Jadeerz|Raffinage de jade|Prospectar Mena de Jade|Ruda Jadeitu do Prospektu
prospect_tarethium|Prospect Tarethium Ore|Prospekti Taretiummalmi|Examinar Minério de Tarethium|Перспективная таретиевая руда|塔雷希爾礦|プロスペクトタレチウム鉱石|타레시움 원석 조사 (Prospect Tarethium Ore)|Tarethiumerz|Raffinage de tarethium|Prospectar Mena de Tarethium|Ruda Taretium do Prospektu
potions_witches_potion|Witches Potion|Noidat juoma|Poção das Bruxas|Ведьмино Зелье|女巫藥水|魔女の薬|마녀의 물약 (Witches Potion)|Hexentrank|Potion de sorcière|Poción de Bruja|Mikstura Wiedźmy
potions_elixir_of_death|Elixir of Death|Kuoleman eliksiiri|Elixir da Morte|Эликсир смерти|死亡靈藥|死のエリクサー|죽음의 엘릭서 (Elixir of Death)|Todeselixier|Élixir mortel|Elixir de la Muerte|Eliksir Śmierci
potions_maggot_eye_elixir|Maggot Eye Elixir|Maggot Eye Elixir|Elixir de Olho de Larva|Эликсир для Глаз Личинки|蛆眼靈藥|マゴットアイエリクサー|구더기 눈 엘릭서 (Maggot Eye Elixir)|Madenaugenelixier|Élixir d'yeux d'asticots|Elixir de Ojo de Gusano|Eliksir Oka Larwy
potions_empty_bottle_of_vodka|Empty Bottle of Vodka|Tyhjä vodkapullo|Garrafa Vazia de Vodka|Пустая бутылка из - под водки|伏特加空瓶|ウォッカの空き瓶|빈 보드카 병 (Empty Bottle of Vodka)|Leere Wodkaflasche|Bouteille de vodka vide|Botella Vacía de Vodka|Pusta Butelka Wódki
potions_bottle_of_radogate|Bottle of Radogate|Pullo Radogatea|Garrafa de Radogate|"Бутылка "" Радогейта """|雷達瓶|ラドゲートの瓶|라도게이트 병 (Bottle of Radogate)|Radogate-Flasche|Bouteille de Radogate|Botella de Radogate|Butelka Radogate
potions_wizard_potion|Wizard Potion|Velhojuoma|Poção do Mago|Волшебное Зелье|巫師藥水|魔法使いの薬|마법사의 물약 (Wizard Potion)|Zaubertrank|Potion de sorcier|Poción de Hechicero|Mikstura Czarodzieja
potions_radbull|Radbull|Radbull|Radbull|Рэдбулл|紅牛|ラドブル|라드불 (Radbull)|Radbull|Radbull|Radbull|Radbull
potions_surstromming|Surströmming|Surströmming|Surströmming|Surströmming|瑞典鹽醃鯡魚罐|シュールストレミング|수르스트뢰밍 (Surströmming)|Surströmming|Surströmming|Surströmming|Surströmming
potions_protein_shake|Protein Shake|Proteiinipirtelö|Shake de Proteína|Протеиновый коктейль|蛋白奶昔|プロテインシェイク|프로틴 셰이크 (Protein Shake)|Proteinshake|Boisson protéinée|Batido de Proteínas|Shake Proteinowy
potions_blood_of_spartan|Blood of Spartan|Spartan veri|Sangue de Espartano|Кровь спартанца|斯巴達之血|スパルタンの血|스파르탄의 피 (Blood of Spartan)|Spartanerblut|Sang de spartiate|Sangre de Espartano|Krew Sparty
potions_bottle_of_sake|Bottle of Sake|Pullo sakea|Garrafa de Saquê|Бутылка саке|清酒|酒の瓶|사케 병 (Bottle of Sake)|Sake-Flasche|Bouteille de saké|Botella de Sake|Butelka Sake
potions_praetorian_blood|Praetorian Blood|Pretorian veri|Sangue Pretoriano|Преторианская кровь|禁衛軍之血|プレトリアンの血|호위대 피 (Praetorian Blood)|Prätorianerblut|Sang prétorien|Sangre de Pretoriano|Krew Pretorianina
potions_ghostly_potion|Ghostly Potion|Aavemainen juoma|Poção Fantasmagórica|Призрачное Зелье|幽靈藥水|ゴーストリーポーション|유령의 물약 (Ghostly Potion)|Geisterhafter Trank|Potion fantôme|Poción Espectral|Widmowa Mikstura
potions_prismatic_potion|Prismatic Potion|Prismaattinen juoma|Poção Prismática|Призматическое Зелье|棱鏡藥水|プリズマティックポーション|프리즘 물약 (Prismatic Potion)|Prismatischer Trank|Potion prismatique|Poción Prismática|Pryzmatyczna Mikstura
potions_sung_lees_unleashed_rage|Sung Lee's Unleashed Rage|Sung Leen Unleashed Rage|Fúria Descontrolada de Sung Lee|Вырвавшийся на свободу гнев Сун Ли|李宋的憤怒|ソン・リーの解き放たれた怒り|성 리의 해방된 분노 (Sung Lee's Unleashed Rage)|Sung Lees entfesselte Wut|Rage déchaînée de Sung Lee|Furia Desatada de Sung Lee|Uwolniona Furia Sung Lee
potions_power_of_void|Power of the Void|Tyhjyyden voima|Poder do Vazio|Сила пустоты|虛空之力|虚空の力|공허의 힘 (Power of the Void)|Macht der Leere|Pouvoir du vide|Poder del Vacío|Moc Pustki
potions_caffeinated_coffee_container|Caffeinated Coffee Container|Kofeiinipitoinen kahvisäiliö|Recipiente de Café com Cafeína|Контейнер для кофе с кофеином|含咖啡因的咖啡容器|カフェイン入りコーヒー容器|카페인 커피 용기 (Caffeinated Coffee Container)|Koffeinhaltiger Kaffeebehälter|Gobelet de café caféiné|Recipiente de Café con Cafeína|Pojemnik na Kofeinową Kawę
potions_gold_inlaid_mysterious_potion|Gold Inlaid Mysterious Potion|Kultainen upotekoristeinen salaperäinen juoma|Poção Misteriosa Imbuída de Ouro|Инкрустированное Золотом Таинственное Зелье|鑲金神秘藥水|金象嵌の謎の薬|금박 장식 신비한 물약 (Gold Inlaid Mysterious Potion)|Goldverzierter Mysteriöser Trank|Potion mystérieuse infusée d'or|Poción Misteriosa con Incrustaciones de Oro|Złoto Inkrustowana Tajemnicza Mikstura
potions_elixir_of_unwordly_cognition|Elixir of Unworldly Cognition|Epämaailmallisen tuntemuksen eliksiiri |Elixir da Cognição Não-mundana|Эликсир Неземного Познания|超凡脫俗認知靈丹妙藥 |超世俗的認識のエリクサー |비현실적인 인식 엘릭서 (Elixir of Unworldly Cognition)|Elixier der überweltlichen Erkenntnis|Élixir de savoir inconnus|Elixir de Cognición Sobrenatural|Eliksir Nieziemskiej Poznania
|||||||||||
[Keys]|||||||||||
keys_key|Basic Key|Avain|Chave|Клавиша|鑰匙|基本の鍵|기본 열쇠 (Basic Key)|Basisschlüssel|Clé|Llave Básica|Zwykły Klucz
keys_crystal_key|Crystal Key|Kristalliavain|Chave de Cristal|Хрустальный Ключ|水晶鑰匙|クリスタルの鍵|수정 열쇠 (Crystal Key)|Kristallschlüssel|Clé de cristal|Llave de Cristal|Kryształowy Klucz
keys_cloud_key|Cloud Key|Pilviavain|Chave de Nuvem|Облачный Ключ|雲鑰匙（1-0）|クラウドの鍵|구름 열쇠 (Cloud Key)|Wolkenschlüssel|Clé de nuage|Llave de las Nubes|Chmurowy Klucz
keys_key_of_terror|Key of Terror|Kauhun Avain|Chave do Terror|Ключ ужаса|恐怖之鑰（1-0）|恐怖の鍵|공포의 열쇠 (Key of Terror)|Schlüssel des Schreckens|Clé de la terreur|Llave del Terror|Klucz Terroru
keys_ruby_key|Ruby Key|Rubiiniavain|Chave de Rubi|Рубиновый Ключ|紅寶石鑰匙（6-0）|ルビーの鍵|루비 열쇠 (Ruby Key)|Rubinschlüssel|Clé de rubis|Llave de Rubí|Rubinowy Klucz
keys_angelic_key|Angelic Key|Enkeliavain|Chave Angelical|Ангельский Ключ|天使鑰匙（6-0）|天使の鍵|천사 열쇠 (Angelic Key)|Engelsschlüssel|Clé angélique|Llave Angelical|Anielski Klucz
keys_valhalla_key|Key to Valhalla|Avain Valhallaan |Chave para Valhalla|Ключ к Валгалле|瓦爾哈拉之鑰|ヴァルハラへの鍵|발할라의 열쇠 (Key to Valhalla)|Schlüssel zu Walhalla|Clé du Valhalla|Llave de Valhalla|Klucz do Valhalli
keys_smelly_cheese|Smelly Cheese|Haiseva juusto|Queijo Fedorento|Вонючий Сыр|臭奶酪（1-1）|臭いチーズ|악취나는 치즈 (Smelly Cheese)|Stinkender Käse|Fromage qui pue|Queso Apestoso|Śmierdzący Ser
keys_cellar_key|Cellar Key|Kellariavain|Chave do Porão|Ключ от подвала|地窖鑰匙（1-3）|地下室の鍵|지하실 열쇠 (Cellar Key)|Kellerschlüssel|Clé de la remise|Llave del Sótano|Klucz do Piwnicy
keys_tower_key|Tower Key|Torniavain|Chave da Torre|Ключ от башни|塔樓鑰匙（1-4）|塔の鍵|탑 열쇠 (Tower Key)|Turmschlüssel|Clé de la tour|Llave de la Torre|Klucz do Wieży
keys_frosted_key|Frosted Key|Huurteinen avain|Chave Congelada|Матовый Ключ|結霜鑰匙（2-1）|フロストの鍵|서리낀 열쇠 (Frosted Key)|Reifschlüssel|Clé givrée|Llave Escarchada|Zamarznięty Klucz
keys_copper_key|Copper Key|Hyinen avain|Chave de Cobre|Медный Ключ|銅鑰匙（4-1）|銅の鍵|구리 열쇠 (Copper Key)|Kupferschlüssel|Clé en cuivre|Llave de Cobre|Miedziany Klucz
keys_mystic_key|Mystic Key|Mystinen avain|Chave Mística|Мистический Ключ|神秘鑰匙（3-3）|神秘の鍵|신비한 열쇠 (Mystic Key)|Mystischer Schlüssel|Clé mystique|Llave Mística|Mistyczny Klucz
keys_rusted_key|Rusted Key|Ruostunut avain|Chave Enferrujada|Ржавый Ключ|生鏽的鑰匙（4-2）|錆びた鍵|녹슨 열쇠 (Rusted Key)|Rostiger Schlüssel|Clé rouillée|Llave Oxidada|Zardzewiały Klucz
keys_shovel|Shovel Key|Lapio-avain|Pá|Ключ от лопаты|鏟子鑰匙（3-2）|シャベルの鍵|삽 열쇠 (Shovel Key)|Schaufelschlüssel|Pelle|Llave Pala|Klucz Łopaty
keys_ancient_key|Ancient Key|Muinainen avain|Chave Antiga|Древний Ключ|古代鑰匙（2-5）|古代の鍵|고대 열쇠 (Ancient Key)|Uralter Schlüssel|Clé ancienne|Llave Ancestral|Pradawny Klucz
keys_tomb_key|Tomb Key|Hauta-avain|Chave da Tumba|Ключ от Гробницы|墓穴鑰匙（3-5）|墓の鍵|무덤 열쇠 (Tomb Key)|Grabschlüssel|Clé du tombeau|Llave de Tumba|Klucz do Grobu
keys_devils_key|Devil's Key|Paholaisen avain|Chave do Diabo|Ключ дьявола|魔鬼的鑰匙（4-5）|悪魔の鍵|악마 열쇠 (Devil's Key)|Teufelsschlüssel|Clé du diable|Llave del Diablo|Klucz Diabła
keys_pickaxe|Pickaxe|Hakku|Picareta|Кирка|鎬鑰匙（5-1）|ツルハシ|곡괭이 (Pickaxe)|Spitzhacke|Pioche|Pico|Kilof
keys_battle_key|Battle Key|Taisteluavain|Chave de Batalha|Боевой Ключ|戰鬥鑰匙（5-3）|戦いの鍵|전투 열쇠 (Battle Key)|Kampfschlüssel|Clé de combat|Llave de Batalla|Bitewny Klucz
keys_garden_key|Garden Key|Puutarhan avain|Chave do Jardim|Ключ от сада|花園鑰匙（5-2）|庭の鍵|정원 열쇠 (Garden Key)|Gartenschlüssel|Clé de jardin|Llave del Jardín|Klucz do Ogrodu
keys_golden_key|Golden Key|Kultainen avain|Chave Dourada|Золотой Ключик|金鑰匙（5-5）|黄金の鍵|황금 열쇠 (Golden Key)|Goldener Schlüssel|Clé d'or|Llave Dorada|Złoty Klucz
keys_axe|Axe Key|Kirves-avain|Machado |Ключ от Топора|斧頭鑰匙（6-1）|斧の鍵|도끼 열쇠 (Axe Key)|Axtschlüssel|Hache|Llave Hacha|Klucz Topora
keys_valor_key|Valor Key|Urhon avain|Chave de Valor|Ключ к Доблести|勇氣鑰匙（8-1）|勇気の鍵|용기 열쇠 (Valor Key)|Tapferkeitsschlüssel|Clé de la Vaillance|Llave del Valor|Klucz Waleczności
keys_naga_scale_key|Naga Scale Key|Nagasuomuavain|Chave de Escama de Naga|Ключ Шкалы Нага|納迦鱗片鑰匙（8-2）|ナーガの鱗の鍵|나가 비늘 열쇠 (Naga Scale Key)|Nagaschuppenschlüssel|Clé d'écailles de naga|Llave de Escama de Naga|Łuska Nagi
keys_magma_key|Magma Key|Magma-avain|Chave de Magma|Магматический Ключ|岩漿鑰匙（8-3）|マグマの鍵|용암 열쇠 (Magma Key)|Magmaschlüssel|Clé magmatique|Llave de Magma|Klucz Magmy
keys_hellflame_torch|Helflame Torch|Kiirastulisoihtu|Tocha Helflame|Вспомогательный Огненный Факел|地獄之火火炬（8-5）|ヘルフレイムのたいまつ|지옥화염 횃불 (Helflame Torch)|Höllenflammenfackel|Torche infernale|Antorcha de Fuego Infernal|Pochodnia Helflame
keys_warp_key|Warp Key|Warppi avain|Chave de Dobra|Деформирующий Ключ|扭曲鑰匙（7-2）|ワープの鍵|워프 열쇠 (Warp Key)|Warpschlüssel|Clé de la distorsion|Llave de Distorsión|Klucz Warp
keys_storage_key|Storage Key|Varaston avain|Chave do Armazém|Ключ для хранения|儲藏室鑰匙（6-4）|ストレージの鍵|저장고 열쇠 (Storage Key)|Lagerschlüssel|Clé de stockage|Llave del Almacén|Klucz do Magazynu
keys_bifrost_key|Bifröst Key|Bifröstin avain|Chave Bifröst|Бифрестовый Ключ|彩虹鑰匙（7-0）|ビフロストの鍵|비프로스트 열쇠 (Bifröst Key)|Bifröst-Schlüssel|Clé Bifröst|Llave del Bifröst|Klucz Bifröst
keys_mysterious_key|Mysterious Key|Salaperäinen avain|Chave Misteriosa|Таинственный ключ|神秘的鑰匙（4-0）|神秘の鍵|불가사의한 열쇠 (Mysterious Key)|Mysteriöser Schlüssel|Clé mystérieuse|Llave Misteriosa|Tajemniczy Klucz
keys_curacan_key|Curacan Key|Curacan avain|Chave de Curacan|Ключ Куракан|庫拉坎之鑰（3-4）|キュラカンの鍵|쿠라칸 열쇠 (Curacan Key)|Curacan-Schlüssel|Clé de Curacan|Llave de Curacan|Klucz Curacan
keys_ankh_eternal_death|Ankh of Eternal Death|Ikuisen kuoleman Ankh|Ankh da Morte Eterna|Анкх Вечной Смерти|永恆死亡護符|永遠の死のアンク|영원한 죽음의 앙크 (Ankh of Eternal Death)|Ankh des ewigen Todes|Ankh de la mort éternelle|Ankh de la Muerte Eterna|Ankh Wiecznej Śmierci
keys_chaos_key|Chaos Key|Chaos Key |Chave do Caos |Ключ Хаоса |混沌鑰匙 |混沌の鍵 |혼돈 열쇠 (Chaos Key)|Chaos-Schlüssel|Clé du chaos |Llave del Caos|Klucz Chaosu
keys_key_of_infernal_terror|Key of Infernal Terror||Chave do Terror Infernal|Ключ Адского Ужаса|煉獄恐懼之鑰|インフェルナルテラーの鍵|지옥 공포의 열쇠 (Key of Infernal Terror)|Schlüssel des höllischen Schreckens|Clé de la Terreur Infernale|Llave del Terror Infernal|Klucz Infernalnego Terroru
keys_ankh_infernal_death|Ankh of Infernal Death||Ankh da Morte Infernal |Анкх Адской Смерти |煉獄永恆死亡護符|インフェルナルデスのアンク|지옥 죽음의 앙크 (Ankh of Infernal Death)|Ankh des höllischen Todes|Ankh de la Mort Infernale |Ankh de la Muerte Infernal|Ankh Infernalnej Śmierci
keys_tablet_of_leviathan|Tablet of Leviathan||Placa do Leviatã|Скрижаль Левиафана|利維坦石板|リヴァイアサンの石板|리바이어던의 태블릿|Tafel des Leviathan|Tablette du Léviathan|Tablilla del Leviatán|Tablica Lewiatana
keys_tablet_of_armada|Tablet of Armada||Placa da Armada|Скрижаль Армады|無敵艦隊石板|アルマダの石板|아르마다의 태블릿|Tafel der Armada|Tablette de l'Armada|Tablilla de la Armada|Tablica Armady
keys_tablet_of_parasite|Tablet of Parasite||Placa do Parasita|Скрижальпаразита|寄生蟲石板|パラサイトの石板|기생충의 태블릿|Tafel des Parasiten|Tablette du Parasite|Tablilla del Parásito|Tablica Pasożyta
keys_boreal_key|Boreal Key||Chave Boreal|Бореальный ключ|北極鑰匙（9-4）|北方の鍵|보레알 키|Borealer Schlüssel|Clé boréale|Llave Boreal|Klucz Boreala
keys_parasitic_key|Parasitic Key||Chave Parasitária|Паразитический ключ|寄生鑰匙（9-3）|寄生生物の鍵|기생의 키|Parasitärer Schlüssel|Clé parasitaire|Llave Parasitaria|Klucz Pasożyta
keys_treasure_key|Treasure Key||Chave do Tesouro|Ключ к сокровищам|寶藏鑰匙（9-2）|宝の鍵|보물 키|Schatzschlüssel|Clé au trésor|Llave del Tesoro|Klucz Skarbca
keys_hive_key|Hive Key||Chave da Colmeia|Ключ хайва|蜂巢鑰匙（9-1）|ハイヴの鍵|군체 키|Stock-Schlüssel|Clé de la Ruche|Llave de la Colmena|Klucz Ulu
keys_aztec_key|Aztec Key||Chave Asteca |Ключ ацтеков|阿茲特克鑰匙|アステカの鍵 |아즈텍 키|Azteken-Schlüssel |Clé aztèque |Llave Azteca|Klucz Azteków
|||||||||||
lore_keys_key|Just a regular key that opens common chests.|Vain tavallinen avain, joka avaa yleiset arkut.|Apenas uma chave comum que abre baús comuns.|Просто обычный ключ, который открывает обычные сундуки.|只需一把普通鑰匙即可打開普通寶箱|普通の宝箱を開ける普通の鍵。|일반 상자를 여는 평범한 열쇠입니다.|Ein ganz normaler Schlüssel, der gewöhnliche Truhen öffnet.|Une clé ordinaire qui permet d'ouvrir un coffre ordinaire.|Una llave normal que abre cofres comunes.|Zwykły klucz, który otwiera zwykłe skrzynie.
lore_keys_crystal_key|Forged from a shining crystal that opens crystal chests.|Taottu kiiltävästä kristallista, joka avaa kristalliarkkuja.|Forjado a partir de um cristal brilhante que abre baús de cristal.|Выкован из сияющего кристалла, который открывает хрустальные сундуки.|由閃亮的水晶鍛造而成，可打開水晶寶箱|輝くクリスタルから鍛造され、クリスタルの宝箱を開ける。|빛나는 크리스탈로 제작된 열쇠로, 크리스탈 상자를 엽니다.|Geschmiedet aus einem glänzenden Kristall, der Kristalltruhen öffnet.|Forgée dans un cristal brillant, elle permet d'ouvrir un coffre de cristal.|Forjada de un cristal brillante que abre cofres de cristal.|Wykuty z błyszczącego kryształu, który otwiera kryształowe skrzynie.
lore_keys_cloud_key|Fluffy key that probably belongs to a sheepherder.|Pörröinen avain, joka todennäköisesti kuuluu lammaspaimenelle.|Chave fofa que provavelmente pertence a um pastor de ovelhas.|Пушистый ключ, который, вероятно, принадлежит пастуху.|毛茸茸的鑰匙，可能屬於牧羊人|羊飼いの持ち物と思われるふわふわの鍵。|폭신한 열쇠로, 아마도 양치기가 가졌던 것으로 보입니다.|Ein flauschiger Schlüssel, der vermutlich einem Schafhirten gehörte.|Clé duveteuse qui appartient probablement à un berger.|Una llave esponjosa que probablemente pertenece a un pastor de ovejas.|Puszysty klucz, który prawdopodobnie należy do pasterza owiec.
lore_keys_key_of_terror|Ancient key that unlocks a terrifying memory.|Muinainen avain, joka avaa pelottavan muiston.|Uma chave antiga que abre uma memória aterrorizante.|Древний ключ, который открывает ужасающее воспоминание.|打開可怕記憶的古老鑰匙|恐ろしい記憶を解き放つ古代の鍵。|공포의 기억을 여는 고대의 열쇠입니다.|Ein alter Schlüssel, der eine schreckliche Erinnerung freischaltet.|Une clé ancienne qui réveille un souvenir effroyable.|Una llave ancestral que desbloquea un recuerdo aterrador.|Pradawny klucz, który odblokowuje przerażające wspomnienie.
lore_keys_ruby_key|Grants access to a distant land full of treasure.|Antaa pääsyn kaukaiseen maahan, joka on täynnä aarteita.|Concede acesso a uma terra distante cheia de tesouros.|Дарует доступ в далекую страну, полную сокровищ.|允許進入充滿寶藏的遙遠土地。|宝物で満ちた遥かな地への扉を開く。|보물로 가득한 먼 땅으로 들어갈 수 있는 열쇠입니다.|Gewährt Zugang zu einem fernen Land voller Schätze.|Permet d'accéder à une terre lointaine remplie de trésors.|Otorga acceso a una tierra lejana llena de tesoros.|Daje dostęp do odległej krainy pełnej skarbów.
lore_keys_angelic_key|Heavenly key forged by St. Peter in the catacombs of Dawn's Chapel.|Pyhän Pietarin takoama taivaallinen avain Dawn's Chapelin katakombeissa.|Chave celestial forjada por St. Peter nas catacumbas da Capela do Amanhecer|Небесный ключ, выкованный святым Петром в катакомбах Рассветного Чаппела.|聖彼得在黎明禮拜堂的地下墓穴中鍛造的天堂鑰匙|暁の礼拝堂の地下墓地で聖ペテロによって鍛造された天上の鍵。|세인트 베드로가 새벽 성당의 지하 납골당에서 만든 천상의 열쇠입니다.|Ein himmlischer Schlüssel, geschmiedet vom Heiligen Petrus in den Katakomben von Dawns Kapelle.|Clé céleste forgée par St. Peter dans les catacombes de la Chapelle de l'aube.|Llave celestial forjada por San Pedro en las catacumbas de la Capilla del Alba.|Niebiański klucz wykuty przez św. Piotra w katakumbach Kaplicy Świtu.
lore_keys_valhalla_key|Key to the kingdom of Valhalla.|Avain Valhallan valtakuntaan.|Chave para o reino de Valhalla|Ключ от королевства Валгалла.|瓦爾哈拉王國的鑰匙|ヴァルハラ王国への鍵。|발할라 왕국으로 들어가는 열쇠입니다.|Der Schlüssel zum Königreich Walhalla.|Clé qui ouvre les portes du Valhalla.|Llave al reino de Valhalla.|Klucz do królestwa Valhalli.
lore_keys_smelly_cheese|Gives access to Lady Sonya's challenge for Rat Den|Antaa pääsyn Lady Sonyan haasteeseen Rat Denille|Dá acesso ao desafio de Lady Sonya para a Toca de Ratos|"Дает доступ к вызову леди Сони в ""Крысином логове"""|向索尼亞女士獲得鼠洞（1-1）的挑戰地下城權限|レディ・ソニアのラット・デンへの挑戦権を獲得|소냐 부인의 쥐 동굴 도전 과제에 참여할 수 있게 해줍니다.|Ermöglicht den Zugriff auf Lady Sonyas Herausforderung für den Rattenbau.|Donne accès au challenge de Lady Sonya pour le repaire des rats.|Da acceso al desafío de Lady Sonya para la Guarida de las Ratas.|Daje dostęp do wyzwania Lady Sonyi dla Szczurzej Nory
lore_keys_cellar_key|Gives access to Lady Sonya's challenge for Pumpkin Cellar|Antaa pääsyn Lady Sonyan Pumpkin Cellarin haasteeseen|Dá acesso ao desafio de Lady Sonya para o Porão de Abóboras|Дает доступ к вызову леди Сони для тыквенного погреба|向索尼亞女士獲得南瓜地窖（1-3）的挑戰地下城權限|レディ・ソニアのパンプキン・セラーへの挑戦権を獲得|소냐 부인의 호박 저장실 도전 과제에 참여할 수 있게 해줍니다.|Ermöglicht den Zugriff auf Lady Sonyas Herausforderung für den Kürbiskeller.|Donne accès au challenge de Lady Sonya pour le remise à citrouilles.|Da acceso al desafío de Lady Sonya para la Bodega de Calabazas.|Daje dostęp do wyzwania Lady Sonyi dla Piwnicy z Dyniami
lore_keys_tower_key|Gives access to Lady Sonya's challenge for Black Tower|Antaa pääsyn Lady Sonyan Black Towerin haasteeseen|Dá acesso ao desafio de Lady Sonya para a Torre Negra|Дает доступ к вызову леди Сони в Черную башню|向索尼亞女士獲得黑塔（1-4）的挑戰地下城權限|レディ・ソニアのブラック・タワーへの挑戦権を獲得|소냐 부인의 검은 탑 도전 과제에 참여할 수 있게 해줍니다.|Ermöglicht den Zugriff auf Lady Sonyas Herausforderung für den Schwarzen Turm.|Donne accès au challenge de Lady Sonya pour la tour sombre.|Da acceso al desafío de Lady Sonya para la Torre Negra.|Daje dostęp do wyzwania Lady Sonyi dla Czarnej Wieży
lore_keys_frosted_key|Gives access to Lady Sonya's challenge for Frozen Cellar|Antaa pääsyn Lady Sonyan Frozen Cellarin haasteeseen|Dá acesso ao desafio de Lady Sonya para o Porão Congelado|Дает доступ к вызову леди Сони для замороженного погреба|向索尼亞女士獲得冰凍地窖（2-1）的挑戰地下城權限|レディ・ソニアのフローズン・セラーへの挑戦権を獲得|소냐 부인의 냉동 저장실 도전 과제에 참여할 수 있게 해줍니다.|Ermöglicht den Zugriff auf Lady Sonyas Herausforderung für den Gefrorenen Keller.|Donne accès au challenge de Lady Sonya pour la cave glacée.|Da acceso al desafío de Lady Sonya para la Bodega Helada.|Daje dostęp do wyzwania Lady Sonyi dla Zamarzniętej Piwnicy
lore_keys_copper_key|Gives access to Lady Sonya's challenge for Old Copper Mine|Antaa pääsyn Lady Sonyan haasteeseen vanhalle kuparikaivokselle|Dá acesso ao desafio de Lady Sonya para a Antiga Mina de Cobre|Дает доступ к испытанию леди Сони на Старом медном руднике|向索尼亞女士獲得舊銅礦井（4-1）的挑戰地下城權限|レディ・ソニアのオールド・カッパー・マインへの挑戦権を獲得|소냐 부인의 오래된 구리 광산 도전 과제에 참여할 수 있게 해줍니다.|Ermöglicht den Zugriff auf Lady Sonyas Herausforderung für die Alte Kupfermine.|Donne accès au challenge de Lady Sonya pour la vielle mine de cuivre.|Da acceso al desafío de Lady Sonya para la Mina de Cobre Vieja.|Daje dostęp do wyzwania Lady Sonyi dla Starej Miedziowej Kopalni
lore_keys_mystic_key|Gives access to Lady Sonya's challenge for Forgotten City|Antaa pääsyn Lady Sonyan haasteeseen Forgotten Cityyn|Dá acesso ao desafio de Lady Sonya para a Cidade Esquecida|Дает доступ к вызову леди Сони для Забытого города|向索尼亞女士獲得被遺忘的城市（3-3）的挑戰地下城權限|レディ・ソニアの忘れられた街への挑戦権を獲得|소냐 부인의 잊혀진 도시 도전 과제에 참여할 수 있게 해줍니다.|Ermöglicht den Zugriff auf Lady Sonyas Herausforderung für die Vergessene Stadt.|Donne accès au challenge de Lady Sonya pour la cité oubliée.|Da acceso al desafío de Lady Sonya para la Ciudad Olvidada.|Daje dostęp do wyzwania Lady Sonyi dla Zapomnianego Miasta
lore_keys_rusted_key|Gives access to Lady Sonya's challenge for Abandoned Mine|Antaa pääsyn Lady Sonyan haasteeseen hylätylle kaivokselle |Dá acesso ao desafio de Lady Sonya para a Mina Abandonada|Дает доступ к вызову леди Сони для Заброшенной шахты|向索尼亞女士獲得廢棄礦井（4-2）的挑戰地下城權限|レディ・ソニアの廃坑への挑戦権を獲得|소냐 부인의 버려진 광산 도전 과제에 참여할 수 있게 해줍니다.|Ermöglicht den Zugriff auf Lady Sonyas Herausforderung für die Verlassene Mine.|Donne accès au challenge de Lady Sonya pour la mine abandonnée|Da acceso al desafío de Lady Sonya para la Mina Abandonada.|Daje dostęp do wyzwania Lady Sonyi dla Opuszczonej Kopalni
lore_keys_shovel|Gives access to Lady Sonya's challenge for Sand Cave|Antaa pääsyn Lady Sonyan haasteeseen Sand Cavelle|Dá acesso ao desafio de Lady Sonya para a Caverna de Areia|Дает доступ к вызову леди Сони для Песчаной пещеры|向索尼亞女士獲得沙洞（3-2）的挑戰地下城權限|レディ・ソニアのサンド・ケーブへの挑戦権を獲得|소냐 부인의 모래 동굴 도전 과제에 참여할 수 있게 해줍니다.|Ermöglicht den Zugriff auf Lady Sonyas Herausforderung für die Sandhöhle.|Donne accès au challenge de Lady Sonya pour la caverne ensevelie.|Da acceso al desafío de Lady Sonya para la Cueva de Arena.|Daje dostęp do wyzwania Lady Sonyi dla Jaskini Piasku
lore_keys_ancient_key|Gives access to Lady Sonya's challenge for Ancient City |Antaa pääsyn Lady Sonyan muinaisen kaupungin haasteeseen |Dá acesso ao desafio de Lady Sonya para a Cidade Antiga|Дает доступ к вызову леди Сони для Древнего города |向索尼亞女士獲得古城（2-5）的挑戰地下城權限|レディ・ソニアのエンシェント・シティへの挑戦権を獲得|소냐 부인의 고대 도시 도전 과제에 참여할 수 있게 해줍니다.|Ermöglicht den Zugriff auf Lady Sonyas Herausforderung für die Antike Stadt.|Donne accès au challenge de Lady Sonya pour l'ancienne cité.|Da acceso al desafío de Lady Sonya para la Ciudad Ancestral.|Daje dostęp do wyzwania Lady Sonyi dla Pradawnego Miasta
lore_keys_tomb_key|Gives access to Lady Sonya's challenge for Cauflax Tomb|Antaa pääsyn Lady Sonyan haasteeseen Cauflax Tombille|Dá acesso ao desafio de Lady Sonya para a Tumba de Cauflax|Дает доступ к вызову леди Сони за гробницу Кауфлакса|向索尼亞女士獲得卡夫拉克斯墓（3-5）的挑戰地下城權限|レディ・ソニアのコーフラックス・トゥームへの挑戦権を獲得|소냐 부인의 카우플락스 무덤 도전 과제에 참여할 수 있게 해줍니다.|Ermöglicht den Zugriff auf Lady Sonyas Herausforderung für das Cauflax-Grab.|Donne accès au challenge de Lady Sonya pour le tombeau de Cauflax.|Da acceso al desafío de Lady Sonya para la Tumba de Cauflax.|Daje dostęp do wyzwania Lady Sonyi dla Grobu Cauflax
lore_keys_devils_key|Gives access to Lady Sonya's challenge for Devil's Hole|Antaa pääsyn Lady Sonyan haasteeseen Devil's Holea varten|Dá acesso ao desafio de Lady Sonya para o Buraco do Diabo|Дает доступ к вызову леди Сони для Devil's Hole|向索尼亞女士獲得魔鬼之穴（4-5）的挑戰地下城權限|レディ・ソニアのデビルズ・ホールへの挑戦権を獲得|소냐 부인의 악마의 구멍 도전 과제에 참여할 수 있게 해줍니다.|Ermöglicht den Zugriff auf Lady Sonyas Herausforderung für das Teufelsloch.|Donne accès au challenge de Lady Sonya pour la fosse du diable.|Da acceso al desafío de Lady Sonya para el Agujero del Diablo.|Daje dostęp do wyzwania Lady Sonyi dla Diabelskiej Dziury
lore_keys_pickaxe|Gives access to Lady Sonya's challenge for Fuji Crater|Antaa pääsyn Lady Sonyan Fuji-kraatterin haasteeseen|Dá acesso ao desafio de Lady Sonya para a Cratera de Fuji|Дает доступ к испытанию леди Сони за кратер Фудзи|向索尼亞女士獲得富士火山口（5-1）的挑戰地下城權限|レディ・ソニアのフジ・クレーターへの挑戦権を獲得|소냐 부인의 후지 분화구 도전 과제에 참여할 수 있게 해줍니다.|Ermöglicht den Zugriff auf Lady Sonyas Herausforderung für den Fuji-Krater.|Donne accès au challenge de Lady Sonya pour le cratère Fuji.|Da acceso al desafío de Lady Sonya para el Cráter de Fuji.|Daje dostęp do wyzwania Lady Sonyi dla Krateru Fuji
lore_keys_battle_key|Gives access to Lady Sonya's challenge for Kaojin Temple|Antaa pääsyn Lady Sonyan haasteeseen Kaojinin temppelissä|Dá acesso ao desafio de Lady Sonya para o Templo Kaojin|Дает доступ к вызову леди Сони для храма Каодзин|向索尼亞女士獲得高津寺（5-3）的挑戰地下城權限|レディ・ソニアのカオジン寺院への挑戦権を獲得|소냐 부인의 카오진 사원 도전 과제에 참여할 수 있게 해줍니다.|Ermöglicht den Zugriff auf Lady Sonyas Herausforderung für den Kaojin-Tempel.|Donne accès au challenge de Lady Sonya pour le temple Kaojin.|Da acceso al desafío de Lady Sonya para el Templo Kaojin.|Daje dostęp do wyzwania Lady Sonyi dla Świątyni Kaojin
lore_keys_garden_key|Gives access to Lady Sonya's challenge for Underground Garden|Antaa pääsyn Lady Sonyan haasteeseen Underground Gardenissa|Dá acesso ao desafio de Lady Sonya para o Jardim Subterrâneo|Дает доступ к вызову леди Сони для Подземного сада|向索尼亞女士獲得地下花園（5-2）的挑戰地下城權限|レディ・ソニアのアンダーグラウンド・ガーデンへの挑戦権を獲得|소냐 부인의 지하 정원 도전 과제에 참여할 수 있게 해줍니다.|Ermöglicht den Zugriff auf Lady Sonyas Herausforderung für den Unterirdischen Garten.|Donne accès au challenge de Lady Sonya pour le jardin souterrain.|Da acceso al desafío de Lady Sonya para el Jardín Subterráneo.|Daje dostęp do wyzwania Lady Sonyi dla Podziemnego Ogrodu
lore_keys_golden_key|Gives access to Lady Sonya's challenge for Temple Trapdoor|Antaa pääsyn Lady Sonyan haasteeseen Temple Trapdoorille|Dá acesso ao desafio de Lady Sonya para o Alçapão do Templo|Дает доступ к вызову леди Сони для Храмового люка|向索尼亞女士獲得寺廟暗門（5-5）的挑戰地下城權限|アクセスレディ・ソニアの寺院の落とし戸への挑戦権を獲得|소냐 부인의 사원 트랩도어 사원 도전 과제에 참여할 수 있게 해줍니다.|Ermöglicht den Zugriff auf Lady Sonyas Herausforderung für die Tempelfalltür.|Donne accès au challenge de Lady Sonya pour la pièce secrète du temple.|Da acceso al desafío de Lady Sonya para la Trampilla del Templo.|Daje dostęp do wyzwania Lady Sonyi dla Pułapki Świątynnej
lore_keys_axe|Gives access to Lady Sonya's challenge for Unmarked Grave|Antaa pääsyn Lady Sonyan haasteeseen Unmarked Gravelle|Dá acesso ao desafio de Lady Sonya para a Sepultura sem Identificação|Дает доступ к вызову леди Сони на Безымянную могилу|向索尼亞女士獲得無標記墳墓（6-1）的挑戰地下城權限|レディ・ソニアの無印の墓への挑戦権を獲得|소냐 부인의 표식 없는 무덤 도전 과제에 참여할 수 있게 해줍니다.|Ermöglicht den Zugriff auf Lady Sonyas Herausforderung für die Unmarkierten. Grab|Donne accès au challenge de Lady Sonya pour tombe anonyme.|Da acceso al desafío de Lady Sonya para la Tumba sin Marcar.|Daje dostęp do wyzwania Lady Sonyi dla Nieoznaczonego Grobu
lore_keys_valor_key|Gives access to Lady Sonya's challenge for Gladsheim Halls|Antaa pääsyn Lady Sonyan haasteeseen Gladsheim Hallsille|Dá acesso ao desafio de Lady Sonya para os Salões de Gladsheim|Дает доступ к конкурсу леди Сони для залов Гладсхейма|向索尼亞女士獲得格拉茲海姆大廳（8-1）的挑戰地下城權限|レディ・ソニアのグラッズヘイム・ホールへの挑戦権を獲得|소냐 부인의 글레임드헤임 홀 도전 과제에 참여할 수 있게 해줍니다.|Ermöglicht den Zugang zu Lady Sonyas Herausforderung für die Gladsheim-Hallen|Donne accès au challenge de Lady Sonya pour le hall de Gladsheim.|Da acceso al desafío de Lady Sonya para los Salones de Gladsheim.|Daje dostęp do wyzwania Lady Sonyi dla Sal Gladsheim
lore_keys_naga_scale_key|Gives access to Lady Sonya's challenge for Naga Temple|Antaa pääsyn Lady Sonyan haasteeseen Nagan temppelissä|Dá acesso ao desafio de Lady Sonya para o Templo Naga|Дает доступ к вызову леди Сони для храма Нага|向索尼亞女士獲得娜迦神廟（8-2）的挑戰地下城權限|レディ・ソニアのナーガ寺院への挑戦権を獲得|소냐 부인의 나가 사원 도전 과제에 참여할 수 있게 해줍니다.|Ermöglicht den Zugang zu Lady Sonyas Herausforderung für den Naga-Tempel|Donne accès au challenge de Lady Sonya pour le temple Naga.|Da acceso al desafío de Lady Sonya para el Templo Naga.|Daje dostęp do wyzwania Lady Sonyi dla Świątyni Nagi
lore_keys_magma_key|Gives access to Lady Sonya's challenge for Muspelheim|Antaa pääsyn Lady Sonyan Muspelheimin haasteeseen|Dá acesso ao desafio de Lady Sonya para Muspelheim|Дает доступ к вызову леди Сони для Муспельхейма|向索尼亞女士獲得穆斯貝爾海姆（8-3）的挑戰地下城權限 |レディ・ソニアのムスペルヘイムへの挑戦権を獲得|소냐 부인의 무스펠헤임 도전 과제에 참여할 수 있게 해줍니다.|Ermöglicht den Zugang zu Lady Sonyas Herausforderung für Muspelheim|Donne accès au challenge de Lady Sonya pour Muspelheim.|Da acceso al desafío de Lady Sonya para Muspelheim.|Daje dostęp do wyzwania Lady Sonyi dla Muspelheimu
lore_keys_hellflame_torch|Gives access to Lady Sonya's challenge for Niflhel|Antaa pääsyn Lady Sonyan haasteeseen Niflhelille|Dá acesso ao desafio de Lady Sonya para Niflhel|Дает доступ к вызову леди Сони для Нифльхель|向索尼亞女士獲得尼夫海姆（8-5）的挑戰地下城權限|レディ・ソニアのニヴルヘルへの挑戦権を獲得 |소냐 부인의 니플헤임 도전 과제에 참여할 수 있게 해줍니다.|Ermöglicht den Zugang zu Lady Sonyas Herausforderung für Niflhel|Donne accès au challenge de Lady Sonya pour Niflhel.|Da acceso al desafío de Lady Sonya para Niflhel.|Daje dostęp do wyzwania Lady Sonyi dla Niflhelu
lore_keys_warp_key|Gives access to Lady Sonya's challenge for Distorted Horizons|Antaa pääsyn Lady Sonyan haasteeseen Distorted Horizonsille|Dá acesso ao desafio de Lady Sonya para os Horizontes Distorcidos|Дает доступ к вызову леди Сони из-за искаженных горизонтов|向索尼亞女士獲得扭曲地平線（7-2）的挑戰地下城權限|レディ・ソニアの「歪んだ地平線」への挑戦権を獲得|소냐 부인의 왜곡된 지평선 도전 과제에 참여할 수 있게 해줍니다.|Ermöglicht den Zugang zu Lady Sonyas Herausforderung für Verzerrte Horizonte.|Donne accès au challenge de Lady Sonya pour l'horizon distordu.|Da acceso al desafío de Lady Sonya para los Horizontes Distorsionados.|Daje dostęp do wyzwania Lady Sonyi dla Zniekształconych Horyzontów
lore_keys_storage_key|Gives access to Lady Sonya's challenge for Arm's Storage|Antaa pääsyn Lady Sonyan haasteeseen Arm's Storagessa|Dá acesso ao desafio de Lady Sonya para o Armazém de Armas|Дает доступ к заданию леди Сони по хранению оружия|向索尼亞女士獲得武器儲藏室（6-4）的挑戰地下城權限|レディ・ソニアの「アームズ・ストレージ」への挑戦権を獲得|소냐 부인의 무기창고 도전 과제에 참여할 수 있게 해줍니다.|Ermöglicht den Zugang zu Lady Sonyas Herausforderung für Waffenlager.|Donne accès au challenge de Lady Sonya pour le stockage de bras.|Da acceso al desafío de Lady Sonya para el Almacén de Armas.|Daje dostęp do wyzwania Lady Sonyi dla Magazynu Arma
lore_keys_bifrost_key|Opens a wormhole to the Bifröst|Avaa madonreiän Bifröstille|Abre um buraco de minhoca para o Bifröst|Открывает червоточину в Бифрест|打開通往彩虹橋的通道|ビフロストへのワームホールを開く|비프로스트로 통하는 웜홀을 엽니다.|Öffnet ein Wurmloch zum Bifröst.|Crée un portail vers le Bifröst|Abre un agujero de gusano hacia el Bifröst.|Otwiera wormhole do Bifröst
lore_keys_mysterious_key|Look for a door in Dhorn Farum...|Etsi ovea Dhorn Farumista...|Procure por uma porta em Dhorn Farum..|Ищите дверь в Дорн Фарум...|在迪霍法洛姆尋找一扇門……（4-0）|ドーン・ファルムの扉を探す…|도른 파룸 어딘가에 있는 문을 찾아보세요...|Suche in Dhorn Farum nach einer Tür ...|Cherchez une porte à Dhorn Farum…|Busca una puerta en Dhorn Farum...|Szukaj drzwi w Dhorn Farum...
lore_keys_curacan_key|Opens the door to Curacan Hollow.|Avaa oven Curacan Hollowiin.|Abre a porta para Curacan Hollow.|Открывает дверь в Кюраканскую лощину.|打開庫拉坎之穴的大門|クラカン・ホロウへの扉を開く|큐라칸 할로우의 문을 엽니다.|Öffnet die Tür zur Curacan-Höhle.|Ouvre la porte du Creux de Curacan.|Abre la puerta al Hueco de Curacan.|Otwiera drzwi do Curacan Hollow.
lore_keys_ankh_eternal_death|Key to the Tomb of Amun Ra..|avain Amun Rain haudalle..|Chave para a Tumba de Amun Ra.|Ключ к гробнице Амона Ра..|阿蒙·拉墓穴的鑰匙……|アムン・ラーの墓の鍵…|아문 라의 무덤으로 들어가는 열쇠..|Schlüssel zum Grab von Amun Ra ...|Clé du Tombeau d'Amon Rê…|Llave de la Tumba de Amón-Ra...|Klucz do Grobu Amun Ra..
lore_keys_chaos_key|Unlocks the chaos..|Avaa kaaoksen.. |Desbloqueia o caos. |Открывает хаос.. |解開混沌…… |混沌の扉を開く… |혼돈을 해방시키는 열쇠..|Entriegelt das Chaos|Débloque le chaos… |Desbloquea el caos...|Odblokowuje chaos..
lore_keys_key_of_infernal_terror|Ancient key that unlocks a terrifying memory.||Chave antiga que desbloqueia uma memória aterrorizante.|Древний ключ, открывающий ужасающее воспоминание.|解開可怕記憶的古老鑰匙。|古代の鍵、恐ろしい記憶を解き放つもの。|무서운 기억을 여는 고대 열쇠.|Uralter Schlüssel, der eine schreckliche Erinnerung freigibt.|Clé ancienne qui ouvre un souvenir terrifiant. |Una llave ancestral que desbloquea un recuerdo aterrador.|Pradawny klucz, który odblokowuje przerażające wspomnienie.
lore_keys_ankh_infernal_death|Key to the Tomb of Amun Ra..||Chave para a Tumba de Amon Ra. |Ключ к гробнице Амона Ра. |阿蒙·拉墓穴的鑰匙…… |アムン・ラーの墓の鍵.. |아문 라의 무덤을 여는 열쇠..|Schlüssel zum Grab von Amun Ra..|Clé du tombeau d'Amon Rê. |Llave de la Tumba de Amón-Ra...|Klucz do Grobu Amun Ra..
lore_keys_tablet_of_leviathan|Grants passage to the Permafrozen Chamber||Concede passagem para a Câmara do Gelo Eterno|Предоставляет проход в Вечнозамерзшую камеру|獲得進入永凍密室的許可|「永久凍土の部屋」への通行を許可する|동결된 방으로 통하는 길을 열어줍니다|Gewährt Zugang zur Kammer des ewigen Frosts|Permet d'accéder à la Chambre du Gel éternel|Concede acceso a la Cámara Permafrost.|Umożliwia przejście do Wiecznie Zamarzniętej Komnaty
lore_keys_tablet_of_armada|Grants passage to the Secret Chamber||Concede passagem para a Câmara Secreta|Предоставляет проход в Тайную комнату|獲得進入秘寶密室的許可|「秘密の部屋」への通行を許可する|비밀의 방으로 통하는 길을 열어줍니다|Gewährt Zugang zur geheimen Kammer|Permet d'accéder à la Chambre secrète|Concede acceso a la Cámara Secreta.|Umożliwia przejście do Sekretnej Komnaty
lore_keys_tablet_of_parasite|Grants passage to the Heart Chamber||Concede passagem para a Câmara do Coração|Предоставляет проход в Сердечную камеру|獲得進入心臟密室的許可|「心臓の部屋」への通行を許可する|심장의 방으로 통하는 길을 열어줍니다|Gewährt Zugang zur Herzkammer|Permet d'accéder à la Chambre du Cœur|Concede acceso a la Cámara del Corazón.|Umożliwia przejście do Komnaty Serca
lore_keys_boreal_key|Gives access to Lady Sonya's challenge for Boreal Cave||Dá acesso ao desafio da Lady Sonya na Caverna Boreal|Предоставляет доступ к испытанию Леди Сони для Бореальной пещеры|向索尼亞女士獲得「極北洞窟」的挑戰|「ボリアル・ケイブ」におけるレディ・ソーニャの試練への挑戦を可能にする|보레알 동굴에 대한 레이디 소냐의 시련 입장권을 부여합니다|Gewährt Zugang zu Lady Sonyas Herausforderung für die Boreale Höhle|Donne accès au défi de Lady Sonya pour la Grotte boréale|Da acceso al desafío de Lady Sonya en la Cueva Boreal.|Zapewnia dostęp do wyzwania Lady Sonyi w lokacji Lodowa Jaskinia
lore_keys_parasitic_key|Gives access to Lady Sonya's challenge for Belly of the Beast||Dá acesso ao desafio da Lady Sonya no Ventre da Besta|Предоставляет доступ к испытанию Леди Сони для чрева зверя|向索尼亞女士獲得「巨獸之腹」的挑戰|「ベリー・オブ・ザ・ビースト」におけるレディ・ソーニャの試練への挑戦を可能にする|야수의 배에 대한 레이디 소냐의 시련 입장권을 부여합니다 |Gewährt Zugang zu Lady Sonyas Herausforderung für den Bauch der Bestie|Donne accès au défi de Lady Sonya pour le Ventre de la Bête|Da acceso al desafío de Lady Sonya en las Entrañas de la Bestia.|Zapewnia dostęp do wyzwania Lady Sonyi w lokacji Brzuch Bestii
lore_keys_treasure_key|Gives access to Lady Sonya's challenge for Treasure Cove||Dá acesso ao desafio da Lady Sonya na Enseada do Tesouro|Предоставляет доступ к испытанию Леди Сони для Острова Сокровищ|向索尼亞女士獲得「骷髏洞窟」的挑戰|「トレジャー・コーブ」におけるレディ・ソーニャの試練への挑戦を可能にする|보물 창고에 대한 레이디 소냐의 시련 입장권을 부여합니다|Gewährt Zugang zu Lady Sonyas Herausforderung für die Schatzbucht|Donne accès au défi de Lady Sonya pour la Baie au trésor|Da acceso al desafío de Lady Sonya en la Ensenada del Tesoro.|Zapewnia dostęp do wyzwania Lady Sonyi w lokacji Zatoka Skarbów
lore_keys_hive_key|Gives access to Lady Sonya's challenge for Wasp’s Nest||Dá acesso ao desafio da Lady Sonya no Ninho de Vespas|Предоставляет доступ к испытанию Леди Сони для Осиного Гнезда|向索尼亞女士獲得「黃蜂巢穴」的挑戰|「ワスプ・ネスト」におけるレディ・ソーニャの試練への挑戦を可能にする|말벌집에 대한 레이디 소냐의 시련 입장권을 부여합니다|Gewährt Zugang zu Lady Sonyas Herausforderung für das Wespennest|Donne accès au défi de Lady Sonya pour le Nid de guêpes|Da acceso al desafío de Lady Sonya en el Nido de Avispas.|Zapewnia dostęp do wyzwania Lady Sonyi w lokacji Gniazdo Os
lore_keys_aztec_key|Gives access to Lady Sonya's challenge for Aztec Pyramid||Dá acesso ao desafio da Lady Sonya na Pirâmide Asteca |Предоставляет доступ к испытанию Леди Сони для пирамиды ацтеков|向索尼亞女士獲得「阿茲特克金字塔」的挑戰|「アステカ・ピラミッド」におけるレディ・ソーニャの試練への挑戦を可能にする |아즈텍 피라미드에 대한 레이디 소냐의 시련 입장권을 부여합니다|Gewährt Zugang zu Lady Sonyas Herausforderung für die Aztekenpyramide |Donne accès au défi de Lady Sonya pour la Pyramide aztèque |Da acceso al desafío de Lady Sonya en la Pirámide Azteca.|Zapewnia dostęp do wyzwania Lady Sonyi w lokacji Piramida Azteków
|||||||||||
craft_keys_ankh_eternal_death|Craft this ancient key to gain access into the Tomb of Amun-Ra..|Luo tämä muinainen avain päästäksesi Amun-Ra-haudalle.|Crie esta chave antiga para ter acesso à Tumba de Amon-Ra.|Создайте этот древний ключ, чтобы получить доступ к Гробнице Амона-Ра..|製作這把古老的鑰匙來進入阿蒙拉之墓|この古代の鍵を作ると、アムン・ラーの墓にアクセスできます。|이 고대 열쇠를 제작하여 아문-라의 무덤에 들어갈 수 있습니다.|Fertige diesen uralten Schlüssel, um Zugang zum Grab von Amun-Ra zu erhalten.|Fabriquez cette clé ancienne pour accéder au Tombeau d'Amon-Rê.|Crea esta llave ancestral para obtener acceso a la Tumba de Amón-Ra...|Wykuj ten pradawny klucz, aby uzyskać dostęp do Grobu Amun-Ra..
craft_keys_ruby_key|Craft a ruby key to gain access into Ruby Gardens..|Luo rubiiniavain päästäksesi Ruby Gardensiin.|Crie uma chave rubi para ter acesso aos Jardins Rubi.|Создайте рубиновый ключ, чтобы получить доступ к Рубиновым садам..|製作紅寶石鑰匙以進入紅寶石花園|ルビーの鍵を作ると、ルビーガーデンにアクセスできます。|루비 열쇠를 제작하여 루비 정원에 들어갈 수 있습니다.|Fertige einen Rubinschlüssel, um Zugang zu den Rubingärten zu erhalten.|Fabriquez une clé en rubis pour accéder aux Jardins de rubis.|Crea una llave de rubí para obtener acceso a los Jardins de Rubí...|Wykuj rubinowy klucz, aby uzyskać dostęp do Ruby Gardens..
craft_keys_key_of_terror|Craft this dark key to gain access into Fallen Inoya..|Luo tämä tumma avain päästäksesi sisään Fallen Inoyaan. |Crie esta chave sombria para ter acesso a Inoya Caída. |Создайте этот темный ключ, чтобы получить доступ к Падшей Инойе.. |製作這把黑暗鑰匙來進入陷落的伊諾亞|この闇の鍵を作ると、堕落したイノヤにアクセスできます。 |이 다크 열쇠를 제작하여 타락한 이노야에 들어갈 수 있습니다.|Fertige diesen dunklen Schlüssel, um Zugang zum gefallenen Inoya zu erhalten.|Fabriquez cette clé obscure pour accéder à Inoya déchu. |Crea esta llave oscura para obtener acceso a Inoya Caída...|Wykuj ten ciemny klucz, aby uzyskać dostęp do Fallen Inoya..
craft_keys_ankh_infernal_death|Craft this ancient key to gain access into the Infernal Tomb of Amun-Ra..||Crie esta chave antiga para ter acesso à Tumba Infernal de Amon-Ra.|Создайте этот древний ключ, чтобы получить доступ к Адской Гробнице Амона-Ра.|製作這把古老的鑰匙，進入煉獄的阿蒙拉之墓|この古代の鍵を作成し、アムン・ラーのインフェルナル墓へアクセスしよう..|이 고대 열쇠를 제작하여 아문-라의 지옥 무덤에 입장하세요..|Fertige diesen uralten Schlüssel, um Zugang zum Höllengrab von Amun-Ra zu erhalten.|Fabriquez cette clé ancienne pour accéder au Tombeau Infernal d'Amon-Rê.|Crea esta llave ancestral para obtener acceso a la Tumba Infernal de Amón-Ra...|Wykuj ten pradawny klucz, aby uzyskać dostęp do Infernalnego Grobu Amun-Ra..
craft_keys_key_of_infernal_terror|Craft this dark key to gain access into the Infernal Fallen Inoya..||Crie esta chave sombria para ter acesso à Tumba Infernal Caída de Inoya. |Создайте этот тёмный ключ, чтобы получить доступ к Адской Падшей Инойе. |製作這把黑暗鑰匙，進入煉獄的陷落的伊諾亞|この暗黒の鍵を作成し、インフェルナル・フォールン・イノヤへアクセスしよう..|이 어두운 열쇠를 제작하여 지옥에 떨어진 이노야에 입장하세요..|Fertige diesen dunklen Schlüssel, um Zugang zum höllischen Gefallenen Inoya zu erhalten.|Fabriquez cette clé obscure pour accéder à l'Inoya Déchu Infernal. |Crea esta llave oscura para obtener acceso a la Infernal Inoya Caída...|Wykuj ten ciemny klucz, aby uzyskać dostęp do Infernalnego Fallen Inoya..
|||||||||||
|||||||||||
[Collectibles]|||||||||||
collectible_battle_fragment|Battle Fragment|Taistelusirpale|Fragmento de Batalha|Фрагмент битвы|戰鬥碎片|戦いの破片|전투 파편 (Battle Fragment)|Kampffragment|Fragment de combat|Fragmento de Batalla|Fragment Bitwy
collectible_dimensional_shard|Dimensional Shard|Ulottuvuussirpale|Fragmento Dimensional|Размерный Осколок|次元碎片|次元の破片|차원 파편 (Dimensional Shard)|Dimensionssplitter|Éclat dimensionnel|Esquirla Dimensional|Odłamek Wymiarowy
collectible_gurags_soul|Gurag's Soul|Guragin sielu|Alma de Gurag|Душа Гурага|古拉格的靈魂|グラグの魂|구라그의 영혼 (Gurag's Soul)|Gurags Seele|Âme sellée de Gurag|Alma de Gurag|Dusza Guraga
collectible_deaths_sigil|Death's Sigil|Kuoleman merkki|Sigilo da Morte|Символ смерти|死亡印記|死の印章|죽음의 문장 (Death's Sigil)|Todessiegel|Sceau de la Mort|Sello de la Muerte|Sigil Śmierci
collectible_damiens_eye|Damien's Eye|Damienin silmä|Olho de Damien|Глаз Дэмиена|達米安之眼|ダミアンの目|데미언의 눈 (Damien's Eye)|Damiens Auge|Oeil de Damien|Ojo de Damien|Oko Damiena
collectible_anubis_ankh|Anubis' Ankh|Anubiksen ankhi|Ankh de Anubis|Анкх Анубиса|阿努比斯的生命之符|アヌビスのアンク|아누비스의 앙크 (Anubis' Ankh)|Anubis' Ankh|Ankh d'Anubis|Ankh de Anubis|Ankh Anubisa
collectible_karp_kings_bellybutton|Karp King's Bellybutton|Karppikuninkaan napa|Umbigo do Rei Carpa|Пупок Короля Карпа|卡普王的肚臍|カープ王のへそ|카프 왕의 배꼽 (Karp King's Bellybutton)|Karp-Königs-Bauchnabel|Nombril du roi Carpe|Ombligo del Rey Karpa|Pępek Króla Karpa
collectible_satans_horn|Satan's Horn|Saatanan sarvi|Chifre de Satanás|Рог сатаны|撒旦之角|サタンの角|사탄의 뿔 (Satan's Horn)|Satans Horn|Corne de Satan|Cuerno de Satán|Róg Satana
collectible_old_coin|Ancient Coin|Muinainen kolikko|Moeda Anciã|Древняя Монета|古錢幣|古代のコイン|고대 동전 (Ancient Coin)|Uralte Münze|Pièce antique|Moneda Antigua|Pradawna Moneta
collectible_bifrost_fragment|Bifröst Fragment|Bifröstin sirpale|Fragmento de Bifröst|Bifröst Fragment|彩虹鑰匙碎片|ビフロストの破片|비프로스트 파편 (Bifröst Fragment)|Bifröst-Fragment|Fragment de Bifröst|Fragmento de Bifröst|Fragment Bifröst
collectible_braggite_shard|Braggite Shard|Braggite sirpale|Fragmento de Braggite|Осколок Браггита|布拉格礦碎片|ブラギットの破片|브래기트 파편 (Braggite Shard)|Braggit-Splitter|Éclat de braggite|Esquirla de Braggita|Odłamek Braggitu
collectible_essence_of_gods|Essence of Gods|Jumaluute|Essência dos Deuses|Сущность богов|神之精華|神のエッセンス|신들의 정수 (Essence of Gods)|Essenz der Götter|Essence des dieux|Esencia de los Dioses|Esencja Bogów
collectible_gold_token|Gold Token|Kultapoletti|Token Dourado|Золотой Жетон|黃金代幣|ゴールドトークン|금화 토큰 (Gold Token)|Goldmünze|Jeton d'or|Ficha de Oro|Token Złota
collectible_naga_scale|Naga Scale|Nagan suomu|Escama de Naga|Шкала Нага|娜迦鱗片|ナーガの鱗|나가 비늘 (Naga Scale)|Naga-Schuppe|Écaille de naga|Escama de Naga|Łuska Nagi
collectible_soul_of_anguish|Soul of Anguish|Anguishin sielu|Alma da Angústia|Душа Мучения|痛苦之魂|苦悩の魂|고통의 영혼 (Soul of Anguish)|Seele der Qual|Âme d'angoisse|Alma de la Angustia|Dusza Udręki
collectible_soul_of_despair|Soul of Despair|Epätoivon sielu|Alma do Desespero|Душа Отчаяния|絕望之魂|絶望の魂|절망의 영혼 (Soul of Despair)|Seele der Verzweiflung|Âme de désespoir|Alma de la Desesperación|Dusza Rozpaczy
collectible_soul_of_corruption|Soul of Corruption|Korruption sielu|Alma da Corrupção|Душа Порчи|腐蝕之魂|腐敗の魂|부패의 영혼 (Soul of Corruption)|Seele der Verderbnis|Âme de corruption|Alma de la Corrupción|Dusza Zepsucia
collectible_scroll_of_ra|Scroll of Ra|Ra-käärö|Pergaminho de Rá|Свиток Ра|拉之捲軸|ラーの巻物|라의 두루마리 (Scroll of Ra)|Schriftrolle des Ra|Parchemin de Râ|Pergamino de Ra|Zwój Ra
collectible_colosseum_fragment|Colosseum Fragment|Colosseumin fragmentti |Fragmento do Coliseu |Фрагмент Колизея |鬥獸場碎片 |コロシアムの破片 |콜로세움 파편 (Colosseum Fragment)|Kolosseum-Fragment|Fragment du Colisée |Fragmento del Coliseo|Fragment Koloseum
collectible_tarot_death|Death|Kuolema|Morte|Смерть|死神|死|죽음 (Death)|Tod|La Mort|La Muerte|Śmierć
collectible_tarot_the_tower|The Tower|Torni|A Torre|Башня|高塔|タワー|탑 (The Tower)|Der Turm|La Tour|La Torre|Wieża
collectible_tarot_the_fool|The Fool|Hullu|O Louco|Шуток|愚人|愚者|바보 (The Fool)|Der Narr|Le Fou|El Loco|Głupiec
collectible_tarot_the_magician|The Magician|Taikuri|O Mago|Маг|魔術師|魔術師|마술사 (The Magician)|Der Magier|Le Magicien|El Mago|Mag
collectible_tarot_the_world|The World|Maailma|O Mundo|Мир|世界|世界|세계 (The World)|Die Welt|Le Monde|El Mundo|Świat
collectible_tarot_the_wheel_of_fortune|The Wheel of Fortune|Onnenpyörä|A Roda da Fortuna|Колесо Фортуны|命運之輪|運命の輪|운명의 수레바퀴 (The Wheel of Fortune)|Das Rad des Schicksals|La Roue de la Fortune|La Rueda de la Fortuna|Koło Fortuny
collectible_tarot_the_high_priestess|The High Priestess|Ylipapitar|A Alta Sacerdotisa|Верховная Жрица|女祭司|女教皇|대사제 (The High Priestess)|Die Hohepriesterin|La Grande Prêtresse|La Sacerdotisa|Wysoka Kapłanka
collectible_tarot_the_empress|The Empress|Keisarinna|A Imperatriz|Императрица|女皇|女帝|여제 (The Empress)|Die Kaiserin|L'Impératrice|La Emperatriz|Cesarzowa
collectible_tarot_the_emperor|The Emperor|Keisari|O Imperador|Император|皇帝|皇帝|황제 (The Emperor)|Der Kaiser|L'Empereur|El Emperador|Cesarz
collectible_tarot_the_chariot|The Chariot|Vaunu|A Carruagem|Колесница|戰車|戦車|전차 (The Chariot)|Der Streitwagen|Le Chariot|El Carro|Rydwan
collectible_tarot_the_lovers|The Lovers|Rakastavat|Os Amantes|Влюблённые|戀人|恋人たち|연인 (The Lovers)|Die Liebenden|Les Amants|Los Amantes|Kochankowie
collectible_tarot_justice|Justice|Oikeus|Justiça|Справедливость|正義|正義|정의 (Justice)|Gerechtigkeit|La Justice|La Justicia|Sprawiedliwość
collectible_tarot_the_hermit|The Hermit|Erakko|O Eremita|Отшельник|隱士|隠者|은둔자 (The Hermit)|Der Einsiedler|L'Ermite|El Ermitaño|Pustelnik
collectible_tarot_temperance|Temperance|Kohtuus|Temperança|Умеренность|節制|節制|절제 (Temperance)|Mäßigung|La Tempérance|La Templanza|Umiarkowanie
collectible_tarot_the_devil|The Devil|Paholainen|O Diabo|Дьявол|惡魔|悪魔|악마 (The Devil)|Der Teufel|Le Diable|El Diablo|Diabeł
collectible_tarot_the_moon|The Moon|Kuu|A Lua|Луна|月亮|月|달 (The Moon)|Der Mond|La Lune|La Luna|Księżyc
collectible_tarot_the_sun|The Sun|Aurinko|O Sol|Солнце|太陽|太陽|태양 (The Sun)|Die Sonne|Le Soleil|El Sol|Słońce
collectible_tarot_the_star|The Star|Tähti|A Estrela|Звезда|星星|星|별 (The Star)|Der Stern|L'Étoile|La Estrella|Gwiazda
collectible_tarot_judgement|Judgement|Tuomio|Julgamento|Суд|審判|審判|심판 (Judgement)|Urteil|Le Jugement|El Juicio|Sąd
collectible_tarot_strength|Strength|Voima|Força|Сила|力量|力|힘 (Strength)|Stärke|La Force|La Fuerza|Siła
collectible_tarot_the_hanged_man|The Hanged Man|Hirvitetty mies|O Enforcado|Повешенный|倒吊人|吊るされた男|매달린 남자 (The Hanged Man)|Der Gehängte|Le Pendu|El Colgado|Wisielec
collectible_tarot_the_hierophant|The Hierophant|Hierofantti|O Hierofante|Иерофант|教皇|法王|교황 (The Hierophant)|Der Hierophant|Le Hiérophante|El Hierofante|Hierofant
collectible_infernal_battle_fragment|Infernal Battle Fragment|Helvettitaistelun fragmentti|Fragmento da Batalha Infernal|Фрагмент Адской Битвы|煉獄戰鬥碎片|インフェルナルバトルの断片|지옥의 전투 파편 (Infernal Battle Fragment)|Fragment der Höllenschlacht|Fragment de Bataille Infernale|Fragmento de Batalla Infernal|Infernalny Fragment Bitwy
collectible_infernal_dimensional_shard|Infernal Dimensional Shard|Helvetti ulottuvuussirpale|Fragmento Dimensional Infernal|Осколок Адского Пространства|煉獄次元碎片|インフェルナル次元の欠片|지옥의 차원 파편 (Infernal Dimensional Shard)|Fragment der Höllendimension|Éclat Dimensionnel Infernal|Esquirla Dimensional Infernal|Infernalny Odłamek Wymiarowy
collectible_gurags_infernal_soul|Gurag's Infernal Soul|Guragin helvetillinen sielu|Alma Infernal de Gurag|Душа Адского Гурага|煉獄古拉格的靈魂|グラッグのインフェルナルソウル|구라그의 지옥 영혼 (Gurag's Infernal Soul)|Gurags Höllenseele|L'Âme Infernale de Gurag|Alma Infernal de Gurag|Infernalna Dusza Guraga
collectible_deaths_infernal_sigil|Death's Infernal Sigil|Kuoleman helvetillinen sigili|Sigilo Infernal da Morte|Символ Адской Смерти|煉獄死亡印記|死のインフェルナルシジル|죽음의 지옥 문장 (Death's Infernal Sigil)|Des Todes Höllensiegel|Le Sceau Infernal de la Mort|Sello Infernal de la Muerte|Infernalny Sigil Śmierci
collectible_damiens_infernal_eye|Damien's Infernal Eye|Damienin helvetillinen silmä|O Olho Infernal de Damien|Око Адского Дэмиена|煉獄達米安之眼|ダミアンのインフェルナルアイ|데미언의 지옥 눈 (Damien's Infernal Eye)|Damiens Höllenauge|L'Œil Infernal de Damien|Ojo Infernal de Damien|Infernalne Oko Damiena
collectible_anubis_infernal_ankh|Anubis Infernal Ankh|Anubiksen helvetillinen Ankh|Ankh Infernal de Anúbis|Адский Анкх Анубиса|煉獄阿努比斯生命之符|アヌビスのインフェルナルアンク|아누비스 지옥 앙크 (Anubis Infernal Ankh)|Anubis Höllen-Ankh|L'Ankh Infernal d'Anubis|Ankh Infernal de Anubis|Infernalny Ankh Anubisa
collectible_karp_kings_infernal_bellybutton|Karp King's Infernal Bellybutton|Karppikuninkaan helvetillinen napa|Umbigo Infernal do Rei Karp|Пух Адского Короля Карпа|煉獄卡普王肚臍|カープキングのインフェルナルヘソ|카프 왕의 지옥 배꼽 (Karp King's Infernal Bellybutton)|Karps Höllenbauchnabel|Le Nombril Infernal du Roi Karp|Ombligo Infernal del Rey Karpa|Infernalny Pępek Króla Karpa
collectible_satans_infernal_horn|Satan's Infernal Horn|Saatanan helvetillinen sarvi|Chifre Infernal de Satanás|Рог Адского Сатаны|煉獄撒旦之角|サタンのインフェルナルホーン|사탄의 지옥 뿔 (Satan's Infernal Horn)|Satans Höllenhorn|La Corne Infernale de Satan|Cuerno Infernal de Satán|Infernalny Róg Satana
collectible_soul_of_infernal_anguish|Soul of Infernal Anguish|Helvettillisen tuskan sielu|Alma da Angústia Infernal|Душа Адского Мучения|煉獄痛苦之魂|インフェルナルアンギッシュの魂|지옥 고통의 영혼 (Soul of Infernal Anguish)|Seele der Höllenqual|L'Âme de l'Angoisse Infernale|Alma de la Angustia Infernal|Infernalna Dusza Udręki
collectible_soul_of_infernal_despair|Soul of Infernal Despair|Helvettillisen epätoivon sielu|Alma do Desespero Infernal|Душа Адского Отчаяния|煉獄絕望之魂|インフェルナルデスペアの魂|지옥 절망의 영혼 (Soul of Infernal Despair)|Seele der Höllenverzweiflung|L'Âme du Désespoir Infernal|Alma de la Desesperación Infernal|Infernalna Dusza Rozpaczy
collectible_soul_of_infernal_corruption|Soul of Infernal Corruption|Helvettillisen turmeluksen sielu|Alma da Corrupção Infernal|Душа Адского Порчи|煉獄腐蝕之魂|インフェルナルコラプションの魂|지옥 부패의 영혼 (Soul of Infernal Corruption)|Seele der Höllenverderbnis|L'Âme de la Corruption Infernale|Alma de la Corrupción Infernal|Infernalna Dusza Zepsucia
collectible_infernal_scroll_of_ra|Infernal Scroll of Ra|Ran helvetillinen käärö|Pergaminho Infernal de Rá|Адский Свиток Ра|煉獄拉之捲軸|ラーのインフェルナルスクロール|지옥 라의 두루마리 (Infernal Scroll of Ra)|Höllische Schriftrolle des Ra|Le Parchemin Infernal de Râ|Pergamino Infernal de Ra|Infernalny Zwój Ra
collectible_infernal_colosseum_fragment|Infernal Colosseum Fragment|Helvettillisen Colosseumin fragmentti|Fragmento do Coliseu Infernal|Фрагмент Адского Колизея|煉獄鬥獸場碎片|インフェルナルコロッセオの断片|지옥의 콜로세움 파편 (Infernal Colosseum Fragment)|Fragment des Höllenkolosseums|Fragment du Colisée Infernal|Fragmento del Coliseo Infernal|Infernalny Fragment Koloseum
collectible_tarot_the_divine_moon|The Divine Moon|Jumalallinen kuu|A Lua Divina|Божественная Луна|神聖月亮|神聖なる月|신성한 달 (The Divine Moon)|Der Göttliche Mond|La Lune Divine|La Luna Divina|Boski Księżyc
collectible_tarot_the_divine_sun|The Divine Sun|Jumalallinen aurinko|O Sol Divino|Божественное Солнце|神聖太陽|神聖なる太陽|신성한 태양 (The Divine Sun)|Die Göttliche Sonne|Le Soleil Divin|El Sol Divino|Boskie Słońce
collectible_tarot_the_divine_failior|The Divine Failior|Jumalallinen epäonnistuja|O Fracasso Divino|Божественный Неудачник|神聖失敗者|神聖なる失敗者|신성한 몰락 (The Divine Failior)|Der Göttliche Versagende|L'Échec Divin|El Fracaso Divino|Boska Porażka
collectible_tarot_the_divine_pile|The Divine Pile|Jumalallinen kasa |A Pilha Divina |Божественная Груда |神聖之堆 |神聖なる積み重ね|신성한 더미 (The Divine Pile)|Der Göttliche Haufen|La Pile Divine |La Pila Divina |Boska Kupa
collectible_fragment_of_inoya|Fragment of Inoya||Fragmento de Inoya|Фрагмент Инойи|伊諾亞碎片|イノヤの断片|이노야의 조각 (Fragment of Inoya)|Fragment von Inoya|Fragment d'Inoya|Fragmento de Inoya|Fragment Inoya
collectible_fragment_of_tundra|Fragment of Tundra||Fragmento da Tundra|Фрагмент Тундры|苔原碎片|ツンドラの断片|툰드라의 조각 (Fragment of Tundra)|Fragment der Tundra|Fragment de Toundra|Fragmento de Tundra|Fragment Tundry
collectible_fragment_of_mosarathim|Fragment of Mos'Arathim||Fragmento de Mos'Arathim|Фрагмент Мос'Аратима|莫斯阿拉辛碎片|モスアラシムの断片|모스아라팀의 조각 (Fragment of Mos'Arathim)|Fragment von Mos'Arathim|Fragment de Mos'Arathim|Fragmento de Mos'Arathim|Fragment Mos'Arathim
collectible_fragment_of_nightmare|Fragment of Nightmare||Fragmento do Pesadelo|Фрагмент Кошмара|夢魘碎片|悪夢の断片|악몽의 조각 (Fragment of Nightmare)|Fragment des Albtraums|Fragment du Cauchemar|Fragmento de Pesadilla|Fragment Koszmaru
collectible_fragment_of_kaojin|Fragment of Kaojin||Fragmento de Kaojin|Фрагмент Каодзина|高津碎片|カオジンの断片|카오진의 조각 (Fragment of Kaojin)|Fragment von Kaojin|Fragment de Kaojin|Fragmento de Kaojin|Fragment Kaojin
collectible_fragment_of_dawn|Fragment of Dawn||Fragmento da Aurora|Фрагмент Рассвета|黎明碎片|夜明けの断片|새벽의 조각 (Fragment of Dawn)|Fragment der Morgendämmerung|Fragment de l'Aube|Fragmento del Amanecer|Fragment Świtu
collectible_fragment_of_time|Fragment of Time||Fragmento do Tempo |Фрагмент Времени |時間碎片 |時の断片 |시간의 조각 (Fragment of Time)|Fragment der Zeit|Fragment du Temps |Fragmento del Tiempo |Fragment Czasu
|||||||||||
explanation_collectible_tarot_the_divine_moon|Merge multiple into a random Unholy item||Mesclar vários itens em um item profano aleatório|Объединить несколько предметов в случайный нечестивый предмет|將多個物品合併為一個隨機的邪惡物品|複数を合成してランダムなアンホーリーアイテムにする|여러 개를 합쳐 무작위 불경한 아이템 생성|Mehrere zu einem zufälligen unheiligen Gegenstand zusammenfügen|Fusionner plusieurs objets dans un objet impie aléatoire|Fusionar varios en un objeto impío aleatorio|Połącz wiele w losowy Nieświęty przedmiot
explanation_collectible_tarot_the_divine_sun|Merge multiple into a random Angelic item||Mesclar vários itens em um item angelical aleatório|Объединить несколько предметов в случайный ангельский предмет|將多個物品合併為一個隨機的天使物品|複数を合成してランダムなアンジェリックアイテムにする|여러 개를 합쳐 무작위 천사의 아이템 생성|Mehrere zu einem zufälligen engelhaften Gegenstand zusammenfügen|Fusionner plusieurs objets dans un objet angélique aléatoire|Fusionar varios en un objeto angelical aleatorio|Połącz wiele w losowy Anielski przedmiot
explanation_collectible_tarot_the_divine_failior|Absolutely Useless||Absolutamente inútil|Абсолютно бесполезно|完全没用|全く役に立たない|완전히 쓸모없음|Absolut nutzlos|Absolument inutile|Absolutamente inútil|Absolutnie Bezużyteczny
explanation_collectible_tarot_the_divine_pile|Absolutely Useless||Absolutamente inútil |Абсолютно бесполезно |完全没用 |全く役に立たない|완전히 쓸모없음|Absolut nutzlos|Absolument inutile |Absolutamente inútil |Absolutnie Bezużyteczny
|||||||||||
lore_collectible_soul_of_anguish|Soul fueled by anguish..|Sielu ruokkii tuskaa..|Alma alimentada pela angústia..|Душа, подпитываемая тоской..|靈魂因痛苦而燃燒……|苦悩に突き動かされる魂…|고통으로 불타는 영혼..|Seele, angetrieben von Angst.|Âme nourrie par l'angoisse.|Alma alimentada por la angustia...|Dusza napędzana udręką..
lore_collectible_soul_of_despair|Soul fueled by despair..|Epätoivon ruokkima sielu..|Alma alimentada pelo desespero..|Душа, подпитываемая отчаянием..|靈魂因絕望而燃燒……|絶望に突き動かされる魂…|절망으로 불타는 영혼..|Seele, angetrieben von Verzweiflung.|Âme nourrie par le désespoir.|Alma alimentada por la desesperación...|Dusza napędzana rozpaczą..
lore_collectible_soul_of_corruption|Soul fueled by corruption..|Korruption ruokkima sielu..|Alma alimentada pela corrupção..|Душа, подпитываемая разложением.. |靈魂因腐敗而燃燒…… |腐敗に突き動かされる魂… |타락으로 불타는 영혼..|Seele, angetrieben von Verderbtheit.|Âme nourrie par la corruption. |Alma alimentada por la corrupción...|Dusza napędzana zepsuciem..
lore_collectible_scroll_of_ra|???|???|???|???|???|???|???|???|???|???|???
lore_collectible_colosseum_fragment|Can you hear the sound of drums and a crowd hungering for blood?|Kuuletko rumpujen äänen ja verta janottavan väkijoukon? |Você consegue ouvir o som dos tambores e uma multidão faminta por sangue? |Слышите ли вы звук барабанов и толпу, жаждущую крови? |你聽得到鼓聲和群眾對血的渴望嗎？ |太鼓の音と血に飢えた群衆の声が聞こえますか? |피를 갈망하는 군중과 북소리가 들리나요?|Können Sie die Trommeln und die blutrünstige Menge hören?|Entendez-vous le son des tambours et une foule affamée de sang ? |¿Puedes oír el sonido de los tambores y a una multitud hambrienta de sangre?|Czy słyszysz dźwięk bębnów i tłum głodny krwi?
lore_collectible_tarot_death|Every cycle eventually comes to an end.||Todo ciclo eventualmente chega ao fim.|Каждый цикл рано или поздно подходит к концу.|每個循環最終都會結束。|すべての循環はやがて終わりを迎える。|모든 순환은 결국 끝을 맞이한다.|Jeder Zyklus geht irgendwann zu Ende.|Tout cycle a une fin.|Todo ciclo llega a su fin.|Każdy cykl w końcu dobiega końca.
lore_collectible_tarot_the_tower|The world falling apart, walls falling on you, can you climb up?||O mundo desmoronando, muros caindo sobre você, você consegue subir?|Мир рушится, стены рушатся на тебя, сможешь ли ты подняться?|世界分崩離析，牆壁倒塌，你還能爬起來嗎？|世界が崩れ、壁があなたに降りかかる――あなたは登り切れるか？|세상이 무너지고 벽이 너를 덮칠 때, 과연 올라설 수 있을까?|Die Welt bricht auseinander, Mauern stürzen auf dich ein – kannst du hinaufklettern?|Le monde s'effondre, les murs s'écroulent sur vous, saurez-vous les surmonter ?|El mundo se desmorona, los muros caen sobre ti, ¿podrás escalar?|Świat rozpada się, ściany padają na ciebie, czy możesz się wspiąć?
lore_collectible_tarot_the_fool|The recklessness and inconsideration of the free spirit flows within the fool.||A imprudência e a desconsideração do espírito livre fluem dentro do tolo.|Безрассудство и беспечность свободного духа текут внутри глупца.|魯莽和不顧慮他人的自由精神在愚人心中流淌的。|自由な精神の軽率さと無配慮が愚者の内に流れている。|자유로운 영혼의 무모함과 무관심이 바보 안에 흐른다.|Die Rücksichtslosigkeit und Rücksichtslosigkeit des freien Geistes fließt im Narren.|L'insouciance et l'inconsidération de l'esprit libre flottent dans l'esprit du fou.|La imprudencia y la desconsideración del espíritu libre fluyen en el interior del loco.|Lekkomyślność i brak rozwagi wolnego ducha płynie w głupcu.
lore_collectible_tarot_the_magician|The sheer willpower of the magician manifesting desire and creation as well as illusions and trickery.||A pura força de vontade do mágico manifestando desejo e criação, bem como ilusões e trapaças.|Чистая сила воли мага, воплощающая желание и творение, а также иллюзии и обман.|魔術師的純粹意志力體現了慾望和創造力以及幻覺和詭計。  |魔術師の強い意志は、欲望と創造、幻想とトリックを具現化する。|마법사의 강력한 의지가 욕망과 창조, 환상과 속임수를 드러낸다.|Die schiere Willenskraft des Magiers manifestiert Verlangen und Schöpfung ebenso wie Illusionen und Tricks.|La volonté pure du magicien manifeste le désir et la création, ainsi que les illusions et la ruse.|La pura fuerza de voluntad del mago manifiesta el deseo y la creación, así como las ilusiones y el engaño.|Czysta siła woli maga manifestująca pragnienie i stworzenie, a także iluzje i oszustwa.
lore_collectible_tarot_the_world|The harmony and chaos held in absolutely balance.||A harmonia e o caos mantidos em absoluto equilíbrio.|Гармония и хаос, удерживаемые в абсолютном равновесии.|和谐与混乱保持着绝对的平衡。|和諧與混亂保持著絕對的平衡。|완전한 균형 속에 담긴 조화와 혼돈.|Harmonie und Chaos in absoluter Balance.|L'harmonie et le chaos maintenus en équilibre absolu.|La armonía y el caos mantenidos en absoluto equilibrio.|Harmonia i chaos utrzymane w absolutnej równowadze.
lore_collectible_tarot_the_wheel_of_fortune|The inevitable roll of the dice manifesting the illusion of control or choice.||O inevitável rolar dos dados manifestando a ilusão de controle ou escolha.|Неизбежный бросок игральных костей, воплощающий иллюзию контроля или выбора.|擲骰子體現了不可避免的控制或能選擇的錯覺|避けられないダイスの転がりは、制御や選択の幻想を生み出す。|통제와 선택이라는 환상을 드러내는 불가피한 주사위 굴림.|Der unvermeidliche Würfelwurf manifestiert die Illusion von Kontrolle oder Wahl.|L'inévitable lancer de dés manifeste l'illusion du contrôle ou du choix. |El inevitable lanzamiento de los dados que manifiesta la ilusión de control o elección.|Nieunikniony rzut kostką manifestujący iluzję kontroli lub wyboru.
lore_collectible_tarot_the_high_priestess|Unconscious intuition whispers beneath suppressed feelings and fragile stability. ||A intuição inconsciente sussurra sob sentimentos reprimidos e estabilidade frágil.|Бессознательная интуиция шепчет за подавленными чувствами и хрупкой стабильностью. |被壓抑的感情在無意識的直覺和脆弱的穩定之下低語|抑圧された感情と脆い安定の下で囁く無意識の直感。|억압된 감정과 위태로운 안정감 아래 속삭이는 무의식적 직관.|Unbewusste Intuition flüstert unter unterdrückten Gefühlen und fragiler Stabilität.|L'intuition inconsciente murmure sous des sentiments refoulés et une stabilité fragile.|La intuición inconsciente susurra bajo sentimientos reprimidos y una estabilidad frágil.|Nieświadoma intuicja szepcze pod stłumionymi uczuciami i kruchą stabilnością.
lore_collectible_tarot_the_empress|The smothering essence of motherhood, empty and dependent.||A essência sufocante da maternidade, vazia e dependente.|Удушающая сущность материнства, пустая и зависимая.|母性那窒息的本質，空虛而依賴|||||母性の圧倒的な本質は、空虚で依存的だ。|텅 비고 의존적인 모성의 본질.|Die erstickende Essenz der Mutterschaft, leer und abhängig.|L'essence étouffante de la maternité, vide et dépendante.|La sofocante esencia de la maternidad, vacía y dependiente.|Duszący esencja macierzyństwa, pusta i zależna.
lore_collectible_tarot_the_emperor|The essence of tyrannical father asserting authority and control with rigid coldness.||A essência do pai tirânico afirmando autoridade e controle com frieza rígida.|Сущность тиранического отца, утверждающего власть и контроль с жёсткой холодностью.|父權那專制的本質， 用冷酷無情的方式維護權威和控制|専制的な父性の本質は、冷徹な支配と統制を主張する。|권위와 통제를 엄격하고 냉정하게 주장하는 폭군 아버지의 본질.|Die Essenz des tyrannischen Vaters, der mit starrer Kälte Autorität und Kontrolle behauptet.|L'essence d'un père tyrannique affirmant son autorité et son contrôle avec une froideur rigide.|La esencia de un padre tiránico que afirma su autoridad y control con una rigidez fría.|Esencja tyranicznego ojca narzucającego autorytet i kontrolę sztywnym chłodem.
lore_collectible_tarot_the_chariot|The essence of direction, or the lack of it guided by control or aggression.||A essência da direção, ou a falta dela guiada por controle ou agressão.|Сущность направления или его отсутствие, обусловленное контролем или агрессией.|方向的本質，或缺乏方向，以控製或侵略為主導|導きの有無を制御や攻撃性に委ねた方向性の本質。|통제 혹은 공격성에 의해 이끌리는 방향성 혹은 그 부재.|Die Essenz der Richtung oder deren Fehlen, geleitet von Kontrolle oder Aggression.|L'essence de la direction, ou son absence, guidée par le contrôle ou l'agression.|La esencia de la dirección, o la falta de ella, guiada por el control o la agresión.|Esencja kierunku lub jego braku, prowadzona kontrolą lub agresją.
lore_collectible_tarot_the_lovers|The duality of union balancing at the verge of existential dread.||A dualidade da união equilibrando-se à beira do medo existencial.|Двойственность союза, балансирующего на грани экзистенциального ужаса.|結合的雙重性，游移於存在主義恐懼的邊緣。|存在の恐怖の瀬戸際で均衡を保つ二元性の結合。|실존적 공포의 경계에서 균형을 이루는 이원성의 결합.|Die Dualität der Vereinigung, balanciert am Rande existenzieller Angst.|La dualité de l'union en équilibre au bord de l'angoisse existentielle.|La dualidad de la unión que se equilibra al borde del pavor existencial.|Dualność unii balansująca na krawędzi egzystencjalnego przerażenia.
lore_collectible_tarot_justice|Causality of action and reaction manifesting clarity and truth or dishonesty and unaccountability.||Causalidade de ação e reação manifestando clareza e verdade ou desonestidade e irresponsabilidade.|Причинно-следственная связь действия и реакции, проявляющая ясность и правду или нечестность и безответственность. |行動和反應的因果關係體現出清晰和真實或不誠實和不負責任  |行動と反応の因果は、明瞭さと真実、または不誠実さと無責任さを生む。|명료함과 진실, 혹은 부정직과 무책임을 드러내는 원인과 결과의 인과성.|Die Kausalität von Aktion und Reaktion manifestiert Klarheit und Wahrheit oder Unehrlichkeit und Verantwortungslosigkeit.|La causalité de l'action et de la réaction manifestant clarté et vérité ou malhonnêteté et irresponsabilité.|La causalidad de acción y reacción que manifiesta claridad y verdad o deshonestidad e irresponsabilidad.|Przyczynowość działania i reakcji manifestująca klarowność i prawdę lub nieuczciwość i nieodpowiedzialność.
lore_collectible_tarot_the_hermit|Isolated from the grid seeking for truth guided by an inner compass.||Isolados da grade, buscando a verdade guiados por uma bússola interior.|Оторванный от сети, ищущий истину, ведомый внутренним компасом.|與世隔絕，在內心指南針的指引下尋求真理。|真実を求めてグリッドから孤立し、内なる羅針盤に導かれる。|내면의 나침반에 이끌려 진실을 찾아 격리된 자.|Isoliert vom Raster, auf der Suche nach der Wahrheit, geleitet von einem inneren Kompass.|Isolée du réseau, en quête de vérité, guidée par une boussole intérieure.|Aislado de la red, buscando la verdad guiado por una brújula interior.|Izolowany od siatki poszukujący prawdy prowadzony wewnętrznym kompasem.
lore_collectible_tarot_temperance|The essence of an unshakeable soul.||A essência de uma alma inabalável.|Суть непоколебимой души.|不可動搖的靈魂的本質。|揺るぎない魂の本質。|흔들리지 않는 영혼의 본질.|Die Essenz einer unerschütterlichen Seele.|L'essence d'une âme inébranlable. |La esencia de un alma inquebrantable.|Esencja niezachwianej duszy.
lore_collectible_tarot_the_devil|The devil binds you to your worldly possessions, it is up to you to decide whether you free your self or obey.||O diabo te prende aos seus bens materiais; cabe a você decidir se quer se libertar ou obedecer.|Дьявол привязывает тебя к твоим мирским благам, тебе решать, освободиться или подчиниться.|魔鬼把你束縛在你的世俗財產上， 由你決定是否釋放自己或服從|悪魔はあなたを世俗の所有物に縛りつける。自由を選ぶか従うかはあなた次第。|악마는 너를 세속적 소유물에 묶는다. 자유를 택할지 복종할지는 너의 선택이다.|Der Teufel fesselt dich an deine weltlichen Besitztümer. Es liegt an dir, ob du dich befreist oder gehorchst.|Le diable vous lie à vos possessions terrestres. À vous de décider si vous vous libérez ou si vous obéissez.|El diablo te ata a tus posesiones mundanas, depende de ti decidir si te liberas u obedeces.|Diabeł wiąże cię z twoimi ziemskimi posiadłościami, to od ciebie zależy, czy się uwolnisz, czy usłuchasz.
lore_collectible_tarot_the_moon|When sleep is absent the moon is whispering to you..||Quando o sono está ausente, a lua está sussurrando para você.|Когда нет сна, луна шепчет тебе...|當你睡不著的時候，月亮在對你低語……|眠りが欠ける時、月はあなたに囁く……。|잠이 없을 때 달이 너에게 속삭인다.|Wenn du nicht schläfst, flüstert dir der Mond zu.|Quand le sommeil vous manque, la lune vous murmure…|Cuando el sueño está ausente, la luna te susurra...|Gdy sen jest nieobecny, księżyc szepcze do ciebie..
lore_collectible_tarot_the_sun|The duality of joy and sadness, success and failure, the sunlight that burns as easily as it warms.||A dualidade da alegria e da tristeza, do sucesso e do fracasso, a luz do sol que queima tão facilmente quanto aquece. |Двойственность радости и печали, успеха и неудачи, солнечный свет, который обжигает так же легко, как и согревает. |喜悅與悲傷、成功與失敗的二元性， 陽光既容易灼傷， 又容易溫暖 |喜びと悲しみ、成功と失敗の二元性。燃えれば痛み、照らせば暖める太陽の光。|기쁨과 슬픔, 성공과 실패라는 이원성, 따뜻함만큼 쉽게 타오르는 햇빛.|Die Dualität von Freude und Traurigkeit, Erfolg und Misserfolg, das Sonnenlicht, das ebenso leicht brennt wie es wärmt.|La dualité de la joie et de la tristesse, du succès et de l’échec, la lumière du soleil qui brûle aussi facilement qu’elle réchauffe. |La dualidad de la alegría y la tristeza, el éxito y el fracaso, la luz del sol que quema con la misma facilidad con la que calienta.|Dualność radości i smutku, sukcesu i porażki, światło słoneczne, które pali tak łatwo, jak ogrzewa.
lore_collectible_tarot_the_star|If you're lost, follow the stars, they will guide you to where you are meant to be.||Se estiver perdido, siga as estrelas, elas o guiarão para onde você deve estar.|Если ты заблудился, следуй за звёздами, они приведут тебя туда, где тебе суждено быть.|如果你迷路了， 那就跟隨星星， 它們會引導你到達你想去的地方|もし迷ったなら、星に従え。そこがあなたのあるべき場所へ導くだろう。|길을 잃었다면 별을 따라가라, 너가 있어야 할 곳으로 인도할 것이다.|Wenn du verloren bist, folge den Sternen, sie werden dich dorthin führen, wo du hingehörst.|Si vous êtes perdu, suivez les étoiles, elles vous guideront vers votre destination.|Si estás perdido, sigue las estrellas, ellas te guiarán a donde debes estar.|Jeśli jesteś zagubiony, podążaj za gwiazdami, poprowadzą cię tam, gdzie masz być.
lore_collectible_tarot_judgement|From lack of self to reflection into a reckoning.||Da ausência de si mesmo à reflexão, rumo a um acerto de contas.|От отсутствия себя к размышлению, к расплате.|從缺乏自我到反思，再到最終的清算|自己喪失から反省、そして決算へ。|자기 부재에서 반성으로, 그리고 결산으로.|Vom Mangel an Selbst über die Reflexion bis hin zur Abrechnung.|De l'absence de soi à la réflexion, puis à la réconciliation.|De la falta de uno mismo a la reflexión y al ajuste de cuentas.|Z braku siebie do refleksji w rozliczenie.
lore_collectible_tarot_strength|The manifestation of inner strength, bravery and compassion or the shadow of these virtues.||A manifestação da força interior, da bravura e da compaixão, ou a sombra dessas virtudes.|Проявление внутренней силы, храбрости и сострадания или тень этих добродетелей.|是內在力量、勇氣和同情心的表現或這些美德的影子|内なる強さ、勇気、慈悲の顕現、あるいはそれらの美徳の影。|내면의 힘과 용기, 자비 혹은 그 미덕의 그림자.|Die Manifestation innerer Stärke, Tapferkeit und Mitgefühls oder der Schatten dieser Tugenden.|La manifestation de la force intérieure, du courage et de la compassion, ou l'ombre de ces vertus.|La manifestación de la fuerza interior, la valentía y la compasión, o la sombra de estas virtudes.|Manifestacja wewnętrznej siły, odwagi i współczucia lub cienia tych cnót.
lore_collectible_tarot_the_hanged_man|Are you willing to sacrifice? If so, is it a sacrifice for your self or for others?||Você está disposto a se sacrificar? Se sim, é um sacrifício por si mesmo ou pelos outros?|Готов ли ты пожертвовать? Если да, то жертва ли это ради себя или ради других?|你願意犧牲嗎？ 如果你願意， 是為了自己還是為了別人？|犠牲を払う覚悟はあるか？それは自分のためか、他者のためか？|희생할 의지가 있는가? 자신을 위한 희생인가, 타인을 위한 희생인가?|Bist du bereit, Opfer zu bringen? Wenn ja, ist es ein Opfer für dich selbst oder für andere?|Êtes-vous prêt à vous sacrifier ? Si oui, est-ce un sacrifice pour vous-même ou pour les autres ?|¿Estás dispuesto a sacrificarte? Si es así, ¿es un sacrificio por ti mismo o por los demás?|Czy jesteś gotów poświęcić? Jeśli tak, to czy jest to poświęcenie dla siebie czy dla innych?
lore_collectible_tarot_the_hierophant|The endless rebellion fueled by tradition and morality.||A rebelião sem fim alimentada pela tradição e pela moralidade.|Бесконечное восстание, подпитываемое традициями и моралью.|傳統和道德引發的無止盡的反叛|伝統と道徳に燃える終わりなき反逆。|전통과 도덕에 의해 불타는 끝없는 반란.|Die endlose Rebellion, genährt von Tradition und Moral.|La rébellion sans fin alimentée par la tradition et la morale.|La rebelión sin fin alimentada por la tradición y la moral.|Niekończąca się rebelia napędzana tradycją i moralnością.
lore_collectible_soul_of_infernal_anguish|Soul fueled by infernal anguish..||Alma alimentada por angústia infernal...|Душа, подпитываемая адской тоской.|靈魂因煉獄般的痛苦而驅動……|インフェルナルな苦悩に燃える魂……|지옥의 고통으로 불타는 영혼.|Die Seele, genährt von höllischer Angst.|L'âme nourrie par une angoisse infernale…|Alma alimentada por la angustia infernal...|Dusza napędzana infernalną udręką..
lore_collectible_soul_of_infernal_despair|Soul fueled by infernal despair..||Alma alimentada por desespero infernal...|Душа, подпитываемая адским отчаянием.|靈魂因煉獄般的絕望而驅動……|インフェルナルな絶望に燃える魂……|지옥의 절망으로 불타는 영혼.|Die Seele, genährt von höllischer Verzweiflung.|L'âme nourrie par un désespoir infernal…|Alma alimentada por la desesperación infernal...|Dusza napędzana infernalną rozpaczą..
lore_collectible_soul_of_infernal_corruption|Soul fueled by infernal corruption..||Alma alimentada por corrupção infernal... |Душа, подпитываемая адской порчей. |靈魂因煉獄般的腐敗而驅動…… |インフェルナルな堕落に燃える魂……|지옥의 부패로 불타는 영혼.|Die Seele, genährt von höllischer Verderbtheit.|L'âme nourrie par une corruption infernale… |Alma alimentada por la corrupción infernal...|Dusza napędzana infernalnym zepsuciem..
lore_collectible_infernal_scroll_of_ra|???||???|???|???|？？？|???|???|???|???|???
lore_collectible_infernal_colosseum_fragment|Can you hear the sound of infernal drums and a crowd hungering for blood?||Você consegue ouvir o som de tambores infernais e uma multidão sedenta de sangue?|Слышишь ли ты звук адских барабанов и толпу, жаждущую крови?|你聽得到煉獄鼓聲和人群渴望鮮血的聲音嗎？|地獄の太鼓の音と、血に飢えた群衆の声が聞こえるか？|지옥의 북소리와 피에 굶주린 군중의 소리가 들리십니까?|Hörst du die höllischen Trommeln und die blutrünstige Menge?|Entends-tu le son des tambours infernaux et une foule assoiffée de sang ?|¿Puedes oír el sonido de tambores infernales y una multitud sedienta de sangre?|Czy słyszysz dźwięk infernalnych bębnów i tłum głodny krwi?
lore_collectible_tarot_the_divine_moon|Nightmares are messages from beyond..||Pesadelos são mensagens do além...|Кошмары — это послания из потустороннего мира…|惡夢是來自彼岸的訊息……|悪夢は彼岸からのメッセージだ…|악몽은 저 너머에서 온 메시지입니다.|Albträume sind Botschaften aus dem Jenseits.|Les cauchemars sont des messages de l'au-delà…|Las pesadillas son mensajes del más allá…|Koszmar to wiadomości zza grobu..
lore_collectible_tarot_the_divine_sun|Sun shines its divine blessing upon you..||O sol brilha com sua bênção divina sobre você...|Солнце озаряет тебя своим божественным благословением…|陽光將神聖的祝福灑在你身上……|太陽は神聖なる祝福を君に降り注ぐ…|태양이 당신에게 신성한 축복을 비춥니다.|Die Sonne segnet dich.|Le soleil répand sa divine bénédiction sur toi…|El sol te bendice con su gracia divina…|Słońce świeci swoim boskim błogosławieństwem na ciebie..
lore_collectible_tarot_the_divine_failior|This is your end..||Este é o seu fim...|Это твой конец…|這就是你的結局……|これが君の最期だ…|이것이 당신의 최후입니다.|Dies ist dein Ende.|Voici ta fin…|Este es tu fin…|To jest twój koniec..
lore_collectible_tarot_the_divine_pile|On a sunny day the mood can shift once you step in something vile..||Em um dia ensolarado, o humor pode mudar assim que você pisa em algo vil...|В солнечный день настроение может измениться, как только ты наступишь на что-то мерзкое…|在陽光明媚的日子裡，一旦你踩到一些邪惡的東西，心情就會改變……|晴れた日でも、何か邪悪なものに足を踏み入れた途端、気分は一変する…|화창한 날에도 끔찍한 것에 발을 딛는 순간 분위기는 바뀔 수 있습니다.|An einem sonnigen Tag kann die Stimmung kippen, sobald du etwas Abscheuliches betrittst.|Par une journée ensoleillée, l'atmosphère peut basculer dès que tu t'aventures dans un lieu ignoble…|En un día soleado, el ambiente puede cambiar al pisar algo vil…|W słoneczny dzień nastrój może się zmienić, gdy wejdziesz w coś plugawego..
lore_collectible_fragment_of_inoya|A fragment of existence obtained from Act I||Um fragmento de existência obtido do Ato I|Фрагмент существования, полученный из первого акта|摘自第一章的片段.  (位於煉獄1-4黑塔的指揮官阿爾伯特掉落)|第一幕から得られた存在の断片|1막에서 얻은 존재의 조각|Ein Fragment der Existenz aus Akt I|Un fragment d'existence tiré de l'Acte I|Un fragmento de existencia del Acto I|Fragment istnienia uzyskany z Aktu I
lore_collectible_fragment_of_tundra|A fragment of existence obtained from Act II||Um fragmento de existência obtido do Ato II|Фрагмент существования, полученный из второго акта|摘自第二章的片段  (位於煉獄2-5古城3層的大巫師安特羅掉落)|第二幕から得られた存在の断片|2막에서 얻은 존재의 조각|Ein Fragment der Existenz aus Akt II|Un fragment d'existence tiré de l'Acte II|Un fragmento de existencia del Acto II|Fragment istnienia uzyskany z Aktu II
lore_collectible_fragment_of_mosarathim|A fragment of existence obtained from Act III||Um fragmento de existência obtido do Ato III|Фрагмент существования, полученный из третьего акта|摘自第三章的片段  (位於煉獄3-2沙洞的赫爾格羅姆酋長掉落)|第三幕から得られた存在の断片|3막에서 얻은 존재의 조각|Ein Fragment der Existenz aus Akt III|Un fragment d'existence tiré de l'Acte III|Un fragmento de existencia del Acto III|Fragment istnienia uzyskany z Aktu III
lore_collectible_fragment_of_nightmare|A fragment of existence obtained from Act IV||Um fragmento de existência obtido do Ato IV|Фрагмент существования, полученный из четвертого акта|摘自第四章的片段  (位於煉獄4-5魔鬼之穴的金塊小惡魔掉落)|第四幕から得られた存在の断片|4막에서 얻은 존재의 조각|Ein Fragment der Existenz aus Akt IV|Un fragment d'existence tiré de l'Acte IV|Un fragmento de existencia del Acto IV|Fragment istnienia uzyskany z Aktu IV
lore_collectible_fragment_of_kaojin|A fragment of existence obtained from Act V||Um fragmento de existência obtido do Ato V|Фрагмент существования, полученный из пятого акта|摘自第五章的片段  (位於煉獄5-3高津寺2層的腐爛鯛魚掉落)|第五幕から得られた存在の断片|5막에서 얻은 존재의 조각|Ein Fragment der Existenz aus Akt V|Un fragment d'existence tiré de l'Acte V|Un fragmento de existencia del Acto V|Fragment istnienia uzyskany z Aktu V
lore_collectible_fragment_of_dawn|A fragment of existence obtained from Act VI||Um fragmento de existência obtido do Ato VI|Фрагмент существования, полученный из шестого акта|摘自第六章的片段  (位於煉獄6-1無標記墳墓的邪教領袖掉落)|第六幕から得られた存在の断片|6막에서 얻은 존재의 조각|Ein Fragment der Existenz aus Akt VI|Un fragment d'existence tiré de l'Acte VI|Un fragmento de existencia del Acto VI|Fragment istnienia uzyskany z Aktu VI
lore_collectible_fragment_of_time|A fragment of existence obtained from Act VII||Um fragmento de existência obtido do Ato VII |Фрагмент существования, полученный из седьмого акта |摘自第七章的片段  (位於煉獄7-4平行維度的痛苦重現掉落)|第七幕から得られた存在の断片 |7막에서 얻은 존재의 조각 |Ein Fragment der Existenz aus Akt VII|Un fragment d'existence tiré de l'Acte VII |Un fragmento de existencia del Acto VII |Fragment istnienia uzyskany z Aktu VII
|||||||||||
craft_tarot_01|Random Unique Item||Item Único Aleatório|Случайный уникальный предмет|隨機獨特物品|ランダムユニークアイテム|랜덤 고유 아이템|Zufälliger einzigartiger Gegenstand|Objet unique aléatoire|Objeto único aleatorio|Losowy Unikalny Przedmiot
craft_tarot_02|Random Rune||Runa Aleatória|Случайная руна|隨機符文|ランダムルーン|랜덤 룬|Zufällige Rune|Rune aléatoire|Runa aleatoria|Losowa Runa
craft_tarot_03|12x Random Dungeon Key||12x Chave de Masmorra Aleatória|12 случайных ключей от подземелья|12把隨機地下城鑰匙|ランダムダンジョンキー×12|랜덤 던전 열쇠 12개|12 zufällige Dungeon-Schlüssel|12 clés de donjon aléatoires|12 llaves de mazmorra aleatorias|12x Losowy Klucz Lochu Wyzwania
craft_tarot_04|10x Random Material||10x Material Aleatório|10 случайных материалов|10個隨機材料|ランダム素材×10|랜덤 재료 10개|10 zufällige Materialien|10 matériaux aléatoires|10 materiales aleatorios|10x Losowy Materiał
craft_tarot_05|Random Relic Unique Item||Relíquia Única Aleatória|Случайный уникальный предмет-реликвия|遺物相關隨機獨特物品|ランダムレリックユニークアイテム|랜덤 유물 고유 아이템|Zufälliges Relikt|Relique unique aléatoire|Reliquia única aleatoria|Losowy Reliktowy Unikalny Przedmiot
craft_tarot_06|10x Random Tarot Card||10x Carta de Tarô Aleatória|10 случайных карт Таро|10張隨機塔羅牌|ランダムタロットカード×10|랜덤 타로 카드 10장|10 zufällige Tarotkarten|10 cartes de tarot aléatoires|10 cartas de tarot aleatorias|10x Losowa Karta Tarota
craft_tarot_07|8x Random Orb||8x Orbe Aleatório|8 случайных сфер|8個隨機寶球|ランダムオーブ×8|랜덤 오브 8개|8 zufällige Kugeln|8 orbes aléatoires|8 orbes aleatorios|8x Losowy Orb
craft_tarot_08|Random Essence Vault||Cofre de Essência Aleatório|Случайное хранилище эссенции|隨機精華庫|ランダムエッセンスヴォールト|랜덤 정수 보관함|Zufällige Essenzkammer|Coffre d'essence aléatoire|Bóveda de esencia aleatoria|Losowy Skarbiec Esencji
craft_tarot_09|Random Divine Tarot||Tarô Divino Aleatório|Случайное божественное Таро|隨機神聖塔羅牌|ランダムディバインタロット|랜덤 신성 타로 카드|Zufälliges Göttliches Tarot|Tarot divin aléatoire|Tarot divino aleatorio|Losowa Boska Karta Tarota
craft_tarot_10|25x Random Tarot Card||25x Carta de Tarô Aleatória|25 случайных карт Таро|25張隨機塔羅牌|ランダムタロットカード×25|랜덤 타로 카드 25장|25 zufällige Tarotkarten|25 cartes de tarot aléatoires|25 cartas de tarot aleatorias|25x Losowa Karta Tarota
craft_tarot_11|25x Random Tarot Card||25x Carta de Tarô Aleatória|25 случайных карт Таро|25張隨機塔羅牌|ランダムタロットカード×25|랜덤 타로 카드 25장|25 zufällige Tarotkarten|25 cartes de tarot aléatoires|25 cartas de tarot aleatorias|25x Losowa Karta Tarota
craft_tarot_12|Random Pristine Gem||Gema Imaculada Aleatória|Случайный чистый самоцвет|隨機嶄新寶石|ランダムプリスティンジェム|랜덤 순수 보석|Zufälliger makelloser Edelstein|Gemme pure aléatoire|Gema prístina aleatoria|Losowy Doskonały Klejnot
craft_tarot_13|Gypsy's Prophecy||Profecia da Cigana|Пророчество цыганки|吉普賽的預言|ジプシーの予言|집시의 예언|Prophezeiung der Zigeunerin|Prophétie de la gitane|Profecía gitana|Przepowiednia Cyganii
craft_tarot_14|Blacksmith's Mallet||Malho do Ferreiro|Кузнечный молоток|鐵匠之槌|鍛冶屋の槌|대장장이의 망치|Schmiedhammer|Marteau de forgeron|Mazo de herrero|Młotek Kowala
craft_tarot_15|Satanic Dice||Dado Satânico|Сатанинские игральные кости|撒旦骰子|サタンダイス|사탄의 주사위|Satanische Würfel|Dés sataniques|Dados satánicos|Sataniczna Kostka
craft_tarot_16|6x Crystal Key||6x Chave de Cristal|6 хрустальных ключей|6把水晶鑰匙|クリスタルキー×6|수정 열쇠 6개|6 Kristallschlüssel|6 clés de cristal|6 llaves de cristal|6x Kryształowy Klucz
craft_tarot_17|Angelic Key||Chave Angélica |Ангельский ключ |天使鑰匙 |エンジェリックキー |천사의 열쇠 |Engelsschlüssel|Clé angélique |Llave angelical |Anielski Klucz
|||||||||||
craft_tarot_01_desc|Craft a random unique item ranging from D to SS tier.||Crie um item único aleatório de nível D a SS.|Создайте случайный уникальный предмет от D до SS уровня.|製作一件隨機的獨特物品，階級從 D 到 SS。|DからSSランクまでのランダムなユニークアイテムを作成する。|D등급부터 SS등급까지 무작위 유니크 아이템 제작|Stelle einen zufälligen, einzigartigen Gegenstand der Stufe D bis SS her.|Fabriquez un objet unique aléatoire de rang D à SS.|Crea un objeto único aleatorio de nivel D a SS.|Wykuj losowy unikalny przedmiot z zakresu D do SS tier.
craft_tarot_02_desc|Craft a random rune.||Crie uma runa aleatória.|Создайте случайную руну.|製作隨機符文。|ランダムなルーンを作成する。|무작위 룬 제작|Stelle eine zufällige Rune her.|Fabriquez une rune aléatoire.|Crea una runa aleatoria.|Wykuj losową runę.
craft_tarot_03_desc|Craft 12x of a random challenge dungeon key.||Crie 12 chaves de masmorra de desafio aleatórias.|Создайте 12 случайных ключей от подземелья испытаний.|製作 12 把隨機挑戰地下城鑰匙。|ランダムなチャレンジダンジョンキー12個を作成する。|무작위 도전 던전 키 12개 제작|Stelle 12 zufällige Schlüssel für Herausforderungsdungeons her.|Fabriquez 12 clés de donjon de défi aléatoires.|Crea 12 llaves de mazmorra de desafío aleatorias.|Wykuj 12x losowego klucza do lochu wyzwania.
craft_tarot_04_desc|Craft 10x of a random material.||Crie 10 materiais aleatórios.|Создайте 10 случайных материалов.|製作 10 個隨機材料。|ランダムな素材10個を作成する。|무작위 재료 10개 제작|Stelle 10 zufällige Materialien her.|Fabriquez 10 matériaux aléatoires.|Crea 10 materiales aleatorios.|Wykuj 10x losowego materiału.
craft_tarot_05_desc|Craft a random relic buffing unique item.||Crie um item único de aprimoramento de relíquia aleatório.|Создайте случайный уникальный предмет, усиливающий реликвию.|隨機製作一件含遺物buff的獨特物品。|ランダムなレリックでユニークアイテムを強化するものを作成する。|무작위 렐릭 버프 유니크 아이템 제작|Stelle einen zufälligen, einzigartigen Gegenstand mit Reliktverstärkung her.|Fabriquez un objet unique aléatoire améliorant les reliques.|Crea un objeto único de mejora de reliquia aleatorio.|Wykuj losowy reliktowy buffujący unikalny przedmiot.
craft_tarot_06_desc|Craft 10x of a random tarot card.||Crie 10 cartas de tarô aleatórias.|Создайте 10 случайных карт Таро.|製作 10 張隨機塔羅牌。|ランダムなタロットカード10枚を作成する。|무작위 타로 카드 10장 제작|Stelle 10 zufällige Tarotkarten her.|Fabriquez 10 cartes de tarot aléatoires.|Crea 10 cartas del tarot aleatorias.|Wykuj 10x losowej karty tarota.
craft_tarot_07_desc|Craft 8x of a random orb.||Crie 8 orbes aleatórias.|Создайте 8 случайных сфер.|製作 8 個隨機寶球。|ランダムなオーブ8個を作成する。|무작위 오브 8개 제작|Stelle 8 zufällige Kugeln her.|Fabriquez 8 orbes aléatoires.|Crea 8 orbes aleatorios.|Wykuj 8x losowego orba.
craft_tarot_08_desc|Craft a random tier essence vault.||Crie um cofre de essência de nível aleatório.|Создайте хранилище эссенций случайного уровня.|製作 1 個隨機階級的精華庫。|ランダムな階級のエッセンス保管庫を作成する。|무작위 등급 에센스 저장소 제작|Stelle ein zufälliges Essenzgewölbe her.|Fabriquez un coffre d'essence de rang aléatoire.|Crea una bóveda de esencia de nivel aleatorio.|Wykuj losowy skarbiec esencji tier.
craft_tarot_09_desc|Craft a random divine tarot card.||Crie uma carta de tarô divina aleatória.|Создайте случайную божественную карту Таро.|製作 1 張隨機的神聖塔羅牌。|ランダムな神聖なるタロットカードを作成する。|무작위 신성 타로 카드 제작|Stelle eine zufällige göttliche Tarotkarte her.|Fabriquez une carte de tarot divine aléatoire.|Crea una carta del tarot divina aleatoria.|Wykuj losową boską kartę tarota.
craft_tarot_10_desc|Craft 25x of a random tarot card.||Crie 25 cartas de tarô aleatórias.|Создайте 25 случайных карт Таро.|製作 25 張隨機塔羅牌。|ランダムなタロットカード25枚を作成する。|무작위 타로 카드 25장 제작|Stelle 25 zufällige Tarotkarten her.|Fabriquez 25 cartes de tarot aléatoires.|Crea 25 cartas del tarot aleatorias.|Wykuj 25x losowej karty tarota.
craft_tarot_11_desc|Craft 25x of a random tarot card.||Crie 25 cartas de tarô aleatórias.|Создайте 25 случайных карт Таро.|製作 25 張隨機塔羅牌。|ランダムなタロットカード25枚を作成する。|무작위 타로 카드 25장 제작|Stelle 25 zufällige Tarotkarten her.|Fabriquez 25 cartes de tarot aléatoires.|Crea 25 cartas del tarot aleatorias.|Wykuj 25x losowej karty tarota.
craft_tarot_12_desc|Craft a random Pristine Gem||Crie uma Gema Imaculada aleatória.|Создайте случайный безупречный самоцвет.|製作一顆隨機嶄新寶石。|ランダムなプリスティンジェムを1つ作成|순수한 보석을 무작위로 제작하세요|Stelle einen zufälligen, makellosen Edelstein her.|Fabriquez une gemme immaculée aléatoire.|Crea una gema prístina aleatoria.|Wykuj losowy Doskonały Klejnot
craft_tarot_13_desc|Craft a Gypsy's Prophecy||Crie uma Profecia Cigana.|Создайте «Пророчество цыганки».|製作一個吉普賽的預言。|ジプシーの予言を1つ作成|집시의 예언을 제작하세요|Stelle eine Zigeunerprophezeiung her.|Fabriquez une Prophétie de la Gitane.|Crea una profecía gitana.|Wykuj Przepowiednię Cyganii
craft_tarot_14_desc|Craft a Blacksmith's Mallet||Crie um Malho de Ferreiro.|Создайте «Кузнечный молоток».|製作一把鐵匠之槌。|鍛冶屋の木槌を1つ作成|대장장이의 망치를 제작하세요|Stelle einen Schmiedehammer her.|Fabriquez un Maillet de Forgeron.|Crea un mazo de herrero.|Wykuj Młotek Kowala
craft_tarot_15_desc|Craft a Satanic Dice||Crie um Dado Satânico.|Создайте «Сатанинские кости».|製作一個撒旦骰子。|サタンのサイコロを1つ作成|사탄의 주사위를 제작하세요|Stelle einen satanischen Würfel her.|Fabriquez un Dé Satanique.|Crea un dado satánico.|Wykuj Satanicką Kostkę
craft_tarot_16_desc|Craft 6x Crystal Keys||Crie 6 Chaves de Cristal.|Создайте 6 хрустальных ключей.|製作6把水晶鑰匙。|クリスタルキーを6つ作成|수정 열쇠 6개를 제작하세요|Stelle 6 Kristallschlüssel her.|Fabriquez 6 clés de cristal.|Crea 6 llaves de cristal.|Wykuj 6x Kryształowych Kluczy
craft_tarot_17_desc|Craft an Angelic Key||Crie uma Chave Angélica. |Создайте «Ангельский ключ». |製作一把天使鑰匙。 |天使の鍵を1つ作成 |천사의 열쇠를 제작하세요 |Stelle einen Engelsschlüssel her.|Fabriquez une clé angélique. |Crea una llave angelical. |Wykuj Anielski Klucz
|||||||||||
craft_tarot_01_result|Random Unique Item||Item Único Aleatório|Случайный уникальный предмет|隨機獨特物品|ランダムユニークアイテム|무작위 유니크 아이템|Zufälliger einzigartiger Gegenstand|Objet unique aléatoire|Objeto único aleatorio|Losowy Unikalny Przedmiot
craft_tarot_02_result|Random Rune||Runa Aleatória|Случайная руна|隨機符文|ランダムルーン|무작위 룬|Zufällige Rune|Rune aléatoire|Runa aleatoria|Losowa Runa
craft_tarot_03_result|Random Dungeon Key||Chave de Masmorra Aleatória|Случайный ключ от подземелья|隨機地下城鑰匙|ランダムダンジョンキー|무작위 던전 키|Zufälliger Dungeonschlüssel|Clé de donjon aléatoire|Llave de mazmorra aleatoria|Losowy Klucz Lochu
craft_tarot_04_result|Random Material||Material Aleatório|Случайный материал|隨機材料|ランダム素材|무작위 재료|Zufälliges Material|Matériau aléatoire|Material aleatorio|Losowy Materiał
craft_tarot_05_result|Random Relic Unique Item||Relíquia Aleatória|Случайный уникальный предмет-реликвия|隨機獨特遺物物品|ランダムレリックユニークアイテム|무작위 렐릭 유니크 아이템|Zufälliges Relikt (einzigartiger Gegenstand)|Relique unique aléatoire|Reliquia única aleatoria|Losowy Reliktowy Unikalny Przedmiot
craft_tarot_06_result|Random Tarot Card||Carta de Tarô Aleatória|Случайная карта Таро|隨機塔羅牌|ランダムタロットカード|무작위 타로 카드|Zufällige Tarotkarte|Carte de tarot aléatoire|Carta del tarot aleatoria|Losowa Karta Tarota
craft_tarot_07_result|Random Orb||Orbe Aleatório|Случайный шар|隨機寶球|ランダムオーブ|무작위 오브|Zufällige Kugel|Orbe aléatoire|Orbe aleatorio|Losowy Orb
craft_tarot_08_result|Random Essence Vault||Cofre de Essência Aleatório|Случайное хранилище эссенции|隨機精華庫|ランダムエッセンス保管庫|무작위 에센스 보관함|Zufälliger Essenzschatz|Coffre d'essence aléatoire|Bóveda de esencia aleatoria|Losowy Skarbiec Esencji
craft_tarot_09_result|Random Divine Card||Carta Divina Aleatória|Случайная божественная карта|隨機神聖牌|ランダムディバインカード|무작위 신성 카드|Zufällige göttliche Karte|Carte divine aléatoire|Carta divina aleatoria|Losowa Boska Karta
craft_tarot_10_result|Random Tarot Card||Carta de Tarô Aleatória|Случайная карта Таро|隨機塔羅牌|ランダムタロットカード|무작위 타로 카드|Zufällige Tarotkarte|Carte de tarot aléatoire|Carta del tarot aleatoria|Losowa Karta Tarota
craft_tarot_11_result|Random Tarot Card||Carta de Tarô Aleatória|Случайная карта Таро|隨機塔羅牌|ランダムタロットカード|무작위 타로 카드|Zufällige Tarotkarte|Carte de tarot aléatoire|Carta del tarot aleatoria|Losowa Karta Tarota
craft_tarot_12_result|Random Pristine Gem||Gema Imaculada Aleatória|Случайный чистый самоцвет|隨機嶄新寶石|ランダムな純粋な宝石|랜덤으로 뽑은 깨끗한 보석|Zufälliger makelloser Edelstein|Gemme pure aléatoire|Gema prístina aleatoria|Losowy Doskonały Klejnot
craft_tarot_13_result|Gypsy's Prophecy||Profecia da Cigana|Пророчество цыганки|吉普賽的預言|ジプシーの予言|집시의 예언|Prophezeiung der Zigeunerin|Prophétie de la gitane|Profecía gitana|Przepowiednia Cyganii
craft_tarot_14_result|Blacksmith's Mallet||Malho do Ferreiro|Кузнечный молоток|鐵匠之槌|鍛冶屋の木槌|대장장이의 망치|Schmiedhammer|Marteau du forgeron|Mazo de herrero|Młotek Kowala
craft_tarot_15_result|Satanic Dice||Dado Satânico|Сатанинские игральные кости|撒旦骰子|悪魔のサイコロ|사탄의 주사위|Satanische Würfel|Dés sataniques|Dados satánicos|Sataniczna Kostka
craft_tarot_16_result|Crystal Key||Chave de Cristal|Кристаллический ключ|水晶鑰匙|クリスタルの鍵|수정 열쇠|Kristallschlüssel|Clé de cristal|Llave de cristal|Kryształowy Klucz
craft_tarot_17_result|Angelic Key||Chave Angélica |Ангельский ключ |天使鑰匙 |天使の鍵 |천사의 열쇠 |Engelsschlüssel|Clé angélique |Llave angelical |Anielski Klucz
|||||||||||
craft_collectible_tarot_the_divine_moon_result|Random Unholy Item||Item Profano Aleatório|Случайный нечестивый предмет|隨機邪惡物品|ランダムアンホーリーアイテム|무작위 불경한 아이템|Zufälliger unheiliger Gegenstand|Objet impie aléatoire|Objeto profano aleatorio|Losowy Nieświęty Przedmiot
craft_collectible_tarot_the_divine_sun_result|Random Angelic Item||Item Angélico Aleatório|Случайный ангельский предмет|隨機天使物品|ランダムエンジェリックアイテム|무작위 천상의 아이템|Zufälliger Engelsgegenstand|Objet angélique aléatoire|Objeto angelical aleatorio|Losowy Anielski Przedmiot
craft_collectible_tarot_the_divine_failior|Random Tarot Card||Carta de Tarô Aleatória |Случайная карта Таро |隨機塔羅牌 |ランダムタロットカード|무작위 타로 카드|Zufällige Tarotkarte|Carte de tarot aléatoire |Carta del tarot aleatoria |Losowa Karta Tarota
|||||||||||
[Consumables]|||||||||||
consumable_minor_healing_potion|Minor Healing Potion|Pieni parantava juoma|Poção de Cura Menor|Незначительное Целебное Зелье|初級治療藥水(1)|マイナーヒーリングポーション|마이너 힐링 포션|Schwacher Heiltrank|Potion de soin mineure|Poción curativa menor|Mniejsza Mikstura Leczenia
consumable_light_healing_potion|Light Healing Potion|Kevyt parantava juoma|Poção de Cura Leve|Легкое Целебное Зелье|輕型治療藥水(2)|ライトヒーリングポーション|라이트 힐링 포션|Leichter Heiltrank|Potion de soin légère|Poción curativa ligera|Mała Mikstura Leczenia
consumable_healing_potion|Healing Potion|Parantava juoma|Poção de Cura |Целебное Зелье|治療藥水(3)|ヒーリングポーション|힐링 포션|Heiltrank|Potion de soin|Poción curativa |Mikstura Leczenia
consumable_greater_healing_potion|Greater Healing Potion|Suurempi parantava juoma|Poção de Cura Maior|Великое Целебное Зелье|強效治療藥水(4)|グレーターヒーリングポーション|그레이터 힐링 포션|Großer Heiltrank|Potion de soin majeure|Poción de Curación Superior|Większa Mikstura Leczenia
consumable_superior_healing_potion|Superior Healing Potion|Ylivoimainen parantava juoma|Poção de Cura Superior|Превосходное лечебное зелье|高級治療藥水(5)|スーペリアヒーリングポーション|슈페리어 힐링 포션|Überragender Heiltrank|Potion de soin supérieure|Poción de Curación Suprema|Doskonała Mikstura Leczenia
consumable_colossal_healing_potion|Colossal Healing Potion|Colossaali parantava juoma|Poção de Cura Colossal |Колоссальное лечебное зелье |巨型治療藥水(6)|コロッサルヒーリングポーション|콜로셜 힐링 포션|Kolossaler Heiltrank|Potion de soin colossale|Poción de Curación Colosal|Kolosalna Mikstura Leczenia
consumable_minor_mana_potion|Minor Mana Potion|Pieni manajuoma|Poção de Mana Menor|Незначительное Зелье Маны|初級法力藥水(1)|マイナーマナポーション|마이너 마나 포션|Schwacher Manatrank|Potion de mana mineure|Poción de Maná Menor|Mniejsza Mikstura Many
consumable_light_mana_potion|Light Mana Potion|Kevyt manajuoma|Poção de Mana Leve|Зелье Легкой Маны|輕型法力藥水(2)|ライトマナポーション|라이트 마나 포션|Leichter Manatrank|Potion de mana légère|Poción de Maná Ligera|Mała Mikstura Many
consumable_mana_potion|Mana Potion|Mana Potion|Poção de Mana |Зелье Маны|法力藥水(3)|マナポーション|마나 포션|Manatrank|Potion de mana|Poción de Maná|Mikstura Many
consumable_greater_mana_potion|Greater Mana Potion|Suurempi manajuoma|Poção de Mana Maior|Зелье Большей Маны|強效法力藥水(4)|グレーターマナポーション|그레이터 마나 포션|Großer Manatrank|Potion de mana majeure|Poción de Maná Superior|Większa Mikstura Many
consumable_superior_mana_potion|Superior Mana Potion|Superior Mana Potion|Poção de Mana Superior|Превосходное зелье маны|高級法力藥水(5)|スーペリアマナポーション|슈페리어 마나 포션|Überragender Manatrank|Potion de mana supérieure|Poción de Maná Suprema|Doskonała Mikstura Many
consumable_colossal_mana_potion|Colossal Mana Potion|Colossaali manajuoma|Poção de Mana Colossal |Колоссальное зелье маны |巨型法力藥水(6)|コロッサルマナポーション|콜로셜 마나 포션|Kolossaler Manatrank|Potion de mana colossale|Poción de Maná Colosal|Kolosalna Mikstura Many
consumable_rejuvenation_potion|Rejuvenation Potion|Nuorentava juoma|Poção de Rejuvenescimento|Зелье омоложения|活力藥水|リジュビネーションポーション|리주버네이션 포션|Verjüngungstrank|Potion de rajeunissement|Poción de Rejuvenecimiento|Mikstura Odmłodzenia
consumable_full_rejuvenation_potion|Full Rejuvenation Potion|Täysi nuorentava juoma|Poção de Rejuvenescimento Total|Зелье Полного Омоложения|全效活力藥水|フルリジュビネーションポーション|풀 리주버네이션 포션|Voller Verjüngungstrank|Potion de rajeunissement complète|Poción de Rejuvenecimiento Total|Pełna Mikstura Odmłodzenia
consumable_reroll_token|Gambler's Token|Gambler's Token|Token do Apostador|Жетон игрока|賭徒代幣|ギャンブラートークン|갬블러 토큰|Spieler-Token|Jeton du joueur|Ficha de Apostador|Token Hazardzisty
consumable_socket_token|Socketing Token|Socketing Token|Token de Engaste|Вставной Токен|打孔代幣|ソケッティングトークン|소켓 토큰|Sockel-Token|Jeton de sertissage|Ficha de Ranura|Token Socketowania
consumable_edible_pas_logo|Edible PAS Logo|Syötävä PAS-logo|Logo da PAS Comestível|Съедобный Логотип PAS|可食用PAS標誌(綿羊之地)|食べられるPASロゴ|에디블 PAS 로고|Essbares PAS-Logo|Logo PAS comestible|Logo de PAS Comestible|Jadalne Logo PAS
consumable_puzzle_box|Ancient Puzzle|Muinainen palapeli|Quebra-cabeça Antigo|Древняя головоломка|古代谜题|古代のパズル|에인션트 퍼즐|Uraltes Puzzle|Casse-tête antique|Acertijo Ancestral|Pradawna Łamigłówka
consumable_soul_of_hatred|Soul of Hatred|Vihan sielu|Alma do Ódio|Душа ненависти|仇恨之魂|憎悪の魂|소울 오브 헤이트리드|Seele des Hasses|Âme de la haine|Alma del Odio|Dusza Nienawiści
consumable_essence_elixir|Essence Elixir|Essence Elixir|Elixir de Essência|Элексир сущности|精華靈藥|エッセンスエリクサー|에센스 엘릭서|Essenz-Elixier|Élixir d'essence|Elixir de Esencia|Eliksir Esencji
consumable_essence_elixir_devtest|Essence Elixir (TEST)|Essence Elixir (TESTI)|Elixir de Essência (teste)|Элексир сущности (ТЕСТ)|精華靈藥（測試）|エッセンスエリクサー（テスト）|에센스 엘릭서 (TEST)|Essenz-Elixier (TEST)|Élixir d'essence (TEST)|Elixir de Esencia (PRUEBA)|Eliksir Esencji (TEST)
consumable_exp_elixir_devtest|Experience Elixir (TEST)|Experience Elixir (TESTI)|Elixir de Experiência (teste)|Элексир опыта (ТЕСТ)|精華靈藥（測試）|エクスペリエンスエリクサー（テスト）|익스피리언스 엘릭서 (TEST)|Erfahrungs-Elixier (TEST)|Élixir d'expérience (TEST)|Elixir de Experiencia (PRUEBA)|Eliksir Doświadczenia (TEST)
consumable_codex_of_eternity|Eternity Codex|Eternity Codex |Códice da Eternidade |Кодекс вечности |永恆法典 |エタニティコーデックス|이터니티 코덱스|Ewigkeitskodex|Codex d'éternité |Códice de la Eternidad|Kodeks Wieczności
consumable_infernal_codex_of_eternity|Infernal Codex||Códice Infernal|Адский Кодекс|煉獄法典|インフェルナルコーデックス|지옥의 코덱스|Höllenkodex|Codex infernal|Códice Infernal de la Eternidad|Infernalny Kodeks
consumable_soul_of_infernal_hatred|Soul of Infernal Hatred||Alma do Ódio Infernal|Душа Адской Ненависти|煉獄仇恨之魂|インフェルナルヘイトの魂|지옥 증오의 영혼|Seele des höllischen Hasses|Âme de la haine infernale|Alma del Odio Infernal|Dusza Infernalnej Nienawiści
consumable_signet_existence|Signet of Existence||Selo da Existência |Печать Существования |存在印記 |存在の印章 |존재의 인장 |Siegel der Existenz|Sceau de l'existence |Sello de la existencia |Signet Istnienia
consumable_upgrade_infernal_codex_of_eternity|Upgrade Infernal Codex||Aprimorar Códice Infernal |Улучшить Адский кодекс |升級煉獄典籍|インファーナル・コーデックスをアップグレードする |업그레이드 지옥의 코덱스|Infernalen Kodex aufwerten |Améliorer le Codex infernal |Mejorar el Códice Infernal|Ulepsz Piekielny Kodeks
|||||||||||
lore_consumable_puzzle_box|We are the explorers in the further regions of experience. Demons to some, angels to others..|Olemme tutkimusmatkailijoita muillakin kokemusalueilla. Toisille demonit, toisille enkelit..|Nós somos os exploradores nas regiões mais distantes da experiência. Demônios para alguns, anjos para outros...|Мы — исследователи в более дальних областях опыта. Демоны для одних, ангелы для других..|我們是領先這個世界的探險家，對於一些人來說是魔鬼， 而對於另一些人來說則是天使……|我々は経験のさらに奥の領域を探求する者。ある者にとっては悪魔、ある者にとっては天使…|우리는 경험의 더 깊은 지역을 탐험하는 자들. 어떤 이들에게는 악마, 다른 이들에게는 천사..|Wir erforschen die tieferen Bereiche der Erfahrung. Für manche sind wir Dämonen, für andere Engel.|Nous sommes les explorateurs des régions les plus lointaines de l'expérience. Démons pour certains, anges pour d'autres…|Somos los exploradores de las regiones más recónditas de la experiencia. Demonios para algunos, ángeles para otros...|Jesteśmy odkrywcami w dalszych regionach doświadczenia. Demonami dla niektórych, aniołami dla innych..
lore_consumable_soul_of_hatred|Opens a gateway to the Circle of Hatred|Avaa portin Vihan ympyrään|Abre um portal para o Círculo do Ódio|Открывает врата в Круг Ненависти|打開通往仇恨之環的大門  (堕落天使加百列)|憎悪の輪への門を開く。|증오의 원으로 가는 문을 엽니다|Öffnet ein Tor zum Kreis des Hasses.|Ouvre une porte vers le Cercle de la Haine.|Abre un portal al Círculo del Odio.|Otwiera bramę do Kręgu Nienawiści
lore_consumable_essence_elixir|Consume to gain Essence of Incarnation.|Käytä saadaksesi Essence of Inkarnation.|Consuma para ganhar Essência da Incarnação.|Потребляйте, чтобы получить Эссенцию Воплощения.|消耗可獲得化身精華。|消費することで化身のエッセンスを獲得する。|소모하여 인카네이션의 에센스를 얻으세요|Verzehre, um die Essenz der Inkarnation zu erhalten.|À consommer pour obtenir l'Essence d'Incarnation.|Consume para obtener la Esencia de Encarnación.|Spożyj, aby zyskać Esencję Wcielenia.
lore_consumable_essence_elixir_devtest|Nimo scams your Essence|Nimo huijaa Essenceäsi|Nimo rouba a sua Essência|Нимо обманывает вашу Эссенцию|Nimo 騙取你的精華|ニモはあなたのエッセンスを騙し取る。|니모가 당신의 에센스를 속입니다|Nimo raubt deine Essenz.|Nimo escroque votre Essence.|Nimo estafa tu Esencia.|Nimo oszukuje twoją Esencję
lore_consumable_exp_elixir_devtest|Nimo scams your Experience|Nimo huijaa kokemuksesi|Nimo rouba a sua Experiência|Нимо обманывает ваш Опыт|Nimo 騙取你的精華|ニモはあなたの経験を騙し取る。|니모가 당신의 경험치를 속입니다|Nimo raubt deine Erfahrung.|Nimo escroque votre Expérience.|Nimo estafa tu Experiencia.|Nimo oszukuje twoje Doświadczenie
lore_consumable_codex_of_eternity|A sacred codex granting its user the power to modify the essence of time and space..|Pyhä koodi, joka antaa käyttäjälleen vallan muuttaa ajan ja tilan olemusta. |Um códice sagrado que concede ao seu usuário o poder de modificar a essência do tempo e do espaço. |Священный кодекс, дающий своему пользователю силу изменять сущность времени и пространства.. |一本神聖的法典，賦予使用者修改時間和空間本質的能力…… |使用者に時空のエッセンスを改変する力を与える神聖なコーデックス。 |시간과 공간의 본질을 수정할 수 있는 능력을 부여하는 신성한 코덱스..|Ein heiliger Kodex verleiht seinem Benutzer die Macht, die Essenz von Zeit und Raum zu verändern.|Un codex sacré conférant à son utilisateur le pouvoir de modifier l'essence du temps et de l'espace. |Un códice sagrado que otorga a su usuario el poder de modificar la esencia del tiempo y el espacio.|Święty kodeks przyznający użytkownikowi moc modyfikowania esencji czasu i przestrzeni..
lore_consumable_infernal_codex_of_eternity|An infernal codex granting its user the power to modify the essence of time and space..||Um códice infernal que concede ao seu usuário o poder de modificar a essência do tempo e do espaço.|Адский кодекс, дарующий своему владельцу силу изменять сущность времени и пространства…|一本煉獄法典，賦予使用者改變時間和空間本質的力量……|インフェルナルコーデックスは使用者に時間と空間の本質を改変する力を授ける……|사용자에게 시공간의 본질을 조작할 수 있는 힘을 부여하는 지옥의 코덱스..|Ein höllischer Kodex, der seinem Benutzer die Macht verleiht, das Wesen von Zeit und Raum zu verändern.|Un codex infernal conférant à son utilisateur le pouvoir de modifier l'essence du temps et de l'espace…|Un códice infernal que otorga a su usuario el poder de modificar la esencia del tiempo y el espacio.|Infernalny kodeks przyznający użytkownikowi moc modyfikowania esencji czasu i przestrzeni..
lore_consumable_soul_of_infernal_hatred|Opens a gateway to the Infernal Circle of Hatred||Abre um portal para o Círculo Infernal do Ódio.|Открывает врата в Адский Круг Ненависти.|打開通往煉獄仇恨之環的大門  (煉獄堕落天使加百列)|インフェルナルヘイトの円環への扉を開く|지옥 증오의 원으로 가는 관문을 연다|Öffnet ein Tor zum Höllenkreis des Hasses.|Ouvre un portail vers le Cercle Infernal de la Haine|Abre un portal al Círculo Infernal del Odio.|Otwiera bramę do Infernalnego Kręgu Nienawiści
lore_consumable_signet_existence|Key to the Shattered Realm..||Chave para o Reino Fragmentado. |Ключ к Расколотому Царству… |破碎領域的鑰匙……  (毀滅建築師)|崩壊した領域への鍵… |산산이 조각난 영역의 열쇠... |Schlüssel zum Zersplitterten Reich.|Clé du Royaume Brisé… |Llave del Reino Quebrado. |Klucz do Rozbitego Królestwa..
|||||||||||
craft_upgrade_consumable_infernal_codex_of_eternity|Combine three Infernal Codex of Eternity pages and an Infernal Codex of Eternity into a higher tier Infernal Codex of Eternity.||Combine três páginas do Códice Infernal da Eternidade e um Códice Infernal da Eternidade para obter um Códice Infernal da Eternidade de nível superior.|Объедините три страницы Адского кодекса вечности и один Адский кодекс вечности, чтобы получить Адский кодекс вечности более высокого тира.|結合三頁煉獄典籍書頁與一本煉獄法典，合成更高階的永恆煉獄法典。|永劫のインファーナル・コーデックスのページ3枚と永劫のインファーナル・コーデックス1冊を合成し、より上位の階級の永劫のインファーナル・コーデックスを作成する。|영원한 지옥의 코덱스 페이지 3장과 영원한 지옥의 코덱스를 조합하여 더 높은 등급의 영원한 지옥의 코덱스를 제작합니다.|Kombiniere drei Seiten des Infernalen Kodex der Ewigkeit und einen Infernalen Kodex der Ewigkeit zu einem Infernalen Kodex der Ewigkeit einer höheren Stufe.|Combinez trois pages de Codex infernal de l'éternité et un Codex infernal de l'éternité pour créer un Codex infernal de l'éternité de niveau supérieur.|Combina tres páginas del Códice Infernal de la Eternidad y un Códice Infernal de la Eternidad para crear un Códice Infernal de la Eternidad de nivel superior.|Połącz trzy strony Piekielnego Kodeksu Wieczności i jeden Piekielny Kodeks Wieczności, aby wytworzyć Piekielny Kodeks Wieczności wyższego tieru.
craft_consumable_codex_of_eternity|Eternity Codex can be used to turn a zone satanic. You can socket the codex to boost the satanic zone or even create a runeword granting a powerful buff. The satanic zone debuffs are randomized when the codex is consumed.|Eternity Codexia voidaan käyttää vyöhykkeen muuttamiseksi saatanaksi. Voit liittää koodin vahvistaaksesi saatanallista vyöhykettä tai jopa luoda runesanan, joka antaa voimakkaan ihastuksen. Saatanallisen vyöhykkeen debuffit satunnaistetaan, kun koodeksia käytetään.|O Códice da Eternidade pode ser usado para tornar uma zona satânica. Você pode encaixar o códice para fortalecer a zona satânica ou até mesmo criar uma runa que concede um bônus poderoso. Os bônus da zona satânica são aleatórios quando o códice é consumido.|Кодекс Вечности можно использовать, чтобы превратить зону в сатанинскую. Вы можете вставить кодекс, чтобы усилить сатанинскую зону или даже создать рунное слово, дающее мощный бафф. Ослабления сатанинской зоны рандомизируются, когда кодекс используется.|永恆法典可以用來將一個區域變成惡魔區域. 您可以插入法典來增強惡魔區域, 甚至創建一個符文之語來授予強大的增益. 當消耗法典時, 惡魔區域的減益效果是隨機的|エタニティ・コーデックスは、ゾーンをサタニックに変えることができます。コーデックスをソケットに差し込んでサタニックゾーンを強化したり、強力なバフを与えるルーンワードを作成したりできます。サタニックゾーンのデバフは、コーデックスを消費するとランダムに変化します。|이터니티 코덱스는 구역을 사탄으로 변형하는 데 사용할 수 있습니다. 코덱스를 소켓에 장착하여 사탄 구역을 강화하거나, 강력한 버프를 부여하는 룬워드를 생성할 수 있습니다. 코덱스를 소비하면 사탄 구역의 디버프가 랜덤으로 적용됩니다.|Mit dem Eternity Codex lässt sich eine Zone satanisch machen. Du kannst den Codex sockeln, um die satanische Zone zu verstärken, oder sogar ein Runenwort erstellen, das einen mächtigen Buff gewährt. Die Debuffs der satanischen Zone werden zufällig vergeben, wenn der Codex verbraucht wird.|Le Codex d'Éternité peut être utilisé pour transformer une zone en zone satanique. Vous pouvez l'enchâsser pour améliorer la zone satanique ou même créer un mot runique conférant un puissant bonus. Les affaiblissements de la zone satanique sont aléatoires lors de la consommation du Codex.|El Códice de la Eternidad puede usarse para convertir una zona en satánica. Puedes Ranurar el códice para potenciar la zona satánica o incluso crear una palabra rúnica que otorgue una poderosa mejora. Las desventajas de la zona satánica se aleatorizan cuando se consume el códice.|Kodeks Wieczności może być użyty do zamiany strefy na sataniczną. Możesz włożyć kodeks, aby wzmocnić sataniczną strefę lub nawet stworzyć runeword przyznający potężny buff. De buffy satanicznej strefy są losowane, gdy kodeks jest zużyty.
craft_consumable_infernal_codex_of_eternity|Infernal Codex can be used to turn a zone satanic. You can socket the codex to boost the satanic zone or even create a runeword granting a powerful buff. The satanic zone debuffs are randomized when the codex is consumed.||||煉獄法典可以用來將一個區域變成惡魔區域。你可以插入法典來增強惡魔區域，甚至可以創建一個符文之語來提供強大的增益效果。消耗法典時，惡魔區域的減益效果會隨機化|インフェルナル・コーデックスはエリアをサタニック化するために使用できる。コーデックスをソケットに装着することでサタニックエリアを強化したり、強力なバフを付与するルーンワードを作り出すことも可能。コーデックスを消費すると、サタニックエリアのデバフはランダム化される。|인페르날 코덱스는 지역을 사탄화하는 데 사용할 수 있습니다. 코덱스를 장착하여 사탄 지역을 강화하거나, 강력한 버프를 부여하는 룬워드를 생성할 수도 있습니다. 코덱스를 소모하면 사탄 지역의 디버프가 무작위로 변경됩니다.|||Fusiona las almas de los males primarios para obtener acceso al círculo del odio.|Infernalny Kodeks może być użyty do zamiany strefy na sataniczną. Możesz włożyć kodeks, aby wzmocnić sataniczną strefę lub nawet stworzyć runeword przyznający potężny buff. De buffy satanicznej strefy są losowane, gdy kodeks jest zużyty.
craft_consumable_infernal_codex_of_eternity_codex|Sacrifice 5 Codex of Eternities in order to conjure an Infernal Codex of Eternity||Sacrifique 5 Códices da Eternidade para conjurar um Códice Infernal da Eternidade.|Pojadźcie 5 Скрижалей вечности, чтобы призвать Адский кодекс вечности.|獻祭5本永恆煉獄法典以換取一本新的永恆煉獄法典。|5冊の永遠のコーデックスを捧げて、1冊の永劫のインファーナル・コーデックスを召喚する。|영원한 지옥의 코덱스를 소환하기 위해 영원의 코덱스 5개를 바칩니다.|Opfere 5 Kodizes der Ewigkeit, um einen Infernalen Kodex der Ewigkeit zu beschwören.|Sacrifiez 5 Codex de l'éternité afin d'invoquer un Codex infernal de l'éternité.|Sacrifica 5 Códices de la Eternidad para conjurar un Códice Infernal de la Eternidad.|Poświęć 5 Kodeksów Wieczności, aby przyzwać Piekielny Kodeks Wieczności.
craft_consumable_soul_of_hatred|Merge the souls of prime evils to gain access into the circle of hatred.. |Yhdistä tärkeimpien pahojen sielut päästäksesi vihan kehään. |Mescle as almas dos males primários para obter acesso ao círculo do ódio.|Объедините души основных зол, чтобы получить доступ в круг ненависти.. |融合主要邪惡的靈魂, 進入仇恨之環……|プライム・イーヴルの魂を統合して、憎悪の輪への入り口を手に入れましょう。|프라임 이블의 영혼을 합쳐서 증오의 원에 들어갈 수 있습니다..|Verbinde die Seelen der Urübel, um Zugang zum Kreis des Hasses zu erhalten.|Fusionnez les âmes des démons primordiaux pour accéder au cercle de la haine.|Pregúntate qué sucede cuando usas este...|Połącz dusze prime evils, aby uzyskać dostęp do kręgu nienawiści..
craft_consumable_edible_pas_logo|Wonder what happens when you use this one..|Mieti mitä tapahtuu, kun käytät tätä..|Imagine o que acontece quando você usa este...|Интересно, что произойдет, если вы используете это..|想知道當你使用這個時會發生什麼……|これを使うとどうなるか、想像してみてください。|이걸 사용할 때 무엇이 일어날지 궁금하네요..|Was passiert wohl, wenn du diesen Codex verwendest?|Je me demande ce qui se passe avec celui-ci.|Fusiona Pociones de Sanación Menores en una Poción de Sanación Ligera.|Ciekawe, co się stanie, gdy użyjesz tego..
craft_consumable_light_healing_potion|Merge Minor Healing Potions into a Light Healing Potion.|Yhdistä pienet parantavat juomat kevyeksi parantavaksi juomaksi.|Mescle Poções de Cura Menores em uma Poção de Cura Leve.|Объедините малые лечебные зелья в легкое лечебное зелье.|將初級治療藥水合併為輕型治療藥水。|マイナー・ヒーリング・ポーションをライト・ヒーリング・ポーションに統合します。|마이너 힐링 포션을 라이트 힐링 포션으로 합칩니다.|Verbinde kleine Heiltränke zu einem leichten Heiltrank.|Fusionnez des potions de soins mineures en une potion de soins légère.|Fusiona Pociones de Sanación Ligeras en una Poción de Sanación.|Połącz Mniejsze Mikstury Leczenia w Małą Miksturę Leczenia.
craft_consumable_healing_potion|Merge Light Healing Potions into a Healing Potion.|Yhdistä kevyitä parantavia juomia parantavaksi juomaksi.|Mescle Poções de Cura Leve em uma Poção de Cura.|Объедините легкие лечебные зелья в лечебное зелье.|將輕型治療藥水合併為治療藥水。|ライト・ヒーリング・ポーションをヒーリング・ポーションに統合します。|라이트 힐링 포션을 힐링 포션으로 합칩니다.|Verbinde leichte Heiltränke zu einem Heiltrank.|Fusionnez des potions de soins légères en une potion de soins.|Fusiona Pociones de Sanación en una Poción de Sanación Mayor.|Połącz Małe Mikstury Leczenia w Miksturę Leczenia.
craft_consumable_greater_healing_potion|Merge Healing Potions into a Greater Healing Potion.|Yhdistä parantavat juomat suuremmaksi parantavaksi juomaksi.|Mescle Poções de Cura em uma Poção de Cura Maior.|Объедините лечебные зелья в большое лечебное зелье.|將治療藥水合併成強效治療藥水。|ヒーリング・ポーションをグレーター・ヒーリング・ポーションに統合します。|힐링 포션을 그레이터 힐링 포션으로 합칩니다.|Verbinde Heiltränke zu einem großen Heiltrank.|Fusionnez des potions de soins en une potion de soins majeure.|Fusiona Pociones de Maná Menores en una Poción de Maná Ligera.|Połącz Mikstury Leczenia w Większą Miksturę Leczenia.
craft_consumable_light_mana_potion|Merge Minor Mana Potions into a Light Mana Potion.|Yhdistä pienet manajuomat kevyeksi manajuomaksi.|Mescle Poções de Mana Menores em uma Poção de Mana Leve.|Объедините малые зелья маны в легкое зелье маны.|將初級法力藥水合併為輕型法力藥水。|マイナー・マナ・ポーションをライト・マナ・ポーションに統合します。|마이너 마나 포션을 라잍 마나 포션으로 합칩니다.|Verbinde kleine Manatränke zu einem leichten Manatränk.|Fusionnez des potions de mana mineures en une potion de mana légère.|Fusiona Pociones de Maná Ligeras en una Poción de Maná.|Połącz Mniejsze Mikstury Many w Małą Miksturę Many.
craft_consumable_mana_potion|Merge Light Mana Potions into a Mana Potion.|Yhdistä Light Mana Potions Mana Potioniksi.|Mescle Poções de Mana Leve em uma Poção de Mana.|Объедините легкие зелья маны в зелье маны.|將輕質法力藥水合併為法力藥水。|ライト・マナ・ポーションをマナ・ポーションに統合します。|라이트 마나 포션을 마나 포션으로 합칩니다.|Verbinde leichte Manatränke zu einem Manatränk.|Fusionnez des potions de mana légères en une potion de mana.|Fusiona Pociones de Maná en una Poción de Maná Mayor.|Połącz Małe Mikstury Many w Miksturę Many.
craft_consumable_greater_mana_potion|Merge Mana Potions into a Greater Mana Potion.|Yhdistä manajuomet suuremmaksi manajuomaksi.|Mescle Poções de Mana em uma Poção de Mana Maior.|Объедините зелья маны в большое зелье маны.|將法力藥水合併為強效法力藥水。|マナ・ポーションをグレーター・マナ・ポーションに統合します。|마나 포션을 그레이터 마나 포션으로 합칩니다.|Verbinde Manatränke zu einem großen Manatränk.|Fusionnez des potions de mana en une potion de mana majeure.|Fusiona Pociones de Rejuvenecimiento en una Poción de Rejuvenecimiento Completo.|Połącz Mikstury Many w Większą Miksturę Many.
craft_consumable_full_rejuvenation_potion|Merge Rejuvenation Potions into a Full Rejuvenation Potion.|Yhdistä nuorentavat juomat täydelliseksi nuorentavaksi juomaksi. |Mescle Poções de Rejuvenescimento em uma Poção de Rejuvenescimento Completo. |Объедините зелья омоложения в полное зелье омоложения. |將回春藥水合併為完全回春藥水。 |リジュビネーション・ポーションをフル・リジュビネーション・ポーションに統合します。 |리주버네이션 포션을 풀 리주버네이션 포션으로 합칩니다.|Verbinde Verjüngungstränke zu einem vollständigen Verjüngungstrank.|Fusionnez des potions de rajeunissement en une potion de rajeunissement complète. |Fusiona las almas infernales de los males primarios para obtener acceso al círculo del odio.|Połącz Mikstury Odmłodzenia w Pełną Miksturę Odmłodzenia.
craft_consumable_soul_of_infernal_hatred |Merge the infernal souls of prime evils to gain access into the circle of hatred.. ||Funda as almas infernais dos males supremos para obter acesso ao círculo do ódio.|Объедините адские души первородного зла, чтобы получить доступ в круг ненависти…|融合邪惡的煉獄靈魂，進入仇恨之環……|プライムイーヴルズのインフェルナルソウルを合成して、ヘイトの円環へのアクセス権を得よ..|주요 악마들의 지옥의 영혼을 합쳐 증오의 원에 접근하라..|Vereinige die infernalischen Seelen der Urübel, um Zugang zum Kreis des Hasses zu erlangen.|Fusionnez les âmes infernales des démons primordiaux pour accéder au cercle de la haine.|Fusiona las almas infernales de los males primordiales para acceder al círculo del odio.|Połącz infernalne dusze prime evils, aby uzyskać dostęp do kręgu nienawiści..
craft_consumable_signet_existence|Craft the signet of existence to gain access into the Shattered Realm..||Crie o selo da existência para obter acesso ao Reino Fragmentado. |Создайте печать существования, чтобы получить доступ в Расколотое Царство… |打造存在印記，即可進入破碎領域…… |存在の印章を創造し、砕かれた領域への扉を開け。 |존재의 인장을 제작하여 산산이 조각난 영역에 접근하라. |Schaffe das Siegel der Existenz, um Zugang zum Zersplitterten Reich zu erhalten.|Forgez le sceau de l'existence pour accéder au Royaume Brisé. |Crea el sello de la existencia para acceder al Reino Quebrado. |Wykuj signet istnienia, aby uzyskać dostęp do Rozbitego Królestwa..
|||||||||||
[Flasks]|||||||||||
flask_lesser_flask_life|Lesser Life Potion|Lesser Life Flask|Poção da Vida Pequena|Малое зелье жизни|低級生命瓶(1)|下級ライフフラスコ|레서 라이프 플라스크|Kleiner Lebenstrank|Petite potion de vie|Poción de Vida Menor|Mniejsza Mikstura Życia
flask_minor_flask_life|Minor Life Potion|Pieni elämäpullo|Poção da Vida Menor|Малое зелье жизни|初級生命瓶(2)|小型ライフフラスコ|마이너 라이프 플라스크|Geringer Lebenstrank|Potion de vie mineure|Poción de Vida Menor|Mała Mikstura Życia
flask_flask_life|Life Potion|Elämän pullo|Poção da Vida|Зелье жизни|生命瓶(3)|ライフフラスコ|라이프 플라스크|Lebenstrank|Potion de vie|Poción de Vida|Mikstura Życia
flask_large_flask_life|Large Life Potion|Suuri Life Pullo|Poção da Vida Grande|Большое зелье жизни|大型生命瓶(4)|大型ライフフラスコ|라지 라이프 플라스크|Großer Lebenstrank|Potion de vie massive |Poción de Vida Masiva|Duża Mikstura Życia
flask_greater_flask_life|Greater Life Potion|Suuren elämän pullo|Poção da Vida Maior|Увеличенное зелье жизни|強效生命瓶(5)|上級ライフフラスコ|그레이터 라이프 플라스크|Mächtiger Lebenstrank|Grande potion de vie|Poción de Vida Mayor|Większa Mikstura Życia
flask_superior_flask_life|Superior Life Potion|Superior Life Flask|Poção da Vida Superior|Превосходное зелье жизни|高級生命瓶(6)|優良ライフフラスコ|슈페리어 라이프 플라스크|Überlegener Lebenstrank|Potion de vie supérieure|Poción de Vida Superior|Doskonała Mikstura Życia
flask_colossal_flask_life|Colossal Life Potion|Colossal Life Flask|Poção da Vida Colossal|Колоссальное зелье жизни|巨型生命瓶(7)|巨大ライフフラスコ|콜로셜 라이프 플라스크|Kolossaler Lebenstrank|Potion de vie colossale |Poción de Vida Colosal|Kolosalna Mikstura Życia
flask_eternal_flask_life|Eternal Life Potion||Poção da Vida Eterna|Зелье вечной жизни|永恆生命瓶(8)|永遠のライフフラスコ|이터널 라이프 플라스크|Ewiger Lebenstrank|Potion de vie éternelle |Poción de Vida Eterna|Wieczna Mikstura Życia
flask_lesser_flask_mana|Lesser Mana Potion|Pieni manapullo|Poção de Mana Pequena|Малое зелье маны|低級法力瓶(1)|下級マナフラスコ|레서 마나 플라스크|Kleiner Manatrank|Petite potion de mana|Poción de Maná Menor|Mniejsza Mikstura Many
flask_minor_flask_mana|Minor Mana Potion|Pieni manapullo|Poção de Mana Menor|Малое зелье маны|初級法力瓶(2)|小型マナフラスコ|마이너 마나 플라스크|Geringer Manatrank|Potion de mana mineure|Poción de Maná Menor|Mała Mikstura Many
flask_flask_mana|Mana Potion|Mana pullo|Poção de Mana|Зелье маны|法力瓶(3)|マナフラスコ|마나 플라스크|Manatrank|Potion de mana|Poción de Maná|Mikstura Many
flask_large_flask_mana|Large Mana Potion|Iso manapullo|Poção de Mana Grande|Большое зелье маны|大型法力瓶(4)|大型マナフラスコ|라지 마나 플라스크|Großer Manatrank|Potion de mana massive |Poción de Maná Masiva|Duża Mikstura Many
flask_greater_flask_mana|Greater Mana Potion|Suurmanapullo|Poção de Mana Maior|Увеличенное зелье маны|強效法力瓶(5)|上級マナフラスコ|그레이터 마나 플라스크|Mächtiger Manatrank|Grande potion de mana|Poción de Maná Mayor|Większa Mikstura Many
flask_superior_flask_mana|Superior Mana Potion|Superior manapullo|Poção de Mana Superior|Превосходное зелье маны|高級法力瓶(6)|優良マナフラスコ|슈페리어 마나 플라스크|Überlegener Manatrank|Potion de mana supérieure|Poción de Maná Superior|Doskonała Mikstura Many
flask_colossal_flask_mana|Colossal Mana Potion|Kolossaali manapullo |Poção de Mana Colossal|Колоссальное зелье маны|巨型法力瓶(7)|巨大マナフラスコ|콜로셜 마나 플라스크|Kolossaler Manatrank|Potion de mana colossale|Poción de Maná Colosal|Kolosalna Mikstura Many
flask_eternal_flask_mana|Eternal Mana Potion||Poção de Mana Eterna |Зелье вечной маны |永恆法力瓶(8) |永遠のマナフラスコ|이터널 마나 플라스크|Ewiger Manatrank|Potion de mana éternelle |Poción de Maná Eterna |Wieczna Mikstura Many
|||||||||||
[Socketables]|||||||||||
socketable_rune|Rune||Runa |Руна |符文 |ルーン|룬|Rune|Rune |Runa|Runa
socketable_el_rune|Ol|Ol|Ol|Ol|1#Ol|Ol|Ol|Ol|Ol|Ol|Ol
socketable_eld_rune|Old|Old|Old|Old|2#Old|Old|Old|Old|Old|Eld|Old
socketable_tir_rune|Tor|Tor|Tor|Tor|3#Tor|Tor|Tor|Tor|Tor|Tir|Tor
socketable_nef_rune|Naf|Naf|Naf|Naf|4#Naf|Naf|Naf|Naf|Naf|Nef|Naf
socketable_eth_rune|Eth|Eth|Eth|Eth|5#Eth|Eth|Eth|Eth|Eth|Eth|Eth
socketable_ith_rune|Uth|Uth|Uth|Uth|6#Uth|Uth|Uth|Uth|Uth|Ith|Uth
socketable_tal_rune|Tul|Tul|Tul|Tul|7#Tul|Tul|Tul|Tul|Tul|Tal|Tul
socketable_ral_rune|Rex|Rex|Rex|Rex|8#Rex|Rex|Rex|Rex|Rex|Ral|Rex
socketable_ort_rune|Ert|Ert|Ert|Ert|9#Ert|Ert|Ert|Ert|Ert|Ort|Ert
socketable_thul_rune|Thal|Thal|Thal|Thal|10#Thal|Thal|Thal|Thal|Thal|Thul|Thal
socketable_amn_rune|Ymn|Ymn|Ymn|Ymn|11#Ymn|Ymn|Ymn|Ymn|Ymn|Amn|Ymn
socketable_sol_rune|Sal|Sal|Sal|Sal|12#Sal|Sal|Sal|Sal|Sal|Sol|Sal
socketable_shael_rune|Nut|Nut|Nut|Nut|13#Nut|Nut|Nut|Nut|Nut|Shael|Nut
socketable_dol_rune|Del|Del|Del|Del|14#Del|Del|Del|Del|Del|Dol|Del
socketable_hel_rune|Hel|Hel|Hel|Hel|15#Hel|Hel|Hel|Hel|Hel|Hel|Hel
socketable_io_rune|Io|Io|Io|Io|16#Io|Io|Io|Io|Io|Io|Io
socketable_lum_rune|Lum|Lum|Lum|Lum|17#Lum|Lum|Lum|Lum|Lum|Lum|Lum
socketable_ko_rune|Co|Co|Co|Co|18#Co|Co|Co|Co|Co|Ko|Co
socketable_fal_rune|Fel|Fel|Fel|Fel|19#Fel|Fel|Fel|Fel|Fel|Fal|Fel
socketable_lem_rune|Lem|Lem|Lem|Lem|20#Lem|Lem|Lem|Lem|Lem|Lem|Lem
socketable_pul_rune|Pul|Pul|Pul|Pul|21#Pul|Pul|Pul|Pul|Pul|Pul|Pul
socketable_um_rune|Um|Um|Um|Um|22#Um|Um|Um|Um|Um|Um|Um
socketable_mal_rune|Mal|Mal|Mal|Mal|23#Mal|Mal|Mal|Mal|Mal|Mal|Mal
socketable_ist_rune|Ist|Ist|Ist|Ist|24#Ist|Ist|Ist|Ist|Ist|Ist|Ist
socketable_gul_rune|Gul|Gul|Gul|Gul|25#Gul|Gul|Gul|Gul|Gul|Gul|Gul
socketable_vex_rune|Vex|Vex|Vex|Vex|26#Vex|Vex|Vex|Vex|Vex|Vex|Vex
socketable_ohm_rune|Qi|Qi|Qi|Qi|27#Qi|Qi|Qi|Qi|Qi|Ohm|Qi
socketable_lo_rune|Xo|Xo|Xo|Xo|28#Xo|Xo|Xo|Xo|Xo|Lo|Xo
socketable_sur_rune|Sur|Sur|Sur|Sur|29#Sur|Sur|Sur|Sur|Sur|Sur|Sur
socketable_ber_rune|Ber|Ber|Ber|Ber|30#Ber|Ber|Ber|Ber|Ber|Ber|Ber
socketable_jah_rune|Jah|Jah|Jah|Jah|31#Jah|Jah|Jah|Jah|Jah|Jah|Jah
socketable_cham_rune|Drax|Drax|Drax|Drax|32#Drax|Drax|Drax|Drax|Drax|Cham|Drax
socketable_zod_rune|Zed|Zed|Zed|Zed|33#Zed|Zed|Zed|Zed|Zed|Zod|Zed
socketable_fawn_rune|Fawn|Fawn|Fawn|Fawn|34#Fawn|Fawn|Fawn|Fawn|Fawn|Fawn|Fawn
socketable_flo_rune|Flo|Flo|Flo|Flo|35#Flo|Flo|Flo|Flo|Flo|Flo|Flo
socketable_nju_rune|Nju|Nju|Nju|Nju|36#Nju|Nju|Nju|Nju|Nju|Nju|Nju
socketable_jol_rune|Jol|Jol|Jol|Jol|37#Jol|Jol|Jol|Jol|Jol|Jol|Jol
socketable_sus_rune|Sus|Sus|Sus|Sus|38#Sus|Sus|Sus|Sus|Sus|Sus|Sus
socketable_kek_rune|Kek|Kek|Kek|Kek|39#Kek|Kek|Kek|Kek|Kek|Kek|Kek
socketable_jord_rune|Jord|Jord|Jord|Jord|40#Jord|Jord|Jord|Jord|Jord|Jord|Jord
socketable_chipped_diamond|Chipped Diamond||Diamante lascado|Бриллиант с сколом|(1)碎裂鑽石|欠けたアメジスト|깨진 다이아몬드 (Chipped Diamond)|Abgebrocherner Diamant|Diamant ébréché|Diamante Astillado|Uszkodzony Diament
socketable_flawed_diamond|Flawed Diamond||Diamante com imperfeições|Бриллиант с дефектом|(2)瑕疵鑽石|欠陥のあるアメジスト|흠이 있는 다이아몬드 (Flawed Diamond)|Fehlerhafter Diamant|Diamant imparfait|Diamante Defectuoso|Uszkodzony Diament
socketable_diamond|Diamond||Diamante|Бриллиант|(3)鑽石|アメジスト|다이아몬드 (Diamond)|Diamant|Diamant|Diamante|Diament
socketable_flawless_diamond|Flawless Diamond||Diamante impecável|Безупречный бриллиант|(4)無暇鑽石|完璧なアメジスト|완벽한 다이아몬드 (Flawless Diamond)|Fehlerloser Diamant|Diamant sans défaut|Diamante Impecable|Doskonały Diament
socketable_perfect_diamond|Perfect Diamond||Diamante perfeito|Идеальный бриллиант|(5)完美鑽石|完璧なアメジスト|퍼펙트 다이아몬드 (Perfect Diamond)|Perfekter Diamant|Diamant parfait|Diamante Perfecto|Perfekcyjny Diament
socketable_pristine_diamond|Pristine Diamond||Diamante imaculado |Первозданный бриллиант |(6)嶄新鑽石 |純粋なアメジスト|순수한 다이아몬드 (Pristine Diamond)|Unbeschädigter Diamant|Diamant pur |Diamante Inmaculado|Doskonały Diament
socketable_chipped_amethyst|Chipped Amethyst||Ametista Lascada|Сколотый Аметист|(1)碎裂紫水晶|欠けたエメラルド|깨진 자수정 (Chipped Amethyst)|Abgebrochener Amethyst|Améthyste taillée|Amatista Astillada|Uszkodzony Ametyst
socketable_flawed_amethyst|Flawed Amethyst||Ametista Defeituosa|Ущербный Аметист|(2)瑕疵紫水晶|欠陥のあるエメラルド|흠이 있는 자수정 (Flawed Amethyst)|Fehlerhafter Amethyst|Améthyste fissurée|Amatista Defectuosa|Uszkodzony Ametyst
socketable_amethyst|Amethyst||Ametista |Аметист|(3)紫水晶|エメラルド|자수정 (Amethyst)|Amethyst|Améthyste|Amatista|Ametyst
socketable_flawless_amethyst|Flawless Amethyst||Ametista Impecável|Безупречный Аметист|(4)無暇紫水晶|完璧なエメラルド|완벽한 자수정 (Flawless Amethyst)|Fehlerloser Amethyst|Améthyste sans défaut|Amatista Impecable|Doskonały Ametyst
socketable_perfect_amethyst|Perfect Amethyst||Ametista Perfeita|Идеальный Аметист|(5)完美紫水晶|完璧なエメラルド|퍼펙트 자수정 (Perfect Amethyst)|Perfekter Amethyst|Améthyste pure|Amatista Perfecta|Perfekcyjny Ametyst
socketable_pristine_amethyst|Pristine Amethyst||Ametista Primordial|Первозданный Аметист|(6)嶄新紫水晶|純粋なエメラルド|순수한 자수정 (Pristine Amethyst)|Makelloser Amethyst|Améthyste parfaite|Amatista Inmaculada|Doskonały Ametyst
socketable_chipped_emerald|Chipped Emerald||Esmeralda Lascada|Колотый Изумруд|(1)碎裂綠寶石|欠けたルビー|깨진 에메랄드 (Chipped Emerald)|Abgebrochener Smaragd|Émeraude taillée|Esmeralda Astillada|Uszkodzony Szmaragd
socketable_flawed_emerald|Flawed Emerald||Esmeralda Defeituosa|Ущербный Изумруд|(2)瑕疵綠寶石|欠陥のあるルビー|흠이 있는 에메랄드 (Flawed Emerald)|Fehlerhafter Smaragd|Émeraude fissurée|Esmeralda Defectuosa|Uszkodzony Szmaragd
socketable_emerald|Emerald||Esmeralda |Изумруд|(3)綠寶石|ルビー|에메랄드 (Emerald)|Smaragd|Émeraude |Esmeralda|Szmaragd
socketable_flawless_emerald|Flawless Emerald||Esmeralda Impecável|Безупречный Изумруд|(4)無暇綠寶石|完璧なルビー|완벽한 에메랄드 (Flawless Emerald)|Fehlerloser Smaragd|Émeraude sans défaut|Esmeralda Impecable|Doskonały Szmaragd
socketable_perfect_emerald|Perfect Emerald||Esmeralda Perfeita|Идеальный Изумруд|(5)完美綠寶石|完璧なルビー|퍼펙트 에메랄드 (Perfect Emerald)|Perfekter Smaragd|Émeraude pure|Esmeralda Perfecta|Perfekcyjny Szmaragd
socketable_pristine_emerald|Pristine Emerald||Esmeralda Primordial|Первозданный Изумруд|(6)嶄新綠寶石|純粋なルビー|순수한 에메랄드 (Pristine Emerald)|Makelloser Smaragd|Émeraude parfaite|Esmeralda Inmaculada|Doskonały Szmaragd
socketable_chipped_ruby|Chipped Ruby||Rubi Lascado|Расколотый Рубин|(1)碎裂紅寶石|欠けたサファイア|깨진 루비 (Chipped Ruby)|Abgebrochener Rubin|Rubis taillé|Rubí Astillado|Uszkodzony Rubin
socketable_flawed_ruby|Flawed Ruby||Rubi Defeituoso|Ущербный Рубин|(2)瑕疵紅寶石|欠陥のあるサファイア|흠이 있는 루비 (Flawed Ruby)|Fehlerhafter Rubin|Rubis fissuré|Rubí Defectuoso|Uszkodzony Rubin
socketable_ruby|Ruby||Rubi |Рубин|(3)紅寶石|サファイア|루비 (Ruby)|Rubin|Rubis|Rubí|Rubin
socketable_flawless_ruby|Flawless Ruby||Rubi Impecável|Безупречный Рубин|(4)無暇紅寶石|完璧なサファイア|완벽한 루비 (Flawless Ruby)|Fehlerloser Rubin|Rubis sans défaut|Rubí Impecable|Doskonały Rubin
socketable_perfect_ruby|Perfect Ruby||Rubi Perfeito|Идеальный Рубин|(5)完美紅寶石|完璧なサファイア|퍼펙트 루비 (Perfect Ruby)|Perfekter Rubin|Rubis pur|Rubí Perfecto|Perfekcyjny Rubin
socketable_pristine_ruby|Pristine Ruby||Rubi Primordial|Первозданный Рубин|(6)嶄新紅寶石|純粋なサファイア|순수한 루비 (Pristine Ruby)|Makelloser Rubin|Rubis parfait|Rubí Inmaculado|Doskonały Rubin
socketable_chipped_sapphire|Chipped Sapphire||Safira Lascada|Сколотый Сапфир|(1)碎裂藍寶石|欠けた頭蓋骨|깨진 사파이어 (Chipped Sapphire)|Abgebrochener Saphir|Saphir taillé|Zafiro Astillado|Uszkodzony Szafir
socketable_flawed_sapphire|Flawed Sapphire||Safira Defeituosa|Ущербный Сапфир|(2)瑕疵藍寶石|欠陥のある頭蓋骨|흠이 있는 사파이어 (Flawed Sapphire)|Fehlerhafter Saphir|Saphir fissuré|Zafiro Defectuoso|Uszkodzony Szafir
socketable_sapphire|Sapphire||Safira |Сапфир|(3)藍寶石|頭蓋骨|사파이어 (Sapphire)|Saphir|Saphir |Zafiro|Szafir
socketable_flawless_sapphire|Flawless Sapphire||Safira Impecável|Безупречный Сапфир|(4)無暇藍寶石|欠陥のない頭蓋骨|완벽한 사파이어 (Flawless Sapphire)|Fehlerloser Saphir|Saphir sans défaut|Zafiro Impecable|Doskonały Szafir
socketable_perfect_sapphire|Perfect Sapphire||Safira Perfeita|Идеальный Сапфир|(5)完美藍寶石|完璧な頭蓋骨|퍼펙트 사파이어 (Perfect Sapphire)|Perfekter Saphir|Saphir pur|Zafiro Perfecto|Perfekcyjny Szafir
socketable_pristine_sapphire|Pristine Sapphire||Safira Primordial|Первозданный Сапфир|(6)嶄新藍寶石|純粋な頭蓋骨|순수한 사파이어 (Pristine Sapphire)|Makelloser Saphir|Saphir parfait|Zafiro Inmaculado|Doskonały Szafir
socketable_chipped_skull|Chipped Skull||Caveira Lascada|Расколотый Череп|(1)碎裂頭骨|欠けたトパーズ|깨진 해골 (Chipped Skull)|Abgebrochener Schädel|Crâne taillé|Calavera Astillada|Uszkodzona Czaszka
socketable_flawed_skull|Flawed Skull||Caveira Defeituosa|Дефектный Череп|(2)瑕疵頭骨|欠陥のあるトパーズ|흠이 있는 해골 (Flawed Skull)|Fehlerhafter Schädel|Crâne fissuré|Calavera Defectuosa|Uszkodzona Czaszka
socketable_skull|Skull||Caveira |Череп|(3)頭骨|トパーズ|해골 (Skull)|Totenkopf|Crâne |Calavera|Czaszka
socketable_flawless_skull|Flawless Skull||Caveira Impecável|Безупречный Череп|(4)無暇頭骨|完璧なトパーズ|완벽한 해골 (Flawless Skull)|Fehlerloser Schädel|Crâne sans défaut|Calavera Impecable|Doskonała Czaszka
socketable_perfect_skull|Perfect Skull||Caveira Perfeita|Идеальный Череп|(5)完美頭骨|完璧なトパーズ|퍼펙트 해골 (Perfect Skull)|Perfekter Schädel|Crâne pur|Calavera Perfecta|Perfekcyjna Czaszka
socketable_pristine_skull|Pristine Skull||Caveira Primordial|Первозданный Череп|(6)嶄新頭骨|純粋なトパーズ|순수한 해골 (Pristine Skull)|Makelloser Schädel|Crâne parfait|Calavera Inmaculada|Doskonała Czaszka
socketable_chipped_topaz|Chipped Topaz||Topázio Lascado|Сколотый Топаз|(1)碎裂黃寶石||グラーグのソウルジェム|깨진 황옥 (Chipped Topaz)|Abgebrochener Topas|Topaze taillée|Topacio Astillado|Uszkodzony Topaz
socketable_flawed_topaz|Flawed Topaz||Topázio Defeituoso|Ущербный Топаз|(2)瑕疵黃寶石|死のソウルジェム|흠이 있는 황옥 (Flawed Topaz)|Fehlerhafter Topas|Topaze fissurée|Topacio Defectuoso|Uszkodzony Topaz
socketable_topaz|Topaz||Topázio |Топаз|(3)黃寶石|アヌビスのソウルジェム|황옥 (Topaz)|Topas|Topaze |Topacio|Topaz
socketable_flawless_topaz|Flawless Topaz||Topázio Impecável|Безупречный Топаз|(4)無暇黃寶石||ダミアンのソウルジェム|완벽한 황옥 (Flawless Topaz)|Fehlerloser Topas|Topaze sans défaut|Topacio Impecable|Doskonały Topaz
socketable_perfect_topaz|Perfect Topaz||Topázio Perfeito|Идеальный Топаз|(5)完美黃寶石|カープキングのソウルジェム|퍼펙트 황옥 (Perfect Topaz)|Perfekter Topas|Topaze pure|Topacio Perfecto|Perfekcyjny Topaz
socketable_pristine_topaz|Pristine Topaz||Topázio Primordial|Первозданный Топаз|(6)嶄新黃寶石|サタンのソウルジェム|순수한 황옥 (Pristine Topaz)|Makelloser Topas|Topaze parfaite|Topacio Inmaculado|Doskonały Topaz
socketable_gem_gurag|Gurag's Soulgem|Gurag's Soulgem|Pedra da Alma de Gurag|Сокровище души Гурага|古拉格靈魂寶石|メビウスのソウルジェム|구라그의 영혼젬 (Gurag's Soulgem)|Gurags Seelenstein|Pierre d'âme de Gurag|Gema de Alma de Gurag|Soulgem Guraga
socketable_gem_reaper|Death's Soulgem|Death's Soulgem|Pedra da Alma da Morte|Камень души Смерти|死神靈魂寶石|オーディンのソウルジェム|사신의 영혼젬 (Death's Soulgem)|Todes-Seelenstein|Pierre d'âme de la Mort|Gema de Alma de la Muerte|Soulgem Śmierci
socketable_gem_anubis|Anubis' Soulgem|Anubis' Soulgem|Pedra da Alma de Anubis|Сокровище души Анубиса|阿努比斯靈魂寶石|エンジェリックジェム|아누비스의 영혼젬 (Anubis' Soulgem)|Anubis' Seelenstein|Pierre d'âme d'Anubis|Gema de Alma de Anubis|Soulgem Anubisa
socketable_gem_damien|Damien's Soulgem|Damien's Soulgem|Pedra da Alma de Damien|Сокровище души Дэмиена|達米安靈魂寶石|カオスジェム|데미언의 영혼젬 (Damien's Soulgem)|Damiens Seelenstein|Pierre d'âme de Damien|Gema de Alma de Damien|Soulgem Damiena
socketable_gem_karp|Karp King's Soulgem|Karp King's Soulgem|Pedra da Alma da Carpa|Камень души Карпа Кинга|卡普國王靈魂寶石|エレメンタルジェム|카프 킹의 영혼젬 (Karp King's Soulgem)|Seelenstein des Karpkönigs|Pierre d'âme du roi Carpe|Gema de Alma del Rey Carpa|Soulgem Króla Karpa
socketable_gem_satan|Satan's Soulgem|Satan's Soulgem|Pedra da Alma de Satã|Камень души сатаны|撒旦靈魂寶石|ムーンストーンジェム|사탄의 영혼젬 (Satan's Soulgem)|Seelenstein des Satans|Pierre d'âme de Satan|Gema de Alma de Satán|Soulgem Satana
socketable_gem_mevius|Mevius' Soulgem|Mevius' Soulgem|Pedra da Alma de Mevius|Сокровище души Мевиуса|梅維烏斯靈魂寶石|エグザンジュエル|뫼비우스의 영혼젬 (Mevius' Soulgem)|Seelenstein des Mevius|Pierre d'âme de Mevius|Gema de Alma de Mevius|Soulgem Meviusa
socketable_gem_odin|Odin's Soulgem|Odin's Soulgem|Pedra da Alma de Odin|Сокровище души Одина|奧丁靈魂寶石|ウィルデンジュエル|오딘의 영혼젬 (Odin's Soulgem)|Seelenstein des Odins|Pierre d'âme d'Odin|Gema de Alma de Odín|Soulgem Odina
socketable_gem_cthulhu|Cthulhu's Soulgem||||克蘇魯的靈魂寶石||크툴루의 영혼젬|||Gema de Alma de Cthulhu|
socketable_gem_angelic|Angelic Gem||Gema Angelical|Ангельский Драгоценный Камень|天使寶石|ボルコンジュエル|천사의 젬 (Angelic Gem)|Engelsjuwel|Gemme angélique|Gema Angelical|Anielski Klejnot
socketable_gem_chaos|Chaos Gem||Gema do Caos|Драгоценный Камень Хаоса|混亂寶石|エーテルジュエル|혼돈의 젬 (Chaos Gem)|Chaosjuwel|Gemme chaotique|Gema del Caos|Klejnot Chaosu
socketable_gem_elemental|Elemental Gem||Gema Elemental|Элементарный Драгоценный Камень|元素寶石|ヘルモンジュエル|원소의 젬 (Elemental Gem)|Elementarjuwel|Gemme élémentaire|Gema Elemental|Żywiołowy Klejnot
socketable_gem_moonstone|Moonstone Gem||Gema da Pedra da Lua|Драгоценный камень из Лунного Камня|月亮寶石|マリアンヌジュエル|문스톤 젬 (Moonstone Gem)|Mondsteinjuwel|Pierre de lune|Gema de Piedra Lunar|Klejnot Kamienia Księżycowego
socketable_gem_of_incarnation|Gem of Incarnation||Gema da Encarnação|Cамоцвет воплощения|化身寶石|化身のジェム|인카네이션의 젬|Edelstein der Inkarnation|Gemme d'incarnation|Gema de la Encarnación|Klejnot Wcielenia
socketable_jewel_exan|Exan Jewel||Gema de Exan|Драгоценный Камень Exan|埃克桑珠寶|ライコンジュエル|엑산 쥬얼 (Exan Jewel)|Exan-Juwel|Joyau Exan|Joya de Exan|Exan Jewel
socketable_jewel_wilrden|Wilrden Jewel||Gema de Wirlden|Драгоценный Камень Уилрдена|威爾頓珠寶|ファイアリゼンジュエル|윌든 쥬얼 (Wilrden Jewel)|Wilden-Juwel|Joyau Wilrden|Joya de Wilrden|Wilrden Jewel
socketable_jewel_volcon|Volcon Jewel||Gema de Volcon|Драгоценный Камень Вулкана|沃爾康珠寶|ラピスラズリジュエル|볼콘 쥬얼 (Volcon Jewel)|Vulkan-Juwel|Joyau Volcon|Joya de Volcon|Volcon Jewel
socketable_jewel_aether|Aether Jewel||Gema de Aether|Эфирный Драгоценный Камень|乙太珠寶|オムニパールジュエル|에테르 쥬얼 (Aether Jewel)|Äther-Juwel|Joyau d'Ether|Joya de Éter|Aether Jewel
socketable_jewel_helmon|Helmon Jewel||Gema de Helmon|Драгоценный Камень Хелмона|赫爾蒙珠寶|アガテウムジュエル|헬몬 쥬얼 (Helmon Jewel)|Helmon-Juwel|Joyau Helmon|Joya de Helmon|Helmon Jewel
socketable_jewel_mariane|Mariane Jewel||Gema de Mariane|Марианна Джуэл|瑪麗安珠寶|トラマルジュエル|마리안 쥬얼 (Mariane Jewel)|Marianen-Juwel|Joyau Mariane|Joya de Mariane|Mariane Jewel
socketable_jewel_lyrcon|Lyrcon Jewel||Gema de Lyrcon|Драгоценный камень Лиркона|萊爾康珠寶|パールレセントジュエル|리르콘 쥬얼 (Lyrcon Jewel)|Lyrkon-Juwel|Joyau Lyrcon|Joya de Lyrcon|Lyrcon Jewel
socketable_jewel_fieryzen|Fieryzen Jewel||Gema de Fieryzen|Огненный Драгоценный Камень|烈焰珠寶|ミスゴンライオンジュエル|파이어젠 쥬얼 (Fieryzen Jewel)|Feuriger-Juwel|Joyau Fieryzen|Joya de Fieryzen|Fieryzen Jewel
socketable_jewel_lapislazuli|Lapis-Lazuli Jewel||Gema de Lapis-Lazuli|Драгоценный камень из Лазурита|青金石珠寶|クリーンカットジュエル|라피스-라줄리 쥬얼 (Lapis-Lazuli Jewel)|Lapislazuli-Juwel|Joyau Lapis-Lazuli|Joya de Lapislázuli|Lapis-Lazuli Jewel
socketable_jewel_omnipearl|Omnipearl Jewel||Gema de Omnipérola|Вездесущий Драгоценный Камень|萬象珠寶|ジュエル |옴니펄 쥬얼 (Omnipearl Jewel)|Omniperl-Juwel|Joyau Omnipearl|Joya de Omni-perla|Omnipearl Jewel
socketable_jewel_agathetheum|Agathetheum Jewel||Gema de Agathetheum|Драгоценный камень из Агатетея|阿加特斯珠寶|戦利品ゴブリンのオーブ|아가세튬 쥬얼 (Agathetheum Jewel)|Agathetheum-Juwel|Joyau Agathetheum|Joya de Agathetheum|Agathetheum Jewel
socketable_jewel_tramal|Tramal Jewel||Gema de Tramal|Драгоценный камень Трамала|特拉瑪爾珠寶|ルーンフォージのオーブ|트라말 쥬얼 (Tramal Jewel)|Tramal-Juwel|Joyau Tramal|Joya de Tramal|Tramal Jewel
socketable_jewel_pearlescento|Pearlescento Jewel||Gema de Pearlescento|Жемчужина цвета Перламутра|珍珠珠寶|コボルドのオーブ|펄레스첸토 쥬얼 (Pearlescento Jewel)|Pearlescento-Juwel|Joyau Pearlescento|Joya Perlescente|Pearlescento Jewel
socketable_jewel_mythgonlion|Mythgonlion Jewel||Gema de Mythgonlion|Драгоценный камень Мифического Льва|神話獅珠寶|英雄のオーブ|미스곤리온 쥬얼 (Mythgonlion Jewel)|Mythgonlion-Juwel|Joyau Mythgonlion|Joya de Mythgonlion|Mythgonlion Jewel
socketable_jewel_clean_cut|Clean Cut Jewel||Joia de Lapidação Limpa|Чистая огранка драгоценного камня |清晰珠寶|天使のオーブ|클린 컷 쥬얼 (Clean Cut Jewel)|Schlichtes Juwel|Bijou |Joya de Talla Impecable|Clean Cut Jewel
socketable_jewel_random|Uncut Jewel||Joia|Драгоценность |未切割珠寶 |迅速のオーブ|쥬얼 (Uncut Jewel)|Ungeschnittenes Juwel|Bijou non coupé |Joya sin cortar |Nieoszlifowany Klejnot
socketable_orb_of_loot_goblin|Goblin||Goblin|Гоблин|哥布林石|ゴブリン|고블린|Goblin|Gobelin|Goblin|Goblin
socketable_orb_of_runeforge|Runeforge||Runeforge|Руническая кузница|符文熔爐石|ルーンフォージ|룬포지|Runenschmiede|Runeforge|Forja de runas|Runeforge
socketable_orb_of_kobold|Kobold||Kobold|Кобольд|狗頭人石|コボルド|코볼드|Kobold|Kobold|Kobold|Kobold
socketable_orb_of_heroism|Heroism||Heroísmo|Героизм|英雄石|英雄主義|영웅주의|Heldentum|Héroïsme|Heroísmo|Heroizm
socketable_orb_of_angel|Angel||Anjo|Ангел|天使石|天使|천사|Engel|Ange|Ángel|Anioł
socketable_orb_of_swiftness|Swiftness||Rapidez|Быстрота|迅捷石|俊敏性|신속함|Schnelligkeit|Vitesse|Rapidez|Szybkość
socketable_orb_of_agility|Agility||Agilidade|Ловкость|敏捷石|敏捷性|민첩성|Beweglichkeit|Agilité|Agilidad|Zwinność
socketable_orb_of_magister|Magister||Magister|Магистр|魔導石|魔術師|마법사|Magister|Magister|Magister|Magister
socketable_orb_of_brute|Brute||Bruto|Грубиян|野蠻石|野獣|무자비함|Brutal|Brute|Bruto|Brutal
socketable_orb_of_wisdom|Wisdom||Sabedoria|Мудрость|智慧石|知恵|지혜|Weisheit|Sagesse|Sabiduría|Mądrość
socketable_orb_of_relic|Relic||Relíquia|Реликвия|遺物石|聖遺物|유물|Relikt|Relique|Reliquia|Relikt
socketable_orb_of_treasure|Treasure||Tesouro|Сокровище|寶藏石|宝物|보물|Schatz|Trésor|Tesoro|Skarb
socketable_orb_of_midas|Midas||Midas|Мидас|米達斯石|ミダス|미다스|Midas|Midas|Midas|Midas
socketable_orb_of_gladiator|Gladiator||Gladiador|Гладиатор|角鬥士石|剣闘士|검투사|Gladiator|Gladiateur|Gladiador|Gladiator
socketable_orb_of_earth_mother|Earth||Terra|Земля|大地母親石|大地|대지|Erde|Terre|Tierra|Ziemia
socketable_orb_of_doom|Doom||Destino|Гибель|厄運石|破滅|파멸|Verhängnis|Destin|Condena|Zguba
socketable_orb_of_fatality|Fatality||Fatalidade|Смертельный удар|致命石|致命傷|치명타|Fatalität|Fatalité|Fatidad|Śmierć
socketable_orb_of_ancient|Ancient||Antigo |Древний |遠古石|古代 |고대 |Uralt|Ancien |Antiguo |Pradawny
|||||||||||
craft_socketable_eld_rune|Merge ol runes into an old rune.|Old|Combine runas ol em uma runa old.|Объединить старые руны в старую old.|將1#Ol合併為2#Old|olルーンをoldルーンに合成|ol 룬을 old 룬으로 합치기|Verschmelze Ol-Runen zu einer Old-Rune.|Fusionnez les runes anciennes en une rune Old.|Fabricación: Fusiona runas Ol en una runa Eld.|Połącz runy ol w runę old.
craft_socketable_tir_rune|Merge old runes into a tor rune.|Tor|Combine runas antigas em uma runa tor.|Объединить старые руны в руну Тор.|將2#Old合併為3#Tor|oldルーンをtorルーンに合成|old 룬을 tor 룬으로 합치기|Verschmelze alte Runen zu einer Tor-Rune.|Fusionnez les runes anciennes en une rune Tor.|Fabricación: Fusiona runas Eld en una runa Tir.|Połącz runy old w runę tor.
craft_socketable_nef_rune|Merge tor runes into a naf rune.|Naf|Combine runas tor em uma runa naf.|Объединить руны Тор в руну Наф.|將3#Tor合併為4#Naf|torルーンをnafルーンに合成|tor 룬을 naf 룬으로 합치기|Verschmelze Tor-Runen zu einer Naf-Rune.|Fusionnez les runes Tor en une rune Naf.|Fabricación: Fusiona runas Tir en una runa Nef.|Połącz runy tor w runę naf.
craft_socketable_eth_rune|Merge naf runes into an eth rune.|Eth|Combine runas naf em uma runa eth.|Объединить руны Наф в руну Эт.|將4#Naf合併為5#Eth|nafルーンをethルーンに合成|naf 룬을 eth 룬으로 합치기|Verschmelze Naf-Runen zu einer Äth-Rune.|Fusionnez les runes Naf en une rune Eth.|Fabricación: Fusiona runas Nef en una runa Eth.|Połącz runy naf w runę eth.
craft_socketable_ith_rune|Merge eth runes into an uth rune.|Uth|Combine runas eth em uma runa uth.|Объединить руны Эт в руну Ут.|將5#Eth合併為6#Uth|ethルーンをuthルーンに合成|eth 룬을 uth 룬으로 합치기|Verschmelze Äth-Runen zu einer Uth-Rune.|Fusionnez les runes Eth en une rune Uth.|Fabricación: Fusiona runas Eth en una runa Ith.|Połącz runy eth w runę uth.
craft_socketable_tal_rune|Merge uth runes into a tul rune.|Tul|Combine runas uth em uma runa tul.|Объединить руны Ут в руну Тул.|將6#Uth合併為7#Tul|uthルーンをtulルーンに合成|uth 룬을 tul 룬으로 합치기|Verschmelze Uth-Runen zu einer Tul-Rune.|Fusionnez les runes Uth en une rune Tul.|Fabricación: Fusiona runas Ith en una runa Tal.|Połącz runy uth w runę tul.
craft_socketable_ral_rune|Merge tul runes into a rex rune.|Rex|Combine runas tul em uma runa rex.|Объединить руны Тул в руну Рекс.|將7#Tul合併為8#Rex|tulルーンをrexルーンに合成|tul 룬을 rex 룬으로 합치기|Verschmelze Tul-Runen zu einer Rex-Rune.|Fusionnez les runes Tul en une rune Rex.|Fabricación: Fusiona runas Tal en una runa Ral.|Połącz runy tul w runę rex.
craft_socketable_ort_rune|Merge rex runes into an ert rune.|Ert|Combine runas rex em uma runa ert.|Объединить руны Рекс в руну Эрт.|將8#Rex合併為9#Ert|rexルーンをertルーンに合成|rex 룬을 ert 룬으로 합치기|Verschmelze Rex-Runen zu einer Ert-Rune.|Fusionnez les runes Rex en une rune Ert.|Fabricación: Fusiona runas Ral en una runa Ort.|Połącz runy rex w runę ert.
craft_socketable_thul_rune|Merge ert runes into a thal rune.|Thal|Combine runas ert em uma runa thal.|Объединить руны Эрт в руну Тал.|將9#Ert合併為10#Thal|ertルーンをthalルーンに合成|ert 룬을 thal 룬으로 합치기|Verschmelze Ert-Runen zu einer Thal-Rune.|Fusionnez les runes Ert en une rune Thal.|Fabricación: Fusiona runas Ort en una runa Thul.|Połącz runy ert w runę thal.
craft_socketable_amn_rune|Merge thal runes into an ymn rune.|Ymn|Combine runas thal em uma runa ymn.|Объединить руны Тал в руну Ймн.|將10#Thal合併為11#Ymn|thalルーンをymnルーンに合成|thal 룬을 ymn 룬으로 합치기|Verschmelze Thal-Runen zu einer Ymn-Rune.|Fusionnez les runes Thal en une rune Ymn.|Fabricación: Fusiona runas Thul en una runa Amn.|Połącz runy thal w runę ymn.
craft_socketable_sol_rune|Merge ymn runes into a sal rune.|Sal|Combine runas ymn em uma runa sal.|Объединить руны Ймн в руну Сал.|將11#Ymn合併為12#Sal|ymnルーンをsalルーンに合成|ymn 룬을 sal 룬으로 합치기|Verschmelze Ymn-Runen zu einer Sal-Rune.|Fusionnez les runes Ymn en une rune Sal.|Fabricación: Fusiona runas Amn en una runa Sol.|Połącz runy ymn w runę sal.
craft_socketable_shael_rune|Merge sal runes into a nut rune.|Nut|Combine runas sal em uma runa nut.|Объединить руны Сал в руну Нут.|將12#Sal合併為13#Nut|salルーンをnutルーンに合成|sal 룬을 nut 룬으로 합치기|Verschmelze Sal-Runen zu einer Nut-Rune.|Fusionnez les runes Sal en une rune Nut.|Fabricación: Fusiona runas Sol en una runa Shael.|Połącz runy sal w runę nut.
craft_socketable_dol_rune|Merge nut runes into a del rune.|Del|Combine runas nut em uma runa del.|Объединить руны Нут в руну Дель.|將13#Nut合併為14#Del|nutルーンをdelルーンに合成|nut 룬을 del 룬으로 합치기|Verschmelze Nut-Runen zu einer Del-Rune.|Fusionnez les runes Nut en une rune Del.|Fabricación: Fusiona runas Shael en una runa Dol.|Połącz runy nut w runę del.
craft_socketable_hel_rune|Merge del runes into a hel rune.|Hel|Combine runas del em uma runa hel.|Объединить руны Дель в руну Хел.|將14#Del合併為15#Hel|delルーンをhelルーンに合成|del 룬을 hel 룬으로 합치기|Verschmelze Del-Runen zu einer Hel-Rune.|Fusionnez les runes Del en une rune Hel.|Fabricación: Fusiona runas Dol en una runa Hel.|Połącz runy del w runę hel.
craft_socketable_io_rune|Merge hel runes into an io rune.|Io|Combine runas hel em uma runa io.|Объединить руны Хел в руну Ио.|將15#Hel合併為16#Io|helルーンをioルーンに合成|hel 룬을 io 룬으로 합치기|Verschmelze Hel-Runen zu einer Io-Rune.|Fusionnez les runes Hel en une rune Io.|Fabricación: Fusiona runas Hel en una runa Io.|Połącz runy hel w runę io.
craft_socketable_lum_rune|Merge io runes into a lum rune.|Lum|Combine runas io em uma runa lum.|Объединить руны Ио в руну Люм.|將16#Io合併為17#Lum|ioルーンをlumルーンに合成|io 룬을 lum 룬으로 합치기|Verschmelze Io-Runen zu einer Lum-Rune.|Fusionnez les runes Io en une rune Lum.|Fabricación: Fusiona runas Io en una runa Lum.|Połącz runy io w runę lum.
craft_socketable_ko_rune|Merge lum runes into a co rune.|Co|Combine runas lum em uma runa co.|Объединить руны lum в руну co.|將17#Lum合併為18#Co|lumルーンをcoルーンに合成|lum 룬을 co 룬으로 합치기|Verschmelze Lum-Runen zu einer Co-Rune.|Fusionnez les runes Lum en une rune Co. |Fabricación: Fusiona runas Lum en una runa Ko.|Połącz runy lum w runę co.
craft_socketable_fal_rune|Merge co runes into a fel rune.|Fel|Combine runas co em uma runa fel.|Объединить руны co в руну fel.|將18#Co合併為19#Fel|coルーンをfelルーンに合成|co 룬을 fel 룬으로 합치기|Verschmelze Co-Runen zu einer Fel-Rune.|Fusionnez les runes co en une rune fel.|Fabricación: Fusiona runas Ko en una runa Fal.|Połącz runy co w runę fel.
craft_socketable_lem_rune|Merge fel runes into a lem rune.|Lem|Combine runas fel em uma runa lem.|Объединить руны fel в руну lem.|將19#Fel合併為20#Lem|felルーンをlemルーンに合成|fel 룬을 lem 룬으로 합치기|Verschmelze Fel-Runen zu einer Lem-Rune.|Fusionnez les runes fel en une rune lem.|Fabricación: Fusiona runas Fal en una runa Lem.|Połącz runy fel w runę lem.
craft_socketable_pul_rune|Merge lem runes into a pul rune.|Pul|Combine runas lem em uma runa pul.|Объединить руны lem в руну pul.|將20#Lem合併為21#Pul|lemルーンをpulルーンに合成|lem 룬을 pul 룬으로 합치기|Verschmelze Lem-Runen zu einer Pul-Rune.|Fusionnez les runes lem en une rune pul.|Fabricación: Fusiona runas Lem en una runa Pul.|Połącz runy lem w runę pul.
craft_socketable_um_rune|Merge pul runes into an um rune.|Um|Combine runas pul em uma runa um.|Объединить руны pul в руну um.|將21#Pul合併為22#Um|pulルーンをumルーンに合成|pul 룬을 um 룬으로 합치기|Verschmelze Pul-Runen zu einer Um-Rune.|Fusionnez les runes pul en une rune um.|Fabricación: Fusiona runas Pul en una runa Um.|Połącz runy pul w runę um.
craft_socketable_mal_rune|Merge um runes into a mal rune.|Mal|Combine runas um em uma runa mal.|Объединить руны um в руну mal.|將22#Um合併為23#Mal|umルーンをmalルーンに合成|um 룬을 mal 룬으로 합치기|Verschmelze Um-Runen zu einer Mal-Rune.|Fusionnez les runes um en une rune mal.|Fabricación: Fusiona runas Um en una runa Mal.|Połącz runy um w runę mal.
craft_socketable_ist_rune|Merge mal runes into an ist rune.|Ist|Combine runas mal em uma runa ist.|Объединить руны mal в руну ist.|將23#Mal合併為24#Ist|malルーンをistルーンに合成|mal 룬을 ist 룬으로 합치기|Verschmelze Mal-Runen zu einer Ist-Rune.|Fusionnez les runes mal en une rune ist.|Fabricación: Fusiona runas Mal en una runa Ist.|Połącz runy mal w runę ist.
craft_socketable_gul_rune|Merge ist runes into a gul rune.|Gul|Combine runas ist em uma runa gul.|Объединить руны ist в руну gul.|將24#Ist合併為25#Gul|istルーンをgulルーンに合成|ist 룬을 gul 룬으로 합치기|Verschmelze Ist-Runen zu einer Gul-Rune.|Fusionnez les runes ist en une rune gul.|Fabricación: Fusiona runas Ist en una runa Gul.|Połącz runy ist w runę gul.
craft_socketable_vex_rune|Merge gul runes into a vex rune.|Vex|Combine runas gul em uma runa vex.|Объединить руны gul в руну vex.|將25#Gul合併為26#Vex|gulルーンをvexルーンに合成|gul 룬을 vex 룬으로 합치기|Verschmelze Gul-Runen zu einer Vex-Rune.|Fusionnez les runes gul en une rune vex.|Fabricación: Fusiona runas Gul en una runa Vex.|Połącz runy gul w runę vex.
craft_socketable_ohm_rune|Merge vex runes into a qi rune.|Qi|Combine runas vex em uma runa qi.|Объединить руны vex в руну qi.|將26#Vex合併為27#Qi|vexルーンをqiルーンに合成|vex 룬을 qi 룬으로 합치기|Verschmelze Vex-Runen zu einer Qi-Rune.|Fusionnez les runes vex en une rune qi.|Fabricación: Fusiona runas Vex en una runa Ohm.|Połącz runy vex w runę qi.
craft_socketable_lo_rune|Merge qi runes into a xo rune.|Xo|Combine runas qi em uma runa xo.|Объединить руны qi в руну xo.|將27#Qi合併為28#Xo|qiルーンをxoルーンに合成|qi 룬을 xo 룬으로 합치기|Verschmelze Qi-Runen zu einer Xo-Rune.|Fusionnez les runes qi en une rune xo.|Fabricación: Fusiona runas Ohm en una runa Lo.|Połącz runy qi w runę xo.
craft_socketable_sur_rune|Merge xo runes into a sur rune.|Sur|Combine runas xo em uma runa sur.|Объединить руны xo в руну sur.|將28#Xo合併為29#Sur|xoルーンをsurルーンに合成|xo 룬을 sur 룬으로 합치기|Verschmelze Xo-Runen zu einer Sur-Rune.|Fusionnez les runes xo en une rune sur.|Fabricación: Fusiona runas Lo en una runa Sur.|Połącz runy xo w runę sur.
craft_socketable_ber_rune|Merge sur runes into a ber rune.|Ber|Combine runas sur em uma runa ber.|Объединить руны sur в руну ber.|將29#Sur合併為30#Ber|surルーンをberルーンに合成|sur 룬을 ber 룬으로 합치기|Verschmelze Sur-Runen zu einer Ber-Rune.|Fusionnez les runes sur en une rune ber.|Fabricación: Fusiona runas Sur en una runa Ber.|Połącz runy sur w runę ber.
craft_socketable_jah_rune|Merge ber runes into a jah rune.|Jah|Combine runas ber em uma runa jah.|Объединить руны ber в руну jah.|將30#Ber合併為31#Jah|berルーンをjahルーンに合成|ber 룬을 jah 룬으로 합치기|Verschmelze Ber-Runen zu einer Jah-Rune.|Fusionnez les runes ber en une rune jah.|Fabricación: Fusiona runas Ber en una runa Jah.|Połącz runy ber w runę jah.
craft_socketable_cham_rune|Merge jah runes into a drax rune.|Drax|Combine runas jah em uma runa drax.|Объединить руны jah в руну drax.|將31#Jah合併為32#Drax|jahルーンをdraxルーンに合成|jah 룬을 drax 룬으로 합치기|Verschmelze Jah-Runen zu einer Drax-Rune.|Fusionnez les runes jah en une rune drax.|Fabricación: Fusiona runas Jah en una runa Cham.|Połącz runy jah w runę drax.
craft_socketable_zod_rune|Merge drax runes into a zed rune.|Zed|Combine runas drax em uma runa zed. |Объединить руны drax в руну zed. |將32#Drax合併為33#Zed|draxルーンをzedルーンに合成 |drax 룬을 zed 룬으로 합치기|Verschmelze Drax-Runen zu einer Zed-Rune.|Fusionnez les runes drax en une rune zed. |Fabricación: Fusiona runas Cham en una runa Zod.|Połącz runy drax w runę zed.
craft_socketable_flawed_amethyst|Combine multiple gems into a more powerful gem.||Combine várias gemas para criar uma gema mais poderosa. |Объедините несколько драгоценных камней, чтобы получить более мощный камень. |將多個寶石組合成更強大的寶石。 |複数のジェムを組み合わせて、より強力なジェムにしよう。 |여러 젬을 더 강력한 젬으로 합치기|Kombiniere mehrere Edelsteine ​​zu einem mächtigeren Edelstein.|Combinez plusieurs gemmes pour en créer une plus puissante. |Fabricación: Combina múltiples gemas en una gema más poderosa.|Połącz wiele klejnotów w potężniejszy klejnot.
craft_socketable_amethyst|Combine multiple gems into a more powerful gem.||Combine várias gemas para criar uma gema mais poderosa. |Объедините несколько драгоценных камней, чтобы получить более мощный камень. |將多個寶石組合成更強大的寶石。 |複数のジェムを組み合わせて、より強力なジェムにしよう。 |여러 젬을 더 강력한 젬으로 합치기|Kombiniere mehrere Edelsteine ​​zu einem mächtigeren Edelstein.|Combinez plusieurs gemmes pour en créer une plus puissante. |Fabricación: Combina múltiples gemas en una gema más poderosa.|Połącz wiele klejnotów w potężniejszy klejnot.
craft_socketable_flawless_amethyst|Combine multiple gems into a more powerful gem.||Combine várias gemas para criar uma gema mais poderosa. |Объедините несколько драгоценных камней, чтобы получить более мощный камень. |將多個寶石組合成更強大的寶石。 |複数のジェムを組み合わせて、より強力なジェムにしよう。 |여러 젬을 더 강력한 젬으로 합치기|Kombiniere mehrere Edelsteine ​​zu einem mächtigeren Edelstein.|Combinez plusieurs gemmes pour en créer une plus puissante. |Fabricación: Combina múltiples gemas en una gema más poderosa.|Połącz wiele klejnotów w potężniejszy klejnot.
craft_socketable_perfect_amethyst|Combine multiple gems into a more powerful gem.||Combine várias gemas para criar uma gema mais poderosa. |Объедините несколько драгоценных камней, чтобы получить более мощный камень. |將多個寶石組合成更強大的寶石。 |複数のジェムを組み合わせて、より強力なジェムにしよう。 |여러 젬을 더 강력한 젬으로 합치기|Kombiniere mehrere Edelsteine ​​zu einem mächtigeren Edelstein.|Combinez plusieurs gemmes pour en créer une plus puissante. |Fabricación: Combina múltiples gemas en una gema más poderosa.|Połącz wiele klejnotów w potężniejszy klejnot.
craft_socketable_pristine_amethyst|Combine multiple gems into a more powerful gem.||Combine várias gemas para criar uma gema mais poderosa. |Объедините несколько драгоценных камней, чтобы получить более мощный камень. |將多個寶石組合成更強大的寶石。 |複数のジェムを組み合わせて、より強力なジェムにしよう。 |여러 젬을 더 강력한 젬으로 합치기|Kombiniere mehrere Edelsteine ​​zu einem mächtigeren Edelstein.|Combinez plusieurs gemmes pour en créer une plus puissante. |Fabricación: Combina múltiples gemas en una gema más poderosa.|Połącz wiele klejnotów w potężniejszy klejnot.
craft_socketable_flawed_emerald|Combine multiple gems into a more powerful gem.||Combine várias gemas para criar uma gema mais poderosa. |Объедините несколько драгоценных камней, чтобы получить более мощный камень. |將多個寶石組合成更強大的寶石。 |複数のジェムを組み合わせて、より強力なジェムにしよう。 |여러 젬을 더 강력한 젬으로 합치기|Kombiniere mehrere Edelsteine ​​zu einem mächtigeren Edelstein.|Combinez plusieurs gemmes pour en créer une plus puissante. |Fabricación: Combina múltiples gemas en una gema más poderosa.|Połącz wiele klejnotów w potężniejszy klejnot.
craft_socketable_emerald|Combine multiple gems into a more powerful gem.||Combine várias gemas para criar uma gema mais poderosa. |Объедините несколько драгоценных камней, чтобы получить более мощный камень. |將多個寶石組合成更強大的寶石。 |複数のジェムを組み合わせて、より強力なジェムにしよう。 |여러 젬을 더 강력한 젬으로 합치기|Kombiniere mehrere Edelsteine ​​zu einem mächtigeren Edelstein.|Combinez plusieurs gemmes pour en créer une plus puissante. |Fabricación: Combina múltiples gemas en una gema más poderosa.|Połącz wiele klejnotów w potężniejszy klejnot.
craft_socketable_flawless_emerald|Combine multiple gems into a more powerful gem.||Combine várias gemas para criar uma gema mais poderosa. |Объедините несколько драгоценных камней, чтобы получить более мощный камень. |將多個寶石組合成更強大的寶石。 |複数のジェムを組み合わせて、より強力なジェムにしよう。 |여러 젬을 더 강력한 젬으로 합치기|Kombiniere mehrere Edelsteine ​​zu einem mächtigeren Edelstein.|Combinez plusieurs gemmes pour en créer une plus puissante. |Fabricación: Combina múltiples gemas en una gema más poderosa.|Połącz wiele klejnotów w potężniejszy klejnot.
craft_socketable_perfect_emerald|Combine multiple gems into a more powerful gem.||Combine várias gemas para criar uma gema mais poderosa. |Объедините несколько драгоценных камней, чтобы получить более мощный камень. |將多個寶石組合成更強大的寶石。 |複数のジェムを組み合わせて、より強力なジェムにしよう。 |여러 젬을 더 강력한 젬으로 합치기|Kombiniere mehrere Edelsteine ​​zu einem mächtigeren Edelstein.|Combinez plusieurs gemmes pour en créer une plus puissante. |Fabricación: Combina múltiples gemas en una gema más poderosa.|Połącz wiele klejnotów w potężniejszy klejnot.
craft_socketable_pristine_emerald|Combine multiple gems into a more powerful gem.||Combine várias gemas para criar uma gema mais poderosa. |Объедините несколько драгоценных камней, чтобы получить более мощный камень. |將多個寶石組合成更強大的寶石。 |複数のジェムを組み合わせて、より強力なジェムにしよう。 |여러 젬을 더 강력한 젬으로 합치기|Kombiniere mehrere Edelsteine ​​zu einem mächtigeren Edelstein.|Combinez plusieurs gemmes pour en créer une plus puissante. |Fabricación: Combina múltiples gemas en una gema más poderosa.|Połącz wiele klejnotów w potężniejszy klejnot.
craft_socketable_flawed_ruby|Combine multiple gems into a more powerful gem.||Combine várias gemas para criar uma gema mais poderosa. |Объедините несколько драгоценных камней, чтобы получить более мощный камень. |將多個寶石組合成更強大的寶石。 |複数のジェムを組み合わせて、より強力なジェムにしよう。 |여러 젬을 더 강력한 젬으로 합치기|Kombiniere mehrere Edelsteine ​​zu einem mächtigeren Edelstein.|Combinez plusieurs gemmes pour en créer une plus puissante. |Fabricación: Combina múltiples gemas en una gema más poderosa.|Połącz wiele klejnotów w potężniejszy klejnot.
craft_socketable_ruby|Combine multiple gems into a more powerful gem.||Combine várias gemas para criar uma gema mais poderosa. |Объедините несколько драгоценных камней, чтобы получить более мощный камень. |將多個寶石組合成更強大的寶石。 |複数のジェムを組み合わせて、より強力なジェムにしよう。 |여러 젬을 더 강력한 젬으로 합치기|Kombiniere mehrere Edelsteine ​​zu einem mächtigeren Edelstein.|Combinez plusieurs gemmes pour en créer une plus puissante. |Fabricación: Combina múltiples gemas en una gema más poderosa.|Połącz wiele klejnotów w potężniejszy klejnot.
craft_socketable_flawless_ruby|Combine multiple gems into a more powerful gem.||Combine várias gemas para criar uma gema mais poderosa. |Объедините несколько драгоценных камней, чтобы получить более мощный камень. |將多個寶石組合成更強大的寶石。 |複数のジェムを組み合わせて、より強力なジェムにしよう。 |여러 젬을 더 강력한 젬으로 합치기|Kombiniere mehrere Edelsteine ​​zu einem mächtigeren Edelstein.|Combinez plusieurs gemmes pour en créer une plus puissante. |Fabricación: Combina múltiples gemas en una gema más poderosa.|Połącz wiele klejnotów w potężniejszy klejnot.
craft_socketable_perfect_ruby|Combine multiple gems into a more powerful gem.||Combine várias gemas para criar uma gema mais poderosa. |Объедините несколько драгоценных камней, чтобы получить более мощный камень. |將多個寶石組合成更強大的寶石。 |複数のジェムを組み合わせて、より強力なジェムにしよう。 |여러 젬을 더 강력한 젬으로 합치기|Kombiniere mehrere Edelsteine ​​zu einem mächtigeren Edelstein.|Combinez plusieurs gemmes pour en créer une plus puissante. |Fabricación: Combina múltiples gemas en una gema más poderosa.|Połącz wiele klejnotów w potężniejszy klejnot.
craft_socketable_pristine_ruby|Combine multiple gems into a more powerful gem.||Combine várias gemas para criar uma gema mais poderosa. |Объедините несколько драгоценных камней, чтобы получить более мощный камень. |將多個寶石組合成更強大的寶石。 |複数のジェムを組み合わせて、より強力なジェムにしよう。 |여러 젬을 더 강력한 젬으로 합치기|Kombiniere mehrere Edelsteine ​​zu einem mächtigeren Edelstein.|Combinez plusieurs gemmes pour en créer une plus puissante. |Fabricación: Combina múltiples gemas en una gema más poderosa.|Połącz wiele klejnotów w potężniejszy klejnot.
craft_socketable_flawed_sapphire|Combine multiple gems into a more powerful gem.||Combine várias gemas para criar uma gema mais poderosa. |Объедините несколько драгоценных камней, чтобы получить более мощный камень. |將多個寶石組合成更強大的寶石。 |複数のジェムを組み合わせて、より強力なジェムにしよう。 |여러 젬을 더 강력한 젬으로 합치기|Kombiniere mehrere Edelsteine ​​zu einem mächtigeren Edelstein.|Combinez plusieurs gemmes pour en créer une plus puissante. |Fabricación: Combina múltiples gemas en una gema más poderosa.|Połącz wiele klejnotów w potężniejszy klejnot.
craft_socketable_sapphire|Combine multiple gems into a more powerful gem.||Combine várias gemas para criar uma gema mais poderosa. |Объедините несколько драгоценных камней, чтобы получить более мощный камень. |將多個寶石組合成更強大的寶石。 |複数のジェムを組み合わせて、より強力なジェムにしよう。 |여러 젬을 더 강력한 젬으로 합치기|Kombiniere mehrere Edelsteine ​​zu einem mächtigeren Edelstein.|Combinez plusieurs gemmes pour en créer une plus puissante. |Fabricación: Combina múltiples gemas en una gema más poderosa.|Połącz wiele klejnotów w potężniejszy klejnot.
craft_socketable_flawless_sapphire|Combine multiple gems into a more powerful gem.||Combine várias gemas para criar uma gema mais poderosa. |Объедините несколько драгоценных камней, чтобы получить более мощный камень. |將多個寶石組合成更強大的寶石。 |複数のジェムを組み合わせて、より強力なジェムにしよう。 |여러 젬을 더 강력한 젬으로 합치기|Kombiniere mehrere Edelsteine ​​zu einem mächtigeren Edelstein.|Combinez plusieurs gemmes pour en créer une plus puissante. |Fabricación: Combina múltiples gemas en una gema más poderosa.|Połącz wiele klejnotów w potężniejszy klejnot.
craft_socketable_perfect_sapphire|Combine multiple gems into a more powerful gem.||Combine várias gemas para criar uma gema mais poderosa. |Объедините несколько драгоценных камней, чтобы получить более мощный камень. |將多個寶石組合成更強大的寶石。 |複数のジェムを組み合わせて、より強力なジェムにしよう。 |여러 젬을 더 강력한 젬으로 합치기|Kombiniere mehrere Edelsteine ​​zu einem mächtigeren Edelstein.|Combinez plusieurs gemmes pour en créer une plus puissante. |Fabricación: Combina múltiples gemas en una gema más poderosa.|Połącz wiele klejnotów w potężniejszy klejnot.
craft_socketable_pristine_sapphire|Combine multiple gems into a more powerful gem.||Combine várias gemas para criar uma gema mais poderosa. |Объедините несколько драгоценных камней, чтобы получить более мощный камень. |將多個寶石組合成更強大的寶石。 |複数のジェムを組み合わせて、より強力なジェムにしよう。 |여러 젬을 더 강력한 젬으로 합치기|Kombiniere mehrere Edelsteine ​​zu einem mächtigeren Edelstein.|Combinez plusieurs gemmes pour en créer une plus puissante. |Fabricación: Combina múltiples gemas en una gema más poderosa.|Połącz wiele klejnotów w potężniejszy klejnot.
craft_socketable_flawed_skull|Combine multiple gems into a more powerful gem.||Combine várias gemas para criar uma gema mais poderosa. |Объедините несколько драгоценных камней, чтобы получить более мощный камень. |將多個寶石組合成更強大的寶石。 |複数のジェムを組み合わせて、より強力なジェムにしよう。 |여러 젬을 더 강력한 젬으로 합치기|Kombiniere mehrere Edelsteine ​​zu einem mächtigeren Edelstein.|Combinez plusieurs gemmes pour en créer une plus puissante. |Fabricación: Combina múltiples gemas en una gema más poderosa.|Połącz wiele klejnotów w potężniejszy klejnot.
craft_socketable_skull|Combine multiple gems into a more powerful gem.||Combine várias gemas para criar uma gema mais poderosa. |Объедините несколько драгоценных камней, чтобы получить более мощный камень. |將多個寶石組合成更強大的寶石。 |複数のジェムを組み合わせて、より強力なジェムにしよう。 |여러 젬을 더 강력한 젬으로 합치기|Kombiniere mehrere Edelsteine ​​zu einem mächtigeren Edelstein.|Combinez plusieurs gemmes pour en créer une plus puissante. |Fabricación: Combina múltiples gemas en una gema más poderosa.|Połącz wiele klejnotów w potężniejszy klejnot.
craft_socketable_flawless_skull|Combine multiple gems into a more powerful gem.||Combine várias gemas para criar uma gema mais poderosa. |Объедините несколько драгоценных камней, чтобы получить более мощный камень. |將多個寶石組合成更強大的寶石。 |複数のジェムを組み合わせて、より強力なジェムにしよう。 |여러 젬을 더 강력한 젬으로 합치기|Kombiniere mehrere Edelsteine ​​zu einem mächtigeren Edelstein.|Combinez plusieurs gemmes pour en créer une plus puissante. |Fabricación: Combina múltiples gemas en una gema más poderosa.|Połącz wiele klejnotów w potężniejszy klejnot.
craft_socketable_perfect_skull|Combine multiple gems into a more powerful gem.||Combine várias gemas para criar uma gema mais poderosa. |Объедините несколько драгоценных камней, чтобы получить более мощный камень. |將多個寶石組合成更強大的寶石。 |複数のジェムを組み合わせて、より強力なジェムにしよう。 |여러 젬을 더 강력한 젬으로 합치기|Kombiniere mehrere Edelsteine ​​zu einem mächtigeren Edelstein.|Combinez plusieurs gemmes pour en créer une plus puissante. |Fabricación: Combina múltiples gemas en una gema más poderosa.|Połącz wiele klejnotów w potężniejszy klejnot.
craft_socketable_pristine_skull|Combine multiple gems into a more powerful gem.||Combine várias gemas para criar uma gema mais poderosa. |Объедините несколько драгоценных камней, чтобы получить более мощный камень. |將多個寶石組合成更強大的寶石。 |複数のジェムを組み合わせて、より強力なジェムにしよう。 |여러 젬을 더 강력한 젬으로 합치기|Kombiniere mehrere Edelsteine ​​zu einem mächtigeren Edelstein.|Combinez plusieurs gemmes pour en créer une plus puissante. |Fabricación: Combina múltiples gemas en una gema más poderosa.|Połącz wiele klejnotów w potężniejszy klejnot.
craft_socketable_flawed_topaz|Combine multiple gems into a more powerful gem.||Combine várias gemas para criar uma gema mais poderosa. |Объедините несколько драгоценных камней, чтобы получить более мощный камень. |將多個寶石組合成更強大的寶石。 |複数のジェムを組み合わせて、より強力なジェムにしよう。 |여러 젬을 더 강력한 젬으로 합치기|Kombiniere mehrere Edelsteine ​​zu einem mächtigeren Edelstein.|Combinez plusieurs gemmes pour en créer une plus puissante. |Fabricación: Combina múltiples gemas en una gema más poderosa.|Połącz wiele klejnotów w potężniejszy klejnot.
craft_socketable_topaz|Combine multiple gems into a more powerful gem.||Combine várias gemas para criar uma gema mais poderosa. |Объедините несколько драгоценных камней, чтобы получить более мощный камень. |將多個寶石組合成更強大的寶石。 |複数のジェムを組み合わせて、より強力なジェムにしよう。 |여러 젬을 더 강력한 젬으로 합치기|Kombiniere mehrere Edelsteine ​​zu einem mächtigeren Edelstein.|Combinez plusieurs gemmes pour en créer une plus puissante. |Fabricación: Combina múltiples gemas en una gema más poderosa.|Połącz wiele klejnotów w potężniejszy klejnot.
craft_socketable_flawless_topaz|Combine multiple gems into a more powerful gem.||Combine várias gemas para criar uma gema mais poderosa. |Объедините несколько драгоценных камней, чтобы получить более мощный камень. |將多個寶石組合成更強大的寶石。 |複数のジェムを組み合わせて、より強力なジェムにしよう。 |여러 젬을 더 강력한 젬으로 합치기|Kombiniere mehrere Edelsteine ​​zu einem mächtigeren Edelstein.|Combinez plusieurs gemmes pour en créer une plus puissante. |Fabricación: Combina múltiples gemas en una gema más poderosa.|Połącz wiele klejnotów w potężniejszy klejnot.
craft_socketable_perfect_topaz|Combine multiple gems into a more powerful gem.||Combine várias gemas para criar uma gema mais poderosa. |Объедините несколько драгоценных камней, чтобы получить более мощный камень. |將多個寶石組合成更強大的寶石。 |複数のジェムを組み合わせて、より強力なジェムにしよう。 |여러 젬을 더 강력한 젬으로 합치기|Kombiniere mehrere Edelsteine ​​zu einem mächtigeren Edelstein.|Combinez plusieurs gemmes pour en créer une plus puissante. |Fabricación: Combina múltiples gemas en una gema más poderosa.|Połącz wiele klejnotów w potężniejszy klejnot.
craft_socketable_pristine_topaz|Combine multiple gems into a more powerful gem.||Combine várias gemas para criar uma gema mais poderosa. |Объедините несколько драгоценных камней, чтобы получить более мощный камень. |將多個寶石組合成更強大的寶石。 |複数のジェムを組み合わせて、より強力なジェムにしよう。 |여러 젬을 더 강력한 젬으로 합치기|Kombiniere mehrere Edelsteine ​​zu einem mächtigeren Edelstein.|Combinez plusieurs gemmes pour en créer une plus puissante. |Fabricación: Combina múltiples gemas en una gema más poderosa.|Połącz wiele klejnotów w potężniejszy klejnot.
craft_socketable_flawed_diamond|Combine multiple gems into a more powerful gem.||Combine várias gemas para criar uma gema mais poderosa. |Объедините несколько драгоценных камней, чтобы получить более мощный камень. |將多個寶石組合成更強大的寶石。 |複数のジェムを組み合わせて、より強力なジェムにしよう。 |여러 젬을 더 강력한 젬으로 합치기|Kombiniere mehrere Edelsteine ​​zu einem mächtigeren Edelstein.|Combinez plusieurs gemmes pour en créer une plus puissante. |Fabricación: Combina múltiples gemas en una gema más poderosa.|Połącz wiele klejnotów w potężniejszy klejnot.
craft_socketable_diamond|Combine multiple gems into a more powerful gem.||Combine várias gemas para criar uma gema mais poderosa. |Объедините несколько драгоценных камней, чтобы получить более мощный камень. |將多個寶石組合成更強大的寶石。 |複数のジェムを組み合わせて、より強力なジェムにしよう。 |여러 젬을 더 강력한 젬으로 합치기|Kombiniere mehrere Edelsteine ​​zu einem mächtigeren Edelstein.|Combinez plusieurs gemmes pour en créer une plus puissante. |Fabricación: Combina múltiples gemas en una gema más poderosa.|Połącz wiele klejnotów w potężniejszy klejnot.
craft_socketable_flawless_diamond|Combine multiple gems into a more powerful gem.||Combine várias gemas para criar uma gema mais poderosa. |Объедините несколько драгоценных камней, чтобы получить более мощный камень. |將多個寶石組合成更強大的寶石。 |複数のジェムを組み合わせて、より強力なジェムにしよう。 |여러 젬을 더 강력한 젬으로 합치기|Kombiniere mehrere Edelsteine ​​zu einem mächtigeren Edelstein.|Combinez plusieurs gemmes pour en créer une plus puissante. |Fabricación: Combina múltiples gemas en una gema más poderosa.|Połącz wiele klejnotów w potężniejszy klejnot.
craft_socketable_perfect_diamond|Combine multiple gems into a more powerful gem.||Combine várias gemas para criar uma gema mais poderosa. |Объедините несколько драгоценных камней, чтобы получить более мощный камень. |將多個寶石組合成更強大的寶石。 |複数のジェムを組み合わせて、より強力なジェムにしよう。 |여러 젬을 더 강력한 젬으로 합치기|Kombiniere mehrere Edelsteine ​​zu einem mächtigeren Edelstein.|Combinez plusieurs gemmes pour en créer une plus puissante. |Fabricación: Combina múltiples gemas en una gema más poderosa.|Połącz wiele klejnotów w potężniejszy klejnot.
craft_socketable_pristine_diamond|Combine multiple gems into a more powerful gem.||Combine várias gemas para criar uma gema mais poderosa. |Объедините несколько драгоценных камней, чтобы получить более мощный камень. |將多個寶石組合成更強大的寶石。 |複数のジェムを組み合わせて、より強力なジェムにしよう。 |여러 젬을 더 강력한 젬으로 합치기|Kombiniere mehrere Edelsteine ​​zu einem mächtigeren Edelstein.|Combinez plusieurs gemmes pour en créer une plus puissante. |Fabricación: Combina múltiples gemas en una gema más poderosa.|Połącz wiele klejnotów w potężniejszy klejnot.
|||||||||||
[Materials]|||||||||||
material_jewel_bloodstone|Bloodstone||Pedra-sangue|Кровавый Камень|血石|ブラッドストーン|블러드스톤 (Bloodstone)|Blutstein|Pierre-sang|Piedra de Sangre|Bloodstone
material_jewel_snake_tooth|Snake Tooth||Dente de Cobra|Змеиный Зуб|蛇牙|スネークトゥース|뱀 이빨 (Snake Tooth)|Schlangenzahn|Dent de serpent|Diente de Serpiente|Ząb Węża
material_jewel_copperstone|Copperstone||Pedra de Cobre|Медный камень|銅石|カッパーストーン|구리석 (Copperstone)|Kupferstein|Cuivre|Piedra de Cobre|Copperstone
material_jewel_liquate|Liquate||Liquato|Сжижать|液化石|リクエイト|리퀘이트 (Liquate)|Flüssigkristall|Liquate|Licuado|Liquate
material_jewel_darkstone|Darkstone||Pedra-negra|Темный Камень|黑石|ダークストーン|암석 (Darkstone)|Dunkelstein|Pierre-sombre|Piedra Oscura|Darkstone
material_jewel_lesser_impstone|Lesser Impstone||Impstone Menor|Меньший Импстоун|小惡魔石|レッサーインプストーン|소형 임프스톤 (Lesser Impstone)|Kleiner Koboldstein|Petite pierre-démon|Piedra Ígnea Menor|Mniejszy Impstone
material_jewel_iron_opal|Iron Opal||Opala de Ferro|Железный Опал|鐵蛋白石|アイアンオパール|철 오팔 (Iron Opal)|Eisenopal|Opale de fer|Ópalo Férreo|Żelazny Opal
material_jewel_shadow_stone|Shadow Stone||Pedra das Sombras|Теневой Камень|暗影石|シャドウストーン|그림자석 (Shadow Stone)|Schattenstein|Pierre d'ombre|Piedra Sombría|Kamień Cienia
material_jewel_twilight_citrine|Twilight Citrine||Citrino Crepuscular|Сумеречный Цитрин|暮光黃水晶|トワイライトシトリン|황혼 시트린 (Twilight Citrine)|Dämmerungscitrin|Citrine crépusculaire|Citrino Crepuscular|Ciemny Cytryn
material_jewel_ocean_agate|Ocean Agate||Ágata do Oceano|Океанский Агат|海洋瑪瑙|オーシャンアゲート|해양 아게이트 (Ocean Agate)|Ozeanachat|Agate océanique|Ágata Oceánica|Oceaniczny Agat
material_jewel_greater_impstone|Greater Impstone||Impstone Maior|Больший Импстоун|大惡魔石|グレーターインプストーン|대형 임프스톤 (Greater Impstone)|Großer Koboldstein|Grande pierre-démon|Piedra Ígnea Mayor|Większy Impstone
material_jewel_huge_spessarite|Huge Spessarite||Espessarita Enorme|Огромный Спессарит|巨大錳鎂石榴石|ヒュージスペッサライト|거대한 스페사라이트 (Huge Spessarite)|Riesiger Spessarit|Spessarite massive|Espesartina Enorme|Ogromny Spessartyt
material_jewel_cardinal_ruby|Cardinal Ruby||Rubi Cardinal|Кардинал Рубин|鮮紅紅寶石|カーディナルルビー|진홍의 루비 (Cardinal Ruby)|Kardinalrubin|Rubis cardinal|Rubí Cardenal|Kardynalny Rubin
material_jewel_flaming_core|Flaming Core||Núcleo Flamejante|Пылающее Ядро|火焰核心|フレイミングコア|불타는 핵 (Flaming Core)|Flammender Kern|Noyau flamboyant|Núcleo Llameante|Płonące Jądro
material_jewel_demon_tooth|Demon Tooth||Dente de Demônio|Зуб Демона|惡魔之牙|デーモントゥース|악마 이빨 (Demon Tooth)|Dämonenzahn|Dent démoniaque|Diente de Demonio|Ząb Demona
material_jewel_ketamineral|Ketamineral||Ketamineral|Кетаминерал|卡塔礦石|ケタミネラル|케타미네랄 (Ketamineral)|Ketamineral|Kétamineral|Ketamineral|Ketamineral
material_jewel_jadenium_powder|Jadenium Powder||Pó de Jadenium|Порошок жадеита|玉石粉|ジャデニウムパウダー|자데늄 가루 (Jadenium Powder)|Jadenpulver|Poudre de Jadenium|Polvo de Jadenio|Proszek Jadenium
material_jewel_satans_nail|Satans Nail||Unha de Satã|Сатанинский Гвоздь|撒旦指甲|サタンズネイル|사탄의 못 (Satans Nail)|Satans Nagel|Ongle de Satan|Uña de Satán|Pazur Satana
material_jewel_inferno_stone|Inferno Stone||Pedra Infernal|Адский Камень|煉獄石|インフェルノストーン|지옥석 (Inferno Stone)|Infernostein|Pierre infernale|Piedra Infernal|Kamień Inferna
material_jewel_hellstar|Hellstar||Estrela Infernal|Адская Звезда|地獄之星|ヘルスター|지옥별 (Hellstar)|Höllenstern|Étoile infernale|Estrella Infernal|Hellstar
material_jewel_tarethium_core|Tarethium Core||Núcleo de Tarethium|Ядро из таретия|塔雷希爾核心|タレスィウムコア|타레시움 핵 (Tarethium Core)|Tarethiumkern|Noyau de tarethium|Núcleo de Taretio|Rdzeń Taretium
material_jewel_dark_matter|Dark Matter||Matéria Negra|Темная Материя|暗物質|ダークマター|암흑 물질 (Dark Matter)|Dunkle Materie|Matière noire|Materia Oscura|Ciemna Materia
material_jewel_demon_soulstone|Demon Soulstone||Pedra da Alma do Demônio|Камень Души Демона|惡魔靈魂石|デーモンソウルストーン|악마 영혼석 (Demon Soulstone)|Dämonenseelenstein|Pierre d'âme démoniaque|Piedra de Alma Demoníaca|Kamień Duszy Demona
material_jewel_storm_opal|Storm Opal||Opala da Tempestade|Штормовой Опал|暴風蛋白石|ストームオパール|폭풍 오팔 (Storm Opal)|Sturmopal|Opale de tempête|Ópalo de Tormenta|Opal Burzy
material_jewel_frame_low|Bronze Framing||Moldura de Bronze|Бронзовое Обрамление|青銅框架|ブロンズフレーミング|청동 테두리 (Bronze Framing)|Bronzerahmen|Chaton de bronze|Engarce de Bronce|Brązowa Oprawa
material_jewel_frame_mid|Silver Framing||Moldura Prateada|Серебряное Обрамление|白銀框架|シルバーフレーミング|은 테두리 (Silver Framing)|Silberrahmen|Chaton d'argent|Engarce de Plata|Srebrna Oprawa
material_jewel_frame_high|Golden Framing||Moldura Dourada|Золотое Обрамление|黃金框架|ゴールデンフレーミング|금 테두리 (Golden Framing)|Goldrahmen|Chaton d'or|Engarce Dorado|Złota Oprawa
material_mining_copper_ore|Copper Ore||Minério de Cobre|Медная руда|銅礦石|カッパーオア|구리 광석 (Copper Ore)|Kupfererz|Minerai de cuivre|Mineral de Cobre|Ruda Miedzi
material_mining_iron_ore|Iron Ore||Minério de Ferro|Железная руда|鐵礦石|アイアンオア|철 광석 (Iron Ore)|Eisenerz|Minerai de fer|Mineral de Hierro|Ruda Żelaza
material_mining_gold_ore|Gold Ore||Minério de Ouro|Золотая Руда|黃金礦石|ゴールドオア|금 광석 (Gold Ore)|Golderz|Minerai d'or|Mineral de Oro|Ruda Złota
material_mining_ruby_ore|Ruby Ore||Minério de Rubi|Рубиновая руда|紅寶石礦石|ルビーオア|루비 광석 (Ruby Ore)|Rubinerz|Minerai de rubis|Mineral de Rubí|Ruda Rubinu
material_mining_jade_ore|Jade Ore||Minério de Jade|Нефритовая Руда|玉礦石|ジェイドオア|옥 광석 (Jade Ore)|Jadeerz|Minerai de jade|Mineral de Jade|Ruda Jadeitu
material_mining_tarethium_ore|Tarethium Ore||Minério de Tarethium|Таретиевая руда|塔雷希爾礦石|タレスィウムオア|타레시움 광석 (Tarethium Ore)|Tarethiumerz|Minerai de tarethium|Mineral de Taretio|Ruda Taretium
material_salvage_minor_satanic_dust|Minor Satanic Dust||Pó Satânico Inferior|Незначительная Сатанинская Пыль|少量撒旦之塵(D)|マイナーサタニックダスト|소형 사탄 먼지 (Minor Satanic Dust)|Geringer Satanischer Staub|Cendre satanique mineure|Polvo Satánico Menor|Mniejszy Pył Satanic
material_salvage_lesser_satanic_dust|Lesser Satanic Dust||Pó Satânico Menor|Меньшая Сатанинская Пыль|次級撒旦之塵(C)|レッサーサタニックダスト|소형 사탄 먼지 (Lesser Satanic Dust)|Geringer Satanischer Staub|Cendre satanique inférieure|Polvo Satánico Inferior|Mniejszy Pył Satanic
material_salvage_satanic_dust|Satanic Dust||Pó Satânico |Сатанинская Пыль|撒旦之塵(B)|サタニックダスト|사탄 먼지 (Satanic Dust)|Satanischer Staub|Cendre satanique|Polvo Satánico|Pył Satanic
material_salvage_rich_satanic_dust|Rich Satanic Dust||Pó Satânico Rico|Богатая Сатанинская Пыль|豐富撒旦之塵(A)|リッチサタニックダスト|풍부한 사탄 먼지 (Rich Satanic Dust)|Reicher Satanischer Staub|Cendre satanique supérieure|Polvo Satánico Rico|Bogaty Pył Satanic
material_salvage_empowered_satanic_dust|Empowered Satanic Dust||Pó Satânico Poderoso|Наделенная Властью Сатанинская Пыль|強化撒旦之塵(S)|エンパワードサタニックダスト|강화된 사탄 먼지 (Empowered Satanic Dust)|Verstärkter Satanischer Staub|Cendre satanique renforcée|Polvo Satánico Potenciado|Wzmocniony Pył Satanic
material_salvage_purified_satanic_dust|Purified Satanic Dust||Pó Satânico Purificado|Очищенная Сатанинская Пыль|純淨撒旦之塵(SS)|ピュリファイドサタニックダスト|정화된 사탄 먼지 (Purified Satanic Dust)|Gereinigter Satanischer Staub|Cendre satanique purifiée|Polvo Satánico Purificado|Oczyszczony Pył Satanic
material_salvage_angelic_dust|Angelic Dust||Pó Angelical|Ангельская Пыль|天使之塵|エンジェリックダスト|천사 먼지 (Angelic Dust)|Engelsstaub|Cendre angélique|Polvo Angelical|Pył Anielski
material_ahtos_rat|Ahto's Rat||Rato do Ahto|Крыса Ахто|阿托的老鼠(合成材料)|アートズラット|아토의 쥐 (Ahto's Rat)|Ahtos Ratte|Rat d'Ahto|Rata de Ahto|Szczur Ahto
material_jussis_bong|Jussi's Bong||Bong do Jussi|Бонг Юсси|尤西的水煙壺(合成材料)|ジュッシーズボング|주시의 봉 (Jussi's Bong)|Jussis Bong|Bang de Jussi|Bong de Jussi|Bong Jussiego
material_sheep_pelt|Sheep Pelt||Pele de Ovelha|Овечья Шкура|羊皮(合成材料)|シープペルト|양가죽 (Sheep Pelt)|Schafsfell|Peau d'agneau|Piel de Oveja|Skóra Owcy
material_satanic_dice|Satanic Dice||Dados Satânicos|Сатанинские кости|撒旦骰子|サタニックダイス|사탄 주사위 (Satanic Dice)|Satanische Würfel|Dés sataniques|Dado Satánico|Sataniczna Kostka
material_enchanted_sigil|Enchanted Sigil||Sigilo Encantado|Зачарованный символ|魔法符印 |エンチャンテッドシジル|인챈트된 시길 (Enchanted Sigil)|Verzaubertes Siegel|Sceau enchanté |Sello Encantado|Zaczarowany Sigil
material_god_empowered_mage_emblem|God Empowered Mage Emblem||Emblema de Mago Empoderado por Deus|Эмблема мага, наделенного божественной силой|神授法師徽記|ゴッドエンパワードメイジエンブレム|신의 권능을 받은 마법사 문장 (God Empowered Mage Emblem)|Emblem des gottermächtigten Magiers|Emblème de Mage divin|Emblema de Mago Potenciado por Dios|Bóg Wzmocniony Emblemat Maga
material_god_empowered_warrior_emblem|God Empowered Warrior Emblem||Emblema de Guerreiro Empoderado por Deus|Эмблема воина, наделенного божественной силой|神授戰士徽記|ゴッドエンパワードウォリアーエンブレム|신의 권능을 받은 전사 문장 (God Empowered Warrior Emblem)|Emblem des gottermächtigten Kriegers|Emblème de Guerrier divin|Emblema de Guerrero Potenciado por Dios|Bóg Wzmocniony Emblemat Wojownika
material_god_empowered_ranger_emblem|God Empowered Ranger Emblem||Emblema de Patrulheiro Empoderado por Deus|Эмблема рейнджера, наделенного божественной силой|神授遊俠徽記|ゴッドエンパワードレンジャーエンブレム|신의 권능을 받은 레인저 문장 (God Empowered Ranger Emblem)|Emblem des gottermächtigten Waldläufers|Emblème de Rôdeur divin|Emblema de Explorador Potenciado por Dios|Bóg Wzmocniony Emblemat Rangera
material_devil_empowered_emblem|Devil Empowered Emblem||Emblema Empoderado pelo Diabo|Эмблема дьявола, наделенная силой|惡魔授予的徽記|デビルエンパワードエンブレム|악마 권능 문장 (Devil Empowered Emblem)|Emblem des teuflischermächtigten Magiers|Emblème diabolique|Emblema Potenciado por el Diablo|Diabeł Wzmocniony Emblemat
material_salvage_lesser_unstable_dust|Lesser Unstable Dust||Pó Instável Menor|Малая нестабильная пыль|較小的不穩定粉塵|レッサーアンステイブルダスト|소형 불안정 먼지 (Lesser Unstable Dust)|Geringer Instabiler Staub|Poussière instable mineure|Polvo Inestable Menor|Mniejszy Niestabilny Pył
material_salvage_unstable_dust|Unstable Dust||Pó Instável|Нестабильная пыль|不穩定粉塵|アンステイブルダスト|불안정 먼지 (Unstable Dust)|Instabiler Staub|Poussière instable|Polvo Inestable|Niestabilny Pył
material_salvage_greater_unstable_dust|Greater Unstable Dust||Pó Instável Maior|Большая нестабильная пыль|更大的不穩定粉塵|グレーターアンステイブルダスト|대형 불안정 먼지 (Greater Unstable Dust)|Großer Instabiler Staub|Poussière instable supérieure|Polvo Inestable Mayor|Większy Niestabilny Pył
material_tinkerers_toolkit|Tinkerer's Toolkit||Kit de Ferramentas do Consertador|Набор инструментов изобретателя|修補匠的工具包|ティンカーズツールキット|팅커러 도구 세트 (Tinkerer's Toolkit)|Werkzeugkasten des Bastlers|Kit de bricoleur|Kit de Herramientas del Manitas|Zestaw Narzędzi Majsterkowicza
material_salvage_minor_mythic_dust|Minor Mythic Dust||Pó Mítico Menor|Малая мифическая пыль|少量神話之塵|マイナーミシックダスト|작은 신화 먼지 (Minor Mythic Dust)|Geringer Mythischer Staub|Poussière mythique mineure|Polvo Mítico Menor|Mniejszy Pył Mythic
material_salvage_lesser_mythic_dust|Lesser Mythic Dust||Pó Mítico Menor|Малая мифическая пыль|次級神話之塵|レッサーミシックダスト|소형 신화 먼지 (Lesser Mythic Dust)|Geringer Mythischer Staub|Poussière mythique mineure|Polvo Mítico Inferior|Mniejszy Pył Mythic
material_salvage_mythic_dust|Mythic Dust||Pó Mítico|Мифическая пыль|神話之塵|ミシックダスト|신화 먼지 (Mythic Dust)|Mythischer Staub|Poussière mythique|Polvo Mítico|Pył Mythic
material_salvage_empowered_mythic_dust|Empowered Mythic Dust||Pó Mítico Empoderado|Наделенная силой мифическая пыль|強化神話之塵|エンパワードミシックダスト|강화된 신화 먼지 (Empowered Mythic Dust)|Ermächtigter Mythischer Staub|Poussière mythique renforcée|Polvo Mítico Potenciado|Wzmocniony Pył Mythic
material_salvage_rich_mythic_dust|Rich Mythic Dust||Pó Mítico Rico|Богатая мифическая пыль|豐富的神話之塵|リッチミシックダスト|풍부한 신화 먼지 (Rich Mythic Dust)|Reicher Mythischer Staub|Poussière mythique riche|Polvo Mítico Rico|Bogaty Pył Mythic
material_satanic_crystal|Satanic Crystal||Cristal Satânico|Сатанинский кристалл|撒旦水晶|サタニッククリスタル|사탄 수정 (Satanic Crystal)|Satanischer Kristall|Cristal satanique|Cristal Satánico|Sataniczny Kryształ
material_reflection_of_tarethiel|Reflection of Tarethiel||Reflexo de Tarethiel|Отражение Таретиэля|塔雷希爾的倒影|タレスィエルのリフレクション|타레시엘의 반사 (Reflection of Tarethiel)|Spiegelbild von Tarethiel|Reflet de Tarethiel|Reflejo de Tarethiel|Odbicie Tarethiela
material_satanic_crystal_fragment|Satanic Crystal Fragment||Fragmento de Cristal Satânico|Фрагмент сатанинского кристалла|撒旦水晶碎片|サタニッククリスタルフラグメント|사탄 수정 파편 (Satanic Crystal Fragment)|Satanisches Kristallfragment|Fragment de cristal satanique|Fragmento de Cristal Satánico|Fragment Kryształu Satanic
material_codex_page|Codex Page||Página do Códice|Страница кодекса|法典頁面|コデックスページ|코덱스 페이지 (Codex Page)|Kodexseite|Page du codex|Página de Códice|Strona Kodeksu
material_prophets_wisdom|Prophet's Wisdom||Sabedoria do Profeta|Мудрость пророка|先知的智慧|預言者の知恵|예언자의 지혜 (Prophet's Wisdom)|Weisheit des Propheten|Sagesse du prophète|Sabiduría del Profeta|Mądrość Proroka
material_gypsys_prophecy|Gypsy's Prophecy||Profecia da Cigana|Пророчество цыганки|吉普賽的預言|ジプシーの予言|집시의 예언 (Gypsy's Prophecy)|Prophezeiung der Zigeunerin|Prophétie de la gitane|Profecía de la Gitana|Przepowiednia Cyganii
material_destiny_shard|Destiny Shard||Fragmento do Destino|Осколок судьбы|命運碎片|運命の欠片|운명의 파편 (Destiny Shard)|Schicksalssplitter|Éclat du destin|Esquirla del Destino|Odłamek Przeznaczenia
material_blacksmiths_mallet|Blacksmith's Mallet||Malho do Ferreiro|Кузнечный молоток|鐵匠之槌|鍛冶屋のマレット|대장장이 망치 (Blacksmith's Mallet)|Schmiedhammer|Marteau du forgeron|Mazo del Herrero|Młotek Kowala
material_destiny_shard_fragment|Destiny Shard Fragment||Fragmento do Fragmento do Destino|Фрагмент осколка судьбы|命運碎片殘片|運命の欠片の断片|운명의 파편 조각 (Destiny Shard Fragment)|Schicksalssplitterfragment|Fragment d'éclat du destin|Fragmento de Esquirla del Destino|Odłamek Odłamka Przeznaczenia
material_blessed_dice|Blessed Dice||Dados Abençoados|Благословенные кости|祝福骰子|祝福されたダイス|축복받은 주사위 (Blessed Dice)|Gesegnete Würfel|Dés bénis|Dados Benditos|Błogosławiona Kostka
material_essence_of_chaos|Essence of Chaos||Essência do Caos|Суть хаоса|混沌精華|カオスのエッセンス|혼돈의 정수 (Essence of Chaos)|Essenz des Chaos|Essence du chaos|Esencia del Caos|Esencja Chaosu
material_infernal_codex_page|Infernal Codex Page||Página do Códice Infernal|Страница адского кодекса|煉獄法典書頁|インフェルナルコーデックスのページ|지옥의 코덱스 페이지 (Infernal Codex Page)|Infernalische Kodexseite|Page du codex infernal|Página del Códice Infernal|Strona Infernalnego Kodeksu
material_angels_wisdom|Angel's Wisdom||Sabedoria do Anjo |Мудрость ангела |天使的智慧 |天使の知恵 |천사의 지혜 (Angel's Wisdom)|Weisheit des Engels|Sagesse de l'ange |Sabiduría del Ángel |Mądrość Anioła
material_blacksmiths_mallet_fragment|Mallet Fragment||Fragmento de Malho|Фрагмент молота|鐵匠之槌碎片|マレットの破片|망치 파편|Hammer-Fragment|Fragment de maillet|Fragmento de Mazo|Fragment młotka
material_gypsys_prophecy_fragment|Gypsy´s Fragment||Fragmento da Cigana|Фрагмент цыганки|吉普賽預言碎片|ジプシーの破片|집시의 파편|Gypsy-Fragment|Fragment de la gitane|Fragmento de Profecía|Fragment Cyganki
material_satanic_dice_fragment|Dice Fragment||Fragmento de Dado |Фрагмент игральной кости |撒旦骰子碎片|ダイスの破片 |주사위 파편|Würfel-Fragment |Fragment de dé |Fragmento de Dado|Fragment kostki do gry
|||||||||||
lore_material_satanic_dice|Roll the dice in the crafting cube for a chance to upgrade or corrupt an item.||Role os dados no cubo de criação para ter a chance de aprimorar ou corromper um item.|Бросьте кубик на кубике крафта, чтобы получить шанс улучшить или испортить предмет.|重骰裝備詞綴的數值範圍，有機率腐化裝備|クラフティングキューブでサイコロを振って、アイテムをアップグレードまたはコラプトするチャンス。|제작 큐브에서 주사위를 굴려 아이템을 업그레이드하거나 타락시킬 수 있는 기회를 얻습니다.|Würfle im Handwerkswürfel, um einen Gegenstand zu verbessern oder zu verderben.|Lancez le Cube de Création pour améliorer ou corrompre un objet.|Lanza el Cubo de Creación para mejorar o corromper un objeto.|Rzuć kostką w kostce rzemieślniczej, aby mieć szansę na ulepszenie lub zepsucie przedmiotu.
lore_material_jussis_bong|Its pretty dirty but it does the job!||É bem sujo, mas funciona!|Это довольно грязно, но работает!|它很髒，但它能完成工作！|かなり汚いけど、ちゃんと役に立つ！|꽤 지저분하지만 제 역할은 합니다!|Ziemlich eklig, aber es erfüllt seinen Zweck!|C'est plutôt répugnant, mais efficace !|¡Qué asco, pero funciona!|Jest dość brudny, ale robi robotę!
lore_material_ahtos_rat|Disgusting.. These can be found all over Ahto's desk..||Que nojo... Dá para encontrar isso por toda a mesa do Ahto...|Грр... Это можно найти повсюду на столе Ато...|嘔…這些都可以在阿托的桌子上找到……|気持ち悪い…これはアートの机のあちこちで見つかる。|역겹군요... 아흐토의 책상 위 어디에서나 발견됩니다.|Ekelhaft … Die Dinger findet man überall auf Ahtos Schreibtisch …|Dégoûtant… On en trouve partout sur le bureau d'Ahto…|¡Qué repugnante! Puedes encontrar estas cosas por todo el escritorio de Ahto…|Obrzydliwe.. Można je znaleźć wszędzie na biurku Ahto..
lore_material_sheep_pelt|Extremely comfy, Behhhhhh!||Extremamente confortável, Behhhhhh! |Чрезвычайно удобно, Бе-е-е-е!|非常舒適，咩！|とても快適、ベェェェ！|매우 편안합니다. Behhhhhh!|Extrem bequem, igitt!|Extrêmement pratique, beurk !|¡Extremadamente práctico, qué asco!|Ekstremalnie wygodny, Behhhhhh!
lore_material_god_empowered_mage_emblem|This holy artifact is imbued into a weapon enchanting it with divine spell power.||Este artefato sagrado é imbuído em uma arma, encantando-a com poder mágico divino.|Этот священный артефакт вживляется в оружие, зачаровывая его божественной магической силой.|這件神聖的神器被注入一件武器中，賦予它神聖的法術力量|この聖なるアーティファクトは武器に込められ、神聖な呪文の力を付与する。|이 성스러운 유물은 무기에 주입되어 신성한 주문의 힘을 부여합니다.|Dieses heilige Artefakt wird in eine Waffe eingebrannt und verleiht ihr göttliche Zauberkraft.|Cet artefact sacré est gravé sur une arme, lui conférant un pouvoir magique divin.|Este artefacto sagrado se imprime en un arma, otorgándole poder mágico divino.|Ten święty artefakt jest nasączony w broń, zaczarowując ją boską mocą czaru.
lore_material_god_empowered_warrior_emblem|This holy artifact is imbued into a weapon enchanting it with divine combat power.||Este artefato sagrado é imbuído em uma arma, encantando-a com poder de combate divino.|Этот священный артефакт вживляется в оружие, зачаровывая его божественной боевой силой.|這件神聖的神器被注入一種武器中，賦予它神聖的戰鬥力|この聖なるアーティファクトは武器に込められ、神聖な戦闘力を付与する。|이 성스러운 유물은 무기에 주입되어 신성한 전투력을 부여합니다.|Dieses heilige Artefakt wird in eine Waffe eingebrannt und verleiht ihr göttliche Kampfkraft.|Cet artefact sacré est gravé sur une arme, lui conférant un pouvoir de combat divin.|Este artefacto sagrado se imprime en un arma, otorgándole poder de combate divino.|Ten święty artefakt jest nasączony w broń, zaczarowując ją boską mocą walki.
lore_material_god_empowered_ranger_emblem|This holy artifact is imbued into a weapon enchanting it with divine ranged power.||Este artefato sagrado é imbuído em uma arma, encantando-a com poder de ataque à distância divino.|Этот священный артефакт вживляется в оружие, зачаровывая его божественной силой атаки дальнего боя.|這件神聖的神器被注入一件武器中，賦予它神聖的遠程力量。|この聖なるアーティファクトは武器に込められ、神聖な遠距離攻撃力を付与する。|이 성스러운 유물은 무기에 주입되어 신성한 원거리 힘을 부여합니다.|Dieses heilige Artefakt wird in eine Waffe eingebrannt und verleiht ihr göttliche Fernkampfkraft.|Cet artefact sacré est gravé sur une arme, lui conférant un pouvoir de combat à distance divin.|Este artefacto sagrado se imprime en un arma, otorgándole poder de combate a distancia divino.|Ten święty artefakt jest nasączony w broń, zaczarowując ją boską mocą dystansową.
lore_material_devil_empowered_emblem|This unholy emblem will balance out the holy enchant in an item rendering it stronger.||Este emblema profano equilibrará o encantamento sagrado em um item, tornando-o mais forte. |Эта нечестивая эмблема уравновесит священное зачарование предмета, сделав его сильнее.|這個邪惡的徽章將平衡物品中的神聖附魔，使其變得更強|サタニック ダイスは、サタニック アイテムのシードとステータス範囲を再ロールするために使用できます。アイテムが破損し、ステータスの一部が失われる可能性があります。破損したアイテムは、市場で販売したり、サタニック ダイスで使用したりすることはできません。|이 불경한 문장은 아이템의 성스러운 마법을 균형 있게 조정하여 더욱 강하게 만듭니다.|Dieses unheilige Emblem gleicht die heilige Verzauberung eines Gegenstands aus und verstärkt ihn.|Cet emblème impie contrecarre l'enchantement sacré d'un objet, le renforçant.|Este emblema impío contrarresta el encantamiento sagrado de un objeto, potenciándolo.|Ten nieświęty emblemat zrównoważy święte zaczarowanie w przedmiocie, czyniąc go silniejszym.
lore_material_tinkerers_toolkit|Can be used to tinker common items.||Pode ser usado para modificar itens comuns.|Может использоваться для модификации обычных предметов.|可用於重骰一般物品。|ティンカーのツールキットは、一般的なアイテム ベースの再ロールに使用できます。アイテム全体が新しいシードで再ロールされ、すべての属性が変更されます。|일반 아이템을 손볼 때 사용할 수 있습니다.|Kann verwendet werden, um gewöhnliche Gegenstände zu verändern.|Peut être utilisé pour modifier des objets ordinaires.|Puede usarse para alterar objetos comunes.|Może być użyty do majsterkowania zwykłych przedmiotów.
lore_material_satanic_crystal|Unleash ancient dark knowledge on a chosen item adding a random affix to it or destroying it for eternity..||Libere conhecimento ancestral sombrio em um item escolhido, adicionando um modificador aleatório ou destruindo-o para sempre.|Высвободите темные древние знания в выбранный предмет, добавив случайный модификатор или уничтожив его навсегда.|將古老的黑暗知識釋放到所選物品上， 為其添加新的隨機詞綴或永遠摧毀它. |選ばれたアイテムに古代の暗黒知識を解き放ち、ランダムな付加効果を付与するか、永遠に破壊する。|고대의 어둠의 지식을 아이템에 풀어 무작위 접미어를 부여하거나 영원히 파괴시킵니다.|Entfessle uraltes dunkles Wissen auf einen ausgewählten Gegenstand und füge ihm einen zufälligen Effekt hinzu oder zerstöre ihn für immer.|Déchaînez une connaissance obscure ancestrale sur un objet sélectionné, ajoutant un effet aléatoire ou le détruisant définitivement.|Desata un antiguo conocimiento oscuro sobre un objeto seleccionado, añadiendo un efecto aleatorio o destruyéndolo para siempre.|Uwolnij pradawną ciemną wiedzę na wybrany przedmiot, dodając losowy afiks lub niszcząc go na wieczność..
lore_material_reflection_of_tarethiel|Creates a perfect reflection of any item. The new item will be tagged as mirrored thus cannot be reflected again.||Cria um reflexo perfeito de qualquer item. O novo item será marcado como espelhado e, portanto, não poderá ser refletido novamente.|Создает идеальное отражение любого предмета. Новый предмет будет помечен как зеркальное отражение и, следовательно, не сможет быть отражен снова.|完美複製任何物品。 新物品將被標記為鏡像， 因此無法再次被複製。 |任意のアイテムの完全なリフレクション（複製）を作成する。元のアイテムと新しいアイテムはどちらもリフレクションとしてタグ付けされ、再びリフレクト（複製）することはできない。|어떤 아이템이든 완벽하게 복제합니다. 원본 아이템과 복제된 아이템 모두 복제됨으로 표시되며 다시 복제할 수 없습니다.|Erzeugt ein perfektes Spiegelbild eines beliebigen Gegenstands. Der neue Gegenstand wird als gespiegelt markiert und kann daher nicht erneut gespiegelt werden.|Crée une image miroir parfaite de n'importe quel objet. Le nouvel objet est marqué comme miroir et ne peut donc plus être dupliqué.|Crea una imagen especular perfecta de cualquier objeto. El nuevo objeto se marca como reflejado y, por lo tanto, no se puede reflejar de nuevo.|Tworzy idealne odbicie dowolnego przedmiotu. Nowy przedmiot będzie oznaczony jako mirrored, więc nie można go ponownie odbić.
lore_material_satanic_crystal_fragment|Combine 500 to conjure a satanic crystal.||Combine 500 para conjurar um cristal satânico.|Объедините 500, чтобы создать сатанинский кристалл.|結合 500 個即可召喚出一塊撒旦水晶。|500個を組み合わせてサタニッククリスタルを生成する。|500개를 모아 사탄의 수정으로 만들 수 있습니다.|Kombiniere 500, um einen satanischen Kristall zu beschwören.|Combinez-en 500 pour invoquer un cristal satanique.|Combina 500 para invocar un cristal satánico.|Połącz 500, aby wyczarować satanic crystal.
lore_material_prophets_wisdom|The prophet's eternal wisdom uncorrupts any item that is Heroic or lower..||A sabedoria eterna do profeta cura qualquer item de nível Heroico ou inferior.|Вечная мудрость пророка исцеляет любой предмет героического уровня или ниже.|先知的永恆智慧可以修復任何已腐化的英雄級或更低階的物品。|預言者の永遠の知恵は、どんなアイテムも腐敗させない。|예언자의 영원한 지혜는 어떤 아이템도 부패하지 않게 한다..|Die ewige Weisheit des Propheten reinigt jeden Gegenstand, der heroisch oder niedriger ist.|La Sagesse Éternelle du Prophète purifie tout objet de rang Héroïque ou inférieur.|La Sabiduría Eterna del Profeta purifica cualquier objeto de rango Heroico o inferior.|Mądrość proroka oczyszcza dowolny przedmiot, który jest Heroiczny lub niższy..
lore_material_gypsys_prophecy|If the prophecy is positive it enhances any item but if its negative, anything can happen.. (Only SS tier items)||Se a profecia for positiva, ela aprimora qualquer item, mas se for negativa, tudo pode acontecer. (Apenas itens de nível SS) |Если пророчество положительное, оно усиливает любой предмет, но если отрицательное, может произойти всё что угодно. (Только для предметов уровня SS)|如果預言是好的， 它會增強任何物品， 但如果是壞的， 任何事情都可能發生...（僅限 SS 級物品）|予言が良いものであれば、どんなアイテムでも強化するが、悪いものであれば何が起こるかわからない。（SSランクのアイテムのみ）|예언이 긍정적이면 어떤 아이템도 강화하지만, 부정적이면 무슨 일이든 일어날 수 있다.. (SS 등급 아이템에만 적용)|Ist die Prophezeiung positiv, verbessert sie jeden Gegenstand; ist sie negativ, kann alles passieren. (Nur Gegenstände der SS-Stufe)|Si la prophétie est positive, elle améliore n'importe quel objet ; si elle est négative, tout est possible. (Objets de rang SS uniquement)|Si la profecía es positiva, mejora cualquier objeto; si es negativa, cualquier cosa puede suceder. (Solo objetos de rango SS)|Jeśli przepowiednia jest pozytywna, wzmacnia dowolny przedmiot, ale jeśli jest negatywna, wszystko może się zdarzyć.. (Tylko przedmioty SS tier)
lore_material_destiny_shard|If your destiny is positive it enhances any item but if its negative, anything can happen.. (Maximum tier is S)||Se o seu destino for positivo, ele aprimora qualquer item, mas se for negativo, tudo pode acontecer. (Nível máximo: S)|Если ваша судьба положительная, она усиливает любой предмет, но если отрицательная, может произойти всё что угодно. (Максимальный уровень: S)|如果您的命運是好的， 它會增強任何物品， 但如果它是壞的， 任何事情都可能發生......（最高等級為 S階物品）|運命が良ければどんなアイテムでも強化されるが、悪ければ何が起こるかわからない。（最大ランクはS）|운명이 긍정적이면 어떤 아이템도 강화하지만, 부정적이면 무슨 일이든 일어날 수 있다.. (최대 등급은 S)|Ist dein Schicksal positiv, verbessert es jeden Gegenstand; ist es negativ, kann alles passieren. (Maximale Stufe: S)|Si votre destinée est positive, elle améliore n'importe quel objet ; si elle est négative, tout est possible. (Rang maximum : S)|Si tu destino es positivo, mejora cualquier objeto; si es negativo, cualquier cosa puede suceder. (Rango máximo: S)|Jeśli twoje przeznaczenie jest pozytywne, wzmacnia dowolny przedmiot, ale jeśli jest negatywne, wszystko może się zdarzyć.. (Maksymalny tier to S)
lore_material_blacksmiths_mallet|Deletes sockets from a common item.||Remove engastes de um item comum.|Удаляет гнезда из обычного предмета.|刪除普通物品上的鑲孔。|一般アイテムのソケットを削除する。|일반 아이템에서 소켓을 삭제한다.|Entfernt Sockel von einem gemeinsamen Gegenstand.|Retire les châsses d'un objet commun.|Elimina ranuras de un objeto común.|Niszczy gniazda z zwykłego przedmiotu.
lore_material_destiny_shard_fragment|Pieces of your destiny..||Fragmentos do seu destino...|Фрагменты вашей судьбы...|你的命運碎片……|あなたの運命の欠片。|당신의 운명의 조각들..|Teile deines Schicksals...|Partagez votre destinée…|Comparte tu destino...|Kawałki twojego przeznaczenia..
lore_material_blessed_dice|Change the essence of a powerful item..||Altera a essência de um item poderoso...|Изменяет сущность мощного предмета...|改變強力物品的本質……|強力なアイテムのエッセンスを変える。|강력한 아이템의 정수를 바꾼다..|Verändere das Wesen eines mächtigen Gegenstandes.|Modifie la nature d'un objet puissant.|Cambia la naturaleza de un objeto poderoso.|Zmień esencję potężnego przedmiotu..
lore_material_essence_of_chaos|When imbued to an infernal codex, anything can happen..||Quando imbuído em um códice infernal, tudo pode acontecer...|При погружении в адский кодекс может произойти всё что угодно...|當被注入煉獄法典時，任何事情都可能發生……|インフェルナルコーデックスに宿すと、何が起こるかわからない。|인페르날 코덱스에 주입되면 어떤 일이든 일어날 수 있다..|Wenn ein infernalischer Kodex damit verbunden wird, ist alles möglich.|Si un Codex Infernal y est attaché, tout est possible.|Si se le adjunta un Códice Infernal, cualquier cosa es posible.|Gdy nasączony w infernalny kodeks, wszystko może się zdarzyć..
lore_material_angels_wisdom|The angel's eternal wisdom uncorrupts any item that is Angelic or higher..||A sabedoria eterna do anjo cura qualquer item angelical ou superior... |Вечная мудрость ангела исцеляет любой ангельский предмет или предмет более высокого уровня... |天使永恆的智慧能夠修復已腐化的任何天使或更高階級的物品……  |天使の永遠の知恵は、天使的あるいはそれ以上の存在であるあらゆるものを浄化する。 |천사의 영원한 지혜는 천사적이거나 그보다 더 높은 존재를 상징하는 모든 것을 오염되지 않게 합니다. |Die ewige Weisheit des Engels reinigt alles, was engelhaft oder höherwertig ist.|La Sagesse Éternelle de l'Ange purifie tout objet de rang Angélique ou supérieur. |La Sabiduría Eterna del Ángel purifica cualquier objeto de rango Angélico o superior. |Mądrość anioła oczyszcza dowolny przedmiot, który jest Anielski lub wyższy..
lore_material_blacksmiths_mallet_fragment|Shard of a blacksmith´s mallet..||Fragmento de um martelo de ferreiro...|Осколок кузнечного молотка.|鐵匠之槌的碎片……|鍛冶屋の木槌の破片……|대장장이의 망치 조각..|Splitter eines Schmiedehammers...|Éclat de maillet de forgeron...|Fragmento de un mazo de herrero.|Odłamek młota kowalskiego...
lore_material_gypsys_prophecy_fragment|Shard of a crystal ball..||Fragmento de uma bola de cristal...|Осколок хрустального шара.|吉普賽預言的碎片……|水晶玉の破片……|크리스탈 볼의 조각..|Splitter einer Kristallkugel...|Éclat de boule de cristal...|Fragmento de una bola de cristal.|Odłamek kuli kryształowej...
lore_material_satanic_dice_fragment|Shard of a die..||Fragmento de um dado... |Осколок игральной кости..|撒旦骰子的碎片……|サイコロの破片…… |주사위의 조각..|Splitter eines Würfels... |Éclat de dé... |Fragmento de un dado.|Odłamek kostki do gry...
|||||||||||
explanation_material_satanic_dice|Can be used to re-roll the stats on an item but has a chance to corrupt it||Pode ser usado para alterar os atributos de um item, mas tem uma chance de corrompê-lo. |Может использоваться для переброски характеристик предмета, но имеет шанс его испортить.|可用於重骰物品的數值，但有可能腐化它。|アイテムのステータスを再抽選するために使えるが、腐敗する可能性がある。|아이템 능력치를 다시 굴릴 때 사용할 수 있지만, 아이템이 부패할 위험이 있다.|Kann verwendet werden, um die Werte eines Gegenstands neu auszuwürfeln, birgt aber die Chance, ihn zu verderben.|Permet de relancer les statistiques d'un objet, mais risque de le corrompre.|Se puede usar para volver a generar las estadísticas de un objeto, pero existe la posibilidad de que se corrompa.|Może być użyty do przerzucenia statów przedmiotu, ale ma szansę go zepsuć
explanation_material_jussis_bong|Can be combined with Ahto's Rat and Sheep Pelt||Pode ser combinado com o Rato de Ahto e Pele de Ovelha.|Может сочетаться с Крысиной и Овечьей шкурой Ахто.|可以與阿托的老鼠和羊皮結合使用。|アートのラットとシープペルトと組み合わせ可能。|아토의 쥐(Ahto’s Rat)와 양가죽(Sheep Pelt)과 조합할 수 있다.|Kann mit Ahtos Ratte und Schafsfell kombiniert werden.|Peut être combiné avec le Rat d'Ahto et la Peau de Mouton.|Se puede combinar con la Rata de Ahto y la Piel de Oveja.|Może być połączony z Ahto's Rat i Sheep Pelt
explanation_material_ahtos_rat|Can be combined with Jussi's Bong and Sheep Pelt||Pode ser combinado com o Bong de Jussi e Pele de Ovelha.|Может сочетаться с Бонгом и Овечьей шкурой Юсси.|可與尤西的水煙壺和羊皮結合使用。|ユッシのボングとシープペルトと組み合わせ可能。|유시의 봉(Jussi’s Bong)과 양가죽(Sheep Pelt)과 조합할 수 있다.|Kann mit Jussis Bong und Schafsfell kombiniert werden.|Peut être combiné avec le Bong de Jussi et la Peau de Mouton.|Se puede combinar con el Bong de Jussi y la Piel de Oveja.|Może być połączony z Jussi's Bong i Sheep Pelt
explanation_material_sheep_pelt|Can be combined with Jussi's Bong and Ahto's Rat||Pode ser combinado com o Bong de Jussi e o Rato de Ahto.|Может сочетаться с Бонгом и Крысой Ахто.|可與尤西的水煙壺和阿托的老鼠結合使用。|ユッシのボンドとアートのラットと組み合わせ可能。|유시의 봉(Jussi’s Bond)과 아토의 쥐(Ahto’s Rat)와 조합할 수 있다.|Kann mit Jussis Bong und Ahtos Ratte kombiniert werden.|Peut être combiné avec le Bong de Jussi et le Rat d'Ahto.|Se puede combinar con el Bong de Jussi y la Rata de Ahto.|Może być połączony z Jussi's Bong i Ahto's Rat
explanation_material_tinkerers_toolkit|Can be used to re-roll the stats on a common item||Pode ser usado para alterar os atributos de um item comum.|Может использоваться для переброски характеристик обычного предмета.|可用於重骰普通物品的詞綴。|一般アイテムのステータスを再抽選するために使用できる。|일반 아이템의 능력치를 다시 굴릴 때 사용할 수 있습니다.|Kann verwendet werden, um die Werte eines gewöhnlichen Gegenstands neu auszuwürfeln.|Permet de relancer les statistiques d'un objet commun.|Se puede usar para volver a generar las estadísticas de un objeto común.|Może być użyty do przerzucenia statów zwykłego przedmiotu
explanation_material_satanic_crystal|Can be used to add an additional stat or socket but has a chance to corrupt the item||Pode ser usado para adicionar um atributo ou encaixe adicional, mas tem uma chance de corromper o item.|Может использоваться для добавления дополнительной характеристики или слота, но имеет шанс испортить предмет.|可用於新增額外的詞綴或孔洞，但有可能腐化物品。 |追加のステータスやソケットを付加できるが、アイテムが腐敗する可能性がある。|추가 능력치나 소켓을 부여할 때 사용할 수 있지만, 아이템이 부패할 위험이 있습니다.|Kann verwendet werden, um einen zusätzlichen Wert oder Sockel hinzuzufügen, birgt aber die Chance, den Gegenstand zu verderben.|Permet d'ajouter une statistique ou une châsse, mais risque de corrompre l'objet.|Se puede usar para añadir una estadística o ranura adicional, pero existe la posibilidad de que se corrompa el objeto.|Może być użyty do dodania dodatkowego statu lub gniazda, ale ma szansę zepsuć przedmiot
explanation_material_satanic_crystal_fragment|Combine multiple Satanic Crystal Fragments into a Satanic Crystal||Combine vários Fragmentos de Cristal Satânico em um Cristal Satânico.|Объединяет несколько фрагментов Сатанинского Кристалла в Сатанинский Кристалл.|將多個撒旦水晶碎片組合成一個撒旦水晶。|複数のサタニッククリスタルの断片を合成してサタニッククリスタルを作成する。|여러 개의 사탄 크리스탈 조각을 합쳐 사탄 크리스탈로 만듭니다.|Kombiniert mehrere Satanische Kristallfragmente zu einem Satanischen Kristall.|Combine plusieurs Fragments de Cristal Satanique en un Cristal Satanique.|Combina varios Fragmentos de Cristal Satánico para crear un Cristal Satánico.|Połącz wiele fragmentów w Satanic Crystal
explanation_material_prophets_wisdom|Can be used to cleanse a corrupted Heroic or lower item||Pode ser usado para purificar um item Heroico ou inferior corrompido.|Может использоваться для очищения испорченного предмета Героического или более низкого уровня.|可用於回復腐化的物品。|腐敗したアイテムを浄化するために使用できる。|부패한 아이템을 정화할 때 사용할 수 있습니다.|Kann verwendet werden, um einen verdorbenen heroischen oder niedrigeren Gegenstand zu reinigen.|Permet de purifier un objet héroïque ou inférieur corrompu.|Se puede usar para purificar un objeto heroico o de menor nivel que esté corrompido.|Może być użyty do oczyszczenia zepsutego przedmiotu Heroicznego lub niższego
explanation_material_gypsys_prophecy|Can be used on a SS-tier item to either increase or decrease its level or corrupt the item||Pode ser usado em um item de nível SS para aumentar ou diminuir seu nível ou corromper o item.|Может использоваться на предмете SS-уровня для повышения или понижения его уровня или порчи предмета.|可用於 SS 階物品，以提高或降低其星級或腐化物品|SSランクのアイテムに使用でき、そのレベルを上げるか下げるか、または腐敗させる。|SS 등급 아이템에 사용하여 등급을 올리거나 내리거나, 아이템을 부패시킬 수 있습니다.|Kann auf einen SS-Gegenstand angewendet werden, um dessen Stufe zu erhöhen oder zu senken oder den Gegenstand zu verderben.|Permet d'augmenter ou de diminuer le niveau d'un objet de rang SS, ou de le corrompre.|Se puede usar en un objeto de nivel SS para aumentar o disminuir su nivel, o para corromperlo.|Może być użyty na przedmiocie SS-tier, aby zwiększyć lub zmniejszyć jego poziom lub zepsuć przedmiot
explanation_material_destiny_shard|Can be used on an item up to S tier to either increase or decrease its level or corrupt the item||Pode ser usado em um item de nível S para aumentar ou diminuir seu nível ou corromper o item.|Может использоваться на предмете до S-уровня для повышения или понижения его уровня или порчи предмета.|可用於最高至 S 階的物品，以提高或降低其星級或腐化物品|Sランクまでのアイテムに使用でき、そのレベルを上げるか下げるか、または腐敗させる。|S 등급 이하 아이템에 사용하여 등급을 올리거나 내리거나, 아이템을 부패시킬 수 있습니다.|Kann auf Gegenstände bis zur S-Stufe angewendet werden, um deren Stufe zu erhöhen oder zu senken oder den Gegenstand zu beschädigen.|Permet d'augmenter ou de diminuer le niveau d'un objet jusqu'au rang S, ou de le corrompre.|Se puede usar en un objeto de hasta nivel S para aumentar o disminuir su nivel, o para corromperlo.|Może być użyty na przedmiocie do S tier, aby zwiększyć lub zmniejszyć jego poziom lub zepsuć przedmiot
explanation_material_blacksmiths_mallet|Can be used to destroy the sockets on an item||Pode ser usado para destruir os encaixes de um item.|Может использоваться для уничтожения слотов на предмете.|可用於破壞物品上的鑲孔。|アイテムのソケットを破壊するために使用できる。|아이템의 소켓을 제거할 때 사용할 수 있습니다.|Kann verwendet werden, um die Sockel eines Gegenstands zu zerstören.|Permet de détruire les châsses d'un objet.|Se puede usar para destruir las ranuras de un objeto.|Może być użyty do zniszczenia gniazd w przedmiocie
explanation_material_reflection_of_tarethiel|Can be used to create a mirrored version of an item. Cannot be applied to a mirrored item.||Pode ser usado para criar uma versão espelhada de um item. Não pode ser aplicado a um item espelhado.|Может использоваться для создания зеркальной версии предмета. Не может быть применено к зеркальному предмету.|可用於建立物品的鏡像版本。無法應用於鏡像物品。|アイテムのミラー版を作成するために使用できる。ミラーアイテムには適用できず、両方のアイテムが消失する。|아이템의 미러 버전을 만들 때 사용할 수 있습니다. 미러 아이템에는 사용할 수 없으며, 두 아이템 모두 이 기능을 사용하면 사라집니다.|Kann verwendet werden, um eine gespiegelte Version eines Gegenstands zu erstellen. Kann nicht auf bereits gespiegelte Gegenstände angewendet werden.|Permet de créer une version miroir d'un objet. Ne peut pas être appliqué à un objet miroir.|Se puede usar para crear una versión reflejada de un objeto. No se puede aplicar a un objeto reflejado. Combina varios fragmentos en un Fragmento del Destino.|Może być użyty do stworzenia mirrored wersji przedmiotu. Nie można zastosować do mirrored przedmiotu.
explanation_material_destiny_shard_fragment|Merge multiple fragments into a Destiny Shard||Fusa vários fragmentos em um Fragmento do Destino.|Объедините несколько фрагментов в Осколок Судьбы.|將多個碎片合併為一個命運碎片|複数の断片を合成してデスティニーシャードを作成する。|여러 조각을 합쳐 데스티니 샤드로 만듭니다.|Verschmelzt mehrere Fragmente zu einem Schicksalssplitter.|Fusionne plusieurs fragments en un Éclat du Destin.|Puede usarse para volver a generar las estadísticas de un objeto de nivel SS.|Połącz kilka fragmentów w Odłamek Przeznaczenia.
explanation_material_blessed_dice|Can be used to re-roll the stats on a SS tier item.||Pode ser usado para alterar os atributos de um item de nível SS.|Можно использовать для переброски характеристик предмета уровня SS.|可用於重骰 SS 階物品的數值。|SSランクのアイテムのステータスを再抽選するために使用できる。|SS 등급 아이템의 능력치를 다시 굴릴 때 사용할 수 있습니다.|Kann verwendet werden, um die Werte eines Gegenstands der SS-Stufe neu auszuwürfeln.|Permet de relancer les statistiques d'un objet de rang SS. Appliquez l'essence à un codex infernal pour lui conférer un bonus et un malus supplémentaires.|Aplica la esencia a un códice infernal para añadirle una mejora y una desventaja adicionales.|Można użyć do ponownego rzutu statystyk przedmiotu rangi SS.
explanation_material_essence_of_chaos|Apply the essence into an infernal codex in order to add an additional buff and debuff to it.||Aplique a essência em um Códice Infernal para adicionar um bônus e uma penalidade adicionais a ele.|Примените эссенцию в адском кодексе, чтобы добавить к нему дополнительный бафф и дебафф.|將精華應用到煉獄法典中，為其添加額外的增益和減益效果|エッセンスをインフェルナルコーデックスに適用し、追加のバフとデバフを付与する。|인페르날 코덱스에 정수를 주입하여 추가 버프와 디버프를 부여할 수 있습니다.|Wende die Essenz auf einen Höllenkodex an, um ihm einen zusätzlichen Stärkungs- und Schwächungseffekt hinzuzufügen.|Fusionnez 5 essences dans un Codex d'Éternité.|Combina 5 en un Códice de la Eternidad.|Zastosuj esencję do kodeksu piekielnego, aby dodać do niego dodatkowe wzmocnienie i osłabienie.
explanation_material_codex_page|Merge 5 into a Codex of Eternity||Funda 5 em um Códice da Eternidade|Объедините 5 в Кодекс Вечности.|將 5 個合併為一本永恆法典|5つを合成してエターニティコーデックスを作成する。|5개를 합쳐 영원의 코덱스로 만듭니다.|Verschmelze 5 zu einem Kodex der Ewigkeit.|Fusionnez 5 essences dans un Codex Infernal.|Combina 5 en un Códice Infernal.|Połącz 5 w Kodeks Wieczności.
explanation_material_infernal_codex_page|Merge 5 into an Infernal Codex||Funda 5 em um Códice Infernal|Объедините 5 в адский кодекс.|將 5 個合併為一本煉獄法典|5つを合成してインフェルナルコーデックスを作成する。|5개를 합쳐 인페르날 코덱스로 만듭니다.|Verschmelze 5 zu einem Höllenkodex.|Peut servir à purifier un objet angélique ou impie corrompu. |Puede usarse para purificar un objeto Angélico o Profano corrupto. |Połącz 5 w Kodeks Piekielny.
explanation_material_angels_wisdom|Can be used to cleanse a corrupted Angelic or Unholy item||Pode ser usado para purificar um item Angélico ou Profano corrompido. |Может использоваться для очищения оскверненных ангельских или нечестивых предметов. |可用於淨化被腐化的天使或邪惡物品 |堕落した天使のアイテムや不浄なアイテムを浄化するために使用できます。 |타락한 천사 또는 불경한 아이템을 정화하는 데 사용할 수 있습니다. |Kann verwendet werden, um einen verdorbenen Engels- oder unheiligen Gegenstand zu reinigen.|||Można użyć do oczyszczenia spaczonego przedmiotu anielskiego lub nieświętego 
explanation_material_blacksmiths_mallet_fragment|Merge 20 into a Blacksmith´s Mallet||Combine 20 para obter um Martelo de Ferreiro|Объединить 20 в кузнечный молот|組合20個以合成一把鐵匠之槌|20個をマージして「鍛冶屋の木槌」にする|20개를 합쳐 대장장이의 망치를 만듭니다|Führe 20 Teile zu einem Schmiedehammer zusammen|Fusionnez-en 20 pour obtenir un Maillet de forgeron|Combina 20 para crear un Mazo de Herrero.|Połącz 20 elementów w Młot kowalski
explanation_material_gypsys_prophecy_fragment|Merge 20 into a Gypsy´s Prophecy||Combine 20 para obter uma Profecia de Cigana|Объединить 20 в Пророчество цыганки|組合20個以合成一份吉普賽的預言|20個をマージして「ジプシーの予言」にする|20개를 합쳐 집시의 예언을 만듭니다|Führe 20 Teile zu einer Zigeuner-Prophezeiung zusammen|Fusionnez-en 20 pour obtenir une Prophétie de gitane|Combina 20 para crear una Profecía de Gitana.|Połącz 20 elementów w Przepowiednię Cyganki
explanation_material_satanic_dice_fragment|Merge 20 into a Satanic Dice||Combine 20 para obter um Dado Satânico |Объедините 20 в Сатанинский кубик|組合20個以合成一顆撒旦骰子|20個をマージして「悪魔のサイコロ」にする |20개를 합쳐 사탄의 주사위를 만듭니다|Führe 20 Teile zu einem satanischen Würfel zusammen |Fusionnez-en 20 pour obtenir un Dé satanique |Combina 20 para crear un Dado Satánico.|Połącz 20 elementów w Satanistyczną kość do gry
|||||||||||
craft_material_satanic_dice|Satanic dice can be used to reroll a satanic items seed and stat ranges. There is a possibility of the item becoming corrupted, losing a portion of its stats. Corrupted items cannot be sold on the market or used with satanic dice anymore.|Saatanallisia noppaa voidaan käyttää saatanallisten esineiden siemen- ja tilasto-sarjojen kierrättämiseen. On mahdollista, että kohde vioittuu ja menettää osan tilastoistaan. Vioittuneita esineitä ei voi enää myydä markkinoilla tai käyttää saatanallisten noppien kanssa.|Dados satânicos podem ser usados ​​para rolar novamente a semente e os intervalos de estatísticas de um item satânico. Existe a possibilidade de o item ficar corrompido, perdendo uma parte de suas estatísticas. Itens corrompidos não podem mais ser vendidos no mercado ou usados ​​com dados satânicos.|Сатанинские кубики можно использовать для переброса семени сатанинских предметов и диапазонов характеристик. Существует вероятность того, что предмет испортится, потеряв часть своих характеристик. Испорченные предметы больше нельзя продать на рынке или использовать с сатанинскими кубиками.|撒旦骰子可用於重新骰出惡魔物品的數值範圍. 該物品有可能被腐化, 失去部分裝備數值. 腐化的物品不能再次使用撒旦骰子|サタニックダイスはサタニックアイテムのシードとステータス範囲をリロールするために使用できる。アイテムがコラプト化し、一部のステータスを失う可能性がある。コラプト化したアイテムはマーケットで販売できず、またサタニックダイスで再度使用することもできない。|사탄 주사위는 사탄 아이템의 시드와 스탯 범위를 다시 굴리는 데 사용할 수 있습니다. 이때 아이템이 타락하여 일부 스탯을 잃을 가능성이 있습니다. 타락한 아이템은 더 이상 시장에서 판매하거나 사탄 주사위로 사용할 수 없습니다.|Satanische Würfel können verwendet werden, um die Saat und die Wertebereiche eines satanischen Gegenstands neu zu würfeln. Es besteht die Möglichkeit, dass der Gegenstand verdorben wird und einen Teil seiner Werte verliert. Verdorbene Gegenstände können nicht mehr auf dem Markt verkauft oder mit satanischen Würfeln verwendet werden.|Les dés sataniques peuvent être utilisés pour relancer une graine d'objet satanique et ses plages de statistiques. Il est possible que l'objet soit corrompu, perdant une partie de ses statistiques. Les objets corrompus ne peuvent plus être vendus sur le marché ni utilisés avec des dés sataniques.|Los dados satánicos pueden usarse para rerrolear la semilla y los rangos de estadísticas de un objeto satánico. Existe la posibilidad de que el objeto se corrompa, perdiendo una porción de sus estadísticas. Los objetos corruptos no pueden venderse en el mercado ni usarse con dados satánicos.|Kostki satanistyczne mogą być używane do ponownego rzutu ziarna i zakresów statystyk przedmiotu satanistycznego. Istnieje możliwość, że przedmiot zostanie skażony, tracąc część swoich statystyk. Zniekształconych przedmiotów nie można już sprzedać na rynku ani używać z kostkami satanistycznymi.
craft_material_satanic_dice_result|Re-rolled Item||Item rerrolado |Переработанный предмет |重骰物品 |リロール済みアイテム|재굴림된 아이템|Neu ausgewürfelter Gegenstand|Objet relancé |Artículo vuelto a generar |Przerzucony przedmiot
craft_material_blessed_dice|Blessed dice can be used to reroll a SS tier items seed and stat ranges with no down sides.||Dados abençoados podem ser usados ​​para rerolar as sementes e os intervalos de atributos de itens de nível SS sem desvantagens. |Благословенные кубики можно использовать для переброса значений начальных параметров и диапазонов характеристик предметов SS-уровня без каких-либо негативных последствий. |祝福骰子可用於重骰 SS 階物品的數值，且無任何副作用|ブレスドダイスは、SSランクアイテムのシードとステータス範囲をデメリットなしでリロールするために使用できる。|축복 주사위는 SS 티어 아이템의 시드와 스탯 범위를 부정적인 효과 없이 다시 굴리는 데 사용할 수 있습니다.|Gesegnete Würfel können verwendet werden, um die Seed- und Stat-Bereiche von Gegenständen der SS-Stufe ohne Nachteile neu auszuwürfeln.|Les dés bénis peuvent être utilisés pour relancer les valeurs initiales et les plages de statistiques d'objets de niveau SS sans aucun inconvénient. |Los dados benditos se pueden usar para volver a generar la semilla y los rangos de estadísticas de los objetos de nivel SS sin inconvenientes. |Kostki błogosławione mogą być używane do ponownego rzutu ziarna i zakresów statystyk przedmiotu rangi SS bez żadnych wad.
craft_material_blessed_dice_result|Re-rolled Item||Item rerrolado |Переработанный предмет |重骰物品 |リロール済みアイテム|재굴림된 아이템|Neu ausgewürfelter Gegenstand|Objet relancé |Artículo vuelto a generar |Przerzucony przedmiot
craft_material_tinkerers_toolkit|Tinkerer's toolkit can be used to reroll a common item base. The whole item will be re-rolled with a new seed which will change all of its attributes.|Tinkererin työkalupakin avulla voidaan rullata uudelleen yhteinen tavarakanta. Koko tuote rullataan uudelleen uudella siemenellä, joka muuttaa sen kaikkia ominaisuuksia. |O kit de ferramentas do Tinkerer pode ser usado para rolar novamente uma base de item comum. O item inteiro será rolado novamente com uma nova semente que mudará todos os seus atributos.|Набор инструментов Tinkerer's можно использовать для переброса обычной базы предмета. Весь предмет будет перебросан с новым семенем, которое изменит все его атрибуты.|修補匠的工具包可用於重骰一般物品詞綴. 這將改變其物品上的所有詞墜|ティンカーラーのツールキットは、コモンアイテムのベースをリロールするために使用できる。アイテム全体が新しいシードでリロールされ、そのすべての属性が変更される。|팅커러의 공구 상자는 일반 아이템의 베이스를 재굴림하는 데 사용할 수 있습니다. 아이템 전체가 새로운 시드로 재굴림되어 모든 속성이 변경됩니다.|Tüftler-Werkzeugkasten kann verwendet werden, um eine gewöhnliche Gegenstandsbasis neu zu würfeln. Der gesamte Gegenstand wird mit einer neuen Saat neu gewürfelt, die alle seine Attribute ändert.|La boîte à outils du bricoleur peut être utilisée pour relancer une base d'objet commune. L'objet entier sera relancé avec une nouvelle graine qui modifiera tous ses attributs.||Zestaw narzędzi majsterkowicza może być używany do ponownego rzutu bazy przedmiotu pospolitego. Cały przedmiot zostanie przerzucony z nowym ziarnem, które zmieni wszystkie jego atrybuty.
craft_meterial_salvage_minor_mythic_dust|Upgrade the star level of a D tier common item increasing its stats. (Charms are not applicable).||Aprimore o nível de estrelas de um item comum de nível D, aumentando seus atributos. (Amuletos não se aplicam).|Повысьте уровень звезд обычного предмета D-уровня, увеличив его характеристики. (Амулеты не применяются).|升級D級普通物品的星級, 增加其屬性. （護身符不適用）|Dランクの一般アイテムの星レベルをアップグレードし、ステータスを上昇させる。（チャームは対象外）|D 티어 일반 아이템의 별 등급을 업그레이드하여 능력치를 향상시킵니다. (부적에는 적용되지 않습니다).|Erhöhe die Sternenstufe eines gewöhnlichen Gegenstands der Stufe D, um seine Werte zu verbessern. (Amulette sind nicht anwendbar.)|Améliorez le niveau d'étoiles d'un objet commun de rang D pour augmenter ses statistiques. (Les charmes ne sont pas concernés).|Mejora el nivel de estrella de un objeto común de rango D, aumentando sus estadísticas. (Los amuletos no son aplicables).|Ulepszenie poziomu gwiazdek przedmiotu pospolitego rangi D, zwiększając jego statystyki. (Amulety nie mają zastosowania).
craft_meterial_salvage_lesser_mythic_dust|Upgrade the star level of a C tier common item increasing its stats. (Charms are not applicable).||Aprimore o nível de estrelas de um item comum de nível C, aumentando seus atributos. (Amuletos não se aplicam).|Повысьте уровень звезд обычного предмета C-уровня, увеличив его характеристики. (Амулеты не применяются).|升級C級普通物品的星級, 增加其屬性. （護身符不適用）|Cランクの一般アイテムの星レベルをアップグレードし、ステータスを上昇させる。（チャームは対象外）|C 티어 일반 아이템의 별 등급을 업그레이드하여 능력치를 향상시킵니다. (부적에는 적용되지 않습니다).|Erhöhe die Sternenstufe eines gewöhnlichen Gegenstands der Stufe C, um seine Werte zu verbessern. (Amulette sind nicht anwendbar.)|Améliorez le niveau d'étoiles d'un objet commun de rang C pour augmenter ses statistiques. (Les charmes ne sont pas concernés).|Mejora el nivel de estrella de un objeto común de rango C, aumentando sus estadísticas. (Los amuletos no son aplicables).|Ulepszenie poziomu gwiazdek przedmiotu pospolitego rangi C, zwiększając jego statystyki. (Amulety nie mają zastosowania).
craft_meterial_salvage_mythic_dust|Upgrade the star level of a B tier common item increasing its stats. (Charms are not applicable).||Aprimore o nível de estrelas de um item comum de nível B, aumentando seus atributos. (Amuletos não se aplicam).|Повысьте уровень звезд обычного предмета B-уровня, увеличив его характеристики. (Амулеты не применяются).|升級B級普通物品的星級, 增加其屬性. （護身符不適用）|Bランクの一般アイテムの星レベルをアップグレードし、ステータスを上昇させる。（チャームは対象外）|B 티어 일반 아이템의 별 등급을 업그레이드하여 능력치를 향상시킵니다. (부적에는 적용되지 않습니다).|Erhöhe die Sternenstufe eines gewöhnlichen Gegenstands der Stufe B, um seine Werte zu verbessern. (Amulette sind nicht anwendbar.)|Améliorez le niveau d'étoiles d'un objet commun de rang B pour augmenter ses statistiques. (Les charmes ne sont pas concernés).|Mejora el nivel de estrella de un objeto común de rango B, aumentando sus estadísticas. (Los amuletos no son aplicables).|Ulepszenie poziomu gwiazdek przedmiotu pospolitego rangi B, zwiększając jego statystyki. (Amulety nie mają zastosowania).
craft_meterial_salvage_empowered_mythic_dust|Upgrade the star level of a A tier common item increasing its stats. (Charms are not applicable).||Aprimore o nível de estrelas de um item comum de nível A, aumentando seus atributos. (Amuletos não se aplicam).|Повысьте уровень звезд обычного предмета A-уровня, увеличив его характеристики. (Амулеты не применяются).|升級A級普通物品的星級, 增加其屬性. （護身符不適用）|Aランクの一般アイテムの星レベルをアップグレードし、ステータスを上昇させる。（チャームは対象外）|A 티어 일반 아이템의 별 등급을 업그레이드하여 능력치를 향상시킵니다. (부적에는 적용되지 않습니다).|Erhöhe die Sternenstufe eines gewöhnlichen Gegenstands der Stufe A, um seine Werte zu verbessern. (Amulette sind nicht anwendbar.)|Améliorez le niveau d'étoiles d'un objet commun de rang A pour augmenter ses statistiques. (Les charmes ne sont pas concernés).|Mejora el nivel de estrella de un objeto común de rango A, aumentando sus estadísticas. (Los amuletos no son aplicables).|Ulepszenie poziomu gwiazdek przedmiotu pospolitego rangi B, zwiększając jego statystyki. (Amulety nie mają zastosowania).
craft_meterial_salvage_rich_mythic_dust|Upgrade the star level of a S tier common item increasing its stats. (Charms are not applicable).||Aprimore o nível de estrelas de um item comum de nível S, aumentando seus atributos. (Amuletos não se aplicam).|Повысьте уровень звезд обычного предмета S-уровня, увеличив его характеристики. (Амулеты не применяются).|升級S級普通物品的星級, 增加其屬性. （護身符不適用）|Sランクの一般アイテムの星レベルをアップグレードし、ステータスを上昇させる。（チャームは対象外）|S 티어 일반 아이템의 별 등급을 업그레이드하여 능력치를 향상시킵니다. (부적에는 적용되지 않습니다).|Erhöhe die Sternenstufe eines gewöhnlichen Gegenstands der Stufe S, um seine Werte zu verbessern. (Amulette sind nicht anwendbar.)|Améliorez le niveau d'étoiles d'un objet commun de rang S pour augmenter ses statistiques. (Les charmes ne sont pas concernés).|Mejora el nivel de estrella de un objeto común de rango S, aumentando sus estadísticas. (Los amuletos no son aplicables).|Ulepsz poziom gwiazdek zwykłego przedmiotu rangi A, zwiększając jego statystyki. (Amulety nie mają zastosowania).
craft_material_salvage_minor_satanic_dust|Upgrade the star level of a D tier satanic item increasing its stats. (Charms are not applicable).||Aprimore o nível de estrelas de um item satânico de nível D, aumentando seus atributos. (Amuletos não se aplicam).|Повысьте уровень звезд сатанинского предмета D-уровня, увеличив его характеристики. (Амулеты не применяются).|升級D級惡魔物品的星級, 增加其屬性. （護身符不適用）|Dランクのサタニックアイテムの星レベルをアップグレードし、ステータスを上昇させる。（チャームは対象外）|D 티어 사탄 아이템의 별 등급을 업그레이드하여 능력치를 향상시킵니다. (부적에는 적용되지 않습니다).|Erhöhe die Sternenstufe eines satanischen Gegenstands der Stufe D, um seine Werte zu verbessern. (Amulette sind nicht anwendbar.)|Améliorez le niveau d'étoiles d'un objet satanique de rang D pour augmenter ses statistiques. (Les charmes ne sont pas concernés).|Mejora el nivel de estrella de un objeto satánico de rango D, aumentando sus estadísticas. (Los amuletos no son aplicables).|Ulepsz poziom gwiazdek zwykłego przedmiotu rangi S, zwiększając jego statystyki. (Amulety nie mają zastosowania).
craft_material_salvage_lesser_satanic_dust|Upgrade the star level of a C tier satanic item increasing its stats. (Charms are not applicable).||Aprimore o nível de estrelas de um item satânico de nível C, aumentando seus atributos. (Amuletos não se aplicam).|Повысьте уровень звезд сатанинского предмета C-уровня, увеличив его характеристики. (Амулеты не применяются).|升級C級惡魔物品的星級, 增加其屬性. （護身符不適用）|Cランクのサタニックアイテムの星レベルをアップグレードし、ステータスを上昇させる。（チャームは対象外）|C 티어 사탄 아이템의 별 등급을 업그레이드하여 능력치를 향상시킵니다. (부적에는 적용되지 않습니다).|Erhöhe die Sternenstufe eines satanischen Gegenstands der Stufe C, um seine Werte zu verbessern. (Amulette sind nicht anwendbar.)|Améliorez le niveau d'étoiles d'un objet satanique de rang C pour augmenter ses statistiques. (Les charmes ne sont pas concernés).|Mejora el nivel de estrella de un objeto satánico de rango C, aumentando sus estadísticas. (Los amuletos no son aplicables).|Ulepsz poziom gwiazdek satanistycznego przedmiotu rangi D, zwiększając jego statystyki. (Amulety nie mają zastosowania).
craft_material_salvage_satanic_dust|Upgrade the star level of a B tier satanic item increasing its stats. (Charms are not applicable).||Aprimore o nível de estrelas de um item satânico de nível B, aumentando seus atributos. (Amuletos não se aplicam).|Повысьте уровень звезд сатанинского предмета B-уровня, увеличив его характеристики. (Амулеты не применяются).|升級B級惡魔物品的星級, 增加其屬性. （護身符不適用））|Bランクのサタニックアイテムの星レベルをアップグレードし、ステータスを上昇させる。（チャームは対象外）|B 티어 사탄 아이템의 별 등급을 업그레이드하여 능력치를 향상시킵니다. (부적에는 적용되지 않습니다).|Erhöhe die Sternenstufe eines satanischen Gegenstands der Stufe B, um seine Werte zu verbessern. (Amulette sind nicht anwendbar.)|Améliorez le niveau d'étoiles d'un objet satanique de rang B pour augmenter ses statistiques. (Les charmes ne sont pas concernés).|Mejora el nivel de estrella de un objeto satánico de rango B, aumentando sus estadísticas. (Los amuletos no son aplicables).|Ulepsz poziom gwiazdek satanistycznego przedmiotu rangi C, zwiększając jego statystyki. (Amulety nie mają zastosowania).
craft_material_salvage_rich_satanic_dust|Upgrade the star level of a A tier satanic item increasing its stats. (Charms are not applicable).||Aprimore o nível de estrelas de um item satânico de nível A, aumentando seus atributos. (Amuletos não se aplicam).|Повысьте уровень звездности сатанинского предмета A-уровня, увеличив его характеристики. (Амулеты не применяются).|升級A級惡魔物品的星級, 增加其屬性. （護身符不適用）|Aランクのサタニックアイテムの星レベルをアップグレードし、ステータスを上昇させる。（チャームは対象外）|A 티어 사탄 아이템의 별 등급을 업그레이드하여 능력치를 향상시킵니다. (부적에는 적용되지 않습니다).|Erhöhe die Sternenstufe eines satanischen Gegenstands der Stufe A, um seine Werte zu verbessern. (Amulette sind nicht anwendbar.)|Améliorez le niveau d'étoiles d'un objet satanique de rang A pour augmenter ses statistiques. (Les charmes ne sont pas applicables.)|Mejora el nivel de estrella de un objeto satánico de rango A, aumentando sus estadísticas. (Los amuletos no son aplicables).|Ulepsz poziom gwiazdek satanistycznego przedmiotu rangi B, zwiększając jego statystyki. (Amulety nie mają zastosowania).
craft_material_salvage_empowered_satanic_dust|Upgrade the star level of a S tier satanic item increasing its stats. (Charms are not applicable).||Aprimore o nível de estrelas de um item satânico de nível S, aumentando seus atributos. (Amuletos não se aplicam).|Повысьте уровень звездности сатанинского предмета S-уровня, увеличив его характеристики. (Амулеты не применяются).|升級S級惡魔物品的星級, 增加其屬性. （護身符不適用）|Sランクのサタニックアイテムの星レベルをアップグレードし、ステータスを上昇させる。（チャームは対象外）|S 티어 사탄 아이템의 별 등급을 업그레이드하여 능력치를 향상시킵니다. (부적에는 적용되지 않습니다).|Verbessere die Sternenstufe eines satanischen Gegenstands der S-Stufe, um seine Werte zu erhöhen. (Amulette sind nicht anwendbar.)|Améliorez le niveau d'étoiles d'un objet satanique de rang S pour augmenter ses statistiques. (Les charmes ne sont pas applicables.)|Mejora el nivel de estrella de un objeto satánico de rango S, aumentando sus estadísticas. (Los amuletos no son aplicables).|Ulepsz poziom gwiazdek satanistycznego przedmiotu rangi A, zwiększając jego statystyki. (Amulety nie mają zastosowania).
craft_material_salvage_purified_satanic_dust|Upgrade the star level of a SS tier satanic or heroic item increasing its stats. (Charms are not applicable).||Aprimore o nível de estrelas de um item satânico ou heroico de nível SS, aumentando seus atributos. (Amuletos não se aplicam).|Повысьте уровень звездности сатанинского или героического предмета SS-уровня, увеличив его характеристики. (Амулеты не применяются).|升級SS級惡魔物品的星級,增加其屬性. （護身符不適用）|SSランクのサタニックまたはヒロイックアイテムの星レベルをアップグレードし、ステータスを上昇させる。（チャームは対象外）|SS 티어 사탄 또는 영웅 아이템의 별 등급을 업그레이드하여 능력치를 향상시킵니다. (부적에는 적용되지 않습니다).|Verbessere die Sternenstufe eines satanischen oder heroischen Gegenstands der SS-Stufe, um seine Werte zu erhöhen. (Amulette sind nicht anwendbar.)|Améliorez le niveau d'étoiles d'un objet satanique ou héroïque de rang SS pour augmenter ses statistiques. (Les charmes ne sont pas applicables.)|Mejora el nivel de estrella de un objeto satánico o heroico de rango SS, aumentando sus estadísticas. (Los amuletos no son aplicables).|Ulepsz poziom gwiazdek satanistycznego przedmiotu rangi S, zwiększając jego statystyki. (Amulety nie mają zastosowania).
craft_material_salvage_angelic_dust|Upgrade the star level of an angelic or unholy item increasing its stats. (Charms are not applicable).||Aprimore o nível de estrelas de um item angelical ou profano, aumentando seus atributos. (Amuletos não se aplicam). |Повысьте уровень звездности ангельского или нечестивого предмета, увеличив его характеристики. (Амулеты не применяются). |升級天使或邪惡物品的星級，增加其屬性. （護身符不適用） |エンジェリックまたはアンホーリーアイテムの星レベルをアップグレードし、ステータスを上昇させる。（チャームは対象外）|천사 또는 타락한 아이템의 별 등급을 업그레이드하여 능력치를 향상시킵니다. (부적에는 적용되지 않습니다).|Verbessere die Sternenstufe eines engelhaften oder unheiligen Gegenstands, um seine Werte zu erhöhen. (Amulette sind nicht anwendbar.)|Améliorez le niveau d'étoiles d'un objet angélique ou impie pour augmenter ses statistiques. (Les charmes ne sont pas applicables.) |Mejora el nivel de estrella de un objeto angelical o impío, aumentando sus estadísticas. (Los amuletos no son aplicables).|Ulepsz poziom gwiazdek satanistycznego przedmiotu rangi SS, zwiększając jego statystyki. (Amulety nie mają zastosowania).
craft_reflection_tarethiel|Create a mirrored copy||Criar uma cópia espelhada |Создайте зеркальную копию |創造鏡像物 |ミラーされたコピーを作成する|미러 복제 생성|Erstelle eine gespiegelte Kopie|Créer une copie miroir |Crea una copia espejo |Ulepsz poziom gwiazdek przedmiotu anielskiego lub nieświętego, zwiększając jego statystyki. (Amulety nie są dostępne).
craft_reflection_tarethiel_result|Mirrored Copy||Cópia espelhada |Зеркальная копия |鏡像複製 |ミラードコピー|미러복제 카피|Gespiegelte Kopie|Copie miroir |Copia reflejada |Stwórz lustrzaną kopię
craft_roll_satanic_crystal|Apply Satanic Crystal|Levitä Satanic Crystal|Aplicar Cristal Satânico|Применить сатанинский кристалл|應用撒旦水晶|サタニッククリスタルを適用|사탄 크리스탈 적용|Satanischen Kristall anwenden|Appliquer le cristal satanique|Aplicar Cristal Satánico|Lustrzana kopia
craft_star_upgrade|Star Level Upgrade|Tähtitason päivitys|Atualização de Nível de Estrela|Улучшение уровня звезды|星級升級|スターランクアップグレード|스타 레벨 업그레이드|Sternlevel-Upgrade|Mise à niveau du niveau d'étoile|Mejora de Nivel de Estrella|Zastosuj Kryształ Szatana
craft_reroll_affixes_use|Re-roll the affixes in a common item.|Rullaa liitteet uudelleen yhteiseen nimikkeeseen.|Role novamente os afixos em um item comum.|Перебросьте аффиксы в обычном предмете.|重骰一般物品中的詞綴。|コモンアイテムのアフィックスをリロールする。|일반 아이템의 접두·접미사를 재굴림합니다.|Die Affixierungen in einem gewöhnlichen Gegenstand neu würfeln.|Relancez les affixes d'un objet commun.|Rerrolea los afijos en un objeto común.|Ulepszenie poziomu gwiazdek
craft_reroll_sockets_use|Roll a random amount of sockets into a white item with no sockets in it.|Rullaa satunnainen määrä pistorasioita valkoiseksi esineeksi, jossa ei ole pisteitä.|Role uma quantidade aleatória de soquetes em um item branco sem soquetes nele.|Вставьте случайное количество гнезд в белый предмет без гнезд.|將一個沒有洞的白色物品重骰洞數。|ソケットのない白アイテムにランダムな数のソケットを付与する。|소켓이 없는 흰색 아이템에 무작위 갯수의 소켓을 굴립니다.|Eine zufällige Anzahl von Sockeln in einen weißen Gegenstand ohne Sockel würfeln.|Rassemblez une quantité aléatoire de sockets dans un objet blanc sans socket.|Añade una cantidad aleatoria de Ranuras a un objeto blanco sin Ranuras.|Ponownie rzuć afiksami w zwykłym przedmiocie.
craft_empty_sockets_use|Empty the sockets in an item. Socketables in the item will be permanently destroyed.|Tyhjennä esineen pistorasiat. Tuotteessa olevat pistorasiat tuhoutuvat pysyvästi.|Esvazie os soquetes em um item. Os soquetes no item serão destruídos permanentemente.|Освободите гнезда в предмете. Гнезда в предмете будут навсегда уничтожены.|清空物品中的洞數. 洞裡的物品將會永久銷毀|アイテムのソケットを空にする。ソケットに入っているものは永久に破壊される。|아이템의 소켓을 비웁니다. 장착된 소켓 아이템은 영구적으로 파괴됩니다.|Die Sockel in einem Gegenstand leeren. Sockel in dem Gegenstand werden dauerhaft zerstört.|Videz les sockets d'un objet. Les socketables de l'objet seront définitivement détruits.|Vacía las Ranuras de un objeto. Los objetos en las Ranuras del objeto serán destruidos permanentemente.|Wyrzuć losową liczbę gniazd, aby uzyskać biały przedmiot bez gniazd.
craft_reroll_affixes|Re-roll Affixes|Rullaa liitteet uudelleen|Rolar novamente os afixos|Перебросьте аффиксы|重骰詞綴|アフィックスをリロール|재굴림된 접두·접미사|Affixierungen neu würfeln|Relancez les affixes|Rerrolear Afijos|Opróżnij gniazda w przedmiocie. Elementy, które można umieścić w elemencie, zostaną trwale zniszczone.
craft_empty_sockets|Empty Sockets|Tyhjät pistorasiat|Esvaziar soquetes|Пустые гнезда|清空一般裝備洞數|ソケットを空にする|비워진 소켓|Sockel leeren|Vider les sockets|Vaciar Ranuras|Ponownie rzuć afiksami
craft_reroll_sockets|Add Sockets|Lisää pistorasiat|Adicionar soquetes|Добавьте гнезда|重骰一般裝備洞數|ソケットを追加|소켓 추가|Sockel hinzufügen|Ajouter des sockets|Añadir Ranuras|Opróżnij gniazda
craft_material_salvage_lesser_unstable_dust|Combine into random fragments.||Combine-os em fragmentos aleatórios. |Объединить в случайные фрагменты. |合成隨機碎片。 |ランダムな断片に結合する。 |무작위 조각으로 조합하세요. |In zufällige Fragmente zerlegen.|Combiner en fragments aléatoires. |Combinar en fragmentos aleatorios. |Dodaj gniazda
craft_material_salvage_unstable_dust|Combine into random fragments.||Combine-os em fragmentos aleatórios. |Объединить в случайные фрагменты. |合成隨機碎片。 |ランダムな断片に結合する。 |무작위 조각으로 조합하세요. |In zufällige Fragmente zerlegen.|Combiner en fragments aléatoires. |Combinar en fragmentos aleatorios. |Połącz w losowe fragmenty.
craft_material_salvage_greater_unstable_dust|Combine into random fragments.||Combine-os em fragmentos aleatórios. |Объединить в случайные фрагменты. |合成隨機碎片。 |ランダムな断片に結合する。 |무작위 조각으로 조합하세요. |In zufällige Fragmente zerlegen.|Combiner en fragments aléatoires. |Combinar en fragmentos aleatorios. |Połącz w losowe fragmenty.
craft_material_satanic_crystal|Either adds an extra affix or socket to the item or corrupts it.|Joko lisää ylimääräisen liitteen tai liittimen kohteeseen tai vahingoittaa sitä.|Adicione um afixo ou encaixe extra ao item ou o corrompa.|Либо добавляет дополнительный аффикс или гнездо к предмету, либо портит его.|為物品添加額外的詞綴或插槽或使其腐化。|アイテムに追加のアフィックスまたはソケットを付与するか、コラプト化させる。|아이템에 추가 접두·접미사 또는 소켓을 부여하거나, 아이템을 타락시킵니다.|Fügt dem Gegenstand entweder ein zusätzliches Affix oder einen zusätzlichen Sockel hinzu oder verdirbt ihn.|Ajoutez un affixe ou un emplacement supplémentaire à l'objet ou corrompt-le.|Añade un modificador o engaste adicional al objeto, o lo corrompe.|Połącz w losowe fragmenty.
craft_material_satanic_crystal_fragment|Combine into a satanic crystal.|Yhdistä saatanaksi kristalliksi. |Combine em um cristal satânico. |Объедините в сатанинский кристалл. |合成撒旦水晶。 |サタニッククリスタルに変換|사탄 크리스탈로 합성합니다.|Kombiniere ihn zu einem Satanskristall.|Combinez-les pour former un cristal satanique. |Combínalo para formar un cristal satánico. |Dodaj dodatkowy afiks lub gniazdo do przedmiotu lub go zepsuj.
craft_material_essence_of_chaos|Combine into an Essence of Chaos.||Combine em uma Essência do Caos. |Объедините в Эссенцию хаоса. |合成混沌精華。|「混沌のエッセンス」に合成する。 |카오스의 에센스로 결합하십시오.|Zu einer Essenz des Chaos kombinieren. |Combinez pour former une Essence du chaos. |Combina para crear una Esencia del Caos.|Połącz w Esencję Chaosu.
craft_blacksmithsMallet|Blacksmith's Mallet||Malho do Ferreiro|Кузнечный молоток|鐵匠之槌|ブラックスミスのマレット|블랙스미스의 망치|Schmiedehammer|Maillet de forgeron|Mazo de herrero|Połącz w kryształ Szatana.
craft_blacksmithsMallet_use|Deletes sockets from a common item.||Remove engastes de um item comum.|Удаляет гнезда из обычного предмета.|刪除普通物品上的洞數。|コモンアイテムからソケットを削除する。|일반 아이템에 소켓을 삭제합니다.|Entfernt Sockel von einem gewöhnlichen Gegenstand.|Supprime les châsses d'un objet commun.|Elimina las ranuras de un objeto común.|Młot Kowalskiego 
craft_essenceOfChaos|Apply Essence of Chaos||Aplicar Essência do Caos|Применить Сущность Хаоса|應用混沌精華|カオスのエッセンスを適用|카오스의 정수 적용|Essenz des Chaos anwenden|Applique l'Essence du Chaos|Aplicar Esencia del Caos|Może być użyty do przerzucenia statów przedmiotu SS tier.
craft_essenceOfChaos_use|Adds an additional buff and debuff on an infernal codex.||Adiciona um bônus e uma penalidade adicionais a um códice infernal.|Добавляет дополнительный бафф и дебафф к адскому кодексу.|在煉獄法典上添加額外的增益和減益效果。|インフェルナルコーデックスに追加のバフとデバフを付与する。|인페르날 코덱스에 추가 버프와 디버프를 부여합니다.|Fügt einem Höllenkodex einen zusätzlichen Stärkungs- und Schwächungseffekt hinzu.|Ajoute un bonus et un malus supplémentaires à un codex infernal.|Añade una mejora y una desventaja adicionales a un códice infernal.|Zastosuj esencję w infernalnym kodeksie, aby dodać dodatkowy buff i debuff.
craft_essenceOfChaos_result|Buffed Codex||Códice Aprimorado|Усиленный кодекс|增強法典|強化されたコーデックス|강화된 코덱스|Gestärkter Kodex|Codex amélioré|Códice mejorado|Wzmocniony Kodeks
craft_material_satanic_crystal_result|Modified Item||Item Modificado |Модифицированный предмет |修改物品 |変更済みアイテム|수정된 아이템|Modifizierter Gegenstand|Objet modifié |Objeto modificado |Zmodyfikowany Przedmiot
craft_remove_satanic_crystal|Remove Satanic Crystal Effect||Remover Efeito de Cristal Satânico|Удалить эффект сатанинского кристалла|移除撒旦水晶效果|サタニック・クリスタル効果の除去|사탄 수정 효과 제거|Satanischen Kristalleffekt entfernen|Retirer l'effet de cristal satanique|Eliminar efecto del Cristal Satánico|Usuń efekt kryształu szatana
craft_desc_remove_satanic_crystal|Remove the satanic crystal affix or socket from an item.||Remova o afixo ou encaixe de cristal satânico de um item. |Удалите сатанинский кристаллический аффикс или гнездо с предмета.|移除裝備上的撒旦水晶詞綴或鑲嵌孔。|アイテムからサタニック・クリスタルのアフィックスまたはソケットを除去します。 |물품에서 사탄 수정 고정 장치 또는 소켓을 제거|Entferne das Affix oder den Sockel des satanischen Kristalls von einem Gegenstand. |Retirer l'affixe ou la châsse de cristal satanique d'un objet. |Elimina el afijo o engarce de Cristal Satánico de un objeto.|Usuń z przedmiotu afiks lub gniazdo kryształu szatana.
|||||||||||
[Item Types]|||||||||||
item_type_helmet|Helmet|Kypärä|Elmo |Шлем|頭盔|ヘルメット|헬멧|Helm|Casque|Casco|Hełm
item_type_bodyarmor|Body Armor|Rintapanssari|Armadura|Доспехи|胸甲|ボディアーマー|갑옷|Körperpanzerung|Gilet|Armadura Corporal|Zbroja Korpusu
item_type_belt|Belt|Vyö|Cinto |Пояс|腰帶|ベルト|벨트|Gürtel|Ceinture|Cinturón|Pas
item_type_boots|Boots|Saappaat|Botas|Сапоги|靴子|ブーツ|부츠|Stiefel|Bottes|Botas|Buty
item_type_gloves|Gloves|Käsineet|Luvas |Перчатки|手套|グローブ|장갑|Handschuhe|Gants|Guantes|Rękawice
item_type_shield|Shield|Kilpi|Escudo |Щит|盾牌|シールド|방패|Schild|Bouclier|Escudo|Tarcza
item_type_amulet|Amulet|Amuletti|Amuleto |Амулет|項鍊|アミュレット|아뮬렛|Amulett|Amulette|Amuleto|Amulet
item_type_ring|Ring|Sormus|Anel |Кольцо|戒指|リング|반지|Ring|Anneau|Anillo|Pierścień
item_type_charm|Charm|Talismaani|Talismã|Оберег|護身符|チャーム|참|Anhänger|Charme|Amuleto|Urok
item_type_consumable|Consumable|Kulutettava|Consumível|Расходный|消耗品|消耗品|소모품|Verbrauchsgegenstand|Consommable|Consumible|Consumable
item_type_potion|Potion|Rohto|Poção |Зелье|藥劑|ポーション|포션|Trank|Potion|Poción|Mikstura
item_type_key|Key|Avain|Chave|Ключ|鑰匙|キー|열쇠|Schlüssel|Clé|Llave|Klucz
item_type_collectible|Collectible|Kerättävä|Colecionáveis|Коллекционный|收藏品|コレクティブル|수집품|Sammelobjekt|Objet de collection|Coleccionable|Collectible
item_type_material|Material|Materiaali|Material|Материал|材料|素材|소재|Material|Matériau|Material|Materiał
item_type_socketable|Socketable|Pistorasia |Engastáveis|Вставной|鑲嵌物|ソケタブル|소켓 가능|Sockelbar|Serrure|Ranurable|Do Socketowania
item_type_relic|Relic|Aarre|Relíquia|Реликвия|遺物|レリック|유물|Reliquie|Relique|Reliquia|Relikt
item_type_rune|Rune|Riimu|Runa|Руна|符文|ルーン|룬|Rune|Rune|Runa|Runa
item_type_gem|Gem|Jalokivi|Gema |Драгоценный камень|寶石|ジェム|젬|Edelstein|Gemme|Gema|Klejnot
item_type_jewel|Jewel|Korukivi|Joia|Драгоценность|珠寶|ジュエル|쥬얼|Juwel|Bijou|Joya|Jewel
item_type_orb|Orb|Orb |Esfera |Сфера|寶球|オーブ|오브|Kugel|Orbe|Orbe|Orb
item_type_sword|Sword|Miekka|Espada |Меч|劍|ソード|검|Schwert|Épée|Espada|Miecz
item_type_dagger|Dagger|Tikari|Adaga |Кинжал|匕首|ダガー|단검|Dolch|Dague|Daga|Sztylet
item_type_mace|Mace|Nuija|Maça|Булава|錘|メイス|메이스|Streitkolben|Masse|Maza|Maczuga
item_type_axe|Axe|Kirves|Machado |Топор|斧|アックス|도끼|Axt|Hache|Hacha|Topór
item_type_polearm|Polearm|Pitkävartinen ase|Arma de Haste|Древковое оружие|長柄武器|ポールアーム|장창|Stangenwaffe|Arme d'hast|Arma de Asta|Broń Drzewcowa
item_type_claw|Claw|Kynnet|Garra|Коготь|爪|クロウ|클로|Klaue|Griffe|Garra|Pazur
item_type_chainsaw|Chainsaw|Moottorisaha|Motosserra|Бензопила|電鋸|チェーンソー|전기톱|Kettensäge|Tronçonneuse|Motosierra|Piła Łańcuchowa
item_type_staff|Staff|Sauva|Cajado |Посох|長杖|スタッフ|스테프|Stab|Bâton|Báculo|Kostur
item_type_cane|Cane|Keppi|Bastão Mágico|Трость|手杖|ケイン|케인|Gehstock|Canne|Bastón|Laska
item_type_wand|Wand|Taikasauva|Varinha |Жезл|魔杖|ワンド|완드|Zauberstab|Baguette|Vara|Różdżka
item_type_book|Book|Kirja|Livro|Книга|書本|ブック|책|Buch|Livre|Libro|Książka
item_type_spellblade|Spellblade|Loitsuveitsi|Espada Mágica|Клинок заклинаний|魔法短劍|スペルブレイド|마법검|Zauberklinge|Lame magique|Hoja de Hechizo|Spellblade
item_type_bow|Bow|Jousi|Arco|Лук|弓|ボウ|활|Bogen|Arc|Arco|Łuk
item_type_gun|Gun|Pyssy|Arma|Ружье|槍|ガン|총|Gewehr|Fusil|Pistola|Broń Palna
item_type_flask|Vial|Injektiopullo |Frasco |Флакон|魔瓶|ヴァイアル|유리병|Phiole|Fiole|Vial|Fiola
item_type_throwing|Throwing Weapon|Heittoase|Arma de Arremeso|Метательное оружие|投擲武器|投擲武器|투척 무기|Wurfwaffe|Arme de jet|Arma Arrojadiza|Broń Miotana
item_type_novelty|Novelty|Erikoisuus|Fantasia|Новинка|新奇物品|ノベルティ|참신함|Neuheit|Nouveauté|Novedad|Nowość
item_type_armor|Armor|Panssari|Armadura|Броня|盔甲|アーマー|갑옷|Rüstung|Armure|Armadura|Zbroja
item_type_weapon|Weapon|Ase|Arma|Оружие|武器|ウェポン|무기|Waffe|Arme||Broń
item_type_uber|Special|Erityinen|Especial|Специальный|特別|スペシャル|특수|Spezial|Spécial|Arma|Specjalny
item_type_glyph|Glyph|Glyyfi|Glifo|Глиф|雕紋|グリフ|글리프|Glyphe|Glyphe|Especial|Glyph
item_type_codex|Codex|Codex |Códice |Кодекс|法典|コデックス|코덱스|Kodex|Codex|Glifo|Kodeks
item_type_flasks|Flask|Pullo|Frasco |Фляга |藥劑瓶 |フラスク|플라스크|Flasche|Flacon |Códice|Flaszka
item_type_vault|Vault|Holvi|Cofre |Сейф |精華庫 |コンテナ|컨테이너|Gewölbe|Sauter |Frasco|Skarbiec
item_type_fish|Fish|Kala|Peixe |Рыба |魚 |魚 |물고기 |Fisch|Poisson |Pez |Ryba
|||||||||||
[Drop Locations]|||||||||||
act01bossDungeons|Act I Boss Dungeons|Act I Boss Dungeons|Masmorras de Chefe do Ato I|Акт I Босс Подземелий|第一章BOSS地下城|Act I ボスダンジョン|1막 보스 던전|Boss-Dungeons Akt I|Donjons de boss de l'acte I|Mazmorras de Jefe del Acto I|Lochy Bossów Aktu I
act02bossDungeons|Act II Boss Dungeons|Act II Boss Dungeons|Masmorras de Chefe do Ato II|Акт II Подземелья с боссами|第二章BOSS地下城|Act II ボスダンジョン|2막 보스 던전|Boss-Dungeons Akt II|Donjons de boss de l'acte II|Mazmorras de Jefe del Acto II|Lochy Bossów Aktu II
act03bossDungeons|Act III Boss Dungeons|Act III Boss Dungeons|Masmorras de Chefe do Ato III|Акт III Подземелья с боссами|第三章BOSS地下城|Act III ボスダンジョン|3막 보스 던전|Boss-Dungeons Akt III|Donjons de boss de l'acte III|Mazmorras de Jefe del Acto III|Lochy Bossów Aktu III
act04bossDungeons|Act IV Boss Dungeons|Act IV Boss Dungeons|Masmorras de Chefe do Ato IV|Акт IV Подземелья с Боссами|第四章BOSS地下城|Act IV ボスダンジョン|4막 보스 던전|Boss-Dungeons Akt IV|Donjons de boss de l'acte IV|Mazmorras de Jefe del Acto IV|Lochy Bossów Aktu IV
act05bossDungeons|Act V Boss Dungeons|Act V Boss Dungeons|Masmorras de Chefe do Ato V|Акт V Подземелья с боссами|第五章BOSS地下城|Act V ボスダンジョン|5막 보스 던전|Boss-Dungeons Akt V|Donjons de boss de l'acte V|Mazmorras de Jefe del Acto V|Lochy Bossów Aktu V
act06bossDungeons|Act VI Boss Dungeons|Act VI Boss Dungeons|Masmorras de Chefe do Ato VI|Акт VI Подземелья с боссами|第六章BOSS地下城|Act VI ボスダンジョン|6막 보스 던전|Boss-Dungeons Akt VI|Donjons de boss de l'acte VI|Mazmorras de Jefe del Acto VI|Lochy Bossów Aktu VI
act07bossDungeons|Act VII Boss Dungeons|Act VII Boss Dungeons|Masmorras de Chefe do Ato VII|Акт VII Подземелья с боссами|第七章BOSS地下城|Act VII ボスダンジョン|7막 보스 던전|Boss-Dungeons Akt VII|Donjons de boss de l'acte VII|Mazmorras de Jefe del Acto VII|Lochy Bossów Aktu VII
act08bossDungeons|Act VIII Boss Dungeons|Act VIII Boss Dungeons|Masmorras de Chefe do Ato VIII|Акт VIII Подземелья с боссами|第八章BOSS地下城|Act VIII ボスダンジョン|8막 보스 던전|Boss-Dungeons Akt VIII|Donjons de boss de l'acte VIII|Mazmorras de Jefe del Acto VIII|Lochy Bossów Aktu VIII
act01dungeons|Act I Dungeons|Näytelmä I Dungeons|Masmorras do Ato I|Акт I Подземелья|第一章地下城|Act I ダンジョン|1막 던전|Dungeons Akt I|Donjons de boss de l'acte I|Mazmorras del Acto I|Lochy Aktu I
act02dungeons|Act II Dungeons|Act II Dungeons|Masmorras do Ato II|Акт II Подземелья|第二章地下城|Act II ダンジョン|2막 던전|Dungeons Akt II|Donjons de l'acte II|Mazmorras del Acto II|Lochy Aktu II
act03dungeons|Act III Dungeons|Act III Dungeons|Masmorras do Ato III|Акт III Подземелья|第三章地下城|Act III ダンジョン|3막 던전|Dungeons Akt III|Donjons de l'acte III|Mazmorras del Acto III|Lochy Aktu III
act04dungeons|Act IV Dungeons|Act IV Dungeons|Masmorras do Ato IV|Акт IV Подземелья|第四章地下城|Act IV ダンジョン|4막 던전|Dungeons Akt IV|Donjons de l'acte IV|Mazmorras del Acto IV|Lochy Aktu IV
act05dungeons|Act V Dungeons|Act V Dungeons|Masmorras do Ato V|Акт V Подземелья|第五章地下城|Act V ダンジョン|5막 던전|Dungeons Akt V|Donjons de l'acte V|Mazmorras del Acto V|Lochy Aktu V
act06dungeons|Act VI Dungeons|Act VI Dungeons|Masmorras do Ato VI|Акт VI Подземелья|第六章地下城|Act VI ダンジョン|6막 던전|Dungeons Akt VI|Donjons de l'acte VI|Mazmorras del Acto VI|Lochy Aktu VI
act07dungeons|Act VII Dungeons|Act VII Dungeons|Masmorras do Ato VII|Акт VII Подземелья|第七章地下城|Act VII ダンジョン|7막 던전|Dungeons Akt VII|Donjons de l'acte VII|Mazmorras del Acto VII|Lochy Aktu VII
act08dungeons|Act VIII Dungeons|Act VIII Dungeons|Masmorras do Ato VIII|Акт VIII Подземелья|第八章地下城|Act VIII ダンジョン|8막 던전|Dungeons Akt VIII|Donjons de l'acte VIII|Mazmorras del Acto VIII|Lochy Aktu VIII
act01zones|Act I Zones|Act I vyöhykkeet|Zonas do Ato I|Зоны действия I|第一章區域|Act I ゾーン|1막 구역|Zonen Akt I|Zones de l'acte I|Zonas del Acto I|Strefy Aktu I
act02zones|Act II Zones|Act II vyöhykkeet|Zonas do Ato II|Зоны Действия II|第二章區域|Act II ゾーン|2막 구역|Zonen Akt II|Zones de l'acte II|Zonas del Acto II|Strefy Aktu II
act03zones|Act III Zones|Act III vyöhykkeet|Zonas do Ato III|Зоны Действия III|第三章區域|Act III ゾーン|3막 구역|Zonen Akt III|Zones de l'acte III|Zonas del Acto III|Strefy Aktu III
act04zones|Act IV Zones|Act IV vyöhykkeet|Zonas do Ato IV|Зоны Действия IV|第四章區域|Act IV ゾーン|4막 구역|Zonen Akt IV|Zones de l'acte IV|Zonas del Acto IV|Strefy Aktu IV
act05zones|Act V Zones|Act V vyöhykkeet|Zonas do Ato V|Зоны действия V|第五章區域|Act V ゾーン|5막 구역|Zonen Akt V|Zones de l'acte V|Zonas del Acto V|Strefy Aktu V
act06zones|Act VI Zones|Laki VI vyöhykkeet|Zonas do Ato VI|Зоны действия VI|第六章區域|Act VI ゾーン|6막 구역|Zonen Akt VI|Zones de l'acte VI|Zonas del Acto VI|Strefy Aktu VI
act07zones|Act VII Zones|Act VII vyöhykkeet|Zonas do Ato VII|Зоны Действия VII|第七章區域|Act VII ゾーン|7막 구역|Zonen Akt VII|Zones de l'acte VII|Zonas del Acto VII|Strefy Aktu VII
act08zones|Act VIII Zones|Act VIII vyöhykkeet|Zonas do Ato VIII|Зоны Действия VIII|第八章區域|Act VIII ゾーン|8막 구역|Zonen Akt VIII|Zones de l'acte VIII|Zonas del Acto VIII|Strefy Aktu VIII
specialShadowRealm|Shadow Realm|Shadow Realm|Reino das Sombras|Царство Теней|暗影領域|シャドウレルム|그림자 왕국|Schattenreich|Royaume des ombres|Reino de las Sombras|Shadow Realm
specialEternalBattleField|Eternal Battlefield|Ikuinen taistelukenttä|Campo de Batalha Eterno|Вечное Поле битвы|永恆戰場|永遠の戦場|영원한 전장|Ewiges Schlachtfeld|Champ de bataille éternel|Campo de Batalla Eterna|Eternal Battlefield
specialNiflhel|Niflhel|Niflhel |Niflhel|Нифльхель|尼夫海姆 |ニヴルヘル |니플헤임|Niflhel|Niflhel |Niflhel|Niflhel
|||||||||||
[Glyphs]|||||||||||
glyph_greed|Greed|Ahneus|Glifo da Precisão|Жадность|貪婪雕紋|強欲|탐욕|Gier|Cupidité|Glifo de la Codicia|Chciwość
glyph_goblin|Goblin|Goblin|Glifo da Precisão|Гоблин|哥布林雕紋|ゴブリン|고블린|Kobold|Gobelin|Glifo del Trasgo|Goblin
glyph_loot|Loot|Ryöstää|Glifo da Percepção Mística|Добыча|戰利品雕紋|戦利品|전리품|Beute|Butin|Glifo del Botín|Łup
glyph_gamba|Gamba|Gamba|Glifo dos Ataques da Tempestade|Гамба|拉霸雕紋|ガンバ|감바|Gamba|Gamba|Glifo de la Gamba|Gamba
glyph_treasure|Treasure|Aarre|Glifo da Corrosão|Сокровище|寶藏雕紋|宝物|보물|Schatz|Trésor|Glifo del Tesoro|Skarb
glyph_angel|Angel|Enkeli|Glifo da Singularidade|Ангел|天使雕紋|エンジェル|천사|Engel|Ange|Glifo del Ángel|Anioł
glyph_alchemist|Alchemist|Alkemisti|Glifo do Eco|Алхимик|煉金術士雕紋|錬金術師|연금술사|Alchemist|Alchimiste|Glifo del Alquimista|Alchemik
glyph_keymaster|Key Master|Avaimen mestari|Glifo do Escudo do Sobrevivente|Мастер ключей|鑰匙大師雕紋|キーマスター|키 마스터|Schlüsselmeister|Maître des clés|Glifo del Maestro de Llaves|Mistrz Kluczy
glyph_shadow|Shadow|Varjo|Glifo do Mago Lutador|Тень|暗影雕紋|シャドウ|섀도우|Schatten|Ombre|Glifo de la Sombra|Cień
glyph_tower|Tower|Torni|Glifo da Avareza|Башня|塔雕紋|タワー|타워|Turm|Tour|Glifo de la Torre|Wieża
glyph_battle|Battle|Taistelu|Glifo do Poder do Titã|Битва|戰鬥雕紋|バトル|배틀|Kampf|Bataille|Glifo de la Batalla|Bitwa
glyph_runemaster|Runemaster|Runemaster|Glifo do Sobrecarregado|Мастер рун|符文大師雕紋|ルーンマスター|룬마스터|Runenmeister|Maître des runes|Glifo del Maestro de Runas|Runemaster
glyph_jewelcrafter|Jewelcrafter|Jewelcrafter|Glifo do Inverno Nórdico|Ювелир|寶石匠雕紋|宝石職人|보석 장인|Juwelenschleifer|Joaillier|Glifo del Joyero|Jubiler
glyph_geras|Geras|Geras|Glifo do Bebum|Герас|行商雕紋|ゲラス|게라스|Geras|Geras|Glifo de Geras|Geras
glyph_rift|Rift|Rift|Glifo do Domínio de Lacaios|Рифт|裂縫雕紋|リフト|리프트|Rift|Faille|Glifo de la Grieta|Rift
glyph_bifrost|Bifröst |Bifröst |Glifo do Ardiloso Astuto|Бифрост|彩虹橋雕紋|ビフロスト|비프로스트|Bifröst|Bifröst|Glifo de Bifröst|Bifröst
glyph_alfather|Alfather|Alfather|Glifo da Longevidade|Алфатер|眾神之父雕紋|アルファザー|알파더|Alfather|Alfather|Glifo del Padre de Todo|Alfather
glyph_relic|Relic|Jäänne|Glifo da Monstruosidade|Реликвия|遺物雕紋|遺物|유물|Reliquie|Relique|Glifo de la Reliquia|Relikt
glyph_satanic_dice|Satanic Dice|Saatanallinen noppa|Glifo do Elementalista|Сатанинские кости|撒旦骰子雕紋|サタニックダイス|사탄 주사위|Satanische Würfel|Dés sataniques|Glifo de los Dados Satánicos|Sataniczna Kostka
glyph_prime_evil|Prime Evil|Prime Evil|Glifo do Artesão|Первобытное зло|邪惡之源雕紋|プライムイービル|프라임 이블|Prime Evil|Mal primordial|Glifo del Mal Primario|Prime Evil
glyph_artisan|Artisan|Käsityöläinen|Glifo da Mistura|Ремесленник|工匠雕紋|職人|장인|Handwerker|Artisan|Glifo del Artesano|Rzemieślnik
glyph_infinity|Deprecated|Käytöstä poistettu|Glifo do Infinito|Устаревшее|已弃用|非推奨|사용 중단|Veraltet|Obsolète|Glifo del Infinito (Obsoleto)|Przestarzałe
glyph_gravity|Deprecated|Käytöstä poistettu|Glifo da Gravidade|Устаревшее|已弃用|非推奨|사용 중단|Veraltet|Obsolète|Glifo de la Gravedad (Obsoleto)|Przestarzałe
glyph_zapper|Deprecated|Käytöstä poistettu |Glifo do Zapeador|Устаревшее |已弃用 |非推奨 |사용 중단 |Veraltet|Obsolète |Glifo del Fulminador (Obsoleto)|Przestarzałe
|||||||||||
[Shrines]|||||||||||
shrine_devil|Devil's Shrine|Paholaisen pyhäkkö|Altar do Diabo|Святилище Дьявола|惡魔神殿|悪魔の神殿|악마의 제단|Schrein des Teufels|Sanctuaire du Diable|Santuario del Diablo|Ołtarz Diabła
shrine_angel|Angel's Shrine|Enkelin pyhäkkö|Altar do Anjo|Святилище Ангела|天使神殿|天使の神殿|천사의 제단|Schrein des Engels|Sanctuaire de l'Ange|Santuario del Ángel|Ołtarz Anioła
shrine_reaper|Death's Shrine|Kuoleman pyhäkkö|Altar da Morte|Святилище Смерти|死亡神殿|死の神殿|죽음의 제단|Schrein des Todes|Sanctuaire de la Mort|Santuario de la Muerte|Ołtarz Śmierci
shrine_chaos|Chaos Shrine|Kaaoksen pyhäkkö|Altar do Caos|Святилище Хаоса|混亂神殿|混沌の神殿|카오스 제단|Schrein des Chaos|Sanctuaire du Chaos|Santuario del Caos|Ołtarz Chaosu
shrine_life|Shrine of Life|Elämän pyhäkkö|Altar da Vida|Святилище Жизни|生命神殿|生命の神殿|생명의 제단|Schrein des Lebens|Sanctuaire de la Vie|Santuario de la Vida|Ołtarz Życia
shrine_mana|Shrine of Mana|Manan pyhäkkö|Altar da Mana|Святилище Маны|法力神殿|マナの神殿|마나의 제단|Schrein des Mana|Sanctuaire du Mana|Santuario de Maná|Ołtarz Many
shrine_anubis|Shrine of Destruction|Tuhon pyhäkkö|Santuário da Destruição|Святилище Разрушения|毀滅神殿|破壊の神殿|파괴의 제단|Schrein der Zerstörung|Sanctuaire de la Destruction|Santuario de la Destrucción|Ołtarz Zniszczenia
shrine_justice|Angel of Justice|Oikeuden enkeli |Anjo da Justiça |Ангел Справедливости |正義天使神殿 |正義の天使 |정의의 천사 |Engel der Gerechtigkeit|Ange de la Justice |Ángel de la Justicia|Anioł Sprawiedliwości
|||||||||||
[Shrine Affixes]|||||||||||
shrine_devil_affix01|of Experience||de Experiência|Опыта|經驗|の経験値|의 경험치|Erfahrung|de l'expérience|de la Experiencia|Doświadczenia
shrine_devil_affix02|of Agility||da Agilidade|Ловкости|攻擊速度|の敏捷性|의 민첩성|Geschicklichkeit|de l'agilité|de la Agilidad|Zwinności
shrine_devil_affix03|of Haste||da Rapidez|Скорости|移動速度|のヘイスト|의 헤이스트|Schnelligkeit|de la hâte|de la Celeridad|Przyspieszenia
shrine_devil_affix04|of Damage||de Dano|Урона|傷害|のダメージ|의 데미지|Schaden|des dégâts|del Daño|Obrażeń
shrine_devil_affix05|of Fortune||da Fortuna|Удачи|財富|の運|의 행운|Glück|de la fortune|de la Fortuna|Fortuny
shrine_devil_affix11|of Relic||da Relíquia|Реликвии|遺物|の遺物|의 유물|Reliquie|de la relique|de la Reliquia|Reliktu
shrine_angel_affix01|of Experience||de Experiência|Опыта|經驗|の経験値|의 경험치|Erfahrung|de l'expérience|de la Experiencia|Doświadczenia
shrine_angel_affix02|of Agility||da Agilidade|Ловкости|攻擊速度|の敏捷性|의 민첩성|Geschicklichkeit|de l'agilité|de la Agilidad|Zwinności
shrine_angel_affix03|of Haste||da Rapidez|Скорости|移動速度|のヘイスト|의 헤이스트|Schnelligkeit|de la hâte|de la Celeridad|Przyspieszenia
shrine_angel_affix04|of Damage||de Dano|Урона|傷害|のダメージ|의 데미지|Schaden|des dégâts|del Daño|Obrażeń
shrine_angel_affix05|of Fortune||da Fortuna|Удачи|財富|の運|의 행운|Glück|de la fortune|de la Fortuna|Fortuny
shrine_angel_affix06|of Skill||da Habilidade|Мастерства|技能|のスキル|의 스킬|Fertigkeit|de l'habileté|de la Habilidad|Umiejętności
shrine_chaos_affix01|of Satanism||do Satanismo|Сатанизма|撒旦裝備|のサタニック崇拝|의 사탄숭배|Satanismus|du satanisme|del Satanismo|Satanizmu
shrine_chaos_affix02|of Runic Embrace||do Abraço Rúnico|Рунического Объятия|符文|のルニックエンブレム|의 루닉 엠블럼|Runenumarmung|de l'étreinte runique|del Abrazo Rúnico|Runicznego Uścisku
shrine_chaos_affix03|of Dimension||da Dimensão|Измерения|次元碎片|の次元|의 차원|Dimension|de la dimension|de la Dimensión|Wymiaru
shrine_chaos_affix04|of Treasure||do Tesouro|Сокровища|寶藏哥布林|の宝物|의 보물|Schatz|du trésor|del Tesoro|Skarbu
shrine_chaos_affix05|of the Ancients||dos Anciões|Древних|古代怪物|の古代|의 고대|der Alten|des Anciens|de los Antiguos|Pradawnych
shrine_chaos_affix06|of Greed||de Ganância|Жадности|貪婪|の強欲|의 탐욕|Gier|de l'avidité|de la Codicia|Chciwości
shrine_chaos_affix07|of the Champions||dos Campeões|Чемпионов|冠軍怪物|のチャンピオン|의 챔피언|der Champions|des Champions|de los Campeones|Championów
shrine_reaper_affix01|of the Fallen Ancient||do Ancião Caído|Падшего Древнего|墮落古代怪物|の堕落した古代|의 타락한 고대|des Gefallenen Alten|de l'Ancien déchu|del Anciano Caído|Upadłego Pradawnego
shrine_reaper_affix02|of the Fallen Champion||do Campeão Caído|Падшего Чемпиона|墮落冠軍怪物|の堕落したチャンピオン|의 타락한 챔피언|des Gefallenen Champions|du Champion déchu|del Campeón Caído|Upadłego Championa
shrine_reaper_affix03|of the Fallen Legion||da Legião Caída|Падшего Легиона |墮落軍團怪物 |の堕落した軍団|의 타락한 군단|der Gefallenen Legion|de la Légion déchue |de la Legión Caída|Upadłego Legionu
|||||||||||
[Prefixes]|||||||||||
prefix_battlescarred|Battlescarred||Marcado|Израненный в боях|T5經驗|バトルスカー|배틀스카|Kampfspuren|Marqué par les batailles|Cicatrizado en batalla|Bliznowaty Bitewnie
prefix_fieldtested|Fieldtested||Testada|Проверенный в полевых условиях|T4經驗|フィールドテスト済み|필드테스트|Einsatzerprobt|Éprouvé sur le terrain|Probado en el campo de batalla|Przetestowany w Polu
prefix_wartorned|Wartorned||Rasgado|Истерзанный войной|T3經驗|ウォートーンド|워톤|Kriegsgeschunden|Brisé par la verrue|Marcado por la guerra|Zniszczony Wojną
prefix_posttraumatic|Posttraumatic||Pós-traumático|Посттравматичный|T2經驗|ポストトラウマティック|포스트트라우마|Posttraumatisch|Traumatisé|Postraumático|Pourazowy
prefix_warlegend|Warlegend||Lenda|Легенда войны|●T1經驗● |ウォーレジェンド|워레전드|Kriegslegend|Légende de guerre|Leyenda de guerra|Legenda Wojny
prefix_savage|Savage||Selvagem|Дикий|T5附加物理傷害|サベージ|새비지|Wild|Sauvage|Salvaje|Dziki
prefix_brutal|Brutal||Brutalidade|Жестокий|T4附加物理傷害|ブルータル|브루탈|Brutal|Brutal|Brutal|Brutalny
prefix_feral|Feral||Feral|Дикий|T3附加物理傷害|フィアラル|페럴|Ungezähmt|Féroce|Feral|Dziki
prefix_merciless|Merciless||Impiedoso|Безжалостный|T2附加物理傷害|マーシレス|머시리스|Gnadenlos|Impétueux|Despiadado|Bezlitosny
prefix_ferocious|Ferocious||Feroz|Свирепый|●T1附加物理傷害● |フェロシャス|페로셔스|Grausam|Féroce|Feroz|Zaciekły
prefix_owls|Owl||Coruja|Сова|T5命中率|オウル|아울|Eule|Hibou|Búho|Sowa
prefix_crows|Crow||Corvo|Ворон|T4命中率|クロウ|클로|Krähe|Corbeau|Cuervo|Kruk
prefix_hawks|Hawk||Gavião|Ястреб|T3命中率|ホーク|호크|Habicht|Épervier|Faucon |Jastrząb
prefix_falcons|Falcon||Falcão|Сокол|T2命中率|ファルコン|팔콘|Falke|Faucon|Halcón|Sokół
prefix_eagles|Eagle||Águia|Орел|●T1命中率● |イーグル|이글|Adler|Aigle|Águila|Orzeł
prefix_cobras|Cobra||Cobra|Кобра|T5法力值|コブラ|코브라|Kobra|Cobra|Cobra|Kobra
prefix_basilisks|Basilisk||Basilisco|Василиск|T4法力值|バジリスク|바실리스크|Basilisk|Basilic|Basilisco|Bazyliszek
prefix_serpents|Serpent||Serpente|Змея|T3法力值|サーペント|서펀트|Schlange|Serpent|Serpiente|Wąż
prefix_dragons|Dragon||Dragão|Дракон|T2法力值|ドラゴン|드래곤|Drache|Dragon|Dragón|Smok
prefix_wyrms|Wyrm||Wyrm|Червь|●T1法力值● |ワーム|웜|Lindwurm|Wyrm|Gusano|Wurm
prefix_kingcobras|King Cobra||Rei Cobra|Королевская кобра|T5法力值（基於等級）|キングコブラ|킹 코브라|Königskobra|Roi Cobra|Cobra real|Królewska Kobra
prefix_kingbasilisks|King Basilisk||Rei Basilisco|Королевский василиск|T4法力值（基於等級）|キングバジリスク|킹 바실리스크|Königsbasilisk|Roi Basilic|Basilisco real|Królewski Bazyliszek
prefix_kingserpents|King Serpent||Rei Serpente|Королевский змей|T3法力值（基於等級）|キングサーペント|킹 서펀트|Königsschlange|Roi Serpent|Serpiente real|Królewski Wąż
prefix_kingdragons|King Dragon||Rei Dragão|Королевский дракон|T2法力值（基於等級）|キングドラゴン|킹 드래곤|Königsdrache|Roi Dragon|Dragón real|Królewski Smok
prefix_kingwyrms|King Wyrm||Rei Wyrm|Королевский червь|●T1法力值（基於等級）● |キングワーム|킹 웜|Königslindwurm|Roi Wyrm|Gusano real|Królewski Wurm
prefix_armorers|Armorer's||do Armeiro|Оружейник|T5增強防禦|アーマラーの|아머러|Rüstungsschmieds|Armurier|Armero|Zbrojmistrza
prefix_defenders|Defender's||do Defensor|Защитник|T4增強防禦|ディフェンダーの|디펜더|Verteidigers|Défenseur|Defensor|Obrońcy
prefix_bastions|Bastion's||do Bastião|Бастион|T3增強防禦|バスティオンの|배스천|Bollwerks|Bastionnaire|Bastión|Bastionu
prefix_sentinels|Sentinel's||do Sentinela|Страж|T2增強防禦|センティネルの|센티널|Wächters|Sentinelle|Centinela|Strażnika
prefix_guardians|Guardian's||do Guardião|Страж|●T1增強防禦●|ガーディアンの|가디언|Beschützers|Gardien|Guardián|Strażnika
prefix_bears|Bear||Urso|Медведь|T5生命值|ベア|베어|Bär|Ours|Oso|Niedźwiedź
prefix_rhinos|Rhino||Rinoceronte|Носорог|T4生命值|ライノ|라이노|Nashorn|Rhinocéros|Rinoceronte|Nosorożec
prefix_whales|Whale||Baleia|Кит|T3生命值|ホエール|웨일|Wal|Baleine |Ballena |Wieloryb
prefix_mammoths|Mammoth||Mamute|Мамонт|T2生命值|マモス|매머드|Mammut|Mammouth|Mamut|Mamut
prefix_mastodons|Mastodon||Mastodonte|Мастодонт|●T1生命值●|マストドン|마스토돈|Mastodon|Mastodonte|Mastodonte|Mastodont
prefix_apexbears|Apex Bear||Urso Alfa|Верховный медведь |T5生命值（基於等級）|エイペックスベア|에이펙스 베어|Apex-Bär|Ours superprédateur|Oso Alfa|Apex Niedźwiedź
prefix_apexrhinos|Apex Rhino||Rinoceronte Alfa|Вершина Носорога|T4生命值（基於等級）|エイペックスライノ|에이펙스 라이노|Apex-Nashorn|Rhinocéros superprédateur|Rinoceronte Alfa|Apex Nosorożec
prefix_apexwhales|Apex Whale||Baleia Alfa|Вершина Кита|T3生命值（基於等級）|エイペックスホエール|에이펙스 웨일|Apex-Wal|Baleine superprédatrice|Ballena Alfa|Apex Wieloryb
prefix_apexmammoths|Apex Mammoth||Mamute Alfa|Вершина Мамонта|T2生命值（基於等級）|エイペックスマモス|에이펙스 매머드|Apex-Mammut|Mammouth superprédateur|Mamut Alfa|Apex Mamut
prefix_apexmastodons|Apex Mastodon||Mastodonte Alfa|Вершина Мастодонта|●T1生命值（基於等級）● |エイペックスマストドン|에이펙스 마스토돈|Apex-Mastodon|Mastodonte superprédateur |Mastodonte Alfa|Apex Mastodont
prefix_fire_cloaking|Fire Cloaking||Fogo Camuflado|Огненная маскировка|T5火抗|ファイアクローク|파이어클록|Feuermantel|Camouflage ignifuge|Enmascaramiento Ígneo|Płaszcz Ognia
prefix_fire_proof|Fire Proof||Prova de Fogo|Огнеупорный|T4火抗|ファイアプルーフ|파이어프루프|Feuerfest|Ignifugé|Ignífugo|Odporny na Ogień
prefix_fire_resisting|Fire Resisting||Resistente a Fogo|Огнестойкость|T3火抗|ファイアレジスト|파이어레지스트|Feuerresistent|Résistant au feu|Resistente al Fuego|Odporny na Ogień
prefix_fire_shielding|Fire Shielding||Blindado de Fogo|Огнезащита|T2火抗|ファイアシールド|파이어실드|Feuerschützend|Protection contre le feu|Escudo de Fuego|Osłaniający Ogień
prefix_fire_immune|Fire Immune||Imune a Fogo|Огнеиммунитет|●T1火抗● |ファイアイミューン|파이어이뮨|Feuerimmun|Immunité au feu |Inmune al Fuego|Odporny na Ogień
prefix_cold_cloaking|Cold Cloaking||Gelo Camuflado|Холодовая маскировка|T5冰抗|コールドクローク|콜드클록|Kältemantel|Camouflage contre le froid|Enmascaramiento Gélido|Płaszcz Zimna
prefix_cold_proof|Cold Proof||Prova de Gelo|Холодостойкость|T4冰抗|コールドプルーフ|콜드프루프|Kältesicher|Protection contre le froid|A Prueba de Hielo|Odporny na Zimno
prefix_cold_resisting|Cold Resisting||Resistente a Gelo|Холодостойкость|T3冰抗|コールドレジスト|콜드레지스트|Kälteresistent|Résistance au froid|Resistente al Frío|Odporny na Zimno
prefix_cold_shielding|Cold Shielding||Blindado a Gelo|Холодозащита|T2冰抗|コールドシールド|콜드실드|Kälteschützend|Protection contre le froid|Escudo Gélido|Osłaniający Zimno
prefix_cold_immune|Cold Immune||Imune a Gelo|Холодоустойчивость|●T1冰抗● |コールドイミューン|콜드이뮨|Kälteimmun|Immunité au froid |Inmune al Frío|Odporny na Zimno
prefix_poison_cloaking|Poison Cloaking||Veneno Camuflado|Холодозащитные свойства|T5毒抗|ポイズンクローク|포이즌클록|Giftmantel|Camouflage anti-poison|Enmascaramiento Venenoso|Płaszcz Trucizny
prefix_poison_proof|Poison Proof||Prova de Veneno|Холодоустойчивость|T4毒抗|ポイズンプルーフ|포이즌프루프|Giftfest|Protection contre le poison|A Prueba de Veneno|Odporny na Truciznę
prefix_poison_resisting|Poison Resisting||Resistente a Veneno|Холодозащитные свойства|T3毒抗|ポイズンレジスト|포이즌레지스트|Giftresistent|Résistance au poison|Resistente al Veneno|Odporny na Truciznę
prefix_poison_shielding|Poison Shielding||Blindado a Veneno|Холодоустойчивость|T2毒抗|ポイズンシールド|포이즌실드|Giftschützend|Protection contre le poison|Escudo Venenoso|Osłaniający Truciznę
prefix_poison_immune|Poison Immune||Imune a Veneno|Молниеносная маскировка|●T1毒素抗性● |ポイズンイミューン|포이즌이뮨|Giftimmun|Immunité au poison |Inmune al Veneno|Odporny na Truciznę
prefix_lightning_cloaking|Lightning Cloaking||Raio Camuflado|Молниестойкость|T5電抗|ライトニングクローク|라이트닝클록|Blitzmantel|Camouflage anti-foudre|Enmascaramiento Relámpago|Płaszcz Błyskawic
prefix_lightning_proof|Lightning Proof||Prova de Veneno|Молниеустойчивость|T4電抗|ライトニングプルーフ|라이트닝프루프|Blitzfest|Protection contre la foudre|A Prueba de Rayos|Odporny na Błyskawice
prefix_lightning_resisting|Lightning Resisting||Resistente a Veneno|Молниезащита|T3電抗|ライトニングレジスト|라이트닝레지스트|Blitzresistent|Résistance à la foudre|Resistente a Rayos|Odporny na Błyskawice
prefix_lightning_shielding|Lightning Shielding||Blindado a Veneno|Молниеустойчивость|T2電抗|ライトニングシールド|라이트닝실드|Blitzschützend|Protection contre la foudre|Escudo de Rayos|Osłaniający Błyskawice
prefix_lightning_immune|Lightning Immune||Imune a Veneno|Магическая маскировка ... Питьё|●T1電抗● |ライトニングイミューン|라이트닝이뮨|Blitzimmun|Immunité à la foudre |Inmune a Rayos|Odporny na Błyskawice
prefix_arcane_cloaking|Arcane Cloaking||Arcana Camuflado|Взрыв жизни|T5奧抗|アーケインクローク|아케인클록|Arkanmantel|Camouflage arcanique|Enmascaramiento Arcano|Płaszcz Arkany
prefix_arcane_proof|Arcane Proof||Prova de Arcana|Вампирский|T4奧抗|アーケインプルーフ|아케인프루프|Arkanfest|Protection arcanique|A Prueba de Arcano|Odporny na Arkaniczne
prefix_arcane_resisting|Arcane Resisting||Resistente a Arcana|Дракулы|T3奧抗|アーケインレジスト|아케인레지스트|Arkanresistent|Résistance arcanique|Resistente al Arcano|Odporny na Arkaniczne
prefix_arcane_shielding|Arcane Shielding||Blindado a Arcana|Пещерная летучая мышь|T2奧抗|アーケインシールド|아케인실드|Arkanschützend|Bouclier arcanique|Escudo Arcano|Osłaniający Arkaniczne
prefix_arcane_immune|Arcane Immune||Imune a Arcana|Весператная летучая мышь|●T1奧抗● |アーケインイミューン|아케인이뮨|Arkanimmun|Immunité arcanique |Inmune al Arcano|Odporny na Arkaniczne
prefix_leeching|Leeching||Sanguessuga|Бурая летучая мышь|T5生命再生|リーチング|리치|Aussaugend|Sangsue|Sanguijuela|Wysysający
prefix_blood_drinking|Blood Drinking||Bebesangue|Колоссальная летучая мышь|T4生命再生|ブラッドドリンキング|블러드 드링크|Bluttrinkend|Buveuse de sang|Bebe-sangre|Pijący Krew
prefix_life_vamping|Lifevamping||Sugavida|Цитадельная летучая мышь|T3生命再生|ライフヴァンピング|라이프뱀프|Lebensraubend|Vampire vital|Sorbavidas|Wysysający Życie
prefix_vampiric|Vampiric||Vampírico|Крестьянская|T2生命再生|ヴァンパイリック|뱀피릭|Vampirisch|Vampirique|Vampírico|Wampiryczny
prefix_draculs|Draculs||Drácula|Архонская|●T1生命再生●|ドラキュルズ|드라쿨스|Drakulas|Draculs|Drácula|Draculs
prefix_cave_bats|Cavebat||Morcego-caverna|Мстительная|T5法力再生|ケイブバット|케이브뱃|Höhlenfledermaus|Chauve-souris des cavernes|Murciélago de Cueva|Jaskiniowy Nietoperz
prefix_vesper_bats|Vesperbat||Morcevo-vesper|Хранительская|T4法力再生|ヴェスパーバット|베스퍼뱃|Vesperfledermaus|Chauve-souris vespérale|Murciélago Vesper|Vesperbat
prefix_brown_bats|Brownbat||Morcego-marrom|Архангельская|T3法力再生|ブラウンバット|브라운뱃|Braunfledermaus|Chauve-souris brune|Murciélago Pardo|Brązowy Nietoperz
prefix_colossal_bats|Colossalbat||Morcego-colossal|Мистический пруд|T2法力再生|コロッサルバット|콜로설뱃|Kolossalfledermaus|Chauve-souris colossale|Murciélago Colosal|Kolosalny Nietoperz
prefix_citadel_bats|Citadelbat||Morcego-da-cidadela|Мистическое озеро|●T1法力再生●|シタデルバット|시타델뱃|Zitadellenfledermaus|Chauve-souris de la citadelle|Murciélago de la Ciudadela|Cytadelowy Nietoperz
prefix_peasants|Peasant's||do Camponês|Мистический океан |T5全技能|ペイザンツの|페전트|Bauern|Paysan |Campesino|Chłopski
prefix_archons|Archon's||do Arconte|Архонтский|T4全技能|アーコンの|아콘|Herrscher|Archonte|Arconte|Archonta
prefix_avengers|Avenger's||do Vingador|Мстительный|T3全技能|アヴェンジャーの|어벤저|Rächers|Vengeur|Vengador|Mściciela
prefix_keepers|Keeper's||do Guardião|Хранительский|T2全技能|キーパーの|키퍼|Bewahrers|Gardien|Guardián|Strażnika
prefix_arch_angel|Archangel's||do Arcanjo|Архангельский |●T1全技能● |アークエンジェルの|아크엔젤|Erzengels|Archange|Arcángel|Archanioła
prefix_mysticpond|Mystic Pond||Lagoa Mística|Мистический пруд|T5全抗上限|ミスティックポンド|미스틱 폰드|Mystischer Teich|Étang mystique|Estanque Místico|Mistyczne Staw
prefix_mysticlake|Mystic Lake||Lago Místico|Мистическое озеро|T4全抗上限|ミスティックレイク|미스틱 레이크|Mystischer See|Lac mystique|Lago Místico|Mistyczne Jezioro
prefix_mysticocean|Mystic Ocean||Oceano Mísitco|Мистический океан|T3全抗上限|ミスティックオーシャン|미스틱 오션|Mystischer Ozean|Océan mystique|Océano Místico|Mistyczny Ocean
prefix_mysticfountain|Mystic Fountain||Fonte Mística|Мистический фонтан|T2全抗上限|ミスティックファウンテン|미스틱 파운틴|Mystischer Brunnen|Fontaine mystique|Fuente Mística|Mistyczna Fontanna
prefix_mysticspring|Mystic Spring||Nascente Mística|Мистический источник|●T1全抗上限● |ミスティックスプリング|미스틱 스프링|Mystische Quelle|Source mystique|Manantial Místico|Mistyczne Źródło
prefix_devoted|Devoted||Devotado|Преданный|T5元素技能|ディヴォーテッド|디보티드|Hingebungsvoll|Dévoué|Devoto|Oddany
prefix_smitten|Smitten||Golpeado|Влюбленный|T4元素技能|スミッテン|스미튼|Verliebt|Éprise |Golpeado|Zauroczony
prefix_malice|Malice||Malícia|Злоба|T3元素技能|マリス|말리스|Bosheit|Malice|de la Malicia|Złośliwość
prefix_incubus|Incubus||Incubo|Инкуб|T2元素技能|インキュバス|인큐버스|Inkubus|Incube|del Íncubo|Incubus
prefix_kindred|Kindred||Parentesco|Родственные души|●T1元素技能●|キンドレッド|킨드레드|Seelenverwandt|Parenté|Emparentado|Krewny
prefix_ignited|Ignited||Inflamado|Зажженный|T5爆炸技能|イグナイテッド|이그나이트|Entzündet|Allumé|Encendido|Podpalony
prefix_lit|Lit||Aceso|Огненный|T4爆炸技能|リット|릿|Erleuchtet|Allumé|Iluminado|Zapalony
prefix_timed|Timed||Cronometrado|Зажженный|T3爆炸技能|タイムド|타임|Zeitgesteuert|Temporisé|Temporizado|Czasowy
prefix_fired|Fired||Disparado|Огненный по расписанию|T2爆炸技能|ファイヤード|파이어|Angezündet|Tir|Disparado|Podpalony
prefix_doomed|Doomed||Condenado|Обреченный|●T1爆炸技能●|ドゥームド|둠|Verdammt|Condamné|Condenado|Skazany
prefix_ward|Ward||Guarda|Защитник|T5哨兵技能|ウォード|워드|Schutz|Purificateur|Guardia|Straż
prefix_eye|Eye||Olho|Глаз|T4哨兵技能|アイ|아이|Auge|Œil |Ojo|Oko
prefix_sentry|Sentry||Sentinela|Часовой|T3哨兵技能|センチネル|센트리|Wächter|Sentinelle|Centinela|Wartownik
prefix_turret|Turret||Torreta|Башня|T2哨兵技能|ターレット|터렛|Geschützturm|Tourelle|Torreta|Wieżyczka
prefix_guardtower|Guard Tower||Torre de Guarda|Сторожевая башня|●T1哨兵技能● |ガードタワー|가드 타워|Wachturm|Tour de garde|Torre de Guardia|Strażnicza Wieża
prefix_warping|Warping||Deformando|Искажение|T5召喚|ワーピング|워프|Verziehend|Déformation|de la Distorsión|Warpujący
prefix_whispering|Whispering||Sussurrando|Шепот|T4召喚|ウィスパリング|위스퍼|Flüsternd|Murmures|Susurrante|Szepczący
prefix_risen|Risen||Ressuscitado|Воскресший|T3召喚|ライゼン|리즌|Erhoben|Ressuscité|Resurgido|Powstały
prefix_undying|Undying||Imortal|Бессмертный|T2召喚|アンダイイング|언다잉|Unsterbend|Immortel|Inmortal|Nieśmiertelny
prefix_reanimated|Reanimated||Reanimado|Оживший|●T1召喚● |リアニメイテッド|리애니메이트|Wiederbelebt|Réanimé|Reanimado|Ożywiony
prefix_lingering|Lingering||Persistente|Затянувшийся|T5召喚物防禦|リンガリング|링거|Verweilend|Persistant|Persistente|Trwający
prefix_willowing|Willowing||Salgueiro|Ивающий|T4召喚物防禦|ウィロウイング|윌로|Weidend|Ondoyant|del Sauce|Wierzący
prefix_hallowing|Hallowing||Santificante|Опустошающий|T3召喚物防禦|ハローイング|할로우|Heiligen|Sanctuaire|Santificador|Hallowiński
prefix_festering|Festering||Purulento|Гниющий|T2召喚物防禦|フェステリング|페스터|Eiternd|Supprisant|Purulento|Gnijący
prefix_slendering|Slendering||Esbelto|Исчезающий|●T1召喚物防禦● |スレンダリング|슬렌더|Schlängelnd|Amincissant|Esbelto|Wychudzający
prefix_sinister|Sinister||Sinistro|Зловещий|T5隨機技能|シニスター|시니스터|Unheilvoll|Sinistre|Siniestro|Złowrogi
prefix_malevolent|Malevolent||Malevolente|Злобный |T4隨機技能|マリボレント|말레벌런트|Bösartig|Mauvais|Malévolo|Złośliwy
prefix_demonic|Demonic||Demoníaco|Демонический|T3隨機技能|デモニック|데모닉|Dämonisch|Démoniaque|Demoníaco|Demoniczny
prefix_diabolic|Diabolic||Diabólico|Дьявольский|T2隨機技能|ディアボリック|디아볼릭|Diabolisch|Diabolique|Diabólico|Diaboliczny
prefix_sacrilegious|Sacrilegious||Sacrílego|Святотатственный|●T1隨機技能●|サクリリジアス|새크릴리저스|Sakrilegisch|Sacrilège |Sacrílego|Świętokradczy
prefix_precise|Precise||Preciso|Точный|T5命中率%|プリサイス|프리사이스|Präzise|Précis|Preciso|Precyzyjny
prefix_accurate|Accurate||Correto|Прецизионный|T4命中率%|アキュレイト|애큐릿|Genau|Exact|Certero|Dokładny
prefix_locked|Locked||Trancado|Заблокированный|T3命中率%|ロックド|락드|Fixiert|Verrouillé|Bloqueado|Zablokowany
prefix_bullseye|Bullseye||Exato|Меткий стрелок|T2命中率%|ブルズアイ|불스아이|Volltreffer|Cible parfaite|Ojo de Toro|Oko Byka
prefix_sniper|Sniper||Sniper|Снайперский|●T1命中率%● |スナイパー|스나이퍼|Scharfschütze|Sniper|del Francotirador|Snajper
prefix_accursed|Accursed||Amaldiçoado|Проклятый|T5命中率（基於等級）|アカースト|어커스트|Verflucht|Maudit|Maldito|Przeklęty
prefix_perfected|Perfected||Aperfeiçoado|Усовершенствованный|T4命中率（基於等級）|パーフェクテッド|퍼펙트|Perfektioniert|Parfait|Perfeccionado|Perfekcyjny
prefix_hardlocked|Hardlocked||Bloqueado|Заблокированный|T3命中率（基於等級）|ハードロックド|하드록드|Hartfixiert|Verrouillé |Bloqueado a la Fuerza|Twardo Zablokowany
prefix_sharpsight|Sharpsight||Perspicácia|Острый прицел|T2命中率（基於等級）|シャープサイト|샤프사이트|Scharfblickend|Visée pointue |Vista Aguda|Ostry Wzrok
prefix_marksman|Marksman||Atirador|Меткий стрелок|●T1命中率（基於等級）● |マークスマン|마크스맨|Meisterschütze|Buteur |del Tirador|Strzelec
prefix_gravedigger|Gravedigger||Coveiro|Могильщик|T5擊殺回血|グレイブディガー|그레이브디거|Totengräber|Fossoyeur |Sepulturero|Grabar
prefix_gravescavenger|Gravescavenger||Cata-tumba|Могильщик|T4擊殺回血|グレイブスカベンジャー|그레이브스캐빈저|Grabschänder|Charognard|Carroñero de Tumbas|Zbieracz Grobów
prefix_corpsemaggot|Corpsemaggot||Larva-corpo|Пожиратель трупов|T3擊殺回血|コープスマゴット|코프스매것|Leichenmade|Mouche du cadavre |Gusano de Cadáver|Larwa Trupia
prefix_corpsemuncher|Corpsemuncher||Come-corpos|Пожиратель трупов|T2擊殺回血|コープスマンチャー|코프스먼처|Leichenfresser|Dévoreur de cadavres |Devoracuerpos|Pożeracz Trupów
prefix_cannibal|Cannibal||Canibal|Каннибал|●T1擊殺回血● |カニバル|캐니벌|Kannibalen|Cannibale|Caníbal|Kanibal
prefix_disciple|Disciple||Discípulo|Ученик|T5擊殺回魔|ディサイプル|디사이플|Jünger|Disciple|Discípulo|Uczeń
prefix_monk|Monk||Monge|Монах|T4擊殺回魔|モンク|몽크|Mönch|Moine|Monje|Mnich
prefix_priest|Priest||Padre|Священник|T3擊殺回魔|プリースト|프리스트|Priester|Prêtre|Sacerdote|Kapłan
prefix_gypsy|Gypsy||Cigano|Цыганка|T2擊殺回魔|ジプシー|집시|Zigeuner|Gitan|Gitano|Cyganka
prefix_exorcist|Exorcist||Exorcista|Экзорцист|●T1擊殺回魔● |エクソシスト|엑소시스트|Exorzist|Exorciste|Exorcista|Egzorcysta
prefix_walking|Walking||Caminhante|Ходящий|T5移速|ウォーキング|워크|Wandelnd|Marchant|Caminante|Chodzący
prefix_traveling|Traveling||Viajante|Путешествующий|T4移速|トラベリング|트래블|Reisend|Voyageur|Viajero|Podróżujący
prefix_sneaking|Sneaking||Sorrateiro|Крадущийся|T3移速|スニーキング|스닉|Schleichend|Discret|Sigiloso|Skradający Się
prefix_blinking|Blinking||Piscante|Мерцающий|T2移速|ブリンキング|블링크|Blinkend|Clignotant|Parpadeante|Mrugający
prefix_phasing|Phasing||Phasing|Фазерный|●T1移速● |フェイジング|페이즈|Phasenwandel|Phasant|Fásico|Fazujący
prefix_scarface|Scarface||Scarface|Шрамолицый|T5暴傷|スカーフェイス|스카페이스|Narbengesicht|Scarface|Cara Cortada|Bliznowata Twarz
prefix_hitman|Hitman||Agressor|Киллмен |T4暴傷|ヒットマン|힛맨|Auftragskiller|Tueur à gages|Sicario|Płatny Zabójca
prefix_assassin|Assassin||Assassino|Убийца|T3暴傷|アサシン|어쌔신|Assassinen|Assassin|Asesino|Zabójca
prefix_ninja|Ninja||Ninja|Ниндзя|T2暴傷|ニンジャ|닌자|Ninja|Ninja|Ninja|Ninja
prefix_deadeye|Deadeye||Olho-morto|Меткий стрелок|●T1暴傷● |デッドアイ|데드아이|Scharfschützen|Œil de lynx|Ojo Muerto|Martwe Oko
prefix_wanderer|Wanderer||Errante|Странник|T5暴率|ワンダラー|원더러|Wanderer|Vagabond|Vagabundo|Wędrowiec
prefix_stalker|Stalker||Perseguidor|Сталкер|T4暴率|ストーカー|스토커|Verfolger|Traqueur|Acechador|Szpieg
prefix_packleader|Packleader||Líder|Вожак стаи|T3暴率|パックリーダー|팩리더|Rudelführer|Chef de meute|Líder de Manada|Przywódca Stada
prefix_apex|Apex||Alfa|Вершина|T2暴率|エイペックス|에이펙스|Apex|Apex |Ápex|Apex
prefix_predator|Predator||Predador|Хищник|●T1暴率● |プレデター|프레데터|Raubtier|Prédateur|Depredador|Drapieżnik
prefix_pickpocket|Pickpocket||Carteirista|Карманник|T5金幣|ピックポケット|픽포켓|Taschendieb|Pickpocket|Carterista|Złodziej
prefix_thieves|Thieve's||do Ladrão|Вор|T4金幣|シーヴズの|시프|Diebes|Voleurs|Ladrón|Złodziejski
prefix_vultures|Vulture's||do Abutre|Стервятник|T3金幣|ヴァルチャーズの|벌처|Geiers|Vautour|Buitre|Sępa
prefix_greedy|Greedy||Ganancioso|Жадный|T2金幣|グリーディー|그리디|Gierig|Avide|Codicioso|Chciwy
prefix_whitecollar|Whitecollar||Colarinho Branco|Белый воротничок|●T1金幣● |ホワイトカラー|화이트칼라|Weißkragen|Délinquant en col blanc|de Cuello Blanco|Biały Kołnierzyk
prefix_mangling|Mangling||Mutilação|Увечье|T5壓碎|マングリング|맨글|Zerfetzend|Mutilation|Descuartizador|Miażdżący
prefix_trashing|Trashing||Destruido|Разрушение|T4壓碎|トラッシング|트래시|Zerstörend|Démolition|Destructor|Niszczący
prefix_breaking|Breaking||Quebrado|Разрушение|T3壓碎|ブレイキング|브레이크|Brechend|Briser|Quebrador|Łamiący
prefix_maiming|Maiming||Mutilado|Калечащее|T2壓碎|メイミング|메임|Verstümmelnd|Mutilation|Mutilador|Okaleczający
prefix_crushing|Crushing||Esmagado|Сокрушение|●T1壓碎●|クラッシング|크러시|Zermalmend|Écrasement|Aplasta|Miażdżący
prefix_crucial|Crucial||Crucial|Крайне важный|T5致命|クルーシャル|크루셜|Entscheidend|Crucial|Crucial|Kluczowy
prefix_sharp|Sharp||Afiado|Острый|T4致命|シャープ|샤프|Scharf|Tranchant|Afilado|Ostry
prefix_deadly|Deadly||Mortal|Смертельный|T3致命|デッドリー|데들리|Tödlich|Mortelant|Mortífero|Śmiertelny
prefix_fatal|Fatal||Fatal|Фатальный|T2致命|フェイタル|페이탈|Fatal|Fatalement |Fatal|Fatalny
prefix_eliminating|Eliminating||Eliminado|Устраняющий|●T1致命● |エリミネイティング|엘리미네이트|Eliminierend|Éliminer|Eliminador|Eliminujący
prefix_scarring|Scarring||Cicatrizando|Шрамирующий|T5流血|スカーリング|스카|Narbenbildend|Cicatrices|Cicatrizante|Bliznowaty
prefix_blistering|Blistering||Intenso|Возникающий волдыри|T4流血|ブリスタリング|블리스터|Blasenbildend|Cloches|Ampollante|Pęcherzowy
prefix_ripping|Ripping||Rasgado|Разрывающий|T3流血|リッピング|립|Reißend|Déchirer|Desgarrador|Rozrywający
prefix_slashing|Slashing||Cortado|Резущий|T2流血|スラッシング|슬래시|Schlitzend|Lacer|Cercenador|Tnący
prefix_hemorrhaging|Hemorrhaging||Hemorrágico|Кровотечение|●T1流血● |ヘモレイジング|헤머리지|Blutend|Hémorragie|Hemorrágico|Krwawiący
prefix_stuttering|Stuttering||Gaguejado|Заикающийся|T5减速|スタッタリング|스터터|Stotternd|Bégayer|Tartamudo|Jąkający
prefix_entangling|Entangling||Emaranhado|Запутывающий|T4减速|エンタングリング|엔탱글|Verstrickend|Enchevêtrer|Enmarañador|Splątujący
prefix_disrupting|Disrupting||Perturbador|Нарушающий|T3减速|ディスラプティング|디스럽트|Störend|Perturber|Perturbador|Zakłócający
prefix_slowing|Slowing||Desacelerado|Замедляющий|T2减速|スローイング|슬로|Verlangsamend|Ralentir|Ralentizador|Spowalniający
prefix_crippling|Crippling||Incapacitado|Калечащий |●T1减速● |クリップリング|크리플|Verkrüppelnd|Infirme|Incapacitante|Okaleczający
prefix_foxhearts|Foxheart's||do Coração-de-raposa|Лисье Сердце|T5生命%|フォックスハートの|폭스하트스|Fuchsherz|Cœur de Renard|Corazón de Zorro|Lisiego Serca
prefix_wolfhearts|Wolfheart's||do Coração-de-lobo|Волчье Сердце|T4生命%|ウルフハートの|울프하트스|Wolfherz|Cœur de Loup|Corazón de Lobo|Wilczego Serca
prefix_jaguarhearts|Jaguarheart's||do Coração-de-jaguar|Ягуаровое Сердце|T3生命%||ジャガーハートの|재규어하트스|Jaguarherz|Cœur de Jaguar|Corazón de Jaguar|Jaguarowego Serca
prefix_tigerhearts|Tigerheart's||do Coração-de-tigre|Тигровое Сердце|T2生命%|タイガーハートの|타이거하트스|Tigerherz|Cœur de Tigre|Corazón de Tigre|Tygrysiego Serca
prefix_lionhearts|Lionheart's||do Coração-de-leão|Львиное Сердце|●T1生命值● |ライオンハートの|라이언하트스|Löwenherz|Cœur de Lion|Corazón de León|Lwie Serce
prefix_earthworms|Earthworm's||da Minhoca|Дождевой Червь|T5法力%|アースワームの|어스웜스|Regenwurms|Ver de terre |Lombriz |Dżdżownicy
prefix_maggots|Maggot's||da Larva|Личинка|T4法力%|マゴットの|매것|Maden|Asticote|Gusano|Larwy
prefix_snakes|Snake's||da Cobra|Змея|T3法力%|スネークの|스네이크|Schlangen|Serpent|Serpiente|Węża
prefix_pythons|Python's||da Píton|Пит|T2法力%|パイソンの|파이썬|Pythons|Python|Pitón|Pytona
prefix_anacondas|Anaconda's||da Anaconda|Анаконда|●T1法力值%● |アナコンダの|아나콘다|Anakondas|Anaconda|Anaconda|Anakondy
prefix_forests|Forest||Floresta|Лес|T5全抗|フォレスト|포레스트|Wald|Forêt|Bosque|Las
prefix_wilderness|Wilderness||Selvagem|Дикая местность|T4全抗|ウィルダネス|윌더니스|Wildnis|Désert|Desierto|Dzicz
prefix_oasis|Oasis||Oásis|Оазис|T3全抗|オアシス|오아시스|Oase|Oasis|Oasis|Oaza
prefix_natures|Nature||Natureza|Природа|T2全抗|ネイチャー|네이처|Natur|Nature |Naturaleza|Natura
prefix_prophets|Prophet||Profeta|Пророк |●T1全抗● |プロフェット|프로펫|Prophet|Prophète |Profeta |Prorok
prefix_coldignoring|Cold Ignoring||Ignora-gelo|Игнорирование холода|T5冰霜忽視|コールドイグノアリング|콜드이그노어|Kälteignorierend|Ignorant du froid|Ignora el frío|Ignorujący Zimno
prefix_coldpenetrating|Cold Penetrating||Penetra-gelo|Проникающий холодом|T4冰霜忽視|コールドペネトレイティング|콜드페너트레이트|Kältedurchdringend|Pénétrant le froid|Penetra el frío|Przebijaący Zimno
prefix_coldbreaking|Cold Breaking||Quebra-gelo|Разрушающий холодом|T3冰霜忽視|コールドブレイキング|콜드브레이크|Kältebrechend|Brise le froid|Rompe el frío|Łamiący Zimno
prefix_coldpiercing|Cold Piercing||Perfura-gelo|Проникающий холодом|T2冰霜忽視|コールドフィアリング|콜드피어스|Kältedurchbohrend|Perforant le froid|Perfora el frío|Przebijaący Zimno
prefix_coldshattering|Cold Shattering||Estilhaça-gelo|Раскалывающий холодом |●T1冰霜忽視● |コールドイミュニティ|콜드섀터|Kältezerschmetternd|Brisant le froid|Destroza el frío|Rozbijający Zimno
prefix_fireignoring|Fire Ignoring||Ignora-fogo|Игнорирование огня|T5火焰忽視|ファイアイグノアリング|파이어이그노어|Feuerignorierend|Ignorant du feu|Ignora el fuego|Ignorujący Ogień
prefix_firepenetrating|Fire Penetrating||Penetra-fogo|Проникающий огонь|T4火焰忽視|ファイアペネトレイティング|파이어페너트레이트|Feuerdurchdringend|Pénétrant le feu|Penetra el fuego|Przebijaący Ogień
prefix_firebreaking|Fire Breaking||Quebra-fogo|Прорыв огня|T3火焰忽視|ファイアブレイキング|파이어브레이크|Feuerbrechend|Brise le feu|Rompe el fuego|Łamiący Ogień
prefix_firepiercing|Fire Piercing||Perfura-fogo|Проникающий огонь|T2火焰忽視|ファイアピアシング|파이어피어스|Feuerdurchbohrend|Perforant le feu|Perfora el fuego|Przebijający Ogień
prefix_fireshattering|Fire Shattering||Estilhaça-fogo|Разрушающий огонь |●T1火焰忽視● |ファイアシャッタリング|파이어섀터|Feuerzerschmetternd|Brisant le feu|Destroza el fuego|Rozbijający Ogień
prefix_poisonignoring|Poison Ignoring||Ignora-veneno|Игнорирование яда|T5毒素忽視|ポイズンイグノアリング|포이즌이그노어|Giftignorierend|Ignorant du poison|Ignora el veneno|Ignorujący Truciznę
prefix_poisonpenetrating|Poison Penetrating||Penetra-veneno|Проникновение яда|T4毒素忽視|ポイズンペネトレイティング|포이즌페너트레이트|Giftdurchdringend|Pénétrant le poison|Penetra el veneno|Przebijający Truciznę
prefix_poisonbreaking|Poison Breaking||Quebra-veneno|Разрушение яда|T3毒素忽視|ポイズンブレイキング|포이즌브레이크|Giftbrechend|Brise le poison|Rompe el veneno|Łamiący Truciznę
prefix_poisonpiercing|Poison Piercing||Perfura-veneno|Прокалывание яда|T2毒素忽視|ポイズンピアシング|포이즌피어스|Giftdurchbohrend|Perforant le poison|Perfora el veneno|Przebijający Truciznę
prefix_poisonshattering|Poison Shattering||Estilhaça-veneno|Разрушение яда |●T1毒素忽視● |ポイズンシャッタリング|포이즌섀터|Giftzerschmetternd|Brisant le poison|Destroza el veneno|Rozbijający Truciznę
prefix_lightningignoring|Lightining Ignoring||Ignora-raio|Игнорирование молнии|T5閃電忽視|ライトニングイグノアリング|라이트닝이그노어|Blitzignorierend|Ignorant de la foudre|Ignora el rayo|Ignorujący Błyskawice
prefix_lightningpenetrating|Lightning Penetrating||Penetra-rio|Проникающая молния|T4閃電忽視|ライトニングペネトレイティング|라이트닝페너트레이트|Blitzdurchdringend|Pénétrant la foudre|Penetra el rayo|Przebijający Błyskawice
prefix_lightningbreaking|Lightning Breaking||Quebra-raio|Разрушающая молния|T3閃電忽視|ライトニングブレイキング|라이트닝브레이크|Blitzbrechend|Brise la foudre|Rompe el rayo|Łamiący Błyskawice
prefix_lightningpiercing|Lightning Piercing||Perfura-raio|Проникающая молния|T2閃電忽視|ライトニングピアシング|라이트닝피어스|Blitzdurchbohrend|Perforant la foudre|Perfora el rayo|Przebijający Błyskawice
prefix_lightningshattering|Lightning Shattering||Estilhaça-raio|Разрушающая молния |●T1雷電忽視● |ライトニングシャッタリング|라이트닝섀터|Blitzzerschmetternd|Brisant la foudre|Destroza el rayo|Rozbijający Błyskawice
prefix_arcaneignoring|Arcane Ignoring||Ignora-arcano|Игнорирование тайны|T5奧術忽視|アーケインイグノアリング|아케인이그노어|Arkanignorierend|Ignorant des arcanes|Ignora lo arcano|Ignorujący Arkaniczne
prefix_arcanepenetrating|Arcane Penetrating||Penetra-arcano|Проникновение в тайну|T4奧術忽視|アーケインペネトレイティング|아케인페너트레이트|Arkandurchdringend|Pénétrant les arcanes|Penetra lo arcano|Przebijający Arkaniczne
prefix_arcanebreaking|Arcane Breaking||Quebra-arcano|Разрушение тайны|T3奧術忽視|アーケインブレイキング|아케인브레이크|Arkanbrechend|Brise les arcanes|Rompe lo arcano|Łamiący Arkaniczne
prefix_arcanepiercing|Arcane Piercing||Perfura-arcano|Проникновение в тайну|T2奧術忽視|アーケインピアシング|아케인피어스|Arkandurchbohrend|Perforant les arcanes|Perfora lo arcano|Przebijający Arkaniczne
prefix_arcaneshattering|Arcane Shattering||Estilhaça-arcano|Разрушение тайны |●T1奧術忽視● |アーケインシャッタリング|아케인섀터|Arkanzerschmetternd|Brisant les arcanes |Destroza lo arcano |Rozbijający Arkaniczne
prefix_crafters|Callous||do Artesão|Бессердечный|冷酷|クラフターズ|크래프터스|Gefühllos|Insensible|Insensible|Bezwzględny
prefix_tinkers|Soulless||do Funileiro|Бездушный|無魂|ティンカーズ|팅커|Seelenlos|Sans âme|Sin alma|Bez Duszy
prefix_forgers|Oppressive||do Forjador|Гуспокаивающий|壓迫|フォージャーズ|포저|Unterdrückend|Oppressif|Opresivo|Uciskający
prefix_blacksmiths|Pachydermatous||do Ferreiro|Слонокожий|遲鈍|ブラックスミスズ|블랙스미스|Dickhäutig|Pachydermique|Paquidérmico|Gruboskórny
prefix_runesmiths|Remorseless||do Ferreiro Rúnico|Безжалостный|無情|ルーンスミスズ|룬스미스|Unbarmherzig|Impétueux|Impetuoso|Bezlitosny
prefix_vandals|Vandal's||do Vandalo|Вандал|T5職業技能|ヴァンダルズ|반달|Vandalen|Vandal|Vandalista|Wandal
prefix_fools|Fool's||do Tolo|Шутник|T4職業技能|フールズ|풀|Trottel|Fou|Loco|Głupca
prefix_jesters|Jester's||do Bobo|Шутник|T3職業技能|ジェスターズ|제스터|Narr|Bouffon|Bufón|Błazna
prefix_tricksters|Trickster's||do Enganador|Обманщик|T2職業技能|トリックスターズ|트릭스터|Trickster|Farceur|Bromista|Sztucznika
prefix_royaljesters|Royal Jester's||do Bobo da Corte|Королевский шут|●T1職業技能● |ロイヤルジェスターズ|로열 제스터|Hofnarr|Bouffon royal|Bufón real|Królewskiego Błazna
prefix_striking|Striking||Atacante|Ударный|T5攻擊傷害|ストライキング|스트라이크|Schlagend|Frappant|Impactante|Uderzający
prefix_slicing|Slicing||Cortante|Резущий|T4攻擊傷害|スライシング|슬라이스|Schneidend|Tranchant|Afilado|Tnący
prefix_wounding|Wounding||Ferido|Раняющий|T3攻擊傷害|ウーンディング|운드|Verwundend|Blessant|Heridor|Raniący
prefix_mutilating|Mutilating||Mutilante|Калечащий|T2攻擊傷害|ミューティレイティング|뮤틸레이트|Verstümmelnd|Mutilant|Mutilante|Okaleczający
prefix_killing|Killing||Morto|Убивающий|●T1攻擊傷害● |キリング|킬|Tötend|Meurtre |Asesino|Zabijający
prefix_chilling|Chilling||Esfriado|Ледяной|T5附加冰霜技能傷害|チリング|칠|Kühlend|Effrayant |Aterrador|Chłodzący
prefix_frozen|Frozen||Congelado|Замороженный|T4附加冰霜技能傷害|フローズン|프로즌|Gefroren|Congelé |Congelado|Zamarznięty
prefix_coldsnap|Coldsnap||Resfriado|Холодный период|T3附加冰霜技能傷害|コールドスナップ|콜드스냅|Kälteeinbruch|Coup de froid |Ola de frío|Zimny Trzask
prefix_frostburning|Frostburning||Queima-frio|Морозный обжигающий|T2附加冰霜技能傷害|フロストバーニング|프로스트번|Frostbrand|Brûlure de givre |Quema de escarcha |Frostburning
prefix_glacial|Glacial||Glacial|Ледниковый|●T1附加冰霜技能傷害● |グレイシャル|글래이셜|Gletscher|Glacial |Gélido|Lodowy
prefix_melting|Melting||Derretido|Тающий|T5附加火焰技能傷害|メルティング|멜트|Schmelzend|Fusion |Fusión|Topiący
prefix_flaming|Flaming||Flamejante|Пылающий|T4附加火焰技能傷害|フレーミング|플레임|Flammend|Flamboyant|Ardiendo|Płonący
prefix_molten|Molten||Chamuscado|Расплавленный|T3附加火焰技能傷害|モルテン|몰튼|Geschmolzen|Fondue|Derretir|Stopiony
prefix_burning|Burning||Queimado|Горящий|T2附加火焰技能傷害|バーニング|번|Brennend|Brûlant|Ardiendo|Palący
prefix_scorching|Scorching||Escaldante|Обжигающий|●T1附加火焰技能傷害● |スコーチング|스코치|Versengend|Brûlante|Ardiendo|Piekący
prefix_shocked|Shocked||Chocado|Шокированный|T5附加閃電技能傷害|ショックド|쇼크|Geschockt|Choqué|Electrificado|Zaszokowany
prefix_lightning|Lightning||Relâmpago|Молния|T4附加閃電技能傷害|ライトニング|라이트닝|Blitz|Foudre |Relámpago|Błyskawica
prefix_static|Static||Estático|Статический шум|T3附加閃電技能傷害|スタティック|스태틱|Statisch|Statique |Estática|Statyczny
prefix_thunder|Thunder||Trovão|Гром|T2附加閃電技能傷害|サンダー|썬더|Donner|Tonnerre |Trueno|Grom
prefix_monsoon|Monsoon||Monção|Муссон|●T1附加閃電技能傷害● |モンスーン|몬순|Monsun|Mousson |Monzón|Monsun
prefix_poisonous|Poisonous||Venenoso|Ядовитый|T5附加毒素技能傷害|ポイズナス|포이즈너스|Giftig|Venimeux |Venenoso|Trujący
prefix_venomous|Venomous||Peçonhento|Ядовитый|T4附加毒素技能傷害|ヴェノマス|베넘머스|Stark Giftig|Venimeuse |Venenoso|Jadowity
prefix_toxic|Toxic||Tóxico|Токсичный|T3附加毒素技能傷害|トキシック|톡식|Toxisch|Vénéneux |Venenoso|Toksyczny
prefix_asphyxiating|Asphyxiating||Asfixiante|Удушающий|T2附加毒素技能傷害|アスフィキエイティング|애스픽시에이트|Erstickend|Asphyxiant |Asfixiante|Duszący
prefix_corroding|Corroding||Corroído|Разъедающий|●T1附加毒素技能傷害● |コローディング|코로드|Korrodierend|Corrodant |Corroente|Żrący
prefix_magic|Magic||Mágico|Магия|T5附加奧術技能傷害|マジック|매직|Magisch|Magie |Magia|Magiczny
prefix_arcanist|Arcanist||Arcanista|Арканист|T4附加奧術技能傷害|アーケイニスト|아커니스트|Arkanisten|Arcaniste |Arcanista|Arkanista
prefix_conjured|Conjured||Conjurado|Призванный|T3附加奧術技能傷害|コンクャード|컨저|Beschworen|Conjuré |Conjurador|Przywołany
prefix_mystic|Mystic||Místico|Мистик|T2附加奧術技能傷害|ミスティック|미스틱|Mystisch|Mystique |Místico|Mistyczny
prefix_rift|Rift||Fenda|Разлом |●T1附加奧術技能傷害● |リフト|리프트|Riss|Crevasse |Grieta |Rift
prefix_magewrath01|Magewrath||Magofúria|Магеврат |T5施法觸發|メイジラス|메이지래스|Magierzorn|Courroux Magique |Furia del Mago|Gniew Maga
prefix_magewrath02|Magewrath||Magofúria|Магеврат |T4施法觸發|メイジラス|매이지래스|Magierzorn|Courroux Magique |Furia del Mago|Gniew Maga
prefix_magewrath03|Magewrath||Magofúria|Магеврат |T3施法觸發|メイジラス|매이지래스|Magierzorn|Courroux Magique |Furia del Mago|Gniew Maga
prefix_magewrath04|Magewrath||Magofúria|Магеврат |T2施法觸發|メイジラス|매이지래스|Magierzorn|Courroux Magique |Furia del Mago|Gniew Maga
prefix_magewrath05|Magewrath||Magofúria|Магеврат |●T1施法觸發● |メイジラス|매이지래스|Magierzorn|Courroux Magique |Furia del Mago|Gniew Maga
prefix_warriors01|Warrior's||do Guerreiro|Воина |T5攻擊觸發|ウォリアーズ|워리어|Kriegers|Guerrier |Guerrero|Wojownika
prefix_warriors02|Warrior's||do Guerreiro|Воина |T4攻擊觸發|ウォリアーズ|워리어|Kriegers|Guerrier |Guerrero|Wojownika
prefix_warriors03|Warrior's||do Guerreiro|Воина |T3攻擊觸發|ウォリアーズ|워리어|Kriegers|Guerrier |Guerrero|Wojownika
prefix_warriors04|Warrior's||do Guerreiro|Воина |T2攻擊觸發|ウォリアーズ|워리어|Kriegers|Guerrier |Guerrero|Wojownika
prefix_warriors05|Warrior's||do Guerreiro|Воина |●T1攻擊觸發● |ウォリアーズ|워리어|Kriegers|Guerrier |Guerrero|Wojownika
prefix_brutes01|Brute's||do Bruto|Брута |T5命中觸發|ブルーツ|브루트|Schlägers|Brute |Bruto|Brutala
prefix_brutes02|Brute's||do Bruto|Брута |T4命中觸發|ブルーツ|브루트|Schlägers|Brute |Bruto|Brutala
prefix_brutes03|Brute's||do Bruto|Брута |T3命中觸發|ブルーツ|브루트|Schlägers|Brute |Bruto|Brutala
prefix_brutes04|Brute's||do Bruto|Брута |T2命中觸發|ブルーツ|브루트|Schlägers|Brute |Bruto|Brutala
prefix_brutes05|Brute's||do Bruto|Брута |●T1命中觸發● |ブルーツ|브루트|Schlägers|Brute |Bruto|Brutala
prefix_juggernauts01|Juggernaut's||do Juggernaut|Джаггернаут |被擊中觸發T5|ジャガーノーツ|저거너트 |Juggernauts|Juggernaut |Coloso|Juggernauta
prefix_juggernauts02|Juggernaut's||do Juggernaut|Джаггернаут |被擊中觸發T4|ジャガーノーツ|저거너트 |Juggernauts|Juggernaut |Coloso|Juggernauta
prefix_juggernauts03|Juggernaut's||do Juggernaut|Джаггернаут |被擊中觸發T3|ジャガーノーツ|저거너트 |Juggernauts|Juggernaut |Coloso|Juggernauta
prefix_juggernauts04|Juggernaut's||do Juggernaut|Джаггернаут |被擊中觸發T2|ジャガーノーツ|저거너트 |Juggernauts|Juggernaut |Coloso|Juggernauta
prefix_juggernauts05|Juggernaut's||do Juggernaut|Джаггернаут |●被擊中觸發T1● |ジャガーノーツ|저거너트 |Juggernauts|Juggernaut |Coloso|Juggernauta
prefix_soldiers|Soldier's||do Soldado|Солдатский|T5增加傷害|ソルジャーズ|솔저|Soldaten|Soldat|Soldado|Żołnierza
prefix_berserkers|Berserker's||do Berserker|Берсеркерский|T4增加傷害|バーサーカーズ|버서커 코쿤|Berserkers|Berserker|Berserker|Berserkera
prefix_crusaders|Crusader's||do Cruzado|Крестоносный|T3增加傷害|クルセイダーズ|크루세이더 |Kreuzritters|Croisé|Cruzado|Krucjaty
prefix_legionnaires|Legionnaire's||do Legionário|Легионерский|T2增加傷害|リージョネアーズ|레지오네어|Legionärs|Légionnaire|Legionario|Legionisty
prefix_warlords|Warlord's||do Senhor da Guerra|Военачальник|●T1增加傷害● |ウォーローズ|워로드|Kriegsherr|Seigneur de guerre |Señor de la Guerra|Władcy Wojny
prefix_swift|Swift||Ligeiro|Быстрый|T5攻擊速度%|スウィフト|스위프트소울 밴드|Schnell|Rapide|Veloz|Szybki
prefix_rapid|Rapid||Rápido|Рычащий|T4攻擊速度%|ラピッド|래피드|Rasch|Vif|Rápido|Szybki
prefix_quickened|Quickened||Acelerado|Ускоренный|T3攻擊速度%|クイックンド|퀵|Beschleunigt|Accéléré|Acelerado|Przyspieszony
prefix_fleet|Fleet||Frota|Флотский|T2攻擊速度%|フリート|플릿|Flink|Flotte|Fugaz|Flota
prefix_zephyrs|Zephyr's||do Zéfiro|Зефирный |●T1攻擊速度%● |ゼファーズ|제피르|Zephyrs|Zéphyr |Céfiro|Zefira
prefix_fireinfusion01|Fire Infusion||Fogo-infusão|Огненный настой|T5火焰轉物理|ファイアインフュージョン|파이어인퓨전|Feuerinfusion|Infusion de Feu |Infusión Ígnea|Infuzja Ognia
prefix_fireinfusion02|Fire Infusion||Fogo-infusão|Огненный настой|T4火焰轉物理|ファイアインフュージョン|파이어인퓨전|Feuerinfusion|Infusion de Feu |Infusión Ígnea|Infuzja Ognia
prefix_fireinfusion03|Fire Infusion||Fogo-infusão|Огненный настой|T3火焰轉物理|ファイアインフュージョン|파이어인퓨전|Feuerinfusion|Infusion de Feu |Infusión Ígnea|Infuzja Ognia
prefix_fireinfusion04|Fire Infusion||Fogo-infusão|Огненный настой|T2火焰轉物理|ファイアインフュージョン|파이어인퓨전|Feuerinfusion|Infusion de Feu |Infusión Ígnea|Infuzja Ognia
prefix_fireinfusion05|Fire Infusion||Fogo-infusão|Огненный настой|●T1火焰轉物理● |ファイアインフュージョン|파이어인퓨전|Feuerinfusion|Infusion de Feu |Infusión Ígnea|Infuzja Ognia
prefix_coldinfusion01|Cold Infusion||Gelo-infusão|Холодная инфузия|T5冰霜轉物理|コールドインフュージョン|콜드인퓨전|Kälteinfusion|Infusion Froide |Infusión Gélida|Infuzja Zimna
prefix_coldinfusion02|Cold Infusion||Gelo-infusão|Холодная инфузия|T4冰霜轉物理|コールドインフュージョン|콜드인퓨전|Kälteinfusion|Infusion Froide |Infusión Gélida|Infuzja Zimna
prefix_coldinfusion03|Cold Infusion||Gelo-infusão|Холодная инфузия|T3冰霜轉物理|コールドインフュージョン|콜드인퓨전|Kälteinfusion|Infusion Froide |Infusión Gélida|Infuzja Zimna
prefix_coldinfusion04|Cold Infusion||Gelo-infusão|Холодная инфузия|T2冰霜轉物理|コールドインフュージョン|콜드인퓨전|Kälteinfusion|Infusion Froide |Infusión Gélida|Infuzja Zimna
prefix_coldinfusion05|Cold Infusion||Gelo-infusão|Холодная инфузия|●T1冰霜轉物理● |コールドインフュージョン|콜드인퓨전|Kälteinfusion|Infusion Froide |Infusión Gélida|Infuzja Zimna
prefix_lightninginfusion01|Lightning Infusion||Raio-infusão|Молниеносное вливание|T5閃電轉物理|ライトニングインフュージョン|라이트닝인퓨전|Blitzinfusion|Infusion de Foudre |Infusión Relámpago|Infuzja Błyskawic
prefix_lightninginfusion02|Lightning Infusion||Raio-infusão|Молниеносное вливание|T4閃電轉物理|ライトニングインフュージョン|라이트닝인퓨전|Blitzinfusion|Infusion de Foudre |Infusión Relámpago|Infuzja Błyskawic
prefix_lightninginfusion03|Lightning Infusion||Raio-infusão|Молниеносное вливание|T3閃電轉物理|ライトニングインフュージョン|라이트닝인퓨전|Blitzinfusion|Infusion de Foudre |Infusión Relámpago|Infuzja Błyskawic
prefix_lightninginfusion04|Lightning Infusion||Raio-infusão|Молниеносное вливание|T2閃電轉物理|ライトニングインフュージョン|라이트닝인퓨전|Blitzinfusion|Infusion de Foudre |Infusión Relámpago|Infuzja Błyskawic
prefix_lightninginfusion05|Lightning Infusion||Raio-infusão|Молниеносное вливание|●T1閃電轉物理● |ライトニングインフュージョン|라이트닝인퓨전|Blitzinfusion|Infusion de Foudre |Infusión Relámpago|Infuzja Błyskawic
prefix_arcaneinfusion01|Arcane Infusion||Arcana-infusão|Чародейское вливание|T5奧術轉物理|アーケインインフュージョン|아케인인퓨전|Arkaninfusion|Infusion Arcanique |Infusión Arcana|Infuzja Arkany
prefix_arcaneinfusion02|Arcane Infusion||Arcana-infusão|Чародейское вливание|T4奧術轉物理|アーケインインフュージョン|아케인인퓨전|Arkaninfusion|Infusion Arcanique |Infusión Arcana|Infuzja Arkany
prefix_arcaneinfusion03|Arcane Infusion||Arcana-infusão|Чародейское вливание|T3奧術轉物理|アーケインインフュージョン|아케인인퓨전|Arkaninfusion|Infusion Arcanique |Infusión Arcana|Infuzja Arkany
prefix_arcaneinfusion04|Arcane Infusion||Arcana-infusão|Чародейское вливание|T2奧術轉物理|アーケインインフュージョン|아케인인퓨전|Arkaninfusion|Infusion Arcanique |Infusión Arcana|Infuzja Arkany
prefix_arcaneinfusion05|Arcane Infusion||Arcana-infusão|Чародейское вливание |●T1奧術轉物理● |アーケインインフュージョン|아케인인퓨전|Arkaninfusion|Infusion Arcanique |Infusión Arcana|Infuzja Arkany
prefix_skeletons|Skeleton's||do Esqueleto|Скелеты|T5召喚物傷害|スケルトンズ|스켈레톤|Skelett|Squelette|Esqueleto|Szkieletu
prefix_zombies|Zombie's||do Zumbi|Зомби|T4召喚物傷害|ゾンビーズ|좀비|Zombie|Zombie|Zombi|Zombie
prefix_ghouls|Ghoul's||do Ghoul|Гуль|T3召喚物傷害|グールズ|구울|Ghul|Goule|Ghoul|Ghoul
prefix_lich|Lich||do Lich|Лич|T2召喚物傷害|リッチ|리치|Lich|Liche|Lich|Lich
prefix_blackknights|Black Knight's||do Cavaleiro Negro|Черный Рыцарь|●T1召喚物傷害● |ブラックナイツ|블랙 나이트 |Schwarzer Ritter|Chevalier noir|Caballero Oscuro|Czarnego Rycerza
prefix_dark|Dark||Sombrio|Темный|T5召喚物生命|ダーク|다크|Dunkel|Sombre|Oscuro|Ciemny
prefix_black|Black||Negro|Черный|T4召喚物生命|ブラック|블랙|Schwarz|Noir|Negro|Czarny
prefix_pitchblack|Pitchblack||Completamente Escuro|Черный|T3召喚物生命|ピッチブラック|피치블랙|Pechschwarz|Noir absolu|Completamente Negro|Smoliście Czarny
prefix_eerie|Eerie||Sinistro|Мрачный|T2召喚物生命|イーリー|이어리|Unheimlich|Inquiétant|Inquietante|Upiórny
prefix_limbo|Limbo||Limbo|Лимбо|●T1召喚物生命●|リムボ|림보|Limbus|Limbes|Limbo|Otchłań
prefix_miner|Miner||Mineiro|Шахтер|T5爆炸傷害|マイナー|마이너|Bergarbeiter|Mineur|Minero|Górnik
prefix_detonator|Detonator||Detonador|Детонатор|T4爆炸傷害|デトネーター|디토네이터|Zünder|Détonateur |Detonador|Detonator
prefix_fusing|Fusing||Fundido|Слияние|T3爆炸傷害|フューズィング|퓨즈|Verschmelzend|Fusion |Fusión|Złączający
prefix_ticking|Ticking||Tique|Тиканье|T2爆炸傷害|ティッキング|틱|Tickend|Tic-tac|Tic-tac|Tykający
prefix_exploding|Exploding||Explodido|Взрыв|●T1爆炸傷害● |エクスプローディング|익스플로드|Explodierend|Explosion|Explosión|Wybuchowy
prefix_lurking|Lurking||Espreitado|Скрывающийся|T5哨兵傷害|ラーキング|러크|Lauernd|Terrasse|Patio|Czający Się
prefix_watching|Watching||Observado|Наблюдающий|T4哨兵傷害|ウォッチング|워치|Beobachtend|Observation|Observación|Obserwujący
prefix_monitoring|Monitoring||Monitorado|Мониторинг|T3哨兵傷害|モニタリング|모니터|Kontrollierend|Surveillance|Vigilancia|Monitorujący
prefix_scanning|Scanning||Escaneado|Сканирование|T2哨兵傷害|スキャニング|스캔|Scannend|Analyse|Análisis|Skanujący
prefix_surveilling|Surveilling||Vigilante|Наблюдение|●T1哨兵傷害● |サーベイリング|서베일|Überwachend|Surveillance|Vigilancia|Nadzorujący
prefix_timing|Timing||Cronometrado|Время|T5哨兵持續時間|タイミング|타임|Zeitsteuernd|Rythme|Ritmo|Czasowy
prefix_enduring|Enduring||Duradouro|Выносливый|T4哨兵持續時間|エンデューリング|인듀어|Ausdauernd|Persistance|Persistencia|Wytrzymały
prefix_lasting|Lasting||Prolongado|Долговечный|T3哨兵持續時間|ラスティング|라스트|Anhaltend|Durabilité|Durabilidad|Trwały
prefix_weaving|Weaving||Tecido|Плетение|T2哨兵持續時間|ウィービング|위브|Webend|Tissage |Tejido|Tkający
prefix_everlasting|Everlasting||Eterno|Вечный|●T1哨兵持續時間● |エヴァーラスティング|에버라스팅|Ewig|Éternel|Eterno|Wieczny
prefix_manaleak|Manaleak||Vaza-mana|Утечка маны|T5降低消耗|マナリーク|마나리크|Manaentzug|Fuite de mana|Fuga de Maná|Wyciek Many
prefix_manaspill|Manaspill||Derrama-mana|Разлив маны|T4降低消耗|マナスピル|마나스필|Manaausstoßend|Déversement de mana|Derrame de Maná|Wylew Many
prefix_manasplash|Manasplash||Respinga-mana|Всплеск маны|T3降低消耗|マナスプラッシュ|마나스플래시|Manaspritzer|Éclaboussure de mana|Salpicadura de Maná|Rozbryzg Many
prefix_manaflow|Manaflow||Manafluxo|Поток маны|T2降低消耗|マナフロー|마나플로우|Manafluss|Flux de mana|Flujo de Maná|Przepływ Many
prefix_manahunger|Manahunger||Fome-de-mana|Жажда маны|●T1降低消耗● |マナハンガー|마나헝거|Manahunger|Faim de mana|Hambre de Maná|Głód Many
prefix_mitigating|Mitigating||Mitigado|Смягчение|T5減傷|ミティゲイティング|미티게이트|Abschwächend|Atténuation|Mitigación|Łagodzący
prefix_deflecting|Deflecting||Defletido|Отражение|T4減傷|ディフレクティング|디플렉트|Ablenkend|Déviation|Desvío|Odbijający
prefix_defending|Defending||Defensivo|Защита|T3減傷|ディフェンディング|디펜드|Verteidigend|Défense|Defensa|Broniący
prefix_armored|Armored||Blindado |Бронированный|T2減傷|アーマード|아머드|Gepanzert|Armure|Armadura|Opancerzony
prefix_bulwark|Bulwark||Baluarte|Оплот|●T1減傷● |ブルワーク|불워크|Bollwerk|Rempart|Barricada|Ostoja
prefix_reanimator|Reanimator||Reanimador|Реаниматор|T5召喚技能|リアニメーター|리애니메이터|Wiederbelebend|Réanimation|Reanimación|Ożywiający
prefix_deathcaller|Deathcaller||Traz-morte|Призыватель смерти|T4召喚技能|デスコーラー|데스콜러|Totenrufend|Appel de la mort|Llamada a la Muerte|Przywoływacz Śmierci
prefix_unholy|Unholy||Profano|Нечестивый|T3召喚技能|アンホーリー|언홀리|Unheilig|Impie|Profano|Nieświęty
prefix_summoner|Summoner||Invocador|Призыватель|T2召喚技能|サモナー|서머너|Beschwörer|Invocateur |Invocador|Przywoływacz
prefix_necromancer|Necromancer||Necromante|Некромант|●T1召喚技能●|ネクロマンサー|네크로맨서|Nekromanten|Nécromancien |Nigromante |Nekromanta
prefix_superior_weapon1|Superior||Superior|Превосходный|◆優越的◆ |スーペリア|슈페리어 |Überlegen|Supérieur |Superior|Doskonały
prefix_superior_weapon2|Superior||Superior|Превосходный|◆優越的◆ |スーペリア|슈페리어 |Überlegen|Supérieur |Superior|Doskonały
prefix_superior_weapon3|Superior||Superior|Превосходный|◆優越的◆ |スーペリア|슈페리어 |Überlegen|Supérieur |Superior|Doskonały
prefix_superior_weapon4|Superior||Superior|Превосходный|◆優越的◆ |スーペリア|슈페리어 |Überlegen|Supérieur |Superior|Doskonały
prefix_superior_weapon5|Superior||Superior|Превосходный|◆優越的◆ |スーペリア|슈페리어 |Überlegen|Supérieur |Superior|Doskonały
prefix_superior_armor1|Superior||Superior|Превосходный|◆優越的◆ |スーペリア|슈페리어 |Überlegen|Supérieur |Superior|Doskonały
prefix_superior_armor2|Superior||Superior|Превосходный|◆優越的◆ |スーペリア|슈페리어 |Überlegen|Supérieur |Superior|Doskonały
prefix_superior_armor3|Superior||Superior|Превосходный|◆優越的◆ |スーペリア|슈페리어 |Überlegen|Supérieur |Superior|Doskonały
prefix_superior_armor4|Superior||Superior|Превосходный|◆優越的◆ |スーペリア|슈페리어 |Überlegen|Supérieur |Superior|Doskonały
prefix_superior_armor5|Superior||Superior|Превосходный|◆優越的◆ |スーペリア|슈페리어 |Überlegen|Supérieur |Superior|Doskonały
prefix_exceptional_weapon1|Exceptional||Excepcional|Исключительный|◆卓越的◆ |エクセプショナル|익셉셔널|Außergewöhnlich|Exceptionnel |Excepcional|Wyjątkowy
prefix_exceptional_weapon2|Exceptional||Excepcional|Исключительный|◆卓越的◆ |エクセプショナル|익셉셔널|Außergewöhnlich|Exceptionnel |Excepcional|Wyjątkowy
prefix_exceptional_weapon3|Exceptional||Excepcional|Исключительный|◆卓越的◆ |エクセプショナル|익셉셔널|Außergewöhnlich|Exceptionnel |Excepcional|Wyjątkowy
prefix_exceptional_weapon4|Exceptional||Excepcional|Исключительный|◆卓越的◆ |エクセプショナル|익셉셔널|Außergewöhnlich|Exceptionnel |Excepcional|Wyjątkowy
prefix_exceptional_weapon5|Exceptional||Excepcional|Исключительный|◆卓越的◆ |エクセプショナル|익셉셔널|Außergewöhnlich|Exceptionnel |Excepcional|Wyjątkowy
prefix_exceptional_armor1|Exceptional||Excepcional|Исключительный|◆卓越的◆ |エクセプショナル|익셉셔널|Außergewöhnlich|Exceptionnel |Excepcional|Wyjątkowy
prefix_exceptional_armor2|Exceptional||Excepcional|Исключительный|◆卓越的◆ |エクセプショナル|익셉셔널|Außergewöhnlich|Exceptionnel |Excepcional|Wyjątkowy
prefix_exceptional_armor3|Exceptional||Excepcional|Исключительный|◆卓越的◆ |エクセプショナル|익셉셔널|Außergewöhnlich|Exceptionnel |Excepcional|Wyjątkowy
prefix_exceptional_armor4|Exceptional||Excepcional|Исключительный|◆卓越的◆ |エクセプショナル|익셉셔널|Außergewöhnlich|Exceptionnel |Excepcional|Wyjątkowy
prefix_exceptional_armor5|Exceptional||Excepcional|Исключительный|◆卓越的◆ |エクセプショナル|익셉셔널|Außergewöhnlich|Exceptionnel |Excepcional|Wyjątkowy
prefix_astral_weapon1|Astral||Astral|Астральный|◆星界的◆ |アストラル|아스트랄|Astral|Astral |Astral|Astralny
prefix_astral_weapon2|Astral||Astral|Астральный|◆星界的◆ |アストラル|아스트랄|Astral|Astral |Astral|Astralny
prefix_astral_weapon3|Astral||Astral|Астральный|◆星界的◆ |アストラル|아스트랄|Astral|Astral |Astral|Astralny
prefix_astral_weapon4|Astral||Astral|Астральный|◆星界的◆ |アストラル|아스트랄|Astral|Astral |Astral|Astralny
prefix_astral_weapon5|Astral||Astral|Астральный|◆星界的◆ |アストラル|아스트랄|Astral|Astral |Astral|Astralny
prefix_astral_armor1|Astral||Astral|Астральный|◆星界的◆ |アストラル|아스트랄|Astral|Astral |Astral|Astralny
prefix_astral_armor2|Astral||Astral|Астральный|◆星界的◆ |アストラル|아스트랄|Astral|Astral |Astral|Astralny
prefix_astral_armor3|Astral||Astral|Астральный|◆星界的◆ |アストラル|아스트랄|Astral|Astral |Astral|Astralny
prefix_astral_armor4|Astral||Astral|Астральный|◆星界的◆ |アストラル|아스트랄|Astral|Astral |Astral|Astralny
prefix_astral_armor5|Astral||Astral|Астральный|◆星界的◆ |アストラル|아스트랄|Astral|Astral |Astral|Astralny
prefix_quantum_weapon1|Quantum||Quantum|Квантовый|◆量子的◆ |クォンタム|퀀텀|Quantum|Quantum |Cuántico|Kwantowy
prefix_quantum_weapon2|Quantum||Quantum|Квантовый|◆量子的◆ |クォンタム|퀀텀|Quantum|Quantum |Cuántico|Kwantowy
prefix_quantum_weapon3|Quantum||Quantum|Квантовый|◆量子的◆ |クォンタム|퀀텀|Quantum|Quantum |Cuántico|Kwantowy
prefix_quantum_weapon4|Quantum||Quantum|Квантовый|◆量子的◆ |クォンタム|퀀텀|Quantum|Quantum |Cuántico|Kwantowy
prefix_quantum_weapon5|Quantum||Quantum|Квантовый|◆量子的◆ |クォンタム|퀀텀|Quantum|Quantum |Cuántico|Kwantowy
prefix_quantum_armor1|Quantum||Quantum|Квантовый|◆量子的◆ |クォンタム|퀀텀|Quantum|Quantum |Cuántico|Kwantowy
prefix_quantum_armor2|Quantum||Quantum|Квантовый|◆量子的◆ |クォンタム|퀀텀|Quantum|Quantum |Cuántico|Kwantowy
prefix_quantum_armor3|Quantum||Quantum|Квантовый|◆量子的◆ |クォンタム|퀀텀|Quantum|Quantum |Cuántico|Kwantowy
prefix_quantum_armor4|Quantum||Quantum|Квантовый|◆量子的◆ |クォンタム|퀀텀|Quantum|Quantum |Cuántico|Kwantowy
prefix_quantum_armor5|Quantum||Quantum|Квантовый|◆量子的◆ |クォンタム|퀀텀|Quantum|Quantum |Cuántico|Kwantowy
prefix_glooming|Glooming||Sombrio|Мрачный|T5藥劑法力回復速度|グルーミング|글루밍|Düster|Sombre|Sombrío|Mroczny
prefix_sparkling|Sparkling||Brilhante|Сверкающий|T4藥劑法力回復速度|スパークリング|스파클|Funkelnd|Étincelant|Centelleante|Błyszczący
prefix_lumninated|Luminated||Luminoso|Светящийся|T3藥劑法力回復速度|ルミネイティッド|루미네이트|Leuchtend|Illuminé|Iluminado|Oświetlony
prefix_luxified|Luxified||Luxificado|Роскошный|T2藥劑法力回復速度|ルクシファイド|럭시파이|Veredelt|Luxifié|Luxificado|Luxified
prefix_lightburning|Lightburning||Queimando Luz|Светящийся|●T1藥劑法力回復速度● |ライトバーニング|라이트번|Lichtbrennend|Lumière brûlante|Luminiscente|Płonący Światłem
prefix_regenerating|Regenerating||Regenerando|Регенерирующий|T5藥劑生命回復|リジェネレイティング|리제너레이트|Regenerierend|Régénérant|Regenerador|Regenerujący
prefix_healing|Healing||Cura|Исцеляющий|T4藥劑生命回復|ヒーリング|힐|Heilend|Guérissant|Sanador|Leczący
prefix_fulfilling|Fulfilling||Satisfatório|Наполняющий энергией|T3藥劑生命回復|フルフィリング|풀필|Erfüllend|Épanouissant|Saciante|Spełniający
prefix_vitalizing|Vitalizing||Vitalizante|Жизнеспособный|T2藥劑生命回復|ヴァイタライジング|바이탈라이즈|Belebend|Vitalisant|Vitalizante|Witalizujący
prefix_consuming|Consuming||Consumindo|Поглощающий|●T1藥劑生命回復● |コンシューミング|컨슘|Verzehrend|Dévorant|Consumidor|Pochłaniający
prefix_shortlived|Shortlived||Efêmero|Кратковременный|T5藥劑回復速度|ショートリヴィド|숏리브|Kurzlebig|Éphémère|Efímero|Krótkotrwały
prefix_fast|Fast||Rápido|Быстрый|T4藥劑回復速度|ファスト|패스트|Schnell|Rapide|Rápido|Szybki
prefix_accelerated|Accelerated||Acelerado|Ускоренный|T3藥劑回復速度|アクセレイテッド|엑셀러레이트|Beschleunigt|Accéléré |Acelerado|Przyspieszony
prefix_hyperloop|Hyperloop||Hiperloop|Гиперпетля|T2藥劑回復速度|ハイパーループ|하이퍼루프|Hyperloop|Hyperloop|Bucle Veloz|Hyperloop
prefix_entangled|Entangled||Enredado|Запутанный|●T1藥劑回復速度● |エンタングルド|엔탱글드|Verschränkt|Enchevêtré|Enmarañado|Splątany
prefix_soul_recon|Soul Recon||Reconhecimento de Alma|Душа Разведка|T5藥劑法力瞬回|ソウルリコン|소울 리콘|Seelenaufklärung|Reconnaissance d'âme|Reconocimiento de Almas|Rekonstrukcja Duszy
prefix_soul_infused|Soul Infused||Infundido de Alma|Наполненная душой|T4藥劑法力瞬回|ソウルインフューズド|소울 인퓨즈|Seeleninfundiert|Imprégné d'âme|Infusión de Alma|Nasączony Duszą
prefix_soul_hungry|Soul Hungry||Faminto de Alma|Жажда души|T3藥劑法力瞬回|ソウルハングリー|소울 헝그리|Seelenhungrig|Avide d'âme|Hambre de Alma|Głodny Duszy
prefix_soul_filled|Soul Filled||Preenchido de Alma|Наполненная душой|T2藥劑法力瞬回|ソウルフィルド|소울 필|Seelenerfüllt|Rempli d'âme|Alma Plena|Wypełniony Duszą
prefix_soul_funneled|Soul Funneled||Canalizado de Alma|Направленная душой|●T1藥劑法力瞬回● |ソウルファネルド|소울 퍼널|Seelengeleitet|Canalisé par l'âme |Alma Canalizada|Lejący Duszę
prefix_vital_recon|Vital Recon||Reconhecimento Vital|Жизненно важная разведка|T5藥劑生命瞬回|ヴァイタルリコン|바이탈 리콘|Vitalaufklärung|Reconnaissance Vitale|Reconocimiento Vital|Rekonstrukcja Witalna
prefix_vital_infused|Vital Infused||Infundido de Vital|Наполненная жизненной силой|T4藥劑生命瞬回|ヴァイタルインフューズド|바이탈 인퓨즈|Vitalinfundiert|Infusé Vital|Infusión Vital|Nasączony Witalnością
prefix_vital_hungry|Vital Hungry||Faminto de Vital|Жажда жизненной силы|T3藥劑生命瞬回|ヴァイタルハングリー|바이탈 헝그리|Vitalhungrig|Faim Vitale|Hambre Vital|Głodny Witalności
prefix_vital_filled|Vital Filled||Preenchido de Vital|Наполненная жизненной силой|T2藥劑生命瞬回|ヴァイタルフィルド|바이탈 필|Vitalerfüllt|Rempli Vitale|Vitalidad Plena|Wypełniony Witalnością
prefix_vital_funneled|Vital Funneled||Canalizado de Vital|Направленная жизненной силой|●T1藥劑生命瞬回● |ヴァイタルファネルド|바이탈 퍼널|Vitalgeleitet|Entonnoir Vital |Vitalidad Canalizada|Lejący Witalność
prefix_quick_sentry|Quick Sentry||Sentinela Rápida|Быстрый страж|T5哨兵攻擊速度|クイックセントリー|퀵 센트리|Schneller Wächter|Sentinelle rapide|Centinela Rápida|Szybki Wartownik
prefix_fast_sentry|Fast Sentry||Rápido Sentinela|Быстрый страж|T4哨兵攻擊速度|ファストセントリー|패스트 센트리|Rasanter Wächter|Sentinelle rapide|Centinela Veloz|Szybki Wartownik
prefix_speed_sentry|Speed Sentry||Sentinela de Velocidade|Скоростной страж|T3哨兵攻擊速度|スピードセントリー|스피드 센트리|Geschwinder Wächter|Sentinelle de vitesse|Centinela de Velocidad|Szybki Wartownik
prefix_rapid_sentry|Rapid Sentry||Sentinela Rápida|Быстрый страж|T2哨兵攻擊速度|ラピッドセントリー|래피드 센트리|Rascher Wächter|Sentinelle rapide|Centinela Acelerada|Szybki Wartownik
prefix_fleet_sentry|Fleet Sentry||Sentinela da Frota|Флотский страж|●T1哨兵攻擊速度● |フリートセントリー|플리트 센트리|Flinker Wächter|Sentinelle de flotte |Centinela Fugaz|Flota Wartownik
prefix_delirious|Delirious||Delirante|Безумный|法典掉落率|デリリアス|딜리리어스|Phantasierend|Délirant|Delirante|Deliryczny
prefix_dwelling|Dwelling||Morada|Обитель|遠古怪群大小|ドウェリング|드웰|Verweilend|Demeure|Hogar|Mieszkający
prefix_treasure|Treasure||Tesouro|Сокровище|物品稀有度|トレジャー|트레저|Schatz|Trésor|Tesoro|Skarb
prefix_legion|Legion||Legião|Легион|遠古怪生成為軍團怪|リージョン|레지온|Legion|Légion|Legión|Legion
prefix_heroic|Heroic||Heroico|Героический|英雄天使掉落 |ヒロイック|히어로익|Heldenhaft|Héroïque |Heroico |Heroiczny
prefix_vault_treasure01|Greedy||Ambicioso |Жадный |貪婪的 |貪欲|탐욕|Gierig|Cupide |Avaro |Chciwy
prefix_vault_treasure02|Greedy||Ambicioso |Жадный |貪婪的 |貪欲|탐욕|Gierig|Cupide |Avaro |Chciwy
prefix_vault_treasure03|Greedy||Ambicioso |Жадный |貪婪的 |貪欲|탐욕|Gierig|Cupide |Avaro |Chciwy
prefix_vault_treasure04|Greedy||Ambicioso |Жадный |貪婪的 |貪欲|탐욕|Gierig|Cupide |Avaro |Chciwy
prefix_vault_treasure05|Greedy||Ambicioso |Жадный |貪婪的 |貪欲|탐욕|Gierig|Cupide |Avaro |Chciwy
prefix_vault_treasure06|Greedy||Ambicioso |Жадный |貪婪的 |貪欲|탐욕|Gierig|Cupide |Avaro |Chciwy
prefix_vault_material01|Stacked||Empilhado|Сложенный |堆疊的 |積み重ね|중첩|Gestapelt|Empilé |Apilados |Stackujący
prefix_vault_material02|Stacked||Empilhado|Сложенный |堆疊的 |積み重ね|중첩|Gestapelt|Empilé |Apilados |Stackujący
prefix_vault_material03|Stacked||Empilhado|Сложенный |堆疊的 |積み重ね|중첩|Gestapelt|Empilé |Apilados |Stackujący
prefix_vault_material04|Stacked||Empilhado|Сложенный |堆疊的 |積み重ね|중첩|Gestapelt|Empilé |Apilados |Stackujący
prefix_vault_material05|Stacked||Empilhado|Сложенный |堆疊的 |積み重ね|중첩|Gestapelt|Empilé |Apilados |Stackujący
prefix_vault_material06|Stacked||Empilhado|Сложенный |堆疊的 |積み重ね|중첩|Gestapelt|Empilé |Apilados |Stackujący
prefix_vault_collectible01|Collecting||Coletando|Сбор |收集的 |収集中|수집중|Sammelnd|Collecte |Coleccionando |Zbierający
prefix_vault_collectible02|Collecting||Coletando|Сбор |收集的 |収集中|수집중|Sammelnd|Collecte |Coleccionando |Zbierający
prefix_vault_collectible03|Collecting||Coletando|Сбор |收集的 |収集中|수집중|Sammelnd|Collecte |Coleccionando |Zbierający
prefix_vault_collectible04|Collecting||Coletando|Сбор |收集的 |収集中|수집중|Sammelnd|Collecte |Coleccionando |Zbierający
prefix_vault_collectible05|Collecting||Coletando|Сбор |收集的 |収集中|수집중|Sammelnd|Collecte |Coleccionando |Zbierający
prefix_vault_collectible06|Collecting||Coletando|Сбор |收集的 |収集中|수집중|Sammelnd|Collecte |Coleccionando |Zbierający
prefix_vault_key01|Locked||Trancado|Заблокировано |鎖住的 |ロック|잠김|Gesperrt|Fermé |Bloqueado|Zablokowany
prefix_vault_key02|Locked||Trancado|Заблокировано |鎖住的 |ロック|잠김|Gesperrt|Fermé |Bloqueado|Zablokowany
prefix_vault_key03|Locked||Trancado|Заблокировано |鎖住的 |ロック|잠김|Gesperrt|Fermé |Bloqueado|Zablokowany
prefix_vault_key04|Locked||Trancado|Заблокировано |鎖住的 |ロック|잠김|Gesperrt|Fermé |Bloqueado|Zablokowany
prefix_vault_key05|Locked||Trancado|Заблокировано |鎖住的 |ロック|잠김|Gesperrt|Fermé |Bloqueado|Zablokowany
prefix_vault_key06|Locked||Trancado|Заблокировано |鎖住的 |ロック|잠김|Gesperrt|Fermé |Bloqueado|Zablokowany
prefix_vault_codex01|Enchanted||Encantado|Зачарованный |附魔的 |エンチャント|마법부여됨|Verzaubert|Enchanté |Encantado |Zaczarowany
prefix_vault_codex02|Enchanted||Encantado|Зачарованный |附魔的 |エンチャント|마법부여됨|Verzaubert|Enchanté |Encantado |Zaczarowany
prefix_vault_codex03|Enchanted||Encantado|Зачарованный |附魔的 |エンチャント|마법부여됨|Verzaubert|Enchanté |Encantado |Zaczarowany
prefix_vault_codex04|Enchanted||Encantado|Зачарованный |附魔的 |エンチャント|마법부여됨|Verzaubert|Enchanté |Encantado |Zaczarowany
prefix_vault_codex05|Enchanted||Encantado|Зачарованный |附魔的 |エンチャント|마법부여됨|Verzaubert|Enchanté |Encantado |Zaczarowany
prefix_vault_codex06|Enchanted||Encantado|Зачарованный |附魔的 |エンチャント|마법부여됨|Verzaubert|Enchanté |Encantado |Zaczarowany
prefix_shelled|Shelled||Envolto em concha|Обстрелянный|T5武器最小傷|砲撃された|포격당한|Gepanzert|Coquillage|Descascarado|Osłonięty
prefix_contemplating|Contemplating||Contemplando|Размышляющий|T4武器最小傷|熟考している|사색하는|Nachdenklich|Contemplation|Contemplación|Kontemplujący
prefix_fulfilled|Fulfilled||Realizado|Исполненный|T3武器最小傷|満たされた|성취된|Erfüllt|Accomplissement|Logro|Spełniony
prefix_blessed|Blessed||Abençoado|Благословенный|T2武器最小傷|祝福された|축복받은|Gesegnet|Béni|Bendito|Błogosławiony
prefix_sacred|Sacred||Sagrado|Священный|●T1武器最小傷●|神聖な|신성한|Heilig|Sacré|Sagrado|Święty
prefix_maledict|Maledict||Malévolo|Маледикт|詛咒的|呪われた|저주받은|Verflucht|Malédict |Maldición|Przeklęty
prefix_walkers|Walker||Caminhante|Ходящий|T5移速轉傷害|歩行者|산책하는 사람|Wanderer|Marcheur|Caminante|Wędrowiec
prefix_joggers|Jogger||Corredor|Бегун|T4移速轉傷害|ジョギングをする人|조깅하는 사람|Läufer|Joggeur|Corredor|Biegacz
prefix_stampede|Stampede||Estampida|Давление|T3移速轉傷害|暴走|떼지어 달려가는 사람|Stampede|Bousculade |Explorador|Szarża
prefix_charging|Charging||Atacando|Атака|T2移速轉傷害|突進する|돌진하는|Stürmend|Chargement|Cargando|Szarżujący
prefix_dominating|Domination||Dominação |Власть |●T1移速轉傷害● |支配 |지배 |Dominant|Domination |Dominación |Dominacja
|||||||||||
|||||||||||
[Suffixes]|||||||||||
suffix_of|of||de|из |of|の|의|von|de |del |z
suffix_strength|Strength||Vigor|Власть|T5力量|ストレングス|스트랭스|Stärke|Force |Fuerza|Siły
suffix_power|Power||Poder|Власть|T4力量|パワー|파워|Kraft|Pouvoir |Poder|Mocy
suffix_force|Force||Força|Власть|T3力量|フォース|포스|Macht|Forcer |Fuerza|Siły
suffix_might|Might||Bravura|Возможность|T2力量|マイト|마이트|Gewalt|Pourrait |Poderío|Potęgi
suffix_fury|Fury||Fúria |Гнев |●T1力量● |フューリー|퓨리|Wut|Fureur |Furia|Furii
suffix_dexterity|Dexterity||Destreza|Ловкость|T5敏捷|デクスタリティ|덱스터러티|Geschicklichkeit|Dextérité |Destreza|Zręczności
suffix_sleight|Sleight||Manobra|Хитрость|T4敏捷|スレイト|슬라이트|Fertigkeit|Traîneau |Habilidad|Sztuczki
suffix_skill|Skill||Habilidade|Мастерство|T3敏捷|スキル|스킬|Expertise|Compétence |Pericia|Umiejętności
suffix_reflex|Reflex||Reflexo|Рефлексы|T2敏捷|リフレックス|리플렉스|Reflexe|Réflexe |Reflejo|Refleksu
suffix_agility|Agility||Agilidade|Проворство|●T1敏捷● |アジリティ|어질리티|Agilität|Agilité |Agilidad|Zwinności
suffix_energy|Energy||Energia|Жизненная сила|T5能量|エナジー|에너지|Energie|Énergie |Energía|Energii
suffix_illumination|Illumination||Iluminação|Молния|T4能量|イルミネーション|일루미네이션|Erleuchtung|Éclairage |Iluminación|Iluminacji
suffix_mysticism|Mysticism||Misticismo|Мистицизм|T3能量|ミスティシズム|미스티시즘|Mystik|Mysticisme |Misticismo|Mistycyzmu
suffix_spirit|Spirit||Corrida|Дух|T2能量|スピリット|스피릿|Geist|Esprit |Espíritu|Ducha
suffix_resonance|Resonance||Ressonância|Резонанс|●T1能量● |レゾナンス|레저넌스|Resonanz|Résonance |Resonancia|Rezonansu
suffix_sorcer|Sorcerer||Feiticeiro|Волшебник|T5智力|ソーサー|소서러|Zauberer|Sorcier |Hechicero|Czarodzieja
suffix_mage|Mage||Mago|Маг|T4智力|メイジ|메이지|Magier|Mage |Mago|Maga
suffix_warlock|Warlock||Bruxo|Колдун|T3智力|ウォーロック|워록|Hexenmeister|Sorcière |Brujo|Warlocka
suffix_wizard|Wizard||Mago|Наставник |T2智力|ウィザード|위자드|Zauberer|Magicien |Hechicero|Czarodzieja
suffix_witch|Witch||Bruxa|Ведьма|●T1智力● |ウィッチ|위치|Hexe|Sorcière |Bruja|Wiedźmy
suffix_armor|Armor||Armadura|Броня|T5護甲|アーマー|아머|Rüstung|Armure |Armadura|Pancerza
suffix_ward|Ward||Proteção |Защита|T4護甲|ウォード|워드|Schutz|Salle |Protección|Straży
suffix_guard|Guard||Guarda|Страж|T3護甲|ガード|가드|Wache|Garde |Guardia|Straży
suffix_bulwark|Bulwark||Baluarte|Крепость|T2護甲|ブルワーク|불워크|Bollwerk|Rempart |Baluarte|Ostoi
suffix_bastion|Bastion||Bastião |Крепость|●T1護甲● |バスティオン|배스천|Bastion|Bastion |Bastión|Bastionu
suffix_vitality|Vitality||Vitalidade|Жизненная сила|T5體力|バイタリティ|바이탈리티|Vitalität|Vitalité |Vitalidad|Witalności
suffix_endurance|Endurance||Resistência|Выносливость|T4體力|エンデュランス|인듀어런스|Ausdauer|Résistance|Resistencia|Wytrzymałości
suffix_stamina|Stamina||Estâmina|Выносливость|T3體力|スタミナ|스태미나|Stamina|Endurance|Aguante|Wytrzymałości
suffix_vigor|Vigor||Vigor|Жизненная сила|T2體力|ヴィガー|비거|Lebenskraft|Vigueur|Vigor|Wigor
suffix_fortitude|Fortitude||Coragem|Стойкость|●T1體力● |フォーティテュード|포티튜드|Kraft|Force|Fortaleza|Fortecy
suffix_mitigation|Mitigation||Mitigação|Облегчение|T5物減|ミティゲーション|미티게이션|Schadensminderung|Atténuation|Mitigación|Łagodzenia
suffix_absorption|Absorption||Absorção|Поглощение|T4物減|アブソープション|앱소프션|Absorption|Absorption|Absorción|Absorpcji
suffix_shielding|Shielding||Blindagem|Защита|T3物減|シールディング|쉴드 |Schild|Bouclier|Escudo|Osłaniania
suffix_resilience|Resilience||Resiliência|Эластичность|T2物減|レジリエンス|레질리언스|Resilienz|Résilience|Resiliencia|Odporności
suffix_protection|Protection||Proteção |Защита |●T1物減● |プロテクション|프로텍션|Schutz|Protection|Protección|Ochrony
suffix_spellshield|Spellshield||Escudo Mágico|Щит заклинаний|T5魔減 |スペルシールド|스펠쉴드|Magieschild|Bouclier magique|Escudo Mágico|Tarczy Czarów
suffix_spellabsorb|Spellabsorb||Absorção Mágica|Поглощение заклинаний|T4魔減|スペルアブゾーブ|스펠앱소브|Zauberabsorption|Absorption de sorts|Absorción de Hechizos|Absorpcji Czarów
suffix_manashielding|Manashielding||Manaproteção|Щит маны|T3魔減|マナシールディング|마나쉴드|Manaschild|Bouclier de mana|Escudo de Maná|Osłaniania Many
suffix_spellcutter|Spellcutter||Corta-feitiço|Рассечение заклинаний|T2魔減|スペルカッター|스펠커터|Zauberbrecher|Brise-sorts|Cortahechizos|Tnącego Czar
suffix_spellpurge|Spellpurge||Purga-feitiço|Очищение заклинаний|●T1魔減● |スペルパージ|스펠퍼지|Zauberreinigung|Purge de sorts|Purga de Hechizos|Oczyszczającego Czar
suffix_absolute|Absolute||Absoluto|Абсолютная непобедимость|T5物免魔免|アブソリュート|앱솔루트|Absolut|Absolu|Absoluto|Absolutny
suffix_untouchable|Untouchable||Intocável|Несокрушимость|T4物免魔免|アンタッチャブル|언터처블|Unantastbar|Intouchable|Intocable|Nietykalny
suffix_fortification|Fortification||Fortificação|Улучшение|T3物免魔免|フォーティフィケーション|포티피케이션|Festigung|Fortification|Fortificación|Fortyfikacja
suffix_divinity|Divinity||Divindade|Божественность|T2物免魔免|ディビニティ|디비니티|Göttlichkeit|Divinité|Divinidad|Boskość
suffix_immortality|Immortality||Imortalidade|Бессмертие|●T1物免魔免● |イモータリティ|이모탈리티|Unsterblichkeit|Immortalité|Inmortalidad|Nieśmiertelność
suffix_balance|Balance||Balanço|Баланс|T5快速打擊恢復|バランス|밸런스|Gleichgewicht|Équilibre|Equilibrio|Równowaga
suffix_reaction|Reaction||Reação|Реакция|T4快速打擊恢復|リアクション|리액션|Reaktion|Temps de réaction|Reacción|Reakcja
suffix_libra|Libra||Libra|Весы|T3快速打擊恢復|リブラ|리브라|Waage|Balance|Libra|Libra
suffix_recovery|Recovery||Recuperação|Восстановление|T2快速打擊恢復|リカバリー|리커버리|Erholung|Récupération|Recuperación|Odzyskiwania
suffix_equilibrium|Equilibrium||Equilíbrio|Равновесие|●T1快速打擊恢復● |イクイリブリアム|이퀼리브리엄|Gleichgewicht|Équilibre|Equilibrio|Równowagi
suffix_flash|Flash||Flash|Мгновение ока|T5攻速|フラッシュ|플래시|Blitz|Éclair|Destello|Błysk
suffix_tempo|Tempo||Tempo|Ритм |T4攻速|テンポ|템포|Rhythmus|Rythme|Ritmo|Tempo
suffix_swiftness|Swiftness||Rapidez|Быстрота|T3攻速|スウィフトネス|스위프트니스|Schnelligkeit|Célérité|Celeridad|Szybkość
suffix_frenzy|Frenzy||Frenesi|Безумие|T2攻速|フレンジー|프렌지|Raserei|Frénésie|Frenesí|Szał
suffix_blitzkrieg|Blitzkrieg||Blitzkrieg|Блицкриг|●T1攻速● |ブリッツクリーグ|블리츠크리그|Blitzkrieg|Blitzkrieg|Guerra Relámpago|Blitzkrieg
suffix_swiftcast|Swiftcast||Conjura-rápido|Мгновенное применение заклинаний|T5施速|スウィフトキャスト|스위프트캐스트|Schnellzauber|Incantation rapide|Lanzamiento Rápido|Szybki Rzut
suffix_quickchant|Rapidchant||Canto-rápido|Быстрое применение заклинаний|T4施速|ラピッドチャント|래피드챈트|Schnellzauber|Chant rapide|Canto Veloz|Szybki Śpiew
suffix_spellhaste|Spellhaste||Rapidez-mágica|Ускорение применения заклинаний|T3施速|スペルヘイスト|스펠헤이스트|Magische Hast|Célérité magique|Celeridad Mágica|Przyspieszenie Czarów
suffix_quickspell|Quickspell||Feitiço-rápido|Быстрое применение заклинаний|T2施速|クイックスペル|퀵스펠|Schnellzauber|Incantation rapide|Hechizo Rápido|Szybki Czar
suffix_rapidcasting|Rapidcasting||Conjuração-rápida|Быстрое применение заклинаний|●T1施速● |ラピッドキャスティング|래피드캐스팅|Schnellbeschwörung|Invocation rapide|Conjura Rápida|Szybkie Rzucanie
suffix_luck|Luck||Sorte|Удача|T5稀有度|ラック|럭|Glück|Chance|Suerte|Szczęście
suffix_fortune|Fortune||Fortuna|Удача|T4稀有度|フォーチュン|포춘|Glück|Fortune|Fortuna|Fortuna
suffix_scavenger|Scavenger||Catador|Мусорщик|T3稀有度|スカベンジャー|스캐빈저|Plünderer|Charognard |Carroñero|Zbieracz
suffix_tomb_raider|Tombraider||Invade-tumba|Лара Крофт: Расхитительница гробниц|T2稀有度|トゥームレイダー|툼레이더|Grab Plünderer|Pilleur de tombes|Saqueador de Tumbas|Tombraider
suffix_rngesus|RNGesus||RNGesus|Бог случайности|●T1稀有度● |アールエヌジーザス|알엔지저스|Göttliche Chance|Divinité de la chance|Divinidad del Azar|RNGesus
suffix_leeching|Leeching||Sanguessuga|Вампиризм|T5擊中生命偷取|リーチング|리칭|Lebensentzug|Drain de vie|Drenaje de Vida|Wysysający
suffix_locust|Locust||Gafanhoto|Саранча|T4擊中生命偷取|ローカスト|로커스트|Hummer|Homard|Langosta|Szarańcza
suffix_lifesurge|Life Surge||Surto de Vida|Прилив жизни|T3擊中生命偷取|ライフサージ|라이프서지|Lebensaufstieg|Ascension de vie|Ascenso de Vida|Fala Życia
suffix_lifedrain|Life Drain||Suga-vida|Истощение жизни|T2擊中生命偷取|ライフドレイン|라이프드레인|Lebensentzug|Drain de vie|Drenaje de Vida|Odpływ Życia
suffix_lifetap|Lifetap||Toca-vida|Истощение жизни|●T1擊中生命偷取● |ライフタップ|라이프탭|Vitale Berührung|Toucher vital|Toque Vital|Lifetap
suffix_manavamp|Mana Vamp||Manavampirismo|Истощение маны|T5擊中魔力偷取|マナヴァンプ|마나뱀프|Mana-Vampirismus|Vampirisme de mana|Vampirismo de Maná|Wampir Many
suffix_manadrain|Mana Drain||Suga-mana|Истощение маны|T4擊中魔力偷取|マナドレイン|마나드레인|Mana-Entzug|Drain de mana|Drenaje de Maná|Odpływ Many
suffix_manatide|Mana Tide||Maré de Mana|Прилив маны|T3擊中魔力偷取|マナタイド|마나타이드|Mana-Flut|Marée de mana|Marea de Maná|Przypływ Many
suffix_manasiphon|Mana Siphon||Sifão de Mana|Захват маны|T2擊中魔力偷取|マナサイフォン|마나사이폰|Mana-Siphon|Siphon de mana|Sifón de Maná|Ssanie Many
suffix_manawraith|Mana Wraith||Fúria da Mana|Призрак маны|●T1擊中魔力偷取● |マナレイス|마나레이스|Mana-Gespenst|Spectre de mana|Espectro de Maná|Wraith Many
suffix_dartguard|Dart Guard||Guarda-dardo|Защита от дротиков|T5投射物防禦 |ダートガード|다트가드|Dartschutz|Garde de fléchettes|Guardia de Dardos|Straż Darta
suffix_arrowguard|Arrow Guard||Flecha-guarda|Защита от стрел|T4投射物防禦|アローガード|에로우가드|Pfeilschutz|Garde de flèches|Guardia de Flechas|Straż Strzały
suffix_flightguard|Flight Guard||Voo-guarda|Летающая защита|T3投射物防禦|フライトガード|플라이트가드|Luftschutz|Garde d'air|Guardia Aérea|Straż Lotu
suffix_projectileguard|Projectileguard||Projétil-guarda|Защита от снарядов|T2投射物防禦|プロジェクタイルガード|프로젝타일가드|Projektilschutz|Garde de projectiles|Guardia de Proyectiles|Straż Pocisków
suffix_missileguard|Missile Guard||Míssil-guarda|Защита от ракет|●T1投射物防禦● |ミサイルガード|미사일가드|Raketenschutz|Garde de missiles|Guardia de Misiles|Straż Pocisku
suffix_lifeinflux|Life Influx||Afluxo de Vida|Прилив жизни|T5回復生命%|ライフインフラックス|라이프인플럭스|Lebenszufluss|Afflux de vie|Afluencia de Vida|Przypływ Życia
suffix_lifepulse|Life Pulse||Pulso de Vida|Пульс жизни|T4回復生命%|ライフパルス|라이프펄스|Lebenspuls|Impulsion de vie|Pulso de Vida|Puls Życia
suffix_lifeflow|Life Flow||Fluxo de Vida|Поток жизни|T3回復生命%|ライフフロー|라이프플로우|Vitaler Fluss|Flux vital|Flujo Vital|Przepływ Życia
suffix_lifespring|Life Spring||Nascente de Vida|Источник жизни|T2回復生命%|ライフスプリング|라이프스프링|Lebensquelle|Source de vie|Manantial de Vida|Źródło Życia
suffix_lifebloom|Life Bloom||Florescer da Vida|Цветение жизни|●T1回復生命%● |ライフブルーム|라이프블룸|Vitale Blüte|Floraison vitale|Florecer Vital|Rozkwit Życia
suffix_manaflux|Mana Flux||Fluxo de Mana|Прилив маны|T5回復法力%|マナフラックス|마나플럭스|Manafluss|Flux de mana|Flujo de Maná|Przepływ Many
suffix_manawell|Mana Well||Fonte de Mana|Колодец маны|T4回復法力%|マナウェル|마나웰|Manabrunnen|Puits de mana|Pozo de Maná|Studnia Many
suffix_manaflow|Mana Flow||Fluxo de Mana|Поток маны|T3回復法力%|マナフロー|마나플로우|Manafluss|Flux de mana|Flujo de Maná|Przepływ Many
suffix_manaspring|Mana Spring||Nascente de Mana|Источник маны|T2回復法力%|マナスプリング|마나스프링|Manaquelle|Source de mana|Manantial de Maná|Źródło Many
suffix_manabloom|Mana Bloom||Florescer de Mana|Цветение маны|●T1回復法力%● |マナブルーム|마나블룸|Manablüte|Floraison de mana|Florecer de Maná|Rozkwit Many
suffix_blockade|Blockade||Bloqueio|Блокировка|T5格擋|ブロケード|블로케이드|Blockieren|Blocage|Bloqueo|Blokada
suffix_deflection|Deflection||Deflexão|Отклонение|T4格擋|ディフレクション|디플렉션|Ablenken|Déviation|Desviación|Odbicie
suffix_warding|Warding||Proteção |Защита|T3格擋|ウォーディング|워딩|Schutz|Protection|Protección|Straż
suffix_barrier|Barrier||Barreira |Барьер |T2格擋|バリア|배리어|Barriere|Barrière|Barrera|Bariera
suffix_shieldwall|Shield Wall||Parede de Escudos|Щитовая стена|●T1格擋● |シールドウォール|실드월|Schildmauer|Mur de boucliers|Muro de Escudos|Ściana Tarczy
suffix_tundra|Tundra||Tundra|Тундра|冰凍時間減半|ツンドラ|툰드라|Tundra|Toundra |Tundra|Tundra
suffix_freljord|Freljord||Freljord|Фрельйорд|免疫減速效果|フレルジョルド|프렐요드|Freljord|Freljord|Freljord|Freljord
suffix_quillboar|Quillboard||Papelão|Квиллбот|T5反傷|クイルボード|퀼보드|Dorneneber|Sanglier à épines|Jabalí Espinoso|Quillboard
suffix_oak|Oak||Carvalho|Дуб|T4反傷|オーク|오크|der Eiche|Sanglier de chêne|del Roble|Dąb
suffix_thorns|Thorns||Espinhos|Шипы|T3反傷|ソーンズ|쏜즈|der Stacheln|Sanglier à épines|de las Espinas|Kolce
suffix_needle|Needle||Agulha|Игла|T2反傷|ニードル|니들|Nadel|Sanglier à aiguilles|de la Aguja|Igła
suffix_armadillo|Armadillo||Tatu|Броненосец |●T1反傷● |アーマディロ|아르마딜로|Armadillo|Sanglier tatou|del Armadillo|Pancernik
suffix_manablock|Mana Block||Bloqueio de Mana|Манаблок|T5受傷轉化為法力|マナブロック|마나블록|Mana-Blockade|Blocage de mana|Bloqueo de Maná|Blok Many
suffix_manadeflect|Mana Deflect||Deflexão de Mana|Отклонение маны|T4受傷轉化為法力|マナディフレクト|마나디플렉트|Mana-Umleitung|Déviation de mana|Desvío de Maná|Odbicie Many
suffix_manaward|Mana Ward||Proteção de Mana|Манавард|T3受傷轉化為法力|マナウォード|마나워드|Mana-Schutz|Protection de mana|Protección de Maná|Straż Many
suffix_manabarrier|Mana Barrier||Barreira de Mana|Барьер маны|T2受傷轉化為法力|マナバリア|마나배리어|Mana-Barriere|Barrière de mana|Barrera de Maná|Bariera Many
suffix_manawall|Mana Wall||Parede de Mana|Манавалл |●T1受傷轉化為法力● |マナウォール|마나월|Mana-Mauer|Mur de mana|Muro de Maná|Ściana Many
suffix_lifeblock|Life Block||Bloqueio de Vida|Препятствие жизни|T5受傷轉化為生命|ライフブロック|라이프블록|Lebensblockade|Blocage de vie|Bloqueo de Vida|Blok Życia
suffix_lifedeflect|Life Deflect||Deflexão de Vida|Отклонение от жизненного пути|T4受傷轉化為生命|ライフディフレクト|라이프디플렉트|Lebensumleitung|Déviation de vie|Desvío de Vida|Odbicie Życia
suffix_lifeward|Life Ward||Proteção de Vida|Направление к жизни|T3受傷轉化為生命|ライフウォード|라이프워드|Lebensschutz|Protection de vie|Protección de Vida|Straż Życia
suffix_lifebarrier|Life Barrier||Barreira de Vida|Барьер жизни|T2受傷轉化為生命|ライフバリア|라이프배리어|Lebensbarriere|Barrière de vie|Barrera de Vida|Bariera Życia
suffix_lifewall|Life Wall||Parede de Vida|Стена жизни |●T1受傷轉化為生命● |ライフウォール|라이프월|Lebensmauer|Mur de vie |Muro de Vida|Ściana Życia
suffix_king01|King||Rei|Король |T5力量（基於等級）|キング|킹 |König|Roi |Rey|Król
suffix_king02|King||Rei|Король |T4力量（基於等級）|キング|킹 |König|Roi |Rey|Król
suffix_king03|King||Rei|Король |T3力量（基於等級）|キング|킹 |König|Roi |Rey|Król
suffix_king04|King||Rei|Король |T2力量（基於等級）|キング|킹 |König|Roi |Rey|Król
suffix_king05|King||Rei|Король |●T1力量（基於等級）● |キング|킹 |König|Roi |Rey|Król
suffix_archery01|Archery||Arquearia|Стрельба из лука |T5敏捷（基於等級）|アーチェリー|아처리|Bogenschießen|Tir à l'arc |Tiro al arco |Łucznictwo
suffix_archery02|Archery||Arquearia|Стрельба из лука |T4敏捷（基於等級）|アーチェリー|아처리|Bogenschießen|Tir à l'arc |Tiro al arco |Łucznictwo
suffix_archery03|Archery||Arquearia|Стрельба из лука |T3敏捷（基於等級）|アーチェリー|아처리|Bogenschießen|Tir à l'arc |Tiro al arco |Łucznictwo
suffix_archery04|Archery||Arquearia|Стрельба из лука |T2敏捷（基於等級）|アーチェリー|아처리|Bogenschießen|Tir à l'arc |Tiro al arco |Łucznictwo
suffix_archery05|Archery||Arquearia|Стрельба из лука |●T1敏捷（基於等級）● |アーチェリー|아처리|Bogenschießen|Tir à l'arc |Tiro al arco |Łucznictwo
suffix_intellect01|Energy||Intelecto|Энергия |T5能量（基於等級）|インテレクト|인텔렉트|Energie|Énergie |Energía |Energii
suffix_intellect02|Energy||Intelecto|Энергия |T4能量（基於等級）|インテレクト|인텔렉트|Energie|Énergie |Energía |Energii
suffix_intellect03|Energy||Intelecto|Энергия |T3能量（基於等級）|インテレクト|인텔렉트|Energie|Énergie |Energía |Energii
suffix_intellect04|Energy||Intelecto|Энергия |T2能量（基於等級）|インテレクト|인텔렉트|Energie|Énergie |Energía |Energii
suffix_intellect05|Energy||Intelecto|Энергия |●T1能量（基於等級）● |インテレクト|인텔렉트|Energie|Énergie |Energía |Energii
suffix_spellpower01|Intellect||Poder Mágico|Интеллект |T5智力（基於等級）|スペルパワー|스펠파워|Intellekt|Intellect |Intelecto|Intelektu
suffix_spellpower02|Intellect||Poder Mágico|Интеллект |T4智力（基於等級）|スペルパワー|스펠파워|Intellekt|Intellect |Intelecto|Intelektu
suffix_spellpower03|Intellect||Poder Mágico|Интеллект |T3智力（基於等級）|スペルパワー|스펠파워|Intellekt|Intellect |Intelecto|Intelektu
suffix_spellpower04|Intellect||Poder Mágico|Интеллект |T2智力（基於等級）|スペルパワー|스펠파워|Intellekt|Intellect |Intelecto|Intelektu
suffix_spellpower05|Intellect||Poder Mágico|Интеллект |●T1智力（基於等級）● |スペルパワー|스펠파워|Intellekt|Intellect |Intelecto|Intelektu
suffix_defender01|Defender||Defensor|Защитник |T5護甲（基於等級）|ディフェンダー|디펜더|Verteidiger|Défenseur |Defensor|Obrońcy
suffix_defender02|Defender||Defensor|Защитник |T4護甲（基於等級）|ディフェンダー|디펜더|Verteidiger|Défenseur |Defensor|Obrońcy
suffix_defender03|Defender||Defensor|Защитник |T3護甲（基於等級）|ディフェンダー|디펜더|Verteidiger|Défenseur |Defensor|Obrońcy
suffix_defender04|Defender||Defensor|Защитник |T2護甲（基於等級）|ディフェンダー|디펜더|Verteidiger|Défenseur |Defensor|Obrońcy
suffix_defender05|Defender||Defensor|Защитник |●T1護甲（基於等級）● |ディフェンダー|디펜더|Verteidiger|Défenseur |Defensor|Obrońcy
suffix_holyvigor01|Holy Vigor||Vigor Sagrado|Святая энергия |T5體力（基於等級）|ホーリーヴィガー|홀리 비거|Heilige Kraft|Sainte Vigueur |Vigor Sagrado|Święty Wigor
suffix_holyvigor02|Holy Vigor||Vigor Sagrado|Святая энергия |T4體力（基於等級）|ホーリーヴィガー|홀리 비거|Heilige Kraft|Sainte Vigueur |Vigor Sagrado|Święty Wigor
suffix_holyvigor03|Holy Vigor||Vigor Sagrado|Святая энергия |T3體力（基於等級）|ホーリーヴィガー|홀리 비거|Heilige Kraft|Sainte Vigueur |Vigor Sagrado|Święty Wigor
suffix_holyvigor04|Holy Vigor||Vigor Sagrado|Святая энергия |T2體力（基於等級）|ホーリーヴィガー|홀리 비거|Heilige Kraft|Sainte Vigueur |Vigor Sagrado|Święty Wigor
suffix_holyvigor05|Holy Vigor||Vigor Sagrado|Святая энергия |●T1體力（基於等級）● |ホーリーヴィガー|홀리 비거|Heilige Kraft|Sainte Vigueur |Vigor Sagrado|Święty Wigor
suffix_lonewolf|Lonewolf||Lobo Solitário|Одиночка|T5增強傷害（基於等級）|ローンウルフ|론울프|Heilige Kraft|Sainte Vigueur |Vigor Sagrado|Samotny Wilk
suffix_legend|Legend||Lenda|Легенда|T4增強傷害（基於等級）|レジェンド|레전드|Legende|Légende|Leyenda|Legenda
suffix_hero|Hero||Herói|Герой|T3增強傷害（基於等級）|ヒーロー|히어로|Held|Héros|Héroe|Bohater
suffix_samurai|Samurai||Samurai|Самурай|T2增強傷害（基於等級）|サムライ|사무라이|Samurai|Samouraï|Samurái|Samuraj
suffix_ronin|Ronin||Ronin|Ронин|●T1增強傷害（基於等級）● |ローニン|로닌|Ronin|Ronin|Ronin|Ronin
suffix_battle_magus|Battle Magus||Mago de Batalha|Боевые маги|T5技能傷害|バトルメイジ|배틀매거스|Kampfmagier|Mage de bataille|Mago de Batalla|Mag Bitewny
suffix_spell_caster|Spell Caster||Feiticeiro|Заклинатель|T4技能傷害|スペルキャスター|스펠캐스터|Zauberwirker|Lanceur de sorts|Lanzador de Hechizos|Rzucający Czar
suffix_high_sorcery|High Sorcery||Alta-feitiçaria|Высшее колдовство|T3技能傷害|ハイソーサリー|하이소서러|Hochmagie|Grand sorcier|Alta Hechicería|Wysoka Magia
suffix_grand_wizard|Grand Wizard||Grande Mago|Великий волшебник |T2技能傷害|グランドウィザード|그랜드위자드|Großmagier|Grand mage|Gran Mago|Wielki Czarodziej
suffix_arch_warlock|Arch Warlock||Arquimago|Архиварлок |●T1技能傷害● |アーチウォーロック|아크워록|Erzhexenmeister|Archimage|Arquibrujo|Arcy Warlock
suffix_firegod|Fire God||Deus do Fogo|Бог Огня|T5火焰技能%|ファイアゴッド|파이어갓|Feuergott|Dieu du feu|Dios del Fuego|Bóg Ognia
suffix_flamegod|Flame God||Deus da Chama|Бог Пламени|T4火焰技能%|フレイムゴッド|플레임갓|Flammengott|Dieu de la flamme|Dios de la Llama|Bóg Płomieni
suffix_lavagod|Lava God||Deus da Lava|Бог Лавы|T3火焰技能%|ラヴァゴッド|라바갓|Lavagott|Dieu de la lave|Dios de la Lava|Bóg Lawy
suffix_infernogod|Inferno God||Deus do Inferno|Адский Бог |T2火焰技能%|インフェルノゴッド|인페르노갓|Infernogott|Dieu des enfers|Dios del Infierno|Bóg Inferna
suffix_hellfiregod|Hellfire God||Deus do Fogo Infernal|Бог Адского Пламени|●T1火焰技能%● |ヘルファイアゴッド|헬파이어갓|Höllenfeuergott|Dieu des flammes infernales|Dios del Fuego Infernal|Bóg Piekielnego Ognia
suffix_icegod|Ice God||Deus do Gelo|Бог Льда |T5冰霜技能%|アイスゴッド|아이스갓|Eisgott|Dieu de la glace|Dios del Hielo|Bóg Lodu
suffix_frostgod|Frost God||Deus do Congelamento|Бог Мороза|T4冰霜技能%|フロストゴッド|프로스트갓|Frostgott|Dieu du givre|Dios de la Escarcha|Bóg Mrozu
suffix_rimegod|Rime God||Deus da Geada|Бог Инея|T3冰霜技能%|ライムゴッド|라임갓|Frostgott|Dieu du givre|Dios de la Escarcha|Bóg Szronu
suffix_tundragod|Tundra God||Deus da Tundra|Бог Тундры|T2冰霜技能%|ツンドラゴッド|툰드라갓|Tundra-Gott|Dieu de la toundra|Dios de la Tundra|Bóg Tundry
suffix_glacialgod|Glacial God||Deus Glacial|Бог Ледника|●T1冰霜技能%● |グレイシャルゴッド|글레이셜갓|Gletschergott|Dieu glacial|Dios Glacial|Bóg Lodowy
suffix_arcanegod|Arcane God||Deus Arcano|Бог Тайной Магии|T5奧術技能%|アーケインゴッド|아케인갓|Arkaner Gott|Dieu arcanique|Dios Arcano|Bóg Arkany
suffix_magegod|Mage God||Mago Deus|Бог Магии|T4奧術技能%|メイジゴッド|메이지갓|Magiergott|Dieu des mages|Dios Mago|Bóg Maga
suffix_spellgod|Spell God||Deus do Feitiço|Бог Заклинаний|T3奧術技能%|スペルゴッド|스펠갓|Zaubergott|Dieu des sorts|Dios de los Hechizos|Bóg Czaru
suffix_riftgod|Rift God||Deus da Fenda|Бог Разлома |T2奧術技能%|リフトゴッド|리프트갓|Rissgott|Dieu de la faille|Dios de la Grieta|Bóg Riftu
suffix_ethergod|Ether God||Deus do Éter|Бог Эфира|●T1奧術技能%● |エーテルゴッド|이더갓|Äthergott|Dieu de l'éther|Dios del Éter|Bóg Eteru
suffix_shockgod|Shock God||Deus do Choque|Бог Шока|T5閃電技能%|ショックゴッド|쇼크갓|Schockgott|Dieu de la foudre|Dios del Choque|Bóg Szoku
suffix_stasisgod|Stasis God||Deus da Estase|Бог Стазиса|T4閃電技能%|ステイシスゴッド|스테이시스갓|Stasis-Gott|Dieu de la stase|Dios de la Estasis|Bóg Stasis
suffix_lightninggod|Lightning God||Deus do Relâmpago|Бог Молнии|T3閃電技能%|ライトニングゴッド|라이트닝갓|Blitzgott|Dieu de la foudre|Dios del Rayo|Bóg Błyskawic
suffix_thundergod|Thunder God||Deus do Trovão|Бог Грома|T2閃電技能%|サンダーゴッド|썬더갓|Donnergott|Dieu du tonnerre|Dios del Trueno|Bóg Gromu
suffix_stormgod|Storm God||Deus da Tempestade|Бог Бури|●T1閃電技能%● |ストームゴッド|스톰갓|Sturmgott|Dieu de la tempête |Dios de la Tormenta|Bóg Burzy
suffix_poisongod|Poison God||Deus Venenoso|Бог Яда|T5毒素技能%|ポイズンゴッド|포이즌갓|Giftgott|Dieu du poison|Dios del Veneno|Bóg Trucizny
suffix_venomgod|Venom God||Deus do Veneno|Бог Яда|T4毒素技能%|ヴェノムゴッド|베넘갓|Giftgott|Dieu du poison|Dios del Veneno|Bóg Jadu
suffix_toxicgod|Toxic God||Deus Tóxico|Бог Токсика |T3毒素技能%|トキシックゴッド|톡식갓|Toxischgott|Dieu toxique|Dios Tóxico|Bóg Toksyczny
suffix_plaguegod|Plague God||Deus da Praga|Бог чумы|T2毒素技能%|プレイグゴッド|플레이그갓|Seuchengott|Dieu de la peste|Dios de la Plaga|Bóg Plagi
suffix_blackgod|Black God||Deus Negro|Черный Бог|●T1毒素技能%● |ブラックゴッド|블랙갓|Schwarzer Gott|Dieu noir|Dios Negro|Bóg Czarny
suffix_ignoring|Ignoring||Ignorado|Игнорирование|T5無視防禦|イグノアリング|이그노어|Ignorieren|Ignorant|Ignorante|Ignorujący
suffix_drilling|Drilling||Perfurado|Сверление|T4無視防禦|ドリリング|드릴|Bohren|Perforant|Perforador|Wiercący
suffix_penetration|Penetration||Penetrado|Проникновение|T3無視防禦|ペネトレーション|페너트레이션|Durchdringen|Pénétration|Penetración|Przebicie
suffix_piercing|Piercing||Perfurante|Пробивание|T2無視防禦|ピアシング|피어싱|Durchbohren|Perforant|Penetrante|Przebicie
suffix_armorcrushing|Armor Crushing||Quebra-armadura|Сокрушение брони|●T1無視防禦● |アーマークラッシング|아머크러싱|Rüstungsbrechend|Brise-armure |Machaca-armaduras|Miażdżenie Pancerza
suffix_wholeness|Wholeness||Integridade|Целостность|T5全属|ホールネス|홀니스|Ganzheit|Plénitude|Plenitud|Całość
suffix_totality|Totality||Totalidade|Тотальность|T4全属|トータリティ|토탈리티|Totalität|Totalité|Totalidad|Całkowitość
suffix_versatility|Versatility||Versatilidade|Универсальность |T3全属|バーサティリティ|버서틸리티|Vielseitigkeit|Polyvalence|Versatilidad|Wszechstronność
suffix_unity|Unity||Unidade|Единство|T2全属|ユニティ|유니티|Einheit|Unité|Unidad|Jedność
suffix_harmony|Harmony||Harmonia|Гармония|●T1全属● |ハーモニー|하모니|Harmonie|Harmonie|Armonía|Harmonia
suffix_kobold|Kobold||Duende|Кобольд|T5稀有度（基於等級）|コボルド|코볼트|Kobold|Kobold|Kobold|Kobold
suffix_goblin|Goblin||Goblin|Гоблин|T4稀有度（基於等級）|ゴブリン|고블린|Goblin|Gobelin|Trasgo|Goblin
suffix_hobgoblin|Hob Goblin||Hobgoblin|Хобгоблин|T3稀有度（基於等級）|ホブゴブリン|홉고블린|Hobgoblin|Hobgobelin|Hobgoblin|Hob Goblin
suffix_ethergoblin|Ether Goblin||Goblin-éter|Эфиргоблин|T2稀有度（基於等級）|エーテルゴブリン|이더고블린|Ether Goblin|Gobelin éthéré|Trasgo Etéreo|Ether Goblin
suffix_treasuregoblin|Treasure Goblin||Goblin do Tesouro|Сокровищный гоблин|● T1稀有度（基於等級）● |トレジャーゴブリン|트레저고블린|Treasure Goblin|Gobelin au trésor|Trasgo del Tesoro|Treasure Goblin
suffix_vision|Vision||Visão|Зрение|T5冷卻時間|ヴィジョン|비전|vision|Vision|Visión|Wzrok
suffix_memory|Memory||Memória|Память|T4冷卻時間|メモリー|메모리|Memory|Mémoire|Memoria|Pamięć
suffix_brain|Brain||Cérebro|Мозг |T3冷卻時間|ブレイン|브레인|Brain|Cerveau|Cerebro|Mózg
suffix_illusion|Illusion||Ilusão|Иллюзия|T2冷卻時間|イリュージョン|일루전|illusion|Illusion|Ilusión|Iluzja
suffix_mind|Mind||Mente|Разум|●T1冷卻時間● |マインド|마인드|Mind|Esprit|Mente|Umysł
suffix_ice|Ice||Gelo|Лед|T5附加冰霜傷害|アイス|아이스|Ice|Glace|Hielo|Lód
suffix_frost|Frost||Congelado|Мороз|T4附加冰霜傷害|フロスト|프로스트|frost|Gel|Escarcha|Mróz
suffix_chill|Chill||Resfriado|Холод|T3附加冰霜傷害|チル|칠|Chill|Froid|Frío|Chłód
suffix_rime|Rime||Geada|Иней|T2附加冰霜傷害|ライム|라임|Rime|Gelé|Gélida|Szron
suffix_glacier|Glacier||Geleira|Ледник|●T1附加冰霜傷害● |グレイシア|글레이셔|Glacier|Glacier|Glaciar|Lodowiec
suffix_fire|Fire||Fogo|Огонь|T5附加火焰傷害|ファイア|파이어|Fire|Feu|Fuego|Ogień
suffix_flames|Flames||Chamas|Пламя|T4附加火焰傷害|フレイムズ|플레임|Flames|Flammes|Llamas|Płomienie
suffix_lava|Lava||Lava|Лава|T3附加火焰傷害|ラヴァ|라바|lava|Lave|Lava|Lawa
suffix_volcano|Volcano||Vulcão|Вулкан|T2附加火焰傷害|ヴォルケーノ|볼케이노|Volcano|Volcan|Volcán|Wulkan
suffix_inferno|Inferno||Inferno|Ад|●T1附加火焰傷害● |インフェルノ|인페르노|inferno|Enfer|Infierno|Inferno
suffix_shock|Shock||Choque|Шок |T5附加閃電傷害|ショック|쇼크|Shock|Choc|Choque|Szok
suffix_stasis|Stasis||Estase|Стазис|T4附加閃電傷害|ステイシス|스테이시스|Stasis|Stastase|Estasis|Stasis
suffix_voltage|Voltage||Voltagem|Напряжение|T3附加閃電傷害|ヴォルテージ|볼티지|Voltage|Tension|Voltaje|Napięcie
suffix_lightning|Lightning||Relâmpago|Молния|T2附加閃電傷害|ライトニング|라이트닝|Lightning|Éclair|Rayo|Błyskawica
suffix_thunder|Thunder||Trovão|Гром|●T1附加閃電傷害● |サンダー|썬더|Thunder|Tonnerre|Trueno|Grom
suffix_poison|Poison||Veneno|Яд|T5附加毒素傷害|ポイズン|포이즌|Poison|Poison|Veneno|Trucizna
suffix_toxicity|Toxicity||Toxicidade|Токсичность|T4附加毒素傷害|トキシシティ|톡시시티|Toxicity|Toxicité|Toxicidad|Toksyczność
suffix_vile|Vile||Vil|Мерзость|T3附加毒素傷害|ヴァイル|바일|Vile|Vil|Vil|Plugawy
suffix_plague|Plague||Praga|Чума|T2附加毒素傷害|プレイグ|플레이그|Plague|Peste|Plaga|Plaga
suffix_pandemic|Pandemic||Pandêmico|Пандемия|●T1附加毒素傷害● |パンデミック|팬데믹|Pandemic|Pandémie|Pandémico|Pandemia
suffix_arcanum|Arcanum||Arcano|Арканум|T5附加奧術傷害|アーケイナム|아케넘|Arcanum|Arcane|Arcano|Arcanum
suffix_arcanist|Arcanist||Arcanista|Арканист|T4附加奧術傷害|アーケイニスト|아케니스트|Arcanist|Arcaniste|Arcanista|Arkanista
suffix_arcana|Arcana||Arcana|Аркана|T3附加奧術傷害|アーケイナ|아케나|Arcana|Arcane|Arcano|Arcana
suffix_arcane_surge|Arcane Surge||Surto Arcano|Всплеск Арканы|T2附加奧術傷害|アーケインサージ|아케인서지|Arcane Surge|Ascension arcanique|Ascenso Arcano|Przypływ Arkany
suffix_arcane_wrath|Arcane Wrath||Fúria Arcana|Гнев Арканы|●T1附加奧術傷害● |アーケインラス|아케인래스|Arcane Wrath|Colère arcanique|Ira Arcana|Gniew Arkany
suffix_shaking|Shaking||Tremido|Дрожь|T5爆炸範圍 |シェイキング|셰이킹|Shaking|Tremblement|Tembloroso|Drżący
suffix_trembling|Trembling||Trêmulo|Дрожь |T4爆炸範圍 |トレンブリング|트렘블링|Trembling|Vibrant|Vibrante|Drżący
suffix_fissure|Fissure||Fissura|Трещина|T3爆炸範圍 |フィスチャー|피셔|Fissure|Fissure|Fisura|Szczelina
suffix_earthquake|Earthquake||Terremoto|Землетрясение|T2爆炸範圍 |アースクエイク|어스퀘이크|Earthquake|Séisme|Terremoto|Trzęsienie Ziemi
suffix_cataclysm|Cataclysm||Cataclisma|Катаклизм|●T1爆炸範圍● |カタクリズム|카타클리즘|Cataclysm|Cataclysme|Cataclismo|Kataklizm
suffix_wishing|Wishing||Desejo|Желание|T5隨機職業技能|ウィッシング|위시|Wishing|Désir|Deseo|Życzący
suffix_prayer|Prayer||Reza|Молитва|T4隨機職業技能|プレイヤー|프레이어|Prayer|Prière|Plegaria|Modlitwa
suffix_pineal_gland|Pineal Gland||Glândula Pineal|Шишковидная железа|T3隨機職業技能|パインアルグランド|파인알글랜드|Pineal Gland|Glande pinéale|Glándula Pineal|Szyszynka
suffix_atlantis|Atlantis||Atlantis|Атлантида|T2隨機職業技能 |アトランティス|아틀란티스|Atlantis|Atlantide|Atlántida|Atlantyda
suffix_anunnaki|Anunnaki||Annukaki|Ануннаки |●T1隨機職業技能● |アヌンナキ|아눈나키|Anunnaki|Annunaki |Annunaki|Anunnaki
suffix_stunning01|Stunning||Atordoado|Оглушительный |T5對眩暈敵人增傷|スタニング|스터닝|Atemberaubend|Étourdissant |Aturdimiento|Ogłuszający
suffix_stunning02|Stunning||Atordoado|Оглушительный |T4對眩暈敵人增傷|スタニング|스터닝|Atemberaubend|Étourdissant |Aturdimiento|Ogłuszający
suffix_stunning03|Stunning||Atordoado|Оглушительный |T3對眩暈敵人增傷|スタニング|스터닝|Atemberaubend|Étourdissant |Aturdimiento|Ogłuszający
suffix_stunning04|Stunning||Atordoado|Оглушительный |T2對眩暈敵人增傷|スタニング|스터닝|Atemberaubend|Étourdissant |Aturdimiento|Ogłuszający
suffix_stunning05|Stunning||Atordoado|Оглушительный |●T1對眩暈敵人增傷● |スタニング|스터닝|Atemberaubend|Étourdissant |Aturdimiento|Ogłuszający
suffix_bleeding01|Bleeding||Sangrado|Кровотечение |T5對流血敵人增傷|ブリーディング|블리딩|Blutung|Saignement |Sangrado|Krwawiący
suffix_bleeding02|Bleeding||Sangrado|Кровотечение |T4對流血敵人增傷|ブリーディング|블리딩|Blutung|Saignement |Sangrado|Krwawiący
suffix_bleeding03|Bleeding||Sangrado|Кровотечение |T3對流血敵人增傷|ブリーディング|블리딩|Blutung|Saignement |Sangrado|Krwawiący
suffix_bleeding04|Bleeding||Sangrado|Кровотечение |T2對流血敵人增傷|ブリーディング|블리딩|Blutung|Saignement |Sangrado|Krwawiący
suffix_bleeding05|Bleeding||Sangrado|Кровотечение |●T1對流血敵人增傷● |ブリーディング|블리딩|Blutung|Saignement |Sangrado|Krwawiący
suffix_frostbiting01|Frostbiting||Congelado|Обморожение |T5對冰凍敵人增傷|フロストビッティング|프로스트바이팅|Erfrierungen|Engelures |Congelación|Odmrażający
suffix_frostbiting02|Frostbiting||Congelado|Обморожение |T4對冰凍敵人增傷|フロストビッティング|프로스트바이팅|Erfrierungen|Engelures |Congelación|Odmrażający
suffix_frostbiting03|Frostbiting||Congelado|Обморожение |T3對冰凍敵人增傷|フロストビッティング|프로스트바이팅|Erfrierungen|Engelures |Congelación|Odmrażający
suffix_frostbiting04|Frostbiting||Congelado|Обморожение |T2對冰凍敵人增傷|フロストビッティング|프로스트바이팅|Erfrierungen|Engelures |Congelación|Odmrażający
suffix_frostbiting05|Frostbiting||Congelado|Обморожение |●T1對冰凍敵人增傷● |フロストビッティング|프로스트바이팅|Erfrierungen|Engelures |Congelación|Odmrażający
suffix_poisoning01|Poisoning||Envenenado|Отравление |T5對中毒敵人增傷|ポイズニング|포이즈닝|Vergiftung|Empoisonnement |Envenenamiento|Trujący
suffix_poisoning02|Poisoning||Envenenado|Отравление |T4對中毒敵人增傷|ポイズニング|포이즈닝|Vergiftung|Empoisonnement |Envenenamiento|Trujący
suffix_poisoning03|Poisoning||Envenenado|Отравление |T3對中毒敵人增傷|ポイズニング|포이즈닝|Vergiftung|Empoisonnement |Envenenamiento|Trujący
suffix_poisoning04|Poisoning||Envenenado|Отравление |T2對中毒敵人增傷|ポイズニング|포이즈닝|Vergiftung|Empoisonnement |Envenenamiento|Trujący
suffix_poisoning05|Poisoning||Envenenado|Отравление |●T1對中毒敵人增傷● |ポイズニング|포이즈닝|Vergiftung|Empoisonnement |Envenenamiento|Trujący
suffix_burning01|Burning||Queimado|Горящий |T5對燃燒敵人增傷|バーニング|버닝 |Verbrennung|Brûlant |Quemadura|Palący
suffix_burning02|Burning||Queimado|Горящий |T4對燃燒敵人增傷|バーニング|버닝 |Verbrennung|Brûlant |Quemadura|Palący
suffix_burning03|Burning||Queimado|Горящий |T3對燃燒敵人增傷|バーニング|버닝 |Verbrennung|Brûlant |Quemadura|Palący
suffix_burning04|Burning||Queimado|Горящий |T2對燃燒敵人增傷|バーニング|버닝 |Verbrennung|Brûlant |Quemadura|Palący
suffix_burning05|Burning||Queimado|Горящий |●T1對燃燒敵人增傷● |バーニング|버닝 |Verbrennung|Brûlant |Quemadura|Palący
suffix_velocity|Velocity||Velocidade|Скорость|T5投射物速度|ヴェロシティ|벨로시티|Geschwindigkeit|Vélocité|Velocidad|Prędkość
suffix_swiftdart|Swiftdart||Dardo-rápido|Свифтдарт|T4投射物速度|スウィフトダート|스위프트다트|Schnellpfeil|Fléchette rapide|Dardo Veloz|Szybki Grot
suffix_quickslug|Quickslug||Bala-rápida|Квикслаг|T3投射物速度|クイックスラッグ|퀵슬러그|Blitzschuss|Lance-éclair|Bala Veloz|Szybki Pocisk
suffix_rapidbolt|Rapidbolt||Raio-rápido|Рапидболт|T2投射物速度|ラピッドボルト|래피드볼트|Schnellblitz|Éclair rapide|Rayo Rápido|Szybki Błysk
suffix_flashfire|Flashfire||Fogo-relâmpago|Флэшфайр |●T1投射物速度● |フラッシュファイア|플래시파이어|Blitz|Flash|Fuego Relámpago|Błyskawiczny Ogień
suffix_ranger|Ranger||Caçador|Рейнджер|T5攻擊範圍|レンジャー|레인저|Waldläufer|Ranger|Guardabosques|Ranger
suffix_scout|Scout||Batedor|Разведчик|T4攻擊範圍|スカウト|스카웃|Späher|Éclaireur |Explorador|Zwiadowca
suffix_sniper|Sniper||Sniper|Снайпер|T3攻擊範圍 |スナイパー|스나이퍼|Scharfschütze|Tireur d'élite |Francotirador|Snajper
suffix_marksman|Marksman||Atirador|Меткий стрелок|T2攻擊範圍|マークスマン|마크스맨|Scharfschütze|Tireur d'élite |Tirador|Strzelec
suffix_sharpshooter|Sharpshooter||Atirador de Elite|Снайпер |●T1攻擊範圍● |シャープシューター|샤프슈터|Scharfschütze|Tireur d'élite |Tirador Experto|Snajper
suffix_glimmer|Glimmer||Brilho|Мерцание|T5光照範圍|グリマー|글리머|Leuchten|Lueur|Resplandor|Blask
suffix_light|Light||Luz|Свет|T4光照範圍|ライト|라이트|Leuchten|Lueur|Luz|Światło
suffix_torch|Torch||Tocha|Факел|T3光照範圍|トーチ|토치|Licht|Lumière |Antorcha|Pochodnia
suffix_lantern|Lantern||Lanterna|Фонарь|T2光照範圍|ランタン|랜턴|Laterne|Lanterne|Linterna|Latarnia
suffix_wildfire|Wildfire||Fogo Selvagem|Лесной огонь|●T1光照範圍● |ワイルドファイア|와일드파이어|Wildfeuer|Feu sauvage|Fuego Salvaje|Dziki Ogień
suffix_vial|Vial||Ampola|Флакон|T5縮短中毒時間|ヴァイアル|바이얼|Schmeicheln|Fiole|Vial|Fiola
suffix_flask|Flask||Frasco |Колба |T4縮短中毒時間|フラスク|플라스크|Flasche|Flacon |Frasco|Flaszka
suffix_cleanse|Cleanse||Purificar|Очистить |T3縮短中毒時間|クレンズ|클렌즈|Reinigen|Purifier |Purificación|Oczyszczający
suffix_purge|Purge||Expurgo|Очищение|T2縮短中毒時間 |パージ|퍼지|Säuberung|Purge|Purga|Oczyszczający
suffix_antidote|Antidote||Antídoto|Противоядие|●T1縮短中毒時間● |アンチドート|안티도트|Gegenmittel|Antidote|Antídoto|Antidotum
suffix_guardsman|Guardsman||Guarda|Страж|T5防禦加成|ガーズマン|가드맨|Wächter|Garde|Guardia|Strażnik
suffix_watchman|Watchman||Vigia|Дозорный|T4防禦加成|ウォッチマン|와치맨|Wächter|Soir|Vigía|Strażnik
suffix_townsguard|Towns Guard||Guarda da Torre|Городская гвардия|T3防禦加成|タウンズガード|타운 가드|Stadtwache|Garde des villes|Guardia de la Ciudad|Strażnik Miasta
suffix_royalguard|Royal Guard||Guarda Real|Королевская гвардия|T2防禦加成|ロイヤルガード|로열 가드|Königliche Garde|Garde royale|Guardia Real|Królewska Straż
suffix_kingsguard|Kings Guard||Guarda do Rei|Королевская гвардия|●T1防禦加成● |キングスガード|킹 가드|Königsgarde|Garde du roi|Guardia del Rey|Straż Króla
suffix_fallensentry|Fallen Sentry||Sentinela Caído|Падший часовой|T5防禦加成（基於等級）|フォールンセントリー|폴른 센트리|Gefallener Wächter|Sentinelle déchue|Centinela Caído|Upadły Wartownik
suffix_fallenguard|Fallen Guard||Guarda Caído|Падший гвардеец|T4防禦加成（基於等級）|フォールンガード|폴른 가드|Gefallener Gardist|Garde déchue|Guardia Caído|Upadły Strażnik
suffix_fallenberserker|Fallen Berserker||Berserker Caído|Падший берсерк|T3防禦加成（基於等級）|フォールンバーサーカー|폴른 버서커|Gefallener Berserker|Berserker déchu|Berserker Caído|Upadły Berserker
suffix_fallenknight|Fallen Knight||Cavaleiro Caído|Падший рыцарь|T2防禦加成（基於等級）|フォールンナイト|폴른 나이트|Gefallener Ritter|Chevalier déchu|Caballero Caído|Upadły Rycerz
suffix_fallentemplar|Fallen Templar||Templário Caído|Падший тамплиер|●T1防禦加成（基於等級）● |フォールンテンプラー|폴른 템플러|Gefallener Templer|Templier déchu|Templario Caído|Upadły Templariusz
suffix_ruggedcolossus|Rugged Colossus||Colosso Robusto|Крепкий колосс|T5防禦值（基於等級）|ラギッドコロッサス|러기드 콜로서스|Robuster Koloss|Colosse robuste|Coloso Recio|Surowy Kolos
suffix_sterncolossus|Stern Colossus||Colosso Severo|Суровый колосс|T4防禦值（基於等級）|スターンコロッサス|스턴 콜로서스|Strenger Koloss|Colosse sévère|Coloso Severo|Surowy Kolos
suffix_vitalcolossus|Vital Colossus||Colosso Vital|Жизненно важный колосс|T3防禦值（基於等級）|バイタルコロッサス|바이탈 콜로서스|Lebensfähiger Koloss|Colosse vital|Coloso Vital|Witalny Kolos
suffix_resilientcolossus|Resilient Colossus||Colosso Resiliente|Выносливый колосс|T2防禦值（基於等級）|レジリエントコロッサス|레질리언트 콜로서스|Widerstandsfähiger Koloss|Colosse résistant|Coloso Resistente|Odporny Kolos
suffix_fortifiedcolossus|Fortified Colossus||Colosso Fortificado|Укрепленный колосс |●T1防禦值（基於等級）● |フォーティファイドコロッサス|포티파이드 콜로서스|Befestigter Koloss|Colosse fortifié |Coloso Fortificado|Fortyfikowany Kolos
suffix_flamehunger01|Flame Hunger||Fome da Chama|Жажда пламени |T5火焰傷害吸收|フレイムハンガー|플레임 헝거|Flammenhunger|Faim de flammes |Hambruna de Llamas|Głód Płomieni
suffix_flamehunger02|Flame Hunger||Fome da Chama|Жажда пламени |T4火焰傷害吸收|フレイムハンガー|플레임 헝거|Flammenhunger|Faim de flammes |Hambruna de Llamas|Głód Płomieni
suffix_flamehunger03|Flame Hunger||Fome da Chama|Жажда пламени |T3火焰傷害吸收|フレイムハンガー|플레임 헝거|Flammenhunger|Faim de flammes |Hambruna de Llamas|Głód Płomieni
suffix_flamehunger04|Flame Hunger||Fome da Chama|Жажда пламени |T2火焰傷害吸收|フレイムハンガー|플레임 헝거|Flammenhunger|Faim de flammes |Hambruna de Llamas|Głód Płomieni
suffix_flamehunger05|Flame Hunger||Fome da Chama|Жажда пламени |●T1火焰傷害吸收● |フレイムハンガー|플레임 헝거|Flammenhunger|Faim de flammes |Hambruna de Llamas|Głód Płomieni
suffix_frosthunger01|Frost Hunger||Fome Congelada|Морозный голод |T5冰霜傷害吸收|フロストハンガー|프로스트 헝거|Frosthunger|Faim de gel |Hambruna Gélida|Głód Mrozu
suffix_frosthunger02|Frost Hunger||Fome Congelada|Морозный голод |T4冰霜傷害吸收|フロストハンガー|프로스트 헝거|Frosthunger|Faim de gel |Hambruna Gélida|Głód Mrozu
suffix_frosthunger03|Frost Hunger||Fome Congelada|Морозный голод |T3冰霜傷害吸收|フロストハンガー|프로스트 헝거|Frosthunger|Faim de gel |Hambruna Gélida|Głód Mrozu
suffix_frosthunger04|Frost Hunger||Fome Congelada|Морозный голод |T2冰霜傷害吸收|フロストハンガー|프로스트 헝거|Frosthunger|Faim de gel |Hambruna Gélida|Głód Mrozu
suffix_frosthunger05|Frost Hunger||Fome Congelada|Морозный голод |●T1冰霜傷害吸收● |フロストハンガー|프로스트 헝거|Frosthunger|Faim de gel |Hambruna Gélida|Głód Mrozu
suffix_stormhunger01|Storm Hunger||Fome da Tempestade|Штормовой голод |T5閃電傷害吸收|ストームハンガー|스톰 헝거|Sturmhunger|Faim de tempête |Hambruna de Tormentas|Głód Burzy
suffix_stormhunger02|Storm Hunger||Fome da Tempestade|Штормовой голод |T4閃電傷害吸收|ストームハンガー|스톰 헝거|Sturmhunger|Faim de tempête |Hambruna de Tormentas|Głód Burzy
suffix_stormhunger03|Storm Hunger||Fome da Tempestade|Штормовой голод |T3閃電傷害吸收|ストームハンガー|스톰 헝거|Sturmhunger|Faim de tempête |Hambruna de Tormentas|Głód Burzy
suffix_stormhunger04|Storm Hunger||Fome da Tempestade|Штормовой голод |T2閃電傷害吸收|ストームハンガー|스톰 헝거|Sturmhunger|Faim de tempête |Hambruna de Tormentas|Głód Burzy
suffix_stormhunger05|Storm Hunger||Fome da Tempestade|Штормовой голод |●T1閃電傷害吸收● |ストームハンガー|스톰 헝거|Sturmhunger|Faim de tempête |Hambruna de Tormentas|Głód Burzy
suffix_plaguehunger01|Plague Hunger||Fome da Praga|Чума Голод |T5毒素傷害吸收|プレイグハンガー|플레이그 헝거|Pesthunger|La faim causée par la peste |Hambruna de Plaga|Głód Plagi
suffix_plaguehunger02|Plague Hunger||Fome da Praga|Чума Голод |T4毒素傷害吸收|プレイグハンガー|플레이그 헝거|Pesthunger|La faim causée par la peste |Hambruna de Plaga|Głód Plagi
suffix_plaguehunger03|Plague Hunger||Fome da Praga|Чума Голод |T3毒素傷害吸收|プレイグハンガー|플레이그 헝거|Pesthunger|La faim causée par la peste |Hambruna de Plaga|Głód Plagi
suffix_plaguehunger04|Plague Hunger||Fome da Praga|Чума Голод |T2毒素傷害吸收|プレイグハンガー|플레이그 헝거|Pesthunger|La faim causée par la peste |Hambruna de Plaga|Głód Plagi
suffix_plaguehunger05|Plague Hunger||Fome da Praga|Чума Голод |●T1毒素傷害吸收● |プレイグハンガー|플레이그 헝거|Pesthunger|La faim causée par la peste |Hambruna de Plaga|Głód Plagi
suffix_arcanehunger01|Arcane Hunger||Fome Arcana|Тайный голод |T5奧術傷害吸收|アーケインハンガー|아케인 헝거|Arkane Hunger|Faim arcanique |Hambruna Arcana|Głód Arkany
suffix_arcanehunger02|Arcane Hunger||Fome Arcana|Тайный голод |T4奧術傷害吸收|アーケインハンガー|아케인 헝거|Arkane Hunger|Faim arcanique |Hambruna Arcana|Głód Arkany
suffix_arcanehunger03|Arcane Hunger||Fome Arcana|Тайный голод |T3奧術傷害吸收|アーケインハンガー|아케인 헝거|Arkane Hunger|Faim arcanique |Hambruna Arcana|Głód Arkany
suffix_arcanehunger04|Arcane Hunger||Fome Arcana|Тайный голод |T2奧術傷害吸收|アーケインハンガー|아케인 헝거|Arkane Hunger|Faim arcanique |Hambruna Arcana|Głód Arkany
suffix_arcanehunger05|Arcane Hunger||Fome Arcana|Тайный голод |●T1奧術傷害吸收● |アーケインハンガー|아케인 헝거|Arkane Hunger|Faim arcanique |Hambruna Arcana|Głód Arkany
suffix_demonvigor01|Demon Vigor||Vigor Demoníaco|Демоническая Энергия |T5召喚物抗性|デーモンヴィガー|데몬 비거|Dämonenkraft|Vigueur démoniaque |Vigor Demoníaco|Wigor Demona
suffix_demonvigor02|Demon Vigor||Vigor Demoníaco|Демоническая Энергия |T4召喚物抗性|デーモンヴィガー|데몬 비거|Dämonenkraft|Vigueur démoniaque |Vigor Demoníaco|Wigor Demona
suffix_demonvigor03|Demon Vigor||Vigor Demoníaco|Демоническая Энергия |T3召喚物抗性|デーモンヴィガー|데몬 비거|Dämonenkraft|Vigueur démoniaque |Vigor Demoníaco|Wigor Demona
suffix_demonvigor04|Demon Vigor||Vigor Demoníaco|Демоническая Энергия |T2召喚物抗性|デーモンヴィガー|데몬 비거|Dämonenkraft|Vigueur démoniaque |Vigor Demoníaco|Wigor Demona
suffix_demonvigor05|Demon Vigor||Vigor Demoníaco|Демоническая Энергия |●T1召喚物抗性● |デーモンヴィガー|데몬 비거|Dämonenkraft|Vigueur démoniaque |Vigor Demoníaco|Wigor Demona
suffix_jumping|Jumping||Saltitante|Прыжки|T6跳躍力|ジャンピング|점핑|Springen|Sauter|Saltarín|Skaczący
suffix_leaping|Leaping||Pulante|Скачки|T5跳躍力|リーピング|리핑|Hüpfen|Balancier|Saltador|Skaczący
suffix_parkour|Parkour||Parkour|Паркур|T4跳躍力|パルクール|파쿠르|Parkour|Parkour|Parkour|Parkour
suffix_flying|Flying||Voadora|Полет|T3跳躍力|フライング|플라잉|Fliegen|Voler|Volador|Latający
suffix_bunnyhopping|Bunnyhopping||Pulo do Coelho|Прыжки кролика|T2跳躍力|バニーホッピング|버니하핑|Bunnyhopping|Sautiller|Salto de Conejo|Bunnyhopping
suffix_phasing|Phasing||Phasing|Фазирование|●T1跳躍力● |フェージング|페이징|Phasenwechsel|Transition|Fase|Fazujący
suffix_afterlife|Afterlife||Vida após a morte|Загробная жизнь|T5擊殺獲得藥劑堆疊量|アフターライフ|에프터라이프|Jenseits|Au-delà|Más Allá|Zaświaty
suffix_beyond|Beyond||Além|Запределье|T4擊殺獲得藥劑堆疊量|ビヨンド|비욘드 마스크|Jenseits|Au-delà|Más Allá|Za
suffix_death_realm|Death Realm||Reino da Morte|Царство смерти|T3擊殺獲得藥劑堆疊量|デスレルム|데스 렐름|Todesreich|Royaume des morts|Reino de la Muerte|Królestwo Śmierci
suffix_grave_siphoner|Grave Siphoner||Sifão de Túmulos|Поглотитель могил|T2擊殺獲得藥劑堆疊量|グレイブサイフォナー|그레이브 사이포너|Grabsauger|Siphon des tombes|Sifonador de Tumbas|Zbieracz Grobów
suffix_soul_reaper|Soul Reaper||Ceifador de Almas|Жнец душ|●T1擊殺獲得藥劑堆疊量● |ソウルリーパー|소울 리퍼|Seelenreißer|Faucheur d'âmes|Segador de Almas|Żniwiarz Dusz
suffix_timewarp|Timewarp||Distorção Temporal|Искажение времени|T5每秒藥劑堆疊量|タイムワープ|타임워프|Zeitverzerrung|Distorsion temporelle|Distorsión Temporal|Przeskok Czasu
suffix_clockwork|Clockwork||Mecanismo|Часовой механизм|T4每秒藥劑堆疊量|クロックワーク|클록워크|Uhrwerk|Mécanisme d'horlogerie|Maquinaria|Zegarek
suffix_mechanism|Mechanism||Mecanismo|Механизм|T3每秒藥劑堆疊量|メカニズム|매카니즘|Mechanismus|Mécanisme|Mecanismo|Mechanizm
suffix_event_horizon|Event Horizon||Horizonte de Eventos|Горизонт событий|T4每秒藥劑堆疊量|イベントホライゾン|이벤트 호라이즌|Ereignishorizont|Horizon des événements|Horizonte de Sucesos|Horyzont Zdarzeń
suffix_dimension|Dimension||Dimensão|Измерение|●T1每秒藥劑堆疊量● |ディメンション|디멘션|Dimension|Dimension|Dimensión|Wymiar
suffix_stone|Stone||Pedra|Камень|T5物理技能|ストーン|스톤|Stein|Pierre|Piedra|Kamień
suffix_tombstone|Tombstone||Lápide|Надгробный камень|T4物理技能|トゥームストーン|툼스톤|Grabstein|Pierre tombale|Lápida|Nagrobek
suffix_monument|Monument||Monumento|Памятник|T3物理技能|モニュメント|모뉴먼트|Denkmal|Monument|Monumento|Pomnik
suffix_obelisk|Obelisk||Obelisco|Обелиск|T2物理技能|オベリスク|오벨리스크|Obelisk|Obélisque|Obelisco|Obelisk
suffix_monolith|Monolith||Monólito|Монолит|●T1物理技能● |モノリス|모노리스|Monolith|Monolithe |Monolito|Monolit
suffix_greed|Greed||Ganância|Жадность|金幣掉落 |グリード|그리드|Gier|Avarice|Codicia|Chciwość
suffix_gluttony|Gluttony||Gula|Чревоугодие|經驗值增加 |グラットニー|글러터니|Völlerei|Gourmandise|Gula|Żarłoczność
suffix_envy|Envy||Inveja|Зависть|戰利品數量 |エンヴィー|엔비|Neid|Envie|Envidia|Zazdrość
suffix_darkness|Darkness||Escuridão|Тьма|地城鑰匙掉落率 |ダークネス|다크니스|Dunkelheit|Ténèbres|Oscuridad|Ciemność
suffix_fear|Fear||Medo |Страх |符文掉落率 |フィア|피어|Angst|Peur |Miedo|Strach
suffix_vault_tarot01|Tarot||Tarô |Таро |塔羅牌 |タロット|타롯|Tarot|Tarot |Tarot |Tarot
suffix_vault_tarot02|Tarot||Tarô |Таро |塔羅牌 |タロット|타롯|Tarot|Tarot |Tarot |Tarot
suffix_vault_tarot03|Tarot||Tarô |Таро |塔羅牌 |タロット|타롯|Tarot|Tarot |Tarot |Tarot
suffix_vault_tarot04|Tarot||Tarô |Таро |塔羅牌 |タロット|타롯|Tarot|Tarot |Tarot |Tarot
suffix_vault_tarot05|Tarot||Tarô |Таро |塔羅牌 |タロット|타롯|Tarot|Tarot |Tarot |Tarot
suffix_vault_tarot06|Tarot||Tarô |Таро |塔羅牌 |タロット|타롯|Tarot|Tarot |Tarot |Tarot
suffix_vault_rune01|Rune||Runa |Руна |符文 |ルーン|룬|Rune|Rune |Runa |Runa
suffix_vault_rune02|Rune||Runa |Руна |符文 |ルーン|룬|Rune|Rune |Runa |Runa
suffix_vault_rune03|Rune||Runa |Руна |符文 |ルーン|룬|Rune|Rune |Runa |Runa
suffix_vault_rune04|Rune||Runa |Руна |符文 |ルーン|룬|Rune|Rune |Runa |Runa
suffix_vault_rune05|Rune||Runa |Руна |符文 |ルーン|룬|Rune|Rune |Runa |Runa
suffix_vault_rune06|Rune||Runa |Руна |符文 |ルーン|룬|Rune|Rune |Runa |Runa
suffix_vault_jewel01|Jewelry||Joia |Ювелирные изделия |珠寶 |ジュエリー|쥬얼리|Schmuck|Bijoux |Joyas |Biżuteria
suffix_vault_jewel02|Jewelry||Joia |Ювелирные изделия |珠寶 |ジュエリー|쥬얼리|Schmuck|Bijoux |Joyas |Biżuteria
suffix_vault_jewel03|Jewelry||Joia |Ювелирные изделия |珠寶 |ジュエリー|쥬얼리|Schmuck|Bijoux |Joyas |Biżuteria
suffix_vault_jewel04|Jewelry||Joia |Ювелирные изделия |珠寶 |ジュエリー|쥬얼리|Schmuck|Bijoux |Joyas |Biżuteria
suffix_vault_jewel05|Jewelry||Joia |Ювелирные изделия |珠寶 |ジュエリー|쥬얼리|Schmuck|Bijoux |Joyas |Biżuteria
suffix_vault_jewel06|Jewelry||Joia |Ювелирные изделия |珠寶 |ジュエリー|쥬얼리|Schmuck|Bijoux |Joyas |Biżuteria
suffix_vault_uncut_jewel01|Uncut Jewelry||Joias sem cortes |Неограненные Ювелирные Изделия |未切割珠寶 |未加工ジュエリー|언컷 쥬얼리|Ungeschnittener Schmuck|Bijoux non coupés |Joyas sin cortar |Nieoszlifowana Biżuteria
suffix_vault_uncut_jewel02|Uncut Jewelry||Joias sem cortes |Неограненные Ювелирные Изделия |未切割珠寶 |未加工ジュエリー|언컷 쥬얼리|Ungeschnittener Schmuck|Bijoux non coupés |Joyas sin cortar |Nieoszlifowana Biżuteria
suffix_vault_uncut_jewel03|Uncut Jewelry||Joias sem cortes |Неограненные Ювелирные Изделия |未切割珠寶 |未加工ジュエリー|언컷 쥬얼리|Ungeschnittener Schmuck|Bijoux non coupés |Joyas sin cortar |Nieoszlifowana Biżuteria
suffix_vault_uncut_jewel04|Uncut Jewelry||Joias sem cortes |Неограненные Ювелирные Изделия |未切割珠寶 |未加工ジュエリー|언컷 쥬얼리|Ungeschnittener Schmuck|Bijoux non coupés |Joyas sin cortar |Nieoszlifowana Biżuteria
suffix_vault_uncut_jewel05|Uncut Jewelry||Joias sem cortes |Неограненные Ювелирные Изделия |未切割珠寶 |未加工ジュエリー|언컷 쥬얼리|Ungeschnittener Schmuck|Bijoux non coupés |Joyas sin cortar |Nieoszlifowana Biżuteria
suffix_vault_uncut_jewel06|Uncut Jewelry||Joias sem cortes |Неограненные Ювелирные Изделия |未切割珠寶 |未加工ジュエリー|언컷 쥬얼리|Ungeschnittener Schmuck|Bijoux non coupés |Joyas sin cortar |Nieoszlifowana Biżuteria
suffix_vault_gem01|Gem||Jóia |драгоценный камень |寶石 |ジェム|젬|Juwel|Gemme |Joya |Klejnot
suffix_vault_gem02|Gem||Jóia |драгоценный камень |寶石 |ジェム|젬|Juwel|Gemme |Joya |Klejnot
suffix_vault_gem03|Gem||Jóia |драгоценный камень |寶石 |ジェム|젬|Juwel|Gemme |Joya |Klejnot
suffix_vault_gem04|Gem||Jóia |драгоценный камень |寶石 |ジェム|젬|Juwel|Gemme |Joya |Klejnot
suffix_vault_gem05|Gem||Jóia |драгоценный камень |寶石 |ジェム|젬|Juwel|Gemme |Joya |Klejnot
suffix_vault_gem06|Gem||Jóia |драгоценный камень |寶石 |ジェム|젬|Juwel|Gemme |Joya |Klejnot
suffix_vault_orb01|Orb||Esfera |Сфера |寶球 |オーブ|오브|Kugel|Orbe |Orbe |Orb
suffix_vault_orb02|Orb||Esfera |Сфера |寶球 |オーブ|오브|Kugel|Orbe |Orbe |Orb
suffix_vault_orb03|Orb||Esfera |Сфера |寶球 |オーブ|오브|Kugel|Orbe |Orbe |Orb
suffix_vault_orb04|Orb||Esfera |Сфера |寶球 |オーブ|오브|Kugel|Orbe |Orbe |Orb
suffix_vault_orb05|Orb||Esfera |Сфера |寶球 |オーブ|오브|Kugel|Orbe |Orbe |Orb
suffix_vault_orb06|Orb||Esfera |Сфера |寶球 |オーブ|오브|Kugel|Orbe |Orbe |Orb
suffix_vault_charm01|Charm||Charme |Очарование |護身符 |チャーム|참|Charme|Charme |Encanto |Urok
suffix_vault_charm02|Charm||Charme |Очарование |護身符 |チャーム|참|Charme|Charme |Encanto |Urok
suffix_vault_charm03|Charm||Charme |Очарование |護身符 |チャーム|참|Charme|Charme |Encanto |Urok
suffix_vault_charm04|Charm||Charme |Очарование |護身符 |チャーム|참|Charme|Charme |Encanto |Urok
suffix_vault_charm05|Charm||Charme |Очарование |護身符 |チャーム|참|Charme|Charme |Encanto |Urok
suffix_vault_charm06|Charm||Charme |Очарование |護身符 |チャーム|참|Charme|Charme |Encanto |Urok
suffix_vault_ore01|Mining||Mineração |Горное дело |礦物 |採掘|채광|Bergbau|Exploitation minière |Minería |Górnictwo
suffix_vault_ore02|Mining||Mineração |Горное дело |礦物 |採掘|채광|Bergbau|Exploitation minière |Minería |Górnictwo
suffix_vault_ore03|Mining||Mineração |Горное дело |礦物 |採掘|채광|Bergbau|Exploitation minière |Minería |Górnictwo
suffix_vault_ore04|Mining||Mineração |Горное дело |礦物 |採掘|채광|Bergbau|Exploitation minière |Minería |Górnictwo
suffix_vault_ore05|Mining||Mineração |Горное дело |礦物 |採掘|채광|Bergbau|Exploitation minière |Minería |Górnictwo
suffix_vault_ore06|Mining||Mineração |Горное дело |礦物 |採掘|채광|Bergbau|Exploitation minière |Minería |Górnictwo
suffix_vault_loot01|Treasure Goblin||Duende do Tesouro |Сокровищный Гоблин |寶藏哥布林 |トレジャーゴブリン|트레저 고블린|Schatzkobold|Gobelin au trésor |Duende del tesoro |Treasure Goblin
suffix_vault_loot02|Treasure Goblin||Duende do Tesouro |Сокровищный Гоблин |寶藏哥布林 |トレジャーゴブリン|트레저 고블린|Schatzkobold|Gobelin au trésor |Duende del tesoro |Treasure Goblin
suffix_vault_loot03|Treasure Goblin||Duende do Tesouro |Сокровищный Гоблин |寶藏哥布林 |トレジャーゴブリン|트레저 고블린|Schatzkobold|Gobelin au trésor |Duende del tesoro |Treasure Goblin
suffix_vault_loot04|Treasure Goblin||Duende do Tesouro |Сокровищный Гоблин |寶藏哥布林 |トレジャーゴブリン|트레저 고블린|Schatzkobold|Gobelin au trésor |Duende del tesoro |Treasure Goblin
suffix_vault_loot05|Treasure Goblin||Duende do Tesouro |Сокровищный Гоблин |寶藏哥布林 |トレジャーゴブリン|트레저 고블린|Schatzkobold|Gobelin au trésor |Duende del tesoro |Treasure Goblin
suffix_vault_loot06|Treasure Goblin||Duende do Tesouro |Сокровищный Гоблин |寶藏哥布林 |トレジャーゴブリン|트레저 고블린|Schatzkobold|Gobelin au trésor |Duende del tesoro |Treasure Goblin
suffix_smite|Smite||Castigar|Карающий|T5武器最大傷|スマイト|스마이트|Zerschmettern|Châtiment|Castigo|Uderzenie
suffix_punisher|Punisher||Punisher|Каратель|T4武器最大傷|パニッシャー|퍼니셔|Bestrafer|Punisseur|Castigador|Karzący
suffix_platoon|Platoon||Pelotão|Взвод|T3武器最大傷|小隊|플래툰|Zug|Peloton|Pelotón|Pluton
suffix_crusade|Crusade||Cruzada|Крестовый поход|T2武器最大傷|十字軍|크루세이드|Kreuzzug|Croisade|Cruzada|Krucjata
suffix_legion|Legion||Legião|Легион|●T1武器最大傷● |軍団|레기온|Legion|Légion|Legión|Legion
suffix_arch_angel|Arch Angel||Arcanjo|Архангел|●職業全技能●|アークエンジェル|대천사|Erzengel|Archange|Arcángel|Archanioł
suffix_life|Life||Vida|Жизнь||ライフ|생명|Leben|Vie|Vida|Życie
suffix_vital|Vital||Vital|Жизненная сила||バイタル|필수|Vital|Vital|Vital|Witalny
suffix_replenish|Replenish||Repor|Восполнение||リプレニッシュ|보충|Auffüllen|Régénérer|Reponer|Odnawianie
suffix_health|Health||Saúde|Здоровье||ヘルス|체력|Gesundheit|Santé|Salud|Zdrowie
suffix_flow|Flow||Fluxo|Поток||フロー|흐름|Fluss|Flux|Flujo|Przepływ
suffix_mana|Mana||Mana|Мана||マナ|마나|Mana|Mana|Maná|Mana
suffix_essence|Essence||Essência|Эссенция||エッセンス|정수|Essenz|Essence|Esencia|Esencja
suffix_fountain|Fountain||Fonte|Фонтан||ファウンテン|샘|Brunnen|Fontaine|Fuente|Fontanna
suffix_siphon|Siphon||Sifão|Высасывание||サイフォン|흡수|Absaugen|Siphon|Absorber|Ssanie
suffix_ether|Ether||Éter|Эфир||エーテル|에테르|Äther|Éther|Éter|Eter
suffix_time|Time||Tempo|Время|T5回復量|タイム|시간|Zeit|Temps|Tiempo|Czas
suffix_timeflow|Timeflow||Fluxo Temporal|Поток времени|T4回復量|タイムフロー|시간의 흐름|Zeitfluss|Flux temporel|Flujo temporal|Przepływ Czasu
suffix_lasting|Lasting||Duradouro|Долговечность|T3回復量|ラスティング|지속적인|Anhaltend|Durable|Duradero|Trwały
suffix_eternal|Eternal||Eterno|Вечный|T2回復量|エターナル|영원한|Ewig|Éternel|Eterno|Wieczny
suffix_ancient|Ancient||Ancestral|Древний|●T1回復量●|エンシェント|고대의|Uralt|Ancien|Antiguo|Pradawny
suffix_consumption|Consumption||Consumo|Поглощение|T5異常傷害|コンサンプション|소모|Verzehr|Consommation|Consumo|Pochłanianie
suffix_corrosion|Corrosion||Corrosão|Коррозия|T4異常傷害|コロージョン|부식|Korrosion|Corrosion|Corrosión|Korozja
suffix_radiation|Radiation||Radiação|Радиация|T3異常傷害|ラジエーション|방사능|Strahlung|Radiation|Radiación|Promieniowanie
suffix_festering|Festering||Purificante|Гниение|T2異常傷害|フェストリング|썩어가는|Eiternd|Supprisant|Pudrición|Gnijący
suffix_soulfeast|Soulfeast||Banquete da Alma|Пир Души|●T1異常傷害●|ソウルフィースト|영혼의 향연|Seelenfresser|Festin d'âme|Algas marinas|Uczta Dusz
suffix_ripping|Ripping||Dilacerante|Разрывание|T5對異常增傷|リッピング|찢어지는|Zerreißend|Déchirant|Desgarrador|Rozrywający
suffix_amplification|Amplification||Amplificação|Усиление|T4對異常增傷|アンプリフィケーション|증폭|Verstärkung|Amplification|Amplificación|Wzmacnianie
suffix_affliction|Affliction||Aflição|Страдания|T3對異常增傷|アフリクション|고통|Plagen|Affliction|Aflicción|Udręka
suffix_destruction|Destruction||Destruição|Разрушение|T2對異常增傷|デストラクション|파괴|Zerstörung|Destruction|Destrucción|Zniszczenie
suffix_harbringer|Harbringer||Arauto |Предвестник |●T1對異常增傷● |ハービンジャー |선구자 |Vorbote|Héraut |Precursor |Herold
|||||||||||
set_item|Set item||Conjunto de itens |Набор предметов |套裝物品 |アイテムセット |아이템 세트 |Gegenstandssatz|Ensemble d'objets |Conjunto de elementos |Zestaw przedmiotów 
