[npc]|en|fi|pt|ru|zh|ja|ko|de|fr|sp|pl
|||||||||||
wooden_sign|Wooden Sign||Placa de Madeira| Деревянный Знак|木製告示牌 |木製の看板|나무 표지판|Holzschild|Panneau en bois |Cartel de Madera|Drewniany Znak
|||||||||||
tutorial_0001|You can open the Stat & Skill screen by pressing ”[input_talents]” to assign Attribute and Skill Points. You also have 12 additional skill binds on top of the left and right skill. [tutorial_bind_skill] You can also change these binds from the options! Good luck hero!||"Você pode abrir a tela de Atributos & Habilidades pressionando ""T"" para atribuir pontos de atributo e habilidade. Você também tem 12 habilidades adicionais vinculadas além do clique esquerdo e direito. Para vincular uma habilidade, clique no espaço de habilidade do botão direito, passe o mouse sobre a habilidade que deseja vincular e pressione Q/E/R/Y/H/U para vincular a habilidade ao botão escolhido. Você também pode alterar essas vinculações nas opções! Boa sorte, herói!"| Вы можете открыть экран Статы и умения, нажав ”[input_talents]”, чтобы назначить очки атрибутов и навыков. У вас также есть 12 дополнительных привязок навыков поверх левого и правого щелчка. [tutorial_bind_skill] Вы также можете изменить эти привязки из опций! Удачи, герой!|您可以透過按下”[input_talents]”來指定屬性和技能點,從而開啟「屬性和技能」頁面. 在左鍵和右鍵點擊的上方,你還有12個額外的技能綁定欄. [tutorial_bind_skill] 您也可以從選項中變更這些綁定！祝你好運，英雄！|”[input_talents]”を押すとステータス＆スキル画面が開き、能力値ポイントとスキルポイントを割り振ることができます。また、左クリック・右クリックのほかに12個の追加スキルバインドが使えます。[tutorial_bind_skill]これらのバインドはオプションから変更可能です！ヒーローの活躍を祈ります！|스탯 및 스킬 화면은 ”[input_talents]” 키를 눌러 열 수 있으며, 여기서 능력치와 스킬 포인트를 배분할 수 있습니다. 좌클릭과 우클릭 외에도 총 12개의 추가 스킬 슬롯이 있습니다. [tutorial_bind_skill] 옵션에서 이 키 설정도 자유롭게 변경할 수 있어요! 행운을 빕니다, 영웅이여!|Du kannst den Status- und Fertigkeitsbildschirm öffnen, indem du „[input_talents]“ drückst, um Attribut- und Fertigkeitspunkte zuzuweisen. Zusätzlich zu den Fertigkeiten links und rechts stehen dir 12 weitere Fertigkeitsbelegungen zur Verfügung. [tutorial_bind_skill] Diese Belegungen kannst du in den Optionen ändern! Viel Glück, Held!|Vous pouvez ouvrir l'écran Statistiques et Compétences en appuyant sur « [input_talents] » pour attribuer des points d'attributs et de compétences. Vous disposez également de 12 raccourcis de compétences supplémentaires en plus des raccourcis gauche et droit. [tutorial_bind_skill] Vous pouvez aussi modifier ces raccourcis dans les options ! Bonne chance, héros !|"Puedes abrir la pantalla de Estadísticas y Habilidades presionando ""[input_talents]"" para asignar Puntos de Atributo y de Habilidad. También dispones de 12 atajos de habilidad adicionales, además de los clics izquierdo y derecho. [tutorial_bind_skill] ¡También puedes cambiar estos atajos desde las opciones! ¡Buena suerte, héroe!"|Możesz otworzyć ekran Statystyk i Umiejętności naciskając „[input_talents]”, aby przypisać punkty atrybutów i umiejętności. Masz również 12 dodatkowych skrótów umiejętności oprócz lewej i prawej umiejętności. [tutorial_bind_skill] Możesz również zmienić te skróty w opcjach! Powodzenia, bohaterze!
tutorial_0001_end|You will gain 4 Attribute Points and 1 Skill Point every time you level up to level 100!||Você ganhará 4 pontos de atributo e 1 ponto de habilidade toda vez que subir de nível até o nível 100!| Вы будете получать 4 очка характеристик и 1 очко навыков каждый раз, когда достигнете 100-го уровня!|每次升級您將獲得4個屬性點和1個技能點，直到100級！|レベルが上がると、100レベルまで毎に能力値ポイント4点とスキルポイント1点を獲得します！|레벨 100까지 레벨업할 때마다 능력치 포인트 4점과 스킬 포인트 1점을 얻습니다!|Du erhältst jedes Mal 4 Attributpunkte und 1 Fertigkeitspunkt, wenn du Stufe 100 erreichst!|Vous gagnerez 4 points d'attributs et 1 point de compétence à chaque passage au niveau 100 !|¡Ganarás 4 Puntos de Atributo y 1 Punto de Habilidad cada vez que subas de nivel, hasta el nivel 100!|Przy każdym zdobyciu poziomu do 100 otrzymasz 4 punkty atrybutów i 1 punkt umiejętności!
tutorial_0002|I will drop you a key that you can pick up and check in your key ring inside your inventory. Then you can head north and open the golden chest by the well!||Deixarei cair uma chave que você pode pegar e colocar no chaveiro dentro do inventário. Depois, você pode ir para o norte e abrir o baú dourado perto do poço!| Я дам вам ключ, который вы можете забрать и положить в связку ключей в вашем инвентаре. Затем вы можете отправиться на север и открыть золотой сундук у колодца!|我會給你一把鑰匙, 你可以拿起它, 在你的背包中檢查你的鑰匙圈欄位. 然後你可以往北走, 打開井邊的金箱子！|インベントリ内の鍵束で確認できるキーをドロップします。拾ったら北に向かい、井戸のそばにある黄金の宝箱を開けましょう！|열쇠를 하나 떨어뜨릴게요. 인벤토리 안의 열쇠 고리 탭에서 확인하고, 북쪽으로 가서 우물 옆의 황금 상자를 여세요!|Ich gebe dir einen Schlüssel, den du aufheben und in deinem Inventar an deinem Schlüsselbund überprüfen kannst. Gehe dann nach Norden und öffne die goldene Truhe am Brunnen!|Je vous laisserai une clé que vous pourrez ramasser et ranger dans votre trousseau de clés, dans votre inventaire. Ensuite, dirigez-vous vers le nord et ouvrez le coffre doré près du puits !|¡Dejaré caer una llave que podrás recoger y consultar en tu llavero, dentro del inventario. Luego, dirígete al norte y abre el cofre dorado que está junto al pozo!|Rzucę ci klucz, który możesz podnieść i sprawdzić w swoim pęku kluczy w ekwipunku. Następnie skieruj się na północ i otwórz złotą skrzynię przy studni!
tutorial_0002_end|You will get various keys along your way, each having a unique purpose! Good luck!||Você receberá várias chaves ao longo do caminho, cada uma com uma finalidade exclusiva! Boa sorte!| По пути вы получите различные ключи.|一路上你會得到各種各樣的鑰匙, 每把都有獨特的用途! 祝你好運!|道中でさまざまな鍵を手に入れます。それぞれ用途が違うのでうまく使ってください！幸運を祈ります！|앞으로 다양한 열쇠를 얻게 될 텐데, 각각 특별한 용도가 있으니 잘 활용하세요! 행운을 빕니다!|Unterwegs findest du verschiedene Schlüssel, jeder mit einer einzigartigen Funktion! Viel Glück!|Vous trouverez diverses clés en chemin, chacune ayant une utilité unique ! Bonne chance !|¡Conseguirás varias llaves a lo largo de tu camino, cada una con un propósito único! ¡Buena suerte!|W trakcie swojej drogi zdobędziesz różne klucze, każdy z nich ma unikalne przeznaczenie! Powodzenia!
tutorial_0003|Let’s enable autofilling potions into your belt!||Vamos habilitar o preenchimento automático de poções em seu cinto!| Давайте включим функцию автоматического наполнения пояса зельями!|讓我們啟用自動填充藥劑到您的腰帶！|ベルトへのポーション自動装填機能を有効にしましょう！|벨트에 물약을 자동으로 채워주는 기능을 활성화해봅시다!|Aktivieren wir das automatische Auffüllen von Tränken in deinem Gürtel!|Activons le remplissage automatique des potions dans votre ceinture !|¡Activemos el autorrellenado de pociones en tu cinturón!|Włączmy automatyczne uzupełnianie mikstur w twoim pasie!
tutorial_0003_end|You can now enable or disable this feature as you wish! Good luck!||Agora você pode ativar ou desativar esse recurso como quiser! Boa sorte!| Теперь вы можете включить или отключить эту функцию по своему желанию! Удачи!|現在您可以隨心所欲地啟用或停用此功能! 祝你好運!|この機能はいつでも有効・無効を切り替えられます！幸運を！|이 기능은 원할 때 자유롭게 켜고 끌 수 있어요! 행운을 빕니다!|Du kannst diese Funktion jetzt nach Belieben aktivieren oder deaktivieren! Viel Glück!|Vous pouvez maintenant activer ou désactiver cette fonctionnalité à votre guise ! Bonne chance !|¡Ahora puedes activar o desactivar esta función a tu antojo! ¡Buena suerte!|Teraz możesz włączać lub wyłączać tę funkcję według uznania! Powodzenia!
tutorial_0004|Jump by pressing ”[input_jump]”, your character will land on the location of your cursor.||"Pule pressionando ""Espaço"" e seu personagem aterrissará no local do cursor."| Прыжок по нажатию ”[input_jump]”|按下「空格」跳躍, 你的角色將落在你遊標的位置上|”[input_jump]”を押してジャンプ、カーソルの位置に着地します。|[input_jump] 키를 누르면 점프하며, 커서가 위치한 지점에 착지합니다.|Springe, indem du „[input_jump]“ drückst. Dein Charakter landet an der Position deines Cursors.|Sautez en appuyant sur « [input_jump] », votre personnage atterrira à l'emplacement de votre curseur.|"Salta presionando ""[input_jump]"", tu personaje aterrizará en la ubicación de tu cursor."|Skacz naciskając „[input_jump]”, twoja postać wyląduje w miejscu wskazywanym przez kursor.
tutorial_0004_end|Well done!||Muito bem!| Отличная работа!|做得好！|よくできました！|훌륭해요!|Gut gemacht!|Bravo !|¡Bien hecho!|Dobra robota!
tutorial_0005|Scorchwood is a menace to our town. The corrupted ent is located north east from here, go make some firewood out of that beast!||Madeira Chamuscada é uma ameaça à nossa cidade. O Ent corrompido está localizado a nordeste daqui, vá fazer lenha daquela fera!| Скорчвуд — угроза нашему городу. Оскверненный энт находится на северо-востоке отсюда.|焦木對我們的城鎮是一種威脅. 腐敗的巨人位於這裡的東北方, 去用那隻野獸做些柴火吧！|スコーチウッドはこの町の脅威です。東北にいる堕落したエントを倒して薪にしましょう！|스코치우드는 우리 마을의 골칫덩어리예요. 그 타락한 엔트는 여기서 북동쪽에 있어요. 가서 장작으로 만들어 주세요!|Scorchwood ist eine Bedrohung für unsere Stadt. Der verdorbene Ent befindet sich nordöstlich von hier. Mach dir Brennholz aus dem Biest!|Scorchwood est une menace pour notre ville. L'ent corrompu se trouve au nord-est d'ici, allez en faire du bois de chauffage !|Scorchwood es una amenaza para nuestro pueblo. ¡El ent corrupto se encuentra al noreste de aquí, ve y convierte a esa bestia en leña!|Scorchwood jest zagrożeniem dla naszego miasta. Skażony ent znajduje się na północny wschód stąd, idź i zrób z tej bestii trochę drewna na opał!
tutorial_0005_end|Finally! Thank you stranger!||Finalmente! Obrigado, estranho!| Наконец-то! Спасибо, незнакомец!|終於！  謝謝你陌生人！ |ついに！ありがとう、見知らぬ人！|마침내! 감사합니다, 이방인이여!|Endlich! Danke, Fremder!|Enfin ! Merci, étranger ! |¡Por fin! ¡Gracias, forastero!|W końcu! Dziękuję, nieznajomy!
|||||||||||
tutorial_0001_keyboard|In order to bind a skill, click on the right button skill slot, hover a skill you want to bind and press the skill button bind it.||| Чтобы привязать навык|若要綁定技能, 請點擊右側技能欄, 將滑鼠停留在要綁定的技能上, 然後按技能按鈕進行綁定。|スキルをバインドするには、右クリックスキルスロットを押してバインドしたいスキルにカーソルを合わせ、スキルボタンを押してください。|스킬을 바인딩하려면, 스킬 슬롯을 클릭한 후 바인딩하고 싶은 스킬에 커서를 올리고 원하는 스킬 키를 누르세요.|Um eine Fertigkeit zuzuweisen, klicken Sie auf den Fertigkeitenplatz rechts, bewegen Sie den Mauszeiger über die gewünschte Fertigkeit und drücken Sie die entsprechende Schaltfläche.|Pour assigner une compétence, cliquez sur l'emplacement de compétence (bouton droit), survolez la compétence souhaitée et appuyez sur le bouton « Associer ».|Para vincular una habilidad, haz clic en la ranura de habilidad del botón derecho, pasa el cursor sobre la que desees vincular y presiona la tecla de habilidad para asignarla.|Aby przypisać umiejętność, kliknij prawy slot umiejętności, najedź na umiejętność, którą chcesz przypisać i naciśnij przycisk przypisania umiejętności.
tutorial_0001_gamepad|In order to bind a skill, press [input_skill_bind], select a skill slot you want to bind and press the skill button bind it.||| Чтобы привязать навык|要綁定技能, 請打開天賦和技能頁面, 選擇分配技能綁定, 選擇要綁定的技能槽, 然後按技能按鈕綁定它.|スキルをバインドするには、ステータス＆スキル画面を開き、「スキルバインドの割り当て」を選び、バインドしたいスキルスロットを選択してスキルボタンを押します。|스킬을 바인딩하려면, 능력치 및 스킬 화면을 열고 ‘스킬 바인드 지정’을 선택한 후, 바인딩할 스킬 슬롯을 고르고 원하는 스킬 버튼을 누르세요. |Alternativ können Sie auch [input_skill_bind] drücken, den gewünschten Fertigkeitenplatz auswählen und die entsprechende Schaltfläche drücken.|Pour assigner une compétence, appuyez sur [input_skill_bind], sélectionnez l'emplacement de compétence souhaité et appuyez sur le bouton « Associer ». |Para asignar una habilidad, presiona [input_skill_bind], selecciona la ranura de habilidad que deseas asignar y presiona el botón de habilidad para asignarla. |Aby przypisać umiejętność, naciśnij [input_skill_bind], wybierz slot umiejętności, który chcesz przypisać i naciśnij przycisk przypisania umiejętności.
|||||||||||
|||||||||||
heimdall0|Welcome to Bifröst! Choose your destination wisely..||Bem vindo ao Bifröst! Escolha o seu destino com sabedoria..| Добро пожаловать в Бифрост! Выбирайте пункт назначения с умом.|歡迎來到Bifröst! 明智地選擇你的目的地……|ビフレストへようこそ！目的地は慎重に選んでください..|비프로스트에 오신 것을 환영합니다! 목적지를 신중히 선택하십시오…|Willkommen in Bifröst! Wähle dein Ziel weise.|Bienvenue à Bifröst ! Choisissez judicieusement votre destination…|¡Bienvenido al Bifröst! Elige tu destino con sabiduría...|Witaj w Bifröst! Wybierz swój cel mądrze..
heimdall1|May the allfather be by your side!||Que o Pai Todo-Poderoso esteja ao seu lado!|Да будет Всеотец рядом с тобой!|願眾神之父都在你身邊！|すべての父なる神があなたと共にあらんことを！|모든 아버지께서 당신과 함께하시기를!|Möge der Allvater dir beistehen!|Que le Père de Tout soit avec vous !|¡Que el Padre de Todos te acompañe!|Niech Allfather będzie po twojej stronie!
heimdall2|Heimdall sees all.||Heimdall vê tudo | Хеймдалль видит все.|Heimdall看到了一切。|ハイムダルはすべてを見通しています。|헤임달은 모든 것을 보십니다.|Heimdall sieht alles.|Heimdall voit tout.|Heimdall lo ve todo.|Heimdall widzi wszystko.
heimdall3|I am Heimdall. A noble servant of the allfather and the guardian of Bifröst.||Eu sou Heimdall. Um nobre servo do Pai Todo-Poderoso e o guardião de Bifröst | Я Хеймдалль. Благородный слуга Всеотца и хранитель Бифрёста.|我是Heimdall. 眾神之父的高貴僕人以及Bifröst的守護者。  |私はハイムダル、全父神の忠実な使者でありビフレストの守護者です。|나는 헤임달. 모든 아버지의 고귀한 심복이자 비프로스트의 수호자입니다.|Ich bin Heimdall. Ein edler Diener des Allvaters und der Hüter von Bifröst.|Je suis Heimdall, un noble serviteur du Père de Tout et le gardien de Bifröst.|Soy Heimdall. Un noble sirviente del Padre de Todos y el guardián del Bifröst.|Jestem Heimdall. Szlachetny sługa Allfathera i strażnik Bifröst.
heimdall4|From dusk till dawn may the divine light shine on you.||Do anoitecer ao amanhecer, que a luz divina brilhe sobre você | От заката до рассвета пусть вас освещает божественный свет.|從黃昏到黎明，願神聖的光芒照耀著你。  |黄昏から夜明けまで、神聖な光があなたを照らしますように。|황혼에서 새벽까지 신성한 빛이 당신을 비추기를.|Von der Abenddämmerung bis zum Morgengrauen möge das göttliche Licht auf dich scheinen.|Du crépuscule à l'aube, que la lumière divine brille sur vous.|Del ocaso al alba, que la luz divina brille sobre ti.|Od zmierzchu do świtu niech boskie światło świeci na ciebie.
heimdall5|Let the allfather guide you towards your destiny.||Deixe que o Pai Todo-Poderoso o guie em direção ao seu destino | Позвольте Всеотцу вести вас к вашей судьбе.|讓眾神之父指引你走向自己的命運. |すべての父神の導きがあなたの運命へと向かわせますように。|모든 아버지의 인도가 당신을 운명으로 이끌기를.|Lass dich vom Allvater zu deinem Schicksal führen.|Que le Père de Tout vous guide vers votre destin. |Deja que el Padre de Todos te guíe hacia tu destino.|Niech Allfather poprowadzi cię ku twemu przeznaczeniu.
|||||||||||
chaos_pillar_npc|Chaos Pillar||Pilar do Caos| Теневой торговец|混沌之柱|カオスの柱|카오스 기둥|Chaossäule|Pilier du Chaos|Pilar del Caos|Chaos Pillar
chaos_pillar_text_common|Activate the pillar?||Ativar o pilar? |Активировать столб?|啟動柱子？|柱を起動しますか？|기둥을 활성화하시겠습니까?|Säule aktivieren?|Activer le pilier ?|¿Activar el pilar?|Aktywować filar?
chaos_pillar_text|Activate the pillar using a [c_red]Chaos Key?[c_reset]|||Активировать столб с помощью [c_red]Ключа Хаоса?[c_reset]|使用[c_red]混沌鑰匙[c_reset]啟動柱子？|[c_red]カオスキー[c_reset]を使って柱を起動しますか？|[c_red]카오스 열쇠[c_reset]로 기둥을 활성화하시겠습니까?|Aktiviere die Säule mit einem [c_red]Chaosschlüssel[c_reset]|Activer le pilier avec une [c_red]Clé du Chaos[c_reset]|¿Activar el pilar con una [c_red]Llave del Caos[c_reset]?|Aktywować filar za pomocą [c_red]Klucza Chaosu?[c_reset]
black_market_npc_title|Shady Merchant|Hämärä kaupparatsu|Comerciante Duvidoso|Теневой торговец |黑市商人|日陰の商人|수상한 상인|Dubioser Händler|Marchand louche|Mercader Sombrío|Podejrzany Kupiec
traveling_merchant|Traveling Merchant||Comerciante Ambulante| Странствующий торговец|旅行商人|旅の商人|떠돌이 상인|Reisender Händler|Marchand ambulant|Mercader Ambulante|Wędrowny Kupiec
broker_npc_title|Broker|Meklari|Corretor| Маклер|經紀人 |ブローカ|브로커|Makler|Courtier |Corredor|Pośrednik
landlord_npc_title_1|Mayor of Inoya|Inoyan Pormestari|Prefeito de Inoya| Мэр Иноя|伊諾亞鎮市長|タウン市長|이노야 시장|Stadt Bürgermeister|Maire d'Inoya|Alcalde de Inoya|Burmistrz Inoya
landlord_npc_title_2|Clan Leader|Klaanin Johtaja|Líder do Clã| Лидер клана|氏族首領|クランリーダー|클랜 리더|Clan-Führer|Chef de clan|Líder de Clan|Przywódca Klanu
landlord_npc_title_3|Village Elder|Kylänvanhin|Ancião da Aldeia| Старейшина деревни|村長|村の長老|마을 장로|Dorfälteste|Aîné du village|Anciano de la Aldea|Starszy Wioski
landlord_npc_title_4|Dwarven Council|Kääpiöiden Valtuutettu|Conselho dos Anões| Совет Гномов|矮人議會|ドワーフの協議会|드워프 평의회|Zwergen-Rat|Conseil des nains|Consejo Enano|Rada Krasnoludów
landlord_npc_title_5|Warlord|Sotapäällikkö|Chefe de Guerra| Военачальник|督軍|将軍|워로드|Kriegsherren|Seigneur de guerre|Señor de la Guerra|Władca Wojny
landlord_npc_title_6|Arch Bishop|Arkkipiispa|Arcebispo| Архиепископ|大主教|アークビショップ|아크 비숍|Erzbischof|Archevêque|Arzobispo|Arcybiskup
yogvan_npc_title|Dwarven Miner|Kääpiöiden Kaivosmies|Anão Mineiro| Гном-шахтер|矮人礦工|ドワーフの鉱山労働者|드워프 광부|Zwergenbergmann|Mineur nain|Minero Enano|Krasnoludzki Górnik
edward_npc_title|Hunter|Metsästäjä|Caçador| Охотник|獵人|猟師|헌터|Jäger|Chasseur|Cazador|Łowca
kirill_npc_title|Princess|Prinsessa|Princesa| Принцесса|公主|王女|공주님|Prinzessin|Princesse|Princesa|Księżniczka
mario_npc_title|Construction Worker|Rakennustyöläinen|Operário| Строительный рабочий|建築工人|建設作業員|건설 노동자|Bauarbeiter|Ouvrier du bâtiment|Constructor|Robotnik Budowlany
bard_npc_name|Bard|Bardi|Bardo| Бард|詩人|詩人|바드|Barde|Barde|Bardo|Bard
christmas_letter_npc_name|Christmas Letter|Joulukirje|Carta de Natal| Рождественское письмо|聖誕信|クリスマスの手紙|크리스마스 편지|Weihnachtsbrief|Lettre de Noël|Carta de Navidad|List Bożonarodzeniowy
snowman_npc_name|Snowman|Lumiukko|Boneco de Neve| Снеговик|雪人|雪だるま|스노우맨|Schneemann|Bonhomme de neige|Muñeco de Nieve|Bałwan
snowman_headless_npc_name|Headless Snowman|Päätön Lumiukko|Boneco sem Cabeça| Снеговик без головы|無頭雪人|ヘッドレス雪だるま|헤드리스 스노우맨|Kopflos Schneemann|Bonhomme de neige sans tête|Muñeco de Nieve sin Cabeza|Bezgłowy Bałwan
pumpkin_npc_name|Pumpkin|Kurpitsa|Abóbora| Тыква|南瓜|かぼちゃ|호박|Kürbis|Citrouille|Calabaza|Dynia
skeleton_npc_name|Skeleton|Luuranko|Esqueleto| Скелет|骷髏|スケルトン|스켈렉톤|Skelett|Squelette|Esqueleto|Szkielet
witch_npc_name|Witch|Noita|Bruxa| Ведьма|巫婆|魔女|위치|Hexe|Sorcière|Bruja|Wiedźma
jack_the_ripper_npc_name|Jack the Ripper|Viiltäjä-Jack|Jack o Estripador| Джек Потрошитель|開膛手傑克|切り裂きジャック|잭 더 리퍼|Jack the Ripper|Jack l'éventreur|Jack el Destripador|Jack the Ripper
corrupted_odin|Corrupted Odin|Korruptoitunut Odin|Odin Corrompido| Оскверненный Один|腐化奧丁|壊れたオーディン|타락한 오딘|Verdorbener Odin|Odin corrompu|Odín Corrupto|Skażony Odin
bounty_board|Bounty Board|Ilmoitustaulu|Quadro de Recompensas| Доска поощрений|賞金告示牌|懸賞掲示板|현상수배 게시판|Kopfgeldtafel|Tableau des primes|Tablón de Recompensas|Tablica Poszukiwań
bounty_board_hunt|Daily Hunt|Päivän jahti|Caçada Diária| Ежедневная охота|每日狩獵|デイリーハント|데일리 헌트|Tägliche Jagd|Chasse quotidienne|Cacería Diaria|Codzienne Polowanie
bounty_board_quest|View Daily Quest|Päivän tehtävä|Quest Diária| Посмотреть ежедневный квест|每日任務|デイリークエストを見る|일일 퀘스트 보기|Tägliche Quest ansehen|Quête quotidienne|Ver Misión Diaria|Zobacz codzienne zadanie
kleiton_npc_title|Jewelcrafter||Joalheiro| Ювелир|珠寶匠|宝石職人|쥬얼크래프터|Juwelier|Joaillier|Orfebre|Jubiler
prospector_npc|Prospectron RX9000||Prospectron RX9000| Проспектрон RX9000|碾碎機 RX9000 |プロスペクトロンRX9000|광석감지기 RX9000|Prospektor RX9000|Prospectron RX9000|Prospectron RX9000|Prospectron RX9000
thank_you|Thank you.|Kiitos.|Obrigado.| Спасибо.|謝謝你。|ありがとうございます。|감사합니다.|Danke schön.|Je vous remercie.|Gracias.|Dziękuję.
here_to_help|I'm here to help.|Olen täällä auttamassa.|Estou aqui para ajudar.| Я здесь, чтобы помочь.|我是來幫忙的。|私がお手伝いします。|제가 도와 드리겠습니다.|Ich bin hier um zu helfen.|Je suis là pour vous aider.|Estoy aquí para ayudar.|Jestem tu, aby pomóc.
goodbye|Goodbye!|Näkemiin!|Adeus!| До свидания!|再見！|さようなら！|잘 있어!|Auf Wiedersehen!|Au revoir !|¡Adiós!|Do widzenia!
yes_please|Yes please!|Kyllä kiitos!|Sim, por favor!| Да, пожалуйста!|好的！|はい、お願いします！|응, 부탁해!|Ja bitte!|Oui, s'il vous plaît !|¡Sí, por favor!|Tak, proszę!
no_thanks|No thanks.|Ei kiitos.|Não, obrigado.| Нет, спасибо.|不，謝了。|いいえ、結構です。|괜찮아.|Nein, danke.|Non, merci.|No, gracias.|Nie, dziękuję.
dialog_next|Next|Seuraava|Próximo| Следующий|下一個|次|다음|Nächster|Suivant|Siguiente|Dalej
reset_relics|Reset all relics.|Poista kaikki aarteet.|Resetar todas as relíquias.| Сбросить все реликвии.|重置所有遺物。|すべての遺物をリセットします。|모든 유물 초기화.|Alle Relikte zurücksetzen.|Réinitialiser toutes les reliques.|Restablecer todas las reliquias.|Zresetuj wszystkie relikty.
buy|Buy|Osta|Comprar| Купить|購買|購入する|구매|Kaufen|Acheter|Comprar|Kup
buy_items|Buy Items|Osta esineitä.|Comprar Itens| Купить товары|購買商品|アイテムを購入|아이템 구매|Items kaufen|Acheter des objets|Comprar Objetos|Kup przedmioty
sell_items|Buy/Sell|Osta/Myy|Comprar/Vender| Купить/Продать|賣掉物品。|アイテムを売ります。|아이템 팔기.|Artikel verkaufen.|Voir la boutique|Comprar/Vender|Kup/Sprzedaj
identify_all|Identify all items||Identifique todos os itens |Определите все предметы |鑑定所有物品 |すべてのアイテムを特定する |모든 항목 식별 |Identifizieren Sie alle Artikel|Identifiez tous les éléments |Identificar todos los elementos |Zidentyfikuj wszystkie przedmioty
reset_wormhole_level|Reset wormhole level.|Palauta madonreiän taso.|Resetar o nível do buraco de minhoca| Сбросьте уровень червоточины.|重置蟲洞等級。|ワームホールレベルをリセットします。|웜홀 레벨 초기화.|Wurmloch-Level zurücksetzen.|Réinitialiser le niveau du vortex.|Restablecer nivel del agujero de gusano.|Zresetuj poziom wormhole.
mariel_cult_dungeon|It’s Kaelith! He has done the unthinkable! We need to hurry and stop him!||É Kaelith! Ele fez o impensável! Precisamos nos apressar e detê-lo!|Это Келит! Он совершил немыслимое! Нам нужно спешить и остановить его!|是凱利斯！他做出了令人難以置信的事！我們得趕快阻止他！|カエリスだ！奴はとんでもない事態を引き起こしてしまった！急いで奴を止めなければ！|카엘리스다! 그가 차마 해서는 안 될 짓을 저지르고 말았어! 서둘러 그를 막아야 해!|Es ist Kaelith! Er hat das Undenkbare getan! Wir müssen uns beeilen und ihn aufhalten!|C'est Kaelith ! Il a fait l'impensable ! Nous devons nous dépêcher et l'arrêter !|¡Es Kaelith! ¡Ha hecho lo impensable! ¡Tenemos que darnos prisa y detenerlo!|To Kaelith! Zrobił coś niewyobrażalnego! Musimy się pospieszyć i go powstrzymać!
|||||||||||
kukkonen|My name is landlord Kukkonen. I am the mayor of Inoya. Hope you have a pleasant stay, noble hero!|Minä olen maanomistaja Kukkonen, Inoyan pormestari. Toivottavasti viihdyt kylässämme!|Meu nome é senhorio Kukkonen. Sou o prefeito de Inoya. Espero que você tenha uma estadia agradável, nobre herói!|Меня зовут домовладелец Кукконен. Я мэр Иноя. Надеюсь, вам понравится пребывание|我是landlord Kukkonen. 我是這個伊諾亞小鎮的鎮長. 希望你能喜歡這裡,尊敬的英雄. |私はこの土地の領主クッコネンと申します。 この町の市長でもあります。 気持ちの良い滞在時間を過ごすよう、 心から願います！ 気高いヒーローよ！|나는 쿡코넨이라고 한다. 이 마을의 이장이지. 편안하게 지내시게!|Ich bin der Grundherr Kukkonen und Bürgermeister dieser Stadt. Hoffentlich haben Sie einen angenehmen Aufenthalt edler Held!|Je m'appelle [c_lime]Monsieur Kukkonen[c_reset]. Je suis le maire de la [c_aqua]Ville d'Inoya[c_reset]. J'espère que vous passerez un bon séjour, noble héros !|Me llamo terrateniente Kukkonen. Soy el alcalde de Inoya. ¡Espero que disfrutes de tu estancia, noble héroe!|Nazywam się Kukkonen, jestem burmistrzem Inoya. Mam nadzieję, że miło spędzisz czas, szlachetny bohaterze!
asgar|I am Asgar, the commander of Danethorpe. We are here to watch your back, hero!|Minä olen Asgar, Danethorpen komentaja. Pidämme sinusta hyvää huolta sankari!|Eu sou Asgar, o comandante de Danethorpe. Estamos aqui para protegê-lo, herói!| Я Асгар.|我是鄧恩斯洛普的指揮官asgar. 我們是你的堅強後盾,英雄！ |我が名はアスガル、デーンソープの指揮官。 英雄よ、 あなたの背中を護るためにここに来た！|나는 데인소프의 사령관인 아스가르다. 후방에서 그대를 지원하겠다!|Ich bin Asgar, der Befehlshaber von Danethorpe. Wir sind hier, um dir den Rücken freizuhalten, Held!|Je suis [c_lime]Asgar[c_reset], le commandant de [c_aqua]Danethorpe[c_reset]. Nous sommes là pour veiller sur vous, héros !|Soy Asgar, el comandante de Danethorpe. ¡Estamos aquí para cubrirte las espaldas, héroe!|Jestem Asgar, dowódca Danethorpe. Jesteśmy tu, aby chronić twoje plecy, bohaterze!
afsin|Welcome! I am Afsin, the eldest warrior of Mos'Arathim. We are in need of your strength!|Tervehdys! Minä olen Afsin, Mos'Arathimin vanhin soturi. Tarvitsemme kipeästi voimiasi!|Saudações! Eu sou Afsin, o guerreiro mais velho de Mos’Arathim. Estamos precisando de sua força!| Добро пожаловать! Я Афсин.|歡迎！ 我是Afsin,莫斯阿拉辛村最年長的戰士. 我們需要你的力量！|やあ！ 私はアフシン、 モスアラシム最年長の戦士。 あなたの力が必要だ！|안녕하십니까! 저는 모스’아라팀의 가장 오래된 전사인 아프신입니다. 당신의 힘이 필요합니다!|Grüße! Ich bin Afsin, der älteste Krieger von Mos‘Arathim. Wir benötigen deine Stärke!|Bienvenue à tous ! Je suis [c_lime]Afsin[c_reset], l'aîné des guerriers du [c_aqua]Village de Mos'Arathim[c_reset]. Nous avons besoin de votre force !|¡Te doy la bienvenida! Soy Afsin, el guerrero más anciano de Mos'Arathim. ¡Necesitamos tu fuerza!|Witaj! Jestem Afsin, najstarszy wojownik Mos'Arathim. Potrzebujemy twojej siły!
kodatin|Greetings stranger! Welcome to Dhorn Farum! You may call me Kodatin.|Tervehdys muukalainen! Tervetuloa Dhorn Farumiin! Voit kutsua minua Kodatiniksi.|Saudações estranho! Bem-vindo a Dhorn Farum! Você pode me chamar de Kodatin.| Приветствую тебя, незнакомец! Добро пожаловать в Дорн Фарум! Можешь называть меня Кодатин.|你好啊陌生人! 歡迎來到迪霍法洛姆! 你可以叫我Kodatin. |こんにちは！ようこそ、ドーン･ファルムへ！ コダティンと呼んでください。|안녕하세요, 이방인! 도른 파룸에 오신 것을 환영합니다! 난 코데이틴이라고 불러요.|Willkommen, Fremder! Willkommen in Dhorn Farum! Du kannst mich Kodatin nennen.|Bonjour, étranger ! Bienvenue à [c_aqua]Dhorn Farum[c_reset] ! Vous pouvez m'appeler [c_lime]Kodatin[c_reset].|¡Saludos, forastero! ¡Bienvenido a Dhorn Farum! Puedes llamarme Kodatin.|Pozdrowienia, nieznajomy! Witaj w Dhorn Farum! Możesz mnie nazywać Kodatin.
nobunaga|Welcome to Shujo Retreat! Its time our clan takes back the control of Karponia!|Tervetuloa Shujo Retreat! Klaanimme on aika ottaa Karponia takaisin!|Bem-vindo ao Retiro de Shujo! É hora do nosso clã retomar o controle de Karponia!| Добро пожаловать в Shujo Retreat! Пришло время нашему клану вернуть себе контроль над Карпонией!|歡迎來到修礁避難所!  現在是我們一族奪回卡普尼亞控制權的時候了! |シュジョリトリートへようこそ！ 我々一族がカルポニアの支配権を取り戻す時だ！|슈호 리트리트에 오신 것을 환영합니다! 우리 씨족이 카포니아의 지배에서 벗어날 시간입니다!|Willkommen in Shujo Retreat! Es ist an der Zeit, dass unser Clan die Kontrolle über Karponia zurückerobert!|Bienvenue à [c_aqua]Retraite de Shujo[c_reset] ! Il est temps que notre clan reprenne le contrôle de la [c_aqua]Mer de Karponia[c_reset] !|¡Bienvenido al Retiro Shujo! ¡Es hora de que nuestro clan recupere el control de Karponia!|Witaj w Shujo Retreat! Nadszedł czas, aby nasz klan odzyskał kontrolę nad Karponią!
abaddon|Hello stranger. Welcome to Dawn's Chapel, may God's grace be upon you.|Tervehdys muukalainen. Tervetuloa Aamun kappeliin, jumala sinua siunatkoon.|Olá estranho. Bem-vindo à Capela de Dawn, que a graça de Deus esteja com você.| Привет, незнакомец. Добро пожаловать в Dawn's Chapel.|你好陌生人. 歡迎來到黎明的禮拜堂, 願上帝的恩典降臨​​於你. |こんにちは。 夜明けのシャペルへようこそ、 神の恵みがあなたにありますように。|안녕하세요, 이방인.새벽의 예배당에 오신 것을 환영합니다. 하나님의 축복이 함께하시길.|Hallo Fremder. Willkommen in Dawns Chappel, möge Gottes Gnade mit dir sein.|Bonjour, étranger. Bienvenue à la [c_aqua]Chapelle de l'Aube[c_reset], que la grâce de Dieu soit sur vous.|Hola, forastero. Bienvenido a la Capilla del Alba, que la gracia de Dios sea contigo.|Cześć, nieznajomy. Witaj w Kaplicy Świtu, niech łaska Boża będzie z tobą.
kujala|Time of great despair is upon us...||Estamos em um momento de grande desespero...| Наступило время великого отчаяния...|巨大絕望的時刻即將來臨…… |深い絶望の時代が到来した…。 |크나큰 절망의 시간이 우리에게 다가오고 있습니다...|Eine Zeit großer Verzweiflung ist angebrochen...|L'heure du grand désespoir a sonné....|Tiempos de gran desesperación se ciernen sobre nosotros...|Czas wielkiej rozpaczy nadchodzi...
sarcaster_club|Hello Hero! My name is Sarcaster and I am the towns coffee addict! Would you like to join my Coffee Club?|Hei sankari! Nimeni on Sarcaster ja minä olen kylän kahviaddikti! Haluaisitko liittyä kahvikerhooni?|Olá, herói! Meu nome é Sarcaster e eu sou o viciado em café da cidade! Gostaria de se juntar ao meu Clube do Café?| Привет, Герой! Меня зовут Саркастер, и я городской кофеман! Хочешь присоединиться к моему Кофейному Клубу?|你好，英雄！我的名字是 Sarcaster，我是鎮上的咖啡迷！  你願意加入我的咖啡俱樂部嗎？ |ヒーローよ、 こんにちは！ サーカスターと申します。 この町のコーヒーマニアです！ 私のコーヒークラブに参加しますか？|안녕! 난 사캐스터라고 하고, 우리 마을의 커피 중독자야! 우리 커피 클럽에 가입할래?|Hallo Held! Mein Name ist Sarcaster und ich bin der Kaffeesüchtige der Stadt! Möchten Sie meinem Coffee Club beitreten?|Bonjour Hero ! Je m'appelle [c_lime]Sarcaster[c_reset] et je suis le professionnel du café de la ville ! Voulez-vous rejoindre le club des accros de café ?|¡Hola, héroe! Me llamo Sarcaster y soy el adicto al café del pueblo. ¿Te gustaría unirte a mi Club del Café?|Cześć, bohaterze! Nazywam się Sarcaster i jestem uzależniony od kawy w tym mieście! Czy chcesz dołączyć do mojego Klubu Kawy?
sarcaster|Hello Hero! My name is Sarcaster and I am the towns coffee addict!|Hei sankari! Nimeni on Sarcaster ja minä olen kylän kahviaddikti!|Olá, herói! Meu nome é Sarcaster e eu sou o viciado em café da cidade!| Привет, Герой! Меня зовут Саркастер, и я городской кофеман!|你好,英雄! 我是sarcaster,這個鎮上的咖啡愛好者! 你想要加入我的咖啡俱樂部嗎？ |ヒーローよ、 こんにちは！ サーカスターと申します。 この町のコーヒーマニアです！ |안녕하세요, 영웅님! 제 이름은 사캐스터예요. 저는 이 마을의 커피 중독자랍니다!|Hallo Held! Mein Name ist Sarcaster und ich bin der Kaffeesüchtige der Stadt!|Bonjour Hero ! Je m'appelle [c_lime]Sarcaster[c_reset] et je suis le professionnel du café de la ville !|¡Hola, héroe! Me llamo Sarcaster y soy el adicto al café del pueblo.|Cześć, bohaterze! Nazywam się Sarcaster i jestem uzależniony od kawy w tym mieście!
garnor|Damien's minions grow stronger every day. Use the combat dummies to maintain your speed and power!|Damienin kätyrit kasvavat voimakkaammiksi päivä päivältä. Käytä harjoitusnukkeja ylläpitääksesi voimaasi ja nopeuttasi!|Os lacaios de Damien ficam mais fortes a cada dia. Use os bonecos de combate para manter sua velocidade e poder.| Приспешники Дэмиена становятся сильнее с каждым днем. Используйте боевые манекены, чтобы поддерживать свою скорость и силу!|達米安的奴僕每天都在變強， 用這些戰鬥訓練人偶來增強你的速度和力量吧！！|ダミアン の ミニオン達 は 毎日 強く なって います。 これら の 戦闘 ダミー を 使って あなた の スピード と パワー を 維持 しましょう！|데미언의 부하들이 하루가 다르게 강해지고 있어. 저기에 있는 모형으로 훈련해봐!|Damiens Gefolgsleute werden von Tag zu Tag stärker. Benutze die Kampfpuppen, um deine Schnelligkeit und Kraft zu messen!|Les sbires de [c_red]Damien[c_reset] sont de plus en plus forts. Utilisez les mannequins de combat pour vous entrainer !|Los esbirros de Damien se fortalecen cada día. ¡Usa los muñecos de combate para mantener tu velocidad y poder!|Sługusy Damiena stają się silniejsze z każdym dniem. Używaj manekinów treningowych, aby utrzymać swoją szybkość i siłę!
join_coffee_club|Join Coffee Club.|Liity Kahvikerhoon.|Junte-se ao Clube do Café.| Присоединяйтесь к Кофейному клубу.|加入咖啡俱樂部。|コーヒークラブに参加します。|커피 클럽에 가입.|Werden Sie Mitglied im Coffee Club.|Rejoindre le club des accros de café.|Unirse al Club del Café.|Dołącz do Klubu Kawy.
jack_the_ripper|Greetings! What can I do for you?|Terve, miten voin olla avuksi?|Olá! O que posso fazer por você? | Чем я могу вам помочь сегодня?|請問我今天有什麼可以幫您？ |こんにちは！何かご用でしょうか？ |안녕하세요! 무엇을 도와드릴까요? |Grüße! Was kann ich für Sie tun?|Bonjour ! Que puis-je faire pour vous ? |¡Saludos! ¿Qué puedo hacer por usted? |Pozdrowienia! W czym mogę pomóc?
gar_nor_test_dps|Test damage per second.|Testaa vahinko per sekunti.|Testar dano por segundo.| Тестовый урон в секунду.|測試每秒造成的傷害。|1秒あたりのダメージをテストします。|초당 피해 테스트.|Testschaden pro Sekunde.|Test de dégâts par seconde.|Probar daño por segundo.|Przetestuj obrażenia na sekundę.
gar_nor_lock_exp|Lock / Unlock experience.|Lukitse / avaa kokemuspisteet.|Travar / Destravar a experiência.|Приветствую! Чем я могу вам помочь? |鎖定/解鎖經驗。|経験値をロック/ロック解除します。|경험치 잠금 / 해제.|Erfahrung sammeln sperren / entsperren.|Verrouillage / déverrouillage d'expérience.|Bloquear / Desbloquear experiencia.|Zablokuj / odblokuj doświadczenie.
um|I can show you the future if you have the key... Would you like to see?||Posso lhe mostrar o futuro se você tiver a chave... Gostaria de ver?| Я могу показать тебе будущее, если у тебя есть ключ... Хочешь увидеть?|如果你有鑰匙，我可以向你展示未來.  你想看看嗎？|鍵があれば未来をお見せできますが…ご覧になりますか？|열쇠만 있다면 너에게 미래를 보여줄 수 있어… 보고 싶나?||Je peux vous montrer l'avenir si vous avez la clé... Voulez-vous voir ?|Puedo mostrarte el futuro si tienes la llave... ¿Te gustaría verlo?|Mogę pokazać ci przyszłość, jeśli masz klucz... Chcesz zobaczyć?
dr_tinker_dink|Would you like to open a wormhole?|Haluaisitko avata madonreiän? Sinulla on|Gostaria de abrir um buraco de minhoca?| Хотите ли вы открыть червоточину?|你想開啟蟲洞嗎？ 你有|ワームホールを開きますか？あなたが持っている|웜홀을 열고 싶어?|Möchtest du ein Wurmloch öffnen? Du hast.|Voulez-vous ouvrir un vortex ?|¿Te gustaría abrir un agujero de gusano?|Czy chcesz otworzyć wormhole?
wormhole_reset|Are you sure you want to reset your wormhole level?|Oletko varma että haluat palauttaa madonreikäsi tason?|Tem certeza que quer reiniciar seu nível do buraco de minhoca?| Вы уверены, что хотите сбросить уровень червоточины?|您確定要重置您的蟲洞等級嗎？|ワームホールのレベルをリセットしてもよろしいですか？|웜홀 레벨을 초기화하시겠습니까?|Bist du sicher, dass du dein Wurmloch-Level zurücksetzen willst?|Êtes-vous sûr de vouloir réinitialiser le niveau de votre vortex ?|¿Seguro que quieres restablecer tu nivel de agujero de gusano?|Czy na pewno chcesz zresetować poziom wormhole?
relic_reset|Are you sure you want to reset your relics?|Oletko varma että haluat poistaa kaikki aarteet?|Tem certeza que quer reiniciar suas relíquias?| Вы уверены, что хотите сбросить свои реликвии?|您確定要重置您的遺物嗎？|本当にレリックをリセットしますか？|정말로 유물을 초기화하시겠습니까?|Sind Sie sicher, dass Sie Ihre Relikte zurücksetzen möchten?|Êtes-vous sûr de vouloir réinitialiser vos reliques ?|¿Seguro que quieres restablecer tus reliquias?|Czy na pewno chcesz zresetować swoje relikty?
requires_max_level_inferno|Access requires level 80+ & Inferno difficulty|Vaatii tason 80+ & Helvetti vaikeusasteen|O acesso requer nível 80+ e dificuldade Inferno|Для доступа требуется уровень 80+ и уровень сложности «Ад»|進入需要 80級以上和煉獄難度|アクセスにはレベル80以上と地獄の難易度が必要です|액세스하려면 레벨 80 이상 및 헬 난이도가 필요합니다.|Der Zugang erfordert Level 80+ & Schwierigkeitsgrad Hölle|L'accès nécessite le niveau 80 minimum et la difficulté Enfer|El acceso requiere nivel 80+ y dificultad Infierno.|Dostęp wymaga poziomu 80+ i trudności Inferno
requires_max_level|Requires level 100|Vaatii tason 100|Requer nível 100| Требуется уровень 100|需要等級100|レベル100が必要|레벨 100이 필요합니다.|Benötigt Level 100|Niveau 100 requis|Requiere nivel 100.|Wymaga poziomu 100
tinker_chappel|This place is not as holy as it seems...|Tämä paikka ei ole niin pyhä kuin luulisi...|Esse lugar não é tão sagrado quanto parece...| Это место не такое святое, как кажется...|這個地方並不像看起來得那麼神聖...|この場所は見かけほど神聖ではありません。。。|여긴 보이는 것처럼 성스럽지 않아요...|Dieser Ort ist nicht so heilig wie er scheint...|Cet endroit n'est pas aussi saint qu'il y paraît...|Este lugar no es tan sagrado como parece...|To miejsce nie jest tak święte, jak się wydaje...
tinker_normal|Heya! Come back later and I'll show you my latest invention...|Heya! Come back later and I'll show you my latest invention...|E aí! Volte mais tarde e eu vou mostrar pra você minha última invenção...| Эй! Возвращайся позже, и я покажу тебе свое последнее изобретение...|Heya！稍後再來，我會向你展示我的最新發明...|やあ！また後で来てくれれば、最新の発明品をお見せするよ。。。|헤야! 나중에 다시 와서 내 최신 발명을 보여줄게...|Heya! Come back later and I'll show you my latest invention...|Hé, hé ! Revenez plus tard et je vous montrerai ma dernière invention...|¡Eh! Vuelve más tarde y te enseñaré mi último invento...|Hej! Wróć później, a pokażę ci mój najnowszy wynalazek...
um_regular|Open your mind and see the universe...|Avaa mielesi ja näe universumi...|Abra sua mente e veja o universo...| Откройте свой разум и увидите вселенную...|敞開你的心扉，看看這個世界...|心を開いて、世界を感じてごらん。。。|마음을 열고 우주를 봐요...|Öffne deinen Geist und sieh das Universum...|Ouvrez votre esprit et voyez l'univers...|Abre tu mente y contempla el universo...|Otwórz swój umysł i zobacz wszechświat...
yogvan|Would ye like to learn the noble art of mining?|Haluaisitko oppia louhimisen jalon taidon?|Gostaria de aprender a nobre arte da mineração?| Хотите ли вы научиться благородному искусству горного дела?|你想學習高貴的採礦藝術嗎?|採掘のこつを学ばないか？|고귀한 광업을 배워볼래요?|Würdest du mehr über die noble Kunst des Bergbaus lernen?|Voulez-vous apprendre le noble art de l'exploitation minière ?|¿Te gustaría aprender el noble arte de la minería?|Czy chciałbyś nauczyć się szlachetnej sztuki górnictwa?
yogvan_meet|Oi! Get back t' me when you've gotten familiar with the town and I'll show ye how to mine like a dwarf!|Oi! Tule takaisin kun olet tutustunut kylään niin opetan sinut louhimaan kuin kääpiö!|Ei! Volte para mim quando se familiarizar com a cidade e eu te mostrarei como minerar como um anão!| Эй! Возвращайся ко мне, когда освоишься в городе, и я покажу тебе, как добывать руду, как гном!|Oi! 等你們熟悉了這個城鎮再來找我， 我要讓你們看看如何像個小矮人一樣開採!|おい！ この町に慣れてきたら戻って来い。 ドワーフみたいな採掘方法を教えたろ！|마을에 익숙해지면 나한테 알려줘요. 내가 난쟁이처럼 채굴하는 법을 보여줄게요!|Oi! Komm zurück zu mir, wenn du dich mit der Stadt vertraut gemacht hast, und ich zeige dir, wie man wie ein Zwerg Bergbau betreibt!|Oi ! Revenez me voir quand vous vous serez familiarisé avec la ville et je vous montrerai comment miner comme un nain !|¡Eh! Vuelve a verme cuando te hayas familiarizado con el pueblo, ¡y te enseñaré a minar como un enano!|Hej! Wróć do mnie, gdy zapoznasz się z miastem, a pokażę ci, jak kopać jak krasnolud!
yogvan_learn|Ye still got a lot ta learn! Get back when you've gotten yer hands dirty.|Sinulla on vielä paljon opittavaa! Tule takaisin kun olet saanut kätesi likaisiksi.|Tu ainda tem muito o que aprender! Volte quando estiver com as mãos sujas.| Тебе еще многому надо научиться! Возвращайся, когда запачкаешь руки.|你還有很多要學的!把你的手弄髒了再回來。|たくさん習得したな！手が汚れたら戻って来い。|아직 배울 게 많네요! 손이 더러워지면 돌아와요.|Du musst noch viel lernen! Komm zurück zu mir, wenn du deine Hände schmutzig gemacht hast.|Vous avez encore beaucoup à apprendre ! Revenez quand vous aurez mis la main à la pâte.|¡Aún te queda mucho por aprender! Vuelve cuando te hayas ensuciado las manos.|Wciąż masz dużo do nauki! Wróć, gdy twoje ręce będą brudne.
yogvan_got_it|Ye've got it now... See if you can get dat lad Torstein ta help ye with yer ores!|Nyt sinä osaat... Koitappa jos saisit tuon Torstein-tyypin auttamaan sinua malmiesi kanssa!|Tu conseguiu agora... Veja se consegue o rapaz Torstein pra te ajudar com teus minérios!| Теперь ты понял... Посмотрим, сможешь ли ты заставить этого парня Торстейна помочь тебе с твоей рудой!|你現在明白了。 。 。 看看你能不能找到那個Torstein小伙子幫你拿礦石!|もう 教える こと はない。。。 あんた が 鉱石 を とる の を トルシュタイン が 手伝える か どう か 見てくれ！|이제 됐네요... 저 소년 토르스타인의 도움을 받아 광석을 얻을 수 있는지 확인해 봐요!|Du hast es... Sieh zu, ob du diesen Kerl Torstein dazu kriegen kannst, dir mit deinen Erzen zu helfen!|C'est fait maintenant... Voyez si vous pouvez demander à [c_lime]Torstein[c_reset] de vous aider avec vos minerais !|Ya lo tienes... ¡A ver si consigues que ese mozo, Torstein, te ayude con tus menas!|Teraz już wiesz... Zobacz, czy potrafisz namówić tego chłopaka Torsteina, żeby pomógł ci z rudami!
kleiton_learn|Come back to me once you have prospected the ores!||Volte até mim quando tiver inspecionado os minérios!| Возвращайтесь ко мне, как только разведаете руду!|探索完礦石後再來找我!|鉱石の探査ができるようになったら、また来てね！|광물을 채굴해 왔으면 나에게 다시 와줘!|Komm wieder, sobald du die Erze erkundet hast!|Revenez me voir quand vous aurez raffiné du minerai !|¡Vuelve a mí cuando hayas prospectado las menas!|Wróć do mnie, gdy już wyprospektujesz rudy!
kleiton_got_it|Great! Now you know how to prospect and get materials that you can use to craft shiny things!||Muito bom! Agora você sabe como inspecionar e obter materials que podem ser usados parar criar coisas brilhantes!| Отлично! Теперь вы знаете, как искать и добывать материалы, которые можно использовать для создания блестящих вещей!|太棒了現在你知道如何尋找和獲得可以用來製作閃亮東西的材料了!|素晴らしい！これで鉱石の探査方法と、キラキラしたものを作るための材料の集め方がわかったね！|좋아! 이제 채굴을 하고 반짝이는 것들을 만들 수 있는 재료를 얻는 방법을 알게 됐군!|Super! Jetzt weißt du, wie man nach Erzen sucht und Materialien findet, mit denen du glänzende Dinge herstellen kannst!|Génial ! Maintenant, vous savez comment raffiner et obtenir des matériaux qui vous permettront de fabriquer tout un tas de trucs brillants !|¡Genial! ¡Ahora sabes cómo prospectar y obtener materiales que puedes usar para fabricar cosas brillantes!|Świetnie! Teraz wiesz, jak prospectować i zdobywać materiały, których możesz użyć do tworzenia błyszczących rzeczy!
kleiton_quest|Hey! You look like you'd appreciate some quality jewels. How about I teach you how to make some?||Ei! Você parece gostar de joias de qualidade. Que tal se eu lhe ensinasse a fazer algumas?| Эй! Похоже, ты бы оценил качественные драгоценности. А что, если я научу тебя, как их сделать?|嘿你看起來很欣賞一些高品質的珠寶。不如我教你怎麼做？|やあ！君はきっと良い宝石が好きそうだね。宝石の作り方を教えてあげようか？|이봐! 너는 고급 쥬얼을 좋아할 것 같아. 내가 쥬얼 만드는 방법을 가르쳐줄까?|Hey! Du siehst so aus, als ob dir ein paar hochwertige Juwelen gefallen würden. Wie wäre es, wenn ich dir zeige, wie man welche herstellt?|Hé ! Tu as l'air d'apprécier les bijoux de qualité. Et si je vous apprenais à en fabriquer ?|¡Oye! Tienes pinta de apreciar las joyas de calidad. ¿Qué tal si te enseño a fabricar algunas?|Hej! Wyglądasz na kogoś, kto doceniłby jakościowe klejnoty. Co powiesz na to, że nauczę cię, jak je robić?
kleiton_greet|If I socket this here, I can... Oh, hello!||Se eu conectar isso aqui, eu posso... Ah, olá! | Если я вставлю это сюда|如果我把它插在這裡，我就可以......哦，你好！|ここにソケットをはめると…あっ、こんにちは！|여기에 소켓을 넣으면... 아, 안녕!|Wenn ich das hier einstecke, kann ich... Oh, hallo!|Si je branche ça ici, je peux... Oh, bonjour ! |Si engarzo esto aquí, podré... ¡Oh, hola!|Jeśli podłączę to tutaj, będę mógł... O, cześć! 
|||||||||||
tristan_npc|Tristan Lee-Johnson||Tristan Lee-Johnson| Тристан Ли-Джонсон|Tristan Lee-Johnson|トリスタン・リー＝ジョンソン|트리스탄 리-존슨|Tristan Lee-Johnson|Tristan Lee-Johnson|Tristan Lee-Johnson|Tristan Lee-Johnson
tristan_quip_0|Greetings Sir!||Saudações, Senhor!| Приветствую вас, сэр!|您好，先生！|ごきげんよう、旦那様！|안녕하세요, 선생님!|Guten Tag, Sir!|Salutations mon brave !|¡Saludos, señor!|Pozdrowienia, sir!
tristan_quip_1|A splendid day isn't it?||Um dia esplêndido, não é?| Чудесный день, не правда ли?|今天天氣真好，不是嗎？|素晴らしい一日ですね！|멋진 날이네요, 그렇지 않나요?|Ein herrlicher Tag, nicht wahr?|Une journée magnifique, n'est-ce pas ?|Un día espléndido, ¿no es así?|Wspaniały dzień, prawda?
tristan_quip_2|I'd kill for a cup of Tee right now!||Eu mataria por uma xícara de chá agora!| Я бы сейчас отдал всё на свете за чашечку чая!|我現在就想喝杯茶！|今すぐティーを一杯飲みたい気分です！|지금 당장 차 한 잔이 정말 먹고 싶군요!|Ich würde jetzt alles für eine Tasse Tee geben!|Je tuerais pour une tasse de thé à cet instant !|¡Mataría por una taza de té ahora mismo!|Zabiłbym za filiżankę herbaty w tej chwili!
tristan_quip_3|What are you looking for Sir?||O que está procurando, senhor?|Что вы ищете, сэр?|先生，你在找什麼？|何をお探しですか、旦那様？|무엇을 찾고 계신가요, 선생님?|Wonach suchen Sie, Sir?|Recherchez-vous quelque chose ?|¿Qué está buscando, señor?|Czego pan szuka, sir?
tristan_quip_4|Damn I really need to polish my monocle..||Droga, eu realmente preciso polir meu monóculo.| Черт, мне действительно нужно отполировать свой монокль..|該死，我真的需要擦亮我的單眼鏡片……|ああ、モノクルを磨かなきゃなぁ。。。|젠장, 내 모노클을 좀 닦아야겠다...|Verdammt, ich muss mein Monokel echt mal polieren...|Sacrebleu, il faudrait vraiment que je polisse mon monocle...|Maldición, de verdad necesito pulir mi monóculo...|Cholera, naprawdę muszę wypolerować swój monokl..
tristan_quip_5|Oof...||Oof...| Уф...|哦…… |うっ。。。|우웁…|Uff...|Plaît-il ?|Uf...|Oof...
|||||||||||
portal_eternal_battlefield|Are you sure you want to enter Eternal Battlefield for||Tem certeza de que deseja entrar no Campo de Batalha Eterno por| Вы уверены, что хотите войти в Eternal Battlefield?|你確定要進入永恆戰場嗎?|永遠の戦場に入場してもよろしいですか？|영원한 전투터에 들어가겠습니까?|Bist du sicher, dass du Eternal Battlefield betreten möchtest?|Êtes-vous sûr de vouloir entrer dans le Champ de bataille éternel pour|¿Seguro que quieres entrar al Campo de Batalla Eterno por|Czy na pewno chcesz wejść do Eternal Battlefield za
ruby_entrance|As the guardian of Ruby Gardens, I grant passage to those who have proven their worth by finding a rare [c_red]Ruby Key[c_reset] usually held by treasure gobblers. Do you wish to enter?|Haluaisitko astua rubiinipuutarhaan?|Como guardião dos Jardins de Rubi, concedo passagem àqueles que provaram seu valor ao encontrar uma rara [c_red]Ruby Key[c_reset] , geralmente guardada por caçadores de tesouro. Você deseja entrar?| Как хранитель Рубиновых садов|你想進入[c_aqua]紅寶石花園[c_reset]嗎?|ルビーガーデンに入りますか？|루비 정원의 수호자로서, 나는 보물 고블린들이 주로 소지하는 희귀 [c_red]루비 열쇠[c_reset]를 찾아낸 자들에게 입장을 허락합니다. 들어가시겠습니까?|Würdest du gern die Rubingärten betreten?|En tant que gardien des [c_aqua]Jardins de rubis[c_reset], j'accorde le passage à ceux qui ont prouvé leur chance en trouvant une rare [c_yellow]Clé de rubis[c_reset] habituellement détenue par des gobelins au trésor. Voulez-vous entrer ?|Como guardián de los Jardines Rubí, concedo el paso a aquellos que han demostrado su valía al encontrar una rara [c_red]Llave Rubí[c_reset], generalmente en posesión de los devoradores de tesoros. ¿Deseas entrar?|Jako strażnik Ruby Gardens przyznaję przejście tym, którzy udowodnili swoją wartość, znajdując rzadki [c_red]Rubinowy Klucz[c_reset], zwykle trzymany przez pożeraczy skarbów. Czy chcesz wejść?
open_ruby|Open Ruby Gardens|Avaa rubiinipuutarha|Abrir Jardins de Rubi| Открытые сады Руби|開啟紅寶石花園|ルビーガーデンズを開ける|루비 정원 열기|Öffne Rubingärten|Ouvrir les Jardins de rubis|Abrir Jardines Rubí|Otwórz Ruby Gardens
asheen|We need to use the Dimensional Shards to open this gate and kill the demon inside...|Meidän täytyy käyttää ulottuvuussirpaleita avataksemme tämän portin ja kukistaa siellä lymyilevä demoni...|Precisamos usar os Fragmentos Dimensionais para abrir esse portão e matar o demônio que está dentro...| Нам нужно использовать Пространственные Осколки, чтобы открыть эти врата и убить демона внутри...|我們需要用次元碎片打開這扇門,殺死裡面的惡魔...|次元の破片を使ってこのゲートを開き、 中の悪魔を倒す必要が。。。|이 문을 열고 내부의 악마를 처치하기 위해서는 차원 파편을 사용해야 합니다...|Wir müssen die Dimensionalen Splitter nutzen, um dieses Tor zu öffnen und den Dämon dahinter zu töten...|Nous devons utiliser les [c_yellow]Eclats dimensionnels[c_reset] pour ouvrir ce portail et tuer le démon à l'intérieur...|Necesitamos usar las Esquirilas Dimensionales para abrir este portal y aniquilar al demonio que aguarda dentro...|Musimy użyć Dimensional Shards, aby otworzyć tę bramę i zabić demona w środku...
open_shadow|Open the Portal for (40) |Avaa portaali (40) sirpaleella|Abra o Portal por (40) Fragmentos| Откройте Портал за (40) Осколков|使用(40)個次元碎片打開傳送門|破片 (40) でポータルを開く|(40)개의 파편으로 포털을 엽니다|Öffne das Portal für (40) Splitter.|Ouvrir le portail pour (40) Eclats|Abrir el portal por (40)|Otwórz Portal za (40) 
veras|Whaddaya buyin'?|Mitä olet ostamassa?|Cê vai comprar o que?| Что ты покупаешь?|你要買什麼？|何を買っていますか？|뭐 살래?|Was kaufst du?|Qu'est-ce que vous achetez ?|¿Qué vas a comprar?|Co kupujesz?
traveling_merchant_dialog|Take a look at my wares!|Vilkaisehan tuotteitani!|Dê uma olhada em meus produtos!| Взгляните на мои товары!|看看我的商品！|私の品物をご覧あれ！|내 물건들을 살펴봐!|Schauen Sie sich meine Waren an!|Jetez un coup d'oeil à mes marchandises !|¡Echa un vistazo a mis mercancías!|Spójrz na moje towary!
kukkonen_grimbone|I've heard tales of your exploits in Valhalla. Legend says, there is a mighty beast in the deepest depths of Niflhel, with scythes as hands as large as a man. They would make a mighty fine trophy... I'll offer a round of my best moonshine for everyone in town if I could get my hands on those scythes!||Ouvi história de suas façanhas em Valhalla. A lenda diz que há uma fera poderosa nas profundezas de Niflhel, com foices e mãos do tamanho de um homem. Elas dariam um belo troféu... Eu ofereceria uma rodada do meu melhor moonshine para todos da cidade se conseguisse colocar as mãos naquelas foices!| Я слышал рассказы о твоих подвигах в Вальхалле. Легенда гласит:|我聽說過你在瓦爾哈拉的事蹟。[nl]傳說，在[c_aqua]尼夫海姆[c_reset]的最深處有一隻強大的野獸，牠的鐮刀和人一樣大。 牠會成為一個非常精美的獎盃……如果我能拿到那些[c_yellow]鐮刀[c_reset]的話， 我會為鎮上的每個人提供一輪我最好的私酒！ |ヴァルハラでのあなたの活躍の話は聞いています。伝説によれば、ニヴルヘイムの最深部には、手が人のように大きな鎌を持つ強大な獣がいるそうです。その鎌は素晴らしいトロフィーになるでしょう…もしその鎌を手に入れられたら、町のみんなに最高のムーンシャインを一杯ごちそうしますよ！|당신의 발할라에서의 업적에 대해 이야기를 들었습니다. 전설에 따르면, 니플헬의 깊은 곳에 사람만큼 큰 손을 가진 낫을 들고 있는 거대한 괴물이 있다고 하네요. 그 낫들은 훌륭한 전리품이 될 것입니다... 그 낫들을 손에 넣을 수 있다면, 마을 사람들에게 내 최고의 문샤인을 한 라운드 제공하겠습니다!|Ich habe von euren Heldentaten in Walhalla gehört. Der Legende nach haust tief in Niflhel ein mächtiges Ungeheuer mit Sensenhänden, so groß wie ein Mann. Das wäre eine prächtige Trophäe … Ich spendiere allen im Ort meinen besten Schwarzgebrannten, wenn ich diese Sensen nur in die Finger bekäme!|J'ai entendu parler de vos exploits au Valhalla. La légende dit qu'il y a une bête puissante dans les profondeurs de [c_aqua]Niflhel[c_reset], avec des faux et des mains aussi grandes qu'un homme. Elles feraient un très beau trophée... Si je pouvais mettre la main sur ces [c_yellow]faux[c_reset], j'offrirais une tournée de ma meilleure gnôle à tous les habitants de la ville !|He oído relatos de tus hazañas en el Valhalla. Cuenta la leyenda que, en las profundidades de Niflhel, habita una bestia poderosa con guadañas por manos, grandes como un hombre. Serían un trofeo magnífico... ¡Ofreceré una ronda de mi mejor aguardiente a todo el pueblo si consigo echarle el guante a esas guadañas!|Słyszałem opowieści o twoich wyczynach w Valhalli. Legenda głosi, że w najgłębszych głębinach Niflhelu żyje potężna bestia ze szponami wielkości człowieka. Byłyby z nich wspaniałe trofea... Zaoferuję rundę mojego najlepszego bimbru dla wszystkich w mieście, jeśli dostanę te szpony!
kukkonen_grimbone_buff|Wow, would you look at those scythes! Here's your moonshine, as promised!||Uau, olhem só para essas foices! Aqui está seu moonshine, como prometido!|Ух ты, посмотрите на эти косы! Вот вам самогон, как и обещали! |哇，你能看看那些鐮刀嗎！這是你的私釀，正如承諾的那樣！ |わあ、その鎌を見てください！約束通り、ムーンシャインをどうぞ！|와, 저 낫들을 보세요! 약속대로 문샤인입니다!|Wow, seht euch diese Sensen an! Hier ist euer selbstgebrannter Schnaps, wie versprochen!|Wow, regardez-moi ces faux ! Voici votre gnôle, comme promis !|¡Vaya, vaya! ¡Mira esas guadañas! Aquí tienes tu aguardiente, ¡tal y como prometí!|Wow, spójrz tylko na te szpony! Oto twój bimber, jak obiecałem!
|||||||||||
chaos_tower_master_1|Welcome Adventurer, the tower awaits those who are bold enough to enter.|Tervetuloa Seikkailija, torni odottaa niitä jotka ovat tarpeeksi rohkeita astumaan sisään.|Bem-vindo Aventureiro, a torre aguarda aqueles que tiverem coragem de entrar.| Добро пожаловать, искатель приключений!|歡迎冒險家，這座塔等待著有勇氣的人進入. |ようこそ冒険家、塔は入るのに十分大胆な人々を待っています。|모험가 님을 환영합니다. 탑은 들어갈만큼 대담한 사람들을 기다리고 있습니다.|Willkommen Abenteurer, der Turm erwartet diejenigen, die mutig genug sind, um einzutreten.|Bienvenue Aventurier, la tour attend ceux qui ont l'audace d'y entrer.|Bienvenido, aventurero. La torre aguarda a aquellos lo bastante audaces como para entrar.|Witaj, poszukiwaczu przygód! Wieża czeka na tych, którzy są wystarczająco odważni, aby wejść.
chaos_tower_master_2|The tower is a graveyard for some, but a treasure trove for others.|Torni on viimeinen leposija joillekkin, mutta aarreaitta toisille.|A torre é um cemitério para alguns, mas um tesouro para outros.| Для кого-то башня — кладбище.|這座塔對某些人來說是墳墓，但對其他人來說則是寶庫. |塔は一部の人にとっては墓地ですが、他の人にとっては宝の山です。|탑은 일부에게는 묘지이지만 다른 사람들에게는 보물 창고입니다.|Der Turm ist für einige ein Friedhof, für andere eine Schatzkammer.|La tour est un cimetière pour certains, mais un trésor pour d'autres.|Para algunos, la torre es un cementerio; pero para otros, un tesoro por descubrir.|Dla niektórych wieża jest cmentarzem, dla innych skarbnicą.
chaos_tower_master_3|I'll stay back and guard the entrance, you go ahead...|Minä jään tänne vartioimaan sisäänkäyntiä, mene sinä vain...|Vou ficar para trás e vigiar a entrada, vá em frente...| Я останусь и буду охранять вход.|我會留下來守衛入口，你先進去...|私は戻って入り口を守ります、あなたは先に進みます...|나는 여기서 입구를 지킬게요, 당신은 먼저 가세요...|Ich werde zurückbleiben und den Eingang bewachen, du machst weiter...|Je reste à l'arrière pour garder l'entrée, allez-y...|Yo me quedaré a proteger la entrada. Tú, adéntrate...|Zostanę z tyłu i będę pilnował wejścia, idź przodem...
chaos_tower_open|Let me in!|Päästä minut sisään!|Me deixe entrar!| Впустите меня!|讓我進去！|入れてくれ！|나를 들여 보내줘!|Lass mich rein!|Laissez-moi entrer !|¡Déjame entrar!|Wpuść mnie!
chaos_towers_completed|Chaos Towers completed:|Kaaos Tornit suoritettu:|Torres do Caos concluídas:| Башни Хаоса завершены:|混沌塔完成：|カオスタワーが完成しました：|카오스 타워 완료 :|Chaostürme fertiggestellt:|Tours du chaos terminées :|Torres del Caos completadas:|Ukończone Chaos Towers:
chaos_tower_reward|Claim reward.|Lunasta palkkio.|Reivindicar recompensa.| Получите вознаграждение.|索取獎勵。|報酬を請求します。|보상을 받으세요.|Belohnung beanspruchen.|Réclamez votre récompense.|Reclamar recompensa.|Odbierz nagrodę.
chaos_tower_prompt|Would you like to claim your reward and reset your progress?|Haluatko lunastaa palkkiosi ja nollata etenemisen?|Você gostaria de reivindicar sua recompensa e reiniciar seu progresso?| Хотите получить награду и сбросить свой прогресс?|您想領取獎勵並重置進度嗎？|報酬を受け取り、進捗状況をリセットしますか？|보상을 받고 진행 상황을 초기화하시겠습니까?|Möchten Sie Ihre Belohnung einfordern und Ihren Fortschritt zurücksetzen?|Voulez-vous réclamer votre récompense et réinitialiser votre progression ?|¿Deseas reclamar tu recompensa y restablecer tu progreso?|Czy chcesz odebrać nagrodę i zresetować swój postęp?
chaos_tower_no_reward|Here you g- Wait, you haven't cleared enough towers. Get out of here!||Aqui est- Espere, você não limpou torres suficientes. Saia daqui!| Вот ты... Подожди.|你……等等，你還沒有完成足夠的塔. 快離開這裡！|はい、どうぞーあれ、まだ塔を十分に攻略していませんね。さっさと出て行ってください！|여기 보상... 잠깐, 탑을 충분히 클리어하지 않았잖아요. 나가세요!|Hier – Moment, du hast noch nicht genug Türme eingenommen. Verschwinde von hier!|Ici, vous… Attendez, vous n'avez pas nettoyé assez de tours. Partez d'ici !|Aquí tien... ¡Espera, no has superado suficientes torres! ¡Fuera de aquí!|Oto ty- Czekaj, nie wyczyściłeś wystarczająco wielu wież. Wynoś się stąd!
chaos_tower_opened_1|Take the stairs straight ahead.|Mene ylös portaista suoraan edessäsi.|Suba as escadas logo à frente.| Идите прямо по лестнице.|沿著樓梯一直往前走。 |まっすぐ先の階段を上ってください。|앞으로 계단을 올라가세요.|Nimm die Treppe geradeaus.|Prenez l'escalier tout droit. |Sube por las escaleras, todo recto.|Wejdź po schodach prosto przed siebie.
chaos_tower_opened_2|The way is open.|Tie on avoin.|O caminho está aberto.| Путь открыт.|此路開放。|道は開いています。|길이 열려 있습니다.|Der Weg ist offen.|La voie est libre.|El camino está despejado.|Droga jest otwarta.
chaos_tower_opened_3|Are you stupid?|Oletko idiootti?|Você é burro?| Ты дурак?|你很笨嗎|バカじゃないの？|너 바보니?|Bist du dumm?|Vous êtes stupide ?|¿Acaso eres estúpido?|Jesteś głupi?
|||||||||||
dialog_hellShadowRealm|WANTED: Shadow Reaper. Collect dimensional shards and enter the gate within the shadow realm.||PROCURA-SE: Ceifador das Sombras. Colete fragmentos dimensionais e entre no portal do reino das sombras.|ТРЕБУЕТСЯ: Жнец Теней. Соберите пространственные осколки и войдите в врата в царство теней. |通緝：死亡陰影。收集次元碎片，進入影之領域的大門。|指名手配：シャドウ・リーパー。次元の破片を集め、影の領域にある門へ入りなさい。|현상 수배: 섀도 리퍼. 차원 파편을 모아 섀도 영역 내부의 문으로 들어가세요.|GESUCHT: Schattenschnitter. Sammle Dimensionssplitter und betritt das Tor im Schattenreich.|RECHERCHÉ : Faucheur d'Ombre. Récupérez des éclats dimensionnels et franchissez la porte du royaume des ombres.|SE BUSCA: Segador de las Sombras. Reúne esquirlas dimensionales y entra al portal del reino sombrío.|POSZUKIWANY: Shadow Reaper. Zbieraj dimensional shards i wejdź do bramy w królestwie cieni.
dialog_hellShadowRealm_end|Great job hero! Here is your reward for your endevours!||Ótimo trabalho, herói! Aqui está sua recompensa pelos seus esforços!|Отличная работа, герой! Вот твоя награда за твои старания! |英雄，幹得好！這是對你努力的獎勵！|よくやった、英雄！努力の報酬だ！|잘했어요, 영웅! 노력에 대한 보상입니다!|Gut gemacht, Held! Hier ist deine Belohnung für deine Mühen!|Bravo, héros ! Voici votre récompense !|¡Gran trabajo, héroe! ¡Aquí tienes la recompensa por tus esfuerzos!|Dobra robota, bohaterze! Oto twoja nagroda za twoje wysiłki!
dialog_hellBattleField|WANTED: Sung Lee. Collect battle fragments and enter the eternal battle field.||PROCURA-SE: Sung Lee. Colete fragmentos de batalha e entre no campo de batalha eterno.|РАЗЫСКИВАЕТСЯ: Сон Ли. Соберите боевые фрагменты и войдите на вечное поле битвы. |通緝：李宋。收集戰鬥碎片，進入永恆戰場。|指名手配：ソン・リー。戦いの破片を集め、永遠の戦場へ入りなさい。|현상 수배: 성 리. 전투 조각을 모아 영원한 전장으로 나아가세요.|GESUCHT: Sung Lee. Sammle Kampffragmente und betrete das ewige Schlachtfeld.|RECHERCHÉ : Sung Lee. Récupérez des fragments de bataille et entrez sur le champ de bataille éternel.|SE BUSCA: Sung Lee. Reúne fragmentos de batalla y entra en el campo de batalla eterno.|POSZUKIWANY: Sung Lee. Zbieraj battle fragments i wejdź do eternal battle field.
dialog_hellBattleField_end|Bless you hero! Take your reward!||Deus te abençoe, herói! Pegue sua recompensa!|Благослови тебя Бог, герой! Прими свою награду! |祝福你，英雄！領取你的獎勵吧！|英雄よ、祝福あれ！報酬を受け取れ！|영웅님, 축복합니다! 보상을 받으세요!|Gott segne dich, Held! Nimm deine Belohnung!|Que Dieu vous bénisse, héros ! Prenez votre récompense !|¡Que los dioses te bendigan, héroe! ¡Toma tu recompensa!|Błogosławię cię, bohaterze! Weź swoją nagrodę!
dialog_hellChaosTower|WANTED: Chaos Tower. Enter a chaos tower and purge it from the undead.||PROCURA-SE: Torre do Caos. Entre em uma torre do caos e limpe-a dos mortos-vivos.|РАЗЫСКИВАЕТСЯ: Башня Хаоса. Войдите в башню Хаоса и очистите её от нежити. |通緝：混沌之塔。進入混沌之塔，清除其中的亡靈。|指名手配：カオスタワー。カオスタワーに入り、アンデッドを一掃せよ。|현상 수배: 카오스 타워. 카오스 타워에 들어가 언데드를 몰아내세요.|GESUCHT: Chaosturm. Betrete einen Chaosturm und befreie ihn von den Untoten.|RECHERCHÉ : Tour du Chaos. Entrez dans une tour du chaos et purgez-la des morts-vivants.|SE BUSCA: Torre del Caos. Entra en una torre del caos y púrgala de los no muertos.|POSZUKIWANY: Chaos Tower. Wejdź do chaos tower i oczyść ją z nieumarłych.
dialog_hellChaosTower_end|Well done hero, the lands are now a little safer! Take your reward!||Muito bem, herói, as terras agora estão um pouco mais seguras! Pegue sua recompensa!|Молодец, герой! Теперь земли стали немного безопаснее! Принимай награду! |英雄，幹得好！這片土地現在安全多了！領取你的獎勵吧！|よくやった、英雄よ。これで土地は少し安全になった！報酬を受け取れ！|잘했어요, 영웅님. 이제 이 땅이 조금 더 안전해졌어요! 보상을 받으세요!|Gut gemacht, Held, das Land ist jetzt etwas sicherer! Nimm deine Belohnung!|Bravo, héros, les terres sont désormais un peu plus sûres ! Prenez votre récompense !|¡Bien hecho, héroe, estas tierras son ahora un poco más seguras! ¡Toma tu recompensa!|Dobra robota, bohaterze, ziemie są teraz trochę bezpieczniejsze! Weź swoją nagrodę!
dialog_hellFallenInoya|WANTED: Damien. Collect parts from Act I-VI bosses, craft a key of terror and enter fallen inoya||PROCURA-SE: Damien. Colete peças dos chefes dos Atos I-VI, crie uma chave do terror e entre em Inoya, a Decaída.|ТРЕБУЕТСЯ: Дэмиен. Соберите части меча с боссов I-VI актов, создайте ключ ужаса и войдите в павшую Инойю. |通緝：達米安。收集第一章至第六章Boss的部位，打造一把恐怖鑰匙，進入陷落的伊諾亞。|求む：ダミアン。Act I～VIのボスからパーツを集め、恐怖の鍵を作り、堕落したイノヤへ入りましょう。|현상 수배: 데미안. 1막부터 6막까지 보스에게서 부품을 모아 공포의 열쇠를 제작하고 몰락한 이노야로 들어가세요.|GESUCHT: Damien. Sammle Teile von den Bossen aus Akt I–VI, baue einen Schlüssel des Schreckens und betrete das gefallene Inoya.|RECHERCHÉ : Damien. Récupérez les pièces des boss des actes I à VI, fabriquez une clé de terreur et entrez dans Inoya déchu.|SE BUSCA: Damien. Reúne partes de los jefes de los Actos I a VI, fabrica una llave del terror y entra en la Inoya caída.|POSZUKIWANY: Damien. Zbierz części od bossów Aktu I-VI, wykuj klucz terroru i wejdź do fallen inoya
dialog_hellFallenInoya_end|That one was a nightmare wasnt it? Here is your reward noble hero!||Aquele foi um pesadelo, não foi? Aqui está sua recompensa, nobre herói! |Это был настоящий кошмар, не правда ли? Вот твоя награда, благородный герой! |那真是一場惡夢，不是嗎？這是你的獎勵，尊貴的英雄！ |あれは悪夢でしたね？ 報酬を差し上げます、高貴なる英雄よ！ |그건 악몽이었지? 자, 자네의 보상은 고귀한 영웅이여! |Das war ein Albtraum, nicht wahr? Hier ist deine Belohnung, edler Held!|C'était un cauchemar, n'est-ce pas ? Voici votre récompense, noble héros ! |Eso ha sido una pesadilla, ¿a que sí? ¡Aquí tienes tu recompensa, noble héroe!|To był koszmar, prawda? Oto twoja nagroda, szlachetny bohaterze!
dialog_hellCodex|Find a codex of eternity, use it and clear its undead infested zone!||Encontre um códice da eternidade, use-o e limpe sua zona infestada de mortos-vivos! |Найдите кодекс вечности, используйте его и очистите кишащую нежитью зону! |找到永恆法典，使用它並清除其亡靈出沒的區域！ |永遠のコーデックスを見つけて使用し、アンデッドが蔓延するゾーンを一掃しましょう! |영원의 코덱스를 찾아서 사용하고 언데드가 들끓는 구역을 청소하세요! |Finden Sie einen Kodex der Ewigkeit, verwenden Sie ihn und säubern Sie die von Untoten befallene Zone!|Trouvez un codex d'éternité, utilisez-le et nettoyez sa zone infestée de morts-vivants ! |¡Encuentra un códice de la eternidad, úsalo y despeja la zona infestada de no muertos!|Znajdź kodeks wieczności, użyj go i oczyść strefę zarażoną nieumarłymi!
dialog_hellCodex_end|Fine purging hero! Here is your well earned reward!||Ótimo herói da limpeza! Aqui está sua merecida recompensa! |Отличный герой-чистильщик! Вот ваша заслуженная награда! |好樣的淨化英雄！這是你應得的獎勵！ |見事に浄化した英雄よ！よくやった、報酬を受け取れ！ |훌륭한 정화 영웅님! 자, 이제 당신이 받을 만한 보상입니다! |Gute Reinigung, Held! Hier ist deine wohlverdiente Belohnung!|Bravo, héros purificateur ! Voici votre récompense bien méritée ! ||Dobra robota, bohaterze! Oto twoja dobrze zasłużona nagroda!
|||||||||||
ct_penguin_1|Oh, you found me! Wait, I can TALK!?|Löysit minut! Hetkinen, osaan PUHUA!?|Oh, você me encontrou! Espere, eu posso FALAR !?|О, ты меня нашла! Подожди, я умею говорить?! |哦，你找到我了！等等，我能說嗎！|ああ、あなたは私を見つけました！待って、話せる！？|오, 나를 찾았군요! 잠깐, 말할 수 있어요!?|Oh, du hast mich gefunden! Warten Sie, ich kann sprechen!?|Oh, tu m'as trouvé ! Attendez, je peux PARLER ! ?|¡Oh, me has encontrado! Espera, ¿¡puedo HABLAR!?|Och, znalazłeś mnie! Czekaj, ja MOGĘ MÓWIĆ!?
ct_penguin_2|I must collect pebbles, I have no time for chit-chat!|Minun pitää kerätä pikkukiviä, ei ole aikaa juoruilla!|Preciso coletar pedrinhas, não tenho tempo para conversa fiada!|Мне нужно собрать камешки, у меня нет времени на болтовню! |我必須收集鵝卵石，我沒有時間閒聊！|私は小石を集めなければなりません、私はおしゃべりする時間がありません！|나는 자갈을 모아야한다, 나는 잡담을 할 시간이 없다!|Ich muss Kiesel sammeln, ich habe keine Zeit zum Plaudern!|Je dois ramasser des cailloux, je n'ai pas le temps de bavarder !|¡Debo recoger guijarros, no tengo tiempo para cháchara!|Muszę zbierać kamyki, nie mam czasu na pogaduszki!
ct_penguin_3|Kraah||Kraah| Краах|Kraah|Kraah|Kraah|Kraah|Kraah|Kraah|Kraah
ct_penguin_4|Rrrrreeeeee||Rrrrreeeeee| Ррррреееее|Rrrrreeeeee|Rrrrreeeeee|Rrrrreeeeee|Rrrrreeeeee|Rrrrreeeeee|Rrrrreeeeee|Rrrrreeeeee
ct_penguin_5|RRRreee Kraaaah||RRRreee Kraaaah| РРРриии Краааа|RRRreee Kraaaah|RRRreee Kraaaah|RRRreee Kraaaah|RRRreee Kraaaah|RRRreee Kraaaah|RRRreee Kraaaah|RRRreee Kraaaah
ct_penguin_6|Cacaaaaaaa||Cacaaaaaaa| Какаааааааа|Cacaaaaaaa|Cacaaaaaaa|Cacaaaaaaa|Cacaaaaaaa|Cacaaaaaaa|Cacaaaaaaa|Cacaaaaaaa
|||||||||||
ct_um_dying_1|This... Place... Is unholy... Cursed... Find Kuk... konen...|Tämä... Paikka... On epäpyhä... Kirottu... Etsi Kuk... konen...|Este... lugar... é profano... amaldiçoado... encontre Kuk... konen...| Это... Место... Нечестиво... Проклято... Найди Кук... конен...|這個...地方...是邪惡的...被詛咒...找到Kuk... konen...|これ...場所...不潔...呪われている...クッコネンを探す...|이... 장소... 거룩하지 않다... 저주를 받음... 쿡... 코넨 찾기...|Dieser... Ort... ist unheilig... verflucht... Finde Kukkonen...|Ce... endroit... est impie... Maudit... Trouvez [c_lime]Kuk[c_reset]... [c_lime]konen[c_reset]...|Este... lugar... es impío... Maldito... Encuentra a Kuk... konen...|To... Miejsce... Jest nieświęte... Przeklęte... Znajdź Kuk... konena...
ct_um_dying_2|This is not the future... I foresaw... Find Kukkonen...|Tämä ei ole tulevaisuus... Näin sen... Etsi Kukkonen...|Este não é o futuro... Que eu previ... Encontre Kukkonen...|Это не будущее... Я предвидел... Найди Кукконена...|這不是未來...我預見...找到Kukkonen...|これは未来ではありません...私は予見しました...クッコネンを見つけてください...|이건 미래가 아니야... 내가 예견 했어... 쿡코넨 찾기...|Dies ist nicht die Zukunft... Ich habe vorausgesehen... Finde Kukkonen...|Ce n'est pas le futur... que j'avais prévu... Trouvez [c_lime]Kukkonen[c_reset]...|Este no es el futuro... que yo preví... Encuentra a Kukkonen...|To nie jest przyszłość... Którą przewidziałem... Znajdź Kukkonena...
ct_um_dying_3|Our timeline is finished... You must find the way back to Kukkonen...|Aikajanamme on loppu... Sinun täytyy löytää takaisin Kukkosen luo...|Nossa linha do tempo terminou... Você deve encontrar o caminho de volta para Kukkonen...| Наша временная линия завершена... Вам нужно найти дорогу обратно в Кукконен...|我們的時間線已經結束了...你必須找到返回Kukkonen身邊的路...|タイムラインが終了しました...クッコネンに戻る方法を見つける必要があります...|타임 라인이 끝났습니다... 쿡코넨에게 돌아가는 길을 찾아야합니다...|Unsere Zeitleiste ist fertig... Sie müssen den Weg zurück nach Kukkonen finden...|Notre ligne temporelle est terminée... Tu dois retrouver le chemin jusqu'a [c_lime]Kukkonen[c_reset]...|Nuestra línea temporal ha terminado... Debes encontrar el camino de regreso a Kukkonen...|Nasza linia czasu jest skończona... Musisz znaleźć drogę powrotną do Kukkonena...
ct_kukkonen_1|Help me hero! I must return to town at once!|Auta minua Sankari! Minun täytyy palata kylään välittömästi!|Me ajude, herói! Devo voltar para a cidade imediatamente!| Помоги мне, герой! Я должен немедленно вернуться в город!|英雄幫我！我必須馬上回城！|ヒーローを助けて！すぐに町に帰らなきゃ！|영웅을 도와주세요! 당장 마을로 돌아 가야 해요!|Hilf mir, Held! Ich muss sofort in die Stadt zurückkehren!|Aide-moi, héros ! Je dois retourner en ville immédiatement !|¡Ayúdame, héroe! ¡Debo regresar al pueblo de inmediato!|Pomóż mi, bohaterze! Muszę natychmiast wrócić do miasta!
ct_kukkonen_2|Thank you for saving me hero... Be careful though, something evil lies ahead.|Kiitos kun pelastit minut Sankari... Ole silti varovainen, jotakin pahaa lymyää edessä.|Obrigado por me salvar, herói... Mas tome cuidado, pois algo maligno está por vir.| Спасибо, что спас меня, герой... Но будь осторожен.|謝謝你救了我，英雄……不過要小心，邪惡就在前方. |ヒーローを助けてくれてありがとう...でも気をつけて、何か悪が先にある。|저를 구해줘서 고맙습니다, 영웅님... 하지만 조심하세요, 앞에는 무언가 악한 것이 기다리고 있습니다.|Danke, dass du mich gerettet hast, Held... Sei aber vorsichtig, etwas Böses liegt vor dir.|Merci de m'avoir sauvé, héros... Mais attention, quelque chose de maléfique nous attend.|Gracias por salvarme, héroe... Pero ten cuidado, algo maligno acecha más adelante.|Dziękuję, że mnie uratowałeś, bohaterze... Bądź jednak ostrożny, coś złego czai się przed nami.
|||||||||||
ct_god_1|Tarethiel could use some help. Don't look at me, I don't want to go down there.|Tarethiel voisi kaivata apua. Älä minua katso, en minä ole menossa tuonne alas.|Tarethiel precisa de ajuda. Não olhe para mim, eu não quero descer lá.| Таретиэль нужна помощь. Не смотри на меня.|塔雷希爾需要一些幫助。  別看我，我不想下去。  |Tarethielはいくつかの助けを使うことができます。私を見ないで、そこに行きたくない。|타레시엘은 도움을받을 수 있습니다. 날 쳐다 보지 말고 거기 내려 가고 싶지 않아요|Tarethiel könnte Hilfe gebrauchen. Schau mich nicht an, ich will da nicht runter.|Tarethiel aurait bien besoin d'un peu d'aide. Ne me regardez pas comme ça, je n'ai aucune envie de descendre.|A Tarethiel le vendría bien algo de ayuda. Y no me mires a mí, no pienso bajar ahí.|Tarethiel mógłby skorzystać z pomocy. Nie patrz na mnie, nie chcę tam schodzić.
ct_god_2|The world is full of evil beings... If only I created a Hero to slay them... You can get to work now, goodbye.|Maailma on täynnä pahuuksia... Jospa vain loisin sankarin kukistamaan ne... Voit ryhtyä hommiin nyt, näkemiin.|O mundo está cheio de seres malignos... Se ao menos eu criasse um herói para matá-los... Agora você pode começar a trabalhar, adeus.| Мир полон злых существ... Если бы я только создал Героя, чтобы убить их... Теперь вы можете приступить к работе.|這個世界充滿了邪惡的生物...如果我創造了一個英雄來殺死他們就好了...你現在可以開始工作了，再見。  |世界は邪悪な存在でいっぱいです...私が彼らを殺すためにヒーローを作成しただけなら...あなたは今仕事に取り掛かることができます、さようなら。|세상은 사악한 존재들로 가득 차 있습니다... 내가 그들을 죽이기 위해 영웅을 만들었다면... 이제 일할 수 있습니다, 안녕.|Die Welt ist voller böser Wesen... Wenn ich nur einen Helden erschaffen hätte, um sie zu töten... Du kannst jetzt an die Arbeit gehen, auf Wiedersehen.|Le monde est plein d'êtres maléfiques... Si seulement j'avais créé un héros pour les tuer... Tu peux aller travailler maintenant, au revoir.|El mundo está lleno de seres malignos... Ah, si tan solo hubiera creado a un Héroe para aniquilarlos... En fin, ya puedes ponerte a ello. Adiós.|Świat jest pełen złych istot... Gdybym tylko stworzył Bohatera, który by je zabił... Możesz teraz zabrać się do pracy, do widzenia.
ct_god_3|I am extremely busy can you not see? It isn't easy being in charge of Heaven.|Olen erittäin kiireinen, etkö näe? Ei ole helppoa olla luomakunnan pomo.|Estou extremamente ocupado, não percebe? Não é fácil estar no comando do céu.| Я очень занят, разве ты не видишь? Нелегко быть ответственным за Небеса.|我非常忙，看不到嗎？掌管天堂並非易事。  |とても忙しいので見えませんか？天国を担当するのは簡単ではありません。|너무 바빠서 안보여? 천국을 담당하는 것은 쉽지 않습니다.|Ich bin sehr beschäftigt, kannst du nicht sehen? Es ist nicht leicht, die Verantwortung für den Himmel zu übernehmen.|Je suis très occupé, vous ne voyez pas ? Ce n'est pas facile d'être responsable du Paradis.|¿No ves que estoy ocupadísimo? No es fácil estar al mando del Cielo.|Jestem niezwykle zajęty, czy nie widzisz? Nie jest łatwo być odpowiedzialnym za Niebiosa.
ct_god_give_item|Alright, I have something for you here, you're welcome!||Muito bem, tenho algo para você aqui, de nada! | Хорошо|好吧，我這裡有東西給你，別客氣！ |はい、これを君に渡すよ、どういたしまして！|저를 구 해주셔서 감사합니다.|Okay, ich habe hier etwas für dich, gern geschehen!|Très bien, j'ai quelque chose pour vous ici, de rien ! |Muy bien, aquí tengo algo para ti. De nada.|W porządku, mam tu coś dla ciebie, proszę bardzo!
|||||||||||
ct_elias_1|Go away! You're killing my flow...|Mene pois! Tapat minun flown...|Vá embora! Você está acabando com meu fluxo...| Уйди! Ты убиваешь мой поток...|走開！你在扼殺我的靈感...|どこかに行って！あなたは私の流れを殺している...|가버려! 내 흐름을 방해하지 마...|Geh weg! Du tötest meinen Fluss...|Va-t'en ! Tu es entrain de tuer mon flow...|¡Vete! Estás cortando mi inspiración...|Idź sobie! Zabijasz mi flow...
ct_jussi_1|Don't do as I do, do as I say.|Älä tee kuten minä teen, tee kuten minä sanon.|Não faça o que eu faço, faça o que eu digo.| Не делай как я|不要照我做的做，照我說的做..|私のようにしないでください、私が言うようにしてください。|나처럼 하지 말고, 내가 말하는 대로 해.|Tu nicht wie ich, mach was ich sage.|Fais ce que je dis, pas ce que je fais.|No hagas lo que yo hago, haz lo que yo digo.|Nie rób jak ja, rób jak mówię.
bd_jussi_1|Yes, what? Can't I even have one smoke break in peace?||Sim, o quê? Não posso nem fazer uma pausa para fumar em paz?|Да, что? Мне что, даже перекурить спокойно не дают? |是的，什麼？我就不能平靜地抽一次煙嗎？ |え、何ですって？ タバコ休憩すらまともに取れないんですか？ |응, 뭐야? 내가 담배 한 대 피우는 것도 못 해?|Ja, was? Kann ich nicht mal eine Raucherpause in Ruhe machen?|Oui, quoi ? Je ne peux même pas faire une pause clope tranquillement ?|¿Sí, qué? ¿Es que no puedo ni tomarme un respiro para fumar en paz?|Tak, co? Czy nie mogę nawet mieć jednej przerwy na papierosa w spokoju?
ct_mika_1|Just making art, trying not to panic.|Teen vain taidetta, yritän olla panikoimatta.|Apenas fazendo arte, tentando não entrar em pânico.| Просто создаю искусство|只是在創作藝術，盡量不要驚慌。 |パニックにならないように、ただアートを作っているだけです。|그냥 예술을 만들고 있어, 당황하지 않으려고 노력 중이야.|Nur Kunst machen, nicht in Panik geraten.|Être artiste rend anxieux, il ne faut pas céder à la panique.|Solo estoy creando arte, intentando no entrar en pánico.|Po prostu tworzę sztukę, starając się nie panikować.
ct_anton_1|What is the worth of driving a car if it is not a Mercedes ?|Mitä järkeä on ajaa autolla jos se ei ole Mercedes ?|De que vale dirigir um carro se não for um Mercedes?| Какой смысл водить машину, если это не Мерседес?|如果不是賓士，開一輛車還有什麼價值？  |メルセデスでない場合、車を運転する価値は何ですか？|메르세데스가 아니면 차를 몰 가치가 뭐야?|Was ist es wert, ein Auto zu fahren, wenn es kein Mercedes ist?|Quel est l'intérêt de conduire une voiture si ce n'est pas une Mercedes ?|¿De qué sirve conducir un coche si no es un Mercedes?|Jaka jest wartość jazdy samochodem, jeśli nie jest to Mercedes?
ct_antti_1|Only in flame will the secret breathe, Where paths once easy now seethe. Walk backward, feel the scorch. Find fruit beneath the blazing torch.||Só na chama o segredo respirará, onde caminhos antes fáceis agora fervilham. Caminhe para trás, sinta a queimadura. Encontre frutos sob a tocha flamejante. |Только в пламени зародится тайна, там, где некогда лёгкие тропы теперь бурлят. Иди назад, почувствуй жар. Найди плоды под пылающим факелом. |唯有火焰，秘密才能呼吸，曾經平坦的道路如今卻沸騰翻騰。向後退，感受灼燒。 在熊熊燃燒的火炬下尋找果實.  |炎の中でこそ秘密は息づく。かつては容易だった道は今や沸騰する。後ろ向きに歩き、焦げた熱を感じよ。燃え盛る松明の下で果実を見つけよ。 |오직 불꽃 속에서만 비밀이 숨 쉬고, 한때 쉬웠던 길은 이제 끓어오르네. 뒤로 걸어가 타오르는 열기를 느껴봐. 활활 타오르는 횃불 아래에서 열매를 찾아봐. |Nur im Feuer atmet das Geheimnis, wo einst leichte Wege nun brodeln. Geh rückwärts, spüre die Glut. Finde Früchte unter der lodernden Fackel.|Seul le feu révélera le secret, là où les chemins jadis faciles bouillonnent désormais. Recule, sens la brûlure. Trouve des fruits sous la torche ardente. |Solo en las llamas respirará el secreto, donde los caminos antes fáciles ahora hierven. Camina hacia atrás, siente el ardor. Encuentra el fruto bajo la antorcha ardiente. |Tylko w płomieniu sekret odetchnie, Gdzie ścieżki niegdyś łatwe teraz się gotują. Idź do tyłu, poczuj żar. Znajdź owoc pod płonącą pochodnią.
ct_rexi_1|Want to hear my masterpiece?|Haluatko kuulla mestariteokseni?|Quer ouvir minha obra-prima?| Я все равно сыграю!|想聽聽我的傑作嗎？|私の傑作を聞きたいですか？|내 걸작을 듣고 싶어?|Willst du mein Meisterwerk hören?|Vous voulez entendre mon chef-d'œuvre ?|¿Quieres oír mi obra maestra?|Chcesz usłyszeć moje arcydzieło?
ct_rexi_2|I shall play it anyway!|Soitan sen silti!|Vou tocar de qualquer maneira!|Я всё равно в неё сыграю! |無論如何都要玩它！|とにかく弾きます！|어쨌든 연주할 거야!|Ich werde es trotzdem spielen!|Je le jouerai quand même !|¡La tocaré de todos modos!|I tak je zagram!
ct_tomi_1|"You just lost ""The Game"", [heroname] ;)"|"Hävisit juuri ""Pelin"" ;)"|"Você acabou de perder ""O Jogo"" ;)"| Ты только что проиграл «Игру», [имя героя] ;)|"你剛剛輸掉了‘遊戲’""，[heroname];)"|君はもう“ゲーム”に負けているよ、 [heroname] ;)|"너는 이미 ""게임""을 졌어, [heroname] ;)"|"Sie haben gerade ""Das Spiel"" verloren ;)"|"Tu viens de perdre ""la partie"", [heroname] ;)"|"Acabas de perder ""El Juego"", [heroname] ;)"|"""Właśnie przegrałeś """"The Game"""", [heroname] ;)"""
ct_marcio_1|Do not avoid not making the bell not ring.||Não evite fazer com que a campainha não toque.| Не избегайте того, чтобы колокольчик не звонил.|不要避免不讓鈴聲不響。 |鐘を鳴らさないようにしないでください|벨이 울리지 않게 하지 마.|Vermeide es nicht, die Glocke läuten zu lassen.|Ceci est un espace réservé car je ne suis ni original, ni drôle et je réfléchis trop à ce que je devrais dire.|No evites no hacer que la campana no suene.|Nie unikaj nie dzwonienia dzwonkiem.
ct_alias_1|What am I doing here? Oh god... this is my worst nightmare. They put me inside a game!|What am I doing here? Oh god... this is my worst nightmare. They put me inside a GMS2 project|O que estou fazendo aqui? Oh, Deus... esse é o meu pior pesadelo. Eles me colocaram dentro de um projeto!| Что я здесь делаю? О боже... это мой худший кошмар. Они поместили меня в игру!|我在這裡做什麼？天啊……這是我最糟糕的惡夢。他們讓我參與 GMS2 項目! |俺はここで何してるんだ？うわぁ…最悪の悪夢だ。俺はゲームの中に入れられたんだ！|여기서 뭐 하는 거지? 오, 신이여... 이건 내 최악의 악몽이야. 그들은 나를 게임 안에 넣었어!|What am I doing here? Oh god... this is my worst nightmare. They put me inside a game!|Qu'est-ce que je fais là ? Oh mon dieu... c'est mon pire cauchemar. Ils m'ont mis dans un projet!|¿Qué hago aquí? Oh, dios... es mi peor pesadilla. ¡Me han metido en un juego!|Co ja tu robię? O Boże... to jest mój najgorszy koszmar. Włożyli mnie do gry!
ct_severus_1|Developr, developer... Gaame makker game makker, [heroname] lol||Developr, developer... Gaame makker game makker, [heroname] lol| Разработчик|開發商，開發商…遊戲製作者 遊戲製作者，[heronme] 哈哈|デベロッパー、デベロッパー…ゲームクリエイター、ゲームクリエイター、[heroname]、笑|개발자, 개발자... 게임 만드는 사람 게임 만드는 사람, [heroname] lol|Entwickler, Entwickler... Dorfbauer, Dorfbauer, [Heronme] lol|Développeur, développeur.... Créateur de jeeeeuuu créateuuuuuur de jeeuu, [heroname] lol|Programadorr, programador... Creador de jueegos, creador de jueegos, [heroname] lol|Developr, developer... Gaame makker game makker, [heroname] lol
rng_shrine|Welcome to the altar of the RNG, brave hero. Here you can pray to me, and I will give you my blessing.||Bem-vindo ao altar do RNG, bravo herói. Aqui você pode orar para mim e eu lhe darei minha benção.| Добро пожаловать в алтарь генератора случайных чисел|歡迎來到RNG的祭壇，勇敢的英雄。你可以在這裡向我祈禱，我會給你祝福. |RNGの祭壇へようこそ、勇敢な英雄よ。ここで祈れば、私が祝福を授けよう。|RNG의 제단에 오신 걸 환영해요, 용감한 영웅님. 여기서 저에게 기도하면 제 축복을 드릴 수 있어요.|Willkommen am Altar des Zufallsgenerators, tapferer Held. Hier kannst du zu mir beten, und ich werde dir meinen Segen geben.|Bienvenue sur l'autel du RNG, brave héros. Ici, vous pouvez me prier et je vous donnerai ma bénédiction.|Bienvenido al altar del Azar, valiente héroe. Aquí puedes rezarme y yo te daré mi bendición.|Witaj na ołtarzu RNG, odważny bohaterze. Tutaj możesz się do mnie modlić, a ja dam ci moje błogosławieństwo.
rng_shrine_2|I shall bless you anyway. It can’t hurt, right?||Eu o abençoarei de qualquer forma. Não deve doer, certo?| Я благословлю тебя в любом случае. Это не повредит.|無論如何，我會祝福你的。不會痛的，對吧？ |まあ、祝福してあげよう。損はないだろう？|어쨌든 축복을 드릴게요. 그거 나쁠 건 없겠죠?|Ich werde dich trotzdem segnen. Schaden kann es ja nicht, oder?|Je vous bénirai de toute façon. Cela ne peut pas faire de mal, n'est-ce pas ?|Te bendeciré de todos modos. No puede hacer daño, ¿verdad?|I tak cię pobłogosławię. Nie zaszkodzi, prawda?
st_peter_npc|St. Peter||St. Peter| Святой Петр|St. Peter |聖ペテロ|성 피터|St. Peter|St. Peter|San Pedro|św. Piotr
st_peter_1|The fallen angel's keys... Would you like to see the splendor of Heaven?|The fallen angel's keys... Would you like to see the splendor of Heaven?|A chave do anjo caído... Gostaria de ver o esplendor do Céu?| Ключи падшего ангела... Хотите ли вы увидеть великолепие Небес?|啊！這個是。。[c_purple]墮落天使的鑰匙[c_reset]。。。 你想看天堂壯麗的景色嗎？ |堕天使の鍵か…天国の輝きを見てみたいか？|타락한 천사의 열쇠... 천국의 화려함을 보고 싶으세요?|The fallen angel's keys... Would you like to see the splendor of Heaven?|Les clés de l'ange déchu... Voulez-vous voir la splendeur du Paradis ?|Las llaves del ángel caído... ¿Te gustaría ver el esplendor del Cielo?|Klucze upadłego anioła... Czy chciałbyś zobaczyć splendor Niebios?
st_peter_no_key|I am sorry, I can't let you access Heaven without an [c_yellow]Angelic Key[c_reset]. They are very rare, but fallen angels might carry them.|I am sorry, I can't let you access Heaven without an [c_yellow]Angelic Key[c_reset]. They are very rare, but fallen angels might carry them.|Sinto muito, mas não posso deixá-lo acessar o Céu sem uma [c_yellow]Chave Angelical[c_reset]. Elas são muito raras, mas os anjos caídos podem carregá-las.| Мне жаль|對不起，我不能讓你在沒有[c_yellow]天使鑰匙[c_reset]的情況下進入天堂。 它們非常罕見，但有具有墮落的天使詞綴的怪物可能會攜帶它們。 |申し訳ないが、[c_yellow]天使の鍵[c_reset]がなければ天国には入れない。その鍵はとても貴重だが、堕天使が持っていることがある。 |죄송합니다만, [c_yellow]천사 열쇠[c_reset] 없이는 천국에 접근할 수 없습니다. 그것들은 매우 희귀하지만, 타락한 천사들이 가지고 있을 수 있습니다.|I am sorry, I can't let you access Heaven without an [c_yellow]Angelic Key[c_reset]. They are very rare, but fallen angels might carry them.|Je suis désolé, mais je ne peux pas vous laisser accéder au [c_lime]Paradis[c_reset] sans une [c_yellow]Clé angélique[c_reset]. Elles sont très rares, mais les anges déchus peuvent en avoir.|Lo siento, no puedo permitirte el acceso al Cielo sin una [c_yellow]Llave Angélica[c_reset]. Son muy raras, pero es posible que los ángeles caídos lleven una.|Przykro mi, nie mogę pozwolić ci wejść do Niebios bez [c_yellow]Anielskiego Klucza[c_reset]. Są bardzo rzadkie, ale upadli aniołowie mogą je nosić.
st_peter_ascend|Would you like to ascend?||Você gostaria de ascender?| Хотите подняться?|你想上去嗎？ |昇天したいか？|오르시겠습니까?|Möchten Sie aufsteigen?|Souhaitez-vous monter ? |¿Te gustaría ascender?|Czy chciałbyś wstąpić?
what_is_angelic_realm|[sprite,UI_Question_spr] What is the Angelic Realm?||[sprite,UI_Question_spr] O que é o Reino Angelical?| спрайт|[sprite,UI_Question_spr]天使領域是什麼？ |[sprite,UI_Question_spr] 天界とは何だ？|[sprite,UI_Question_spr] 천사의 영역이 무엇인가요?|[sprite,UI_Question_spr] Was ist das Engelsreich?|[sprite,UI_Question_spr] Qu'est-ce que le Royaume Angélique ? |[sprite,UI_Question_spr] ¿Qué es el Reino Angélico?|[sprite,UI_Question_spr] Co to jest Anielskie Królestwo?
wormhole_in_progress|A Wormhole is currently in progress.|Madonreikä on juuri nyt käynnissä.|Um Buraco de Minhoca está em progresso no momento.| В настоящее время ведется работа над червоточиной.|蟲洞目前正在進行中。 |現在、ワームホールが進行中です。|웜홀 진행 중입니다.|Ein Wurmloch ist derzeit im Gang.|Un vortex est en cours de réalisation.|Un Agujero de Gusano está en curso.|Wormhole jest obecnie w toku.
challenge_dungeon_in_progress|A Challenge Dungeon is currently in progress.|Haastetyrmä on juuri nyt käynnissä.|Uma Masmorra do Desafio está em progresso no momento.| В настоящее время идет прохождение подземелья испытаний.|挑戰地城目前正在進行中。 |現在、チャレンジダンジョンが進行中です。|도전 던전 진행 중입니다.|A Challenge Dungeon is currently in progress.|Un Donjon défi est en cours de réalisation.|Una Mazmorra de Desafío está en curso.|Loch Wyzwania jest obecnie w toku.
ruby_garden_in_progress|Ruby Gardens is currently in progress.|Rubiinipuutarha on juuri nyt käynnissä.|| В настоящее время ведутся работы по созданию Ruby Gardens.|紅寶石花園目前正在進行中。 |現在、ルビーガーデンが進行中です。|루비 정원 진행 중입니다.|Ruby Gardens befindet sich aktuell in Entwicklung.|Le projet Ruby Gardens est actuellement en cours. |Los Jardines Rubí están en curso.|Ruby Gardens jest obecnie w toku.
daily_quest_next|Next quest will be available in||A próxima quest estará disponível em| Следующий квест будет доступен через|下一個任務將在 |次のクエストは|다음 퀘스트는|Die nächste Quest ist verfügbar in:|La prochaine quête sera disponible dans|La próxima misión estará disponible en|Następne zadanie będzie dostępne za
chaos_tower_highscore_board|Highscores||Placar de Líderes| Рекорды|最高得分 |ハイスコア|최고 점수|Highscores|Meilleurs scores |Puntuaciones Máximas|Najwyższe wyniki
|||||||||||
dialog_garnor|Magicians, engineers? BWAH! All you need is a huge weapon and strong arms! Test your might against these training dummies!|Velhoja, insinöörejä? BWAH! Kaikki mitä tarvitset on iso ase ja vahvat lihakset! Testaa taitojasi näihin harjoitusnukkeihin!|Mágicos, engenheiros? BWAH! Tudo que precisa é uma arma enorme o braços fortes! Teste seus poderes contra estes bonecos de treinamento!| Волшебники|魔術師，工程師？ 哈！ 你需要的只是一個巨型武器和兩個強壯的手臂！ 對抗這些訓練假人來測試你的力量！|マジシャン、 エンジニア？ ばかばかしい！ あなた が 必要 と する の は 巨大な 武器 と 強力な 腕 だけです！ トレーニングダミー と 対抗 して あなた の 力 を テスト しましょう！|마법사들? 기술자들? 헛소린 개나 줘버려! 너에겐 거대한 무기와 튼튼한 갑옷만 있으면 된다고! 저기에 있는 모형으로 네 힘을 시험해 봐!|Zauberer, Ingenieure? BWAH! Alles, was du brauchst, ist eine riesige Waffe und starke Arme! Prüfe deine Kraft gegen diese Trainingspuppen!|Magiciens, ingénieurs ? BWAH ! Tout ce dont vous avez besoin, c'est d'une arme énorme et de bras forts ! Testez votre puissance contre ces mannequins d'entraînement !|¿Magos, ingenieros? ¡Bah! ¡Todo lo que necesitas es un arma enorme y brazos fuertes! ¡Prueba tu poder contra estos muñecos de entrenamiento!|Magowie, inżynierowie? BWAH! Wszystko, czego potrzebujesz, to ogromna broń i silne ramiona! Przetestuj swoją siłę przeciwko tym manekinom treningowym!
dialog_tinkerdink|MAGIC?! HAHA! I create magic with science! Just come back later and you'll see! Hihihaha!|TAIKUUTTA?! HAHA! Minä luon taikaa tieteellä! Tule takaisin myöhemmin niin näet! Hihihaha!|MÁGICA?! HAHA! Eu crio mágica com ciência! É só voltar mais tarde que você vai ver! Hihihaha!| МАГИЯ?! ХАХА! Я создаю магию с помощью науки! Просто возвращайся позже и увидишь! Хи-хи-ха!|魔法？ ！ 哈哈！ 我用科學創造魔法！ 晚點再過來，你就等著瞧吧！ 嘻嘻哈哈！|魔法？！ ハハっ！ 私は科学で魔法を作るの！ 後で戻って来たらあなたに見せようぜ！ ヒヒっハハっ！|마법?! 하하! 나는 과학으로 마법을 부릴 수 있지! 나중에 다시 오면 보여주도록 하지! 히히하하!|MAGIE?! HAHA! Ich erschaffe Magie mit Wissenschaft! Kommen Sie einfach später wieder und Sie werden sehen! Hihihaha!|MAGIQUE ! HAHA ! Je crée de la magie avec de la science ! Reviens plus tard et tu verras ! Hihihaha !|¡¿MAGIA?! ¡JA, JA! ¡Yo creo magia con la ciencia! ¡Vuelve más tarde y ya verás! ¡Jijijaja!|MAGIA?! HAHA! Tworzę magię nauką! Po prostu wróć później i zobaczysz! Hihihaha!
dialog_um|Naked eye can't see everything. Sadly, I've seen too much. Are you ready to see our future?|Paljas silmä ei näe kaikkea. Minä sen sijaan olen nähnyt liikaa. Oletko valmis näkemään tulevaisuuteen?|O olho nu não pode ver tudo. infelizmente, eu vi demais. Você está pronto para ver nosso futuro?| Невооруженным глазом не все видно. К сожалению.|肉眼看不見一切。 遺憾的是, 我看到的太多了。 你準備好看看我們的未來了嗎？|肉眼ではすべてを見ることはできません。 残念ながら、 私はあまりにも多くを見てきました。 あなたは私たちの未来を見る準備ができていますか？|육안으로는 모든 것을 볼 수가 없다네. 하지만, 난 그 모든 것을 볼 수 있지. 우리의 미래를 볼 준비가 되었나?|Mit bloßem Auge kann man nicht alles sehen. Traurigerweise habe ich zu viel gesehen. Bist du bereit, unsere Zukunft zu sehen?|L'oeil inexpérimenté ne peut pas tout voir. Malheureusement, j'en ai trop vu. Êtes-vous prêts à voir notre avenir ?|A simple vista no se puede ver todo. Por desgracia, yo he visto demasiado. ¿Estás listo para ver nuestro futuro?|Gołym okiem nie widać wszystkiego. Niestety, widziałem zbyt wiele. Czy jesteś gotowy zobaczyć naszą przyszłość?
dialog_torstein|Hey there! I can buy excess items off you or help you with crafting new gear.||Olá! Posso comprar itens em excesso de você ou ajudá-lo a criar novos equipamentos.| Привет! Я могу купить у тебя лишние вещи или помочь с изготовлением нового снаряжения.|嘿！我可以從你那裡買多餘的東西，或是幫你製作新裝備. |やあ！ 余ったアイテムを買い取ったり、新しい装備のクラフトを手伝ったりできるよ。|안녕하세요! 여분의 아이템을 사거나 새로운 장비 제작을 도와줄 수 있어요.|Hey! Ich kann dir überschüssige Gegenstände abkaufen oder dir beim Herstellen neuer Ausrüstung helfen.|Bonjour à tous ! Je peux vous acheter des objets en trop ou vous aider à fabriquer de nouveaux équipements.|¡Hola! Puedo comprarte los objetos que te sobren o ayudarte a fabricar equipo nuevo.|Hej! Mogę odkupić od ciebie nadmiarowe przedmioty lub pomóc ci w tworzeniu nowego sprzętu.
dialog_haldor|Hail the Allfather!||Saúdem o Pai Todo-Poderoso!| Слава Всеотцу!|向眾神之父致敬！ |万物の父よ、栄光あれ！|올파더 만세!|Heil dem Allvater!|Vive le Père tout-puissant !|¡Gloria al Padre de Todos!|Chwała Allfatherowi!
|||||||||||
[Sarcaster]|||||||||||
dialog_coffeeBeans|Could you retrieve my coffee beans, [heroname]? I've lost them somewhere in the Outskirts of Inoya. I really need to make coffee... hrrrr.....|Could you retrieve my coffee beans please? I've lost them somewhere in the Outskirts of Inoya. I really need to make coffee... hrrrr.....|Você poderia recuperar meus grãos de café, [heroname]? Eu os perdi em algum lugar nos arredores de Inoya. Eu realmente preciso fazer café... hrrrr.....| Не могли бы вы вернуть мои кофейные зерна?|你能取回我的咖啡豆嗎？我在[c_aqua]伊諾亞郊區≤1-1≥[c_reset]的某個地方丟了它們. 我真的需要煮咖啡...hrrrr.....|コーヒー豆を取り戻してくれないかい、[heroname]？イノヤの郊外でなくしてしまってね…。どうしてもコーヒーを淹れたいんだ…うう…。|커피 원두 좀 찾아줄 수 있겠나, [heroname]? 이노야 외곽 어딘가에 떨어뜨린 것 같아. 커피를 꼭 내려 마셔야 하는데... 흐으으으…|Could you retrieve my coffee beans please? I've lost them somewhere in the Outskirts of Inoya. I really need to make coffee... hrrrr.....|Pourriez-vous retrouver mes [c_yellow]grains de café[c_reset], [heroname] ? Je les ai perdus quelque part dans les [c_aqua]Abords d'Inoya[c_reset]. J'ai vraiment besoin de café... hrrrr.....|¿Podrías recuperar mis granos de café, [heroname]? Los he perdido en algún lugar de las Afueras de Inoya. Necesito preparar café urgentemente... hrrrr.....|Czy mógłbyś odzyskać moje ziarna kawy, [heroname]? Zgubiłem je gdzieś na Obrzeżach Inoya. Naprawdę muszę zrobić kawę... hrrrr.....
dialog_coffeeBeans_end|My precious coffee beans!! Thank you!||Meus preciosos grãos de café!! Obrigada! | Мои драгоценные кофейные зерна!! Спасибо!|我珍貴的咖啡豆！！  非常感謝. |僕の大事なコーヒー豆だ！！ありがとう！|내 소중한 커피 원두!! 고맙네!|Meine kostbaren Kaffeebohnen!! Danke!|Mes précieux grains de café !! Merci ! |¡Mis preciados granos de café! ¡Gracias!|Moje cenne ziarna kawy!! Dziękuję!
dialog_coffeeBricks|My house collapsed in the storm last week, could you help me collect some bricks from the Fields of Battle? I'd really appreciate it!|My house collapsed in the storm last week, could you help me collect some bricks from the Fields of Battle? I'd really appreciate it!|Minha casa desabou na tempestade da semana passada. Você poderia me ajudar a coletar alguns tijolos nos Campos de Batalha? Eu ficaria muito grato!| Мой дом рухнул во время шторма на прошлой неделе.|我的房子在上週的風暴中倒塌了,  你能幫我從[c_aqua]戰場之地≤1-2≥[c_reset]上收集一些磚塊嗎？  我會很感激！|先週の嵐で家が崩れちゃってね。バトルフィールドからレンガを集めてきてくれないか？すごく助かるよ！|지난주 폭풍 때문에 집이 무너졌어. 전장의 들판에서 벽돌 좀 모아줄 수 있을까? 정말 감사하겠어!|My house collapsed in the storm last week, could you help me collect some bricks from the Fields of Battle? I'd really appreciate it!|Ma maison s'est effondrée lors de la tempête de la semaine dernière. Pourriez-vous m'aider à récupérer des [c_yellow]briques[c_reset] sur les [c_aqua]Champs de bataille[c_reset] ? Je vous en serais très reconnaissant !|Mi casa se derrumbó con la tormenta de la semana pasada, ¿podrías ayudarme a recoger algunos ladrillos de los Campos de Batalla? ¡Te lo agradecería de veras!|Mój dom zawalił się podczas burzy w zeszłym tygodniu, czy mógłbyś pomóc mi zebrać trochę cegieł z Pola Bitwy? Byłbym bardzo wdzięczny!
dialog_coffeeBricks_end|Marvellous! Finally my house is back intact!||Maravilhoso! Finalmente minha casa está intacta de novo! | Чудесно! Наконец-то мой дом снова в целости и сохранности!|優秀！終於我的房子完好地回來了！|素晴らしい！ようやく家が元どおりになったよ！|굉장해! 드디어 집이 다시 멀쩡해졌어!|Wunderbar! Endlich ist mein Haus wieder unversehrt!|Merveilleux ! Ma maison est enfin de nouveau intacte ! |¡Maravilloso! ¡Por fin mi casa vuelve a estar de una pieza!|Wspaniale! W końcu mój dom jest znów w całości!
dialog_coffeeHotWater|I've run out of water and I'm starting to lose my mind! Could you bring me some from the Pumpkin Patch? I have something really cool for you in return!!|I've run out of water and I'm starting to loose my mind! Could you bring me some from the Pumpkin Patch? I have something really cool for you in return!!|Fiquei sem água e estou começando a perder minha cabeça! Você poderia me trazer um pouco do Canteiro de Abóboras? Tenho algo muito legal pra você em troca!!!| У меня закончилась вода, и я начинаю сходить с ума! Не могли бы вы принести мне немного с тыквенной грядки? У меня есть кое-что действительно крутое для вас взамен!!|我的水用完了,我開始失去理智了! 你可以去[c_aqua]南瓜田≤1-3≥[c_reset]取一些給我嗎？  作為回報,我有一些非常酷的東西給你！！|水が切れて正気を失いそうだよ！パンプキンパッチから持ってきてくれないか？代わりにすごい物をあげるよ！！|물이 다 떨어져서 정신이 아득해지고 있어! 호박밭에서 물 좀 가져다줄 수 있겠나? 정말 멋진 걸 보답으로 줄게!!|I've run out of water and I'm starting to loose my mind! Could you bring me some from the Pumpkin Patch? I have something really cool for you in return!!|Je n'ai plus d'[c_yellow]eau[c_reset] et je commence à perdre la tête ! Pourrais-tu m'en rapporter du [c_aqua]Champs de citrouilles[c_reset] ? J'ai quelque chose de vraiment cool pour vous en retour !|¡Me he quedado sin agua y estoy empezando a enloquecer! ¿Podrías traerme un poco del Huerto de Calabazas? ¡A cambio, tengo algo genial para ti!|Skończyła mi się woda i zaczynam tracić rozum! Czy mógłbyś przynieść mi trochę z Pumpkin Patch? Mam coś naprawdę fajnego dla ciebie w zamian!!
dialog_coffeeHotWater_end|Finally I can brew my coffee and keep the house warm! ||Finalmente posso preparar meu café e manter a casa aquecida! | Наконец-то я могу сварить кофе и поддерживать тепло в доме!||これでようやくコーヒーを淹れて、家を暖かくできる！|이제 커피도 내리고, 집도 따뜻하게 덥힐 수 있겠군!|Endlich kann ich mir Kaffee kochen und das Haus warmhalten!|Enfin, je peux faire mon café et garder la maison au chaud ! |¡Por fin puedo preparar mi café y mantener la casa caliente!|W końcu mogę zaparzyć kawę i ogrzać dom! 
|||||||||||
[Normal Main Quest]|||||||||||
dialog_mainLookAround|I'm here to help our heroes. Come back to me when you've grown stronger and I can help you with some gear.|Olen täällä auttamassa sankareitamme. Tule takaisin kun olet vahvempi niin voin auttaa sinua varustautumaan.|Estou aqui para ajudar nossos heróis. Retorne a mim quanto estiver mais forte e poderei ajudá-lo com algum equipamento.| Я здесь, чтобы помочь нашим героям. Возвращайся ко мне, когда станешь сильнее, и я смогу помочь тебе с каким-нибудь снаряжением.|我來這裡是為了幫助我們的英雄。  當你變得更強時回到我身邊，我可以給你一些裝備幫助你。|私はヒーロオたちを助けるためにここにいます。 あなたが強くなったら私のところに戻って来な、 いくつかのギアを提供しますよ。|나에게는 영웅들을 도울 임무가 있지. 제가 충분히 강해졌다고 생각이 들면, 내게 찾아오거라. 내가 도움을 주겠으니.|Ich bin hier, um unseren Helden zu helfen. Komm zu mir zurück, wenn du stärker geworden bist und ich kann dir mit etwas Ausrüstung helfen.|Je suis là pour aider nos héros. Revenez me voir quand vous serez plus forts et je vous aiderai à vous équiper.|Estoy aquí para ayudar a nuestros héroes. Vuelve a verme cuando te hayas fortalecido y podré ayudarte con algo de equipo.|Jestem tu, aby pomagać naszym bohaterom. Wróć do mnie, gdy urośniesz w siłę, a pomogę ci z jakimś sprzętem.
dialog_mainLookAround_end|Mathematical! I will make good use of these..||Que ótimo! Vou usar bem isso... |Математически это здорово! Я найду этому хорошее применение... |太讚了！我會好好利用這些東西的.. |数学的だ！これは有効活用できるだろう。 |수학이군요! 잘 활용해 보겠습니다. |Mathematisch! Die werde ich gut gebrauchen können.|Génial ! Je vais bien les utiliser… |¡Matemático! Le daré un buen uso a esto...|Matematycznie! Dobrze wykorzystam te...
dialog_mainPurgingTheLands|This used to be peaceful forest, but something is corrupting it. Bring me some body parts for research.|Tämä oli ennen rauhallinen metsä, mutta jokin korruptoi sitä. Tuo minulle ruumiinosia että voin tutkia niitä.|Esta costumava ser uma floresta pacífica, mas alguma coisa a está corrompendo. Me traga algumas partes de corpos para pesquisa.| Раньше это был мирный лес.|這裡曾經是一片寧靜的森林，但有些東西正在破壞它.  給我一些身體部位來做研究.|ここ 昔 は 平和な 森林だったが、 何か に 腐敗 さ れて しまいました。 研究 の ため に いくつ か の ボディーパート を 持って きて ください。|한때 이 숲은 평화로웠지만, 무언가가 숲은 타락하게 만들었지. 연구에 필요한 신체 조각을 가져오거라.|Früher war das ein friedlicher Wald, aber irgendetwas verdirbt ihn. Bringen Sie mir ein paar Körperteile für die Forschung.|Cette forêt était autrefois paisible, mais quelque chose la corrompt. Apportez-moi des [c_yellow]morceaux de corps[c_reset] de monstre que je puisse faire quelques recherches.|Este solía ser un bosque pacífico, pero algo lo está corrompiendo. Tráeme algunos restos de sus cuerpos para mi investigación.|To kiedyś był spokojny las, ale coś go psuje. Przynieś mi trochę części ciała do badań.
dialog_mainPurgingTheLands_end|Mathematical! I will make good use of these..||Matemático! Farei bom uso deles...| Математично! Я воспользуюсь этим с пользой..|太讚了! 我會好好利用這些.. |素晴らしい！これらを有効に使わせてもらうよ。。|수학적이군! 이걸 잘 활용할 거야..|Mathematisch! Die werde ich gut gebrauchen können.|Génial ! Je vais bien les utiliser… |¡Matemático! Les daré un buen uso a estos...|Matematycznie! Dobrze wykorzystam te...
dialog_mainShocker|Magister Kujala is wrong! This is no magic act. I believe creatures of the forest just need some... Shock therapy hihihahahohoo!|Velho Kujala on väärässä! Tämä ei ole taikuutta. Minusta metsän olennot tarvitsevat vain hieman... Shokkiterapiaa hihihahahohoo!|O Mestre Kujala está enganado! Isto não é um número de mágica. Eu acredito que as criaturas da floresta só precisam de uma... Terapia de choque hihihahahohoo!| Магистр Куджала ошибается! Это не магический акт. Я считаю, что существам леса просто нужна... Шоковая терапия, хихихахахахах!|Magister Kujala錯了!  這不是魔術表演。  我相信森林裡的生物只需要一些... 震撼療法嘻嘻哈哈吼吼！|マギステル ・ クジャラは間違っています！ これは魔法の出来事ではありません。 私の考えでは森の生き物たちが必要とするのは。。。 ちょっとしたショック ・ セラピーです！ ヒヒっハハっホホ〜！|매지스터 쿠잘라가 틀렸어! 이건 마법의 행위가 아니야. 나는 숲의 생물들이 조금만... 쇼크 요법을 받으면 된다고 믿어. 히히하하호호!|Magister Kujala irrt sich! Das ist kein Zaubertrick. Ich glaube, die Kreaturen des Waldes brauchen nur ein paar... Schocktherapie hihihahahahohoo!|Le [c_lime]Magister Kujala[c_reset] se trompe ! Il ne s'agit pas d'un acte de magie. Je crois que les créatures de la forêt ont juste besoin d'un peu de... thérapie de choc hihihahahohoo !|¡El Magister Kujala se equivoca! Esto no es obra de magia. ¡Creo que las criaturas del bosque solo necesitan un poco de... terapia de electrochoque, jijijajajojoo!|Magister Kujala się myli! To nie jest akt magiczny. Wierzę, że stworzenia lasu po prostu potrzebują... terapii szokowej hihihahahohoo!
dialog_mainShocker_end|Well done! The smell of ash.. Ahh!!||Muito bem! O cheiro de cinzas... Ahh!!!| Молодец! Запах пепла.. Аааа!!|幹得好！灰燼的味道..啊！！ |よくやった！灰の匂いだ…ああっ！！|잘했어! 재의 냄새... 아하!!|Gut gemacht! Der Geruch von Asche... Ahh!!|Bravo ! L'odeur de cendre... Ahh !! |¡Bien hecho! El olor a ceniza... ¡Ah!|Dobra robota! Zapach popiołu.. Ahh!!
dialog_mainGurag|Seems like this 'shock therapy' didn't work too well. My research tells me, Gurag is the one causing problems in the forest.|Näyttää että tämä 'shokkiterapia' ei toiminutkaan niin hyvin. Tutkimukseni kertoo, että Gurag on aiheuttanut metsän ongelmat.|"Parece que esta ""terapia de choque"" não funcionou muito bem. Minha pesquisa me diz que Gurag é quem está causando os problemas na floresta."| Похоже, эта «шоковая терапия» не сработала. Мои исследования говорят мне,|看來這種「震撼療法」效果不太好。  我的研究告訴我，古拉格是森林問題的根源. |このような「ショック ・ セラピー」はうまくいきませんでした。 私の研究によると、 グラゴは森林に問題を引き起こすものです。|이 ‘쇼크 요법’은 잘 통하지 않았나 봐. 내 연구에 따르면, 숲에서 문제를 일으키고 있는 건 구라그야.|"Scheint so, als hätte diese""Schocktherapie"" nicht so gut funktioniert. Meine Forschung sagt mir, dass Gurag derjenige ist, der Probleme im Wald verursacht."|"Il semblerait que cette ""thérapie de choc"" n'ait pas très bien fonctionné. D'après mes recherches, c'est [c_red]Gurag[c_reset] qui cause des problèmes dans la forêt."|Parece que esta 'terapia de electrochoque' no funcionó muy bien. Mis investigaciones me dicen que Gurag es quien está causando los problemas en el bosque.|Wygląda na to, że ta „terapia szokowa” nie zadziałała zbyt dobrze. Moje badania mówią mi, że Gurag jest tym, który powoduje problemy w lesie.
dialog_mainGurag_end|The end of Gurag´s reign is a big win for Tarethiel! May this artifact help you on your path!||O fim do reinado de Gurag é uma grande vitória para Tarethiel! Que este artefato o ajude em seu caminho!| Конец правления Гурага — большая победа для Таретиэль! Пусть этот артефакт поможет вам на вашем пути!|古拉格統治的結束對Tarethiel來說是一個巨大的勝利！  願這件神器在你的道路上助你一臂之力！ |グラグの支配の終わりはタレシエルにとって大きな勝利だ！このアーティファクトが君の旅の助けになりますように！|구라그의 지배가 끝난 것은 타레시엘에게 큰 승리야! 이 유물이 네 길에 도움이 되길 바란다!|Das Ende von Gurags Herrschaft ist ein großer Sieg für Tarethiel! Möge dieses Artefakt dir auf deinem Weg helfen!|La fin du règne de Gurag est une grande victoire pour Tarethiel ! Puisse cet artefact vous guider sur votre chemin ! |¡El fin del reinado de Gurag es una gran victoria para Tarethiel! ¡Que este artefacto te ayude en tu camino!|Koniec panowania Guraga to wielka wygrana dla Tarethiel! Niech ten artefakt pomoże ci na twojej drodze!
dialog_mainEnchanters|I feel like Gurag isn't alone in this madness. Even those greedy goblins are helping their masters.|Minusta tuntuu että Gurag ei ole yksin tässä hulluudessa. Jopa ahneet peikot auttavat mestareitaan.|Sinto que Gurag não está sozinho nesta loucura. Até aqueles goblins gananciosos estão ajudando seus mestres.| Мне кажется, Гураг не одинок в этом безумии. Даже эти жадные гоблины помогают своим хозяевам.|我覺得古拉格並不是唯一陷入這種瘋狂的人。  連那些貪婪的地精也在幫助他們的主人. |グラゴ が 唯一 の 元凶で は ない ような 気 が します。 あの 貪欲な ゴブリンたち も 彼ら の マスター を 支援 し に 来て います。|구라그만의 미친 짓이 아닌 것 같아. 탐욕스러운 고블린들조차 그들의 주인을 도와주고 있어.|Ich fühle mich, als wäre Gurag nicht allein in diesem Wahnsinn. Sogar diese gierigen Kobolde helfen ihren Herren.|J'ai l'impression que Gurag n'est pas seul dans cette folie. Même ces gobelins cupides aident leurs maîtres.|Siento que Gurag no está solo en esta locura. Incluso esos codiciosos goblins están ayudando a sus amos.|Czuję, że Gurag nie jest sam w tym szaleństwie. Nawet te chciwe gobliny pomagają swoim panom.
dialog_mainEnchanters_end|We can finally restore our merchant activity, may the allfather bless you on your journey!||Podemos finalmente restaurar nossa atividade comercial. Que o Pai Todo-Poderoso o abençoe em sua jornada!| Мы наконец-то можем восстановить нашу торговую деятельность|我們商店終於可以重新開業了，  願眾神之父保佑你們旅途愉快！ |ついに商売を再開できる！旅の道中、オールファーザーの祝福がありますように！|드디어 우리의 상인 활동을 회복할 수 있게 되었어, 네 여정에 올 아버지의 축복이 함께하길!|Endlich können wir unsere Handelstätigkeit wieder aufnehmen, möge der Allvater euch auf eurer Reise segnen!|Nous pouvons enfin reprendre notre activité commerciale, que le Père de tous vous bénisse dans votre voyage ! |¡Finalmente podemos restaurar nuestra actividad comercial, que el Padre de Todos bendiga tu viaje!|W końcu możemy przywrócić aktywność kupiecką, niech Allfather błogosławi cię w twojej podróży!
dialog_mainReaper|This is more serious than I thought. We have to bring death itself down!|Tämä on vakavampaa kuin luulinkaan. Meidän täytyy tuhota itse kuolema!|Isto é mais sério que pensei. Temos acabar com a própria morte!| Это серьезнее, чем я думал. Мы должны уничтожить саму смерть!|這比我想像的更嚴重。 我們必須停止死亡！|これは私が思ったよりかなり深刻です。 私たちは死神を倒さなければなりません！|이건 생각보다 더 심각해. 이제 죽음을 불러와야겠어!|Das ist ernster, als ich dachte. Wir müssen den Tod selbst zu Fall bringen!|C'est plus grave que je ne le pensais. Nous devons abattre [c_red]la Mort[c_reset] elle-même !|Esto es más serio de lo que pensaba. ¡Tenemos que acabar con la mismísima Muerte!|To jest poważniejsze niż myślałem. Musimy sprowadzić samą śmierć w dół!
dialog_mainReaper_end|Your courage shall not be forgotten! Take this as a token of our appreciation.||Sua coragem não será esquecida! Tome isso como um símbolo de nossa gratidão.| Ваше мужество не будет забыто! Примите это в знак нашей признательности.|你的勇氣不會被忘記！  以此表示我們的謝意。 |あなたの勇気は決して忘れられない！これを感謝の印として受け取ってください。|너의 용기는 결코 잊히지 않을 거야! 우리의 감사의 표시로 이걸 받아라.|Dein Mut wird nicht vergessen werden! Nimm dies als Zeichen unserer Anerkennung.|Votre courage ne sera pas oublié ! Acceptez ceci en témoignage de notre reconnaissance. |¡Tu coraje no será olvidado! Acepta esto como muestra de nuestro aprecio.|Twoja odwaga nie zostanie zapomniana! Weź to jako symbol naszego uznania.
dialog_mainCleanse|Somebody needs to stop this madness. Leave no survivors!|Jonkun täytyy lopettaa tämä hulluus. Älä jätä ketään henkiin!|Alguém tem que parar com esta loucura. Não deixe sobreviventes!|Кто-то должен остановить это безумие. Не оставлять выживших!|需要有人阻止這種瘋狂。  不留活口!!|誰かがこの狂気を止める必要があります。 生存者のもとを去らないでください！|이 광기를 멈추는 사람이 필요해. 살아남은 자는 두고 가지 마라!|Jemand muss diesen Wahnsinn stoppen. Lasst keine Überlebenden zurück!|Quelqu'un doit mettre fin à cette folie. Ne laissez aucun survivant !|Alguien tiene que detener esta locura. ¡Que no queden supervivientes!|Ktoś musi powstrzymać to szaleństwo. Nie zostawiać żadnych ocalałych!
dialog_mainCleanse_end|The lands are finally safer to travel, we are grateful for your aid!||As terras estão finalmente mais seguras para viajar, somos gratos por sua ajuda!| Наконец-то стало безопаснее путешествовать по этим землям|這片土地終於可以更安全地旅行了，  我們感謝您的幫助！ |この地はついに安全に旅ができるようになりました。あなたの助けに感謝します！|이제 땅이 다시 여행하기에 안전해졌어, 네 도움에 감사한다!|Das Land ist endlich wieder sicherer zu bereisen, wir sind Ihnen für Ihre Hilfe dankbar!|Ces régions sont enfin plus sûres pour les voyages, nous vous sommes reconnaissants de votre aide ! |¡Las tierras son por fin más seguras para viajar, agradecemos tu ayuda!|Ziemie są wreszcie bezpieczniejsze do podróżowania, jesteśmy wdzięczni za twoją pomoc!
dialog_mainAnubis|Anubis has used his powers against us, you know what to do!|Anubis on käyttänyt voimiaan meitä vastaan, tiedät mitä tehdä!|Anubis usou seu poder contra nós, você sabe o que fazer!| Анубис использовал свои силы против нас|阿努比斯用他的力量對付我們，你知道該怎麼做！|アヌビスも邪魔しに来ました、 何をすべきかあなたは知っていますよね！|아누비스가 그의 힘을 우리에게 사용했어, 네가 해야 할 일을 알고 있겠지!|Anubis hat seine Kräfte gegen uns eingesetzt, ihr wisst, was ihr zu tun habt!|[c_red]Anubis[c_reset] a utilisé ses pouvoirs contre nous, vous savez quoi faire !|Anubis ha usado sus poderes contra nosotros, ¡ya sabes lo que tienes que hacer!|Anubis użył swoich mocy przeciwko nam, wiesz co robić!
dialog_mainAnubis_end|Are you the hero who saved Mos'Arathim?|Are you the hero who saved Mos'Arathim?|Você é o herói que salvou Mos'Arathim?| Вы герой, спасший Мос'Аратим?|你是拯救莫斯阿拉辛的英雄嗎？|あなたがモスアラシムを救った英雄ですか？|너가 모스'아라팀을 구한 영웅인가?|Bist du der Held, der Mos'Arathim gerettet hat?|Êtes-vous le héros qui a sauvé Mos'Arathim ?|¿Eres tú el héroe que salvó Mos'Arathim?|Czy jesteś bohaterem, który uratował Mos'Arathim?
dialog_mainDungeonMine|There is an Old Copper Mine nearby which has since been taken over by evil forces. Could you clear it from these abominations? The mine should still be open, but be quick, things might change when the creatures grow stronger.|There is an Old Copper Mine nearby which has since been taken over by evil forces. Could you clear it from these abominations? The mine should still be open, but be quick, things might change when the creatures grow stronger.|Há uma antiga mina de cobre nas proximidades que, desde então, foi tomada por forças malignas. Você poderia limpá-la dessas abominações? A mina ainda deve estar aberta, mas seja rápido, pois as coisas podem mudar quando as criaturas ficarem mais fortes.| Неподалеку находится старая медная шахта, которая с тех пор захвачена злыми силами. Сможете ли вы очистить ее от этих мерзостей? Шахта должна быть открыта|附近有一座被邪惡勢力攻佔的舊銅礦井。  你能清除那些可怕的怪物嗎？  礦坑應該還是開放的，  但要快，當這些生物變得更強大時，  情況可能會改變. |近くに古い銅鉱山がありますが、悪しき勢力に支配されています。そこにいる化け物たちを一掃してもらえますか？鉱山はまだ開いているはずですが、急いでください。生き物たちが強くなると状況が変わるかもしれません。|근처에 오래된 구리 광산이 있는데 악의 세력에게 점령당했어. 그 괴물들을 처치하고 광산을 깨끗이 치워줄 수 있겠나? 광산은 여전히 열려 있을 거지만, 빠르게 해야 해. 괴물들이 더 강해지면 상황이 변할 수도 있어.|In der Nähe befindet sich eine alte Kupfermine, die von finsteren Mächten besetzt wurde. Könntest du sie von diesen Abscheulichkeiten befreien? Die Mine sollte noch zugänglich sein, aber beeil dich, denn die Lage könnte sich ändern, sobald die Kreaturen stärker werden.|Une ancienne mine de cuivre se trouve à proximité et a été envahie par des forces maléfiques. Pourriez-vous la débarrasser de ces abominations ? La mine devrait être encore ouverte, mais faites vite, les choses pourraient changer lorsque les créatures deviendront plus fortes.|Hay una Vieja Mina de Cobre cerca que ha sido tomada por fuerzas malignas. ¿Podrías limpiarla de estas abominaciones? La mina debería seguir abierta, pero date prisa, las cosas podrían cambiar cuando las criaturas se fortalezcan.|W pobliżu znajduje się Stara Miedziowa Kopalnia, która od tego czasu została przejęta przez złe siły. Czy mógłbyś oczyścić ją z tych obrzydliwości? Kopalnia powinna być nadal otwarta, ale się pospiesz, rzeczy mogą się zmienić, gdy stworzenia staną się silniejsze.
dialog_mainDungeonMine_end|Back so soon?|Back so soon?|Já voltou?| Возвращаетесь так скоро?|這麼快就回來了？ |もう戻ってきたのですか？|벌써 돌아왔나?|Schon wieder zurück?|Déjà de retour ?|¿Ya de vuelta?|Z powrotem tak szybko?
dialog_mainHighlandMines|We have forgotten some equipment within the highland caves during the evacuation. Could you collect and deliver them to Thastun within the Corrupted Caves?||Esquecemos alguns equipamentos nas cavernas das terras altas durante a evacuação. Você poderia coletá-los e entregá-los a Thastun dentro das Cavernas Corrompidas?| Мы забыли некоторое оборудование в горных пещерах во время эвакуации. Не могли бы вы собрать и доставить его Тастуну в Оскверненных пещерах?|在疏散過程中，我們把一些設備忘在高地礦場≤4-2≥裡了。  你能收集它們並將其交給腐化洞穴≤4-3≥內的Thastun嗎？|避難の際に高地の洞窟に装備を置き忘れてしまいました。それを集めて、汚染された洞窟のサスタンに届けてもらえますか？|우리가 대피할 때 고지 동굴에 장비를 두고 왔어. 그걸 모아서 타스툰에게 전달해줄 수 있겠나, 부패한 동굴에서?|Wir haben bei der Evakuierung Ausrüstung in den Hochlandhöhlen vergessen. Könntet Ihr sie bitte einsammeln und Thastun in den Verderbten Höhlen bringen?|Nous avons oublié du matériel dans les grottes des hautes terres lors de l'évacuation. Pourriez-vous le récupérer et le rapporter à Thastun dans les Grottes Corrompues ?|Olvidamos parte del equipo en las cuevas de las tierras altas durante la evacuación. ¿Podrías recogerlo y entregárselo a Thastun en las Cavernas Corruptas?|Zapomnieliśmy o jakimś sprzęcie w jaskiniach wyżyn podczas ewakuacji. Czy mógłbyś je zebrać i dostarczyć Thastunowi w Skażonych Jaskiniach?
dialog_mainHighlandMines_end|Great job traveler! Thank you for returning our precious mining gear!||Ótimo trabalho, viajante! Obrigado por devolver nosso precioso equipamento de mineração!|Отличная работа, путешественник! Спасибо, что вернули наше ценное горнодобывающее оборудование! |做得好旅行者！  感謝您歸還我們珍貴的採礦設備！ |素晴らしい仕事です、旅人よ！大切な採掘装備を返してくれてありがとう！|잘했어 여행자! 귀중한 채굴 장비를 돌려줘서 고마워!|Großartig, Reisender! Vielen Dank, dass Ihr unsere wertvolle Bergbauausrüstung zurückgebracht habt!|Excellent travail, voyageur ! Merci d'avoir ramené notre précieux équipement minier ! |¡Gran trabajo, viajero! ¡Gracias por devolver nuestro preciado equipo de minería!|Świetna robota, podróżniku! Dziękuję za zwrócenie naszego cennego sprzętu górniczego!
dialog_mainSlayer|You've done well so far, but we must be fast to stop their spawning!|Olet tehnyt hyvin tähän asti, mutta meidän täytyy olla nopeita estääksemme niiden syntyminen!|Você foi bem até aqui, mas precisamos ser rápidos para impedir sua reprodução!| До сих пор вы хорошо справлялись.|到目前為止你做得很好，但我們必須盡快阻止它們！|あなた は これ まで よく やりましたが、 彼ら の 産卵 を 止める に は 我々 も 速く しなければ なりません！|지금까지 잘 해왔지만, 그들의 부화가 시작된 걸 막으려면 서둘러야 해!|Du hast dich bisher gut geschlagen, aber wir müssen schnell sein, um ihr Spawnen zu stoppen!|Vous avez bien travaillé jusqu'à présent, mais nous devons être rapides pour arrêter leur prolifération !|Lo has hecho bien hasta ahora, ¡pero debemos darnos prisa para detener su aparición!|Do tej pory dobrze sobie radziłeś, ale musimy się pospieszyć, aby powstrzymać ich rozmnażanie!
dialog_mainSlayer_end|Marvellous! Keeping these pests out of our way is a constant nuisance! ||Maravilhoso! Manter essas pragas fora do nosso caminho é um incômodo constante!| Чудесно! Убирать этих вредителей с дороги — постоянная неприятность!|太美妙了！  讓我們能遠離這些持續造成麻煩的害蟲！|素晴らしい！これらの害虫を排除するのは絶え間ない厄介ごとです！|굉장해! 이 괴물들을 계속 막는 건 정말 성가신 일이야!|Wunderbar! Diese Plagegeister fernzuhalten, ist eine ständige Plage!|Merveilleux ! Se débarrasser de ces nuisibles est un véritable calvaire !|¡Maravilloso! ¡Mantener a raya a estas plagas es una molestia constante!|Wspaniale! Utrzymywanie tych szkodników z dala od naszej drogi jest ciągłą udręką! 
dialog_mainDemonsLair|Find and slay the Damned Commander and all of his minions roaming these unholy lands!||Encontre e mate o Comandante Maldito e todos os seus servos que vagam por essas terras profanas!| Найдите и убейте Проклятого Командира и всех его приспешников, бродящих по этим нечестивым землям!|找到並殺死該死的指揮官和他所有在這片邪惡土地上游蕩的爪牙！|この不浄な地をさまよう呪われた指揮官と彼の手下たちを見つけて討ち取ってください！|저주받은 지휘관과 그가 이 성스러운 땅을 떠도는 모든 부하들을 처치하고 와라!|Findet und vernichtet den Verdammten Kommandanten und all seine Schergen, die in diesen unheiligen Landen ihr Unwesen treiben!|Trouvez et éliminez le Commandant Maudit et tous ses sbires qui rôdent sur ces terres impies !|¡Encuentra y aniquila al Comandante Maldito y a todos sus esbirros que deambulan por estas tierras impías!|Znajdź i zabij Przeklętego Dowódcę oraz wszystkich jego minionów wędrujących po tych nieświętych ziemiach!
dialog_mainDemonsLair_end|We couldn´t have done this without you, may the allfather bless you!||Não poderíamos ter feito isso sem vocês, que o Pai Todo-Poderoso o abençoe!| Мы бы не смогли сделать это без вас.|沒有你，我們不可能做到這一點，  願眾神之父保佑你！ |あなたなしでは成し遂げられませんでした。全能の父の加護がありますように！|우리는 너 없이는 할 수 없었어, 모든 아버지의 축복이 함께 하기를!|Ohne euch hätten wir das nicht geschafft. Möge der Allvater euch segnen!|Nous n'aurions rien pu faire sans vous, que le Père de Tout vous bénisse ! |No podríamos haberlo hecho sin ti, ¡que el Padre de Todos te bendiga!|Nie moglibyśmy tego zrobić bez ciebie, niech Allfather cię błogosławi!
dialog_mainDamien|I should have known. Damien is the one pulling strings. Stop him and we have a chance to prevent the apocalypse!|Olisi pitänyt arvata. Damien on kaiken takana. Pysäytä hänet niin meillä on mahdollisuus estää kaiken loppu!|Eu deveria saber. Damien é quem está por trás disso. Impeça-o, e teremos a chance de prevenir o apocalipse.| Я должен был знать. Дэмиен — тот, кто дергает за ниточки. Остановите его, и у нас появится шанс предотвратить апокалипсис!|我早該知道的。  達米安是幕後操縱者。  阻止他，我們就有機會阻止世界末日！|私は知っていたはずでした。 ダミアンこそ弦を引っ張る人です。 彼を止めないと、 黙示録を止める可能性はありません！|알았어, 데미언이 배후에 있다는 걸 알아차렸어. 그를 멈추면 우리는 종말을 막을 수 있는 기회가 생길 거야!|Ich hätte es wissen müssen. Damien ist derjenige, der die Fäden zieht. Haltet ihn auf und wir haben die Chance, die Apokalypse zu verhindern!|J'aurais dû m'en douter. [c_red]Damien[c_reset] est celui qui tire les ficelles. Arrêtez-le et nous aurons une chance d'empêcher l'apocalypse !|Debería haberlo sabido. Damien es quien mueve los hilos. ¡Detenlo y tendremos una oportunidad de evitar el apocalipsis!|Powinienem był wiedzieć. Damien jest tym, który pociąga za sznurki. Zatrzymaj go, a mamy szansę zapobiec apokalipsie!
dialog_mainDamien_end|The son of Satan has fallen, bless you hero! Here is our gift to you!||O filho de Satanás caiu, abençoado seja o herói! Aqui está nosso presente para você!|Сын Сатаны пал, благослови тебя, герой! Вот наш подарок тебе! |撒旦之子隕落， 祝福你英雄！  這是我們送給您的禮物！ |サタンの息子は倒れました、英雄よ、祝福あれ！これが私たちからの贈り物です！|사탄의 아들이 쓰러졌어, 축복하네 영웅! 이건 우리의 선물이야!|Der Sohn Satans ist gefallen, Gott segne dich, Held! Hier ist unser Geschenk für dich!|Le fils de Satan est tombé, que Dieu te bénisse, héros ! Voici notre cadeau pour toi ! |¡El hijo de Satán ha caído, bendito seas, héroe! ¡Aquí tienes nuestro regalo!|Syn Satana upadł, błogosławię cię, bohaterze! Oto nasz dar dla ciebie!
dialog_mainPrisoners|Some of the citizens were captured. Help them to get out of there!|Siviilejä on jäänyt vangiksi. Sinun täytyy auttaa heitä!|Alguns cidadãos foram capturados. Ajude-os a escapar!|Часть граждан попала в плен. Помогите им выбраться оттуда!|一些平民被抓獲了。 幫助他們離開那裡！|一部の市民が捕えられました。 彼らの脱出を手伝ってください！|몇몇 시민들이 포로로 잡혔어. 그들을 구해줄 수 있겠나?|Einige der Bürger wurden gefangen genommen. Helfen Sie ihnen, da rauszukommen!|Certains citoyens ont été capturés. Aidez-les à sortir de là !|Algunos de los ciudadanos fueron capturados. ¡Ayúdales a salir de ahí!|Niektórzy obywatele zostali schwytani. Pomóż im się stamtąd wydostać!
dialog_mainPrisoners_end|Your noble act will never be forgotten traveler! May the allfather bless your path!||Seu nobre ato nunca será esquecido, viajante! Que o Pai Todo-Poderoso abençoe seu caminho!| Твой благородный поступок никогда не будет забыт, путник! Пусть Всеотец благословит твой путь!|旅行者您的高貴行為將永遠不會被遺忘！  願眾神之父保佑你的道路！|旅人よ、あなたの高貴な行いは決して忘れられない！大神があなたの道を祝福されんことを！|너의 고귀한 행위는 결코 잊히지 않을 거야 여행자! 모든 아버지가 네 길을 축복하길!|Eure edle Tat wird niemals vergessen werden, Reisender! Möge der Allvater euren Weg segnen!|Voyageur, ton acte de bravoure restera à jamais gravé dans les mémoires ! Que le Père de Tout bénisse ton chemin !|¡Tu noble acto nunca será olvidado, viajero! ¡Que el Padre de Todos bendiga tu camino!|Twój szlachetny czyn nigdy nie zostanie zapomniany, podróżniku! Weź te jako symbol naszego uznania!
dialog_mainAct2Kill|You look like you can handle yourself. Would you mind thinning out some demons out of town? There's a reward in for you.||Parece que você sabe se virar sozinho. Se importaria em reduzir alguns demônios fora da cidade? Há uma recompensa para você.| Похоже, ты можешь сам о себе позаботиться. Не мог бы ты проредить несколько демонов из города? Тебя ждет награда.|看來你能應付自如。  你介意把一些惡魔趕出城嗎？  有一份獎勵給你. |あなたは自分でうまくやれそうだね。町の外にいる悪魔たちを少し減らしてくれないか？報酬を用意しているよ。|너는 스스로를 잘 다룰 수 있어 보이네. 마을에서 일부 악마들을 처치해줄 수 있겠나? 보상이 준비되어 있어.|Ihr scheint euch selbst verteidigen zu können. Würdet ihr ein paar Dämonen aus der Stadt vertreiben? Es wartet eine Belohnung auf euch.|Tu as l'air de pouvoir te débrouiller. Pourrais-tu éliminer quelques démons qui rôdent en ville ? Une récompense t'attend.|Parece que sabes cuidarte solo. ¿Te importaría reducir el número de demonios fuera de la ciudad? Hay una recompensa para ti.|Wyglądasz na kogoś, kto poradzi sobie sam. Czy mógłbyś pomóc nam przerzedzić trochę demonów z miasta? Jest dla ciebie nagroda.
dialog_mainAct2Kill_end|Did you give those monsters what they deserve?||Você deu a esses monstros o que eles merecem?| Вы дали этим монстрам то, что они заслужили?|你給了那些怪物他們應得的懲罰嗎？|あの化け物たちに相応の報いを与えたかい？|그 괴물들에게 제대로 된 대가를 줬나?|Habt ihr diesen Monstern gegeben, was sie verdienten?|As-tu donné à ces monstres ce qu'ils méritaient ?|¿Les diste a esos monstruos su merecido?|Czy dałeś tym potworom to, na co zasłużyły?
dialog_mainDepthsHighway|Take this book and shut down the demonic portals within the cathedral!||Pegue esse livro e feche os portais demoníacos dentro da catedral!| Возьми эту книгу и закрой демонические порталы в соборе!|拿著這本書，關閉大教堂內的惡魔傳送門！|この書を受け取って、大聖堂の悪魔の門を閉じてくれ！|이 책을 받아서 성당 안의 악마의 포탈을 막아라!|Nehmt dieses Buch und schließt die dämonischen Portale in der Kathedrale!|Prends ce livre et ferme les portails démoniaques de la cathédrale !|¡Toma este libro y cierra los portales demoníacos de la catedral!|Weź tę książkę i zamknij demoniczne portale w katedrze!
dialog_mainDepthsHighway_end|May the allfather bless you traveler!||Que o Pai Todo-Poderoso o abençoe, viajante!| Да благословит тебя Всевышний, путник!|願眾神之父保佑您這位旅行者！|大神があなたを祝福されんことを、旅人よ！|모든 아버지의 축복이 함께하길, 여행자!|Möge der Allvater euch segnen, Reisender!|Que le Père de Tout te bénisse, voyageur !|¡Que el Padre de Todos te bendiga, viajero!|Niech Allfather cię błogosławi, podróżniku!
dialog_mainWrathMevius|We need to put an end to the interference to the rift. Find the way into the sub concious mind and slay Mevius!||Mate o Comandante Albert que vagueia nas profundezas da Torre Negra em Planícies de Woodhill. Você está pronto para essa tarefa?| Нам нужно положить конец вмешательству в разлом. Найдите путь в подсознание и убейте Мевиуса!|我們必須阻止對裂隙的干擾。找到進入潛意識的途徑，殺死梅維斯！|裂け目への干渉を終わらせねばならない。潜在意識の中に入り、メビウスを倒してくれ！|틈새로 들어오는 방해를 막아야 해. 잠재의식의 세계로 가서 뫼비우스를 처치해라!|Wir müssen die Störungen des Risses beenden. Findet den Weg ins Unterbewusstsein und tötet Mevius!|Il faut mettre fin aux interférences avec la faille. Trouve le moyen d'atteindre le subconscient et terrasse Mevius !|Necesitamos poner fin a la interferencia con la grieta. ¡Encuentra el camino al subconsciente y aniquila a Mevius!|Musimy położyć kres zakłóceniom w szczelinie. Znajdź drogę do podświadomości i zabij Meviusa!
dialog_mainWrathMevius_end|Wonderful! The citizen of Tarethiel are really thankful for your help! Here is something for your troubles!||Maravilhoso! Os cidadãos de Tarethiel estão muito agradecidos por sua ajuda! Aqui está algo para seus problemas!| Замечательно! Граждане Таретиэля очень благодарны за вашу помощь! Вот вам кое-что за ваши хлопоты!|精彩！  塔雷希爾的人民非常感謝您的幫忙！  這裡有一些可以解決你的煩惱! |素晴らしい！タレスィエルの市民はあなたの助けにとても感謝している！これがその労いだ！|훌륭해! 타레시엘 시민들이 정말 네 도움에 감사하고 있어! 이건 네 수고에 대한 보상이다!|Wunderbar! Die Bürger von Tarethiel sind euch sehr dankbar für eure Hilfe! Hier ist eine Belohnung für eure Mühen!|Formidable ! Les habitants de Tarethiel te sont très reconnaissants de ton aide ! Voici une petite récompense pour tes efforts !|¡Maravilloso! ¡Los ciudadanos de Tarethiel están muy agradecidos por tu ayuda! ¡Aquí tienes algo por tus molestias!|Wspaniale! Obywatele Tarethiel są naprawdę wdzięczni za twoją pomoc! Oto coś za twoje kłopoty!
dialog_valhallaPortal|Here you are! I was looking for you! The fall of Mevius has caused a major disturbance within Tarethiel.. The ancient portal in our town has been activated by some dark forces, go take a look but be careful!||"Aí está você! Estive lhe procurando! A queda de Mevius causou uma grande perturbação dentro de Tarethiel. O portal antigo em nossa cidade foi ativado por algumas forças sombrias, vá dar uma olhada, mas seja cuidadoso!"""| Вот ты где! Я тебя искал! Падение Мевиуса вызвало крупное потрясение в Таретиэле. Древний портал в нашем городе был активирован какими-то темными силами.|你終於來了！我一直在找你！梅維烏斯的隕落給塔雷希爾帶來了巨大的動盪……我們城裡的古老傳送門被黑暗勢力激活了，去看看吧，但要小心！ |ここにいたか！探していたよ！メビウスの没落はタレスィエルに大きな混乱をもたらした……我々の町の古代の門が暗黒の力によって開かれた。注意して調べてくれ！|여기 있다! 너를 찾고 있었어! 뫼비우스의 몰락이 타레시엘에서 큰 혼란을 일으켰어... 마을 안에 있는 고대 포탈이 어두운 세력에 의해 활성화되었어, 가서 확인해봐. 하지만 조심해!|Da seid ihr ja! Ich habe euch gesucht! Der Fall von Mevius hat in Tarethiel große Unruhe gestiftet. Das uralte Portal in unserer Stadt wurde von dunklen Mächten aktiviert. Seht es euch an, aber seid vorsichtig!|Te voilà enfin ! Je te cherchais ! La chute de Mevius a provoqué un grand bouleversement à Tarethiel… L'ancien portail de notre ville a été activé par des forces obscures. Va voir, mais fais attention !|¡Ahí estás! ¡Te estaba buscando! La caída de Mevius ha causado una gran perturbación en Tarethiel... El antiguo portal de nuestro pueblo ha sido activado por unas fuerzas oscuras. ¡Ve a echar un vistazo, pero ten cuidado!|Oto jesteś! Szukałem cię! Upadek Meviusa spowodował poważne zakłócenie w Tarethiel.. Pradawny portal w naszym mieście został aktywowany przez jakieś ciemne siły, idź i sprawdź, ale bądź ostrożny!
dialog_valhallaPortal_end|What.. is this place?? Mevius is right there!! Aaaargh!||O que.. este lugar?? Mevius está logo ali!! Aaaargh!| Что.. это за место?? Мевиус прямо там!! Ааааргх!|這……是什麼地方？  梅維烏斯就在那裡！啊啊！  |ここは……どこだ？あそこにメビウスがいる！あああっ！|이곳은... 뭐지?? 뫼비우스가 바로 저기 있어!! 아아아악!|Was … ist das für ein Ort? Mevius ist direkt dort! Aaaargh!|Quoi… est-ce que c'est que cet endroit ? Mevius est juste là ! Aaaargh ! |¿Qué... es este lugar? ¡¡Mevius está justo ahí!! ¡Aaaargh!|Co.. to za miejsce?? Mevius jest tuż tam!! Aaaargh!
dialog_valhallaWelcome_01|Heil! You make quite an entrance my friend! You must be seeking the legendary halls of Valhalla, just like me.|Heill! You make quite an entrance my friend! You must be seeking the legendary halls of Valhalla, just like me.|Saudações! Você fez uma entrada e tanto, meu amigo! Você deve estar buscando os lendários salões de Valhalla, assim como eu.|Хайль! Ты производишь сильное впечатление, мой друг! Ты, должно быть, ищешь легендарные залы Вальхаллы|嗨！我的朋友，你進來了！  你一定跟我一樣在找傳說中的瓦爾哈拉殿堂。 |ハイル！友よ、君の登場は見事だ！君も私と同じく伝説のヴァルハラの大広間を目指しているのだろう？|헤일! 들어오는 모습이 꽤 멋지구나 내 친구! 너도 나처럼 전설의 발할라 전당을 찾고 있겠지.|Heil! Was für ein Auftritt, mein Freund! Du suchst wohl, genau wie ich, die legendären Hallen von Walhalla.|Hey ! Vous faites une entrée remarquée, mon ami ! Vous devez être à la recherche des salles légendaires du Valhalla, tout comme moi.|¡Heil! ¡Vaya entrada, amigo mío! Debes de estar buscando los legendarios salones del Valhalla, igual que yo.|Heil! Robisz całkiem niezłe wejście, mój przyjacielu! Musisz szukać legendarnych sal Valhalli, tak jak ja.
dialog_valhallaWelcome_02|There is just one teensy tiny problem, the gate is locked for some reason or the other. However, I've heard there's an actual Valkyrie in the outskirts who carries a key. Will you join me to find her and see if she's willing to let us in?|There is just one teensy tiny problem, the gate is locked for some reason or the other. However, I've heard there's an actual Valkyrie in the Plains of Ida ahead who carries a key. Will you join me to find her and see if shes willing to let us in?|Há apenas um pequeno problema: o portão está trancado por algum motivo. No entanto, ouvi dizer que há uma Valquíria de verdade nos arredores que tem uma chave. Quer se juntar a mim para encontrá-la e ver se ela está disposta a nos deixar entrar?| Есть только одна крошечная проблема|只有一個小小的問題，大門因為某些原因被鎖上了。  然而，我聽說在郊區有一個真正的女武神，他拿著一把鑰匙。  你願意跟我一起去找她，看看她願不願意讓我們進去？|ただひとつ、小さな問題がある。門が何らかの理由で閉ざされている。しかし、郊外に実際のワルキューレがいて鍵を持っているという噂を聞いた。彼女を探して一緒に連れて行かないか？|하지만 작은 문제 하나가 있어. 문이 뭔가 이유로 잠겨 있거든. 하지만 들은 바로는 외곽에 한 발키리가 열쇠를 가지고 있다고 해. 너도 함께 그녀를 찾아보지 않을래? 우리가 들어갈 수 있게 도와줄지도 몰라.|Es gibt da nur ein winziges Problem: Das Tor ist aus irgendeinem Grund verschlossen. Ich habe aber gehört, dass es in der Gegend eine echte Walküre gibt, die einen Schlüssel besitzt. Würdest du mich begleiten, um sie zu suchen und zu sehen, ob sie uns hereinlässt?|Il n'y a qu'un tout petit problème : la porte est fermée pour une raison ou une autre. Cependant, j'ai entendu dire qu'une [c_red]Valkyrie[c_reset] se trouvait dans les environs et qu'elle possédait la clé. Voulez-vous vous joindre à moi pour la trouver et voir si elle est prête à nous laisser entrer ?|Solo hay un minúsculo problema, el portal está cerrado por alguna razón. Sin embargo, he oído que hay una Valquiria de verdad en las afueras que tiene una llave. ¿Te unes a mí para encontrarla y ver si está dispuesta a dejarnos entrar?|Jest tylko jeden mały problem, brama jest z jakiegoś powodu zamknięta. Jednak słyszałem, że na obrzeżach jest prawdziwa Walkiria, która nosi klucz. Czy dołączysz do mnie, aby ją znaleźć i zobaczyć, czy jest chętna nas wpuścić?
dialog_valhallaWelcome_end|Phew! That was... Quite a hike...|Phew! That was... Quite a hike...|Ufa! Isso foi... Uma caminhada e tanto...| Уф! Это был... Тот еще поход...|呼！這趟……可真夠遠的…… |ふう……かなりの長旅だった……|휴! 그거... 꽤 긴 여정이었네...|Puh! Das war... eine ganz schöne Wanderung...|Ouf ! C'était... Une sacrée randonnée...|¡Uf! Eso ha sido... toda una caminata...|Uff! To była... Całkiem spora wspinaczka...
dialog_valhallaValkyrie|Let me catch my breath real quick, you go on ahead and see if you can find that Valkyrie!|Let me catch my breath real quick, you go on ahead and see if you can find that Valkyrie!|Deixe-me recuperar o fôlego rapidamente, vá em frente e veja se consegue encontrar a Valquíria!| Дай мне быстро перевести дух.|讓我喘口氣，你先去看看能不能找到那個女武神！ |ちょっと息を整えるから、君は先に行ってワルキューレを見つけてくれ！|잠깐 숨을 돌릴게, 너는 먼저 가서 그 발키리가 있는지 확인해봐!|Lass mich kurz durchatmen, geh du schon mal vor und such die Walküre!|Laissez-moi reprendre mon souffle un instant. Allez-y, cherchez cette Valkyrie !|Déjame recuperar el aliento un momento, tú adelántate y mira si puedes encontrar a esa Valquiria.|Pozwól mi złapać oddech, idź przodem i zobacz, czy możesz znaleźć tę Walkirię!
dialog_valhallaGates_01|[font_combat][shake_letter][c_red]FOOLISH MORTAL!|[font_combat][shake_letter][c_red]FOOLISH MORTAL!|[font_combat][shake_letter][c_red]MORTAL TOLO!| [font_combat][shake_letter][c_red]ГЛУПЫЙ СМЕРТНЫЙ!|[font_combat][shake_letter][c_red]愚蠢的凡人！|[font_combat][shake_letter][c_red]愚かな死すべき者よ！|[font_combat][shake_letter][c_red]바보 같은 인간!|[font_combat][shake_letter][c_red]TÖRIGER STERBLICHER!|[font_combat][shake_letter][c_red]IMPENSÉ MORTEL !|[font_combat][shake_letter][c_red]¡NECIO MORTAL!|[font_combat][shake_letter][c_red]GŁUPI ŚMIERTELNIKU!
dialog_valhallaGates_02|Know that it was you who freed me from my prison.[pause,15] [pause,0][nl]As I have taken the form of [c_lime]Odin[c_reset], I shall grant you the pleasure of seeing your own afterlife in ruins before your ultimate demise.|Know that it was you who freed me from my prison.[pause,15] [pause,0][nl]As I have taken the form of [c_lime]Odin[c_reset], I shall grant you the pleasure of seeing your own afterlife in ruins before your ultimate demise.|Saiba que foi você quem me libertou de minha prisão.[pause,15] [pause,0][nlComo eu assumi a forma de [c_lime]Odin[c_reset],  Eu lhe concederei o prazer de ver sua própria vida após a morte em ruínas antes de sua morte final.| Знай, что это ты освободил меня из моей тюрьмы.[пауза]|要知道是你把我從囚籠中解救出來。[nl]既然我已經化身為奥丁，我會讓你在最終滅亡之前，親眼目睹你的未來化為廢墟。 |お前が我を牢獄から解き放ったことを知れ。[pause,15][pause,0][nl]我は[c_lime]オーディン[c_reset]の姿を取り、お前の最期の前にお前の死後の世界が廃墟と化すのを見せてやろう。|알고 있겠지, 바로 네가 나를 감옥에서 풀어준 존재라는 걸.[pause,15] [pause,0][nl]내가 [c_lime]오딘[c_reset]의 모습으로 변한 이상, 너는 네 죽음을 맞이하기 전에 네가 사랑한 모든 것을 파괴하는 기쁨을 누리게 될 거야.|Wisse, dass du es warst, der mich aus meinem Gefängnis befreit hat.[pause,15] [pause,0][nl]Da ich die Gestalt von [c_lime]Odin[c_reset] angenommen habe, werde ich dir das Vergnügen gewähren, dein eigenes Jenseits in Trümmern zu sehen, bevor du endgültig stirbst.|Sache que c'est toi qui m'as libéré de ma prison. [pause,15] [pause,0][nl]Ayant pris la forme d'[c_lime]Odin[c_reset], je t'accorderai le plaisir de voir ton au-delà en ruines avant ta mort définitive. |Que sepas que fuiste tú quien me liberó de mi prisión.[pause,15] [pause,0][nl]Ahora que he tomado la forma de [c_lime]Odín[c_reset], te concederé el placer de ver tu propio más allá en ruinas antes de tu desaparición definitiva.|Wiedz, że to ty uwolniłeś mnie z mojego więzienia.[pause,15] [pause,0][nl]Ponieważ przybrałem postać [c_lime]Odina[c_reset], pozwolę ci z przyjemnością zobaczyć swoje własne życie pozagrobowe w ruinach przed twoim ostatecznym upadkiem.
dialog_valhallaGates_03|Everything you've ever loved will be obliterated as the prophecy unfolds[pause,15]...|Everything you've ever loved will be obliterated as the prophecy unfolds[pause,15]...|Tudo o que você já amou será destruído à medida que a profecia se desenrola[pause,15]...|Всё, что ты когда-либо любил, будет уничтожено по мере того, как разворачивается пророчество[пауза,15]...|隨著預言的展開，你所珍愛的一切都將化為烏有……  |お前が愛した全ては予言の展開と共に消え去るだろう[pause,15]…|네가 사랑한 모든 것은 예언이 펼쳐지면서 파괴될 것이다[pause,15]...|Alles, was du je geliebt hast, wird mit der Erfüllung der Prophezeiung ausgelöscht werden. [Pause, 15]|Tout ce que tu as aimé sera anéanti à mesure que la prophétie se réalise…|Todo lo que has amado será aniquilado a medida que se cumpla la profecía. [pausa, 15]...|Wszystko, co kiedykolwiek kochałeś, zostanie unicestwione, gdy proroctwo się spełni[pause,15]...
dialog_valhallaDenied|Hey, where did you come from?|Hey, where did you come from?|Ei, de onde você veio?|Эй, откуда ты взялся?|嘿，你從哪裡來的？ |おい、どこから来た？|이봐, 어디서 온 거지?|Hey, woher kommst du?|Hé, d'où viens-tu ?|Oye, ¿de dónde vienes?|Hej, skąd się wziąłeś?
dialog_valhallaPeace_01|From Valhalla you say? You must be really strong and brave then! As this is our last stop before finally arriving to Helheim and eternal peace, I have to ask if you'd be able to find my sons toy bear on our trail. He would be devastated if it didn't accompany him 'till the end...|From Valhalla you say? You must be really strong and brave then! As this is our last stop before finally arriving to Helheim and eternal peace, I have to ask if you'd be able to find my sons toy bear on our trail. He would be devastated if it didn't accompany him ‘til the end...|De Valhalla, você diz? Então você deve ser muito forte e corajoso! Como esta é a nossa última parada antes de finalmente chegarmos a Helheim e à paz eterna, tenho que perguntar se você poderia encontrar o urso de brinquedo do meu filho em nossa trilha. Ele ficaria arrasado se não o acompanhasse até o fim...|Из Вальхаллы, говоришь? Тогда ты, должно быть, очень сильный и храбрый! Поскольку это наша последняя остановка перед тем, как наконец добраться до Хельхейма и обретения вечного мира, я должен спросить, не мог бы ты найти игрушечного медведя моего сына на нашем пути. Он был бы опустошен, если бы тот не сопровождал его до конца...|你說你來自瓦爾哈拉？那你一定非常強大勇敢！這是我們最終抵達冥界，獲得永恆安寧之前的最後一站，所以我想請你幫忙在路上找到我兒子的玩具熊。如果它不能陪伴他走到最後，他會非常難過的… |ヴァルハラからだと？ならばお前は本当に強く勇敢なのだな！ここは我々がヘルヘイムと永遠の安息に辿り着く前の最後の停留所だ。頼みがある。私の息子のおもちゃの熊を道中で見つけてくれ。最後まで共にできなければ彼は悲しむだろう…|발할라에서 왔다고? 그렇다면 너는 정말 강하고 용감한 사람이겠구나! 우리 모두가 드디어 헬헤임에 이르기 전에, 나에게 하나 부탁할 게 있어. 내 아들의 장난감 곰을 이 길에서 찾아줄 수 있겠나? 그게 없으면 정말 실망할 거야...|Aus Walhalla, sagst du? Dann musst du wirklich stark und mutig sein! Da dies unsere letzte Station vor Helheim und dem ewigen Frieden ist, muss ich dich fragen, ob du den Teddybären meines Sohnes auf unserem Weg finden könntest. Er wäre untröstlich, wenn er ihn nicht bis zum Ende begleiten würde.|Du Valhalla, dis-tu ? Tu dois être sacrément fort et courageux ! Puisque c'est notre dernière étape avant d'atteindre enfin Helheim et la paix éternelle, je dois te demander si tu pourrais retrouver l'ours en peluche de mon fils sur notre chemin. Il serait dévasté s'il ne l'accompagnait pas jusqu'au bout…|¿De Valhalla, dices? ¡Debes ser muy fuerte y valiente! Como esta es nuestra última parada antes de llegar finalmente a Helheim y la paz eterna, te pido que busques el osito de peluche de mi hijo en nuestro camino. Se sentiría devastado si no lo acompañara hasta el final...|Z Valhalli mówisz? Musisz być naprawdę silny i odważny! Ponieważ to nasz ostatni przystanek przed ostatecznym przybyciem do Helheimu i wiecznym spokojem, muszę zapytać, czy byłbyś w stanie znaleźć misia zabawkę mojego syna na naszym szlaku. Byłby zdruzgotany, gdyby nie towarzyszył mu aż do końca...
dialog_valhallaPeace_02|Thank you hero! Now we may all rest in peace.|Thank you hero! Now we may all rest in peace.|Obrigado, herói! Agora todos nós podemos descansar em paz.|Спасибо, герой! Теперь мы все можем покоиться с миром.|謝謝你，英雄！現在我們都可以安息了。|ありがとう英雄よ！これで皆安らかに眠れる。|고마워 영웅! 이제 우리 모두 평화롭게 쉴 수 있어.|Danke, Held! Nun können wir alle in Frieden ruhen.|Merci, héros ! Maintenant, nous pouvons tous reposer en paix.|¡Gracias, héroe! Ahora todos podemos descansar en paz.|Dziękuję, bohaterze! Teraz możemy wszyscy spoczywać w pokoju.
dialog_valhallaPeace_03|I have denied Valhalla from you, as you shall deny Helheim from these filthy pests.[pause,15] [pause,0][nl]You are only human, your mind will break and your body will follow.[pause,15] |I have denied Valhalla from you, as you shall deny Helheim from these filthy pests.[pause,15] [pause,0][nl]You are only human, your mind will break and your body will follow.[pause,30] |Eu neguei Valhalla a vocês, assim como vocês negarão Helheim a essas pragas imundas.[pause,15] [pause,0][nl]Você é apenas um ser humano, sua mente se quebrará e seu corpo o seguirá.[pause,15] |Я отнял у тебя Вальхаллу, как и ты отнимешь у этих мерзких тварей Хельхейм.[пауза,15] [пауза,0][nl]Ты всего лишь человек, твой разум сломается, и твое тело последует за ним.[пауза,15] |我剝奪了你進入瓦爾哈拉的權利，就像你也要剝奪這些骯髒害蟲進入冥界的權利一樣。 [nl] 你只是凡人，你的意志會崩潰，你的肉體也會跟著崩潰。 |我はお前にヴァルハラを拒んだ。お前もこの汚れた連中にヘルヘイムを拒むのだ。[pause,15][pause,0][nl]お前はただの人間だ。心は砕け、体もそれに続くだろう。[pause,15]|나는 네게 발할라를 거부했다, 그리고 너는 이 더러운 괴물들에게 헬헤임을 거부해야 할 거다.[pause,15] [pause,0][nl]너는 인간일 뿐, 네 정신은 무너지고 몸은 따라올 것이다.[pause,15]|Ich habe dir Walhalla verwehrt, so wie du diesen abscheulichen Schädlingen Helheim verwehren sollst. [Pause, 15] [Pause, 0] [nl] Du bist nur ein Mensch, dein Verstand wird zerbrechen und dein Körper wird folgen. [Pause, 15]|Je t'ai refusé l'accès au Valhalla, comme tu refuseras Helheim à ces immondes parasites. Tu n'es qu'un humain, ton esprit cédera et ton corps suivra. |Te he negado el Valhalla, así como tú le negarás Helheim a estas inmundas plagas. [pausa, 15] [pausa, 0] [nl] Solo eres humano, tu mente se quebrará y tu cuerpo la seguirá. [pausa, 15] |Odmówiłem ci Valhalli, ponieważ ty odmówisz Helheimu tym plugawym szkodnikom.[pause,15] [pause,0][nl]Jesteś tylko człowiekiem, twój umysł pęknie, a ciało podąży za nim.[pause,15] 
|||||||||||
dialog_valhallaDenied_purged|Where am I? Who am I?||Onde estou? Quem sou eu? | Где я? Кто я?|这我在哪裡？我是誰？ |私はどこにいる？私は誰？|어디에 있지? 나는 누구지?|Wo bin ich? Wer bin ich?|Où suis-je ? Qui suis-je ? |¿Dónde estoy? ¿Quién soy?|Gdzie ja jestem? Kim jestem?
dialog_valhallaPeace_01_purged|I feel a sense of... disconnection from this world, as if I've been severed from my own life and memories. Please, find my son's [c_yellow]Toy Bear[c_reset] and bring it here. It is the last thing I remember needing, althought I am unsure as to why... maybe it will bring some memories back.||Sinto uma sensação de... desconexão com este mundo, como se tivesse sido arrancado da minha própria vida e memórias. Por favor, encontre o ursinho de pelúcia do meu filho e traga-o aqui. É a última coisa de que me lembro de precisar, embora não saiba bem porquê... talvez me traga algumas lembranças.| Я чувствую чувство... оторванности от этого мира.|我感到一種……  與這個世界脫節的感覺, 就好像我與自己的生活和記憶被切斷了一樣. 請找到我兒子的[c_yellow]玩具熊[c_reset]並將其帶到這裡. 這是我記憶中最不需要的東西, 儘管我不確定為什麼…  也許它會帶回一些記憶。 |この世界から切り離されたような感覚がある。まるで自分の人生や記憶から断ち切られたかのように。お願いだ、息子の[c_yellow]おもちゃの熊[c_reset]を見つけてここに持ってきてほしい。なぜかはわからないが、それが最後に必要だと覚えている。もしかしたら思い出が戻るかもしれない。|이 세계와의... 단절감을 느낀다. 마치 내 삶과 기억에서 끊어진 것 같은 기분이 들어. 제발, 내 아들의 [c_yellow]장난감 곰[c_reset]을 찾아서 여기 가져다줘. 그것이 내가 기억하는 마지막 필요했던 것이지만, 왜 그런지 잘 모르겠다... 아마도 그것이 내 기억을 되살려줄지도 모르겠다.|Ich fühle mich... von dieser Welt abgeschnitten, als wäre ich von meinem eigenen Leben und meinen Erinnerungen getrennt worden. Bitte, finden Sie den gelben Teddybären meines Sohnes und bringen Sie ihn her. Es ist das Letzte, woran ich mich erinnere, dass ich ihn gebraucht habe, obwohl ich nicht genau weiß, warum... vielleicht weckt er ja Erinnerungen in mir.|J'éprouve une sensation de... déconnexion avec ce monde, comme si j'avais été coupée de ma propre vie et de mes souvenirs. S'il vous plaît, retrouvez l'Ours en peluche de mon fils et apportez-le-moi. C'est la dernière chose dont je me souviens avoir eu besoin, même si je ne sais pas pourquoi... peut-être que cela fera ressurgir des souvenirs.|Siento una... desconexión de este mundo, como si me hubieran arrancado de mi propia vida y mis recuerdos. Por favor, encuentra el [c_yellow]Oso de Juguete[c_reset] de mi hijo y tráelo. Es lo último que recuerdo necesitar, aunque no sé por qué... quizá me devuelva algunos recuerdos.|Czuję poczucie... odłączenia od tego świata, jakby został odcięty od mojego własnego życia i wspomnień. Proszę, znajdź misia zabawkę mojego syna i przynieś go tutaj. To ostatnia rzecz, którą pamiętam, że potrzebowałem, chociaż nie jestem pewien dlaczego... może przyniesie mi jakieś wspomnienia.
dialog_valhallaPeace_02_purged|Who... are you? My very being feels being pulled more and more away from existence, but somehow this [c_yellow]Toy Bear[c_reset] brings me a feeling of warmth and hope. Thank you for bringing it to me. I feel like I should pass this to someone. Why do I feel like I have a son? This must be his...||Quem... é você? Sinto meu ser sendo puxado cada vez mais para longe da existência, mas de alguma forma este ursinho de pelúcia me traz uma sensação de calor e esperança. Obrigado por trazê-lo para mim. Sinto que deveria entregá-lo a alguém. Por que sinto que tenho um filho? Este deve ser dele...| Кто... ты? Мое существо чувствует, что все больше и больше отдаляется от существования.|你……是誰？  我的存在感覺越來越遠離存在, 但不知何故, 這個[c_yellow]玩具熊[c_reset]給我帶來了溫暖和希望的感覺. 謝謝你把它帶給我. 我覺得我應該把這個傳遞給某人. 為什麼我感覺自己有兒子了？  這一定是他的… |あんたは…誰？自分の存在がどんどん消えていくように感じるのに、なぜかこの[c_yellow]おもちゃの熊[c_reset]だけは温かさと希望を感じさせてくれる。持ってきてくれてありがとう。誰かにこれを渡すべき気がする。なぜか自分に息子がいる気がする…これがきっと彼のものだ。|누구... 너는 누구지? 내 존재가 점점 더 사라져가는 느낌이 들지만, 이상하게도 이 [c_yellow]장난감 곰[c_reset]은 나에게 따뜻함과 희망을 가져다주는 것 같다. 그것을 가져다줘서 고마워. 뭔가를 넘겨줘야 할 것 같은 느낌이 든다. 왜 내가 아들이 있는 것처럼 느껴질까? 이건 분명 그의 것일 거야...|Wer... sind Sie? Ich fühle mich, als würde ich immer weiter aus dem Dasein gerissen, aber irgendwie schenkt mir dieser gelbe Teddybär Wärme und Hoffnung. Danke, dass Sie ihn mir gebracht haben. Ich habe das Gefühl, ich sollte ihn jemandem geben. Warum habe ich das Gefühl, einen Sohn zu haben? Das muss sein...|Qui... êtes-vous ? J'ai l'impression que tout mon être est arraché à l'existence, mais d'une certaine manière, cet Ours en peluche m'apporte une sensation de chaleur et d'espoir. Merci de me l'avoir apporté. J'ai l'impression que je devrais le donner à quelqu'un. Pourquoi ai-je l'impression d'avoir un fils ? Ce doit être le sien...|¿Quién... eres? Siento cómo mi ser se aleja cada vez más de la existencia, pero, de algún modo, este [c_yellow]Oso de Juguete[c_reset] me aporta calidez y esperanza. Gracias por traérmelo. Siento que debería dárselo a alguien. ¿Por qué siento que tengo un hijo? Debe de ser suyo...|Kto... jesteś? Moja istota czuje się coraz bardziej odciągana od istnienia, ale jakoś ten [c_yellow]Misi Zabawka[c_reset] przynosi mi uczucie ciepła i nadziei. Dziękuję za przyniesienie go do mnie. Czuję, że powinienem przekazać to komuś. Dlaczego czuję, że mam syna? To musi być jego...
dialog_valhallaPurged_Astrid|[shake_letter][c_aqua]I feel strange... What happened? Where am I?[c_reset][shake_reset]||Sinto-me estranho... O que aconteceu? Onde estou?| [shake_letter][c_aqua]Я чувствую себя странно... Что случилось? Где я?[c_reset][shake_reset]|[shake_letter][c_aqua]我覺得很奇怪……發生了什麼事？我在哪裡？[c_reset][shake_reset]|[shake_letter][c_aqua]変な感じがする…何が起きた？ここはどこだ？[c_reset][shake_reset]|[shake_letter][c_aqua]이상하다... 내가 무엇을 경험한 거지? 여기 어디지?[c_reset][shake_reset]|Ich fühle mich seltsam... Was ist passiert? Wo bin ich?|Je me sens bizarre... Que s'est-il passé ? Où suis-je ?|[shake_letter][c_aqua]Me siento extraña... ¿Qué ha pasado? ¿Dónde estoy?[c_reset][shake_reset]|[shake_letter][c_aqua]Czuję się dziwnie... Co się stało? Gdzie jestem?[c_reset][shake_reset]
dialog_valhallaPurged_common|[shake_letter][c_aqua].........?[c_reset][shake_reset]||.........? | [shake_letter][c_aqua].........?[c_reset][shake_reset]|[shake_letter][c_aqua].........?[c_reset][shake_reset] |[shake_letter][c_aqua]………？[c_reset][shake_reset]|[shake_letter][c_aqua].........?[c_reset][shake_reset]|.........?|Quoi ? |[shake_letter][c_aqua].........?[c_reset][shake_reset]|[shake_letter][c_aqua].........?[c_reset][shake_reset]
|||||||||||
dialog_mainTavern_end|Welcome aboard! The Karros Aegeus sails calmly on course. I think you saw the hooded folk at the corner table in the tavern? They belong to a cult, The Order of Abyss. Whispers say they seek to unleash an ancient evil upon the seas. What ever they are after, we need to get to it first.||| "Добро пожаловать на борт! ""Каррос Эгей"" спокойно идет по курсу. Кажется, вы видели людей в капюшонах за угловым столиком в таверне? Они принадлежат к культу Ордена Бездны. Ходят слухи, что они стремятся выпустить на волю древнее зло в морях. Что бы они ни искали, нам нужно добраться до этого первыми."|歡迎登船！卡洛斯·愛琴海號正平穩地按照航線航行。我想你在酒館角落的桌邊看到那些戴兜帽的人了吧？他們屬於一個名為「深淵教團」的邪教組織。有傳言說，他們想在海上釋放一種古老的邪惡力量。不管他們想幹什麼，我們得先拿到手。||탑승을 환영하네! 카로스 에게우스호는 순조롭게 항해 중이라네. 여관 구석진 테이블에 있던 후드를 쓴 자들을 보았겠지? 그들은 '심연의 교단'이라는 광신도 집단에 속해 있다네. 소문에 따르면 그들은 바다에 고대의 악을 풀어놓으려 한다더군. 그들이 노리는 것이 무엇이든, 우리가 먼저 손에 넣어야 하네.|||¡Bienvenido a bordo! El Karros Aegeus navega tranquilamente rumbo a su destino. Creo que viste a los encapuchados de la mesa del rincón en la taberna, ¿verdad? Pertenecen a un culto, la Orden del Abismo. Se rumorea que buscan desatar un mal ancestral sobre los mares. Sea lo que sea que estén buscando, tenemos que llegar primero.|
dialog_mainCaptainPelagios|We’re sailing steady, but if we don’t soon find our heading, precious time will be lost. Go and speak with Captain Pelagios, he’ll set our course. Swiftly!|||Мы плывем ровно, но если мы скоро не найдем наш курс, драгоценное время будет потеряно. Пойдите и поговорите с капитаном Пелагиосом, он проложит наш курс. Быстрее!|我們正平穩地航行，但如果我們不儘快確定航向，就會浪費寶貴的時間。去和佩拉吉奧斯船長談談，他會為我們設定航向。快去！||우리는 순조롭게 항해하고 있지만, 조만간 나아갈 방향을 찾지 못하면 귀중한 시간을 허비하게 될 걸세. 가서 캡틴 펠라기오스와 이야기해보게. 그가 우리의 항로를 정해줄 테니. 서두르게!|||Navegamos con buen ritmo, pero si no encontramos pronto nuestro rumbo, perderemos un tiempo precioso. Ve a hablar con el Capitán Pelagios, él fijará nuestro rumbo. ¡Rápido!|
dialog_mainCaptainPelagios_end|Greetings [heroname] and welcome aboard Karros Aegeus![nl]How does the salty air feel on your lungs landsman? While in the tavern, we overheard some members of The Order of Abyss planning something.[nl]We couldn't hear much, but just enough to understand they are gathering at an ancient Aztec Temple for something big. An old acquaintance of mine, Tidemaster Kaelith gave me the coordinates but lately he's been... distant.|||Приветствие [heroname] и добро пожаловать на борт Каррос Эгей. Как соленый воздух ощущается в твоих легких, сухопутный? В таверне мы подслушали, как члены Ордена Бездны что-то замышляют. Мы расслышали немного, но ровно столько, чтобы понять: они собираются у древнего храма ацтеков для чего-то грандиозного. Мой старый знакомый, Повелитель приливов Каэлит, дал мне координаты, но в последнее время он... отдалился.|你好，[heroname]，歡迎來到卡洛斯·愛琴海號！[nl]陸地人，吸入這帶有鹽分的空氣感覺如何？在酒館裡，我們無意中聽到一些深淵教團的成員在密謀著什麼。[nl]我們聽到的不多，但剛好能明白他們正聚集在一座古老的阿茲特克神廟，準備幹一件大事。我的老相識潮汐大師凱利斯給了我座標，但最近他變得……有些疏遠。||환영하네, [heroname]! 카로스 에게우스호에 온 것을 환영함세![nl]육지 사람 신세에 짠 바닷바람을 쐬니 소감이 어떤가? 여관에 있을 때 '심연의 교단' 단원 몇몇이 무언가를 모의하는 소리를 들었다네.[nl]자세히 듣지는 못했지만, 뭔가 큰일을 벌이려고 고대 아즈텍 신전으로 모여들고 있다는 것쯤은 알아챌 수 있었지. 내 오랜 지인인 조율사 카엘리스가 좌표를 알려주었네만, 최근 들어 그 자가 어딘가... 겉돌더군.|||¡Saludos, [heroname], y bienvenido a bordo del Karros Aegeus![nl]¿Cómo se sienten tus pulmones con este aire salado, marinero? Mientras estábamos en la taberna, escuchamos a unos miembros de la Orden del Abismo planeando algo.[nl]No pudimos oír mucho, pero sí lo suficiente para entender que se están reuniendo en un antiguo Templo Azteca para algo importante. Un viejo conocido mío, el Maestro de Mareas Kaelith, me dio las coordenadas, pero últimamente ha estado... distante.|
dialog_mainFindPyramid|I fear I know what the Order is after. An ancient and powerful weapon, The Trident, once destroyed in a battle... The one in Mariel's tall tale. The rumours speak of radiant pieces of the Trident feeding abyssal beings. If the Order is after these pieces, they can cause suffering on a scale never met by a mortal mind. I am setting our course towards the Abyss Jungle. Debark there, and find the Aztec Temple. Should you meet Kaelith, keep your guard up…|||Боюсь, я знаю, за чем охотится Орден. Древнее и могущественное оружие, Трезубец, некогда разрушенное в битве... То самое, о котором говорила Мариэль в своей небылице. Ходят слухи, что сияющие осколки Трезубца питают бездонных существ. Если Орден ищет эти осколки, они могут причинить страдания в масштабах, непостижимых для смертного разума. Я прокладываю наш курс к Джунглям Бездны. Высадитесь там и найдите храм ацтеков. Если встретите Каэлит, будьте начеку...|我恐怕知道教團在追尋什麼了。那是一件古老而強大的武器——三叉戟，曾在一次戰鬥中被摧毀……就是瑪麗爾大言不慚的荒誕故事裡提到的那個。傳聞說，三叉戟耀眼的碎片正滋養著深淵生物。如果教團是在追尋這些碎片，他們將會帶來凡人無法想像的巨大苦難。我正設定航線駛向深淵叢林。在那裡登陸，並找到阿茲特克神廟。如果你遇到凱利斯，務必提高警惕……||교단이 노리는 것이 무엇인지 알 것 같아 두렵군. 한때 어느 전투에서 파괴되었던 고대의 강력한 무기, '삼지창'... 마리엘의 터무니없는 이야기 속에 나오던 바로 그 무기라네. 소문에 의하면 삼지창의 찬란한 조각들이 심연의 존재들에게 힘을 공급하고 있다고 하더군. 만약 교단이 이 조각들을 노리는 것이라면, 필멸자의 정신으로는 감당할 수 없을 정도의 고통을 불러올 걸세. 심연의 정글로 항로를 잡겠네. 그곳에 상륙하여 아즈텍 신전을 찾게. 혹시라도 카엘리스를 만나게 된다면 경계를 게을리하지 말게나...|||Temo saber qué busca la Orden. Un arma antigua y poderosa, el Tridente, destruido hace mucho en una batalla... El mismo de las historias de Mariel. Los rumores hablan de fragmentos radiantes del Tridente que alimentan a seres abisales. Si la Orden busca esos fragmentos, podrían causar un sufrimiento a una escala inimaginable para una mente mortal. Pondré rumbo hacia la Jungla del Abismo. Desembarca allí y encuentra el Templo Azteca. Si te encuentras con Kaelith, mantente alerta...|
dialog_mainFindPyramid_end|Whispers… I hear you master...[nl]OH! Who are you? What are you doing here? Pelagios sent you? Ah, good good...[nl]I was studying the tablets inscriptions.. they reveal so much… the power…|||Шепот... Я слышу тебя, хозяин...[nl]ОХ! Кто ты? Что ты здесь делаешь? Пелагиос прислал тебя? Ах, хорошо, хорошо...[nl]Я изучал надписи на табличках... они столько открывают... эту силу...|低語……我聽到了，主人……[nl]噢！你是誰？你在這裡做什麼？是佩拉吉奧斯派你來的？啊，很好、很好……[nl]我正在研究石板上的銘文……它們揭示了好多……這股力量……||속삭임이... 들려옵니다, 주인님...[nl]아! 당신은 누구죠? 여기서 뭘 하는 겁니까? 펠라기오스가 보낸 건가요? 아, 좋아요, 아주 좋아...[nl]석판에 새겨진 비문을 연구하던 중이었습니다... 많은 것을 알려주는군요... 이 힘이란...|||Susurros... Te escucho, maestro...[nl]¡OH! ¿Quién eres? ¿Qué haces aquí? ¿Te envió Pelagios? Ah, bien, bien...[nl]Estaba estudiando las inscripciones de las tablillas... revelan tantas cosas... el poder...|
dialog_mainBlackSmithBrooks|Shards? Of the Trident? Hah, that’s a tale for children. Don’t bother with it.[nl]That old blacksmith still with your crew? Brooks, that was their name. Old friend of mine. He’d be the one to talk to about these inscriptions.[nl]But the knowledge… I must seek more. I must go. Tell Pelagios I shall seek hes audience soon…|||Осколки? Трезубца? Ха, это сказка для детей. Не забивай этим голову.[nl]Тот старый кузнец всё ещё в твоей команде? Брукс, кажется, его звали. Мой старый друг. К нему стоит обратиться насчет этих надписей.[nl]Но эти знания... Я должен узнать больше. Я должен идти. Передай Пелагию, что скоро я попрошу о его аудиенции...|碎片？三叉戟的？哈哈，那是騙小孩的故事。別理它。[nl]那位老鐵匠還在你的船員裡嗎？布魯克斯，那是他的名字。我的老朋友。關於這些銘文，找他談就對了。[nl]但這些知識……我必須追求更多。我得走了。告訴佩拉吉奧斯，我很快就會要求覲見他……||조각이라고? 삼지창의 조각? 하, 그건 어린애들이나 듣는 이야기라네. 신경 쓸 필요 없어.[nl]그 늙은 대장장이가 아직 자네 선원들과 함께 있나? 브룩스였던가, 이름이. 내 오랜 친구라네. 비문에 대해서라면 그 자와 이야기해 보는 게 좋을 거야.[nl]하지만 지식이... 나는 더 많은 것을 찾아야만 하네. 가봐야겠어. 펠라기오스에게 곧 그를 알현하러 가겠다고 전해주게나...|||¿Fragmentos? ¿Del Tridente? Ja, eso es un cuento para niños. No te molestes con eso.[nl]¿Ese viejo herrero sigue con tu tripulación? Brooks, así se llamaba. Un viejo amigo mío. Él sería la persona indicada para hablar sobre estas inscripciones.[nl]Pero el conocimiento... debo descubrir más. Debo irme. Dile a Pelagios que pronto buscaré audiencia con él...|
dialog_mainBlackSmithBrooks_end|Greetings landsman. What brings you here? Kaelith? The Tidemaster? So the bastard is still alive...[nl]Inscriptions? Yes… unfortunately. He’s been seeking them as long as I can remember. He used to mumble about the power of 3 shards that the inscriptions speak of.[nl]I don’t trust Kaelith. If he is so keen on the inscriptions as you say, then he must be on to something…|||Приветствую, земляк. Что привело тебя сюда? Каэлит? Повелитель приливов? Значит, этот ублюдок все еще жив...[nl]Надписи? Да... к сожалению. Он ищет их столько, сколько я себя помню. Он вечно бормотал о силе трех осколков, о которых говорится в надписях.[nl]Я не доверяю Каэлиту. Если он так увлечен надписями, как ты говоришь, значит, он что-то зател...|你好，陸地人。什麼風把你吹來了？凱利斯？潮汐大師？看來那混蛋還活著……[nl]銘文？是的……很不幸。從我記憶所及，他就一直在尋找它們。他以前總是念念有詞，說銘文裡提及的那3個碎片的威力。[nl]我不信任凱利斯。如果如你所說，他對這些銘文如此熱衷，那他一定是在圖謀些什麼……||반갑네, 뭍사람. 여길 어떻게 찾아왔나? 카엘리스? 그 조율사 놈 때문에? 그 호랑말코 같은 놈이 아직도 살아 있단 말인가...[nl]비문이라? 그래... 애석하게도 그렇다네. 놈은 내가 기억하기 까마득한 옛날부터 비문을 찾아 헤맸지. 놈은 비문이 말하는 3개의 조각이 지닌 힘에 대해 중얼거리곤 했다네.[nl]나는 카엘리스를 믿지 않네. 자네 말대로 놈이 비문에 그렇게 열을 올리고 있다면, 분명 무언가 꿍꿍이가 있는 게 틀림없어...|||Saludos, marinero. ¿Qué te trae por aquí? ¿Kaelith? ¿El Maestro de Mareas? Así que el bastardo sigue vivo...[nl]¿Las inscripciones? Sí... por desgracia. Las ha estado buscando desde que tengo memoria. Solía murmurar sobre el poder de los 3 fragmentos que mencionan las inscripciones.[nl]No confío en Kaelith. Si está tan interesado en las inscripciones como dices, entonces debe haber descubierto algo...|
dialog_mainFindShipWreckCove|If the inscriptions are to be true, the shards are very real and real powerful. They are said to feed ancient beings of abyssal terror… Very dangerous. Might get you killed. Ready to go?[nl]Good! Then we must find the Cave of Treasures…|||Если надписи правдивы, осколки очень реальны и обладают огромной силой. Говорят, они подпитывают древних существ бездонного ужаса… Очень опасно. Вас могут убить. Готовы отправиться?[nl]Хорошо! Тогда мы должны найти Пещеру сокровищ…|如果銘文所言屬實，這些碎片是真實存在且極其強大的。據說它們滋養著古老的深淵恐怖生物……非常危險。可能會要了你的命。準備好出發了嗎？[nl]很好！那我們必須找到寶藏洞窟……||비문이 사실이라면, 조각들은 분명히 존재하며 매우 강력한 힘을 지니고 있네. 심연의 공포라 불리는 고대의 존재들에게 힘을 공급한다고 들었지... 대단히 위험해. 목숨을 잃을 수도 있다네. 출발할 준비는 되었나?[nl]좋아! 그럼 보물의 동굴을 찾아야겠군...|||Si las inscripciones son ciertas, los fragmentos son muy reales y muy poderosos. Se dice que alimentan a antiguos seres del terror abisal... Muy peligroso. Podría costarte la vida. ¿Listo para partir?[nl]¡Bien! Entonces debemos encontrar la Cueva de los Tesoros...|
dialog_mainFindShipWreckCove_end|Here we are. This place reeks of spirits. Stay alert. Don't die.|||Вот и мы. Это место разит спиртным. Будьте начеку. Не умирайте.|我們到了。這地方瀰漫著幽靈的惡臭。保持警惕，別死了。||다 왔군. 이곳은 원혼들의 악취가 진동을 하는구만. 경계를 늦추지 말게. 죽지 마라.|||Aquí estamos. Este lugar apesta a espíritus. Mantente alerta. Y no mueras.|
dialog_mainFindTrident01|I must return to my duties on the Karros Aegeus. Should the inscriptions be true, you should find what you seek here. I can not go further. Keep your mind clear. Don't be blinded by the riches within. It is all said to be cursed...|||Я должен вернуться к своим обязанностям на «Каррос Эгей». Если надписи правдивы, вы найдете то, что ищете, здесь. Я не могу идти дальше. Сохраняйте ясность ума. Не ослепляйте себя здешними богатствами. Говорят, все они прокляты...|我必須回到卡洛斯·愛琴海號上繼續我的職務。如果銘文屬實，你應該能在這裡找到你要找的東西。我無法再深入了。保持清醒。不要被裡面的財寶蒙蔽了雙眼，據說這裡的一切都被詛咒了……||나는 카로스 에게우스호에서의 내 임무로 돌아가야만 하네. 비문이 사실이라면 자네가 찾는 것은 이곳에 있을 걸세. 난 더 이상 나아갈 수 없네. 정신 바짝 차리게나. 내부의 보물에 눈이 멀지 말게. 전부 저주받았다고 들었으니...|||Debo regresar a mis deberes en el Karros Aegeus. Si las inscripciones son ciertas, aquí deberías encontrar lo que buscas. No puedo ir más lejos. Mantén la mente despejada. No dejes que las riquezas que hay dentro te cieguen. Se dice que todo está maldito...|
dialog_mainFindTrident01_end|W-what? Is that… I didn’t know… I mean I did but this is… I must take it to Pelagios at once. Thank you [heroname].[nl]I heard the ships Carpenter, Lennorth speak of another powerful being tightening it’s grasp. Talk to him and see if you can get a clue of our next heading!|||Ч-что? Это… Я не знал… То есть я знал, но это… Я должен немедленно отнести это Пелагию. Спасибо, [heroname]. Я слышал, как корабельный плотник Леннорт говорил о другом могущественном существе, сжимающем свою хватку. Поговори с ним и попробуй узнать намек на наш следующий курс!|什……什麼？那是……我不知道……我是說我知道，但這是……我必須立刻拿去給佩拉吉奧斯。謝謝你，[heroname]。[nl]我聽到船上的木匠倫諾斯提到另一個強大的存在正逐漸伸出爪牙。去和他談談，看能否拿到我們下一個航向的線索！||뭐-뭐라고요? 이게... 설마... 전 몰랐어요... 아니, 알긴 했지만 이건... 당장 펠라기오스님께 가져가야겠어요. 고마워요, [heroname]님.[nl]선박 목수인 레노스가 또 다른 강력한 존재가 세력을 확장하고 있다는 이야기를 하는 걸 들었어요. 그와 이야기해서 다음 목적지에 대한 단서를 얻을 수 있는지 확인해 보세요!|||¿Q-qué? ¿Eso es...? No lo sabía... Bueno, sí lo sabía, pero esto es... Debo llevarlo ante Pelagios de inmediato. Gracias, [heroname].[nl]Escuché al carpintero del barco, Lennorth, hablar de otro ser poderoso que está estrechando su dominio. Habla con él y averigua si puede darnos una pista sobre nuestro próximo destino.|
dialog_mainFindTormentedReef|Huh? Can’t you see I’m busy?[nl]Oh, it’s you! Welcome aboard![nl]I don’t know about ancient artifacts, but there is this… being… lurking. Many men have gone and not returned...[nl]Tormented Reef, that’s where the eerie feeling accumulates. Meet me there, I’ll show you the way!|||А? Разве ты не видишь, что я занят? О, это ты! Добро пожаловать на борт! Я ничего не знаю о древних артефактах, но здесь бродит... одно существо. Многие ушли и не вернулись... Мучительный риф — вот где скапливается это жуткое чувство. Встретимся там, я покажу тебе дорогу!|哈？你沒看見我很忙嗎？[nl]哦，是你啊！歡迎登船！[nl]我對古代神器不清楚，但有這麼個……存在……在暗中潛伏。許多勇士去了就再也沒有回來……[nl]折磨暗礁，那就是這種詭異感覺最濃烈的地方。在那裡跟我會合，我來帶路！||엉? 바쁜 거 안 보입니까?[nl]아, 당신이었군요! 탑승을 환영합니다![nl]고대 유물 같은 건 잘 모르겠지만, 어떤... 존재가... 도사리고 있긴 합니다. 수많은 사내들이 찾아갔다가 돌아오지 못했죠...[nl]고통받는 암초, 그곳에 섬뜩한 기운이 감돌고 있습니다. 거기서 절 만나시죠, 길을 안내해 드리겠습니다!|||¿Eh? ¿No ves que estoy ocupado?[nl]¡Oh, eres tú! ¡Bienvenido a bordo![nl]No sé mucho sobre artefactos antiguos, pero hay algo... un ser... acechando. Muchos hombres han ido allí y no han regresado...[nl]El Arrecife Atormentado. Ahí es donde se concentra esa sensación siniestra. Encuéntrame allí y te mostraré el camino.|
dialog_mainFindTormentedReef_end|You found the way! Uh, this place reeks of corpse and blood. It’s sad to see once prosperous land in this shape.[nl]I went ahead and found out an unpleasant task…|||Вы нашли путь! Тьфу, это место разит трупами и кровью. Печально видеть некогда процветающую землю в таком виде. Я пошел вперед и обнаружил неприятное занятие…|你找到路了！額，這地方瀰漫著屍體和鮮血的惡臭。看到曾經繁榮的土地變成這樣真令人感傷。[nl]我先一步進去調查，發現了一項令人不愉快的任務……||길을 찾으셨군요! 으으, 이곳은 시체와 피비린내가 진동을 하는군요. 한때 번창했던 땅이 이런 꼴이 된 걸 보니 씁쓸합니다.[nl]제가 먼저 가서 좀 껄끄러운 임무를 알아보았습니다만…|||¡Encontraste el camino! Uf, este lugar apesta a cadáveres y sangre. Es triste ver en este estado una tierra que alguna vez fue próspera.[nl]Me adelanté y descubrí una tarea desagradable...|
dialog_mainFindTrident02|If the stories are true, we must hop inside The Belly of the Beast where the evil lies. Hopefully you find what you are looking for…|||Если истории правдивы, мы должны запрыгнуть внутрь чрева зверя, где кроется зло. Надеюсь, ты найдешь то, что ищешь...|如果傳說是真的，我們必須深入邪惡潛伏的「巨獸之腹」。希望你能找到你要找的東西……||소문이 사실이라면, 악이 도사리고 있는 '짐승의 배'로 뛰어들어야만 하네. 자네가 찾는 것을 그곳에서 찾을 수 있기를 바라지...|||Si las historias son ciertas, debemos adentrarnos en las Entrañas de la Bestia, donde yace el mal. Espero que encuentres lo que buscas...|
dialog_mainFindTrident02_end|Another one! Yes [heroname], this is the right course! I can feel the vibrating energy of the shards! The Karros Aegeus has never sailed smoother.[nl] Can you take this to Pelagios? I have my hands full of tasks to complete…|||Еще одна! Да [heroname], это правильный курс! Я чувствую вибрирующую энергию осколков! «Каррос Эгей» еще никогда не плыл так плавно![nl] Можешь отнести это Пелагию? У меня полно дел...|又拿到一塊了！太棒了，[heroname]，這方向完全正確！我能感覺到碎片震動的能量！卡洛斯·愛琴海號從未航行得如此平穩過。[nl]你能把這個拿給佩拉吉奧斯嗎？我手上還有好多工作要處理……||또 하나 찾으셨군요! 맞아요 [heroname]님, 이게 바로 올바른 방향이에요! 조각들이 뿜어내는 진동 에너지가 느껴져요! 카로스 에게우스호가 이렇게 안정적으로 항해한 적이 없었죠.[nl]이걸 펠라기오스님께 가져다주실 수 있나요? 제가 지금 처리해야 할 일이 산더미라서요…|||¡Otro más! Sí, [heroname], ¡este es el rumbo correcto! ¡Puedo sentir la energía vibrante de los fragmentos! El Karros Aegeus nunca ha navegado con tanta suavidad.[nl]¿Puedes llevarle esto a Pelagios? Tengo las manos llenas de tareas por completar...|
dialog_mainArmsMaster|Well done [heroname]! That’s now two pieces in our hands. Only one more left. And I know just where to find it, because I remember the day that… Uh, nevermind[nl]I have briefed the ships Arms Master, Sebastian on the final task. Go with him!|||Отличная работа [heroname]! У нас в руках уже две части. Осталась только одна. И я точно знаю, где ее найти, потому что помню тот день, когда... Э, неважно[nl]Я проинформировал мастера оружия корабля, Себастьяна, о финальном задании. Иди с ним!|做得好，[heroname]！現在我們手頭上有兩塊碎片了。只剩最後一塊。而且我知道去哪裡找它，因為我還記得那一天……呃，沒事。[nl]我已經向船上的軍備官塞巴斯蒂安說明了最後的任務。跟他一起去吧！||잘해주었네, [heroname]! 이제 우리 손에 조각 두 개가 들어왔군. 이제 단 하나만 남았네. 그리고 어디서 찾아야 할지도 알고 있지. 그날의 일이 떠오르는군... 아, 아무것도 아니네.[nl]선박의 무기 교관인 세바스찬에게 마지막 임무에 대해 브리핑을 마쳤네. 그와 함께 가보게!|||¡Bien hecho, [heroname]! Ya tenemos dos fragmentos en nuestras manos. Solo falta uno. Y sé exactamente dónde encontrarlo, porque recuerdo el día en que... Eh, olvídalo.[nl]Ya puse al tanto al Maestro de Armas del barco, Sebastian, sobre la última tarea. ¡Ve con él!|
dialog_mainArmsMaster_end|Stand up straight [heroname]! There is no slacking on this vessel![nl]I hear you found two of the pieces we’re after. The final one MUST be found, and I have paved the way for it. The beast we’re after, I have faced it before.[nl]I survived by the seas blessing, it’s sharp legs only cut my beautiful hair off.[nl]If there is any creature that holds the last artifact, that’s it!|||Выпрямись, [heroname]! На этом судне никто не лентяйничает! Я слышал, ты нашёл две нужные нам части. Последнюю ОБЯЗАТЕЛЬНО нужно найти, и я подготовил для этого почву. Чудовище, за которым мы охотимся... мне уже доводилось с ним сталкиваться. Я выжил благодаря благословению морей, его острые лапы срезали лишь мои прекрасные волосы. Если какое-то создание и хранит последний артефакт, так это оно!|站直了，[heroname]！這艘船上可不許偷懶！[nl]我聽說你找到了我們在找的其中兩塊碎片。最後一塊必須找到，而我已經為此鋪好了路。我們要找的那頭巨獸，我以前跟它對峙過。[nl]我靠著大海的庇佑才活了下來，它尖銳的腳只割斷了我美麗的頭髮。[nl]如果有任何生物持有最後的碎片，絕對就是它了！||허리 똑바로 펴라, [heroname]! 이 배에 게으름이란 없다![nl]우리가 찾는 조각 중 두 개를 찾았다고 들었다. 마지막 조각을 반드시 찾아내야만 하고, 내가 그 길을 터놓았지. 우리가 쫓는 그 괴수 놈은 내가 전에 상대해 본 적이 있다.[nl]바다의 축복 덕분에 목숨을 건졌지. 놈의 날카로운 다리가 내 아름다운 머리카락만 잘라냈을 뿐이다.[nl]마지막 유물을 가지고 있는 생물체가 있다면, 그놈이 틀림없어!|||¡Ponte derecho, [heroname]! ¡Aquí no se permite holgazanear![nl]Me han dicho que encontraste dos de los fragmentos que buscamos. DEBEMOS encontrar el último, y ya he preparado el camino. A la bestia que buscamos ya me enfrenté una vez.[nl]Sobreviví gracias a la bendición del mar; sus afiladas patas solo lograron cortar mi hermoso cabello.[nl]¡Si alguna criatura posee el último artefacto, es esa!|
dialog_mainFindBorealCave|We’re headed to The Boreal Island. You’re going to be amazed by that place. The Aurora Borealis’ cover that place and shine bright against the permafrozen ice and snow.[nl]Don’t let the beauty fool you! It is still very dangerous place, especially as an ever-growing evil spreads across the land…[nl]Let’s go!|||Мы направляемся на Остров Бореал. Вы будете поражены этим местом. Северное сияние покрывает это место и ярко сияет на фоне вечномерзлого льда и снега. Не позволяйте красоте обмануть вас! Это по-прежнему очень опасное место, особенно учитывая, что по земле распространяется постоянно растущее зло… Пошли!|我們正前往極北之島。你一定會被那地方驚豔到。極光覆蓋著整片土地，在永凍冰雪的映襯下閃耀著璀璨光芒。[nl]但別被美景給騙了！那裡依然是個極其危險的地方，特別是隨著不斷蔓延的邪惡笼罩著那片土地……[nl]我們出發吧！||우리는 보레알 섬으로 향하고 있다네. 자네도 그곳에 가면 감탄하게 될 걸세. 오로라가 그곳을 뒤덮고 영구동토의 얼음과 눈 위에서 찬란하게 빛나고 있거든.[nl]하지만 그 아름다움에 속지 말게나! 땅 전체로 끊임없이 커지는 악이 퍼져나가고 있으니, 여전히 대단히 위험한 곳이라네...[nl]가세나!|||Nos dirigimos a la Isla Boreal. Te quedarás maravillado con ese lugar. La Aurora Boreal cubre la isla y brilla sobre el hielo y la nieve perpetuamente congelados.[nl]¡No dejes que su belleza te engañe! Sigue siendo un lugar muy peligroso, especialmente ahora que un mal cada vez mayor se extiende por la tierra...[nl]¡Vamos!|
dialog_mainFindBorealCave_end|Finally. Draw arms [heroname]![nl]Isn’t it beautiful here? But we’re not here for sightseeing. We must proceed to find the Boreal Cave…|||Наконец-то. Оружие наголо, [heroname]! Разве здесь не красиво? Но мы здесь не для осмотра достопримечательностей. Мы должны продолжить путь, чтобы найти Бореальную пещеру...|終於到了。拔出武器，[heroname]！[nl]這裡是不是很美？但我們可不是來觀光的。我們必須繼續前進，找到極北洞窟……||드디어 때가 왔군. 무기를 뽑아라, [heroname]![nl]이곳 풍경이 아름답지 않은가? 하지만 우린 경치 구경이나 하러 온 게 아니다. 보레알 동굴을 찾으러 계속 이동해야 하네...|||Por fin. ¡Prepara tus armas, [heroname]![nl]¿No es hermoso este lugar? Pero no hemos venido a hacer turismo. Debemos continuar hasta encontrar la Cueva Boreal...|
dialog_mainFindTrident03|When we get to Boreal Cave, we must find the Permafrozen Chamber… there we will find the Phantom Leviathan, the great beast with heart colder than ice around it… That creature must DIE! TO BATTLE!|||Когда мы доберемся до Северной пещеры, мы должны найти Ледяную камеру… там мы найдем Призрачного Левиафана, великого зверя с сердцем холоднее льда… Это создание должно УМЕРЕТЬ! К БОЮ!|當我們抵達極北洞窟時，我們必須找到永凍密室……在那裡我們會找到幻影利維坦，那頭心臟比周圍冰雪還要寒冷的巨獸……那生物必須死！開戰吧！||보레알 동굴에 도착하면 '영구동결의 방'을 찾아야만 하네... 그곳에서 주위의 얼음보다 더 차가운 심장을 지닌 위대한 괴수, '환영의 리바이어던'을 발견하게 될 걸세... 그 생물체는 반드시 죽여야만 해! 전투하라!|||Cuando lleguemos a la Cueva Boreal, debemos encontrar la Cámara Permafrost... allí encontraremos al Leviatán Fantasma, la gran bestia cuyo corazón es más frío que el hielo que la rodea... ¡Esa criatura debe MORIR! ¡A LA BATALLA!|
dialog_mainFindTrident03_end|The Final Shard of the legendary TRIDENT! You did it [heroname]! Now the cult will NEVER achieve it’s goals. But we’re not in the clear yet… We must find the bastards. While you were hunting the pieces, Pelagios and I found out they are gathering again…|||Финальный осколок легендарного ТРЕЗУБЦА! Ты сделал это, [heroname]! Теперь культ НИКОГДА не достигнет своих целей. Но мы еще не вне опасности… Мы должны найти этих ублюдков. Пока ты охотился за частями, Пелагий и я узнали, что они снова собираются…|傳說中「三叉戟」的最後一片碎片！你做到了，[heroname]！現在邪教團永遠無法實現他們的企圖了。但我們還沒脫離危險……我們必須找到那些混蛋。在你獵捕碎片的期間，佩拉吉奧斯跟我發現他們又在再次聚集了……||전설적인 '삼지창'의 마지막 조각이라니! 해냈구나, [heroname]! 이제 교단 놈들은 자신들의 목표를 절대로 이루지 못할 것이다. 하지만 아직 안심하기엔 이르다... 그 개자식들을 찾아내야 해. 네가 조각들을 추적하는 동안, 펠라기오스님과 나는 놈들이 다시 집결하고 있다는 사실을 알아냈다...|||¡El Fragmento Final del legendario TRIDENTE! ¡Lo lograste, [heroname]! Ahora el culto NUNCA cumplirá sus objetivos. Pero aún no estamos fuera de peligro... Debemos encontrar a esos bastardos. Mientras buscabas los fragmentos, Pelagios y yo descubrimos que se están reunando de nuevo...|
dialog_mainTalkToMariel|The gathering is happening at the Volcanic Island. We’re already headed there. Meet me and Pelagios there, and we’ll form a plan to… intrude their party...|||Сходство происходит на Вулканическом острове. Мы уже направляемся туда. Встретьтесь со мной и Пелагиосом там, и мы составим план… чтобы проникнуть на их вечеринку...|聚會正辦在火山島。我們已經在路上了。在該處與我和佩拉吉奧斯會合，我們來擬定一個……闖入他們派對的計畫……||집결은 화산섬에서 이루어지고 있다네. 우린 이미 그곳으로 향하는 중이지. 나와 펠라기오스님을 그곳에서 만나게. 놈들의 파티에... 난입할 계획을 세워보자고...|||La reunión está teniendo lugar en la Isla Volcánica. Ya nos dirigimos allí. Encuéntranos a Pelagios y a mí allí, y trazaremos un plan para... infiltrarnos en su reunión...|
dialog_mainTalkToMariel_end|Hey! Right here! Quickly![nl]Good that you are here. It’s bigger than we thought, they are everywhere. The legends say this is where the Lord of the Abyss was defeated… sure looks like it!|||Эй! Прямо сюда! Быстро! Хорошо, что ты здесь. Это больше, чем мы думали, они везде. Легенды говорят, что именно здесь был побежден Повелитель Бездны… похоже на то!|嘿！這兒！快點！[nl]你來了太好了。規模比我們想像的還大，到處都是他們的人。傳說這裡就是深淵領主被擊敗的地方……看來確實很像！||이봐요! 이쪽이에요! 어서요![nl]와주셔서 다행입니다. 생각했던 것보다 상황이 심각해요. 놈들이 사방에 깔려있습니다. 전설에 따르면 이곳이 '심연의 군주'가 패배했던 곳이라던데… 과연 그럴 만도 하네요!|||¡Eh! ¡Aquí! ¡Rápido![nl]Menos mal que estás aquí. Es más grande de lo que pensábamos, están por todas partes. Las leyendas dicen que aquí fue derrotado el Señor del Abismo... ¡y parece que es verdad!|
dialog_mainCultHideout|You pave the way, we’ll follow. We need to reach their hideout before it’s too late![nl]Don’t get yourself burned!|||Ты прокладываешь путь, мы последуем. Нам нужно добраться до их убежища, пока не поздно! Не обожгись!|你開路，我們隨後就到。我們得在太遲之前趕到他們的藏身處！[nl]別被燙傷了！||당신이 길을 터주시면, 저희가 뒤따라가겠습니다. 더 늦기 전에 놈들의 아지트에 도착해야 합니다![nl]화상을 입지 않도록 조심하세요!|||¡Tú abre el camino, nosotros te seguiremos! ¡Tenemos que llegar a su escondite antes de que sea demasiado tarde![nl]¡No vayas a quemarte!|
|||||||||||
dialog_mainMarielQuip_0|You did it! We did it! Peace is now restor…|||Ты сделал это! Мы сделали это! Мир теперь восстановлен…|你做到了！我們做到了！和平終於重……||해내셨군요! 우리가 해냈어요! 이제 평화를 되찾아...|||¡Lo lograste! ¡Lo logramos! ¡La paz ha sido restau...|
dialog_mainMarielQuip_1|AAAAAAAAAAAAAAAA!|||AAAAAAAAAAAAAAAA!|啊啊啊啊啊啊啊啊啊啊！||AAAAAAAAAAAAAAAA!|||¡AAAAAAAAAAAAAAA!|
|||||||||||
dialog_mainCultHideout_end|This is it [heroname]. The cultist were never after the Trident. It seems it was only a hoax to keep us from discovering their real intentions. Bastard Kaelith![nl]But thanks to you collecting all the lost shards, I can finally ascend to my true form…|||Вот и всё, [heroname]. Культисты никогда не гонялись за Трезубцем. Похоже, это была лишь уловка, чтобы помешать нам раскрыть их истинные намерения. Ублюдок Каэлит!|[nl]就是這裡，[heroname]。那些教徒從未真正追尋三叉戟。看來那只是一個騙局，為了阻止我們發現他們真正的目的。該死的凱利斯！[nl]但多虧你收集了所有失落的碎片，我終於可以升華為我真正的形態……||여기까지다, [heroname]. 교단 놈들은 처음부터 삼지창 따위엔 관심도 없었다. 우리가 자신들의 진짜 목적을 눈치채지 못하도록 교란하기 위한 페이크에 불과했지. 멍청한 카엘리스 놈![nl]하지만 네가 잃어버린 조각들을 모아준 덕분에, 나는 마침내 나의 진정한 모습으로 승화할 수 있게 되었다…|||Esto es todo, [heroname]. Los cultistas nunca estuvieron tras el Tridente. Al parecer, todo fue una farsa para impedir que descubriéramos sus verdaderas intenciones. ¡Maldito Kaelith![nl]Pero gracias a que reuniste todos los fragmentos perdidos, por fin puedo ascender a mi verdadera forma...|
dialog_mainCthulhu|I have not been honest with you...[nl]I am not Pelagios. My name is Poseidon, King of the Seas, Keeper of Peace.[nl]But right now, we need to cast this beast back to the Abyss and save Mariel!|||Я был нечестен с тобою...[nl]Я не Пелагиос. Мое имя — Посейдон, Царь морей, Хранитель мира.[nl]Но прямо сейчас нам нужно отправить этого зверя обратно в Бездну и спасти Мариэль!|我一直沒有對你說實話……[nl]我不是佩拉吉奧斯。我的名字是波塞頓，海洋之王，和平守護者。[nl]但現在，我們必須將這頭巨獸驅逐回深淵，並拯救瑪麗爾！||자네에게 솔직하지 못했네...[nl]나는 펠라기오스가 아니라네. 내 이름은 포세이돈, 바다의 왕이자 평화의 수호자지.[nl]하지만 지금은, 이 괴수를 다시 심연으로 쳐넣고 마리엘을 구해야 하네!|||No he sido sincero contigo...[nl]No soy Pelagios. Mi nombre es Poseidón, Rey de los Mares, Guardián de la Paz.[nl]Pero ahora mismo debemos devolver a esta bestia al Abismo y salvar a Mariel.|
dialog_mainCthulhu_end|At last… it is over...[nl]I thought last time I came face to face with Cthulhu I’d defeat him for good. But as it seems, I failed.[nl]The horror is now over, calm winds return to the seas. I bless you, [heroname]. May the tide pave your path.|||Наконец… все кончено...[nl]Я думал, что в прошлый раз, когда я встретился лицом к лицу с Ктулху, я побежду его навсегда. Но, судя по всему, я потерпел неудачи.[nl]Ужас теперь позади, спокойные ветры возвращаются в моря. Благословляю тебя, [heroname]. Пусть прилив проложит твой путь.|終於……結束了……[nl]我曾以為上次面對克蘇魯時，我已經徹底擊敗了它。但看來，我失敗了。[nl]恐怖已經結束，平靜的海風再次回歸。我祝福你，[heroname]。願潮汐為你指引道路。||마침내… 끝이 났군...[nl]지난번 크툴루와 대면했을 때는 놈을 영원히 물리쳤다고 생각했지. 하지만 보다시피, 내가 실패했던 모양이야.[nl]이제 공포는 끝났고, 바다에는 다시 잔잔한 바람이 불어오는군. 자네에게 축복을 내리네, [heroname]. 조류가 자네의 앞길을 인도하길.|||Por fin... ha terminado...[nl]Pensé que la última vez que me enfrenté cara a cara con Cthulhu lo derrotaría para siempre. Pero, por lo visto, fracasé.[nl]El horror ha terminado. Los vientos tranquilos regresan a los mares. Te bendigo, [heroname]. Que la marea guíe tu camino.|
|||||||||||
[Nightmare Quest]|||||||||||
dialog_mainMagicStones|Greetings Hero! The forces of evil are getting stronger within the Black Tower, will you help us slay their commander?||Saudações, herói! As forças do mal estão ficando mais fortes dentro da Torre Negra. Você nos ajudará a matar o comandante delas?|Приветствую тебя, Герой! Силы зла усиливаются в Черной Башне.|你好啊英雄！  黑塔內的邪惡勢力越來越強大，你能幫助我們殺死他們的指揮官嗎？|勇者よ、こんにちは！ブラックタワー内で悪の勢力が強まっています。彼らの指揮官を倒すのを手伝ってくれませんか？|영웅이여, 인사드립니다! 검은 탑 안의 악의 세력이 점점 더 강해지고 있습니다. 그들의 지휘관을 처치하는 데 도와주실 수 있습니까?|Seid gegrüßt, Held! Die Mächte des Bösen werden im Schwarzen Turm immer stärker. Helft ihr uns, ihren Anführer zu besiegen?|Salut, héros ! Les forces du mal se renforcent dans la Tour Noire. Pourriez-vous nous aider à éliminer leur commandant ?|¡Saludos, héroe! Las fuerzas del mal se están fortaleciendo dentro de la Torre Negra, ¿nos ayudarás a derrotar a su comandante? |Pozdrowienia, bohaterze! Bardzo się cieszę, że cię spotykam, ponieważ potrzebuję pomocy wielkiego poszukiwacza przygód! Niedawno dostałem w swoje ręce tę książkę, Księgę Soulforge. Zawiera instrukcje do kucia bardzo potężnej magii w przedmioty, ale niektóre strony są brakujące! Pomóż mi znaleźć te brakujące strony, a w nagrodę stworzę ci najpotężniejszy, magiczny pierścień, który pomoże ci w twojej drodze Bohatera! Mam informację, że sam kamienny król, Gurag, może posiadać stronę. Tam bym zaczął szukać.
dialog_mainMagicStones_end|That was faster than expected! Take these runes, you might have more use for them than me.||Isso foi mais rápido do que o esperado! Pegue essas runas, talvez você tenha mais utilidade para elas do que eu.| Это было быстрее, чем ожидалось! Возьми эти руны|這比預想的還要快！  拿著這些符文，你拿著可能比我更能發揮它們。|思ったより早かったですね！このルーンを持っていってください。あなたの方が必要かもしれません。|예상보다 훨씬 빠르군요! 이 룬들을 드리겠습니다. 당신이 저보다 더 잘 사용할 수 있을지도 모르겠네요.|Das ging schneller als erwartet! Nehmt diese Runen, ihr könnt sie vielleicht besser gebrauchen als ich.|C'était plus rapide que prévu ! Prenez ces runes, elles vous seront peut-être plus utiles qu'à moi.|¡Nuestra gente agradece tu ayuda! ¡Acepta esto como muestra de nuestro aprecio!|Doskonała robota, [heroname]! Mam kilku starych przyjaciół, którzy próbują znaleźć więcej informacji o pozostałych stronach. Wróć do mnie później!
dialog_mainHuntingWild|We are having problems fighting the wild life as they seem to have allied with the undead. Could you help us slaying them?||Estamos tendo problemas para combater os animais selvagens, pois eles parecem ter se aliado aos mortos-vivos. Você poderia nos ajudar a matá-los?| У нас проблемы с борьбой с дикой природой, поскольку они, похоже, объединились с нежитью. Не могли бы вы помочь нам убить их?|我們在與野生動物作鬥爭時遇到了問題，  因為它們似乎與亡靈結盟。  你能幫我們殺掉他們嗎？|野生動物と戦うのに困っています。彼らがアンデッドと同盟を組んでいるようです。退治を手伝ってもらえますか？|야생 동물들이 언데드와 연합한 것 같습니다. 그들을 처치하는 데 도와주실 수 있습니까?|Wir haben Probleme mit den wilden Tieren, da sie sich anscheinend mit den Untoten verbündet haben. Könntet ihr uns helfen, sie zu vernichten?|Nous avons du mal à combattre la faune sauvage, car elle semble s'être alliée aux morts-vivants. Pourriez-vous nous aider à les abattre ?|El desierto y nuestra pirámide sagrada de Mos'Arathim han sido tomados por los no muertos. ¡Por favor, ayúdanos a purificar este lugar sagrado para que podamos volver a venerarlo!|Właśnie dowiedziałem się, że jedna ze stron jest w posiadaniu samej śmierci! Skieruj się na północ i spróbuj ją znaleźć! Jaki wzór? Na pewno nie ma tu wzoru, jeśli chodzi o lokalizacje stron…
dialog_mainHuntingWild_end|Our people are thankful for your aid! Take these as a token of our appreciation!||Nosso povo é grato por sua ajuda! Tome isto como um símbolo de nossa gratidão!| Наш народ благодарен вам за помощь! Примите это в знак нашей признательности!|我們的人民感謝您的幫助！  把這些當作我們的謝意！|民はあなたの助けに感謝しています！感謝の印としてこれを受け取ってください！|우리 사람들은 당신의 도움에 감사하고 있습니다! 이걸 받으세요, 고마움을 담아 준비했습니다!|Unser Volk ist euch für eure Hilfe dankbar! Nehmt dies als Zeichen unserer Anerkennung!|Notre peuple vous remercie de votre aide ! Voici un témoignage de notre gratitude !|¡Nuestra gente agradece tu ayuda! ¡Acepta esto como muestra de nuestro aprecio!|Jesteś naprawdę wielkim wojownikiem, [heroname]. Na pewno znajdziemy resztę stron w mgnieniu oka! Moi chłopcy raportują później o kolejnych lokalizacjach stron! Wysłałbym mojego psa Mörskiego, żeby trochę powęszył, ale ostatnio był trochę cichy…
dialog_mainTombRaider|The desert and our sacred pyramid of Mos’Arathim is taken over by the undead. Please help us cleanse this holy place so we can charish it once gain!||O deserto e a nossa pirâmide sagrada de Mos'Arathim foram tomados pelos mortos-vivos. Por favor, ajude-nos a limpar esse lugar sagrado para que possamos voltar a prezá-lo!| Пустыня и наша священная пирамида Мос'Аратим захвачены нежитью. Пожалуйста, помогите нам очистить это святое место, чтобы мы могли воздать ему почести, когда обретем его!|沙漠和我們神聖的莫斯阿拉辛金​​字塔被亡靈佔領。  請幫助我們淨化這個聖地，好讓我們在獲得勝利後可以好好珍惜它！！|砂漠とモスアラシムの聖なるピラミッドがアンデッドに占領されています。この聖地を浄化して再び守れるよう助けてください！|사막과 우리의 성스러운 모스'아라팀 피라미드는 언데드에게 점령당했습니다. 이 신성한 장소를 정화해 주셔서 다시 소중하게 여길 수 있도록 도와주세요!|Die Wüste und unsere heilige Pyramide von Mos’Arathim sind von den Untoten besetzt. Bitte helft uns, diesen heiligen Ort zu reinigen, damit wir ihn wieder ehren können!|Le désert et notre pyramide sacrée de Mos'Arathim sont envahis par les morts-vivants. Aidez-nous à purifier ce lieu saint afin que nous puissions le chérir à nouveau !|El desierto y nuestra pirámide sagrada de Mos'Arathim han sido tomados por los no muertos. ¡Por favor, ayúdanos a purificar este lugar sagrado para que podamos volver a venerarlo!|Cóż, cóż, cóż. Spójrz, kto ma esencję bogów! Nie sądzę, żebyś nawet potrzebował tego pierścienia! Ale obietnica to obietnica. Teraz muszę tylko użyć 25 braggitów i 5 esencji, które mi przyniosłeś, i pierścień będzie gotowy! Czy powiedziałem 25 i 5? Nie, nie, miałem na myśli ummh… 50 braggitów i 7 esencji. Tak, to brzmi właściwie. Nie ma mowy, żebym wysyłał cię po nadmiarowe ilości rzeczy, żebym mógł się nimi cieszyć sam… hehe.
dialog_mainTombRaider_end|May the gods bless you hero! Here is a gift from our people!||Que os deuses o abençoem, herói! Aqui está um presente de nosso povo!| Да благословят тебя боги, герой! Вот тебе подарок от нашего народа!|願上帝保佑你，英雄！  這是我們人民的禮物！|神々の祝福がありますように、勇者よ！こちらは民からの贈り物です！|신들이 당신과 함께하시길! 우리 사람들의 선물입니다!|Mögen die Götter euch segnen, Held! Hier ist ein Geschenk unseres Volkes!|Que les dieux vous bénissent, héros ! Voici un cadeau de notre peuple !|¡Que los dioses te bendigan, héroe! ¡Aquí tienes un regalo de nuestra gente!|Uhmm... Mały problem. Pierścieniowi czegoś brakuje. Trzeciego, ostatecznego komponentu, aby odblokować jego prawdziwy potencjał. Baza pierścienia jest super seksowna… ale chcemy więcej. Cały pakiet! Myślę, że wiem, czego pierścieniowi brakuje. Kamienia! I jak przy wszystkich kamieniach szlachetnych, rozmiar ma znaczenie. I jakość też, chyba. Pozwól mi pomyśleć… A-ha! Tak. Tak. Tutaj! [c_aqua]Spójrz na ten zwój![c_reset] Przynieś mi [c_yellow]kamień szlachetny[c_reset], a porozmawiamy ponownie!
dialog_mainSecretsIron|Ahhh just as I was looking for someone. My back is not as good as it used to be... Could you help me by slaying the Forge Master within the Abadoned mine and mining some Iron Ore for me? I will reward you accordingly!||Ahhh, exatamente quando eu estava procurando por alguém. Minhas costas não estão tão boas quanto antes... Você poderia me ajudar matando o Mestre da Forja dentro da Mina Abandonada e minerando um pouco de Minério de Ferro para mim? Eu o recompensarei de acordo!| Аххх, как раз когда я искал кого-то. Моя спина уже не так хороша, как раньше... Не могли бы вы помочь мне, убив Мастера кузницы в шахте Абадонед и добыв для меня немного железной руды? Я вознагражу вас соответственно!|Ahhh ，正當我在找人的時候。  我的背部已經不像以前那麼好了... 你能幫我殺死廢棄礦井中的鍛造大師並為我開採一些鐵礦石嗎？  我會準備相應地獎勵給你！|ああ、ちょうど誰かを探していたところです。背中の調子が悪くて…放棄された鉱山にいる鍛冶マスターを倒し、鉄鉱石を採掘してもらえますか？報酬はしっかりお渡しします！|아, 마침 누군가를 찾고 있었어요. 제 등이 예전 같지 않아서요... 버려진 광산 안에 있는 대장장이를 처치하고 철광석을 캐는 데 도와주실 수 있습니까? 보상을 준비하겠습니다!|Ah, genau wie ich jemanden gesucht habe. Mein Rücken ist nicht mehr so ​​gut wie früher … Könntet ihr mir helfen, indem ihr den Schmiedemeister in der Verlassenen Mine besiegt und etwas Eisenerz für mich abbaut? Ich werde euch entsprechend belohnen!|Ah, justement, je cherchais quelqu'un. Mon dos me fait souffrir... Pourriez-vous m'aider en éliminant le Maître Forgeron dans la mine Abandonnée et en extrayant du minerai de fer pour moi ? Je vous récompenserai en conséquence !|Ah, justo cuando buscaba a alguien. Mi espalda ya no es lo que era... ¿Podrías ayudarme aniquilando al Maestro de Forja en la mina Abandonada y extrayendo algo de Mena de Hierro para mí? ¡Te recompensaré como corresponde!|Zrobiłeś to! To jest piękne… tak, tak piękne. Zrobiłeś wybitnie niesamowitą robotę, zbierając te niesamowite części na niesamowity pierścień. To wszystko jest po prostu niesamowite. Jeśli ktokolwiek zasługuje na ten pierścień, to ty. Weź go. Weź go, weź go, weź go! Mörski, mój lojalny pies jaskiniowy, wracamy do gry BS!
dialog_mainSecretsIron_end|Thank you so much! Highly appreciated!!! Here, take these valuables!||Muito obrigado! Gratidão!!! Aqui, pegue estes objetos de valor!| Спасибо большое! Очень признателен!!! Вот|太感謝了！  來，拿走這些財寶！|本当にありがとう！とても感謝しています！これを受け取ってください、貴重なものです！|정말 감사합니다! 정말 감사드려요!!! 이 귀중한 물건들을 받으세요!|Vielen Dank! Ich weiß das sehr zu schätzen! Hier, nehmt diese Wertgegenstände!|Merci infiniment ! C'est très apprécié ! Tenez, prenez ces objets précieux !|¡Muchas gracias! ¡¡¡Altamente apreciado!!! ¡Toma, estos objetos de valor!|Jak obiecałem, mogę zrobić ci pierścień potężniejszy niż jakikolwiek człowiek kiedykolwiek nosił! Zgodnie z instrukcjami w Księdze Soulforge zebrałem wszystkie materiały, których potrzebuję, z wyjątkiem jednego: esencji duszy. Esencję duszy można zebrać z potężnych stworzeń w całym Tarethiel, chociaż jest bardzo rzadko spotykana na w większości bezdusznych stworzeniach, które infestują te ziemie. Tak czy inaczej, potrzebuję jej dużo. Dużo. Wróć do mnie z dużą kupą, a pierścień będzie twój!
dialog_mainWarlordTraining|Greetings hero! If you wish to join our clan I need you to prove your combat skills and slay a legion of undead monsters within karponia! May the gods be by your side!||Saudações, herói! Se quiser se juntar ao nosso clã, preciso que prove suas habilidades de combate e mate uma legião de monstros mortos-vivos em Karponia! Que os deuses estejam ao seu lado!| Приветствую тебя, герой! Если ты хочешь присоединиться к нашему клану, мне нужно, чтобы ты доказал свои боевые навыки и убил легион нежити в Карпонии! Да будут боги на твоей стороне!|你好啊英雄！  如果你想加入我們的氏族，  我需要你證明你的戰鬥技能並殺死卡波尼亞的不死怪物軍團！  願諸眾神之父在你身邊！ |勇者よ、こんにちは！もし私たちのクランに加わりたいなら、カルポニアにいるアンデッドの軍団を倒して戦闘力を証明してください！神々があなたの味方でありますように！|안녕하세요, 영웅이여! 우리 클랜에 가입하고 싶다면, 카르포니아에서 언데드 괴물들의 군단을 처치하여 전투 능력을 증명해 주세요! 신들이 당신과 함께 하시길!|Seid gegrüßt, Held! Wenn ihr unserem Clan beitreten wollt, müsst ihr eure Kampffertigkeiten unter Beweis stellen und eine Legion untoter Monster in Karponia vernichten! Mögen die Götter euch beistehen!|Salut, héros ! Si tu souhaites rejoindre notre clan, je te demande de prouver tes talents de combattant et d'anéantir une légion de monstres morts-vivants à Karponia ! Que les dieux te protègent !|¡Saludos, héroe! Si deseas unirte a nuestro clan, necesito que pruebes tus habilidades de combate y mates a una legión de monstruos no muertos en Karponia. ¡Que los dioses estén de tu lado!|Przepraszam [heroname], zupełnie zapomniałem o jeszcze jednym składniku. Ale dla champa takiego jak ty to powinno być łatwe do ogarnięcia.
dialog_mainWarlordTraining_end|Hahaha.. *Bows before you*. You have made us proud brother. Take this weapon, the clan will always have your back!||Hahaha... *Faz uma reverência diante de você*. Você nos deixou orgulhosos, irmão. Pegue esta arma, o clã sempre estará ao seu lado!|Хахаха.. *Преклоняюсь перед тобой*. Ты сделал нас гордыми, брат. Возьми это оружие|哈哈哈..*在你面前鞠躬*。  你讓我們為兄弟感到驕傲。  拿起這把武器，部落將永遠支持你！|ははは… あなたに一礼 兄弟よ、あなたは私たちを誇りに思わせてくれました。この武器を受け取ってください。クランはいつでもあなたを支えます！|하하하... 당신 앞에서 인사합니다. 당신은 우리를 자랑스럽게 했습니다, 형제여. 이 무기를 받으세요, 클랜은 항상 당신의 편입니다!|Hahaha… *Verbeugt sich*. Ihr habt uns stolz gemacht, Bruder. Nehmt diese Waffe, der Clan wird euch immer den Rücken stärken!|Hahaha… *S'incline devant toi*. Tu nous rends fiers, frère. Prends cette arme, le clan te soutiendra toujours !|Jajaja... Se inclina ante ti. Nos has enorgullecido, hermano. Toma esta arma, ¡el clan siempre te respaldará!|Na mój młot! Całkowicie zapomniałem! Może moja stara głowa robi się miękka w tej jaskini… Pierścień wciąż potrzebuje czegoś. Dusz. Nie tylko esencji, rzeczywistych dusz. Nie za dużo, ale kilka z nich. Najlepiej jakieś silne, surowe dusze, które kiedyś miały silną wolę i serce do walki. Znasz te kupy, które widzisz leżące wokół? Może, tylko może, znajdziesz to, co jest potrzebne, w tych kupach. No cóż, idź. Zobaczymy się, gdy będziesz je miał!
dialog_mainSoulsOfDead|Grace to you hero! The Dawn’s Chappel seeks your aid on purifying our lands of the malevolent spirits! Will you aid us?||Graça a você, herói! A Capela Dawn busca sua ajuda para purificar nossas terras dos espíritos malévolos! Você nos ajudará?| Благодать тебе, герой! Часовня Рассвета ищет твоей помощи в очищении наших земель от злых духов! Ты поможешь нам?|上帝保佑你，英雄！  黎明的教堂尋求你的幫助，淨化我們邪惡的靈魂之地！  你能幫助我們嗎？|勇者よ、祝福あれ！ドーンズチャペルは悪霊を浄化するためにあなたの助けを求めています！力を貸してくれますか？|영광을 당신에게, 영웅이여! 새벽의 예배당에서는 악령들을 정화하는 데 당신의 도움이 필요합니다! 우리를 도와주실 수 있나요?|Sei gesegnet, Held! Die Kapelle der Morgenröte bittet euch um eure Hilfe, um unser Land von den bösartigen Geistern zu reinigen! Werdet ihr uns unterstützen?|Grâce à toi, héros ! La Chapelle de l'Aube sollicite ton aide pour purifier nos terres des esprits maléfiques ! Veux-tu nous aider ?|¡La gracia sea contigo, héroe! ¡La Capilla del Alba busca tu ayuda para purificar nuestras tierras de los espíritus malévolos! ¿Nos ayudarás?|Teraz jesteśmy gotowi! Pozwól mi dokończyć ten pierścień dla ciebie!
dialog_mainSoulsOfDead_end|Bless you hero! Take these and may the lord be with you!||Abençoado seja você, herói! Pegue isso e que o Senhor esteja com você!| Благослови тебя, герой! Возьми это и да пребудет с тобой Господь!|祝福你，英雄！  拿著這些，願上帝與你同在！|祝福を、勇者よ！これを受け取って、主の加護がありますように！|신의 축복을 받으세요, 영웅이여! 이것을 받으세요, 주님께서 함께하시길!|Gesegnet seist du, Held! Nehmt dies und möge der Herr mit euch sein!|Que Dieu te bénisse, héros ! Prends ceci et que le Seigneur soit avec toi !|¡Bendito seas, héroe! Toma esto y que el Señor esté contigo.|Vuh! Mogę zapewnić, że jestem całkiem żywy i zdecydowanie nie jestem martwą kupą kości. Vuh!
dialog_mainLostManual|Gosh darnit! I lost my manual inside the distorted horizons and now its filled with these weird monsters from a parallel universe. Could you help me retrieve it? I will reward you for your trouble!||Poxa vida! Perdi meu manual dentro dos Horizontes Distorcidos e agora ele está cheio desses monstros estranhos de um universo paralelo. Você poderia me ajudar a recuperá-lo? Eu o recompensarei por seu trabalho!| Черт возьми! Я потерял свое руководство в искаженных горизонтах, и теперь оно заполнено этими странными монстрами из параллельной вселенной. Не могли бы вы помочь мне вернуть его? Я вознагражу вас за ваши хлопоты!|天哪！  我在扭曲的視野中丟失了我的手冊，  現在裡面充滿了來自平行宇宙的奇怪怪物。  你能幫我取回它嗎？  我會獎勵你的麻煩！ |くそっ！歪んだ地平線の中でマニュアルをなくしてしまい、今は平行世界の変なモンスターでいっぱいです。取り戻すのを手伝ってくれますか？苦労に報います！|젠장! 왜 이렇게 됐을까요! 내가 왜곡된 지평선 안에 내 매뉴얼을 잃어버렸는데, 그곳은 이제 평행 우주에서 온 이상한 괴물들로 가득 차 있습니다. 그걸 되찾는 데 도와주실 수 있나요? 보상을 준비하겠습니다!|Verdammt! Ich habe mein Handbuch in den verzerrten Horizonten verloren und jetzt ist es voller seltsamer Monster aus einem Paralleluniversum. Könntet ihr mir helfen, es wiederzufinden? Ich werde euch für eure Mühe belohnen!|Zut alors ! J'ai perdu mon manuel dans les horizons distordus et maintenant, il est rempli de ces étranges monstres venus d'un univers parallèle. Pourrais-tu m'aider à le récupérer ? Je te récompenserai pour ta peine !|¡Rayos! He perdido mi manual en los Horizontes Distorsionados y ahora está lleno de estos extraños monstruos de un universo paralelo. ¿Podrías ayudarme a recuperarlo? ¡Te recompensaré por las molestias!|Moi współpracownicy szukają lokalizacji następnej strony. Wróć później!
dialog_mainLostManual_end|My manual!!! Thank you so much! Take this, hopefully it serves you better!||Meu manual!!! Muito obrigado! Fique com ele, espero que lhe sirva melhor!| Мой мануал!!! Спасибо большое! Возьми это|我的手冊！！！  非常感謝！  拿著這個，希望它對你來說更有用處！|私のマニュアル！！本当にありがとう！これを受け取って、役に立つことを願っています！|내 매뉴얼!!! 정말 고마워요! 이것을 받으세요, 더 잘 쓰시길 바랍니다!|Mein Handbuch!!! Vielen Dank! Nehmt dies, hoffentlich dient es euch besser!|Mon manuel !!! Merci infiniment ! Prends ceci, j'espère qu'il te sera plus utile !|¡Mi manual! ¡Muchas gracias! Toma esto, ¡espero que te sirva mejor!|Mój lojalny pies [c_red]Mörski[c_reset] był ostatnio trochę cichy. Chyba ta jaskinia go przygnębia. Powiedz cześć miłemu Bohaterowi, [c_red]Mörski![c_white]
dialog_mainEightLegMonst|Hello stranger! I see you have quite the equipment there! You look just like someone I was trying to find. Would you help us remove an eight legged problem that our town is having?||Olá, estranho! Vejo que você tem um equipamento e tanto! Você se parece com alguém que eu estava tentando encontrar. Você poderia nos ajudar a eliminar um problema de oito patas que nossa cidade está tendo?| Привет, незнакомец! Я вижу, у тебя там есть довольно много оборудования! Ты выглядишь как тот, кого я пытался найти. Не мог бы ты помочь нам избавиться от восьминогой проблемы, с которой столкнулся наш город?|你好，陌生人！  我看你那裡的設備很齊全！  你看起來就像我想找的人。  你能幫我們解決我們鎮上的一個八條腿的問題嗎？ |こんにちは、見知らぬ人！なかなかの装備を持っていますね！あなたは私が探していた人にそっくりです。町で問題を起こしている8本足の害虫を退治するのを手伝ってくれませんか？|안녕하세요, 낯선 사람! 당신 장비가 꽤 좋은데, 마치 내가 찾고 있던 사람처럼 보입니다. 우리 마을에서 일어나고 있는 여덟 다리 문제를 해결하는 데 도와주시겠습니까?|Hallo, Fremder! Ich sehe, ihr habt eine beachtliche Ausrüstung! Ihr seht genau so aus, wie ich gesucht habe. Würdet ihr uns helfen, ein Problem mit acht Beinen zu lösen, das unsere Stadt plagt?|Bonjour, étranger ! Je vois que tu as un sacré équipement ! Tu ressembles exactement à quelqu'un que je cherchais. Pourrais-tu nous aider à nous débarrasser de ce problème à huit pattes qui affecte notre ville ?|¡Hola, forastero! ¡Veo que tienes un equipo bastante bueno! Te pareces justo a la persona que intentaba encontrar. ¿Nos ayudarías a eliminar un problema de ocho patas que tiene nuestro pueblo?|Po prostu przeszukaj jeszcze kilka kup! Myślę, że te dusze są dość powszechne, ale co ja wiem?
dialog_mainEightLegMonst_end|Finally! I can go explore the caves now! I found this stone that looks valuable, you might make more use of it.||Finalmente! Agora posso explorar as cavernas! Encontrei esta pedra que parece valiosa, talvez você possa usá-la melhor.| Наконец-то! Теперь я могу исследовать пещеры! Я нашел этот камень, который выглядит ценным|最後我現在可以去洞穴探險了！  我發現了這塊看起來很有價值的石頭，  你可以多利用它。 |やっと！これで洞窟を探検できる！価値がありそうな石を見つけたよ。あなたの方が役立てるかもしれません。|드디어! 이제 동굴을 탐험할 수 있겠어요! 이 돌을 찾았는데, 가치 있어 보입니다. 아마 당신이 더 잘 사용할 수 있을 거예요.|Endlich! Jetzt kann ich die Höhlen erkunden! Ich habe diesen Stein gefunden, der wertvoll aussieht; vielleicht kannst du ihn noch gebrauchen.|Enfin ! Je peux aller explorer les grottes maintenant ! J'ai trouvé cette pierre qui a l'air précieuse, tu pourrais en faire bon usage. |¡Finalmente! ¡Ya puedo ir a explorar las cuevas! Encontré esta piedra que parece valiosa, podrías hacer más uso de ella.|Jak ci się podoba ten pierścień, [heroname]?
|||||||||||
[Hell Quest]|||||||||||
dialog_mainGrandPurge|Ah.. I was just looking for you. The undead are getting out of control! Could you help us contain them?||Ah, eu estava procurando por você. Os mortos-vivos estão ficando fora de controle! Você poderia nos ajudar a contê-los?| А.. Я как раз тебя искал. Нежить выходит из-под контроля! Можешь помочь нам сдержать их?|啊...我正在找你。  亡靈正在失控！  你能幫我們控制它們嗎？|ああ、ちょうど君を探していたところだ。アンデッドが暴走している！封じ込めるのを手伝ってくれないか？|아, 마침 당신을 찾고 있었습니다. 언데드들이 통제 불능 상태로 치닫고 있어요! 그들을 막는 데 도와주실 수 있습니까?|Ah, ich habe dich gerade gesucht. Die Untoten geraten außer Kontrolle! Könntest du uns helfen, sie einzudämmen?|Ah… Je vous cherchais justement. Les morts-vivants deviennent incontrôlables ! Pourriez-vous nous aider à les contenir ?|Ah... te estaba buscando. ¡Los no muertos se están descontrolando! ¿Podrías ayudarnos a contenerlos?|Tak podekscytowany! Będę największym kowalem, jaki kiedykolwiek istniał!
dialog_mainGrandPurge_end|Marvellous! Here is your reward!||Maravilhoso! Aqui está sua recompensa!| Чудесно! Вот твоя награда!|非常好!這是你的獎勵！|素晴らしい！これが報酬だ！|멋져요! 보상을 준비했습니다!|Wunderbar! Hier ist deine Belohnung!|Formidable ! Voici votre récompense !|¡Maravilloso! ¡Aquí tienes tu recompensa!|Zgubiłeś swój Pierścień? Cholera, [heroname]. Musisz być ostrożniejszy. Miałem trochę resztek materiałów z poprzedniego rzemiosła, które miałem nadzieję zachować na później, ale chyba mogę ci pomóc. Potrzebujesz nowego [c_aqua]Soulforged Ring[c_reset]?
dialog_mainProtectWilderness|Greetings hero! Our troops are falling short and we are in dire need of reinforcements! Will you join and help us slay the undead and stack our food storages?||Saudações, herói! Nossas tropas estão ficando curtas além do necessário e precisamos urgentemente de reforços! Você se juntaria a nós e nos ajudaria a matar os mortos-vivos e a estocar nossos estoques de alimentos?|Приветствую, герой! Наши войска отстают, и нам крайне необходимо подкрепление! Присоединишься ли ты и поможешь нам уничтожить нежить и заполнить наши продовольственные склады?|你好，英雄！  我們的部隊兵力不足，急需增援！  你會加入並幫助我們殺死死亡靈並增加我們的食物儲藏室嗎？|勇者よ、こんにちは！我が軍は苦戦しており、援軍が必要だ！アンデッドを倒し、食料庫を補充するのを手伝ってくれるか？|영웅이여, 안녕하세요! 우리의 병력이 부족하고, 우리는 심각하게 증원이 필요합니다! 당신이 합류해서 언데드를 처치하고, 우리 식량 창고를 채우는 데 도움을 주실 수 있겠습니까?|Seid gegrüßt, Held! Unsere Truppen sind in der Unterzahl und wir brauchen dringend Verstärkung! Würdest du dich uns anschließen und uns helfen, die Untoten zu vernichten und unsere Vorräte aufzufüllen?|Salut, héros ! Nos troupes sont en sous-effectif et nous avons un besoin urgent de renforts ! Voulez-vous nous rejoindre pour nous aider à massacrer les morts-vivants et à reconstituer nos réserves de nourriture ?|¡Saludos, héroe! ¡Nuestras tropas se están quedando cortas y necesitamos refuerzos con urgencia! ¿Te unirás para ayudarnos a aniquilar a los no muertos y a llenar nuestros almacenes de comida?|Proszę, Örre. Zrób mi kolejny!
dialog_mainProtectWilderness_end|Great work! Here, take these for your trouble!||Ótimo trabalho! Aqui, pegue isto pelo seu trabalho!| Отличная работа! Вот|幹得好！  給你，這是報酬！|よくやった！苦労のしるしにこれを受け取ってくれ！|잘 해냈습니다! 이걸 받으세요, 감사의 표시로 준비했습니다!|Großartige Arbeit! Hier, nimm dies als Dankeschön!|Excellent travail ! Tenez, prenez ceci en récompense !|¡Gran trabajo! ¡Toma, por tus molestias!|Nie teraz. Miłego dnia.
dialog_mainFreeSpirits|Good day hero! The lands of Mos’Arathim have encountered some kind of curse. We would appreciate a helping hand with freeing trapped souls within the deserts.||Bom dia, herói! As terras de Mos'Arathim sofreram algum tipo de maldição. Gostaríamos de receber uma ajuda para libertar as almas presas nos desertos.| Доброго дня, герой! Земли Мос'Аратима столкнулись с каким-то проклятием. Мы были бы признательны за помощь в освобождении запертых в пустынях душ.|你好，英雄！  莫斯阿拉辛的土地遭遇了某種詛咒。  如果能伸出援手，讓沙漠中被困的靈魂重獲自由，我們將不勝感激。 |こんにちは勇者よ！モスアラシムの地に呪いがかかってしまった。砂漠に閉じ込められた魂を解放するのを手伝ってくれたらありがたい。|좋은 하루, 영웅이여! 모스'아라팀의 땅에 어떤 저주가 걸렸습니다. 사막에 갇힌 영혼들을 풀어주는 데 도움을 주시면 감사하겠습니다.|Guten Tag, Held! Die Lande von Mos’Arathim sind von einem Fluch heimgesucht worden. Wir wären dankbar für deine Hilfe, die Seelen in den Wüsten zu befreien.|Bonjour, héros ! Les terres de Mos’Arathim sont frappées par une sorte de malédiction. Nous apprécierions votre aide pour libérer les âmes prisonnières du désert.|¡Buen día, héroe! Las tierras de Mos'Arathim se han topado con algún tipo de maldición. Agradeceríamos una mano para liberar a las almas atrapadas en los desiertos.|No to lecimy, [heroname]!
dialog_mainFreeSpirits_end|Bless you! Here is your reward!||Abençoado seja você! Aqui está sua recompensa!| Благослови тебя! Вот твоя награда!|祝福你！  這是你的獎勵！|祝福あれ！これが報酬だ！|신의 축복을 받으세요! 보상을 준비했습니다!|Gesegnet seist du! Hier ist deine Belohnung!|Que Dieu vous bénisse ! Voici votre récompense !|¡Bendiciones! ¡Aquí tienes tu recompensa!|Dididii... La lal laaaa
dialog_mainTarethiumsEssence|Splendid day hero! I am looking for some tarethium ores. Would you be interested in mining some for me? I will reward you greatly!||Esplêndido dia, herói! Estou procurando alguns minérios de tarethium. Você estaria interessado em minerar alguns para mim? Eu o recompensarei muito!| Чудесный день, герой! Я ищу немного руды таретия. Не хотели бы вы добыть ее для меня? Я щедро вознагражу вас!|輝煌的一天英雄！  我在找一些塔雷西礦石。  你有興趣為我挖一些嗎？  我將重賞你！！|素晴らしい日だ、勇者よ！タレスティウム鉱石を探している。採掘してくれないか？報酬はたっぷり渡そう！|훌륭한 하루, 영웅이여! 저는 타레시움 광석을 찾고 있습니다. 저를 위해 채굴해 주실 생각이 있으신가요? 대단한 보상을 드리겠습니다!|Guten Tag, Held! Ich suche Tarethium-Erz. Hättest du Interesse, welches für mich abzubauen? Ich werde dich großzügig belohnen!|Superbe journée, héros ! Je recherche du minerai de tarethium. Seriez-vous intéressé à en extraire pour moi ? Je vous récompenserai généreusement !|¡Espléndido día, héroe! Busco algunas menas de tarethium. ¿Te interesaría minar algunas para mí? ¡Te recompensaré generosamente!|Świadcz moje umiejętności w BS!
dialog_mainTarethiumsEssence_end|Excellent!! Here is a reward that should make you really happy!||Excelente!!! Aqui está uma recompensa que deve deixá-lo muito feliz!| Отлично!! Вот награда, которая вас действительно обрадует!|太出色了！  這個獎勵應該能讓感到快樂！|すばらしい！これできっと喜んでもらえるはずだ！|훌륭합니다!! 이 보상을 받으세요, 정말 기뻐하실 거예요!|Ausgezeichnet! Hier ist eine Belohnung, die dich sicher freuen wird!|Excellent ! Voici une récompense qui devrait vous ravir !|¡¡Excelente!! ¡Aquí tienes una recompensa que debería hacerte muy feliz!|Örre wysłał cię, żebyś mnie szukał? Jak słodko. Potrzebuję tylko krótkiego odpoczynku i będę gotowy do drogi. Znalazłem stronę, ale zostałem przytłoczony przez te cholernie potwory. Ledwo uciekłem, ale zabrały stronę i jestem pewien, że jest teraz w posiadaniu samego [c_red]Anubisa[c_reset]. Idź po swoją stronę, [heroname]. Nic mi nie będzie.
dialog_mainWarlordsCommand|Greetings hero! Are you ready for the ultimate combat training? ||Saudações, herói! Você está pronto para o treinamento de combate definitivo?| Приветствую тебя, герой! Ты готов к высшей боевой подготовке?|你好英雄！  準備好接受終極格鬥訓練了嗎？|勇者よ、こんにちは！究極の戦闘訓練の準備はできているか？|영웅이여, 안녕하세요! 궁극의 전투 훈련에 준비되셨습니까?|Seid gegrüßt, Held! Bist du bereit für das ultimative Kampftraining?|Salut, héros ! Êtes-vous prêt pour l’entraînement au combat ultime ?|¡Saludos, héroe! ¿Estás listo para el entrenamiento de combate definitivo?|Idź pokonać [c_red]Anubisa[c_reset] i znajdź stronę, nic mi nie będzie.
dialog_mainWarlordsCommand_end|You are a true warrior! Take these!||Você é um verdadeiro guerreiro! Leve isto!| Ты настоящий воин! Возьми это!|你是真正的戰士！  拿著這些！|君は真の戦士だ！これを受け取ってくれ！|당신은 진정한 전사입니다! 이걸 받으세요!|Du bist ein wahrer Krieger! Nimm dies!|Vous êtes un véritable guerrier ! Prenez ceci !|¡Eres un verdadero guerrero! ¡Toma esto!|[c_yellow]Walkirie[c_reset] to te, które prowadzą dusze poległych Bohaterów do jednego z dwóch królestw. Połowa tych, którzy giną w bitwie, jest zabierana do życia pozagrobowego Freyi, [c_lime]Fólkvangr[c_reset]. Druga połowa idzie do sali Bogów zwanej [c_lime]Valhalla[c_reset]. 
dialog_mainPurification|Blessed day stranger! We seek your aid in purifying the lands of unholy forces. Will you accept?||Dia abençoado, forasteiro! Buscamos sua ajuda para purificar as terras de forças profanas. Você aceita?| Благословенного дня, странник! Мы просим твоей помощи в очищении земель от нечестивых сил. Ты примешь?|美好的日子，陌生人！  我們尋求你的幫助，淨化邪惡勢力的土地。  你會接受嗎？|祝福された日だ、見知らぬ人よ！不浄の力に侵された土地の浄化を手伝ってほしい。受けてくれるか？|축복된 하루, 낯선 사람! 우리는 불경스러운 세력들을 정화하는 데 당신의 도움이 필요합니다. 받아들이시겠습니까?|Gesegneten Tag, Fremder! Wir bitten um eure Hilfe, das Land von unheiligen Mächten zu befreien. Seid ihr bereit?|Bonne journée, étranger ! Nous sollicitons votre aide pour purifier ces terres des forces impies. Accepterez-vous ?|¡Bendito día, forastero! Buscamos tu ayuda para purificar las tierras de fuerzas impías. ¿Aceptas?|[c_aqua]Huginn[c_reset], „Myśl”, jest bratem [c_red]Muninna[c_reset]. Jako jeden z kruków Odina podróżuje po świecie, raportując z powrotem do Odina.
dialog_mainPurification_end|God bless you! May these riches bless your day!||Deus os abençoe! Que estas riquezas abençoem seu dia!| Да благословит вас Бог! Пусть эти богатства благословят ваш день!|上帝保佑你！  願這些財富保佑你的一天！ |神の祝福を！これらの富が君の日々を祝福しますように！|신의 축복이 있기를! 이 보물이 당신의 하루를 축복하길 바랍니다!|Gott segne euch! Mögen diese Reichtümer euch den Tag versüßen!|Que Dieu vous bénisse ! Que ces richesses illuminent votre journée !|¡Dios te bendiga! ¡Que estas riquezas bendigan tu día!|[c_aqua]Muninn[c_reset], „Pamięć”, jest bratem [c_red]Huginna[c_reset]. Jako jeden z kruków Odina podróżuje po świecie, raportując z powrotem do Odina.
dialog_mainFixingGlitches|Oh boy... We messed up big time and caused a bunch of glitches. Will you help us?||Ih, rapaz... Fizemos uma grande besteira e causamos várias falhas. Você pode nos ajudar?| Ох, боже... Мы облажались и вызвали кучу глюков. Ты нам поможешь?|哦，天哪…我們搞砸了，造成了一堆小故障。  你能幫助我們嗎？|ああ…大変なことになった。バグが大量発生してしまったんだ。助けてくれないか？|오 마이 갓... 우리가 큰 실수를 저질렀어요, 많은 글리치가 발생했어요. 도와주실 수 있나요?|Oh je … Wir haben es total vermasselt und jede Menge Fehler verursacht. Könnt ihr uns helfen?|Oh là là… On a fait une grosse bêtise et causé plein de bugs. Pourriez-vous nous aider ?|Oh, vaya... La hemos liado a lo grande y hemos causado un montón de fallos. ¿Nos ayudarás?|[c_aqua]Trolle[c_reset] to stworzenia lasu, które żyją pod skałami i w jaskiniach. Są znane z tego, że są dość głupie i bardzo wrogie wobec ludzi.
dialog_mainFixingGlitches_end|Phew... That was close. Here, take this for your journey!||Ufa... Essa foi por pouco. Aqui, pegue isto para sua viagem!| Уф... Это было близко. Вот|呼……真驚險。  給，帶這個去旅行吧！ |ふう…危なかったな。旅のためにこれを持っていけ！|휴... 가까스로 해결했어요. 이걸 여행에 도움되시라고 받으세요!|Puh … Das war knapp. Hier, nehmt das für eure Reise!|Ouf… On l'a échappé belle ! Tenez, prenez ceci pour votre voyage !|Uf... Ha estado cerca. ¡Toma, esto para tu viaje!|[c_aqua]Naga[c_reset] to hybrydy człowieka i węża, które wolą żyć blisko wody lub w wodzie. Zwykle żyją w ukryciu we wschodnich królestwach i nie jest jeszcze znane, jak dotarły do i zinfestowały [c_lime]Valhallę[c_reset]. Wszyscy bohaterowie są proszeni o zabijanie ich na miejscu.
dialog_mainCleansingValhalla|Uh oh... The townsfolk are scared to go out of the town, there are undead everywhere!! Please help us hero!||Uh oh... Os habitantes da cidade estão com medo de sair da cidade, pois há mortos-vivos por toda parte!!! Por favor, ajude-nos, herói!|Ой-ой... Горожане боятся выходить из города.|啊哦…鎮上的人都害怕出城，到處都是不死生物！！  請幫助我們，英雄！|うわっ…町の人たちが外に出るのを怖がっている。アンデッドがあちこちにいるんだ！どうか助けてくれ、勇者よ！|어이구... 마을 사람들이 밖으로 나가기를 두려워하고 있어요, 언데드들이 도처에 있습니다!! 도와주세요, 영웅이여!|Oh je … Die Stadtbewohner haben Angst, die Stadt zu verlassen, überall sind Untote! Bitte helft uns, Held!|Aïe… Les habitants ont peur de sortir de la ville, il y a des morts-vivants partout ! Au secours, héros !|Uh, oh... ¡La gente del pueblo tiene miedo de salir, hay no muertos por todas partes! ¡Por favor, ayúdanos, héroe!|Ostrzeżenie: [c_red]Surtur[c_reset] został uwięziony w tej jaskini. NIE ZBLIŻAJ SIĘ!
dialog_mainCleansingValhalla_end|We are eternally grateful for your help! Please take these as a token of appreciation!||Somos eternamente gratos por sua ajuda! Por favor, aceite isto como um sinal de agradecimento!| Мы бесконечно благодарны за вашу помощь! Пожалуйста, примите это в знак признательности!|我們永遠感激你的幫助！  請把這些當作感謝的象徵！ |君の助けに心から感謝する！感謝の印にこれを受け取ってくれ！|우리는 당신의 도움에 영원히 감사할 것입니다! 이걸 감사의 표시로 받으세요!|Wir sind euch ewig dankbar für eure Hilfe! Bitte nehmt dies als Zeichen unserer Dankbarkeit!|Nous vous sommes éternellement reconnaissants de votre aide ! Veuillez accepter ceci en témoignage de notre gratitude ! |¡Estamos eternamente agradecidos por tu ayuda! Por favor, acepta esto como muestra de agradecimiento.|[c_aqua]Jormungandr, Światowy Wąż[c_reset], zrodzony z psot [c_red]Lokiego[c_reset], rozciąga swoje masywne zwoje wokół królestw, wypełniając oceany i połykając burze. Związany z proroctwem Ragnaroku, jego głód zniszczenia leży zwinięty w głębinach. Gdy się podniesie, bogowie zadrżą, niebiosa pękną, a jego jad przesączy się do świata.
|||||||||||
[Inferno Quest]|||||||||||
dialog_fallOfDarkness|We need to bring an end to the darkness.. We must slay Gabriel and Amun-Ra, the sooner the better.. For all of us..||Precisamos pôr um fim à escuridão... Devemos derrotar Gabriel e Amon-Rá, quanto antes, melhor... Por todos nós...| Нам нужно положить конец тьме. Мы должны убить Гавриила и Амона-Ра.|我們需要結束黑暗…………我們必須殺死加百列和阿蒙拉，越快越好…………為了我們所有人來說……|私たちは闇を終わらせなければならない… ガブリエルとアムン＝ラーを倒すのだ、早ければ早いほど良い… 私たち全員のために… これを成し遂げれば、[shake_letter][c_yellow]インフェルノ[c_reset][shake_reset]が解放されるだろう。|우리는 이 어둠을 끝내야 합니다.. 가브리엘과 아문-라를 처치해야 해요, 그 일이 빨리 이루어질수록 좋습니다.. 모두를 위해서요.. 이를 이루면 [shake_letter][c_yellow]인페르노[c_reset][shake_reset]가 열릴 것입니다.|Wir müssen der Dunkelheit ein Ende setzen. Wir müssen Gabriel und Amun-Ra besiegen, je eher desto besser – für uns alle.|Il nous faut mettre fin aux ténèbres… Nous devons vaincre Gabriel et Amon-Rê, au plus vite… Pour nous tous…|Tenemos que poner fin a la oscuridad... Debemos aniquilar a Gabriel y a Amun-Ra, cuanto antes, mejor... por el bien de todos... Si lo haces, desbloquearás el modo [shake_letter][c_yellow]Infierno[c_reset][shake_reset].|Musimy położyć kres ciemności. Musimy zabić Gabriela i Amona-Ra, im szybciej, tym lepiej. Dla nas wszystkich. 
dialog_fallOfDarkness_end|I bow before you noble hero! We will forever be grateful for what you have done for us all!||Eu me curvo diante de você, nobre herói! Seremos eternamente gratos pelo que você fez por todos nós!| Я преклоняюсь перед тобой, благородный герой! Мы будем вечно благодарны за то, что ты сделал для нас всех!|我向您這位高貴的英雄致敬！我們將永遠感激您為我們所做的一切！ |高貴なる勇者よ、あなたにひれ伏します！あなたがしてくれたことに永遠に感謝します！|당신 앞에서 무릎을 꿇습니다, 고귀한 영웅이여! 우리가 당신에게 진 모든 것에 영원히 감사할 것입니다!|Ich verneige mich vor dir, edler Held! Wir werden dir ewig dankbar sein für das, was du für uns getan hast!|Je m’incline devant vous, noble héros ! Nous vous serons éternellement reconnaissants pour ce que vous avez fait pour nous !|¡Me inclino ante ti, noble héroe! ¡Estaremos eternamente agradecidos por lo que has hecho por todos nosotros!|Kłaniam się przed Tobą, szlachetny bohaterze! Będziemy Ci na zawsze wdzięczni za to, co dla nas wszystkich zrobiłeś! 
dialog_theLightOfDawn|Please.. Help us!! The forces of evil are growing too strong! ||Por favor... Ajude-nos!! As forças do mal estão ficando muito fortes!| Пожалуйста.. Помогите нам!! Силы зла становятся слишком сильны!|請..幫助我們！邪惡的力量正在日益強大！ |どうか…助けてください！！悪の勢力が強くなりすぎています！|제발.. 도와주세요!! 악의 세력이 너무 강해지고 있습니다!|Bitte hilf uns! Die Mächte des Bösen werden immer stärker!|S’il vous plaît… Aidez-nous ! Les forces du mal deviennent trop puissantes !|"¡Por favor... ayúdanos! ¡¡Las fuerzas del mal se están fortalec-""ci"" endo demasiado!"|Proszę... Pomóżcie nam!! Siły zła rosną w siłę! 
dialog_theLightOfDawn_end|Thank you noble warrior.. Take these as a token of our appreciation!||Obrigado, nobre guerreiro... Aceite isto como um símbolo de nossa gratidão! | Спасибо, благородный воин. Прими это в знак нашей признательности!|謝謝您，高貴的戰士……請收下這些以表達我們的謝意！ |感謝します、高貴なる戦士よ… これを感謝の印として受け取ってください！|고귀한 전사여, 감사합니다.. 이걸 감사의 표시로 받으세요!|Danke, edler Krieger! Nimm dies als Zeichen unserer Anerkennung!|Merci, noble guerrier… Acceptez ceci en témoignage de notre reconnaissance ! |Gracias, noble guerrero... ¡Acepta esto como muestra de nuestro aprecio!|Dziękujemy Ci szlachetny wojowniku. Przyjmij to jako dowód naszej wdzięczności! 
|||||||||||
[Halloween Quest]|||||||||||
halloween_event_0|This looks like a good place to hang the skull.||Parece um bom lugar para pendurar o crânio. | Ооооо, какая головная боль... Я больше никогда не выпью столько тыквенного эля. Эй!|這看起來是個掛頭骨的好地方。 |ここは骸骨を掛けるのにちょうどいい場所のようだ。|이곳은 해골을 걸기에 좋은 장소처럼 보입니다.|Das sieht nach einem guten Platz aus, um den Schädel aufzuhängen.|Cela semble être un bon endroit pour accrocher le crâne. |Este parece un buen lugar para colgar la calavera. |Wygląda na dobre miejsce na powieszenie czaszki.
halloween_event_1|Oooooh what a headache... I'm never having that much pumpkin ale again. Hey, where am I? Who are you? I can't feel my legs... I can't feel any of my body parts! But I can feel that friendly maggot in my eye socket. Hey you, my minion! Go fetch rest of... Well, me.|Oooooh mikä päänsärky... En enää koskaan juo kurpitsaolutta. Hei, missä minä olen? Kuka sinä olet? En tunne jalkojani... En tunne mitään ruumiinosaani! Mutta tunnen tämän ystävällisen toukan silmäkuopassani. Hei sinä, kätyrini! Käy hakemassa... loput minusta.|Que dor de cabeça... nunca mais vou tomar tanta cerveja de abóbora. Ei, onde eu estou? Quem é Você? Não sinto minhas pernas... Não sinto nenhuma parte do meu corpo! Mas posso sentir essa larva amigável no meu olho. Ei você, meu servo! Vá buscar o resto de... Bom, eu.|Ооооо, какая головная боль... Я больше никогда не выпью столько тыквенного эля. Эй, где я? Кто ты? Я не чувствую своих ног... Я не чувствую ни одной части своего тела! Но я чувствую эту дружелюбную личинку в своей глазнице. Эй, ты, мой миньон! Иди приведи остальных... Ну, меня.|真是讓人頭痛... 我永遠不會再有那麼多的南瓜啤酒。  嘿， 我在哪裡？ 你是誰？ 我感覺不到我的腿... 我感覺不到我 的任何身體部位！  但我能感覺到我的 眼窩 是友善的蛆。  嘿，你，我的小乖乖！ 去把剩下的拿來給我吧。|どのような頭痛... 私は再びそのくらいの カボチャのエールを持 つことはありませんよ。 ねえ、 私はどこですか？ あなたは誰？ 私は私の足を感じることができない。。。 私は私の体の部分のいずれかを感じることができません！ しかし、 私は私の 眼窩 でその優しいうじ虫を感じることができます。 ねえ、 私の手先！の... まあ、 私残りをフェッチ行きます。|무엇 두통... 나는 다시는 그 많은 호박 에일이없는거야. 이봐, 나는 어디로? 당신은 누구인가? 내 다리에 감각이 없습니다... 나는 내 신체 부위 중 하나를 느낄 수 없습니다! 하지만 내 눈구멍 에서 해당 친화적 인 구더기를 느낄 수 있습니다. 이봐, 내 미니언! 의... 그럼 내가 나머지를 가져 간다.|Was Kopfschmerzen... habe ich nie wieder so viel Kürbis ale. Hey, wo bin ich? Wer bist du? Ich kann meine Beine nicht mehr fühlen... ich keine meiner Körperteile fühlen! Aber ich kann diese freundliche Made in meinem augenhöhle fühlen. Hey du, mein Günstling! Go holen Rest... Nun mich.|Oooooh quel mal de tête... Je ne boirai plus jamais autant de bière à la citrouille. Hé, où suis-je ? Qui es-tu ? Je ne sens plus mes jambes... Je ne sens aucune partie de mon corps ! Mais je peux sentir ce sympathique asticot dans mon orbite. Hé toi, larbin ! Va chercher le reste de... Eh bien, de moi.
halloween_event_2|What took you so long?! Considering how slow you were, you are going to need that backbone much more than I do. BWAHAAHAHHA! No please, don't take it back...|Mikä kesti?! Ottaen huomioon kuinka hidas olet, tulet tarvitsemaan selkärankaa enemmän kuin minä. BWAHAAHAHHA! Se oli vitsi, älä vie sitä takaisin...|Por que demorou tanto?! Considerando o quão lento você foi, você precisará dessa espinha dorsal muito mais do que eu. HAHAHA! Não, por favor, não leve de volta...|Почему ты так долго?! Учитывая, насколько медлительным ты был, тебе этот костяк понадобится гораздо больше, чем мне. БВАХАХАХХА! Нет, пожалуйста, не бери свои слова обратно...|你怎麼花了這麼長時間？  考慮到你的速度有多慢，你會比我更需要這種勇氣。  哇哈哈哈哈哈！不，請不要收回...|なんでそんな遅かったの？！ あなたがどれほど遅かったかを考えると、 あなたは私よりもはるかにそのバック ボーンを必要とするでしょう。 ははは！ いいえ、 取り戻さないでください...|왜 그렇게 늦었 어?! 당신이 얼마나 느리다는 것을 고려할 때, 당신은 내가하는 것보다 훨씬 더 그 골격이 필요할 것입니다. 하하하! 아니, 제발 가져 가지 마|Was hast du so lange gebraucht?! Wenn man bedenkt, wie langsam Sie waren, werden Sie dieses Rückgrat viel mehr brauchen als ich. HAHAHA! Nein bitte, nimm es nicht zurück...|Qu'est-ce qui t'a pris tant de temps ? Vu ta lenteur, tu vas avoir besoin de cette [c_yellow]colonne vertébrale[c_reset] bien plus que moi. BWAHAAHAHHA ! Non, s'il te plaît, ne fais pas demi-tour...
halloween_event_3|Aah, my right hand and my pelvis. Can you name more dynamic duo? Peanut and butter you say? Well I guess you are right... Get back in there, I'm only half a skeleton! Or half-a-ton BWAHAhahaa... Oh nevermind...|Aah, oikea käteni ja lantioni. Pystytkö nimeämään dynaamisemman duon? Maapähkinä ja voi? Noh, olet kait oikeassa... Takaisin töihin, olen vasta puolikas luuranko! Tai puoli-ranko BWAHAhahaa... Äh, unohda koko vitsi...|Aah, minha mão direita e minha pélvis. Você pode nomear uma dupla mais dinâmica? Amendoim e manteiga, você diz? Bem, acho que você está certo... Volte ao trabalho, sou apenas meio esqueleto!|Ааа, моя правая рука и мой таз. Можете ли вы назвать более динамичный дуэт? Арахис с маслом, вы говорите? Что ж, я думаю, вы правы... Возвращайтесь туда, я только наполовину скелет! Или полтонны БВАХАхахаа... О, неважно...|啊啊，我的右手和我的骨盆。  你能說出更有活力的二人組嗎？你說花生和奶油？好吧，我想你是對的...回到那裡，我只是半具骷髏！或半噸 BWAHAHAHAA...哦，沒關係...|右手と骨盤。 よりダイナミックなデュオ を指名できますか？ ピーナッツとバターと言いますか？ ええと、 あなたが正しいと思います... 仕事に戻ってください、 私はスケルトンの半分です！|오른손과 골반. 더 역동적 인 듀오 이름을 지정할 수 있습니까? 땅콩과 버터라고? 글쎄, 네 말이 맞아... 일하러 가라, 나는 단지 반 해골이야!|Meine rechte Hand und mein Becken. Können Sie ein dynamischeres Duo nennen? Erdnuss und Butter, sagst du? Nun, ich denke du hast recht... Mach dich wieder an die Arbeit, ich bin nur ein halbes Skelett!|"Aah, ma [c_yellow]main droite[c_reset] et mon [c_yellow]bassin[c_reset]. Peux-tu nommer un duo plus... dynamique ? Cacahuète et beurre, dis-tu ? Eh bien, je crois que tu as raison... Retourne là-dedans, je ne suis qu'un demi-squelette ! Ou un ""sque"" BWAHAhahaa... Oh, oublie ça..."
halloween_event_4|Finally, I have both of my arms! And since you are such a slacker, I might just lift myself off this pole and run to freedom! Uhm... crawl to freedom. Oh, who am I kidding. Handsome guy like me is nothing with out his beautiful legs!|Vihdoin, minulla on molemmat kädet! Ja, koska sinä olet laiskimus, minä voisin yhtä hyvin nostaa itseni tästä tangosta ja juosta vapauteen! Ööh... ryömiä vapauteen. Äh, ketä minä huijaan? Komea kaveri, kuten minä, ei ole mitään ilman komeita jalkojaan!|Finalmente, eu tenho meus dois braços! E já que você é tão preguiçoso, eu poderia me levantar desse poste e correr para a liberdade! Umm... rastejar para a liberdade. Oh, quem estou engando? Um cara bonito como eu não é nada sem suas lindas pernas!|Наконец-то у меня есть обе руки! И поскольку ты такой бездельник, я мог бы просто оторваться от этого шеста и побежать к свободе! Хм ... ползти к свободе. О, кого я обманываю. Такой красивый парень, как я, ничто без его красивых ног!|我終於擁有雙臂了！既然你這麼懶，那我就從這根桿子上跳下來，奔向自由吧！嗯...爬向自由。哦，我開誰玩笑呢。像我這樣的帥哥，沒有一雙美腿就什麼都不是了！|最後に、私は両腕を持っています！ そして、 あなたはそんなにたるんでいるので、 私はこの棒から自分 を持ち上げて自由に 走るかもしれません！ うーん... 自由に這う。 ああ、 冗談だよ。 私のようなハンサム な男は彼の美脚なし では何もありません！|마침내 나는 두 팔을 가지고있다! 그리고 당신이 너무 느슨하기 때문에, 나는이 기둥에서 벗어나 자신을 자유롭게 달릴 수 있습니다! 음... 자유로 기어가 내가 농담하는 사람 나와 같은 잘 생긴 남자는 그의 아름다운 다리가 아무것도 아닙니다!|Endlich habe ich beide Arme! Und da du so ein Faulpelz bist, könnte ich mich einfach von dieser Stange heben und in die Freiheit rennen! Ähm... krieche in die Freiheit. Oh, wen scherze ich? Ein hübscher Kerl wie ich ist nichts ohne seine schönen Beine!|Enfin, j'ai mes [c_yellow]deux bras[c_reset] ! Et puisque tu es un tel fainéant, je vais peut-être me soulever de ce poteau et courir vers la liberté ! Euh... ramper jusqu'à la liberté. Oh, de qui je me moque. Un beau gaillard comme moi n'est rien sans ses belles jambes !
halloween_event_5|Are you ready for a race? Let's see who is first to get outside of the town using only one leg. You think that I'm going to escape? No, of course not! I promise I'll hang myself back to this lovely pole after the race. Oh, screw you! Go fetch my other leg, you fleshy scumbag!|Oletko valmis kisaan? Katotaan kumpi ehtii ensimmäisenä kaupungin ulkopuolelle yhdellä jalalla. Kuvittelet, että yritän pakoon? En tietenkään! Lupaan, että laitan itseni roikkumaan tähän tankoon kisan jälkeen. Haista huilu! Mene hakemaan toinen jalkani, senkin lihallinen lurjus.|Você está pronto para uma corrida? Vamos ver quem é o primeiro a sair da cidade usando apenas uma perna. Você acha que eu vou escapar? Não, claro que não! Prometo que vou me pendurar de volta a este lindo poste depois da corrida. Ah, dane-se você! Vá buscar minha outra perna, seu canalha carnudo!|Ты готов к гонке? Давай посмотрим, кто первым выберется за пределы города, используя только одну ногу. Ты думаешь, я собираюсь сбежать? Нет, конечно, нет! Обещаю, что после гонки я снова повешусь на этот прекрасный шест. Да пошел ты! Принеси мне вторую ногу, ты, мясистый подонок!|你準備好參加比賽了嗎？讓我們看看誰是第一個只用一條腿走出城鎮的人。你以為我會逃嗎？不，當然不是！我保證比賽結束後我會把自己掛回這根可愛的桿子上。哦，操你！去把我的另一條腿接過來吧，你這肉肉的渣男！|レースの準備はできていますか？ 片足だけで最初に 町の外に出るのは誰 かを見てみましょう。 あなたは私が逃げるつ もりだと思いますか？ いいえ、 もちろん違います！ レースが終わったら、 この素敵なポール にぶら下がるこ とを約束します。 ああ、 あなたを台無しに！ 私のもう片方の足を取 りに行ってください、 あなたは肉質の土嚢です！|경주 준비가 되셨습니까? 한쪽 다리 만 사용하여 누가 먼저 도시 밖으로 나가는 지 봅시다. 내가 탈출 할 것 같아? 물론 아닙니다! 경기가 끝나고이 멋진 장대에 몸을 맡기겠다고 약속드립니다. 오, 망쳐! 내 다른 다리를 가져 가라, 다육 쓰레기.|Bist du bereit für ein Rennen? Mal sehen, wer als erster mit nur einem Bein aus der Stadt kommt. Glaubst du, ich werde fliehen? Nein natürlich nicht! Ich verspreche, dass ich mich nach dem Rennen wieder an diese schöne Stange hängen werde. Oh, scheiß auf dich! Hol mein anderes Bein, du fleischiger Drecksack!|Êtes-vous prêts pour une course ? Voyons qui sera le premier à sortir de la ville en n'utilisant qu'une seule jambe. Tu crois que je vais m'échapper ? Non, bien sûr que non ! Je promets de me pendre à ce beau poteau après la course. Oh, va te faire voir ! Va chercher mon [c_yellow]autre jambe[c_reset], espèce de salopard charnu !
halloween_event_6|I've got to say, you impress me with your dedication. For all your troubles, I'm going to give you this hat. Some dude named Herry Patter gave it to me at the Halloween party and I can't stand it. It just keeps talking and talking about school stuff. So now, how about letting me down so I can go sleep this headache away? What do you mean I'm a Halloween decoration?! When I get down from here, I sure have a bone to pick with you #!%@&!|Täytyy sanoa, olen vaikuttunut sinun omistautumisestasi. Kaikesta vaivasta, annan sinulle tämän hatun. Joku tyyppi nimeltä Herry Patter antoi sen Halloween-juhlissa ja en voi sietää sitä. Se vain puhuu ja puhuu kouluasioista. Miten olisi, jos päästäisit minut alas, jotta voin mennä nukkumaan tämän päänsäryn pois? Mitä tarkoitat, että olen Halloween-koriste? Kun pääsen alas tästä, minulla on varmasti kana kynittävänä kanssasi, senkin #!%@&!|Tenho que dizer que você me impressiona com sua dedicação. Por todos os seus problemas, vou lhe dar este chapéu. Um cara chamado Herry Patter me deu na festa de Halloween e eu não o suporto. Ele fica falando e falando sobre coisas da escola. E agora, que tal me deixar descer para que eu possa dormir essa dor de cabeça embora? Como assim, sou uma decoração de Halloween?! Quando eu descer daqui, com certeza terei um problema para resolver com você #!%@&!|Должен сказать, ты впечатляешь меня своей самоотверженностью. За все твои неприятности я подарю тебе эту шляпу. Какой-то чувак по имени Херри Паттер подарил его мне на вечеринке в честь Хэллоуина, и я этого не выношу. Он все говорит и говорит о школьных делах. Так что теперь, как насчет того, чтобы отпустить меня, чтобы я могла пойти и проспать эту головную боль? Что ты имеешь в виду, говоря, что я украшение Хэллоуина?! Когда я спущусь отсюда, у меня точно найдется с тобой общий язык #!%@&amp;!|我不得不說，你的奉獻精神給我留下了深刻的印象。為了解決你所有的麻煩，我將把這頂帽子送給你。一個名叫Herry Patter的傢伙在萬聖節派對上把它送給了我，我無法忍受。它只是不停地談論學校的事情。那現在，讓我失望一下，這樣我就可以睡一覺，消除頭痛怎麼樣？你說我是萬聖節裝飾品是什麼意思？當我從這裡下來時，我肯定對你有意見#!%@&!|私は言わざるを得ません、 あなたはあな たの献身で私 を感心させます。 すべてのあなた の悩みのために、 私はあなたにこ の帽子をあげます。 ハロウィンパーテ ィーでウィザード がくれたので、 我慢できません。 それはただ話したり、 学校のことにつ いて話し続けた りするだけです。 では、 この頭痛の種を離 れて眠れるように、 私を失望させ てみませんか。 私がハロウィーンの飾 りだとはどういう意味ですか？！ ここから降りると、 きっとあなたと一緒 に選ぶ骨があります！|나는 당신의 헌신에 감동합니다. 당신의 모든 문제에 대해, 나는 당신에게이 모자를 줄 것입니다. 일부 마법사는 할로윈 파티에서 나에게 그것을 주었고 나는 그것을 참을 수 없다. 계속해서 학교 물건에 대해 이야기하고 이야기합니다. 이제 두통을 풀어줄 수 있도록 날 실망시키는 것은 어떻습니까? 내가 할로윈 장식이란 무엇을 의미합니까?! 여기에서 내려 오면 뼈를 골라야합니다!|Ich muss sagen, Sie beeindrucken mich mit Ihrem Engagement. Trotz all deiner Probleme werde ich dir diesen Hut geben. Ein Typ namens Herry Patter hat es mir auf der Halloween-Party gegeben und ich kann es nicht ertragen. Es redet einfach weiter und redet über Schulsachen. Wie wäre es nun, mich im Stich zu lassen, damit ich diese Kopfschmerzen wegschlafen kann? Was meinst du, ich bin eine Halloween-Dekoration?! Wenn ich von hier runterkomme, habe ich sicher einen Knochen bei dir!|Je dois dire que tu m'impressionnes par ton dévouement. Pour tous tes problèmes, je vais te donner ce chapeau. Un certain Herry Patter me l'a donné à la fête d'Halloween et je ne le supporte pas. Il n'arrête pas de parler et de parler de trucs d'école. Alors, si tu me laissais descendre pour que je puisse aller dormir et me débarrasser de mon mal de tête ? Comment ça, je suis une décoration d'Halloween ? ! Quand je redescendrai d'ici, j'aurai un compte à régler avec toi sale !%@& !
halloween_line_1|Hey, thanks for letting me hang over here. And since I'm a nice skeleton, I wish you would be hanging here instead. This is so much fun...|Hei, kiitos, kun annat minun roikkua tässä. Koska olen niin mukava luuranko, toivon, että sinä roikkuisit tässä puolestani. Tämä on niin hauskaa...|Ei, obrigado por me deixar ficar aqui. E como sou um esqueleto legal, gostaria que você ficasse por aqui. Isso é muito divertido...|Эй, спасибо, что позволил мне зависнуть здесь. И поскольку я симпатичный скелет, я бы хотел, чтобы ты висел здесь вместо меня. Это так весело...|嘿，謝謝你讓我留在這裡。既然我是一個很好的骷髏，我希望你能掛在這裡。這真是太有趣了...|こんにちは、 私をここにぶら下げさ せてくれてありがとう。 そして、 私はいいスケ ルトンなので、 代わりにここにぶら下 がっていればいいのに。 これはとても楽しいです...|이봐, 내가 여기 매달아 줘서 고마워 그리고 나는 훌륭한 골격이기 때문에 대신 여기에 매달려 있기를 바랍니다. 너무 재미 있어요...|Hey, danke, dass ich hier rumhängen durfte. Und da ich ein schönes Skelett bin, wünschte ich, Sie würden stattdessen hier hängen. Das macht so viel Spaß...|Merci de me laisser traîner ici. Et comme je suis un gentil squelette, j'aimerais que tu restes ici à ma place. Tu verra c'est tellement marrant...
halloween_line_2|Sometimes you have to create your own entertainment. You should have seen Dr. Tinker Dink's face when he walked past me and I scared him! His goggles flew across the town BWAHAHAHA!|Joskus pitää luoda omaa viihdettä. Olisitpa nähnyt Tinker Dinkin naaman, kun hän käveli ohitseni ja pelästytin hänet! Hänen suojalasit lensi kaupungin poikki. BWAHAHAHA!|Às vezes, é preciso criar seu próprio entretenimento. Você deveria ter visto a cara do Dr. Tinker Dink quando ele passou por mim e eu o assustei! Seus óculos voaram pela cidade BWAHAHAHA!|Иногда вам приходится создавать собственное развлечение. Видели бы вы лицо доктора Тинкера Динка, когда он проходил мимо меня, и я напугал его! Его очки разлетелись по всему городу, БВАХАХАХА!|有時你必須創造自己的娛樂。你應該看看Dr. Tinker Dink從我身邊走過時的表情，我嚇到他了！他的護目鏡飛過整個城鎮 BWAHAHAHA！|時々、 あなた自身の娯 楽を作成しなけ ればなりません。 ティンカーディン ク博士が私を通 り過ぎて私を 怖がらせたと きの顔を見て いたはずです！ 彼のゴーグル は町ハハハを 飛び越えました！|때로는 자신 만의 엔터테인먼트를 만들어야합니다. 그가 나를 지나서 걸었을 때 팅커 닥크 박사의 얼굴을 보았을 것입니다. 그의 고글이 마을을 가로 질러 날아 갔다. 하하하!|Manchmal müssen Sie Ihre eigene Unterhaltung erstellen. Sie hätten Dr. Tinker Dinks Gesicht sehen sollen, als er an mir vorbei ging und ich ihn erschreckte! Seine Brille flog durch die Stadt. Hahaha!|Parfois, il faut créer son propre divertissement. Vous auriez dû voir la tête du [c_lime]Dr Tinker Dink[c_reset] quand il est passé devant moi et que je lui ai fait peur ! Ses lunettes ont volé à travers toute la ville BWAHAHA !
halloween_line_3|That monk is one selfish bastard. Are you listening to that guy? Just repeating his name over and over for a long period of time. I hate people who are full of themselves.|Tuo munkki on itsekäs paskiainen. Oletko kuuneellut sitä kaveria yhtään? Vain toistaa nimeään jatkuvasti pitkän aikaa. Vihaan ihmisiä, jotka ovat täynnä itseään.|Esse monge é um bastardo egoísta. Está ouvindo aquele cara? Só repetindo o nome dele várias vezes por um longo período de tempo. Odeio pessoas que são cheias de si.|Этот монк - эгоистичный ублюдок. Ты слушаешь этого парня? Просто повторяешь его имя снова и снова в течение длительного периода времени. Я ненавижу людей, которые полны собой.|那個和尚是 一個自私的混蛋。 你在聽那傢伙嗎？ 只是一遍又一遍 地重複他的名字。 我討厭充滿自己的人。|その僧は利己的 な野郎の一人です。 あの人の話を聞 いていますか？ 長い間何度も 何度も彼の名前 を繰り返します。 自分でいっぱ いの人は嫌いです。|그 스님은 이기적인 자식입니다. 당신은 그 사람의 말을 듣고 있습니까? 오랫동안 그의 이름을 계속해서 반복합니다. 나는 자신으로 가득 찬 사람들이 싫어.|Dieser Mönch ist ein egoistischer Bastard. Hörst du diesem Kerl zu? Ich wiederholte nur seinen Namen für eine lange Zeit immer und immer wieder. Ich hasse Menschen, die voll von sich sind.|Ce moine est un salaud égoïste. Est-ce que tu écoutes ce type ? Il ne fait que répéter son nom encore et encore pendant un temps infini. Je déteste les gens qui ne parlent que d'eux.
halloween_line_4|Landlord Kukkonen is talking something about 'I have a dream'. But I've seen him drink that moonshine people have been collecting for him. Maybe that's his dream?|Maanomistaja Kukkonen puhui jotain 'unelmastaan'. Mutta olen vain nähnyt hänet juomassa pontikkaa, jota porukka kerää hänelle. Ehkä se on hänen unelma?|"O senhorio Kukkonen está falando algo como ""Eu tenho um sonho"". Mas eu o vi beber a bebida alcoólica que as pessoas estão coletando para ele. Talvez seja esse o sonho dele?"|"Хозяин квартиры Кукконен говорит что-то о ""У меня есть мечта"". Но я видел, как он пил самогон, который люди собирали для него. Может быть, это его мечта?"|Landlord Kukkonen正在談論「我有一個夢想」。但我看過他喝人們為他收集的私酒。也許這就是他的夢想？|家主クッコネンは 「私は夢を持っている」 について話しています。 しかし、 私は彼が月明 かりの人々が 彼のために収集 していること を飲んでいる のを見ました。 多分それは 彼の夢ですか？|임대인 쿡코넨 '나는 꿈이있다'에 대해 이야기하고 있습니다. 그러나 나는 그가 달빛 사람들이 그를 위해 모으고 있다는 것을 마셨다. 아마 그게 꿈 일까?|"Vermieter Kukkonen spricht etwas über ""Ich habe einen Traum"". Aber ich habe ihn trinken sehen, dass Mondscheinleute für ihn gesammelt haben. Vielleicht ist das sein Traum?"|"Le maire, [c_lime]Monsieur Kukkonen[c_reset] dit quelque chose comme ""j'ai fais un rêve"". Mais je l'ai vu boire la gnôle que les gens ont collecté pour lui. C'est peut-être ça son rêve ?"
halloween_line_5|You know what's really annoying? People who snore! And even more annoying is when Gar Nor is yelling while he is asleep. He yelled something about 'Don't go over there!'|Tiedätkö mikä on todella ärsytävää? Ihmiset, jotka kuorsaa! Ja vielä ärsyttävämpää on kun Gar Nor huutaa unissaan. Hän huusi jotain siitä, että 'Älä mene sinne!'|"Sabe o que é realmente irritante? Pessoas que roncam! E ainda mais irritante é quando Gar Nor grita enquanto está dormindo. Ele gritou algo como ""Não vá até lá!""."|"Знаете, что действительно раздражает? Люди, которые храпят! И еще больше раздражает, когда Гар Нор кричит во сне. Он прокричал что-то насчет ""Не ходи туда!"""|你知道什麼是真正令人煩惱的嗎？打呼的人！更煩人的是Gar Nor在睡覺時大喊大叫。他大喊“別過去！”|あなたは本当 に厄介なことを 知っていますか？ いびきをかく人！ さらに、 Gar Nor が眠っている間 に大声で叫ぶと、 さらにいらいらします。 彼は 「あそこに行かないで！」|정말로 성가신 것을 알고 있습니까? 코 사람들! 가노 르가 잠든 동안 고함을 지르는 것은 더욱 성가신 일입니다. 그는 '저기 가지마!'에 대해 소리 쳤다.|"Weißt du was wirklich nervt? Menschen, die schnarchen! Und noch ärgerlicher ist es, wenn Gar Nor im Schlaf schreit. Er schrie etwas über ""Geh nicht rüber!"""|"Tu sais ce qui est vraiment ennuyeux ? Les gens qui ronflent ! Et ce qui est encore plus ennuyeux, c'est quand [c_lime]Gar Nor[c_reset] crie pendant qu'il dort. Il crie quelque chose comme ""Ne va pas là-bas !""."
halloween_line_6|Sarcaster thinks he is soooo funny. He offered me coffee. Said it's gonna make me happy and give me some energy. Sure, skeleton hanging like a ragdoll needs energy. What an ass...|Sarcaster kuvittlee olevansa hauska. Hän tarjosi minulle kahvia. Sanoi, että se tekee minusta iloisen ja antaa energiaa. Toki, räsynuken tavoin roikkuva luuranko tarvitsee energiaa. Mikä aasi...|O Sarcaster se acha muuuito engraçado. Ele me ofereceu café. Disse que isso me deixaria feliz e me daria energia. Claro, um esqueleto pendurado como uma boneca de pano precisa de energia. Que idiota...|Саркастер думает, что он тааак забавный. Он предложил мне кофе. Сказал, что это сделает меня счастливым и придаст мне немного энергии. Конечно, скелету, висящему как тряпичная кукла, нужна энергия. Что за осел...|Sarcaster認為他太有趣了。他給我提供了咖啡。說這會讓我快樂並給我一些能量。當然，像布娃娃一樣懸掛的骷髏需要能量。什麼混蛋啊...|サルスターは彼 がとても面白い と思っています。 彼は私にコーヒ ーを提供した。 それは私を幸せにし、 私にエネル ギーを与えるつ もりだと言った。 確かに、 ラグドールのようにぶ ら下がってい るスケルトン にはエネルギ ーが必要です。 なんてロバ...|사캐스터라고 자신이 너무 재밌다고 생각합니다. 그는 나에게 커피를 제공했다. 그것이 나를 행복하게하고 에너지를 줄 것이라고 말했다. 물론, 래그 돌처럼 매달린 골격에는 에너지가 필요합니다. 무슨 당나귀...|Sarcaster findet ihn so lustig. Er bot mir Kaffee an. Sagte, es wird mich glücklich machen und mir etwas Energie geben. Sicher, ein Skelett, das wie eine Stoffpuppe hängt, braucht Energie. Was für ein Esel...|[c_lime]Sarcaster[c_reset] se trouve tellement drôle. Il m'a offert du café. Il a dit que ça me rendrait heureux et me donnerait de l'énergie. Bien sûr, un squelette suspendu comme une poupée de chiffon a besoin d'énergie. Quel imbé...
halloween_line_7|Magister Kujala thinks I'm some sort of lab rat. He tried some abrakadabra stuff on me but everything failed. He should practice that hocus-pocus a bit more.|Velho Kujala kuvittelee, että olen jonkinlainen koe-eläin. Hän koetti jotain abrakadabra-juttuja minuun, mutta ne kaikki epäonnistuivat. Hänen pitäisi harjoitella hokkuspokkusta enemmän.|O Mestre Kujala acha que sou uma espécie de rato de laboratório. Ele tentou algumas coisas de abrakadabra em mim, mas tudo falhou. Ele deveria praticar um pouco mais desse hocus-pocus.|Магистр Куджала думает, что я какая-то лабораторная крыса. Он попробовал на мне какую-то абракадабру, но все провалилось. Ему следует еще немного попрактиковаться в этом фокус-покусе.|Magister Kujala認為我是某種實驗室老鼠。他對我嘗試了一些阿布拉卡達布拉的東西，但一切都失敗了。他應該多練習一下這個戲法|マジスター・ク ジャラは私を ある種の実験 用ネズミだと 思っています。 彼は私にいくつ かのアブラカダ ブラのものを試 してみましたが、 すべてが失敗しました。 彼はそのホ ーカスポーカス をもう少し練 習すべきです。|술라 쿠잘라는 내가 일종의 실험용 쥐라고 생각합니다. 그는 나에게 마술을 시도했지만 모든 것이 실패했습니다. 그는 호 커스-포커스를 조금 더 연습해야합니다.|Magister Kujala hält mich für eine Art Laborratte. Er hat ein paar magische Sachen an mir ausprobiert, aber alles ist fehlgeschlagen. Er sollte diesen Hokuspokus etwas mehr üben.|Le [c_lime]Magister Kujala[c_reset] pense que je suis une sorte de rat de laboratoire. Il a essayé des trucs abracadabrants sur moi, mais tout a échoué. Il devrait s'entraîner un peu plus à ses tours de passe-passe.
halloween_line_8|Jack The Ripper. More like Jack The Rip off! I can't believe someone would actually sell stuff to him. And he offers a 'service' where he takes you relics. Oh, you've done those things? Aaaawkwaaaaaard...|Viiltäjä-Jack. Enemmänkin Huijari-Jack. En voi kuvitella, että joku myisi tavaraa hänelle. Ja hän tarjoaa 'palvelua', jossa hän vie aarteet. Häh, sinä olet tehnyt noit asioita? Tulipas tästä kiusallista...|"Jack, o Estripador. É mais como Jack, o ladrão! Não acredito que alguém realmente venderia coisas para ele. E ele oferece um ""serviço"" em que leva relíquias para você. Ah, você já fez essas coisas? Esquisiiiitoo..."|"Джек-Потрошитель. Больше похоже на Джека-грабителя! Я не могу поверить, что кто-то действительно мог продавать ему вещи. И он предлагает ""услугу"", когда он доставляет вам реликвии. О, ты делал все это? Аааавкваааааард..."|開膛手傑克。更像是騙子傑克！我不敢相信有人真的會賣東西給他。他還提供一項“服務”，讓你帶走文物。哦，這些事情你都做過嗎？啊啊啊啊啊…|切り裂きジャック。 ジャック・ザ・リッピ ングのようなものです！ 誰かが実際に彼 に物を売るなん て信じられない。 そして彼はあなたに 遺物を連れて行く 「サービス」 を提供します。 ああ、 あなたはそれらの ことをしましたか？ これはどれほど厄介 なものになりました...|잭 더 리퍼. 잭 더 찢어 버리는 것처럼! 나는 누군가가 실제로 물건을 팔 것이라고 믿을 수 없다. 그리고 그는 당신에게 유물을 가져다주는 '서비스'를 제공합니다. 오, 그거 했어요? 이것이 얼마나 어색한가...|"Jack the Ripper. Eher wie Jack Die Abzocke! Ich kann nicht glauben, dass jemand ihm tatsächlich Sachen verkaufen würde. Und er bietet einen ""Dienst"" an, bei dem er Ihnen Relikte bringt. Oh, du hast diese Dinge getan? Wie umständlich ist das geworden..."|"[c_lime]Jack l'Éventreur[c_reset]. Plutôt Jack le Voleur ! Je n'arrive pas à croire que quelqu'un puisse lui vendre des choses. Et il propose un ""service"" où il vous apporte des reliques. Oh, tu a déjà fais ca ? C'est un peu gênant comme situation..."
quest_halloween_1|Hello there beauty... Would you kindly help me with something? Oh, aren't you as sweet as a pumpkin pie!|Hei kaunokainen... Olisitko kiltti ja auttaisit minua yhden asian kanssa? Sinähän olet herttainen kuin kurpitsapiiras!|Olá, gracinha… Por gentileza, poderia me ajudar com algo? Oh, você é tão doce quanto uma torta de abóbora!|Привет, красавица... Не могла бы ты мне кое с чем любезно помочь? О, разве ты не сладкая, как тыквенный пирог!|你好，美女……你能幫我做點什麼嗎？哦，你是不是像南瓜派一樣甜！|こんにちは美... う、 あなたはそこに親切にすると何かのヘルプを私に？ ああ、 あなたはパンプキンパイのように甘いようではありません！|안녕하세요 아름다움... 겠습니까 당신이 도움이 내게 뭔가 친절하고? 오, 당신은 호박 파이 달콤한으로하지 않습니다!|Hallo es Schönheit... würden Sie Art und helfen Sie mir mit etwas? Oh, bist du nicht so süß wie ein Kürbiskuchen!|Bonjour mon choux... Pourriez-vous m'aider à faire quelque chose ? Oh, n'êtes-vous pas aussi douce qu'une tarte à la citrouille ?
quest_halloween_2|All girls want a present every now and then. Would you kindly get me one?|Kaikki tytöt haluavat lahjan silloin tällöin. Voisitko hankkia minulle sellaisen?|Todas as meninas querem um presente de vez em quando. Por gentileza, poderia me dar um?|Все девушки время от времени хотят подарок. Не могли бы вы сделать мне такой?|所有女孩不時都想要一份禮物。請給我一份好嗎？|すべての女の子は、 すべての今して存在を求めています。 あなたは私のものを得るだろうか？|모든 여자는 모든 이제 다음 선물을합니다. 당신은 나에게 하나를 얻을 것인가?|Alle Mädchen wollen ein Geschenk ab und zu. Würden Sie bekommen mich ein?|Toutes les filles veulent un cadeau de temps en temps. Voulez-vous bien m'en offrir un ?
quest_halloween_3|I'm sick of those chickens. I can hear them all the way from the frozen land. Pluck their feathers for me, I have an idea.|Olen kyllästynyt noihin kanoihin. Voin kuulla ne jäätyneestä maasta asti. Höyhennä ne puolestani, minulla on idea.|Estou cansado dessas galinhas. Posso ouvi-las desde a terra congelada. Arranque suas penas para mim, tenho uma ideia.|Меня тошнит от этих цыплят. Я слышу их даже с замерзшей земли. Ощипите им перья для меня, у меня есть идея.|我厭倦了那些雞。我能從冰凍的土地上一路聽到他們的聲音。我有一個主意，幫我拔掉它們的羽毛。|私はそれらの鶏の病気です。 私は彼らに凍結された土地からすべての方法を聞くことができます。 私のために彼らの羽を摘み取る、 私はアイデアを持っています。|나는 그 닭의 병입니다. 나는 얼어 붙은 땅에서 모든 방법을들을 수 있습니다. 나를 위해 자신의 깃털을 뽑아, 나는 생각이 있어요.|Ich bin krank von diesen Hühnern. Ich kann sie den ganzen Weg aus dem gefrorenen Boden hören. Zupfen ihre Federn für mich, ich habe eine Idee.|J'en ai marre de ces poulets. Je les entends depuis la terre gelée. Arrache leurs plumes pour moi, j'ai une petite idée...
quest_halloween_4|Don't you just hate Grim Reaper? He takes care of the dead but now he is trying to control the living. Go show him who is the boss!|Etkö vain vihaa Viikatemiestä? Se pitää huolta kuolleista, mutta nyt se yrittää hallita eläviä. Näytä sille kuka on pomo!|Você não odeia o Ceifador? Ele cuida dos mortos, mas agora está tentando controlar os vivos. Mostre a ele quem é o chefe!|Разве ты просто не ненавидишь Мрачного Жнеца? Он заботится о мертвых, но теперь пытается контролировать живых. Иди, покажи ему, кто здесь главный!|你不是很討厭死神嗎？他照顧死者，但現在他試圖控制生者。去讓他看看誰才是老大！|あなただけの死神を憎むないのですか？ 彼は死んだの世話をするが、 今、 彼は生活をコントロールしようとしています。 ゴーは上司が誰であるか、 彼を見ます！|당신은 단지 죽음의 신 싫어하지? 그는 죽음을 담당하지만 지금은 생활을 제어하기 위해 노력하고있다. 이동 보스 누가 그를 보여!|Nicht nur Sie den Sensenmann hassen? Er kümmert sich um die Toten, aber jetzt ist er versucht, das Leben zu steuern. Gehen Sie ihm zeigen, wer hier der Chef ist!|Tu ne détestes pas la [c_red]Faucheuse sinistre[c_reset] ? Elle s'occupe des morts, mais maintenant elle essaie de contrôler les vivants. Montre-lui qui est le patron !
quest_halloween_5|A lot of interesting creatures live in the desert. I want to study what I could do with them. Or with their body parts, hehe.|Paljon mielenkiintoisia otuksia elää aavikolla. Haluan tutkia mitä voin tehdä niiden kanssa. Tai niiden ruumiin osilla, hehe.|Muitas criaturas interessantes vivem no deserto. Quero estudar o que eu poderia fazer com elas. Ou com as partes de seus corpos, hehe.|В пустыне живет много интересных существ. Я хочу изучить, что я мог бы с ними сделать. Или с частями их тела, хе-хе.|沙漠裡生活著許多有趣的生物。我想研究我能用它們做什麼。或用他們的身體部位，呵呵。|面白い生き物の多くは砂漠に住んでいます。 私は彼らと何ができるか勉強したいです。 それとも自分の体の部分と、 笑。|재미있는 생물의 많은 사막에 살고 있습니다. 나는 그들과 함께 무엇을 할 수 있는지 연구하고 싶다. 또는 자신의 신체 부위와, 도니는 다르게.|Viele interessante Geschöpfe leben in der Wüste. Ich möchte studieren, was ich mit ihnen machen könnte. Oder mit ihren Körperteilen, hehe.|Beaucoup de créatures intéressantes vivent dans le désert. J'aimerais étudier ce que je pourrais faire avec elles. Ou avec les [c_yellow]parties de leur corps[c_reset], héhé.
quest_halloween_6|Another lord of Death is threatening me. Can you believe that?! I'm just a young beautiful lady. Will you help a lady in need?|Toinenkin kuoleman herra uhkailee minua. Voitko uskoa?! Olen vain nuori kaunis neito. Autatko tätä neitoa avun tarpeessa?|Outro senhor da Morte está me ameaçando. Dá para acreditar nisso?! Sou apenas uma jovem e bela dama. Você ajudaria uma senhora em necessidade?|Еще один повелитель Смерти угрожает мне. Ты можешь в это поверить?! Я просто молодая красивая леди. Ты поможешь даме в беде?|另一位死亡領主正在威脅我。你能相信嗎？我只是一個年輕漂亮的女士。你會幫助有需要的女士嗎？|死のもう一つの主が私を脅かしています。 あなたはそれを信じることができます！ 私は若く美しい女性です。 あなたは必要としている女性を助けるだろうか？|죽음의 또 다른 주인은 저를 위협하고있다. 믿을 수 있니?! 난 그냥 젊은 아름 다운 여자입니다. 당신이 필요로하는 여성을 도울 것인가?|Ein anderer Herr des Todes bedroht mich. Kannst du das glauben?! Ich bin nur eine junge schöne Dame. Werden Sie eine Dame in Not helfen?|Un autre seigneur de la mort me menace. C'est incroyable ! Je ne suis qu'une belle jeune femme. Voulez-vous aider une femme dans le besoin ?
quest_halloween_7|Damien approached me and it sounded like thousand heads were yelling at me. I have something for you to shut those heads up!|Damien lähestyi minua ja se kuulosti siltä kuin tuhat päätä olisi huutanut minulle. Minulla on sinulle jotain, jolla tukkia ne päät!|Damien se aproximou de mim e parecia que milhares de cabeças estavam gritando comigo. Tenho algo para você calar essas cabeças!|Дэмиен подошел ко мне, и это прозвучало так, словно на меня орали тысячи голов. У меня есть кое-что для вас, чтобы заткнуть эти головы!|達米安走近我，聽起來就像有數千頭在對我大喊大叫。我有一些東西可以讓你閉嘴！|ダミアンは私に近づき、 私に叫んでたことは千頭のように聞こえました。 私はあなたがそれらの頭を黙ら せのために何かを持っています！|데미안이 나에게 접근과 천과 같은 머리 소리지르 된 소리가났다. 나는 당신이 그 머리를 종료 할 뭔가가있다!|Damien kam auf mich zu und es klang wie tausend Köpfe mich brüllten. Ich habe etwas für Sie, diese Köpfe oben schließen!|[c_red]Damien[c_reset] s'est approché de moi et on aurait dit que des milliers de têtes me criaient dessus. J'ai quelque chose à te proposer pour faire taire ces têtes !
|||||||||||
[Valhalla Side Quest]|||||||||||
dialog_valhallaHungryHaldor|One more thing! You just got here so you must be hungry! I have a small campfire right here, and I think you should eat something. There is a rumor of a Legendary Boar roaming around here, see if you can slay him for food!||Mais uma coisa! Você acabou de chegar aqui, então deve estar com fome! Tenho uma pequena fogueira bem aqui e acho que você deveria comer alguma coisa. Há um boato de que há um javali lendário andando por aqui, veja se você consegue matá-lo para comer!| Еще одно! Ты только что пришел, так что ты, должно быть, голоден! У меня тут небольшой костерок|還有一件事！  你剛到這裡，一定餓了！  我這裡有一個小篝火，我想你應該吃點東西。  傳聞這裡有一頭傳奇野豬出沒，看看你能否殺死牠來獲取食物！ |もうひとつあるよ！さっき着いたばかりでお腹が空いているだろうから、小さな焚き火を用意してある。何か食べたほうがいいよ。ここら辺に伝説のイノシシが出没しているって噂があるから、倒して食料にしてみてくれ！|또 한 가지! 이제 막 도착했으니 배가 고플 거야! 여기 작은 모닥불이 있어. 뭔가 먹는 게 좋겠어. 이 근처에 전설의 멧돼지가 돌아다닌다는 소문이 있어. 잡아서 고기로 써보는 건 어때?|Noch was! Du bist gerade erst angekommen, also musst du hungrig sein! Ich habe hier ein kleines Lagerfeuer, und ich denke, du solltest etwas essen. Es geht das Gerücht um, dass hier ein legendäres Wildschwein herumstreift. Versuch doch mal, es zu erlegen!|Encore une chose ! Vous venez d'arriver, vous devez avoir faim ! J'ai fait un petit feu de camp ici, et je pense que vous devriez manger quelque chose. La rumeur dit qu'un [c_red]sanglier légendaire[c_reset] rôde dans les parages, essaie de le tuer pour te nourrir !|¡Una cosa más! ¡Acabas de llegar, así que debes de tener hambre! Tengo una pequeña fogata aquí mismo y creo que deberías comer algo. Corre el rumor de que un Jabalí Legendario merodea por aquí, ¡a ver si puedes darle caza para conseguir comida!|Jeszcze jedna rzecz! Właśnie tu dotarłeś, więc musisz być głodny! Mam tu mały ognisko, i myślę, że powinieneś coś zjeść. Krąży plotka o Legendarnym Dzikim, który wędruje w okolicy, zobacz, czy możesz go zabić na jedzenie!
dialog_valhallaHungryHaldor_end|By Odin’s beard, that is a good looking beef! Care to share some, traveler?||Pelas barbas de Odin, essa é uma carne de boa aparência! Poderia compartilhar um pouco, viajante?| По бороде Одина|奧丁的鬍子啊，這肉真好看！  旅行者，願意分享一些嗎？|オーディンの髭よ、それは見事な肉だな！旅人よ、少し分けてくれないか？|오딘의 수염에 맹세코, 정말 맛있어 보이는 고기군! 나눠 먹지 않겠나, 여행자여?|Bei Odins Bart, das ist ein prächtiges Stück Fleisch! Willst du etwas abgeben, Reisender?|Par la barbe d'Odin, c'est un beau morceau de viande! Tu veux en partager un peu, voyageur ?|¡Por las barbas de Odín, qué buena pinta tiene esa carne! ¿Compartes un poco, viajero?|Na brodę Odina, to jest dobre mięso! Chcesz się podzielić, podróżniku?
dialog_valhallaHurrdurr|Heyyyyyy! You! Yes, you! I am Hurrdurr and I love riding my mining cart all over the place. Some mean monsters just stole the wheels of my cart and left laughing. Can you believe that? Please find the wheels and attach them back to my cart so I can go [shake_letter][c_yellow]fast![c_reset][shake_reset]||Oi! Você! Sim, você! Meu nome é Hurrdurr e adoro andar com meu carrinho de mineração por toda parte. Alguns vikings malvados acabaram de roubar as rodas do meu carrinho, dá para acreditar? Ajude-me a encontrá-las e prendê-las de volta ao meu carrinho para que eu possa andar rápido!| Эйййййй! Ты! Да|嘿嘿嘿！  你！  對，就是你！  我是Hurrdurr，  我喜歡駕駛我的礦車到處走走. 一些卑鄙的怪物偷走了我礦車的輪子, 然後笑著離開了. 你能相信嗎? 請找到輪子並相它們裝回我的礦車, 這樣我就能重返[shake_letter][c_yellow]速度[c_reset][shake_reset]了!|ヘイィィィ！お前だよ、お前！俺はハードゥルだ。鉱山カートに乗ってあちこち走るのが大好きなんだ。でも、悪いモンスターにカートの車輪を盗まれて笑われちまったんだ。信じられるか？車輪を見つけてカートに取り付けてくれ、そうすれば俺はもっと[shake_letter][c_yellow]速く！[c_reset][shake_reset]走れるんだ！|야아아아이! 너! 그래, 너 말이야! 나는 허더르! 광산 수레 타고 이리저리 다니는 걸 좋아해! 어떤 못된 몬스터들이 내 수레 바퀴를 훔쳐갔지 뭐야! 웃으면서 도망쳤다고! 믿을 수 있겠어? 제발 바퀴를 찾아서 다시 수레에 달아줘. 그래야 [shake_letter][c_yellow]쓩쓩 달릴 수 있다고![c_reset][shake_reset]|Heyyyyy! Du! Ja, genau du! Ich bin Hurrdurr und ich liebe es, mit meinem Lorenwagen durch die Gegend zu fahren. Ein paar fiese Monster haben mir gerade die Räder geklaut und sind lachend abgehauen. Kannst du das glauben? Bitte finde die Räder und montiere sie wieder an meinen Lorenwagen, damit ich [shake_letter][c_yellow]schnell![c_reset][shake_reset] fahren kann!|Bonjour ! Vous ! Oui, vous ! Je m'appelle [c_lime]Hurrdurr[c_reset] et j'adore me promener partout avec mon chariot minier. De vils vikings viennent de voler les [c_yellow]roues de mon chariot[c_reset], tu te rends compte ? Aide-moi à les retrouver et à les attacher à mon chariot pour que je puisse aller vite !|¡Eeeeeeh! ¡Tú! ¡Sí, tú! Soy Hurrdurr y me encanta pasear en mi vagoneta minera por todas partes. Unos monstruos malvados acaban de robarme las ruedas de la vagoneta y se han ido riendo. ¿Te lo puedes creer? ¡Por favor, encuentra las ruedas y vuelve a ponérselas a mi vagoneta para que pueda ir [shake_letter][c_yellow]rápido![c_reset][shake_reset]|Hejyyyyy! Ty! Tak, ty! Jestem Hurrdurr i uwielbiam jeździć moim wózkiem górniczym po całym miejscu. Niektóre podłe potwory właśnie ukradły koła mojego wózka i odeszły ze śmiechem. Czy możesz w to uwierzyć? Proszę, znajdź koła i przymocuj je z powrotem do mojego wózka, żebym mógł jechać [shake_letter][c_yellow]szybko![c_reset][shake_reset]
dialog_valhallaHurrdurr_end|Nice, with wheelz on this bad boy nothing is ever going to stop me!||Legal, com as rodas nesta belezinha, nada vai me parar!| Хороший|很好，壞男孩有了這個輪子，  沒有什麼能阻止我！ |いいね、この車輪がついたら、何も俺を止められねぇ！|좋아, 바퀴가 달렸으니 이제 이 녀석을 막을 건 아무것도 없어!|Super, mit Rädern an diesem Prachtstück hält mich nichts mehr auf!|Joli, avec ces roues sur ce bad boy, rien ne pourra jamais m'arrêter !|¡Genial, con estas ruedazas en este cacharro nada podrá detenerme!|Fajnie, z kółkami na tym złym chłopaku nic nigdy mnie nie zatrzyma!
dialog_valhallaBaldurMuspelheim|EMPTY|EMPTY|EMPTY|EMPTY|EMPTY|EMPTY|EMPTY|EMPTY|EMPTY|EMPTY|PUSTY
dialog_valhallaBaldurMuspelheim_end|EMPTY|EMPTY|EMPTY|EMPTY|EMPTY|EMPTY|EMPTY|EMPTY|EMPTY|EMPTY|PUSTY
dialog_valhallaFroyaSkins|Hej! I've been trying to combat these Nagas to clear out these flooded plains for rebuilding. These creatures are tough and I'd need to match that. Could you collect me some Naga scales so I can craft myself a proper armor to have a fighting chance?||Olá! Estou tentando combater esses Nagas para limpar essas planícies inundadas para reconstrução. Essas criaturas são resistentes e eu preciso me equiparar a elas. Você poderia conseguir algumas escamas de Naga para que eu possa criar uma armadura adequada para ter uma chance de lutar?|Хей! Я пытался сражаться с этими нагами, чтобы очистить эти затопленные равнины для восстановления. Эти существа крепки, и мне нужно соответствовать им. Не мог бы ты собрать мне немного чешуи нагов, чтобы я мог изготовить себе нормальную броню, чтобы иметь шанс на победу?|你好！  我一直在努力對抗這些娜迦，  想要清理這片被淹沒的平原，為了重建。   這些生物很強大，我需要配備合適的裝甲才有機會與它們對抗。  你能幫我收集一些娜迦鱗片嗎？  這樣我就可以製作一套合適的裝甲，  有機會戰勝這些娜迦。 |やあ！水没した平原を再建するためにナガと戦っているんだ。こいつら強敵で、まともな鎧が必要だ。ナガの鱗を集めてくれないか？鎧を作れば勝てるはずだ！|안녕! 나는 이 물에 잠긴 평야를 정화해서 다시 재건하려고 나가들과 싸우고 있어. 놈들이 아주 강해서 나도 그만큼 강해져야 해. 나가 비늘 좀 모아줄 수 있어? 그걸로 튼튼한 갑옷을 만들 수 있거든. 그래야 싸움에서 이길 수 있을 거야.|Hej! Ich versuche schon die ganze Zeit, diese Nagas zu bekämpfen, um die überschwemmten Ebenen für den Wiederaufbau freizumachen. Diese Kreaturen sind zäh, und ich muss ihnen ebenbürtig sein. Könntest du mir ein paar Naga-Schuppen sammeln, damit ich mir eine ordentliche Rüstung schmieden kann, um überhaupt eine Chance im Kampf zu haben?|Hé ! J'ai essayé de combattre ces [c_red]Nagas[c_reset] pour nettoyer ces [c_aqua]Plaines inondées[c_reset] afin de pouvoir rebâtir. Ces créatures sont coriaces et j'ai besoin d'en être autant. Pourriez-vous me rapporter des [c_yellow]écailles de naga[c_reset] pour que je puisse me fabriquer une armure et avoir une chance de gagner ?|¡Hola! He estado combatiendo a estos Nagas para despejar estas llanuras inundadas y poder reconstruir. Estas criaturas son duras y necesito estar a la altura. ¿Podrías recolectarme algunas escamas de Naga para que pueda fabricarme una armadura adecuada y tener una oportunidad de luchar?|Hej! Próbowałem walczyć z tymi Nagami, żeby oczyścić te zalane równiny i je odbudować. Te stworzenia są wytrzymałe i musiałbym im dorównać. Czy mógłbyś zebrać dla mnie trochę łusek Nag, żebym mógł stworzyć sobie porządną zbroję i mieć szansę w walce?
dialog_valhallaFroyaSkins_end|Your efforts are much appreciated. Once I craft this armor I'll be able to slay these Naga snakes like there is no tomorrow!||Seus esforços são muito apreciados. Quando eu criar essa armadura, poderei matar essas cobras Naga como se não houvesse amanhã!| Ваши усилия высоко ценятся. Как только я создам эту броню, я смогу убивать этих змей Нага так, будто завтра не наступит никогда!|非常感謝你的努力。  一旦我製作好這套裝甲，  我就能像斬草除根一樣消滅這些娜迦蛇！|協力感謝する。鎧を作ればナガをガンガン倒せるぞ！|정말 고마워. 이 갑옷만 만들면 나가 뱀들도 거뜬히 물리칠 수 있을 거야!|Deine Hilfe wird sehr geschätzt. Sobald ich diese Rüstung habe, werde ich diese Naga-Schlangen im Handumdrehen erlegen!|Vos efforts sont très appréciés. Une fois que j'aurai fabriqué cette armure, je pourrai tuer ces serpents nagas comme s'il n'y avait pas de lendemain !|Aprecio mucho tus esfuerzos. ¡Una vez que fabrique esta armadura, podré aniquilar a estas serpientes Naga como si no hubiera un mañana!|Bardzo doceniam Twoje wysiłki. Kiedy już stworzę tę zbroję, będę mógł zabijać te węże Nag, jakby jutra miało nie być!
dialog_valhallaTiredViking|Hey you! Please... the sickness... of this land... it got me. I am weak... too weak to continue my journey. I... have a recipe... for healing potion... Could you... help *cough cough* me? ||Ei, você! Por favor... a doença... desta terra... me pegou. Estou fraco... fraco demais para continuar minha jornada. Eu... tenho uma receita... de poção de cura... Você poderia… *cof cof* me ajudar?| Эй, ты! Пожалуйста... болезнь... этой земли... она меня зацепила. Я слаб... слишком слаб, чтобы продолжать свой путь. У меня... есть рецепт... лечебного зелья... Не могли бы вы... помочь *кашляет* мне?|嘿，你！  拜託了…這片土地的疾病…它感染了我。  我太虛弱了…虛弱到無法繼續我的旅程。  我…有一個治療藥水的配方…你能…幫助我嗎？   *咳嗽咳嗽*|おい！お願いだ…この地の病気にやられてしまった。もう旅を続けられないほど弱っている。回復薬のレシピを持っているんだ…助けてくれ ゴホゴホ|저기요! 제발… 이 땅의 병이… 날 덮쳤어요. 너무 약해져서 더는 여행을 계속할 수가 없어요. 저기… 치료 물약 제조법이 있어요… 도와주실 수 있나요… 콜록 콜록|Hey du! Bitte... die Seuche... dieses Landes... hat mich erwischt. Ich bin schwach... zu schwach, um meine Reise fortzusetzen. Ich... habe ein Rezept... für einen Heiltrank... Könntest du... mir helfen *hust hust*?|Hé, vous ! S'il vous plaît... la maladie... de cette terre... m'a atteint. Je suis faible... trop faible pour continuer mon voyage. J'ai... une recette... de potion de guérison... Pourriez-vous... m'aider *tousse tousse* ? |¡Eh, tú! Por favor... la enfermedad... de esta tierra... me ha alcanzado. Estoy débil... demasiado débil para continuar mi viaje. Tengo... una receta... para una poción curativa... ¿Podrías... ayudar... cof, cof... me?|Hej Ty! Proszę... choroba... tej krainy... dopadła mnie. Jestem słaby... za słaby, żeby kontynuować podróż. Ja... mam przepis... na miksturę leczniczą... Czy mógłbyś... mi pomóc *kaszel kaszel*?
dialog_valhallaTiredViking_end|You…. You came back! I can not thank you enough… Praise the old gods!||Você.… Você voltou! Não tenho palavras para lhe agradecer... Louvado seja o velho deus!| Ты... Ты вернулся! Я не могу достаточно отблагодарить тебя... Слава старым богам!|你... 你回來了！  我對你感激不盡……  讚美古老的神靈！ |戻ってきたか！感謝してもしきれない…古の神々に感謝を！|돌아오셨군요! 정말 감사드립니다… 옛 신들께 찬사를!|Du... Du bist zurückgekommen! Ich kann dir gar nicht genug danken... Lobet die alten Götter!|Vous.... Vous êtes revenu ! Je ne saurais trop vous remercier... Loués soient les dieux anciens !|¡Tú... has vuelto! No tengo palabras para agradecértelo... ¡Alabados sean los dioses antiguos!|Ty... Ty wróciłeś! Nie mogę ci wystarczająco podziękować... Chwała starym bogom! 
dialog_valhallaTiredViking_01|[shake_letter][c_lime]*Chug chug chug*... I can feel it working!||[shake_letter][c_lime]*Glub glub glub*... Posso sentir que está funcionando!| [shake_letter][c_lime]*Чух-чух-чух*... Я чувствую, как это работает!|[shake_letter][c_lime]*Chug-Chug-Chug*... 我能感覺到它在起作用！|[shake_letter][c_lime]ゴクゴクゴク…効いてるのがわかる！|[shake_letter][c_lime]꿀꺽 꿀꺽... 효과가 오는 것 같아요!|[shake_letter][c_lime]*Tschu tschu tschu*... Ich spüre, wie es wirkt!|[shake_letter][c_lime]*Glou glou glou*... Je sens que ça marche !|[shake_letter][c_lime]Glup, glup, glup... ¡Puedo sentir cómo funciona!|[shake_letter][c_lime]*Chug chug chug*... Czuję, że to działa! 
dialog_valhallaTiredViking_02|[shake_letter][c_yellow]I feel strange...||[shake_letter][c_yellow]Estou me sentindo estranho...| [shake_letter][c_yellow]Я чувствую себя странно...|[shake_letter][c_yellow]我感覺有點奇怪… |[shake_letter][c_yellow]気分が変だ…|[shake_letter][c_yellow]기분이 이상해요...|[shake_letter][c_yellow]Ich fühle mich seltsam...|[shake_letter][c_yellow]Je me sens bizarre...|[shake_letter][c_yellow]Me siento extraño...|[shake_letter][c_yellow]Czuję się dziwnie... 
dialog_valhallaTiredViking_03|[shake_letter][c_red]The darkness comes for you too!||[shake_letter][c_red]A escuridão também chega para você!| [shake_letter][c_red]Тьма придет и за тобой!|[shake_letter][c_red]黑暗也會降臨在你身上！ |[shake_letter][c_red]闇が…お前にもやってくる！|[shake_letter][c_red]어둠이 당신에게도 다가오고 있어요!|[shake_letter][c_red]Die Dunkelheit holt auch dich!|[shake_letter][c_red]Les ténèbres viennent pour vous aussi !|[shake_letter][c_red]¡La oscuridad también viene a por ti!|[shake_letter][c_red]Ciemność przychodzi także po ciebie! 
|||||||||||
odin_boss_intro|There is no denying fate.[pause,15] [pause,0][nl]It was written that one day I shall rule the afterlife as I please, and that you'd be the catalyst for my reign.[pause,15] [pause,0][nl]Today you have fulfilled your part in the plan of the ancients and I have no further use for you.[pause,30] [pause,0][nl]You are hereby banished from death![pause,30] [pause,0]||Não há como negar o destino.[pause,15] [pause,0][nl]Estava escrito que um dia eu governaria a vida após a morte como quisesse, e que você seria o catalisador do meu reinado.[pause,15] [pause,0][nl]Hoje você cumpriu sua parte no plano dos antigos e não tenho mais utilidade para você.[pause,30] [pause,0][nl]Você está banido da morte![pause,30] [pause,0]| Судьбу невозможно отрицать. [пауза|命運容不得否定。 預言早已昭示，終有一日，我將隨心所欲地主宰死後世界，而你……正是開啟我帝國的契機。 今日，你已完成古老預言中屬於你的使命，你對我而言，再無利用價值。 我在此宣告：將你永遠逐出死亡！|運命を否定することはできない。[pause,15] [pause,0][nl]いつか私は望むままに死後の世界を支配し、お前が私の支配の触媒になると書かれていた。[pause,15] [pause,0][nl]今日、お前は古代の計画における役割を果たした。これ以上お前を必要としない。[pause,30] [pause,0][nl]ここに、お前を死から追放する！[pause,30] [pause,0]|운명을 거스를 순 없어.[pause,15] [pause,0][nl]내가 저승을 지배하게 될 날이 올 거라고 쓰여 있었지, 그리고 당신이 그 계기가 된다고.[pause,15] [pause,0][nl]오늘, 당신은 고대의 계획을 완수했고, 이제 더는 필요 없군.[pause,30] [pause,0][nl]당신은 죽음에서 추방된다![pause,30] [pause,0]|Das Schicksal lässt sich nicht leugnen. [pause,15] [pause,0][nl]Es war geschrieben, dass ich eines Tages das Jenseits nach meinem Willen beherrschen würde und dass du der Auslöser für meine Herrschaft sein würdest. [pause,15] [pause,0][nl]Heute hast du deinen Teil im Plan der Alten erfüllt, und ich habe keine weitere Verwendung für dich. [pause,30] [pause,0][nl]Du bist hiermit vom Tod verbannt! [pause,30] [pause,0]|Il est impossible de contrer le destin.[pause,15][pause,0][nl]Il était écrit qu'un jour je régnerais sur l'au-delà comme bon me semble, et que tu serais le point de départ de mon règne.[pause,15][pause,0][nl]Aujourd'hui, tu as rempli ton rôle dans le plan des anciens et je n'ai plus besoin de toi.[pause,30][pause,0][nl]Dès a présent, tu es banni de la mort ![pause,30][pause,0][nl]|No se puede negar el destino.[pause,15] [pause,0][nl]Estaba escrito que un día gobernaría el más allá a mi antojo, y que tú serías el catalizador de mi reinado.[pause,15] [pause,0][nl]Hoy has cumplido tu parte en el plan de los antiguos y ya no me sirves para nada.[pause,30] [pause,0][nl]¡Por la presente, quedas desterrado de la muerte![pause,30] [pause,0]|Nie da się zaprzeczyć losowi.[pause,15] [pause,0][nl]Napisano, że pewnego dnia będę rządził życiem pozagrobowym według własnego uznania, a ty będziesz katalizatorem mojego panowania.[pause,15] [pause,0][nl]Dziś wypełniłeś swoją część planu starożytnych i nie mam już dla ciebie żadnego zastosowania.[pause,30] [pause,0][nl]Zostajesz niniejszym wygnany ze świata śmierci![pause,30] [pause,0] 
|||||||||||
helheim_npc_portal|This portal will take us close to river Gjöll. It's almost ready, I just need a few more moments to channel it... Please excuse me, I have to concentrate my power to the portal...||Esse portal nos levará para perto do rio Gjöll. Está quase pronto, só preciso de mais algum tempo para canalizá-lo. Por favor, desculpe-me, mas preciso concentrar meu poder no portal...|Этот портал перенесет нас поближе к реке Йель. Он почти готов, мне просто нужно еще несколько минут, чтобы направить его в нужное русло... Пожалуйста, извините меня, я должен сосредоточить свою силу на портале...|這個入口將帶我們靠近Gjöll河. 快準備好了，我只是需要一些時間來引導它……請原諒，  我必須將我的力量集中到傳送門上...||||Ce portail nous mènera près de la [c_aqua]Rivière Gjöll[c_reset]. C'est presque prêt, j'ai juste besoin de quelques instants supplémentaires pour le canaliser... Veuillez m'excuser, je dois concentrer mon pouvoir sur le portail...
helheim_npc_elder|Tomorrow we shall continue to river Gjöll, towards the gates of Helheim.||Amanhã continuaremos até o rio Gjöll, em direção aos portões de Helheim.|Завтра мы продолжим путь к реке Йель, к воротам Хельхейма.|明天我們將繼續沿著Gjöll河前往Helheim的大門.||||Demain, nous poursuivrons notre route vers la rivière Gjöll, en direction des [c_aqua]Portes de Helheim[c_reset].
helheim_npc_child|I'm so excited to finally see Helheim! My parents said they can finally rest and play with me then.||Estou muito animado para finalmente ver Helheim! Meus pais disseram que, finalmente, poderão descansar e brincar comigo.|Я так рад наконец увидеть Хельхайм! Мои родители сказали, что тогда они наконец смогут отдохнуть и поиграть со мной.|終於可以看到赫爾海姆了！ 我的父母說，他們終於可以安息並且和我一起玩了.||||Je suis tellement excitée à l'idée de voir enfin Helheim ! Mes parents m'ont dit qu'ils pourraient enfin se reposer et jouer avec moi.
helheim_npc_anxious|I'm done with these perilous caves and creatures… I was hoping death would be the end...||Estou farto dessas cavernas e criaturas perigosas... Eu esperava que a morte fosse o fim…|Я покончил с этими опасными пещерами и существами… Я надеялся, что смерть станет концом...|我已經受夠了這些危險的洞穴和生物... 我曾希望死亡就是終點...||||J'en ai fini avec ces grottes périlleuses et ces créatures... J'espérais que la mort serait la fin...
helheim_npc_peaceful|Ah, will you join me and enjoy this moment of respite?||Ah, quer se juntar a mim e aproveitar esse momento de descanso?|Ах, не могли бы вы присоединиться ко мне и насладиться этим моментом передышки?|啊，你願意和我一起享受這片刻的休息嗎？||||Ah, voulez-vous vous joindre à moi et profiter de ce moment de répit ?
helheim_npc_wood|I used to be a lumberjack... And I still am! There's nothing more relaxing than chopping up some wood.||Eu costumava ser um lenhador... E ainda sou! Não há nada mais relaxante do que cortar madeira.|Раньше я был лесорубом... И остаюсь им до сих пор! Нет ничего более расслабляющего, чем нарубить дров.|我曾經是一名伐木工人……現在仍然是！  沒有什麼比砍柴更放鬆的了。||||J'ai été bûcheron... Et je le suis toujours ! Il n'y a rien de plus relaxant que de couper du bois.
dialog_valhallaPurge|Well hello there!||Bem, olá!|Ну, привет всем!|你好！||||Eh bien, bonjour !
dialog_valhallaRiver|I was worried nobody would accompany me cross the river today. Lately there have been more folks than my ol' boat can carry. Didn't you see any of those poor souls on your way? Nevermind, you must been keen on getting to rest already. Let me cross you over your final obstacle...||Eu estava preocupado que ninguém fosse me acompanhar na travessia do rio hoje. Ultimamente, tem havido mais pessoas do que meu velho barco pode carregar. Você não viu nenhuma dessas pobres almas em seu caminho? Não importa, você já deve estar ansioso para descansar. Deixe-me atravessar seu último obstáculo...|Я волновался, что никто не будет сопровождать меня сегодня при переправе через реку. В последнее время людей стало больше, чем может вместить моя старая лодка. Неужели ты не видел никого из этих бедняг по пути? Неважно, ты, должно быть, уже хотел отдохнуть. Позволь мне помочь тебе преодолеть последнее препятствие...|我曾擔心今天沒有人會陪我過河。  最近， 我的船上擠滿了比我船還多的人。  你在路上沒有看到那些可憐的靈魂嗎？  別介意， 你一定急著想要休息了。  讓我幫你越過最後的障礙...||||Je craignais que personne ne m'accompagne pour traverser la rivière aujourd'hui. Ces derniers temps, il y a eu plus de monde que mon vieux bateau ne peut en transporter. N'avez-vous pas vu l'un de ces pauvres âmes sur votre chemin ? Peu importe, vous deviez déjà avoir envie de vous reposer. Laissez-moi vous faire franchir le dernier obstacle...
dialog_valhallaRiver_1|Ah, it looks like our path is blocked. There must be a way to open the gate! Perhaps head to the land to see if you can find something?||||啊，看來我們的路被堵住了。  一定有辦法打開大門！  也許去陸地看看能不能找到什麼東西？||||
dialog_valhallaRiver_2_normal|Well done! I am sure that was an easy task for a great warrior like you [heroname]. This is the last stretch. May the Allfather bless your way.||||幹得好！  我確信這對像你這樣的偉大戰士[heroname]  來說是一項簡單的任務。  這是最後一段。  願萬神之父保佑你的道路。||||
dialog_valhallaRiver_2_nmhell|This is the last stretch. May the Allfather bless your way.||||這是最後一段。  願萬神之父保佑你的道路。||||
dialog_valhallaRiver_3|This path will lead you to the Gates of Helheim. Proceed with caution, as you never know what could be lurking ahead. Beware, even in the afterlife, you can very well get killed [heroname]…||||這條路將帶你到赫爾海姆之門。  謹慎行事, 因為你永遠不知道前方可能潛藏著什麼。  請注意, 使在來世, 你也很可能會被殺死[heroname]…||||
dialog_valhallaRiver_complete|We did it! We slayed the beast! Thank you for helping me with that. Don’t feel bad if you felt scared, most souls do when they encounter a terrifying beast.||É aqui, o portão de Helheim. Espero que aproveite sua estadia. Como se você tivesse escolha...|Вот они, ворота Хельхейма. Надеюсь, вам понравится ваше пребывание. Как будто у вас был выбор...|我們做到了！  我們殺了野獸！  謝謝你幫我解決這個問題。  如果您感到害怕，  請不要感到難過，  大多數靈魂在遇到可怕的野獸時都會這樣做...|This is it, the gate of Helheim. I hope you enjoy your stay. As if you had a choice...|This is it, the gate of Helheim. I hope you enjoy your stay. As if you had a choice...|This is it, the gate of Helheim. I hope you enjoy your stay. As if you had a choice...|Nous y voilà, les [c_lime]Portes de Helheim[c_reset]. J'espère que vous apprécierez votre séjour. Comme si vous aviez le choix...
dialog_valhallaRiver_Gates|Now, go through those gates and fulfill your destiny!||||現在，穿越這些大門並實現你的命運！||||
ferryman_idle_1|Row, row, row your boat...||Reme, reme, reme seu barco...|Греби, греби, греби на своей лодке...|划呀， 划呀， 划你的船...|Row, row, row your boat...|Row, row, row your boat...|Row, row, row your boat...|Ramez, ramez, ramez sur votre bateau...
ferryman_idle_2|I'll just hang here a while, you go on and do your thing...||Vou ficar aqui um pouco, vá em frente e faça seu trabalho…|Я просто побуду здесь немного, а ты иди и делай свое дело...|我就在這裡待一會兒，你繼續做你的事吧…|I'll just hang here a while, you go on and do your thing...|I'll just hang here a while, you go on and do your thing...|I'll just hang here a while, you go on and do your thing...|Je vais rester ici un moment, vous allez faire ce que vous avez à faire...
ferryman_lets_go|Just hop on and we'll be on our way!||Suba e nós estaremos a caminho!|Просто запрыгивай, и мы отправимся в путь!|只要跳上船，我們就能出發了！|Just hop on and we'll be on our way!|Just hop on and we'll be on our way!|Just hop on and we'll be on our way!|Montez à bord et nous nous mettrons en route !
ferryman_shoutbox_1|By my paddle! The gate has closed! ||GAAAH!!|ГААА!!|用我的槳！大門已關閉！|GAAAH!!|GAAAH!!|GAAAH!!|[shake_letter]GAAAH !!!
ferryman_shoutbox_2|GAAAH! What is that?!||ATIRE!|СТРЕЛЯЙ В ЭТО!|啊啊！那是什麼？|SHOOT IT!|SHOOT IT!|SHOOT IT!|TIREZ-LUI DESSUS !
ferryman_shoutbox_3|I’m needed elsewheREEEE!! AAGH!||MATE COM FOGO!|УБЕЙТЕ ЕГО ОГНЕМ!|其他地方需要我啊啊！  啊啊！|KILL IT WITH FIRE!|KILL IT WITH FIRE!|KILL IT WITH FIRE!|CONTINUEZ DE TIRER, [shake_letter]ALLER ALLER ALLER !
ferryman_other_side|I'll meet you on the other side!||||我會在另一邊見到你！||||
valhalla_troll_patrol_start|Hello there hero! Could I have a minute of your time? ||Olá, herói! Posso ter um minuto de seu tempo?|Привет, герой! Можно мне минутку твоего времени? |你好， 英雄！ 我能和你聊一會嗎？||||Bonjour héros ! Pourrais-je avoir une minute de votre temps ?
valhalla_troll_patrol_yes|Great, we have a small shelter here by the rocks, can you come with me, I'll show you. We can talk safely there. ||Ótimo, temos um pequeno abrigo aqui perto das rochas, pode vir comigo, vou lhe mostrar. Podemos conversar com segurança lá.|Отлично, у нас есть небольшое укрытие здесь, у скал, можешь пойти со мной, я тебе покажу. Там мы сможем спокойно поговорить. |太棒了， 我們在這片岩石旁邊有個小避難所， 你能跟我過來嗎， 我帶你去看看。 我們可以在那裡安全地交談||||Super, nous avons un petit abri près des rochers, vous pouvez venir avec moi, je vais vous montrer. Nous pourrons y parler en toute sécurité. 
valhalla_troll_patrol_no|Oh okay, perhaps another time then... ||Ah, tudo bem, talvez em outra hora…|О, хорошо, тогда, возможно, в другой раз... |哦， 好吧， 也許以後再說吧...||||Oh, d'accord, peut-être une autre fois alors... 
valhalla_troll_patrol_complete|Thank you so much, you can not imagine what help you brought to us... Our chances at surviving this place just got bigger! ||Muito obrigado, você não pode imaginar a ajuda que nos deram... Nossas chances de sobreviver a este lugar acabaram de aumentar!|Большое вам спасибо, вы не можете себе представить, какую помощь вы нам оказали... Наши шансы выжить в этом месте просто возросли! |非常感謝你， 你無法想像你為我們帶來了多大的幫助...我們在這個地方生存的機會剛剛增加了！||||Merci beaucoup, vous ne pouvez pas imaginer l'aide que vous nous avez apportée... Nos chances de survivre à cet endroit viennent de doubler ! 
valhalla_troll_patrol_trolls|Trolls! They are on to us!||Trolls! Eles estão atrás de nós!|Тролли! Они напали на наш след!|巨魔！ 牠們發現我們了！||||Les trolls ! Ils sont sur nous !
valhalla_troll_patrol_killed|That was a close one... I can not thank you enough, hero. ||Essa foi por pouco... Não tenho palavras para lhe agradecer, herói.|Это было близко к истине... Я не могу в достаточной мере отблагодарить тебя, герой. |那差一點了...我無法感激你的好意， 英雄。||||Il s'en est fallu de peu... Je ne vous remercierai jamais assez, héros. 
valhalla_troll_patrol_one_more|Do you recon we could get one more load? ||Você reconhece que podemos conseguir mais uma carga?|Как ты думаешь, мы могли бы получить еще один груз? |你覺得我們還能再搬運一次嗎？||||Vous pensez qu'on pourrait avoir un chargement de plus ? 
valhalla_troll_patrol_mid|Is it done?||Acabou?|Это сделано?|搞定了嗎？||||C'est fait ?
bounty_board_collect_bounty|Collect Bounty!||Coletar Recompensa!||接取懸賞！||||
bounty_board_quest_complete|Next assignment will be posted in [c_lime][var,hourLeft] hours and [var,minuteLeft] minutes.[c_reset]||Próxima tarefa vai ser postada em [c_lime][var,hourLeft] horas e [var,minuteLeft] minutos.[c_reset]||下一個任務將在 [c_lime][var,hourLeft] 小時和 [var,minuteLeft] 分鐘後發布。[c_reset]||||
bounty_board_empty|It's empty... Next assignment will be posted in [c_lime][var,hourLeft] hours and [var,minuteLeft] minutes.[c_reset]||Está vazio... Próxima tarefa vai ser postada em [c_lime][var,hourLeft] horas e [var,minuteLeft] minutos.[c_reset]|Он пуст... Может быть, тебе стоит заглянуть позже?|它是空的...下一個任務將在 [c_lime][var,hourLeft] 小時和 [var,minuteLeft] 分鐘後發布。[c_reset]||||C'est vide... Peut-être devriez-vous revenir plus tard ?
bounty_board_on_quest|You still have [c_lime][var,hourLeft] hours and [var,minuteLeft] minutes to complete the quest![c_reset]||Você ainda tem [c_lime][var,hourLeft] horas e [var,minuteLeft] minutos para completar a quest![c_reset]||您還有 [c_lime][var,hourLeft] 小時和 [var,minuteLeft] 分鐘來完成任務！[c_reset]||||
bounty_board_multiple|There are multiple bounties listed. Which one would you like to see?||Há várias recompensas listadas. Qual delas você gostaria de ver?|В списке указано несколько наград. Какую из них вы хотели бы увидеть?|有多個懸賞任務。 你想看哪個？||||Il y a plusieurs primes listées. Laquelle voulez-vous voir ?
bounty_board_info|Bounty Board serves as a place for the people of Tarethiel to request assistance with any issues they deem serious enough to ask help with. It looks like [c_yellow][var,assigneeName][c_reset] is in need of assistance.[nl][c_lime]The assignment expires in [var,hourLeft] hours and [var,minuteLeft] minutes.[c_reset]||O Quadro de Recompensas serve como um local para que o povo de Tarethiel solicite assistência em qualquer problema que considere sério o suficiente para pedir ajuda. Parece que [c_yellow][var,assigneeName][c_reset] está precisando de assistência.[nl][c_lime]A tarefa expira em [var,hourLeft] horas e [var,minuteLeft] minutos.[c_reset]||懸賞告示牌是塔雷希爾的人民[nl]他們有任何問題認為夠嚴重的可以在此尋求協助。[nl]看起来[c_yellow][var,assigneeName][c_reset]需要幫助。[nl][c_lime]任務將在[var,hourLeft]小時和[var,minuteLeft]分鐘內到期。[c_reset]||||
odin_good_quest|Is it over? For a moment, I felt the weight of Valhalla's fall, as if the very fabric of our realm had been torn asunder. The threads that bound us to the land's heart were frayed, and I feared that all was lost... but now, with your triumph, those threads are mended, and the light of Asgard shines brighter than ever.||Já acabou? Por um momento, pensei que Valhalla estava realmente perdido.|Все кончено? На мгновение я подумал, что Валгалла действительно потеряна.|結束了嗎？ 剛才我真的以為瓦爾哈拉真的要完了。||||C'est fini ? Pendant un moment, j'ai cru que le Valhalla était vraiment perdu.
odin_good_common|The darkness that corrupted me has been vanquished, and the true Odin stands before you once more. I was shrouded in a mist of despair, my heart frozen by the shadows that sought to consume us all. But your bravery has shattered that veil, and the nine realms are saved. May the blessings of the All-Father be upon you, and may your name be etched into the annals of Valhalla's history.||Obrigado, herói. Os nove reinos estarão sempre em dívida com você.|Спасибо тебе, герой. Девять королевств всегда у тебя в долгу.|謝謝英雄。  九界永遠虧欠你。||||Merci, héros. Les neuf royaumes te sont redevables.
troll_patrol_room_astrid|Praise be!||Louvado seja!|Хвала господу!|讚美祂！||||Loué soit-il !
troll_patrol_room_npc1|Boy I sure hope nothing bad will happen to us later.||Espero que nada de ruim nos aconteça mais tard|Мальчик, я очень надеюсь, что ничего плохого с нами позже не случится.|哎呀， 真希望我們以後不會遇到什麼壞事。||||J'espère que rien de mal ne nous arrivera plus.
troll_patrol_room_npc2|Have you heard about Hurrdurr?||Você já ouviu falar de Hurrdurr?|Вы слышали о Хуррдурре?|你有聽說過Hurrdurr嗎？||||As-tu entendu parler de [c_lime]Hurrdurr[c_reset] ?
troll_patrol_room_npc5|Boy I sure hope nothing bad will happen to us later.||Espero que nada de ruim nos aconteça mais tarde.|Мальчик, я очень надеюсь, что ничего плохого с нами позже не случится.|哎呀， 真希望我們以後不會遇到什麼壞事。||||J'espère qu'il ne nous arrivera rien de mal de plus.
|||||||||||
valkyrie_gate_stones|Maybe the gate is connected to the stone platforms...||Talvez o portão esteja conectado às plataformas de pedra...|Возможно, ворота соединены с каменными платформами...|或許這個大門與石頭平台相連...||||La porte est sûrement reliée aux plates-formes de pierre...
valkyrie_gate_haldor|Maybe I should talk to Haldor first?||Talvez eu deva falar com Haldor primeiro?|Может быть, мне сначала стоит поговорить с Халдором?|或許我應該先去找Haldor對話？||||Je devrais peut-être d'abord parler à [c_lime]Haldor[c_reset] ?
|||||||||||
tutorial_sign_1_mobile|You can attack by pressing the buttons on the bottom right corner.|Voit hyökätä painamalla nappeja ruudun oikeassa alakulmassa.|Você pode atacar pressionando o lado direito da tela.|Вы можете атаковать, нажимая кнопки в правом нижнем углу.|你可以通過按下螢幕右下角的按鈕來進行攻擊。|画面の右側を押すと攻撃できます。|화면의 오른쪽을 눌러 공격 할 수 있습니다.|Du kannst angreifen, indem du die rechte Seite des Bildschirms berührst.|Vous pouvez attaquer en appuyant sur le côté droit de l'écran.
tutorial_sign_1|You can attack with your [Mouse]|Voit hyökätä [Hiirellä] tai [Nuolinäppäimillä]|Você pode atacar com seu [Mouse] ou com as [Setas do teclado]|Вы можете атаковать с помощью [Мыши]|你可以通過滑動滑鼠來進行攻擊。|[マウス]または[キーボードの矢印キー]で攻撃できます|[마우스] 또는 [키보드 방향키]로 공격 할 수 있습니다.|Du kannst mit deiner [Maus] oder den [Pfeiltasten auf der Tastatur] angreifen|Vous pouvez attaquer avec votre [souris] ou les [touches du clavier].
tutorial_sign_1_gamepad|You can attack with your|Voit hyökätä|Você pode atacar com seu|Вы можете атаковать своим|您可以使用_進行攻擊|_で攻撃できます|_로 공격 할 수 있습니다.|Du kannst mit deiner _ angreifen|Vous pouvez attaquer avec votre
tutorial_sign_2_mobile|Set your abilities by tapping the talent tree icon in the top right corner.|Aseta taitosi painamalla taitopuu-ikonia ruudun oikeassa yläkulmassa.|Defina suas habilidades tocando no ícone da árvore de talentos no canto superior direito.|Установите свои способности, нажав на значок дерева талантов в правом верхнем углу.|點擊右上角的技能樹圖示設定你的能力。|右上 の 角 の タレントツリーアイコン を タップ して アビリティ を セット。|오른쪽 상단 모서리에있는 재능 트리 아이콘을 탭하여 능력을 설정하십시오.|Wähle deine Fähigkeiten aus, indem du das Talentbaum-Icon in der oberen rechten Ecke berührst.|Définissez vos compétences en appuyant sur l'icône de l'arbre des talents dans le coin supérieur droit.
tutorial_sign_2|Set your abilities by pressing|Aseta taitosi painamalla|Defina suas habilidades pressionando|Установите свои способности, нажав|按下__設定你的技能|押してアビリティをセット|눌러서 능력을 설정하십시오.|Wähle deine Fähigkeiten durch das Drücken von|Définissez vos compétences en appuyant sur
tutorial_sign_3_mobile|Open your inventory by tapping the sword icon in the top right corner.|Avaa reppu painamalla miekka-ikonia ruudun oikeassa yläkulmassa.|Abra seu inventário tocando no ícone da espada no canto superior direito.|Откройте свой инвентарь, нажав на значок меча в правом верхнем углу.|點擊右上角的劍形圖示打開你的倉庫。|右上の角の剣のアイコンをタップして目録を開く。|오른쪽 상단의 검 아이콘을 눌러 인벤토리를 여십시오.|Öffne dein Inventar, indem du das Schwert-Icon in der oberen rechten Ecke berührst.|Ouvrez votre inventaire en appuyant sur l'icône de l'épée dans le coin supérieur droit.
tutorial_sign_3|Open your Inventory by pressing|Avaa reppu painamalla|Abra seu Inventário pressionando|Откройте свой инвентарь, нажав|按下__打開你的倉庫|押して目録を開く|눌러서 인벤토리를 여십시오.|Öffne dein Inventar durch das Drücken von|Ouvrez votre inventaire en appuyant sur
tutorial_sign_4_mobile|You can jump over the ledge by tapping the jump button on the right side of the screen.|Voit hypätä kuilun yli painamalla hyppypainiketta ruudun oikealla puolella.|Você pode pular a borda tocando no lado direito da tela.|Вы можете перепрыгнуть через выступ, нажав на кнопку прыжка в правой части экрана.|你可以點擊螢幕右側跳過障礙。|画面 の 右側 を タップ する と 出っ張り を 飛び越え られます。|화면의 오른쪽을 두드려 절벽 위로 뛰어 넘을 수 있습니다.|Du kannst über den Vorsprung springen, indem du die rechte Seite des Bildschirms berührst.|Vous pouvez sauter par-dessus le rebord en appuyant sur le côté droit de l'écran.
tutorial_sign_4|You can jump over the ledge by pressing|Voit hypätä kuilun yli painamalla|Você pode pular sobre a borda pressionando|Вы можете перепрыгнуть через выступ, нажав|你可以按下__跳過障礙|押すと出っ張りを飛び越えられます|눌러서 절벽 위로 뛰어 넘을 수 있습니다.|Um über den Vorsprung zu springen, drücke|Vous pouvez sauter par-dessus le rebord en appuyant sur
tutorial_sign_5|WANTED - Scorchwood - The town needs that marauding ent scorched! - Landlord Kukkonen, Mayor of Inoya|ETSINTÄKUULUTUS - Scorchwood - Kylä tarvitsee sen tuhoisan entin käristettynä! - Maanomistaja Kukkonen, Inoyan Pormestari|PROCURADO – Madeira Chamuscada – A cidade precisa que aquele ent saqueador seja queimado! - Senhorio Kukkonen, prefeito de Inoya|РАЗЫСКИВАЕТСЯ - Скорчвуд - Городу нужен этот мародерствующий энт выжженный! - Домовладелец Кукконен, мэр Иноя|通緝 ——Scorchwood ——死了還是...死透了？ —— 伊諾亞市長，Landlord Kukkonen|WANTED - キャプテン・ボーンソード - デッド・オア...もっとデッド？ - 地主クッコネン、イノヤ市長|수배중 -캡틴 본스워드 - 생사불...사? - 임대인 주인 쿠코넨, 이노야 시장|GESUCHT - Kapitän Knochenschwert - Tot oder... Tot-er? - Landherr Kukkonen, Bürgermeister von Inoya|RECHERCHÉ - Capitaine Bonesword - Mort ou... encore plus mort ? - Monsieur Kukkonen, maire d'Inoya
|||||||||||
angelic_realm_open|Hero, you shall be granted one of Heaven's reward. The gate to the left will grant you the powers no man has seen before. The gate to the right strengthens obtained power even more.|Hero, you shall be granted one of Heaven's reward. The gate to the left will grant you the powers no man has seen before. The gate to the right grants you the highest quality of armor in all of Tarethiel.|Herói, você receberá uma das recompensas do Céu. O portão à esquerda lhe concederá os poderes que nenhum homem jamais viu. O portão à direita lhe concederá a armadura da mais alta qualidade em toda Tarethiel.|Герой, ты получишь одну из Небесных наград. Врата слева даруют тебе силы, которых раньше не видел ни один человек. Врата справа дают вам броню самого высокого качества во всем Таретиэле.|英雄，你將獲得上天的獎勵之一。左邊的門將賦予你前所未見的力量。右邊的大門會給你整個塔雷希爾最高品質的盔甲。|Hero, you shall be granted one of Heaven's reward. The gate to the left will grant you the powers no man has seen before. The gate to the right grants you the highest quality of armor in all of Tarethiel.|Hero, you shall be granted one of Heaven's reward. The gate to the left will grant you the powers no man has seen before. The gate to the right grants you the highest quality of armor in all of Tarethiel.|Hero, you shall be granted one of Heaven's reward. The gate to the left will grant you the powers no man has seen before. The gate to the right grants you the highest quality of armor in all of Tarethiel.|Bienvenu héros, tu recevras l'une des récompenses Céleste. La porte de gauche te donnera des pouvoirs que personne n'a jamais vus auparavant. La porte de droite t'offrira la meilleure qualité d'armure de tout Tarethiel.
angelic_realm_choice|Which reward shall you choose, Hero of Tarethiel?|Which reward shall you choose, Hero of Tarethiel?|Qual recompensa você escolherá, Herói de Tarethiel?|Какую награду ты выберешь, Герой Таретиэля?|塔雷希爾的英雄，你會選擇哪一種獎勵？|Which reward shall you choose, Hero of Tarethiel?|Which reward shall you choose, Hero of Tarethiel?|Which reward shall you choose, Hero of Tarethiel?|Quelle récompense choisiras-tu, Héros de Tarethiel ?
angelic_realm_left|Armor Augment||Ampliamento de Armadura|Усиление брони|盔甲增強||||Renforcement d'armure
angelic_realm_right|Upgrade Augment||Melhorar Ampliamento|Обновление, Увеличение|升級增強||||Amélioration d'arme avancée
angelic_realm_left_chosen|Very well, you shall be granted an Angelic augment.||Muito bem, você receberá um ampliamento angelical.|Очень хорошо, тебе будет даровано Ангельское усиление.|很好，你將獲得天使增強。||||Très bien, vous recevrez une augmentation angélique.
angelic_realm_right_chosen|Very well, your armor shall receive the Angelic blessing.|Very well, your armor shall receive the Angelic blessing.|Muito bem, sua armadura receberá a bênção angelical.|Очень хорошо, ваши доспехи получат ангельское благословение.|很好，你的盔甲將會得到天使的祝福|Very well, your armor shall receive the Angelic blessing.|Very well, your armor shall receive the Angelic blessing.|Very well, your armor shall receive the Angelic blessing.|Très bien, ton armure recevra la bénédiction angélique.
angelic_realm_farewell|Farewell Hero. You and I shall meet again in the future.|Farewell Hero. You and I shall meet again in the future.|Adeus, herói. Você e eu nos encontraremos no futuro.|Прощай, Герой. Мы с тобой еще встретимся в будущем.|再見英雄。未來你我還會再見.|Farewell Hero. You and I shall meet again in the future.|Farewell Hero. You and I shall meet again in the future.|Farewell Hero. You and I shall meet again in the future.|Adieu, héros. J'espère que nous nous reverrons à l'avenir.
|||||||||||
fortune_teller_1|Hello there traveler! I can show you your future, if you are brave enough and willing to look into eternity..||Olá, viajante! Posso lhe mostrar seu futuro, se você for corajoso o suficiente e estiver disposto a olhar para a eternidade...||旅行者您好！如果你夠勇敢並願意展望永恆，我可以向你展示你的未來...||||
fortune_teller_2|Let´s see.. The crystal ball shows me this artifact [ITEM]. May the allfather bless you in your path! ||Vejamos... A bola de cristal me mostra este artefato [ITEM]. Que o Pai Todo-Poderoso o abençoe em seu caminho! ||讓我們看看.. 水晶球向我展示了這個神器 [ITEM]  願眾神之父在你的旅程中祝福你！||||
fortune_teller_3|Your fortune is about to be fullfilled. Be patient and trust in the cosmos.. ||Sua fortuna está prestes a ser cumprida. Seja paciente e confie nos cosmos... ||你的財運即將滿載。要有耐心並相信宇宙...||||
fortune_teller_4|Visit me again once the stars are aligned, you will be granted safe passage!||Visite-me novamente quando as estrelas estiverem alinhadas e você terá uma passagem segura!||一旦星星對齊，再次拜訪我，你將獲得安全通道！||||
fortune_teller_5|See you later traveler! I will be here, waiting to fullfill your fortune..||Vejo você mais tarde, viajante! Estarei aqui, esperando para realizar sua fortuna...||再見，旅行者！我會在這裡，等待充實你的財富。||||
|||||||||||
quest_krampus_1|A letter from North Pole just arrived, Santa is in trouble! I'm sending an expedition to investigate the situation. Are you in? |A letter from North Pole just arrived, Santa is in trouble! I'm sending an expedition to investigate the situation. Are you in? |Acabou de chegar uma carta do Polo Norte, o Papai Noel está com problemas! Estou enviando uma expedição para investigar a situação. Você está dentro?|Только что пришло письмо с Северного полюса, Санта в беде! Я отправляю экспедицию для расследования ситуации. Ты в деле? |一封來自北極的信剛到，聖誕老人有麻煩了！ 我正在派遣一支遠征隊調查情況。 你願意參加嗎？|A letter from North Pole just arrived, Santa is in trouble! I'm sending an expedition to investigate the situation. Are you in? |A letter from North Pole just arrived, Santa is in trouble! I'm sending an expedition to investigate the situation. Are you in? |Une lettre du Pôle Nord vient d'arriver, le Père Noël a des ennuis ! J'envoie une expédition pour enquêter sur la situation. Vous êtes de la partie ? 
quest_krampus_2|So how was Santa?|So how was Santa?|Então, como estava o Papai Noel?|Итак, как прошел Санта?|那麼， 聖誕老人怎麼樣了？|So how was Santa?|So how was Santa?|So how was Santa?|Alors, comment était le Père Noël ?
quest_xmas_snowman_fanfare|Merry Christmas [heroname]! You have brought tremendous joy to the residents of Inoya!||Feliz Natal [heroname]! Você trouxe uma enorme alegria para os residentes de Inoya!||聖誕快樂[heroname]！你為伊諾亞的居民帶來了巨大的歡樂！||||
quest_xmas_annihilation|We need to decorate the town for the holidays, [heroname]! And we need your help! First things first, we ordered a ton of [c_aqua]Candy Canes[c_reset] from Danethrope, but the foul creatures of the lands between us intercepted the shipment and mauled the carriage driver to death! Never mind him, he sucked at his job, but now we need those [c_aqua]Candy Canes[c_reset] back! Help us, please!||Precisamos decorar a cidade para as festas de fim de ano, [heroname]! E precisamos de sua ajuda! Antes de mais nada, encomendamos uma tonelada de [c_aqua]Bengalas Doces[c_reset] de Danethrope, mas as criaturas imundas das terras entre nós interceptaram o carregamento e mataram o condutor da carruagem! Não importa, ele era péssimo em seu trabalho, mas agora precisamos das [c_aqua]Bengalas Doces[c_reset] de volta! Nos ajude, por favor!||我們需要為節日裝飾一下小鎮，[heroname]！  我們需要您的幫助！  首先，我們從Danestrope訂購了一噸[c_aqua]拐杖糖[c_reset]，  但在來我們路上的邪惡生物攔截了這批貨物，並將馬車夫咬死！  別管他，他做得很糟糕，但現在我們需要那些[c_aqua]糖果罐[c_reset]回来！  請幫幫我們！||||
quest_xmas_annihilation_complete|Perfect! A hundred [c_aqua]Candy Canes[c_reset] will do nicely. Thank you, hero!||Perfeito! Uma centena de [c_aqua]Bengalas Doces[c_reset] servirá muito bem. Obrigado, herói!||完美！一百個[c_aqua]拐杖糖[c_reset]就可以了。謝謝你，英雄！||||
quest_xmas_stockings|My [c_aqua]Christmas stockings [c_reset]have been stolen! Help me once more, [heroname]? Surely the Mayor of the town will lose all credibility without his [c_yellow]funny[c_lime] colored [c_green]socks[c_reset]. This is a disaster! Will you help?||Minhas [c_aqua]Meias de Natal [c_reset]foram roubadas! Ajude-me mais uma vez, [heroname]? Certamente o prefeito da cidade perderá toda a credibilidade sem suas [c_yellow]meias[c_lime] coloridas [c_green]engraçadas[c_reset]. Isso é um desastre! Você vai ajudar?||我的[c_aqua]聖誕襪[c_reset]被偷了！再幫我一次嗎[heroname]？毫無疑問，如果沒有他那雙[c_yellow]滑稽[c_lime]顏色[c_green]的襪子[c_reset]，鎮長將失去所有的信譽。這是一場災難！你能幫忙嗎？||||
quest_xmas_stockings_complete|Thank you, authority restored and feet warmed! My grandmother made them. Aren’t they nice?||Obrigado, autoridade restaurada e pés aquecidos! Foi minha avó que os fez. Não são bonitos?||謝謝你，權威恢復了，雙腳溫暖了！它們是我奶奶做的。他們很好對嗎？||||
quest_xmas_stockings_complete_2|Thank you, [heroname]. I heard from a celestial being that in another universe these are something called [c_aqua]programmer socks[c_reset]. I do not know what that means.||Obrigado, [heroname]. Ouvi de um ser celestial que em outro universo isso é algo chamado de [c_aqua]meias de programador[c_reset]. Não sei o que isso significa.||謝謝你，[heroname]。我聽天人說，在另一個宇宙裡有一種叫做[c_aqua]程式設計師襪子[c_reset]。我不知道這意味著什麼。||||
quest_xmas_snowman|Hey! My name is [c_yellow]a letter[c_reset]. Just kidding. I am actually a [c_purple][shake_letter]magical letter[shake_reset][c_reset], summoned by the spirit of Christmas! My request to you, dear friend, is for you to build me! One who reads this letter gets the power to bring me to life. Collect snowballs and build a snowman!||Ei! Meu nome é [c_yello]uma carta[c_reset]. Estou brincando. Na verdade, sou uma [c_purple][shake_letter]carta mágica[shake_reset][c_reset], convocada pelo espírito do Natal! Meu pedido a você, caro amigo, é que me construa! Aquele que ler esta carta receberá o poder de me dar vida. Colete bolas de neve e construa um boneco de neve!||嘿我的名字是[c_ellow]，一封信[c_reset]。  只是在開玩笑。  我其實是一封[c_purple][shake_letter]魔法信[shake_reset][c_reset]，親愛的朋友，  我對你的請求是讓你建造我！  讀過這封信的人有能力讓我復活。  收集雪球並堆雪人！！||||
quest_xmas_snowman_complete|And just like that, I have come to life! Thank you.||E, sem mais nem menos, ganhei vida! Obrigado.||就這樣，我活過來了！謝謝。||||
quest_xmas_snowmanhead|Something is not quite right. Do not ask how I can talk without a head. I just can. But I would still like to get my [c_aqua]head[c_reset] back. [c_red]The Reaper[c_reset] has it. That evil death bringer always tries to find new ways to decimate my existence, but you can not destroy the spirits of Christmas! Would you do me a favor and get me back my [c_aqua]head[c_reset]?||Algo não está muito certo. Não pergunte como consigo falar sem cabeça. Eu simplesmente consigo. Mas eu ainda gostaria de ter minha [c_aqua]cabeça[c_reset] de volta. [c_red]O Ceifador[c_reset] a tem. Esse maligno causador da morte sempre tenta encontrar novas maneiras de dizimar minha existência, mas você não pode destruir os espíritos do Natal! Poderia me fazer um favor e me devolver minha [c_aqua]cabeça[c_reset]?||有些事情不太對勁。不要問我沒有頭怎麼能說話。  我就是可以。  但我還是想找回我[c_aqua]頭[c_reset]。[c_red]收割者[c_reset]擁有它。  那個邪惡的死亡使者總是試圖找到新的方法來毀滅我的存在，但你不能摧毀聖誕節的靈魂！  你能幫我一個忙，把我的[c_aqua]頭[c_reset]拿回来嗎？||||
quest_xmas_snowmanhead_complete|Much better. You are brilliant, [heroname]! Did the Reaper take a bite out of my nose?||Muito melhor. Você é brilhante, [heroname]! Por acaso o Ceifador deu uma mordida no meu nariz?||好多了。你太棒了，[heroname]！死神咬了我的鼻子嗎？||||
quest_xmas_snowballfight|I have a little something for you to try, just for fun! It is a [c_yellow]Snowball Relic[c_reset]. Take it out for a test drive will you?||Tenho uma coisinha para você experimentar, só por diversão! É uma [c_yellow]Relíquia de Bola de Neve[c_reset]. Faça um teste com ela, está bem?||我有一些小東西給你試試，只是為了好玩！這是一個[c_ellow]雪球遺物[c_reset]。把它拿出來試一下，好嗎？||||
quest_xmas_snowballfight_complete|Was it as fun as I had imagined?||Foi tão divertido quanto eu havia imaginado?||是不是就如我想像中的那麼好玩？||||
quest_xmas_lights|I was just talking to the Mayor. He said that the town still needs some Christmas decorations and I agree! First we need decoration [c_aqua]lights[c_reset]! For some reason the monsters and creatures in the desert really like those lights and I don’t know where to get more of them in such a short notice. Maybe it would be easier just to borrow those lights from the monsters, what do you say [heroname]?||Eu estava conversando com o prefeito. Ele disse que a cidade ainda precisa de algumas decorações de Natal e eu concordo! Primeiro, precisamos de [c_aqua]luzes de decoração[c_reset]! Por alguma razão, os monstros e as criaturas do deserto gostam muito dessas luzes e eu não sei onde conseguir mais delas em um prazo tão curto. Talvez seja mais fácil pegar essas luzes emprestadas dos monstros, o que você acha [heroname]?||我剛和市長談過。  他說鎮上還需要一些聖誕裝飾品，我同意！  首先我們需要裝飾[c_aqua]燈[c_reset]！  出於某種原因，沙漠中的怪物和生物真的很喜歡這些燈，我不知道在這麼短的時間內從哪裡可以得到更多的燈。  也許從怪物那裡借那些燈會更容易，你怎麼說[heroname]？||||
quest_xmas_lights_complete|Excellent. Now we just need a Christmas tree!||Excelente. Agora só precisamos de uma árvore de Natal!||太好了. 現在我們只需要一棵聖誕樹！||||
quest_xmas_tree|Look I really do not know why, but apparently [c_red]Anubis[c_reset] has a [c_aqua]Christmas tree[c_reset] in his possession. Mayor Kukkonen wants exactly THAT [c_aqua]Christmas tree[c_reset]. I don’t get it, but that’s how it is. Can you help stea- I mean borrow it from [c_red]Anubis[c_reset]?||Olha, eu realmente não sei por que, mas aparentemente [c_red]Anubis[c_reset] tem uma [c_aqua]árvore de Natal[c_reset] em sua posse. O prefeito Kukkonen quer exatamente AQUELA [c_aqua]árvore de Natal[c_reset]. Não entendo, mas é assim que as coisas são. Você pode ajudar a roubá-la, quero dizer, pegá-la emprestada de [c_red]Anubis[c_reset]?||聽著，我真的不知道為什麼，  但很明顯，[c_red]阿努比斯[c_reset]手上有一棵[c_aqua]聖誕樹[c_reset]。  Kukkonen市長想要的正是那棵[c_aqua]聖誕樹[c_reset]。  我不明白，但事情就是這樣。  你能幫stea嗎？我的意思是從[c.red]阿努比斯[c_reset]那裡借嗎？||||
quest_xmas_tree_complete|Great. Let’s put it on display! These lights go nicely with the tree…||Excelente. Vamos colocá-la em exposição! Essas luzes combinam muito bem com a árvore...||太棒了讓我們把它展示出來！這些燈和樹很相配…||||
quest_xmas_decorations|The lights are nice on the tree, but I feel like we could do more! I made you another [c_yellow]relic[c_reset]. With this you could [c_purple]yoink[c_reset] any items that would go nicely as decorations for the tree. Try it on a monster!||As luzes estão bonitas na árvore, mas acho que poderíamos fazer mais! Fiz para você outra [c_yellow]relíquia[c_reset]. Com ela, você pode [c_purple]pegar[c_reset] qualquer item que sirva como decoração para a árvore. Experimente em um monstro!||樹上的燈光很好，但我覺得我們可以做得更多！ 我為你做了另一個[c_yellow]遺跡[c_reset]。 有了這個，你可以[c_purple]yoink[c_reset]任何可以很好地作為樹的裝飾的項目。 在怪物身上試試！||||
quest_xmas_decorations_complete|The tree is looking beautiful! Thanks, [heroname].||A árvore está linda! Obrigado, [heroname].||這棵樹看起來很漂亮！謝謝，[heroname]。||||
quest_xmas_star|One more final touch, and the [c_aqua]Christmas tree[c_reset] is complete! The tree needs a [c_aqua]star[c_reset] on top of it, wouldn’t you agree? Can you help and go find a [c_aqua]star[c_reset] for the tree, [heroname]?||Mais um toque final, e a [c_aqua]árvore de Natal[c_reset] estará completa! A árvore precisa de uma [c_aqua]estrela[c_reset] no topo, você não concorda? Você pode ajudar e procurar uma [c_aqua]estrela[c_reset] para a árvore, [heroname]?||再進行最後一次觸摸，[c_aqua]聖誕樹[c_reset]就完成了！這棵樹上面需要一顆[c_aqua]星星[c_reset]，你不同意嗎？你能幫我找到樹的[c_aqua]星星[c_reset]嗎，[heroname]？||||
quest_xmas_star_complete|[shake_letter]IT IS BEAUTIFUL![shake_reset] Thank you, [heroname]. With the [c_aqua]star[c_reset] on top of the tree, the Christmas spirit is officially here!||[shake_letter]É LINDO![shake_reset] Obrigado, [heroname]. Com a [c_aqua]estrela[c_reset] no topo da árvore, o espírito natalino está oficialmente aqui!||[shake_letter]太美了！[shake_reset]谢谢你，[heroname]。隨著[c_aqua]星星[c_reset]在樹頂上，聖誕精神正式到來！||||
xmas_snowman_fanfare|[shake_letter][c_yellow]CHRISTMAS [c_lime] IS [c_aqua] HERE[c_reset]![shake_reset] Thank you [heroname]! You have brought light to the hearts of the people of Inoya!||[shake_letter][c_yellow]O NATAL [c_lime] ESTÁ [c_aqua] AQUI[c_reset]![shake_reset] Obrigado [heroname]! Você trouxe luz aos corações do povo de Inoya!||[shake_letter][c_yellow]聖誕節[c_lem]在[c_aqua]這裡[c_reset]！ [shake_reset]謝謝[heroname]！你為伊諾亞人民的心靈帶來了光明！||||
|||||||||||
|||||||||||
xor_found_dialog|[shake_letter][c_red]YOU WILL NEVER TAKE ME ALIVE! DIE![c_reset][shake_reset]||[shake_letter][c_red]VOCÊ NUNCA VAI ME LEVAR VIVO! MORRA![c_reset][shake_reset]||[shake_letter][c_red]你們永遠別想活捉我！  去死吧！[c_reset][shake_reset]||||
bb_anitas_amulet_complete|You leave the Amulet to the small container by the bounty board’s side. Anita will surely be happy to have her amulet back!||Você deixa o amuleto no pequeno recipiente ao lado do quadro de recompensas. Anita certamente ficará feliz por ter seu amuleto de volta!||你把護身符放在懸賞告示牌旁的小容器裡。 Anita一定會很高興能拿回她的護身符！||||
bb_wanted_xor_complete|Mayor Kukkonen has posted a small note on top of the Wanted poster. It reads “Thank you, [heroname]! I have a feeling that this is not the last we have seen of these evil creatures, but you have done a good job warning them what will come should they be a problem again!||"O prefeito Kukkonen colocou uma pequena nota em cima do pôster de procurado. Ele diz: ""Obrigado, [heroname]! Tenho a sensação de que essa não foi a última vez que vimos essas criaturas malignas, mas você fez um bom trabalho ao avisá-las sobre o que acontecerá caso elas voltem a ser um problema!"||Kukkonen鎮長在通緝海報上貼了一張小紙條。  上面寫著謝謝你，[heroname]！  我有一種感覺，這不是我們最後一次看到這些邪惡的生物，  但你已經很好地警告了他們，  如果他們再次成為問題將會發生什麼！||||
bb_afwul_abominations_complete|The Bounty Board is emptied, as you have done a great job handling Gar Nor’s assignment.||O Quadro de Recompensas foi esvaziado, pois você fez um ótimo trabalho ao lidar com a tarefa de Gar Nor.||懸賞告示牌已清空，因為您出色地完成了Gar Nor的委託。||||
bb_chaos_tower_complete|Um has left a note which simply reads “You are the best!”||"Um deixou um bilhete que diz simplesmente ""Você é o melhor!""."||Um留下了一張便條，  上面寫著“你是最棒的！”||||
dialog_dailyFalseProphet|Good evening [heroname]. I see you have taken an interest on my [c_aqua]quest[c_reset]. Very well. There is a false prophet named Luthor who has made it his mission to turn the good people of these lands to worship him and his malicious cult’s agenda. When last confronted by me and a few others he went into hiding to [c_red]The Cathedral[c_reset]. It would be very convenient if he was to be found and [shake_letter][c_yellow]an accident[c_reset][shake_reset] were to happen to him. I hear the Cathedrals [c_yellow]windows[c_reset] are not in a very good shape. Accidents happen.||Boa noite [heroname]. Vejo que você se interessou pela minha [c_aqua]missão[c_reset]. Muito bem. Há um falso profeta chamado Luthor que tem como missão fazer com que as pessoas boas dessas terras adorem a ele e à agenda maliciosa de seu culto. Quando confrontado na última vez por mim e por alguns outros, ele se escondeu [c_red]na Catedral[c_reset]. Seria muito conveniente se ele fosse encontrado e [shake_letter][c_yellow]um acidente[c_reset][shake_reset] acontecesse com ele. Ouvi dizer que as [c_yellow]janelas[c_reset] das Catedrais não estão em um estado muito bom. Acidentes acontecem.||晚上好[heroname]。  我發現你對我的[c_aqua]任務[c_reset]很感興趣。  很好。 有一個名叫Luthor的假先知，  他的使命是讓這些土地上的善良人民崇拜他和他邪惡的教議。  上次我和幾個人遇到他時，  他躲進了[c_red]大教堂[c_reset]。  如果他能被找到，  並且發生[shake_letter][c_yellow]意外[c_reset][shake_reset]在他身上的話，  那就太方便了。  我聽說大教堂的[c_yellow]窗户[c_reset]狀況不太好。  事故很常發生||||
false_prophet_dialog_1|You there! The House of Luthor welcomes you as a new member! We are the divine, we are the chosen! Join us!||Você aí! A Casa de Luthor lhe dá as boas-vindas como um novo membro! Nós somos os divinos, nós somos os escolhidos! Junte-se a nós!||你！Luthor家族歡迎您成為新成員！我們是神聖的，我們是被選中的！加入我們！||||
false_prophet_dialog_2|What are you doing!? Put me down this instant! Touching Luthor is a cardinal sin!||O que está fazendo?! Me coloque no chão imediatamente! Tocar em Luthor é um pecado capital!||你在幹什麼！  趕緊把我放下來！觸摸Luthor是大罪！||||
false_prophet_dialog_3|You want gold? I have lots of gold! Just put me down and we can talk!||Você quer ouro? Eu tenho muito ouro! Basta me colocar no chão e podemos conversar!||你想要黃金嗎？  我有很多黃金！只要把我放下，我們就可以談談！||||
false_prophet_dialog_4|The one true God speaks to me! You will burn in the depths of Hell for all eternity if you do not calm down!||O único Deus verdadeiro fala comigo! Você arderá nas profundezas do Inferno por toda a eternidade se não se acalmar!||唯一真神在對我講話！  如果你不冷靜下來，你將在地獄深處永遠燃燒！||||
false_prophet_dialog_5|PLEASE LET ME GO!||POR FAVOR, ME SOLTE!||請讓我走！||||
false_prophet_fall|NOOOoooo....||NÃÃÃOOooo…..||NOOOoooo....||||
false_prophet_fail|I knew you would see reason! I forgive you for I am Luthor, the voice of the one true God!||Eu sabia que você veria a razão! Eu o perdoo, pois sou Luthor, a voz do único Deus verdadeiro!||我就知道你會明白道理的！  我原諒你，因為我是Luthor，唯一真神的聲音！||||
|||||||||||
[Extra Side Quests normal]|||||||||||
dialog_caravanValley|Greetings lad! We are in a little pickle here, trying to deliver some goods to a nearby town but the valley is swarmed with undead. Could you lend us a hand and escort our wagon through it? We will make it worth your while!|||Привет, парень! Мы тут в небольшом переплете, пытаемся доставить кое-какой груз в соседний город, но долина кишит нежитью. Не мог бы ты помочь нам и сопроводить нашу повозку через нее? Мы щедро тебя отблагодарим!|你好，年輕人！我們現在遇到了點麻煩，想把一些貨物送到附近的城鎮，但山谷裡到處都是亡靈。你能伸出援手護送我們的貨車通過這裡嗎？我們一定會好好酬謝你！||반갑네, 젊은이! 우리가 지금 작은 골칫거리에 처해 있다네. 인근 마을로 물자를 운반하려는데 계곡에 언데드들이 들끓고 있거든. 수레를 호위해서 계곡을 통과할 수 있도록 도와주겠나? 섭섭지 않게 보상함세!|||¡Saludos, muchacho! Estamos en un pequeño aprieto. Intentamos llevar unas mercancías a una ciudad cercana, pero el valle está infestado de no muertos. ¿Podrías echarnos una mano y escoltar nuestro carro? ¡Te recompensaremos como es debido!|
dialog_caravanValley_end|Thank you for your generous help! Hope this makes your journey more pleasant!|||Спасибо за вашу щедрую помощь! Надеюсь, это сделает вашу поездку более приятной!|非常感謝你的鼎力相助！希望這能讓你的旅途更加順利！||관대한 도움에 진심으로 감사하네! 이것이 자네의 여정에 조금이나마 보탬이 되기를 바라네!|||¡Gracias por tu generosa ayuda! ¡Espero que esto haga más agradable tu viaje!|
dialog_blackDeath|Halt! There is a demon in that town, the Black Plague. It has been spreading diseases and killed almost half the men in here. Please help us slay that beast!|||Стой! В этом городе демон, Чёрная Смерть. Он распространяет болезни и убил почти половину здешних мужчин. Пожалуйста, помогите нам убить этого зверя!|站住！那座城鎮裡有一頭惡魔——黑死病！它一直在傳播瘟疫，已經奪走這裡近乎一半男人的性命。請幫我們討伐那頭巨獸！||멈추시오! 저 마을에 '검은 흑사병'이라는 악마가 있소. 놈이 질병을 퍼뜨려 이곳 장정의 절반가량이 목숨을 잃었소. 제발 그 악마를 처단하도록 도와주시오!|||¡Alto! Hay un demonio en esa ciudad, la Peste Negra. Ha estado propagando enfermedades y ha matado a casi la mitad de los hombres de aquí. ¡Por favor, ayúdanos a acabar con esa bestia!|
dialog_blackDeath_end|Marvellous! Take this as a token of appreciation!|||Чудесно! Возьмите это в знак признательности!|太棒了！請收下這個作為我們謝意的象徵！||놀랍군요! 감사의 표시로 이것을 받으십시오!|||¡Maravilloso! ¡Acepta esto como muestra de nuestro agradecimiento!|
|||||||||||
|||||||||||
|||||||||||
|||||||||||
|||||||||||
challenge_npc_dialog|You look like you have some real guts. Up for a challenge?|Would you like a challenge?|Parece que você tem bolas. Está pronto para um desafio?|Похоже, у тебя есть настоящее мужество. Готов принять вызов?|你看起來非常勇敢。 敢接受挑戰嗎？|Would you like a challenge?|Would you like a challenge?|Would you like a challenge?|Tu as l'air d'avoir du cran. Prêt à relever le défi ?
grind_gem_info|The book contains multiple pages on different gemstones. Which one would you like to see?||O livro contém várias páginas sobre diferentes pedras preciosas. Qual delas você gostaria de ver?|Книга содержит несколько страниц, посвященных разным драгоценным камням. Какой из них вы хотели бы увидеть?|這本書包含多個關於不同寶石的頁面。您想看哪一頁？||||Le livre contient plusieurs pages sur différentes pierres précieuses. Laquelle aimeriez-vous voir ?
grind_gem_info_1|Gurag's Soul Gem gives its wielder guarding powers.||A Gema da Alma de Gurag dá ao seu portador poderes de guarda.|Камень души Гурага наделяет своего владельца охранными способностями.|古拉格的靈魂寶石賦予持有者守護力量.||||La pierre d'âme de Gurag confère à son porteur des pouvoirs de protection.
grind_gem_info_2|Reaper's Soul Gem gives its wielder chilling powers.||A Gema da Alma do Ceifador dá ao seu portador poderes arrepiantes.|Камень души Жнеца наделяет своего владельца леденящими силами.|收割者的靈魂寶石賦予持有者寒霜力量.||||La pierre d'âme de la Faucheuse sinistre confère à son porteur des pouvoirs de froid.
grind_gem_info_3|Anubis' Soul Gem gives its wielder tailwind powers.||A Gema da Alma de Anubis dá ao seu portador poderes de ventanias.|Камень души Анубиса наделяет своего владельца силой попутного ветра.|阿努比斯的靈魂寶石賦予持有者順風力量||||La pierre d'âme d'Anubis donne à son porteur des pouvoirs de vent.
grind_gem_info_4|Damien's Soul Gem gives its wielder toxic powers.||A Gema da Alma de Damien dá ao seu portador poderes tóxicos.|Камень души Дэмиена наделяет своего владельца ядовитой силой.|達米安的靈魂寶石賦予持有者毒性力量.||||La pierre d'âme de Damien confère à son porteur des pouvoirs toxiques.
grind_gem_info_5|Karp King's Soul Gem gives its wielder electrifying powers.||A Gema da Alma do Rei Carpa dá ao seu portador poderes eletrizantes.|Камень души короля Карпа наделяет своего владельца электризующей силой.|卡普國王的靈魂寶石賦予持有者雷電力量.||||La pierre d'âme du Roi Carpe confère à son porteur des pouvoirs électriques.
grind_gem_info_6|Satan's Soul Gem gives its wielder fiery powers.||A Gema da Alma de Satã dá ao seu portador poderes ardentes.|Камень души сатаны наделяет своего владельца огненной силой.|撒旦的靈魂寶石賦予持有者火焰力量.||||La pierre d'âme de Satan confère à son porteur des pouvoirs de feu.
grind_gem_info_7|Mevius' Soul Gem gives its wielder mystical powers.||A Gema da Alma de Mevius dá ao seu portador poderes místicos|Камень души Мевиуса наделяет своего владельца мистическими способностями.|梅維烏斯的靈魂寶石賦予持有者神秘力量||||La pierre d'âme de Mevius confère à son porteur des pouvoirs magiques.
grind_gem_info_8|Odin's Soul Gem gives its wielder destructive powers.||A Gema da Alma de Odin dá ao seu portador poderes destrutivos.|Камень души Одина наделяет своего владельца разрушительной силой.|奧丁的靈魂寶石賦予持有者毀滅性力量||||La pierre d'âme d'Odin confère à son porteur des pouvoirs destructeurs.
|||||||||||
|||||||||||
valhalla_grind_0|Greetings, Hero! I am very excited to be meeting you, as I need the help of a great adventurer! I recently got my hands on this book, the Book of Soulforge. It contains instructions for forging very powerful magic into objects, but some pages are missing! Help me to find these missing pages and as a reward I will create you the mightiest, magical ring to help you on your Hero's journey! I have information that the stone king himself, Gurag, might be in posession of a page. That's where I would start looking.||Saudações, herói! Estou muito animado por conhecê-lo, pois preciso da ajuda de um grande aventureiro! Recentemente, coloquei minhas mãos neste livro, o Livro da Forja da Alma. Ele contém instruções para forjar magias muito poderosas em objetos, mas algumas páginas estão faltando! Ajude-me a encontrar as páginas que faltam e, como recompensa, criarei o mais poderoso anel mágico para ajudá-lo em sua jornada de herói! Tenho informações de que o próprio rei da pedra, Gurag, pode estar em posse de uma página. É por aí que eu começaria a procurar.|Для чего может пригодиться этот странный ключ? Пришло время выяснить! |你好，英雄！[nl]我很高興能見到你，因為我需要一位偉大冒險家的幫助！[nl]最近我拿到了這本，《靈魂之書》。[nl]它包含將非常強大的魔法鍛造成物體的說明，但有些頁面遺失！[nl]幫我找到這些缺少的頁面，作為獎勵，我將為你打造最強大、最神奇的戒指，幫助你踏上英雄之旅！[nl]有消息說，石王古拉格本人可能擁有一頁書頁。這就是我開始尋找的地方。||||À quoi peut bien servir cette étrange clé ? Il est temps de le découvrir ! 
valhalla_grind_0_complete|Excellent work, [heroname]! I have a few old friends of mine trying to find more information about the rest of the page's whereabouts. Come talk to me later!||Excelente trabalho, [heroname]! Tenho alguns velhos amigos meus tentando encontrar mais informações sobre o paradeiro do restante da página. Venha falar comigo mais tarde!|Ого! Человек! Я целую вечность не видел никого из вашего вида. Я выковал идеальную дверь с идеальным замком и идеальным ключом... и по ошибке заперся внутри! Рад с вами познакомиться!|幹得好，[heroname]！我有一些老朋友試圖找到有關該頁面其餘部分位置的更多資訊。  稍後再跟我聊吧！||||Waouh ! Un humain ! Je n'ai pas vu d'humain depuis des lustres. J'ai forgé la porte parfaite avec une serrure parfaite et une clé parfaite... et je me suis enfermé par erreur ! Je suis ravi de vous rencontrer !
valhalla_grind_1|I just learned that one of the pages is in the posession of death itself! Head north and try to find it! What pattern? There surely is not a pattern here when it comes to the pages locations…||Acabei de saber que uma das páginas está em posse da própria morte! Vá para o norte e tente encontrá-la! Que padrão? Certamente não há um padrão aqui quando se trata da localização das páginas...|Эй! Я знаю, что было бы весело! Поскольку я так долго был заперт здесь, я использовал все минералы, которые смог найти поблизости, и я мечтаю о новом проекте. Хочешь, я сделаю тебе потрясающее кольцо?! Я довольно хороший кузнец, в свое время я даже сделал молоток и некоторые другие инструменты для сына Одина. Все, что мне нужно, это около [c_yellow] сотни браггитовых руд [c_reset]. [c_yellow] Браггит [c_reset], как мне показалось, довольно редок. Я думаю, что вам лучше всего использовать излишнее количество насилия, чтобы убить самых крутых монстров и посмотреть, есть ли у них что-нибудь против них.|我剛剛得知其中一頁是死亡本身所擁有的！  向北嘗試找到它！  什麼圖案？  當涉及到頁面位置時，它們肯定不是這裡的模式...||||Hé ! Je sais ce qui serait amusant ! Depuis le temps que je suis coincé ici, j'ai utilisé tous les minerais que j'ai pu trouver dans les environs et j'ai envie d'un nouveau projet. Voudrais-tu que je te fabrique une [c_yellow]bague géniale[c_reset] ? Je suis un assez bon forgeron, j'ai même fabriqué un marteau et d'autres outils pour le fils d'Odin à l'époque. Tout ce dont j'ai besoin, c'est d'une toute petite quantité de minerais de [c_yellow]braggite[c_reset]. La [c_yellow]braggite[c_reset] est assez rare. Je pense que le mieux est de tuer les monstres les plus coriaces en usant d'une violence inutile et de voir s'ils en ont sur eux.
valhalla_grind_1_complete|WHOOOAAAAA! I did not honestly think you could find so much braggite this quickly! This amount of precious minerals is giving me a tingling sensation… Right! So! Awesome Ring! The thing is, we still need some [c_yellow]essence of the gods[c_reset], but that should be easy to come up with. A lot easier than this… precious… mineral… oh boy.||UAUUUU! Sinceramente, não achei que fosse possível encontrar tanta braggite tão rapidamente! Esta quantidade de minerais preciosos está me dando uma sensação de formigamento... Certo! Então! Incrível anel! O problema é que ainda precisamos de algumas [c_yellow]essências dos deuses[c_reset], mas isso deve ser fácil de conseguir. Muito mais fácil do que esse... precioso... mineral... nossa.|УУУУУУУУУ! Честно говоря, я не думала, что можно так быстро найти столько браггита! От такого количества драгоценных минералов у меня мурашки по коже… Точно! Итак! Потрясающее кольцо! Дело в том, что нам все еще нужна [c_yellow]essence of the gods[c_reset], но это должно быть легко придумать. Намного проще, чем этот ... драгоценный ... минерал… о боже.|哇！  老實說，我沒想到你能這麼快找到這麼多的布拉格礦！  這麼多的珍貴礦物質讓我有一種刺痛的感覺……對！  所以！很棒的戒指！  問題是，我們仍然需要一些[c_yellow]眾神的精華[c_reset]，  但這應該很容易想到。  比這珍貴…礦物質…容易得多…哦天哪，天哪。||||WHOOOAAAAA ! Je ne pensais pas qu'il était possible de trouver autant de [c_yellow]braggite[c_reset] aussi rapidement ! Cette quantité de précieux minerais me donne des fourmis dans les jambes... C'est vrai ! Alors ! Superbe anneau ! Il nous faut encore de l'[c_yellow]essence des dieux[c_reset], mais ça devrait être facile à trouver. Bien plus facile que ce... précieux... minéral... oh là là.
valhalla_grind_2|You are truly a great warrior, [heroname]. We'll be sure to find the rest of the pages in no time! My guys are reporting back later for more page locations! I'd send my dog Mörski to sniff around a little bit as well, but he has been kinda quiet lately…||Você é realmente um grande guerreiro, [heroname]. Encontraremos o restante das páginas em pouco tempo! Minha equipe voltará mais tarde para saber mais localizações de páginas! Eu mandaria meu cachorro Mörski para farejar um pouco também, mas ele tem estado um pouco quieto ultimamente...|Это какой-то приятный, густой, сочный, эротичный [c_yellow] браггит[c_reset]. Почему ты так странно смотришь на меня? Верно. Вам, людям, не понять любви гномов к BS. Это сокращение от кузнечного дела. Давайте двигаться дальше! Нам все еще нужна [c_yellow] эссенция богов [c_reset], чтобы кольцо полностью раскрыло свой потенциал. Давайте посмотрим ... около 10 эссенций должны сделать свое дело! Давай, оставь меня наедине с моим браггитом, чтобы я мог начать извлекать из него палладий. Иди за эссенцией!|你確實是一位偉大的戰士，[heroname]。  我們一定會立即找到其餘頁面！  我的人員稍後會報告更多頁面位置！  我也會派我的狗Mörski四處嗅嗅，但他最近有點安靜…||||C'est une belle, épaisse, juteuse et érotique [c_yellow]braggite[c_reset]. Pourquoi me regardes-tu si bizarrement ? C'est vrai. Vous, les humains, ne comprenez pas l'amour d'un nain pour la AF. C'est l'abréviation de artisanat de forge. Continuons ! Il nous faut encore l'[c_yellow]essence des dieux[c_reset] pour que l'anneau atteigne son plein potentiel. Voyons voir... une dizaine d'essences devraient suffire ! Allez, laissez-moi seul avec ma [c_yellow]braggite[c_reset] pour que je puisse commencer à en extraire le palladium. Va chercher l'essence !
valhalla_grind_2_complete|Well well well. Look who's got the essence of the gods! I don't think you'd even need this ring! But a promise is a promise. Now I'll just have to use the 25 braggites and 5 essences you got me and the ring is ready! Did I say 25 and 5? No no, I meant ummh… 50 braggites and 7 essences. Yeah that sounds about right. No way I was sending you to get excess amounts of stuff for me to enjoy all by myself… hehe.||Ora, ora, ora. Veja quem tem a essência dos deuses! Acho que você nem precisaria desse anel! Mas uma promessa é uma promessa. Agora só preciso usar os 25 braggites e as 5 essências que você me deu e o anel estará pronto! Eu disse 25 e 5? Não, não, eu quis dizer ummh... 50 braggites e 7 essências. Sim, parece ser isso mesmo. De jeito nenhum eu estava mandando você pegar quantidades excessivas de coisas para eu aproveitar sozinho... hehe.|Так, так, так. Смотрите, у кого сущность богов! Не думаю, что вам вообще понадобится это кольцо! Но обещание есть обещание. Теперь мне просто нужно использовать 25 браггитов и 5 эссенций, которые вы мне дали, и кольцо готово! Я сказал 25 и 5? Нет, нет, я имел в виду, мм ... 50 брэггитов и 7 эссенций. Да, звучит примерно так. Я ни в коем случае не посылал тебя за избыточным количеством вещей, которыми я мог бы наслаждаться в одиночестве… хе-хе.|好吧，好吧。  看看誰擁有眾神的精華！  我想你根本不需要這個戒指！  但承诺就是承诺。  現在我只需要使用你給我的25個布拉格礦和5種精華，  戒指就準備好了！  我說的是25和5嗎？  不，不，我的意思是…50個布拉格礦和7種精華。  是的，聽起來不錯。  我不可能派你去拿多餘的東西讓我自己享受......呵呵。||||Eh bien, eh bien, eh bien. Regardez qui a l'essence des dieux ! Je ne pense pas que tu aies besoin de cette bague ! Mais une promesse est une promesse. Il ne me reste plus qu'à utiliser les 25 braggites et les 5 essences que tu m'as offerts et l'anneau sera prêt ! J'ai bien dit 25 et 5 ? Non, non, je voulais dire... 50 braggites et 7 essences. Oui, c'est à peu près ça. C'est pas mon genre de t'envoyer chercher des quantités excessives de choses pour que je puisse en profiter tout seul... hehe.
valhalla_grind_3|Uhmm... A small problem. The ring is missing something. A third, final component to unlock its true potential. The base of the ring is super sexy… but we want more. The whole package! I think I know what the ring is missing. The stone! And like with all gemstones, size matters. And quality too, I guess. Let me think…A-ha! Yes. Yes. Here! [c_aqua]Look at this scroll![c_reset] Get me a [c_yellow]gemstone[c_reset] and we will talk again!||Uhmm... Um pequeno problema. O anel está faltando alguma coisa. Um terceiro e último componente para liberar seu verdadeiro potencial. A base do anel é super sexy... mas queremos mais. O pacote completo! Acho que sei o que está faltando no anel. A pedra! E, como em todas as pedras preciosas, o tamanho é importante. E a qualidade também, eu acho. Deixe-me pensar... A-ha! Sim. Sim. Aqui![c_aqua]Olhe para este pergaminho![c_reset]Traga-me uma [c_yellow]pedra preciosa[c_reset] e conversaremos novamente!|Хммм... Небольшая проблема. В кольце чего-то не хватает. Третий, последний компонент, раскрывающий его истинный потенциал. Основа кольца суперсексуальна ... но мы хотим большего. Весь комплект! Кажется, я знаю, чего не хватает кольцу. Камня! И, как и во всех драгоценных камнях, размер имеет значение. И качество тоже, я полагаю. Дай мне подумать ... Ага! Да. Да. Сюда! [c_aqua]Посмотри на этот свиток![c_reset] Достань мне [c_yellow] драгоценный камень [c_reset], и мы снова поговорим!|嗯。。。一個小問題。  戒指少了點什麼。  釋放其真正潛力的第三個也是最後一個組成部分。  戒指的底座超級性感…但我們想要更多。  整個包裹！  我想我知道戒指少了什麼。  石頭！和所有的寶石一樣，尺寸也很重要。  我想品質也是如此。  讓我想想…哈哈！  對對在這裡看這卷軸！  給我拿來一顆[c_yellow]寶石[c_reet]，我們再談！||||Euh... Un petit problème. Il manque quelque chose à l'anneau. Un troisième et dernier composant pour libérer son vrai potentiel. La base de la bague est super sexy... mais nous voulons plus. Tout le paquet ! Je crois savoir ce qu'il manque à la bague. Une pierre ! Et comme pour toutes les pierres précieuses, la taille est importante. Et la qualité aussi, j'imagine. Laissez-moi réfléchir... A-ha ! Oui. Oui. Voilà ! Regardez ce parchemin ! Donnez-moi une [c_yellow]pierre précieuse[c_reset] et nous en reparlerons !
valhalla_grind_3_complete|You did it! This is beautiful… so, so pretty. You have done an exceedingly awesome job collecting these awesome parts for the awesome ring. It's all just awesome. If anyone deserves this ring, it's you. Take it. Take it, take it, take it! Mörski, my loyal cave dog, we're back in the BS game!||Você conseguiu! Isso é lindo... muito, muito bonito. Você fez um trabalho extremamente incrível ao coletar essas peças incríveis para o anel incrível. É tudo simplesmente fantástico. Se alguém merece esse anel, é você. Pegue-o. Pegue-o, pegue-o, pegue-o! Mörski, meu fiel cão das cavernas, estamos de volta no jogo!|У тебя получилось! Это прекрасно ... так, так красиво. Ты проделал чрезвычайно потрясающую работу, собирая эти потрясающие детали для потрясающего кольца. Все это просто потрясающе. Если кто-то и заслуживает этого кольца, так это ты. Возьми его. Возьми его, возьми его, возьми его! Мерски, мой верный пещерный пес, мы снова в игре BS!|你做到了！這太漂亮了……太漂亮了。[nl]你已經完成了一項非常出色的工作，為這枚令人敬畏的戒指收集了這些令人敬畏的零件。[nl]這一切都太棒了。[nl]如果有人值得擁有這枚戒指，那就是你。[nl]拿著。拿著，拿著！[nl]Mörski，我忠誠的洞穴犬，[nl]們又回到了BS遊戲中！||||Tu as réussi ! C'est magnifique... tellement, tellement joli. Tu as fait un travail génial en rassemblant ces pièces géniales pour cette bague géniale. C'est tout simplement génial. Si quelqu'un mérite cette bague, c'est bien toi. Prends-la. Prends-la, prends-la, prends-la ! [c_lime]Mörski[c_reset], mon fidèle chien des cavernes, nous sommes de retour dans le jeu de l'AF !
|||||||||||
orre_npc_name|Örre||Örre|Örre|||||Örre
valhalla_grind_inprogress_0|Hi duuude!||E aí, caaaaraa!|Привет, дууде!|嗨，哥們！||||Saluuuuuut poto !
valhalla_grind_inprogress_1|My loyal dog [c_red]Mörski[c_reset] has been a bit quiet lately. I guess its the cave depressing him. Say hello to the nice Hero, [c_red]Mörski![c_white]||Meu fiel cão [c_red]Mörski[c_reset] tem estado um pouco quieto ultimamente. Acho que é a caverna que o está deprimindo. Diga olá para o simpático herói, [c_red]Mörski![c_white]|Мой верный пес [c_red] Мерски [c_reset] в последнее время стал немного тихим. Я думаю, это пещера угнетает его. Поздоровайся с милым Героем, [c_red]Мерски![c_white]|我的忠犬Mörski最近有點安靜。  我猜是洞穴讓他感到沮喪。  向善良的英雄打個招呼[c_red]Mörski[c_white]！||||Mon fidèle chien [c_lime]Mörski[c_reset] est un peu silencieux ces derniers temps. Je suppose que c'est la grotte qui le déprime. Dites bonjour au gentil Héros, [c_lime]Mörski ![c_reset]
valhalla_grind_inprogress_2|The [c_yellow]essence of the gods[c_reset] is very rare, but I trust your ability to get it without aaaaany problems.||A [c_yellow]essência dos deuses[c_reset] é muito rara, mas confio em sua capacidade de obtê-la sem nenhum problema.|[c_yellow] сущность богов[c_reset] очень редка, но я доверяю вашей способности получить ее без ааааа каких-либо проблем.|[c_yellow]神的精華[c_reset]非常罕見，  但我相信你有能力在沒有任何問題的情況下獲得它。||||L'[c_yellow]essence des dieux[c_reset] est très rare, mais j'ai confiance en tes capacités à l'obtenir sans problème.
valhalla_grind_inprogress_3|Well, did you get a good look at the scroll yet?||Bem, você já deu uma boa olhada no pergaminho?|Ну, ты уже хорошенько рассмотрел свиток?|好吧，你仔細看過卷軸了嗎？||||Eh bien, as-tu bien regardé le parchemin ?
valhalla_grind_inprogress_4|I wonder what happened to my half brother Hurrdurr. Maybe I should go look for him.||O que será que aconteceu com meu meio-irmão Hurrdurr? Talvez eu deva ir procurá-lo.|Интересно, что случилось с моим сводным братом Хуррдурром. Может быть, мне стоит пойти поискать его.|我想知道我同父異母的兄弟Hurrdurr發生了什麼事。  也許我應該去找他||||Je me demande ce qui est arrivé à mon demi-frère [c_lime]Hurrdurr[c_reset]. Je devrais peut-être partir à sa recherche.
|||||||||||
|||||||||||
grind_key_name|Mysterious Key||Chave Misteriosa||||||
grind_key_dialog|As you inspect the mysterious key you find an engraved text written on its handle: “If lost, return to Örre in Dhorn Farum”.||"Ao inspecionar a chave misteriosa, você encontra um texto gravado em seu cabo: ""Se perdida, retorne a Örre em Dhorn Farum""."||當你檢查這把神秘鑰匙時，  你會發現它的手把上刻著一段文字：  「如果遺失，請回到迪霍法洛姆的Örre」。||||
grind_key_complete|There is a sturdy keyhole made out of stone and a quartz of some kind. The key seems to fit in perfectly.||Há um buraco de fechadura robusto feito de pedra e um tipo de quartzo. A chave parece se encaixar perfeitamente.||有一個由石頭和某種石英製成的堅固的鑰匙孔。  鑰匙似乎完美契合。||||
grind_0|Greetings, Hero! I am very excited to be meeting you, as I need the help of a great adventurer! I recently got my hands on this book, the Book of Soulforge. It contains instructions for forging very powerful magic into objects, but some pages are missing! Help me to find these missing pages and as a reward I will create you the mightiest, magical ring to help you on your Hero's journey! I have information that the stone king himself, Gurag, might be in posession of a page. That's where I would start looking.||Saudações, herói! Estou muito animado por conhecê-lo, pois preciso da ajuda de um grande aventureiro! Recentemente, coloquei minhas mãos neste livro, o Livro da Forja da Alma. Ele contém instruções para forjar magias muito poderosas em objetos, mas algumas páginas estão faltando! Ajude-me a encontrar as páginas que faltam e, como recompensa, criarei o mais poderoso anel mágico para ajudá-lo em sua jornada de herói! Tenho informações de que o próprio rei da pedra, Gurag, pode estar em posse de uma página. É por aí que eu começaria a procurar.|Что это за странный светящийся фрагмент? Он может быть ценным.|你好，英雄！[nl]我很高興能見到你，因為我需要一位偉大冒險家的幫助！[nl]最近我拿到了這本，《靈魂之書》。[nl]它包含將非常強大的魔法鍛造成物體的說明，但有些頁面遺失！[nl]幫我找到這些缺少的頁面，作為獎勵，我將為你打造最強大、最神奇的戒指，幫助你踏上英雄之旅！[nl]有消息說，石王古拉格本人可能擁有一頁書頁。這就是我開始尋找的地方。||||Qu'est-ce que cet étrange fragment incandescent ? Il a peut-être de la valeur.
grind_0_complete|Excellent work, [heroname]! I have a few old friends of mine trying to find more information about the rest of the page's whereabouts. Come talk to me later!||Excelente trabalho, [heroname]! Tenho alguns velhos amigos meus tentando encontrar mais informações sobre o paradeiro do restante da página. Venha falar comigo mais tarde!|ПРИВЕТСТВУЮ ГЕРОЯ! Меня зовут Эрре. Встречались ли мы раньше? Думаю, я бы запомнил. У меня очень хорошая память на лица. Твоя мысль немного неровная, так что я не могу сказать наверняка. Подожди минутку... Что это за светящаяся радужная штуковина, которую ты держишь в руках?|幹得好，[heroname]！  我有一些老朋友試圖找到有關該頁面其餘部分位置的更多資訊。  稍後再跟我聊吧！||||SALUTATIONS HÉROS ! Je m'appelle [c_lime]Örre[c_reset]. Nous sommes-nous déjà rencontrés ? Je pense que je m'en souviendrais. J'ai une très bonne mémoire des visages. Le vôtre est un peu pixelisé, donc je ne peux pas dire avec certitude. Attendez un peu... Qu'est-ce que c'est que ce truc arc-en-ciel lumineux que vous tenez ?
grind_1|I just learned that one of the pages is in the posession of death itself! Head north and try to find it! What pattern? There surely is not a pattern here when it comes to the pages locations…||Acabei de saber que uma das páginas está em posse da própria morte! Vá para o norte e tente encontrá-la! Que padrão? Certamente não há um padrão aqui quando se trata da localização das páginas...|Этот светящийся радужный фрагмент, кажется, обладает огромной магической силой. Он не из этого мира, это точно. Имея достаточное количество этого материала, я мог бы извлечь часть его магической силы в какую-нибудь мощную печатку [c_aqua] [c_reset]. Итак, чего вы ждете? Принеси еще этого добра!|我剛剛得知其中一頁是死亡本身所擁有的！  向北嘗試找到它！  什麼圖案？  當涉及到書頁位置時，它們肯定不是這裡的模式...||||Ce fragment d'arc-en-ciel lumineux semble avoir d'immenses pouvoirs magiques. Il n'est pas de ce monde, c'est certain. Avec suffisamment de ce matériau, je pourrais extraire certains de ses pouvoirs magiques pour en faire une sorte de [c_yellow]chevalière[c_reset] puissante. Alors, qu'est-ce que vous attendez ? Allez en chercher d'autres !
grind_1_complete|You are truly a great warrior, [heroname]. We'll be sure to find the rest of the pages in no time! My guys are reporting back later for more page locations! I'd send my dog Mörski to sniff around a little bit as well, but he has been kinda quiet lately…||Você é realmente um grande guerreiro, [heroname]. Encontraremos o restante das páginas em pouco tempo! Minha equipe voltará mais tarde para saber mais localizações de páginas! Eu mandaria meu cachorro Mörski para farejar um pouco também, mas ele tem estado um pouco quieto ultimamente...|Я пришел к выводу, что эти фрагменты [c_yellow] rainbow [c_reset] на самом деле являются частями [c_aqua] Bifröst [c_reset]! Вот это дико. Все эти волшебные штуки вызывают у меня ощущение покалывания ... хм. Точно! Итак, печатка! У меня есть немного лишнего [c_yellow] браггита [c_reset], который я могу использовать для изготовления печатки, но магическое вещество из этих [c_yellow] фрагментов радуги [c_reset] нужно соединить с [c_aqua] Сущностью Богов [c_reset], чтобы раскрыть его истинный потенциал.|你確實是一位偉大的戰士，[heroname]。  我們一定會立即找到其餘頁面！  我的人員稍後會報告更多頁面位置！  我也會派我的狗Mörski四處嗅嗅，但他最近有點安靜…||||J'en suis arrivé à la conclusion que ces [c_yellow]fragments d'arc-en-ciel[c_reset] sont en fait des parties du [c_aqua]Bifröst[c_reset] ! Ça, c'est de la folie ! Tous ces trucs magiques me donnent une sensation de picotement... euhm. C'est vrai ! Alors, le sceau ! J'ai un surplus de [c_yellow]braggite[c_reset] que je peux utiliser pour fabriquer la chevalière, mais la magie de ces [c_yellow]fragments arc-en-ciel[c_reset] doit être associée à l'[c_yellow]Essence des dieux[c_reset] pour libérer son véritable potentiel.
grind_2|Thank god you're here [heroname]. My friend Hurnir was certain that one of the pages was inside the Pyramid and went to look for it. I have not heard back from him since and I am getting worried. Please get to the Pyramid with haste and see if he needs help!||Graças a Deus que você está aqui, [heroname]. Meu amigo Hurnir tinha certeza de que uma das páginas estava dentro da pirâmide e foi procurá-la. Não tive mais notícias dele e estou ficando preocupado. Por favor, chegue rapidamente à Pirâmide e veja se ele precisa de ajuda!|Это несколько приятных, густых, сочных, эротичных [c_yellow] радужных фрагментов [c_reset]. Почему ты так странно смотришь на меня? Верно. Вам, людям, не понять любви гномов к BS. Это сокращение от кузнечного дела. Вы поймете, как только увидите, что я могу изготовить из этого материала. Нам все еще нужна [c_yellow] эссенция богов [c_reset], чтобы печатка полностью раскрыла свой потенциал. Давайте посмотрим здесь ... около 15 эссенций должны сделать свое дело! Давай, оставь меня сейчас в покое. Иди, добудь суть!|感謝上帝，你來了。  我的朋友Hurnir確信其中一頁在金字塔內，於是去尋找。  從那以後，我再也沒有收到他的回复，我很擔心。  請盡快趕到金字塔，看看他是否需要幫助！||||Ce sont de beaux fragments d'arc-en-ciel érotiques, épais, juteux. Pourquoi me regardes-tu si bizarrement ? C'est vrai. Vous, les humains, ne comprenez pas l'amour d'un nain pour la AF. C'est l'abréviation d'Artisanat de Forge. Vous comprendrez quand vous verrez ce que je peux fabriquer avec ce matériel. Il nous faut encore l'[c_yellow]essence des dieux[c_reset] pour que la chevalière atteigne son plein potentiel. Voyons voir... Une quinzaine d'essences devraient suffire ! Allez, laissez-moi tranquille. Allez chercher l'essence !
grind_2_complete|I knew I could count on you! Thank you, [heroname]. Hurnir is back on his feet and searching for additional pages. I'll let you know more as soon as he reports back.||Eu sabia que podia contar com você! Obrigado, [heroname]. Hurnir está recuperado e procurando outras páginas. Assim que ele retornar, eu lhe darei mais informações.|Так, так, так. Смотрите, у кого сущность богов! Я не думаю, что вам даже понадобится эта печатка! Но обещание есть обещание.|我就知道我可以依靠你！  謝謝你，[heroname]。 Hurnir重新出發了，正在尋找更多的書頁。他一回來我就告訴你更多。||||Bien, bien, bien. Regardez qui a l'essence des dieux ! Je ne pense pas que tu aies besoin de ce sceau ! Mais une promesse est une promesse.
grind_3|Another day, another page found! It's somewhere in Damien's domain. Do you have what it takes, [heroname]?||Outro dia, outra página encontrada! Ela está em algum lugar no domínio de Damien. Você tem o que é preciso, [heroname]?|Хммм... Небольшая проблема. В печатке чего-то не хватает. Третий, последний компонент, раскрывающий ее истинный потенциал. Основа кольца суперсексуальна ... но мы хотим большего. Весь комплект! Кажется, я знаю, чего не хватает кольцу. Камня! И, как и во всех драгоценных камнях, размер имеет значение. И качество тоже, я полагаю. Дай мне подумать ... Ага! Да. Да. Сюда! [c_aqua]Посмотри на этот свиток![c_reset] Достань мне [c_yellow] драгоценный камень [c_reset], и мы снова поговорим!|又一天，發現了另一個頁面！  它位於達米安領地的某個地方。你有辦法嗎[heroname]？||||Euh... Un petit problème. Il manque quelque chose à la chevalière. Un troisième et dernier composant pour libérer son vrai potentiel. La base est super sexy... mais nous voulons plus. Tout le paquet ! Je crois savoir ce qu'il manque. Une pierre ! Et comme pour toutes les pierres précieuses, la taille est importante. Et la qualité aussi, j'imagine. Laissez-moi réfléchir... A-ha ! Oui. Oui. Voilà ! Regardez ce parchemin ! Donnez-moi une [c_yellow]pierre précieuse[c_reset] et nous en reparlerons !
grind_3_complete|Once again, marvelous work! We're only missing two pages!||Mais uma vez, um trabalho maravilhoso! Faltam apenas duas páginas!|У тебя получилось! Это прекрасно ... очень, очень красиво. Ты проделал потрясающую работу, собирая эти потрясающие детали для потрясающей печатки. Все это просто потрясающе. Если кто-то и заслуживает этого, так это ты. Возьми это. Возьми это, возьми это, возьми это! Мерски, мой верный пещерный пес, мы снова в игре BS! Снова!|再一次，了不起的工作！  我們只剩下兩頁！||||Vous avez réussi ! C'est magnifique... tellement, tellement joli. Vous avez fait un travail génial en rassemblant ces pièces géniales pour créer une chevalière géniale. C'est tout simplement génial. Si quelqu'un la mérite, c'est bien vous. Prenez-la. Prenez-la, prenez-la, prenez-la ! [c_lime]Mörski[c_reset], mon fidèle chien des cavernes, nous sommes de retour dans le jeu de l'AF ! Encore une fois !
grind_4|A fisherman from Shujo Retreat, Aki I believe was his name, had page 15. He said he would have sold it to me, but it was swallowed by [c_yellow]THE BIGGEST KARP EVER[c_reset] when a storm rocked his boat and his belongins dropped into the depths of the Karponian sea. Now, I know that fishermen always exaggerate their stories, but that's what we got to go with. See if you can find the page?||Um pescador do Retiro de Shujo, Aki, acho que era o seu nome, tinha a página 15. Ele disse que a teria vendido para mim, mas ela foi engolida pela [c_yellow]MAIOR CARPA DE TODOS OS TEMPOS[c_reset] quando uma tempestade sacudiu seu barco e seus pertences caíram nas profundezas do mar Karponiano. Sei que os pescadores sempre exageram em suas histórias, mas é o que temos para continuar. Veja se você consegue encontrar a página?||一位来自修礁避難所的渔民，Aki，我相信是他的名字，有第15页。  他說他會把它賣給我，但當一場風暴襲擊了他和他的船時，  他的東西掉進了卡波尼亞海的深處時，被 [c_yellow]卡普國王[c_reset]吞噬了。  現在，我知道漁民總是誇大他們的故事，但這就是我們必須接受的。  看看你能不能找到這個書頁？||||
grind_4_complete|Getting very excited here, [heroname]! Just one more page to go!||Estou ficando muito animado, [heroname]! Só falta mais uma página!||越來越興奮了，[heroname]！  只剩下一頁！||||
grind_5|Great timing! Good news and bad news: The good news is that I know where the last page is. Bad news is that that place is the Seventh Layer of Hell. That's right, Hell! Satan himself has it! I don't know, [heroname]. Is the last page worth it? I completely understand if you have doubts, but the page also contains key information without which the book is useless.||Ótima hora! Boas e más notícias: A boa notícia é que eu sei onde está a última página. A má notícia é que esse lugar é a Sétima Camada do Inferno. É isso mesmo, o inferno! O próprio Satanás a tem! Não sei, [heroname]. Será que a última página vale a pena? Entendo perfeitamente se você tiver dúvidas, mas a página também contém informações importantes sem as quais o livro é inútil.||好時機！  好消息和壞消息：好消息是我知道最後一頁在哪裡。  壞消息是那個地方是地獄的第七層。沒錯，見鬼！撒旦自己也擁有它！我不知道，[heroname]。  如果您有疑問，我完全理解，但是該頁面還包含關鍵信息，沒有這些信息這本書就沒用。||||
grind_5_complete|YOU BEATIFUL BASTARD! YOU DID IT! With the Book of Soulforge now complete I can not wait to learn what secrets it reveals! Here, I made you a little something as a reward for helping me. It's not that impressive, but once I learn the secrets in this book I will enchant it for you!||SEU BELO DESGRAÇADO! VOCÊ CONSEGUIU! Com o Livro da Forja da Alma agora completo, mal posso esperar para saber quais segredos ele revela! Aqui, eu fiz uma coisinha para você como recompensa por me ajudar. Não é tão impressionante, mas assim que eu descobrir os segredos desse livro, vou encantá-lo para você!||你這個美麗的混蛋！  你做到了！  隨著《靈魂之書》的完成，我迫不及待想知道它揭示了什麼秘密！！  在這裡，我為你做了一些小東西，作為我幫助的獎勵。  這並不是那麼令人印象深刻，但是一旦我了解了這本書中的秘密，我就會為你著迷！||||
grind_6|Like I promised you, I can make you a ring more powerful than any man has ever worn! As per the instructions in the Book of Soulforge, I have gathered all the materials I need, except for one: Soul essence. Soul essence can be harvested from powerful creatures all over Tarethiel, although it's very rare to find on the mostly soulless creatures that infest these lands. Anyway, I need a lot of it. A lot. Return to me with a big pile of it and the ring shall be yours!||Como prometi a você, posso fazer um anel mais poderoso do que qualquer outro que o homem já usou! De acordo com as instruções do Livro da Forja da Alma, reuni todos os materiais necessários, exceto um: Essência da alma. A essência da alma pode ser colhida de criaturas poderosas em toda Tarethiel, embora seja muito raro encontrá-la nas criaturas sem alma que infestam essas terras. De qualquer forma, preciso de muita. Muito mesmo. Volte para mim com uma grande pilha dela e o anel será seu!||就像我答應過你的那樣，我可以為你打造一枚比任何男人戴過的戒指都更強大的戒指！  按照靈魂之書的指示，我已經收集了所有我需要的材料，除了一個：靈魂精華。  靈魂精華可以從Tarethiel各地的強大生物身上採集，儘管在這些土地上幾乎沒有靈魂的生物身上很少能找到。  無論如何，我需要很多。  很多。  帶著一大堆回到我身邊，戒指就屬於你了！||||
grind_6_complete|I am sorry [heroname], I completely forgot about one more ingredient. But for a champ like you, that should be easy to handle thought!||Desculpe-me [heroname], esqueci completamente de mais um ingrediente. Mas para um campeão como você, isso deve ser fácil de lidar!||對不起 [heroname]，我完全忘了還有一種成分。  但對於像你這樣的冠軍來說，這應該很容易處理！||||
grind_7|By my hammer! I completely forgot! Maybe my old head is going soft in this cave… The ring still needs something. Souls. Not just essence, the actual souls. Not too much, but a couple of them. Ideally some strong, raw souls that once had a strong will and heart for battle. You know those piles you see laying around? Maybe, just maybe, you might find what is needed from those. Well, off you go. I’ll see you when you have them!||Pelo meu martelo! Eu me esqueci completamente! Talvez minha velha cabeça esteja ficando mole nesta caverna... O anel ainda precisa de algo. Almas. Não apenas a essência, mas as almas de fato. Não muitas, mas algumas delas. De preferência, algumas almas fortes e cruas que já tiveram vontade e coração para a batalha. Sabe aquelas pilhas que você vê por aí? Talvez, apenas talvez, você possa encontrar o que precisa nelas. Bem, vá em frente. Eu o verei quando as tiver!||用我的錘子！  我完全忘記了！  也許我這老腦袋在這個山洞裡變蠢了……  戒指還需要一些東西。  靈魂。  不只是本質，而是真正的靈魂。  不是太多，但有幾個。  理想的情況是一些堅強、原始的靈魂，曾經有堅強的意志和戰鬥的心。  你知道你看到的那些堆在周圍的東西嗎？  也許，只是也許，你可能會從中找到你需要的東西。  好吧，你走吧。當你擁有它們時我會見到你！||||
grind_7_complete|Now we are ready! Let me finish that ring for you!||Agora estamos prontos! Deixe-me terminar este anel para você!||現在我們準備好了！  讓我為你完成那枚戒指吧！||||
|||||||||||
morski_alive_dialog|Vuh! I can assure that I am quite alive and definitely not a dead pile of bones. Vuh!||Vuh! Posso garantir que estou bem vivo e definitivamente não sou uma pilha de ossos mortos. Vuh!|Вух! Я могу заверить, что я вполне жив и определенно не мертвая груда костей. Вух!|嗚嗚！我可以保證我還活著，絕對不是一堆白骨。  嗚嗚！||||Wouf ! Je peux vous assurer que je suis bien vivant et que je ne suis certainement pas un tas d'os morts. Wouf !
grind_inprogress_0|My associates are searching for the location of the next page. Come back later!||Meus associados estão procurando a localização da próxima página. Volte mais tarde!|Привет, дууде!|我的同事正在尋找下一頁的位置。  稍後回來！||||Saluuuuuuut poto !
grind_inprogress_1|My loyal dog [c_red]Mörski[c_reset] has been a bit quiet lately. I guess its the cave depressing him. Say hello to the nice Hero, [c_red]Mörski![c_white]||Meu fiel cão [c_red]Mörski[c_reset] tem estado um pouco quieto ultimamente. Acho que é a caverna que o está deprimindo. Diga olá para o simpático herói, [c_red]Mörski![c_white]|Мой верный пес [c_red] Мерски [c_reset] в последнее время стал немного тихим. Я думаю, это пещера угнетает его. Поздоровайся с милым Героем, [c_red]Мерски![c_white]|我的忠犬Mörski最近有點安靜。  我猜是洞穴讓他感到沮喪。  向善良的英雄打個招呼[c_red]Mörski[c_white]！||||Mon fidèle chien [c_lime]Mörski[c_reset] est un peu silencieux ces derniers temps. Je suppose que c'est la grotte qui le déprime. Dites bonjour au gentil Héros, [c_lime]Mörski ![c_reset]
grind_inprogress_2|Just search a couple more piles! I think those souls are quite common, but what would I know?||Basta procurar em mais algumas pilhas! Acho que essas almas são bastante comuns, mas como eu poderia saber?|[c_yellow] сущность богов[c_reset] очень редка, но я доверяю вашей способности получить ее без ааааа каких-либо проблем.|再搜幾堆就好了！  我認為那些靈魂很常見，但我為什麼知道呢？？||||L'[c_yellow]essence des dieux[c_reset] est très rare, mais j'ai confiance en votre capacité à l'obtenir sans problème.
grind_inprogress_3|How do you like that ring, [heroname]?||O que você acha do anel, [heroname]?|Ну, ты уже хорошенько рассмотрел свиток?|你覺得那枚戒指怎麼樣，[heroname]？||||Eh bien, avez-vous bien regardé le parchemin ?
grind_inprogress_4|So excited! I'm going to be the greatest blacksmith ever!||Muito animado! Vou ser o maior ferreiro de todos os tempos!||太激動了！我要成為有史以來最偉大的鐵匠！||||
grind_ring_lost|You managed to lose your Ring? Damn it, [heroname]. You have to be more careful. I had some leftover materials from the previous crafting, which I was hoping to save for later, but I guess I can help you out. Do you need a new [c_aqua]Soulforged Ring[c_reset]?||Você conseguiu perder seu anel? Droga, [heroname]. Você precisa ser mais cuidadoso. Eu tinha algumas sobras de materiais da fabricação anterior, que eu esperava guardar para mais tarde, mas acho que posso ajudá-lo. Você precisa de um novo [c_aqua]Anel Forjado da Alma[c_reset]?|Интересно, что случилось с моим сводным братом Хуррдурром. Может быть, мне стоит пойти поискать его.|你把戒指弄丟了？該死[heroname]。你必須更加小心。我有一些以前手工製作的剩餘材料，我希望留著以後用，但我想我可以幫你。你需要一個新的[c_aqua]魂鑄戒指[c_reset]嗎？求你了，Örre。再給我一個！不是現在。祝您今天過得愉快。什麼都沒有，[heroname]！迪迪迪。 。 。拉 lal laaaa見證我的鐵匠技能||||Je me demande ce qui est arrivé à mon demi-frère [c_lime]Hurrdurr[c_reset]. Je devrais peut-être partir à sa recherche.
grind_craft_new|Please, Örre. Make me another!||Por favor, Örre. Faça outro para mim!||拜託，Örre。給我再做一個||||
grind_nocraft|Not now. Have a good day.||Agora não. Tenha um bom dia.||不是現在。祝你有美好的一天||||
grind_craft_1|Here goes nothing, [heroname]!||Aqui vai, [heroname]!||這裡什麼都沒有，[heroname]！||||
grind_craft_2|Dididii... La lal laaaa||Dididii... La lal laaaa||||||
grind_craft_3|Witness my skills in BS!||Testemunhe minhas habilidades em Ferraria!||見證我的 鐵匠 技能||||
|||||||||||
hurnir_grind_dialog|Örre sent you to look for me? How sweet. I just need a short rest and I'll be good to go. I found the page, but I was overwhelmed by these damn monsters. I barely escaped, but they took the page and I am sure it's now in the posession of [c_red]Anubis[c_reset] himself. Go get your page, [heroname]. I'll be fine.||Örre o enviou para me procurar? Que fofo. Só preciso descansar um pouco e estarei pronto para ir. Encontrei a página, mas fui dominado por esses malditos monstros. Escapei por pouco, mas eles levaram a página e tenho certeza de que agora ela está em poder do próprio Deus do Sol [c_red]Anubis[c_reset]. Vá buscar sua página, [heroname]. Eu ficarei bem.||Örre你來找我？  多麼甜蜜啊。  我只需要短暫休息一下就可以出發了.. 我找到了這個頁面，但我被這些該死的怪物淹沒了。  我勉強逃脫，但他們拿走了這頁，我確信它現在由太陽神[c_red]阿努比斯[c_reset]擁有。  去獲取你的頁面吧，[heroname]。  我會沒事的。||||
hurnir_grind_dialog_2|Go on to defeat [c_red]Anubis[c_reset] and find the page, I'll be fine.||Vá em frente para derrotar [c_red]Anubis[c_reset] e encontre a página, eu ficarei bem.||繼續擊敗[c_red]阿努比斯[c_reset]並找到頁面，我會沒事的。||||
|||||||||||
[valhalla raven statues]|||||||||||
valhalla_lore_valkyrie|[c_yellow]Valkyries[c_reset] are the ones who guide the souls of fallen Heroes into one of two realms. Half of those who die in battle are taken to Freyas afterlife, [c_lime]Fólkvangr[c_reset]. The other half go to Gods hall called [c_lime]Valhalla[c_reset]. ||As [c_yellow]Valquírias[c_reset] são aquelas que guiam as almas dos heróis caídos para um de dois reinos. Metade dos que morrem em batalha são levados para a vida após a morte de Freyas, [c_lime]Fólkvangr[c_reset]. A outra metade vai para o salão dos deuses chamado [c_lime]Valhalla[c_reset].|[c_yellow] Валькирии[c_reset] - это те, кто направляет души павших Героев в одно из двух царств. Половина тех, кто погибает в битве, попадает в загробную жизнь Фрейи, [c_lime]Фолквангр[c_reset]. Другая половина отправляется в зал Богов под названием [c_lime] Валгалла[c_reset]. |[c_yellow]女武神[c_reset]是引導墮落英雄靈魂進入兩個領域之一的人。  在戰鬥中死亡的人中有一半會被帶到弗雷亞斯的死後之地，[clime]Fólkvangr[c_reset]。  另一半去了名為[clime]Valhalla[c_reset]的眾神大廳。||||Les [c_red]Valkyries[c_reset] sont celles qui guident les âmes des héros tombés au combat vers l'un des deux royaumes. La moitié de ceux qui meurent au combat sont emmenés dans l'au-delà de Freyas, [c_aqua]Fólkvangr[c_reset]. L'autre moitié va dans la salle des Dieux appelée [c_aqua]Valhalla[c_reset]. 
valhalla_lore_huginn|[c_aqua]Huginn[c_reset], ''Thought'', is the brother of [c_red]Muninn[c_reset]. As one of the Odin's ravens he travels around the world, reporting back to Odin.||[c_aqua]Huginn[c_reset], ''Pensamento'', é o irmão de [c_red]Muninn[c_reset]. Como um dos corvos de Odin, ele viaja pelo mundo, reportando-se a ele.|"[c_aqua]Хьюгинн[c_reset], ""Мысль"", является братом [c_red]Мунинна[c_reset]. Как один из воронов Одина, он путешествует по всему миру, отчитываясь перед Одином."|[c_aqua]Huginn[c_reset]，“應該”，是[c_red]Muninn[c-reset]的兄弟。  作為奧丁的渡鴉之一，他週遊世界，向奧丁報告。||||[c_red]Hugin[c_reset], ''Pensée'', est le frère de [c_red]Munin[c_reset]. Il est l'un des corbeaux d'[c_red]Odin[c_reset] et voyage à travers le monde pour lui rapporter ses observations.
valhalla_lore_muninn|[c_aqua]Muninn[c_reset], ''Memory'', is the brother of [c_red]Huginn[c_reset]. As one of the Odin's ravens he travels around the world, reporting back to Odin.||[c_aqua]Muninn[c_reset], ''Memória'', é o irmão de [c_red]Huginn[c_reset]. Como um dos corvos de Odin, ele viaja pelo mundo, reportando-se a ele.|"[c_aqua]Мунинн[c_reset], ""Память"", является братом [c_red]Хьюгинна[c_reset]. Как один из воронов Одина, он путешествует по всему миру, отчитываясь перед Одином."|[c_aqua]Muninn[c_reset]，“記憶”，是[c_red]Huginn[c-reset]的兄弟。  作為奧丁的渡鴉之一，他週遊世界，向奧丁報告。||||"[c_red]Munin[c_reset], ""Mémoire"", est le frère de [c_red]Hugin[c_reset]. Il est l'un des corbeaux d'[c_red]Odin[c_reset] et voyage à travers le monde pour lui faire part de ce qu'il a entendu."
valhalla_lore_trolls|[c_aqua]Trolls[c_reset] are creatures of the forest, who live under the rocks and caves. They are known for being quite dumb and very hostile against humans.||Os [c_aqua]Trolls[c_reset] são criaturas da floresta que vivem sob as rochas e cavernas. Eles são conhecidos por serem bastante burros e muito hostis contra os humanos.|[c_aqua] Тролли[c_reset] - это лесные существа, которые живут под камнями и пещерами. Они известны тем, что довольно тупы и очень враждебны по отношению к людям.|[c_aqua]巨魔[c_reset]是森林中的生物，生活在岩石和洞穴下。  眾所周知，他們以非常愚蠢和對人類充滿敵意而聞名。||||[c_red]Les trolls[c_reset] sont des créatures de la forêt, qui vivent sous les rochers et les grottes. Ils sont connus pour être assez stupides et très hostiles aux humains.
valhalla_lore_naga|[c_aqua]Naga[c_reset] are human-snake hybrids which prefer to live near or in water. They usually live in hiding at the eastern kingdoms and it is not yet known how they traveled to and infested [c_lime]Valhalla[c_reset]. All the heroes are adviced to kill them on sight.||Os [c_aqua]Naga[c_reset] são híbridos humano-cobra que preferem viver perto ou na água. Eles geralmente vivem escondidos nos reinos do leste e ainda não se sabe como viajaram e infestaram [c_lime]Valhalla[c_reset]. Todos os heróis são aconselhados a matá-los logo de cara.|[c_aqua] Наги [c_reset] - гибриды человека и змеи, которые предпочитают жить вблизи воды или в ней. Обычно они скрываются в восточных королевствах, и пока неизвестно, как они добрались до [c_lime] Валгаллы и заразились ею [c_reset]. Всем героям рекомендуется убивать их на месте.|[c_aqua]Naga[c_reset]是人蛇雜交體，喜歡生活在水附近或水中。  他們通常躲藏在東部王國，目前尚不清楚他們如何前往並感染[c_lime]Valhalla[c_reset]。  建議所有英雄一看到他們就殺死他們。||||[c_red]Les nagas[c_reset] sont des hybrides humains-serpents qui préfèrent vivre près de l'eau ou dans l'eau. Ils se cachent généralement dans les royaumes de l'est et on ne sait pas encore comment ils ont voyagé jusqu'au [c_aqua]Valhalla[c_reset] et l'ont infesté. Il est conseillé à tous les héros de les tuer à vue.
valhalla_lore_surtur|Warning: [c_red]Surtur[c_reset] has been imprisoned in this here cave. DO NOT APPROACH!||Aviso: [c_red]Surtur[c_reset] foi aprisionado nesta caverna. NÃO SE APROXIME!|Предупреждение: [c_red] Суртур [c_reset] заключен в тюрьму в этой пещере. НЕ ПРИБЛИЖАЙТЕСЬ!|警告：[c_red]Surtur[c_reset]已被囚禁在這個洞穴中。  不要靠近！||||Avertissement : [c_red]Surt[c_reset] a été emprisonné dans cette grotte. N'APPROCHEZ PAS !
valhalla_lore_jormungandr|[c_aqua]Jormungandr, the World Serpent[c_reset], born of [c_red]Loki's[c_reset] mischief, stretches his massive coils around the realms, filling oceans and swallowing storms. Bound to the prophecy of Ragnarok, his hunger for destruction lies coiled in the depths. When he rises, gods will tremble, the skies will split, and his venom will seep into the world.||||[c_aqua]耶夢加得, 世界之蛇[c_reset], 因[c_red]洛基[c_reset]惡作劇而誕生, 將他巨大的螺旋伸展到諸國度周圍, 填滿海洋併吞噬風暴. 受到諸神黃昏的預言的束縛, 他對毀滅的渴望盤踞在深處. 當他崛起時, 眾神將顫抖, 蒼穹將裂開, 他的毒液將滲透到人間。||||
|||||||||||
ahriman_npc_name|Ahriman||Ahriman|Ариман|||||Ahriman
ahriman_npc_title|Crow Keeper||Guardião dos Corvos|Хранитель Ворон|烏鴉飼養員||||Gardien des corbeaux
ahriman_chain_1|You there! You look like a tough adventurer ready to slay some monsters! I am Ahriman, the keeper of Crows. I have a problem, there is a large rat bastard I've named [c_red]Fragrat[c_reset] who murdered and ate one of my beloved crows. I want you to find and kill Fragrat! I'll pay you handsomely. Last time I saw the bastard he took shelter in a Rat Den. Help me out, will you?||Você aí! Você parece um aventureiro durão pronto para matar alguns monstros! Eu sou Ahriman, o guardião dos Corvos. Estou com um problema: há um grande rato bastardo que chamei de [c_red]Fragrat[c_reset] que assassinou e comeu um dos meus corvos. Quero que você encontre e mate Fragrat! Eu lhe pagarei muito bem. Da última vez que vi o bastardo, ele se abrigou em uma Toca de Ratos. Poderia me ajudar?| Эй, ты там! Ты выглядишь как крутой искатель приключений, готовый убить несколько монстров! Я Ариман|嘿！你看起來像個身手不凡的冒險家，準備好大殺四方！  我是 Ahriman 烏鴉的守護者。  有個叫[c_red]弗拉格拉特[c_reset]的大老鼠混蛋，它殺了我心愛的一隻烏鴉，還把牠吃了。  我要你找到並殺死弗拉格拉特！  我會給你豐厚的報酬。  我上次見到這混蛋的時候，它躲在鼠洞裡。  幫幫我，好嗎？|そこの君！ 君はモンスターを倒す準備ができた強そうな冒険者に見える！私はカラスの番人、アーリマンだ。困っているんだ、大きなネズミの奴、名前は[c_red]フラグラット[c_reset]。こいつが愛するカラスの一羽を殺して食べてしまったんだ。フラグラットを見つけて殺してほしい！報酬はたっぷり払うよ。最後に見たときはネズミの巣穴に隠れていた。助けてくれないか？|너! 맞아 너 말이야. 몬스터 잡을 준비가 된 모험가처럼 보이네. 난 아리만, 까마귀지기야. 문제 하나 있어. [c_red]프래그 랫[c_reset]이라는 큰 쥐 놈이 내 소중한 까마귀 중 하나를 죽이고 잡아먹었어! 놈을 찾아내서 죽여줘! 보상은 두둑히 줄게. 마지막으로 본 건 쥐굴이었어.|Hey! Du siehst aus wie ein tapferer Abenteurer, bereit, Monster zu erlegen! Ich bin Ahriman, der Hüter der Krähen. Ich habe ein Problem: Ein riesiger Rattenbastard namens Fragrat hat eine meiner Krähen ermordet und gefressen. Du sollst Fragrat finden und töten! Ich werde dich fürstlich belohnen. Als ich den Bastard das letzte Mal sah, hatte er sich in einem Rattenbau versteckt. Hilfst du mir bitte?|Vous êtes là ! Vous avez l'air d'un aventurier coriace prêt à tuer des monstres ! Je suis [c_lime]Ahriman[c_reset], le gardien des corbeaux. J'ai un problème : un gros rat que j'ai appelé [c_red]Fragrat[c_reset] a tué et mangé l'un de mes corbeaux. Je veux que vous trouviez et tuiez [c_red]Fragrat[c_reset] ! Je vous paierai grassement. La dernière fois que je l'ai vu, il s'est réfugié dans le [c_aqua]Repaire des rats[c_reset]. Aidez-moi, voulez-vous ?|¡Eh, tú! ¡Pareces un aventurero duro, listo para aniquilar monstruos! Soy Ahriman, el guardián de los Cuervos. Tengo un problema, hay una gran rata bastarda que he llamado [c_red]Fragrat[c_reset] que asesinó y se comió a uno de mis queridos cuervos. ¡Quiero que encuentres y aniquiles a Fragrat! Te pagaré generosamente. La última vez que vi al bastardo se refugió en una Madriguera de Ratas. Ayúdame, ¿quieres?|Ty tam! Wyglądasz na twardego poszukiwacza przygód gotowego zabijać potwory! Jestem Ahriman, strażnik Kruków. Mam problem, jest duży szczurzy drań, którego nazwałem [c_red]Fragrat[c_reset], który zamordował i zjadł jednego z moich ukochanych kruków. Chcę, żebyś znalazł i zabił Fragrata! Zapłacę ci hojnie. Ostatnio widziałem tego drania, jak schronił się w Szczurzej Norze. Pomóż mi, dobrze?
ahriman_chain_1_complete|Thank you, [heroname]. Here is your handsome reward! I also have another task for you, should you be interested…||Obrigado, [heroname]. Aqui está sua bela recompensa! Também tenho outra tarefa para você, caso esteja interessado...|Спасибо, [имя героя]. Вот твоя солидная награда! У меня также есть для тебя другое задание, если тебе будет интересно…|謝謝你，[heroname]。這是你的豐厚獎勵！我  還有另一個任務給你，如果你有興趣的話…||||Merci, [heroname]. Voici votre belle récompense ! J'ai une autre tâche à vous confier, si cela vous intéresse...
ahriman_chain_2|My birds are hungry! After the incident with Fragrat, they deserve a proper feast! Collect me some maggots and [c_red]crimson pumpkins[c_reset] and make some nice maggot stew to feed them. Should you accept, I'll meet you at my house in [c_yellow]The Dark Woods[c_reset]!||Meus pássaros estão com fome! Depois do incidente com o Fragrat, eles merecem um banquete adequado! Pegue algumas larvas e [c_red]abóboras carmesim[c_reset] e faça um bom ensopado de larvas para alimentá-los. Caso aceite, eu o encontrarei na minha casa nos [c_yellow]Bosques Sombrios[c_reset]!|Мои птички голодны! После инцидента с Fragrat'ом они заслуживают настоящего угощения! Собери мне немного личинок и [c_red] малиновых тыкв[c_reset] и приготовь вкусное рагу из личинок, чтобы накормить их. Если ты согласишься, я встречу тебя в моем доме в [c_yellow] Темном лесу [c_reset]!|我的鳥兒餓了！  在與弗拉格拉特事件發生後，他們應該得到一場真正的盛宴！  給我收集一些蛆和[c_red]深紅色南瓜[c_reset]，然後做一些美味的蛆燉菜來餵牠們。  如果你接受，我會在位於[c_yellow]黑暗森林[c_reset]的家裡與你見面！||||Mes oiseaux ont faim ! Après l'incident avec [c_red]Fragrat[c_reset], ils méritent un bon festin ! Récupérez-moi des [c_yellow]asticots[c_reset] et des [c_yellow]citrouilles cramoisies[c_reset] et préparez un bon ragoût d'asticots pour les nourrir. Si vous acceptez, je vous retrouverai chez moi, dans les [c_aqua]Bois sombres[c_reset] !
ahriman_chain_2_complete|This is delicious. With this stew my crows will be re-energized and ready to work! There is still one thing I require from you.||É uma delícia. Com esse ensopado, meus corvos ficarão reenergizados e prontos para trabalhar! Ainda há uma coisa que preciso de você.|Это восхитительно. С этим рагу мои вороны наберутся сил и будут готовы к работе! Есть еще одна вещь, которая мне от вас нужна.|這太美味了。  有了這道燉菜，我的烏鴉將重新振作起來，準備工作！  我這邊仍然需要你做一件事。||||C'est délicieux. Avec ce ragoût, mes corbeaux seront ragaillardis et prêts à travailler ! J'ai encore une chose à vous demander.
ahriman_chain_3|I used to have a spellbook called ''Murder of Crows'' which allowed me to have full control of my flock. It was stolen by one of Gurag's minions a long time ago. If you can find it and bring it back to me I shall be the most powerful Crow Keeper Tarethiel has ever seen! I am quite confident that the book is hidden somewhere in the Gurag's dungeons. Find it and bring it to me, and I will forever be in your debt.||"Eu costumava ter um livro de feitiços chamado ""Murder of Crows"" que me permitia ter controle total do meu bando. Ele foi roubado por um dos lacaios de Gurag há muito tempo. Se você conseguir encontrá-lo e trazê-lo de volta para mim, serei o mais poderoso Guardião de Corvos que Tarethiel já viu! Tenho certeza de que o livro está escondido em algum lugar nas masmorras de Gurag. Encontre-o e traga-o para mim, e eu ficarei eternamente em dívida com você."|"Раньше у меня была книга заклинаний под названием ""Убийство ворон"", которая позволяла мне полностью контролировать свою стаю. Она была украдена одним из приспешников Гурага давным-давно. Если ты сможешь найти ее и вернуть мне, я стану самым могущественным Хранителем Ворона, которого Таретиэль когда-либо видел! Я совершенно уверен, что книга спрятана где-то в подземельях Гурага. Найди это и принеси мне, и я навсегда буду у тебя в долгу."|我曾經有一本叫做《烏鴉謀殺案》的法術書，它让我能够完全控制我的羊群。  很久以前被古拉格的一個僕從偷走了。  如果你能找到它並把它帶回來給我，我將成為Tarethiel有史以來最強大的烏鴉守護者！  我非常有信心這本書就藏在古拉格地牢的某個地方。  找到它並把它帶給我，我將永遠欠你這份恩情。||||"J'avais un livre de sorts appelé ""[c_yellow]Meurtre des corbeaux[c_reset]"" qui me permettait de contrôler entièrement mon élevage. Il a été volé par l'un des sbires de Gurag il y a longtemps. Si tu parviens à le retrouver et à me le ramener, je serai le plus puissant gardien de corbeaux que Tarethiel ait jamais vu ! Je suis persuadé que le livre est caché quelque part dans [c_aqua]les donjons de Gurag[c_reset]. Trouvez-le et rapportez-le moi, et je vous serai éternellement redevable."
ahriman_chain_3_complete|The [c_aqua]MURDER OF CROWS[c_reset]! Wait… this is not the right spellbook. This is something else entirely. I can't understand anything written here. A fair attempt, hero, but this is not what I wanted. You can keep it, maybe it will be useful to you… I'll see you around.||O [c_aqua]MURDER OF CROWS[c_reset]! Espere... este não é o livro de feitiços correto. É algo completamente diferente. Não consigo entender nada do que está escrito aqui. Foi uma boa tentativa, herói, mas não era isso que eu queria. Pode ficar com ele, talvez lhe seja útil... Até mais.|[c_aqua] УБИЙСТВО ВОРОН [c_reset]! Подождите ... это неправильная книга заклинаний. Это что-то совершенно другое. Я ничего не могу понять из того, что здесь написано. Честная попытка, герой, но это не то, чего я хотел. Ты можешь оставить это себе, может быть, это тебе пригодится… Увидимся.|[c_aqua]烏鴉謀殺案[c_reset]！等等…這不是我要的法術書。  這完全是另一種東西。  我看不懂這裡寫的任何東西。  這是一次公平的嘗試，英雄，但這不是我想要的。  你可以保留它，也許它對你有用……我會再見。||||Enfin, le [c_yellow]Meurtre des cor[c_reset]... Attendez... Ce n'est pas le bon livre de sorts. C'est tout à fait autre chose. Je ne comprends rien à ce qui est écrit ici. C'est une bonne tentative, héros, mais ce n'est pas ce que je voulais. Vous pouvez le garder, il vous sera peut-être utile... A bientôt.
|||||||||||
ahriman_chain_inprogress|Go on, stranger!||Vá em frente, forasteiro!|Продолжай, незнакомец!|繼續，陌生人！||||Continue, étranger !
ahriman_bless|Blessed be [heroname]!||||祝福你[heroname]!||||
|||||||||||
anita_npc_name|Anita||Anita|Анита|||||Anita
anita_npc_title|Herbalist||Herbalista|Травник|草藥師||||Herboriste
anita_chain_1|Help! My name is Anita, I'm a herbalist from Danethorpe. I was on my regular path collecting herbs, but I got attacked and mauled by a grizzly bear. I don't have long, the wounds are going to take me soon, unless you help me! Bring me some Ginseng and I can heal my wounds! Please, help me...||Ajude-me! Meu nome é Anita, sou uma herbalista de Danethorpe. Eu estava em meu caminho habitual coletando ervas, mas fui atacada e maltratada por um urso pardo. Não tenho muito tempo, as feridas vão me levar logo, a menos que você me ajude! Traga-me um pouco de Ginseng para que eu possa curar minhas feridas! Por favor, me ajude...|Помогите! Меня зовут Анита, я травница из Данеторпа. Я шла своим обычным путем, собирая травы, но на меня напал и растерзал медведь гризли. У меня мало времени, раны скоро затянутся, если ты мне не поможешь! Принеси мне немного женьшеня, и я смогу залечить свои раны! Пожалуйста, помоги мне...|幫幫我!  我是Anita，是來自鄧恩斯洛普的草藥師.. 我在平常的道路上採集草藥，但我遭到了灰熊的攻擊和毆打。  我的時間不多了。  傷口很快就會奪走我的生命，除非你幫我！ 給我一些人參，我可以治癒我的傷口！  請幫我…||||Aidez-moi ! Je m'appelle [c_lime]Anita[c_reset], je suis herboriste à [c_aqua]Danethorpe[c_reset]. J'allais cueillir des herbes quand j'ai été attaquée et gravement blessée par un grizzli. iIl ne me reste plus beaucoup de temps à vivre, les blessures vont bientôt m'emporter, à moins que vous ne m'aidiez ! Apportez-moi de la [c_yellow]racine de ginseng [c_reset] et je pourrai soigner mes blessures ! Je vous en prie, aidez-moi...
anita_chain_1_complete|You did it! Thank you so much. I'll be heading back to Danathorpe to fully recover, but I have another task for you later, if you don't mind helping a lady in distress a little bit more.||Você conseguiu! Muito obrigada. Vou voltar para Danethorpe para me recuperar totalmente, mas tenho outra tarefa para você mais tarde, se não se importar em ajudar um pouco mais uma dama em perigo.|У тебя получилось! Большое тебе спасибо. Я возвращаюсь в Данаторп, чтобы полностью восстановиться, но позже у меня есть для вас другое задание, если вы не возражаете еще немного помочь даме, попавшей в беду.|你做到了！  非常感谢。  我將返​​回鄧恩斯洛普完全康復，  但稍後我還有另一項任務交給你，  如果你不介意多幫助一位陷入困境的女士的話。||||Vous avez réussi ! Merci beaucoup. Je vais rentrer à [c_aqua]Danathorpe[c_reset] pour me rétablir, mais j'ai une autre tâche à vous confier plus tard, si vous voulez bien aider un peu plus une dame en détresse.
anita_chain_2|Greetings, hero! I am so thankful to you that words can not express it. I still have a huge problem though. I had to abandon the Herbalism pouch while running away from the bear. I think it dropped near the frozen cellar. Can you locate the bag and bring it back to me? It's filled with the most potent and rare herbs I had, I really need it back.||Saudações, herói! Sou tão grata a você que não há palavras para expressar isso. Mas ainda tenho um grande problema. Tive que abandonar a bolsa de Herbalismo enquanto fugia do urso. Acho que ela caiu perto do porão congelado. Você pode localizar a bolsa e trazê-la de volta para mim? Ela está cheia das ervas mais potentes e raras que eu tinha, preciso muito dela de volta.|Приветствую тебя, герой! Я так благодарен тебе, что словами это не выразить. Хотя у меня все еще есть огромная проблема. Мне пришлось бросить мешочек с травами, когда я убегал от медведя. Я думаю, он упал рядом с морозильным погребом. Вы можете найти пакет и вернуть его мне? Он наполнен самыми сильнодействующими и редкими травами, которые у меня были, мне действительно нужно его вернуть.|你好，英雄！  我非常感谢你，言語無法表達。  儘管如此，我仍然有一個巨大的問題。  在逃離熊的時候，我不得不放棄草藥袋。  我想它掉在結冰的地窖附近了。  你能找到袋子並把它還給我嗎？  裡面充滿了我所擁有的最強效、最稀有的草藥，我真的需要它回來。||||Salutations, héros ! Je vous suis tellement reconnaissant que les mots me manquent pour l'exprimer. Mais j'ai encore un gros problème. J'ai dû abandonner ma [c_yellow]Poche d'herboriste[c_reset] en fuyant l'ours. Je pense qu'elle est tombée près de la [c_aqua]Cave gelée[c_reset]. Pouvez-vous la retrouver et me la rapporter ? Elle est remplie des herbes les plus puissantes et les plus rares que je possède, j'en ai vraiment besoin.
anita_chain_2_complete|Very well done, hero. This is everything I lost! You know, to express my gratitude I could make you a very powerful armor. The only thing I need to finish it would require revenge on a certain bear...||Muito bem feito, herói. Isso é tudo o que eu perdi! Sabe, para expressar minha gratidão, eu poderia fazer uma armadura muito poderosa para você. A única coisa que precisa para terminá-la precisaria de vingança em um certo urso…|Отличная работа, герой. Это все, что я потерял! Знаешь, чтобы выразить свою благодарность, я мог бы сделать тебе очень мощную броню. Единственное, что мне нужно для ее завершения, - отомстить определенному медведю…|幹得好，英雄。  這就是我失去的一切！  你知道，為了表達我的感激之情，我可以為你製作一件非常強大的盔甲。  我唯一需要完成的就是向某隻熊報仇…||||Très bien joué, héros. C'est tout ce que j'ai perdu ! Vous savez, pour vous exprimer ma gratitude, je pourrais vous fabriquer une armure très puissante. La seule chose dont j'ai besoin pour la terminer, c'est de me venger d'un certain ours...
anita_chain_3|The bear that almost mauled me to death is a huge Grizzly Bear the locals know as Carnage. I want him dead! If you can track and kill Carnage I get my revenge and you will get your armor. Bring me Carnage's hide!||O urso que quase me matou é um enorme urso pardo que os moradores locais conhecem como Carnificina. Eu o quero morto! Se você conseguir rastrear e matar o Carnificina, terei minha vingança e você receberá sua armadura. Traga-me a pele do Carnificina!|Медведь, который чуть не растерзал меня до смерти, - огромный медведь Гризли, которого местные знают как Карнажа. Я хочу, чтобы он умер! Если ты сможешь выследить и убить Карнажа, я отомщу, а ты получишь свои доспехи. Принеси мне шкуру Карнажа!|差點把我咬死的熊是一隻巨大的灰熊，  當地人稱之為[c_red]屠戮者[c_reset]。[nl]我要他死！  如果你能追蹤並殺死[c_red]屠戮者[c_reset]，我達成報仇，你也會得到你的盔甲。  把[c_red]屠戮者[c_reset]的皮給我拿來！||||L'ours qui a failli me tuer est un énorme grizzly que les gens du coin appellent [c_red]Carnage[c_reset]. Je veux qu'il meure ! Si vous parvenez à traquer et à tuer [c_red]Carnage[c_reset], je me vengerai et vous obtiendrez votre armure. Apportez-moi la peau de [c_red]Carnage[c_reset] !
anita_chain_3_complete|Carnage is dead! My gathering route just got way less dangerous. Here, hero, I finished your armor. You have definitely earned it. [shake_letter]blows kiss||O Carnificina está morto! Minha rota de coleta acabou de ficar muito menos perigosa. Aqui, herói, terminei sua armadura. Você definitivamente a mereceu. [shake_letter]sopra um beijo|Карнаж мертв! Мой маршрут сбора только что стал намного менее опасным. Вот, герой, я закончил твою броню. Ты определенно это заслужил. [shake_letter] воздушный поцелуй|[c_red]屠戮者[c_reset]死了！  我的採集路線變得不那麼危險了。  在這裡，英雄，我完成了你的盔甲。  你絕對賺到了。  [shake_letter]飛吻||||[c_red]Carnage[c_reset] est mort ! Ma route de collecte vient de devenir beaucoup moins dangereuse. Voilà, héros, j'ai fini votre armure. Vous l'avez bien méritée. [shake_letter]souffle un baiser
|||||||||||
anita_chain_inprogress|...||...|...|||||Où ai-je pu poser ce machin ? *Anita vous ignore*
|||||||||||
jasper_npc_name|Jasper Jackson||Jasper Jackson|Джаспер Джексон|||||Jasper Jackson
jasper_npc_title|Archeologist||Arqueólogo|Археолог|考古學家||||Archéologue
jasper_chain_1|Hey you! Yeah, I'm talking to you, whatever the hell you are supposed to be. I have a job for you. Go get my trusty whip. I would do it myself, but I don't have my trusty whip. Some orc must have taken it.||Ei, você! Sim, estou falando com você, seja lá o que você for. Tenho um trabalho para você. Vá buscar meu chicote de confiança. Eu mesmo faria isso, mas não tenho meu chicote de confiança. Algum orc deve tê-lo levado.|Эй, ты! Да, я обращаюсь к тебе, кем бы ты, черт возьми, ни был. У меня есть для тебя работа. Сходи за моим верным хлыстом. Я бы сделал это сам, но у меня нет моего верного хлыста. Должно быть, его забрал какой-нибудь орк.|嘿，你！  對，我正在和你說話，不管你到底是什麼東西。  我有份工作交給你。  去找回我的可靠鞭子。  我本來會自己去的，但我沒有我的可靠鞭子。  一定是有些獸人拿走了它。||||Hé, toi ! Oui, c'est à toi que je parle, peut importe ce que tu censé être. J'ai un travail pour toi. Va chercher mon [c_yellow]fidèle fouet[c_reset]. Je le ferais bien moi-même, mais j'aurais besoin de mon fidèle fouet pour ça. Un orc a dû le prendre.
jasper_chain_1_complete|Took you long enough. Here's some gold. Get out of my sight, you are ruining the scenery.||Demorou bastante. Aqui está um pouco de ouro. Saia da minha vista, você está estragando a paisagem.|Это заняло у тебя достаточно времени. Вот немного золота. Убирайся с моих глаз, ты портишь пейзаж.|花了你這麼長時間。  這裡有一些金子。  快從我眼前消失， 你搞得風景一團糟。||||Tu en as mis du temps. Voilà de l'or. Hors de ma vue, tu gâches le paysage.
jasper_chain_2|"I heard about a map. This map would show where the Staff of Anubis is located. GET ME THAT MAP! My intel tells me it's somewhere called ""Cauflax Tomb"" whatever the hell that place is. Go away now."||"Ouvi falar de um mapa. Esse mapa mostraria onde está localizado o Cajado de Anúbis. ME TRAGA ESTE MAPA! Minhas informações me dizem que está em algum lugar chamado ""Tumba de Cauflax"", seja lá o que for esse lugar. Vá embora agora."|"Я слышал о карте. На этой карте было бы показано, где находится Посох Анубиса. ДОСТАНЬ МНЕ ЭТУ КАРТУ! Моя информация говорит мне, что это где-то под названием ""Гробница Кауфлакса"", что бы это ни было, черт возьми, за место. Уходи сейчас же."|我聽說有一張地圖。  這張地圖會顯示出阿努比斯之杖的所在地。  給我那張地圖！ 我的情報告訴我它在一個叫做「卡夫拉克斯墓」的地方， 不管那地方是什麼鬼東西。  現在滾開。||||"J'ai entendu parler d'une [c_yellow]carte[c_reset]. Elle indiquerait où se trouve le bâton d'Anubis. APPORTEZ-MOI CETTE CARTE ! Mes renseignements me disent que c'est quelque part appelé ""[c_aqua]Tombe de Cauflax[c_reset]"", Je ne sais pas où ça ce trouve, tu n'a qu'a chercher par toi même. Va-t'en maintenant."
jasper_chain_2_complete|What took you so long? Whatever, don't answer. Here is some gold. Let me inspect the map.||Por que você demorou tanto? Não importa, não responda. Aqui está um pouco de ouro. Deixe-me inspecionar o mapa.|Почему ты так долго? Неважно, не отвечай. Вот немного золота. Дай мне посмотреть на карту.|你為什麼用這麼長時間？  算了，別回答。  這裡有一些金子。  讓我看看這張地圖。||||Qu'est-ce qui t'a pris tant de temps ? Peu importe, ne réponds pas. Voici de l'or. Laisse-moi inspecter la carte.
jasper_chain_3|The map shows that the staff is hidden in a remote tomb inside the Treasure Room in Mysterious Pyramid. I would go get it myself, but you are already familiar with the map. Just go. Bring me the staff and I'll pay you more than you can spend. GO!||O mapa mostra que o cajado está escondido em uma tumba remota dentro da Sala do Tesouro na Pirâmide Misteriosa. Eu mesmo iria buscá-lo, mas você já está familiarizado com o mapa. Apenas vá. Traga-me o cajado e eu lhe pagarei mais do que você pode gastar. VÁ!|Карта показывает, что посох спрятан в отдаленной гробнице внутри сокровищницы в Таинственной пирамиде. Я бы пошел за ним сам, но вы уже знакомы с картой. Просто идите. Приведи мне посох, и я заплачу тебе больше, чем ты сможешь потратить. ИДИ!|地圖顯示，[nl]這支杖藏在神秘金字塔的寶藏室內的一個遠古墓中。  我本來會自己去拿的，但你已經熟悉這張地圖了。  快去。 把杖帶回來，我會支付你比你花得出去的還多的報酬。  走吧！||||La carte indique que le [c_yellow]bâton d'Anubis[c_reset] est caché dans un tombeau éloigné, dans la salle du trésor de la [c_aqua]Pyramide mystérieuse[c_reset]. J'irais bien le chercher moi-même, mais je pense qu'il est préférable que tu prenne les risques. Vas-y, c'est tout. Apporte-moi le bâton et je te paierai plus que tu ne peux dépenser. ALLEZ !
jasper_chain_3_complete|I don't give meaningless compliments, but in this case I'll make an exception. Good job. Now take your reward and move it.||Não faço elogios sem sentido, mas, nesse caso, abrirei uma exceção. Bom trabalho. Agora pegue sua recompensa e saia daqui.|Я не делаю бессмысленных комплиментов, но в данном случае сделаю исключение. Хорошая работа. Теперь забирайте свою награду и двигайте ее.|我不是隨便恭維人的，但在這種情況下，我願意有個例外。  做得好。  現在拿你的獎勵走吧。||||Je ne fais jamais de compliments sans intérêt, mais dans ce cas, je vais faire une exception. Bon travail. Maintenant, prend ta récompense et bouge de la.
|||||||||||
jasper_chain_inprogress|Get to work!||Ao trabalho!|Приступайте к работе!|開始工作吧！||||Au travail !
|||||||||||
ragnar_npc_name|Ragnar||Ragnar|Рагнар|||||Ragnar
ragnar_npc_title|Alcoholic||Bebum|Алкоголик|酒鬼||||Alcoolique
ragnar_chain_1|[shake_letter]BURP[shake_reset] huh?? Oh hey... [shake_letter]BURP[shake_reset] Help me out, friend. I've got a terrible hangover from all the Belly Beer me and my friend [c_lime]Hurrdurr[c_reset] were drinking last night. [shake_letter]BURP[shake_reset]... If you can get me some Devils Cabbage from the Old Copper Mine it would really pick me up if you catch my drift. [shake_letter]BURP[shake_reset].||[shake_letter]BURP[shake_reset] huh?? Oh, ei... [shake_letter]BURP[shake_reset] Me ajude, amigo. Estou com uma ressaca terrível de toda a cerveja Belly Beer que eu e meu amigo [c_lime]Hurrdurr[c_reset] bebemos ontem à noite. [shake_letter]BURP[shake_reset]... Se você puder me conseguir um pouco de Repolho-do-Diabo da Mina Antiga de Cobre, isso realmente me animaria, se é que você me entende. BURP[shake_letter]BURP[shake_reset].|[shake_letter] ОТРЫЖКА [shake_reset] да?? О, привет… [shake_letter] ОТРЫЖКА [shake_reset] Помоги мне, друг. У меня ужасное похмелье от того количества пива, которое мы с моим другом [c_lime] Hurrdurr [c_reset] выпили прошлой ночью. [shake_letter] ОТРЫЖКА [shake_reset]... Если вы сможете достать мне немного дьявольской капусты со Старого медного рудника, это действительно поднимет мне настроение, если вы поймете, к чему я клоню. [shake_letter]ОТРЫЖКА[shake_reset].|[shake_letter]嗝[shake_reset]嗯？？哦，嘿……[shake_letter]嗝[shake_reset]朋友，帮帮我。  我和我的朋友[c_lime]Hurrdurr[c_reset]昨晚喝了很多啤酒，宿醉得很厲害。  [shake_letter]嗝[shake_reset]。。。如果你能從舊銅礦給我一些魔鬼捲心菜，我會感到好很多，如果你明白我的意思的話。  [shake_letter]嗝[shake_reset]。||||[shake_letter]BLURP[shake_reset] huh ?? Oh hey... [shake_letter]BLURP[shake_reset] Aide-moi, mon ami. J'ai une terrible gueule de bois à cause de la bière Belly que mon ami [c_lime]Hurrdurr[c_reset] et moi avons bu hier soir. [shake_letter]BLURP[shake_reset]... Si vous pouviez me aller chercher [c_yellow]Marie-jeanne[c_reset] dans la [c_aqua]vielle mine de cuivre[c_reset], cela me remonterait le moral, si vous voyez ce que je veux dire. [shake_letter]BURP[shake_reset].
ragnar_chain_1_complete|Ahhh this [shake_letter]BURP[shake_reset] is the good stuff. Already feeling better. Have some Beer Belly, friend. Don't drink too much of it!||Ahhh, esse [shake_letter]BURP[shake_reset] é do bom. Já estou me sentindo melhor. Tome um pouco de Beer Belly, amigo. Não beba demais!|Аааа, эта ОТРЫЖКА [shake_letter] [shake_reset] - отличная штука. Уже чувствую себя лучше. Выпей немного пива, друг. Не пей слишком много!|啊，這[shake_letter]嗝[shake_reset]是個好東西。  已經感覺好多了。來喝些啤酒吧，朋友。  不要喝太多！||||Ahhh, ce [shake_letter]BLURP[shake_reset] est une bonne chose. Je me sens déjà mieux. Prends un peu de bière Belly, mon ami. N'en bois pas trop !
ragnar_chain_2|Like I said, I was out with Hurrdurr last night... and I haven't heard from him since! My memories from last night are a bit foggy, you know. I hope nothing bad has happened to him. Last thing I remember from last night was partying it out with Hurrdurr at the Abandoned Mine. Maybe you could find some clues to his whereabouts over there?||Como eu disse, saí com Hurrdurr ontem à noite... e não tive mais notícias dele desde então! Minhas lembranças da noite passada estão um pouco nebulosas, sabe. Espero que nada de ruim tenha acontecido com ele. A última coisa de que me lembro da noite passada foi de uma festa com Hurrdurr na Mina Abandonada. Talvez você possa encontrar algumas pistas sobre o paradeiro dele por lá?|Как я уже сказал, прошлой ночью я гулял с Хуррдурром… и с тех пор я ничего о нем не слышал! Знаешь, мои воспоминания о прошлой ночи немного туманны. Надеюсь, с ним ничего плохого не случилось. Последнее, что я помню из вчерашнего вечера, была вечеринка с Хуррдурром на заброшенной шахте. Может быть, вы могли бы найти там какие-нибудь зацепки к его местонахождению?|就像我說的，  昨晚我和 Hurrdurr 出去了……從那時起我就沒有收到他的消息了！  你知道的，我昨晚的記憶有點模糊。  我希望他沒有發生什麼不好的事。  昨晚我記得的最後一件事是和 Hurrdurr 在廢棄礦井裡聚會。  或許你能在那裡找到一些關於他行蹤的線索？||||Comme je l'ai dit, je suis sorti avec [c_lime]Hurrdurr[c_reset] hier soir... et je n'ai pas eu de nouvelles depuis ! Mes souvenirs d'hier soir sont un peu brumeux, tu sais. J'espère qu'il ne lui est rien arrivé de grave. La dernière chose dont je me souviens, c'est d'avoir fait la fête avec [c_lime]Hurrdurr[c_reset] à la [c_aqua]Mine abandonnée[c_reset]. Peut-être pourriez-vous trouver des indices sur l'endroit où il se trouve là-bas ?
ragnar_chain_2_complete|Hurrdurr's cart... but where is [c_lime]Hurrdurr[c_reset]?||O carrinho do Hurrdurr... mas onde está o [c_lime]Hurrdurr[c_reset]?|Тележка Hurrdurr... но где [c_lime]Hurrdurr[c_reset]?|Hurrdurr的車。。。但是[clime]Hurdurr[c_reset]在哪裡？||||C'est son chariot... mais où est [c_lime]Hurrdurr[c_reset] ?
ragnar_chain_3|Oh no! Hurrdurr loves that Mining Cart. He basically lives in it. WAIT! I remember something else... Yes! We got into a pretty funky situation last night at the Damien's Realm. Please check it out. I'm so worried about him. Hurrdurr is not all there, you know. Something really bad might have happened.||Oh não! Hurrdurr adora esse carrinho de mineração. Ele basicamente vive nele. ESPERE! Eu me lembro de outra coisa... Sim! Tivemos uma situação bem engraçada ontem à noite no Reino de Damien. Por favor, dê uma olhada. Estou muito preocupada com ele. Hurrdurr não está bem lá, você sabe. Algo muito ruim pode ter acontecido.|"О нет! Хуррдурру нравится эта Шахтерская тележка. Он практически живет в ней. ПОДОЖДИТЕ! Я помню кое-что еще… Да! Прошлой ночью мы попали в довольно странную ситуацию в ""Царстве Дэмиена"". Пожалуйста, зацените это. Я так волнуюсь за него. Знаете, ""Хуррдурр"" - это еще не все. Возможно, случилось что-то действительно плохое."|哦，不！Hurrdurr 喜歡那輛礦車。  他基本上就住在裡面。  等等！我還記得一些別的事情……對！  昨晚我們在達米恩的領域發生了一場相當古怪的情況。  請查看一下。  我對他非常擔心。  Hurrdurr現在不太對勁，你知道的。  可能發生了很糟糕的事情。||||Oh non ! [c_lime]Hurrdurr[c_reset] adore ce chariot minier. Il vit pratiquement dedans. ATTENDEZ ! Je me souviens d'autre chose... Oui ! Nous nous sommes retrouvés dans une situation assez bizarre hier soir au [c_aqua]royaume de Damien[c_reset]. Je vous en prie, allez voir ce qu'il en est. Je m'inquiète beaucoup pour lui. [c_lime]Hurrdurr[c_reset] n'est pas là, comme tu peux le constater. Il s'est peut-être passé quelque chose de très grave.
ragnar_chain_3_complete|Hurr…durr. Did Ragnar send you to rescue me? I think it's too late my friend. It is allright, Hurrdurr dies to his wounds from a glorious battle and will be taking his place in Valhalla! I just hope I get to take my Mining Cart to the afterlife…||Hurr... durr. Ragnar o enviou para me resgatar? Acho que é tarde demais, meu amigo. Está tudo bem, Hurrdurr morre com os ferimentos de uma batalha gloriosa e ocupará seu lugar em Valhalla! Só espero poder levar meu carrinho de mineração para a vida após a morte...|Хурр... дурр. Рагнар послал тебя спасти меня? Я думаю, уже слишком поздно, мой друг. Все в порядке, Хуррдурр умирает от ран в славной битве и займет свое место в Валгалле! Я просто надеюсь, что смогу забрать свою шахтерскую тележку в загробную жизнь...|呼…呼。  Ragnar派你來救我的嗎？  我想對不起，我的朋友。  現在已經太遲了。  Hurrdurr死於一場光榮的戰鬥，沒關係他將在瓦爾哈拉中佔據一席之地！  我只希望我能把我的礦車帶到來世…||||Hurr...durr. C'est [c_lime]Ragnar[c_reset] qui t'a envoyé pour me sauver ? Je crois qu'il est trop tard, mon ami. Tout va bien, si [c_lime]Hurrdurr[c_reset] meurt de ses blessures lors d'une glorieuse bataille et va prendre sa place au Valhalla ! J'espère juste pouvoir emmener mon chariot minier dans l'au-delà...
ragnar_chain_3_complete_wee|To Valhalla! [shake_letter][c_lime]Weeeeeeeeeeeeeeeee!||Para Valhalla! [shake_letter][c_lime]Weeeeeeeeeeeeeeeeeeeeeee!|В Валгаллу! [shake_letter][c_lime]Веееееееееееееееееее!|獻給瓦爾哈拉！[shake_letter][c_lime]Weeeeeeeeeeee！||||Au Valhalla ! [shake_letter]Weeeeeeeeeeeeeeeeeeeeeee !
ragnar_chain_inprogress|[shake_letter]BURP||[shake_letter]BURP|[shake_letter]ОТРЫЖКА|[shake_letter]嗝||||[shake_letter]BLURP
|||||||||||
aki_npc_name|Aki||Aki|Аки|||||Aki
aki_npc_title|Fisherman||Pescador|Рыбак|漁夫||||Pêcheur
aki_chain_1|Misty morning, traveler. My name is Aki and I could use your help. I caught a HUGE tuna fish with my trysty rod, but the damn monster got away along with my fishing rod! I need you to collect some materials, so I can make a new, sturdier one! Bamboo should work, will you help me out? You are welcome to use my workbench over there||Manhã enevoada, viajante. Meu nome é Aki e preciso de sua ajuda. Peguei um atum ENORME com minha vara de pesca, mas o maldito monstro fugiu junto com minha vara de pesca! Preciso que você colete alguns materiais para que eu possa fazer uma nova e mais resistente! Bambu deve funcionar, pode me ajudar? Você pode usar minha bancada de trabalho ali|Туманного утра, путешественник. Меня зовут Аки, и мне бы не помешала твоя помощь. Я поймал ОГРОМНОГО тунца своей удочкой для свиданий, но чертов монстр сбежал вместе с моей удочкой! Мне нужно, чтобы ты собрал кое-какие материалы, чтобы я мог сделать новый, более прочный! Бамбук должен получиться, ты мне поможешь? Можешь воспользоваться моим верстаком вон там|晨霧繚繞，旅行家。  我叫Aki，我需要你的帮助。  我用我可靠的釣竿抓到了一條巨大的鮪魚，但該死的怪獸連同我的釣竿一起逃走了！  我需要你幫我收集一些材料，  這樣我就可以製作一根新的更堅固的釣竿！  竹子應該適用，你能幫助我嗎？  歡迎你在那邊使用我的工作臺。||||Bonjour brumeux, voyageur. Je m'appelle [c_lime]Aki[c_reset] et j'ai besoin de votre aide. J'ai attrapé un énorme thon avec ma canne à pêche, mais le monstre s'est enfui avec la-dite canne ! J'ai besoin que tu rassembles des matériaux pour que je puisse en fabriquer une nouvelle, plus solide ! Du bambou devrait faire l'affaire, peux-tu m'aider ? Tu peux utiliser mon établi, là-bas.
aki_chain_1_complete|This is a sturdy rod! Very nice. Now I just need a fishing line and a hook!||Esta é uma vara resistente! Muito boa. Agora só preciso de uma linha de pesca e um anzol!|Это крепкое удилище! Очень красивое. Теперь мне просто нужны леска и крючок!|這是一根堅固的釣竿！ 非常出色。  現在我只需要一條堅固的魚線和一個鉤子！||||C'est une canne à pêche solide ! C'est très bien. Il ne me manque plus qu'un fil de pêche et un hameçon !
aki_chain_2|This fishing rod needs a sturdy line and a hook to match! Underground garden should have some spider webs that I can use to create the line. The hook however is a bit trickier. Look at the bottom of the seabed to see if you can locate anything useful.||Essa vara de pescar precisa de uma linha resistente e um anzol para combinar! O Jardim subterrâneo deve ter algumas teias de aranha que posso usar para criar a linha. O anzol, entretanto, é um pouco mais complicado. Dê uma olhada no fundo do mar para ver se consegue encontrar algo útil.|Для этой удочки нужна прочная леска и соответствующий крючок! В подземном саду должно быть несколько паутинок, которые я могу использовать для создания лески. Крючок, однако, немного сложнее. Посмотрите на дно морского дна, чтобы увидеть, сможете ли вы найти что-нибудь полезное.|這釣竿需要一條堅固的魚線和一個匹配的鉤子！  地下花園應該有一些蜘蛛網，我可以用來製作魚線。  然而，鉤子就有些麻煩了。  看看海床的底部，看看你是否能找到有用的東西。||||Cette canne à pêche a besoin d'une ligne solide et d'un hameçon assorti ! Le jardin souterrain devrait contenir des toiles d'araignées que je pourrai utiliser pour fabriquer le fil. L'hameçon, en revanche, est un peu plus délicat. Regarde le fond de la mer pour voir si tu peux trouver quelque chose d'utile.
aki_chain_2_complete|Nicely done! With this new fishing rod I'll be heading to the Fuji Coast to have a round two with the damn tuna! Meet me there, will you?||Muito bem feito! Com essa nova vara de pescar, estarei indo para a costa de Fuji para fazer uma segunda rodada com o maldito atum! Encontre-me lá, está bem?|Отличная работа! С этой новой удочкой я отправлюсь на побережье Фудзи, чтобы провести второй раунд с чертовым тунцом! Встретимся там, хорошо?|做得非常好！  有了這根新的釣竿，  我將前往富士海岸，  再次與那該死的鮪魚交手！  你能在那裡等我嗎？||||Bien joué ! Avec cette nouvelle canne à pêche, je vais me rendre sur la [c_aqua]Côte de Fuji[c_reset] pour m'attaquer à ce qui semble être le [c_red]Roi Thon[c_reset] ! Rendez-vous là-bas, voulez-vous ?
aki_chain_3|I Sighted the damn tuna over there by the waves! I'm going to throw the bait. Can you help me out if the damn thing puts up a fight?||Avistei o maldito atum ali perto das ondas! Vou jogar a isca. Você pode me ajudar se o maldito atum brigar?|Я заметил чертова тунца вон там, у волн! Я собираюсь закинуть наживку. Ты можешь мне помочь, если эта чертова штука начнет сопротивляться?|我在海浪旁邊看到了那該死的鮪魚！  我要投餌了。  如果那該死的傢伙拚命掙扎，  你能幫我嗎？||||J'ai repéré ce fichu thon près des vagues ! Je vais lancer l'appât. Pouvez-vous m'aider si ce satané poisson se débat ?
aki_chain_3_complete|Thank you for rescuing me! Now all that's left for me to do is to file this tuna. Just like in Okinawa back in '95... The memories...||Obrigado por me salvar! Agora tudo o que me resta fazer é arquivar esse atum. Assim como em Okinawa, em 95... As lembranças...|Спасибо, что спас меня! Теперь все, что мне осталось сделать, это запечь этого тунца. Совсем как на Окинаве в 95-м… Воспоминания…|謝謝你救了我！  現在我唯一需要做的就是處理這條鮪魚。  就像在95年的沖繩那樣...回憶...||||Merci de m'avoir sauvé ! Il ne me reste plus qu'à découper ce poisson en filets. Comme à Okinawa en 95... Haa que de souvenirs...
|||||||||||
aki_chain_inprogress|[shake_letter]F I S H||[shake_letter]P E I X E|[shake_letter]Ф И С Ч|[shake_letter]魚||||[shake_letter]T H O N
aki_cutscene_bubble_1|[shake_letter]OH![shake_reset] I got a live one!||||[shake_letter]喔！[shake_reset]我抓到一尾活的！ ||||
aki_cutscene_bubble_2|[c_yellow]IT'S TOO STRONG![shake_letter] HELP!||||[c_yellow]他太強大了![shake_letter] 幫我!||||
|||||||||||
lily_npc_name|Lily||Lily|Лили|||||Lilith
lily_npc_title|Semen Demon||Demônio do Sêmen|Демон Спермы|魅魔||||Démon séminal
lily_chain_1|You are far away from home, lost soul! I am Lily. I want to break free of these depths, but I need your help in doing so. To break my curse, I will need a powerful artifact. The Eternal Chalice is the first part I need. If you help me, I will in return help you to slay the one you are here for.||Você está longe de casa, alma perdida! Eu sou Lily. Quero me libertar dessas profundezas, mas preciso de sua ajuda para isso. Para quebrar minha maldição, precisarei de um artefato poderoso. O Cálice Eterno é a primeira parte de que preciso. Se você me ajudar, eu, em troca, o ajudarei a matar aquele que está a procura.|Ты далеко от дома, потерянная душа! Я Лили. Я хочу вырваться из этих глубин, но мне нужна твоя помощь в этом. Чтобы снять мое проклятие, мне понадобится могущественный артефакт. Вечная Чаша - это первая часть, которая мне нужна. Если ты поможешь мне, я взамен помогу тебе убить того, ради кого ты здесь.|遠離家園的流浪靈魂！  我是莉莉。  我想要擺脫這深淵，但我需要你的帮助。  但我需要你的幫助。  為瞭解除我的詛咒，我需要一個強大的神器。  永恆聖杯是我需要的第一部分。  如果你幫助我，作為回報，我會幫助你達成你來這裡的目的。||||Tu es loin de chez toi, âme perdue ! Je suis [c_lime]Lilith[c_reset]. Je veux me libérer de ces profondeurs, mais j'ai besoin de votre aide. Pour briser ma malédiction, j'ai besoin d'un puissant artefact. Le [c_yellow]Calice éternel[c_reset] est le premier élément dont j'ai besoin. Si vous m'aidez, je vous aiderai en retour à tuer celui que vous cherchez.
lily_chain_1_complete|You found it? Praise be. One third of the artifact is complete! This next one may prove much more difficult, but I'm confident you will prevail, should you keep on helping me.||Você o encontrou? Louvado seja. Um terço do artefato está completo! O próximo pode ser muito mais difícil, mas estou confiante de que você vencerá, se continuar me ajudando.|Ты нашел его? Хвала небесам. Одна треть артефакта завершена! Следующий может оказаться намного сложнее, но я уверен, что ты справишься, если продолжишь помогать мне.|你找到了嗎？  太感激了。  神器的三分之一已經完成！  下一部分可能會更加困難，  但只要你繼續幫助我，  我相信你肯定能勝利.||||Vous l'avez trouvé ? Je vous en félicite. Un tiers de l'artefact est terminé ! La suite risque d'être beaucoup plus difficile, mais je suis sûr que vous en viendrez à bout si vous continuez à m'aider.
lily_chain_2|I need you to head on to the PRISON and collect me some of the lost souls trapped in there. After that, I need you to go to Unmarked Graves and search them. There should be one that holds a seal of great power. After using the seal to bless the Eternal Chalice with the souls, bring it to me. And about the prisoners... don't worry about them, they are where they are for a reason.||Preciso que você vá até a PRISÃO e pegue algumas das almas perdidas que estão presas lá. Depois disso, preciso que você vá até as sepulturas não marcadas e as examine. Deve haver uma que contenha um selo de grande poder. Depois de usar o selo para abençoar o Cálice Eterno com as almas, traga-o para mim. E quanto aos prisioneiros... não se preocupe com eles, pois estão onde estão por um motivo.|Мне нужно, чтобы ты отправился в ТЮРЬМУ и забрал мне несколько запертых там потерянных душ. После этого мне нужно, чтобы ты отправился к Безымянным могилам и обыскал их. Должен быть тот, у кого есть печать великой силы. После того, как вы воспользуетесь печатью, чтобы благословить Вечную Чашу душами, принесите ее мне. А что касается заключенных ... Не беспокойтесь о них, они находятся там, где находятся, не просто так.|我需要你前往監獄， 收集那裡被困住的失落靈魂。  之後，我需要你去無名墳墓，搜尋其中。  應該有一個擁有極大力量印記的墓碑。  使用這個印記來祝聖永恆聖杯，然後把它帶給我。  至於囚犯...不必擔心，  他們處在那個地方是有原因的.||||J'ai besoin que tu te rendes à la [c_aqua]Prison du donjon[c_reset] et que tu me ramènes quelques-unes des [c_yellow]âmes perdues[c_reset] qui y sont enfermées. Ensuite, j'ai besoin que vous alliez fouiller une des [c_aqua]Tombe anonyme[c_reset]. Il devrait y en avoir une qui contient un [c_yellow]sceau d'une grande puissance[c_reset]. Après avoir utilisé le sceau pour bénir le Calice éternel avec les âmes, vous me l'apporterez. Quant aux prisonniers, ne vous inquiétez pas, ils sont là où ils sont pour une raison.
lily_chain_2_complete|Thank you. Now help me with the ritual!||Obrigado. Agora me ajude com o ritual!|Спасибо. А теперь помоги мне с ритуалом!|謝謝。  現在幫我進行儀式吧！||||Je vous remercie. Maintenant, aidez-moi pour le rituel !
lily_chain_3|I need your help to channel the power of this artifact and break the curse! Accept my final quest and I shall reward you beyond your wildest beliefs!||Preciso de sua ajuda para canalizar o poder desse artefato e quebrar a maldição! Aceite minha missão final e eu o recompensarei além do que você imagina!|Мне нужна ваша помощь, чтобы направить силу этого артефакта и снять проклятие! Примите мое последнее задание, и я вознагражу вас сверх ваших самых смелых представлений!|我需要你的幫助，  引導這神器的力量，解除詛咒！  接受我的最後任務，我將超乎你最瘋狂的期望來回報你！||||J'ai besoin de vous pour canaliser le pouvoir de cet artefact et briser la malédiction ! Accepte ma dernière quête et je te récompenserai au-delà de tes espérances les plus folles !
lily_chain_3_complete|So, Lilith fooled you. But it was Lilith, who was foolish enough to think that a simple demonic ritual could make her strong enough to match your might. Praise be! Have a blessed day!||Então, Lilith o enganou. Mas foi Lilith, que foi tola o suficiente para pensar que um simples ritual demoníaco poderia torná-la forte o bastante para se igualar ao seu poder. Louvado seja! Tenha um dia abençoado!|Итак, Лилит одурачила вас. Но это была Лилит, которая была достаточно глупа, чтобы думать, что простой демонический ритуал может сделать ее достаточно сильной, чтобы сравниться с вашей мощью. Хвала господу! Удачного дня!|所以，莉莉愚弄了你。  但是正是莉莉愚蠢到認為一個簡單的惡魔儀式能夠讓她足夠強大，能夠與你的力量匹敵。  讚美吧！願你有一個受祝福的一天！||||Donc, Lilith vous a trompé. Mais elle à été assez imprudente pour penser que ce rituel démoniaque pouvait la rendre assez forte pour égaler votre puissance. Loué soit-il ! Bonne journée !
lily_chain_transform_dialog|[c_red]The deed is done... You fool!||[c_red]O ato está feito... Seu tolo!|[c_red] Дело сделано… Ты дурак!|[c_red]事情已經完成...愚蠢的傢伙！||||[c_red]Le contrat est rempli... Espèce d'imbécile !
lily_chain_inprogress|Poor lost soul...||Pobre alma perdida...|Бедная заблудшая душа...|可憐的迷失靈魂...||||Pauvre petite âme perdue...
|||||||||||
moira_npc_name|Moira||Moira|Мойра|||||Moira
moira_npc_title|Astrologist||Astrólogo|Астролог|占星師||||Astrologue
moira_chain_1|Hello, starchild! I am Moira, an astrologist! I see from your aura that you are a clear Taurus! Oh, you are not? I knew that. Of course you are not a Taurus. Anyway, I can see from your aura that you are a very capable warrior. Can you help me with a slight problem? My telescope is in Deep Space so I can look into the stars and see what secrets they have to tell! But the area is overrun by horrible monsters. If you slay the monsters lurking the area I'll pay you!||Olá, criança! Eu sou Moira, um astróloga! Vejo pela sua aura que você é claramente um taurino! Ah, você não é? Eu sabia disso. É claro que você não é de Touro. De qualquer forma, vejo pela sua aura que você é um guerreiro muito capaz. Pode me ajudar com um pequeno problema? Meu telescópio está no Profundo Espaço para que eu possa olhar para as estrelas e ver os segredos que elas têm para contar! Mas a área é invadida por monstros horríveis. Se você matar os monstros que espreitam a área, eu lhe pagarei!|Привет, звездное дитя! Я Мойра, астролог! По твоей ауре я вижу, что ты чистый Телец! О, ты не такой? Я так и знала. Конечно, ты не Телец. В любом случае, по твоей ауре я вижу, что ты очень способный воин. Ты можешь помочь мне с небольшой проблемой? Мой телескоп находится в Глубоком Космосе, поэтому я могу смотреть на звезды и видеть, какие секреты они могут поведать! Но этот район наводнен ужасными монстрами. Если ты убьешь монстров, скрывающихся в этом районе, я тебе заплачу!|你好，星之子！  我是莫伊拉，一位占星師！  從你的光環中，我看到你是一位典型的金牛座！  哦，你不是？我早就知道。  當然，你不是金牛座。  不管怎麼樣，從你的光環中我可以看出你是一位非常有能力的戰士。  你能幫我解決一個小問題嗎？  我的望遠鏡在深空中，所以我可以觀察星星，看看它們有什麼秘密！  但那個區域被可怕的怪物侵襲。  如果你消滅了那些潛伏在那區域的怪物，我會支付你的酬勞！||||Bonjour, enfant des étoiles ! Je suis [c_lime]Moira[c_reset], astrologue ! Je vois d'après votre aura que vous êtes clairement Taureau ! Oh, vous ne l'êtes pas ? Je m'en doutais. Bien sûr que vous n'êtes pas Taureau. Quoi qu'il en soit, je vois dans votre aura que vous êtes un guerrier très compétent. Pouvez-vous m'aider à résoudre un petit problème ? Mon télescope se trouve dans l'[c_aqua]Espace lointain[c_reset], ce qui me permet d'observer les étoiles et de découvrir les secrets qu'elles recèlent ! Mais la région est envahie par d'horribles monstres. Si vous tuez les monstres qui rôdent dans la région, je vous récompenserai !
moira_chain_1_complete|Thank you, starchild! That was very brave, are you sure you are not a Taurus? I'll be heading back to my telescope then!||Obrigada, criança! Isso foi muito corajoso, tem certeza de que não é de Touro? Então vou voltar para o meu telescópio!|Спасибо, звездное дитя! Это было очень смело, ты уверена, что ты не Телец? Тогда я вернусь к своему телескопу!|謝謝你，星之子！  那真是太勇敢了，你確定你不是金牛座嗎？  我將返回我的望遠鏡那裡！||||Merci, enfant des étoiles ! C'est très courageux, êtes-vous sûr de ne pas être un Taureau ? Je vais donc retourner à mon télescope !
moira_chain_2|To thank you, I've prepared some Stardust Infused Tea for you! Have a sip and the whole Cosmos opens before your eyes! Don't be afraid, it's only slightly radioactive.||Para agradecê-lo, preparei um chá com infusão de pó de estrela para você! Tome um gole e o Cosmos inteiro se abrirá diante de seus olhos! Não tenha medo, ele é apenas ligeiramente radioativo.|Чтобы поблагодарить вас, я приготовил для вас чай на основе звездной пыли! Сделайте глоток, и весь Космос откроется перед вашими глазами! Не бойтесь, он лишь слегка радиоактивен.|為了感謝你，我為你準備了一些星塵激發的茶！  嚐一口，整個宇宙將在你眼前展開！  別害怕，這只是微微放射性的。||||Pour vous remercier, je vous ai préparé du thé infusé à la poussière d'étoiles ! Buvez-en une gorgée et tout le cosmos s'ouvrira devant vos yeux ! N'ayez pas peur, il n'est que légèrement radioactif.
moira_chain_2_complete|Oh no! I must have put too much Stardust into the tea! I'm so sorry, the stars told me to! You don't have long. There is an antidote for Stardust poisoning! Look for a Nebula Vial in the Distorted Horizons and consume it quickly!||Oh, não! Devo ter colocado muito Pó de estrela no chá! Sinto muito, as estrelas me disseram para fazer isso! Você não tem muito tempo. Existe um antídoto para o envenenamento por Stardust! Procure um Frasco de Nébula nos Horizontes Distorcidos e consuma-o rapidamente!|"О нет! Должно быть, я добавила слишком много Звездной пыли в чай! Мне так жаль, звезды велели мне! У вас мало времени. Есть противоядие от отравления Звездной пылью! Найдите Пузырек с туманностью в ""Искаженных горизонтах"" и быстро выпейте его!"|哦不！  我一定是在茶裡放太多星塵了！  我真的很抱歉，星星告訴我要這麼做！  你沒多少時間了。  對於星塵中毒有解毒劑！  在扭曲地平線上找一個星雲瓶，迅速使用它！||||Oh non ! J'ai dû mettre trop de poussière d'étoiles dans le thé ! Je suis désolé, les étoiles m'ont dit de le faire ! Vous n'en avez plus pour longtemps. Il existe un antidote contre l'empoisonnement à la poussière d'étoiles ! Cherche une fiole de nébuleuse dans l'[c_aqua]Horizon distordu[c_reset] et consomme-la rapidement !
moira_chain_3|Oh no! I must have put too much Stardust into the tea! I'm so sorry, the stars told me to! You don't have long. There is an antidote for Stardust poisoning! Look for a Nebula Vial in the Distorted Horizons and consume it quickly!||Oh, não! Devo ter colocado muito Pó de estrela no chá! Sinto muito, as estrelas me disseram para fazer isso! Você não tem muito tempo. Existe um antídoto para o envenenamento por Stardust! Procure um Frasco de Nébula nos Horizontes Distorcidos e consuma-o rapidamente!|"О нет! Должно быть, я добавила слишком много Звездной пыли в чай! Мне так жаль, звезды велели мне! У вас мало времени. Есть противоядие от отравления Звездной пылью! Найдите Пузырек с туманностью в ""Искаженных горизонтах"" и быстро выпейте его!"|哦不！  我一定是在茶裡放太多星塵了！  我真的很抱歉，星星告訴我要這麼做！  你沒多少時間了。  對於星塵中毒有解毒劑！  在扭曲地平線上找一個星雲瓶，迅速使用它！||||Oh non ! J'ai dû mettre trop de poussière d'étoiles dans le thé ! Je suis désolé, les étoiles m'ont dit de le faire ! Tu n'as pas beaucoup de temps. Il existe un antidote contre l'empoisonnement à la poussière d'étoile ! Cherche une fiole de nébuleuse dans l'[c_aqua]Horizon distordu[c_reset] et consomme-la rapidement !
moira_chain_3_complete_good|I'm so sorry! I can't believe this recipe did not work. Please accept my apologies.||Sinto muito! Não acredito que esta receita não funcionou. Por favor, aceite minhas desculpas.|Мне так жаль! Не могу поверить, что этот рецепт не сработал. Пожалуйста, примите мои извинения.|我真的很抱歉！  我真的無法相信這個配方沒有奏效。  請接受我的道歉。||||Je suis vraiment désolée ! Je n'arrive pas à croire que cette recette n'ait pas fonctionné. Veuillez accepter mes excuses.
moira_chain_3_complete_bad|I'm so sorry! I can't believe this recipe did not work. Please accept my apologies.||Sinto muito! Não acredito que esta receita não funcionou. Por favor, aceite minhas desculpas.|Мне так жаль! Не могу поверить, что этот рецепт не сработал. Пожалуйста, примите мои извинения.|我真的很抱歉！  我真的無法相信這個配方沒有奏效。  請接受我的道歉。||||Je suis vraiment désolée ! Je n'arrive pas à croire que cette recette n'ait pas fonctionné. Veuillez accepter mes excuses.
moira_chain_4|I am so very sorry about that whole thing with the tea. But the stars told me about another recipe! With this recipe I can make a tea that will [shake_letter]double your strength forever![shake_reset] And don't you worry, Taurus. This time I will try it first to make sure it's not harmful! I just need a couple of ingredients from the Parallel Dimension.||Sinto muito pelo que aconteceu com o chá. Mas as estrelas me falaram de outra receita! Com essa receita, posso fazer um chá que vai [shake_letter]dobrar sua força para sempre![shake_reset] E não se preocupe, Touro. Desta vez, vou experimentar primeiro para ter certeza de que não é prejudicial! Só preciso de alguns ingredientes da Dimensão Paralela.|Я очень сожалею обо всей этой истории с чаем. Но звезды рассказали мне о другом рецепте! С помощью этого рецепта я могу приготовить чай, который [shake_letter] удвоит вашу крепость навсегда![shake_reset] И не волнуйся, Телец. На этот раз я попробую его первым, чтобы убедиться, что оно не вредное! Мне просто нужна пара ингредиентов из Параллельного измерения.|對於茶的事情我真的很抱歉。  但是星星告訴我另外一個配方！  用這個配方，我可以製作一種可以永遠[shake_letter]提升你的力量兩倍！[shake_reset]別擔心，金牛座。  這次我會先試試看，確保它不會有害！  我只需要從平行維度中取得幾個成分。||||Je suis vraiment désolée pour cette histoire de thé. Mais les étoiles m'ont parlé d'une autre recette ! Avec cette recette, je peux faire un thé qui va [shake_letter]doubler votre force pour toujours ![shake_reset] Et ne vous inquiétez pas, Taureau. Cette fois, je vais d'abord l'essayer pour m'assurer qu'elle n'est pas nocive ! J'ai juste besoin de quelques ingrédients de la [c_aqua]Dimension parallèle[c_reset].
moira_chain_4_complete|Well done, starchild. I finally got it! You must be a Capricorn! What? Not Capricorn either? I'll get there. This tea will allow me to see your aura more clearly. I'll have a taste test and then you can take the rest to get your [shake_letter]permanently tripled magic find![shake_reset]||Muito bem, criança. Finalmente consegui! Você deve ser de Capricórnio! O quê? Também não é de Capricórnio? Vou chegar lá. Esse chá me permitirá ver sua aura com mais clareza. Vou fazer um teste de sabor e depois você pode tomar o resto para obter seu Magic Find permanentemente triplicado!|Молодец, старчайлд. Я наконец-то понял! Ты, должно быть, Козерог! Что? Тоже не Козерог? Я доберусь туда. Этот чай позволит мне более четко увидеть вашу ауру. Я попробую его на вкус, а потом вы сможете выпить остальное, чтобы ваша [shake_letter] волшебная находка навсегда утроилась![shake_reset]|做得好，星之子。  我終於弄到了！  你一定是魔羯座！  什麼？也不是魔羯座嗎？  我會搞清楚的。  這茶將允許我更清晰地看到你的光環。  我會進行一次品嚐測試， 然後你就可以喝下剩下的部分， 使你的[shake_letter]魔法發現永久提升三倍！ [shake_reset]||||Bravo, enfant des étoiles. J'ai enfin réussi ! Vous devez être un Capricorne ! Quoi ? Pas Capricorne non plus ? Je vais y arriver. Ce thé me permettra de voir votre aura plus clairement. Je vais le goûter et vous pourrez prendre le reste pour tripler votre [shake_letter]découverte d'objets magiques de façon permanente ![shake_reset]
|||||||||||
[guild master kranosh]|||||||||||
kranosh_create_guild|Good day to you, [heroname]! My name is Kranosh, I'm keeping tabs of all the [c_yellow]Guilds[c_reset]. For a small amount of coin I can let you register your own guild, if you are interested of course.||Bom dia para você, [heroname]! Meu nome é Kranosh, estou controlando todas as [c_yellow]Guildas[c_reset]. Por uma pequena quantia de dinheiro, posso permitir que você registre sua própria guilda, se estiver interessado, é claro.|Доброго тебе дня, [имя героя]! Меня зовут Кранош, я слежу за всеми гильдиями [c_yellow] [c_reset]. За небольшую сумму монет я могу позволить вам зарегистрировать свою собственную гильдию, если вы, конечно, заинтересованы.|尊敬的[heroname]， 您好！  我是克拉諾什，我負責管理所有的[c_yellow]公會[c_reset]。  只需支付少量金幣，  您就可以註冊您自己的公會，  如果您有興趣的話。||||Bonjour à vous, [heroname] ! Je m'appelle [c_lime]Kranosh[c_reset] et je m'occupe de toutes les [c_orange]Guildes[c_reset]. Pour une petite somme d'argent, je peux vous permettre d'enregistrer votre propre [c_orange]guilde[c_reset], si vous êtes intéressé bien sûr.
kranosh_guild_owner|What is your business now, [heroname]? Are you not happy with your [c_yellow]Guild[c_reset]?||Qual é o seu negócio agora, [heroname]? Não está satisfeito com sua [c_yellow]Guilda[c_reset]?|Чем ты сейчас занимаешься, [имя героя]? Ты недоволен своей гильдией [c_yellow] [c_reset]?|您現在有什麼事情 [heroname]？  您對您的[c_yellow]公會[c_reset]不滿意嗎？||||Que faites-vous maintenant, [heroname] ? Vous n'êtes pas satisfait de votre [c_orange]Guilde[c_reset] ?
kranosh_in_guild|You are already a member of the respectable guild [globalvar,guildName]! What is it?||Você já é um membro da respeitável guilda [globalvar,guildName]! O que é?|Вы уже являетесь членом уважаемой гильдии [globalvar,guildName]! Что это?|您已經是受人尊敬的[c_yellow]公會[c_reset][var,guildName]的成員了！  有什麼事情需要幫忙嗎？||||Vous êtes déjà membre de la respectable guilde [globalvar,guildName] ! Que voulez vous de plus ?
|||||||||||
kranosh_option_create_guild|Create a new guild||Criar uma nova guilda|Создайте новую гильдию|創建一個新的公會||||Créer une nouvelle guilde
kranosh_option_change_guild_tag|Change Guild Tag||Mudar a tag da Guilda|Изменить тег Гильдии|更改公會標籤||||Changer le tag de la guilde
kranosh_option_delete_guild|Delete Guild||Deletar Guilda|Удалить Гильдию|解散公會||||Supprimer la guilde
kranosh_option_bye|My mistake, bye!||Erro meu, até!|Моя ошибка, пока!|我的錯誤， 再見！||||J’ai dû me tromper, au revoir !
kranosh_option_leave_guild|Leave [globalvar,guildName]||Deixar [globalvar,guildName]|Оставить [globalvar,guildName]|離開[globalvar，guildName]||||Quitter [globalvar,guildName]
guild_create_dialog|[heroname]! By signing this paper you are officially founding a new guild!||[heroname]! By signing this paper you are officially founding a new guild!|[имя героя]! Подписывая этот документ, вы официально основываете новую гильдию!|[heroname]！通過簽署這份文件，  您正式成立了一個新的公會！||||[heroname] ! En signant ce document, vous fondez officiellement une nouvelle guilde !
|||||||||||
terasawa_1|Domo arigato mistah robato... DOMO!!!||||也謝謝你的土壤。|ドーモ アリガト ミスターロボット… ドーモ！！！|도모 아리가토, 미스타 로바토... 도모!!!|||
terasawa_2|Sssshhh!||||Sssshhh!|シィーーッ！|쉿!|||
terasawa_3|Effo's out there somewhere, I'm sure of it.||||我確信 Effo 就在某處|エッフォはどこかにいる、きっとそうだ。|에포가 어딘가에 있을 거야, 분명해.|||
terasawa_4|Walleye, Bass, Perch, Pike... I see them all!||||梭子魚、鱸魚、鱸魚、梭子魚……我都看到了!|ウォールアイ、バス、パーチ、パイク…全部見えるぞ！|월아이, 배스, 퍼치, 파이크... 다 보여!|||
terasawa_5|Leave me alone, I need to meet Effo at THE tree in a few.||||別管我，過一會兒我要去那棵樹那裡見 Effo|ほっといてくれ、ちょっと後であの木のところでエッフォに会うんだ。|내버려 둬, 몇 분 후에 에포를 그 나무에서 만나야 해.|||
terasawa_6|Ah! [heroname]… your kind knows nothing about fishing!||||啊！ [heroname]…你們這種人根本不懂釣魚！|ああ！[heroname]...お前らは釣りのことなんて何も知らないな！|아! [heroname]… 너희 종족은 낚시에 대해 아무것도 몰라!|||
terasawa_7|You want my tips? Show me the money!||||想要我的小費？給我錢!|釣りのコツが欲しいのか？なら金を見せろ！|내 조언을 원해? 돈부터 보여줘!|||
terasawa_8|"Effo told me a [heroname] would come to meet me, I was not expecting ""this""."||||"EEffo 告訴我 [heroname] 會來見我，我沒想到會發生這種""事""."|エッフォが[heroname]が来るって言ってたけど、まさか“これ”とは思わなかったぜ。|에포가 [heroname]이 나를 만나러 올 거라고 했는데, 이런 건 예상 못 했어.|||
terasawa_9|You are too noisy.||||你太吵了|お前、うるさすぎる。|너무 시끄러워.|||
terasawa_10|Stay quiet! it's near.||||保持安靜！它已經近了。|静かにしろ！もうすぐ近くだ。|조용히 해! 가까워.|||
terasawa_11|30 years ago... let me tell you [heroname], there was much more fish and much bigger ones.||||30 年前...讓我告訴你 [heroname]，那時的魚更多，也更大。|30年前はな...[heroname]、魚はもっとたくさんいてサイズも大きかったんだ。|30년 전만 해도... [heroname], 물고기도 훨씬 많았고 훨씬 컸어.|||
terasawa_12|I know your father.||||我認識你的父親。|お前の父親は知ってるぞ。|네 아버지를 알아.|||
terasawa_13|Don't ever call me bro. Ever.||||永遠不要叫我兄弟。永遠不要。|俺のことを“兄弟”なんて呼ぶな。絶対にな。|절대 나를 형이라 부르지 마. 절대.|||
terasawa_14|My back is suffering, but the bites are that good. Feels like the first time every time.||||我的背很疼，但咬起來感覺真好。每次都像第一次一樣。|背中は痛いが、魚の引きは最高だ。毎回初めての感覚だ。|허리가 좀 아프긴 한데, 입질은 정말 좋아서 매번 처음 낚시하는 기분이야.|||
terasawa_15|Hmmmmppphhh.  Oh boy.  That's a big one, get the net ready.||||嗯嗯嗯。哦天哪。這可是個大傢伙，把網準備好。|うーんっ.おお、でかいぞ、網を準備しろ！|흠... 오, 큰 녀석이다. 그물을 준비해!|||
|||||||||||
scupper_quip_1|Blergh.. Yurr… Hic! Sum large loin…|||Блерх.. Юрр… Ик! Сум крупная поясница…|呃……嗚……嗝！來點大塊里肌肉……||우웁.. 어어… 딸꾹! 고기 큰 것 좀…|||Blergh... Yurr... ¡Hip! Soy un gran lomo...|
scupper_quip_2|Have I ever told you the story of the watermelon?|||Вы когда-нибудь слышали историю об арбузе?|我跟你講過西瓜的故事嗎？||내가 수박 이야기 해준 적 있었나?|||¿Alguna vez te he contado la historia de la sandía?|
scupper_quip_3|Happy hour!! Hic!|||Счастливый час!! Ик!|歡樂時光！！嗝！||행복한 시간이다!! 딸꾹!|||¡¡Hora feliz!! ¡Hip!|
scupper_quip_4|Hoist the anchor! Lower the sails! Hic!|||Поднять якорь! Убрать паруса! Ик!|起錨！降帆！嗝！||닻을 올려라! 돛을 내려라! 딸꾹!|||¡Leven el ancla! ¡Bajen las velas! ¡Hip!|
|||||||||||
cultist_quip_0|He comes…|||Он идет…|他來了……||그가 오신다…|||Él viene...|
cultist_quip_1|It awakens…|||Оно просыпается…|它正在蘇醒……||그분이 깨어난다…|||Está despertando...|
cultist_quip_2|Do you hear the call?|||Ты слышишь этот зов?|你聽見號召了嗎？||부름이 들리는가?|||¿Escuchas el llamado?|
cultist_quip_3|The Deep One watches…|||Глубоководный наблюдает…|深海之主正在注視……||딥 원께서 지켜보고 계신다…|||El Ser de las Profundidades observa...|
cultist_quip_4|The tide rises…|||Прилив наступает…|潮汐正在漲起……||조류가 차오른다…|||La marea sube...|
cultist_quip_5|The Abyss remembers.|||Бездна помнит.|深淵銘記一切。||심연은 기억한다.|||El Abismo recuerda.|
cultist_quip_6|All shall descend…|||Все сойдут вниз…|所有人皆將沉淪……||모두가 마침내 추락할 것이다…|||Todos descenderán...|
cultist_quip_7|We are but vessels.|||Мы всего лишь сосуды.|我們不過是容器。||우리는 그저 그릇일 뿐.|||No somos más que recipientes.|
cultist_quip_8|Praise the Sleeper.|||Славьте Спящего.|讚美沉睡者。||잠든 자를 찬양하라.|||Alabado sea el Durmiente.|
cultist_quip_9|The old blood returns.|||Старая кровь возвращается.|古老之血歸來了。||고대의 피가 되돌아온다.|||La sangre antigua regresa.|
cultist_quip_10|The flesh obeys.|||Плоть подчиняется.|血肉服從引導。||육신은 복종하리라.|||La carne obedece.|
cultist_quip_11|The endless sea awaits.|||Бескрайнее море ждет.|無盡之海正在等待。||끝없는 바다가 기다린다.|||El mar infinito espera.|
cultist_quip_12|Kha'zul thorr na'kai.|||Ка'зул торр на'кай.|卡祖爾·索爾·納凱。||Kha'zul thorr na'kai.|||Kha'zul thorr na'kai.|
cultist_quip_13|Ngha... r'lyth... khaa…|||Нгха... р'лит... кха...|恩噶……萊耶……卡哈……||Ngha... r'lyth... khaa…|||Ngha... r'lyth... khaa...|
cultist_quip_14|Kreth'ul... kreth'ul…|||Крет'ул... крет'ул…|克雷斯·烏爾……克雷斯·烏爾……||Kreth'ul... kreth'ul…|||Kreth'ul... kreth'ul...|
cultist_quip_15|Thul akh nar'kai.|||Тул ах нар'кай.|蘇爾·阿克·納凱。||Thul akh nar'kai.|||Thul akh nar'kai.|
cultist_quip_16|Sshhaaak…|||Шхаак…|嘶……||쉬아아악…|||Sshhaaak...|
cultist_quip_17|Rrr'ghhh…|||Ррр'гххх...|呃……||르르르'그으으…|||Rrr'ghhh...|
cultist_quip_18|Squelch... squelch…|||Хлюп... хлюп...|噗嗤……噗嗤……||철벅... 철벅…|||Chof... chof...|
cultist_quip_19|You should not be here…|||Тебе не следует здесь находиться…|你不該來到這裡……||너는 이곳에 있어서는 안 된다…|||No deberías estar aquí...|
cultist_quip_20|The Master has seen you.|||Мастер видел вас.|主人已經看見你了。||주인님께서 너를 보셨다.|||El Maestro te ha visto.|
cultist_quip_21|It is too late.|||Уже слишком поздно.|已經太遲了。||이미 너무 늦었다.|||Es demasiado tarde.|
cultist_quip_22|The Abyss knows your name.|||Бездна знает твое имя.|深淵知曉你的名字。||심연이 너의 이름을 알고 있다.|||El Abismo conoce tu nombre.|
cultist_quip_23|Your fate is written.|||Ваша судьба предрешена.|你的命運早已註定。||너의 운명은 이미 정해졌다.|||Tu destino está escrito.|
cultist_quip_24|Become one of us.|||Стань одним из нас.|成為我們的一員吧。||우리와 하나가 되어라.|||Conviértete en uno de nosotros.|
cultist_quip_25|Another sacrifice…|||Еще одна жертва...|又一個祭品……||또 하나의 제물이로군…|||Otro sacrificio...|
|||||||||||
fisherman_quip_0|Hm… The sea is getting restless…||||嗯……大海變得有些躁動不安了…… |||||Las Entrañas... tienen hambre...|
fisherman_quip_1|Just hoping for a nice catch!||||只希望能有不錯的收穫！ |||||Se alimenta...|
fisherman_quip_2|It’s more tranquil down here…||||這下面更寧靜…… |||||Hambrienta...|
fisherman_quip_3|Fish are more loyal than men.||||魚比男人更忠誠。 |||||Acércate...|
fisherman_quip_4|… some are big, some are small…||||……有的很大，有的很小…… |||||Ella canta...|
fisherman_quip_5|The line is twitching!||||魚線在抖動！ |||||¿Puedes oírla?|
||||||||||Hueles a vida...|
parasite_monster_quip_0|The Belly... hungers...|||Живот... голодает...|巨獸之腹……正在飢餓……||배 속이... 주리고 있다...|||Ya estamos dentro.|
parasite_monster_quip_1|It feeds...|||Оно кормит...|它正在進食……||먹어 치우고 있어...|||Ella es hermosa...|
parasite_monster_quip_2|Hungry...|||Голоден...|飢餓……||배가 고파...|||Escucha... los latidos...|
parasite_monster_quip_3|Come closer...|||Подойди ближе...|靠近一點……||더 가까이 오렴...|||Tus huesos se ablandarán.|
parasite_monster_quip_4|She sings...|||Она поет...|她在歌唱……||그녀가 노래한다...|||Los gusanos esperan.|
parasite_monster_quip_5|Can you hear her?|||Ты ее слышишь?|你能聽見她嗎？||그녀의 노래가 들리는가?|||Todavía recuerdo mi nombre...|
parasite_monster_quip_6|You smell alive...|||Ты пахнешь живым...|你聞起來還活著……||너에게서 살아있는 냄새가 나는군...|||Me tragué el mar...|
parasite_monster_quip_7|We are already inside.|||Мы уже внутри.|我們已經在內部了……||우리는 이미 배 속에 들어와 있다.|||Ella me dijo que me volvería eterno.|
parasite_monster_quip_8|She is beautiful...|||Она прекрасна...|她是如此美麗……||그녀는 아름다워...|||No dejes que te cante.|
parasite_monster_quip_9|Listen... the heartbeat...|||Слушай... сердцебиение...|聽……那心跳聲……||들어보아라... 이 심장 소리를...|||Ull... ull... khrr...|
parasite_monster_quip_10|Your bones will soften.|||Ваши кости размягчатся.|你的骨頭將會融解軟化……||너의 뼈가 흐물거려 피어날 것이다.|||Krrr... glrrk...|
parasite_monster_quip_11|The worms are waiting.|||Черви ждут.|蠕蟲們正在等待……||벌레들이 기다리고 있다.||||
parasite_monster_quip_12|I can still remember my name...|||Я всё ещё помню своё имя...|我仍然記得我的名字……||나는 아직 내 이름을 기억할 수 있어...|||¿Qué va a ser, marinero?|
parasite_monster_quip_13|I swallowed the sea...|||Я проглотил море...|我吞噬了整片大海……||내가 바다를 삼켜버렸다...|||No empieces una pelea.|
parasite_monster_quip_14|She told me I would become eternal.|||Она сказала мне, что я стану вечным.|她告訴我，我將獲得不朽……||그녀는 내가 영원한 존재가 될 것이라 했다.|||No preguntes por el Muelle Siete.|
parasite_monster_quip_15|Don't let her sing to you.|||Не позволяй ей петь тебе.|不要聆聽她的歌聲……||그녀가 너에게 노래하게 두지 마라.||||
parasite_monster_quip_16|Ull... ull... khrr...|||Улл... улл... хрр...|烏爾……烏爾……喀……||울... 울... 크르르...|||... y entonces dije: «¡NO, ERA EL COCO!»|
parasite_monster_quip_17|Krrr... glrrk...|||Кррр... гллрк...|咔……咕嚕……||크르르... 글륵...|||... y entonces Pelagios se levantó y...|
||||||||||... nunca había visto una belleza así, era...|
bartender_quip_0|What'll it be, sailor?|||Ну что, матрос?|想喝點什麼，水手？||뭘로 주겠나, 선원 양반?||||
bartender_quip_1|Don't start a fight.|||Не начинай драку.|別在這挑起紛爭。||싸움은 벌이지 말라고.|||... los he visto, los he jugado...|
bartender_quip_2|Don't ask about Pier Seven.|||Не спрашивай о Пир Севен.|別打聽七號碼頭的事。||7번 부두에 대해서는 묻지도 말게.|||¡Tengo las mangas limpias!|
||||||||||¡Paga lo que debes!|
tavern_table_0|… and then I said: “NO IT WAS THE COCONUT!”|||"…и тогда я сказал: ""НЕТ, ЭТО БЫЛ КОКОС!"""|……然後我就說：「不！那是椰子！」||…그리고 내가 그랬지: “아니, 코코넛이었다니까!”||||
tavern_table_1|… and then Pelagios stood up and …|||... и тогда Пелагиос встал и ...|……然後佩拉吉奧斯就站了起來，而且……||…그리고 펠라기오스가 벌떡 일어나더니…|||... por el Maestro... ¡Eh! ¡Tú! ¡Lárgate!|
tavern_table_2|… never seen beauty like that, it was…|||…никогда не видел такой красоты, это было…|……從沒見過那般絕色，簡直是……||…그런 절경은 난생처음이었어, 그건…|||... por el summo... ¡Vagabundo! ¡No te metas en lo que no te importa!|
||||||||||... hasta que el maestro... ¡Extraño! Tu hora llegará...|
tavern_poker_0|.. seen ‘em, play ‘em…|||...видел их, играй в них...|……看透他們了，來出牌吧……||…패는 다 읽었으니, 쳐볼 테면 쳐봐라…||||
tavern_poker_1|My sleeves are clean!|||Мои рукава чистые!|我的袖子乾乾淨淨！||내 소매는 떳떳하다고!||||
tavern_poker_2|Pay what you owe!|||Заплати то, что ты должен!|把欠的錢給交出來！||빚진 건 당장 갚아!|||Olof|
||||||||||Cazador Retirado|
tavern_cultist_0|… for the Master… Hey! You! Get lost!|||…для Мастера… Эй! Ты! Убирайся!|……為了主人……嘿！你！滾開！||…주인님을 위하여… 이봐! 너! 꺼져버려!|||¡Buenos días, aventurero! ¿O ya es de noche? Apenas puedo distinguirlo. Necesito mi medicina de verdad, pero se me cayó el vial en algún lugar de la Tundra Ártica. Por favor, ayúdame a encontrar mi medicina, ¿quieres? Debe haberse deslizado en una de esas desagradables grietas de hielo que hay por todo el lugar. [c_yellow]¡De verdad, DE VERDAD la necesito![c_reset]|
tavern_cultist_1|… for the summo… Wanderer! Mind your own business!|||... за суммо... Странник! Занимайся своими делами!|……為了召喚……流浪者！少管閒事！||…소환을… 이 방랑자 놈! 네 일이나 신경 쓰시지!|||Glug, glug, glug... ¡ah! Esta medicina se llama [c_aqua]Pelo del Perro[c_reset]. ¡Realmente ayuda!|
tavern_cultist_2|… until the master… Stranger! Your time will come…|||…до тех пор, пока хозяин… Незнакомец! Твое время придет…|……直到主人……陌生人！你的死期終將降臨……||…주인님을 모실 때까… 이 이방인 놈! 네 녀석의 시간도 올 것이다…|||¿Has encontrado ya mi medicina? ¡Estoy seguro de que está en algún lugar de la Tundra Ártica!|
||||||||||¡Recuerda tomar tu medicina a diario!|
[Additional Side Quest NPCs]|||||||||||
olof_npc_name|Olof||Olof||||||
olof_npc_title|Retired hunter||Caçador Aposentado||退休獵人||||
olof_chain_1|Good morning, adventurer! Or is it evening? I can hardly tell. I really need my medicine, but I dropped the vial somewhere at the Arctic Tundra. Please help me and find my medicine, will you? It must have slipped into one of those nasty icy cracks that are all over the place. [c_yellow]I really, REALLY need it![c_reset]||Bom dia, aventureiro! Ou será que é noite? Não sei dizer. Preciso muito do meu remédio, mas deixei o frasco cair em algum lugar na Tundra do Ártico. Por favor, ajude-me a encontrar meu remédio, pode ser? Ele deve ter escorregado em uma daquelas fendas geladas que estão por toda parte. [c_yellow]Eu realmente, REALMENTE preciso dele![c_reset]||早上好，冒險家！  還是晚上了？我很難說。  我真的需要我的藥，但我把小瓶子掉在北極凍土圈≤2-3≥的某個地方了。  請幫我找我的藥，好嗎？  它一定是滑進了遍布各處且令人討厭的冰裂縫之中。  [c_yellow]我真的，真的很需要它！[c_reset]||||
olof_chain_1_complete|Glug, glug, glug... ah! This medicine is called the [c_aqua]Hair of the Dog[c_reset]. It really helps!||Glub, glub, glub... ah! Esse medicamento é chamado de [c_aqua]Hair of the Dog[c_reset]. Ele realmente ajuda!||咕嚕，咕嚕，咕嚕……啊！  這種藥稱為[c_aqua]狗毛[c_reset]。  這確實有幫助！||||
olof_chain_1_pending|Did you find my medicine yet? I’m sure it’s somewhere in the Arctic Tundra!||Você já encontrou meu remédio? Tenho certeza de que está em algum lugar da Tundra do Ártico!||你找到我的藥了嗎？  我敢肯定他就在北極凍土圈≤2-3≥地某個地方！||||
olof_chain_all_complete|Remember to take your medicine daily!||Lembre-se de tomar seu remédio diariamente!||記得每天吃藥！||||
|||||||||||
[Bosses]|||||||||||
dialog_luna|Hahahahahahahahahaha.. Thank you for bringing me to Vanaheim you fool! Odin was too weak but now I posses the eternal power of the cosmos. Its time to finish what I started and BANISH YOU INTO THE ETHER!|Hahahahahahahahahaha.. Kiitos, että toit minut Vanaheimiin sinä typerys! Odin oli liian heikko, mutta nyt minulla on kosmoksen ikuinen voima. On aika lopettaa aloittamani ja karkottaa sinut EETERiin! |Hahahahahahahahahahaha... Obrigado por me trazer para Vanaheim, seu tolo! Odin era muito fraco, mas agora possuo o poder eterno do cosmos. É hora de terminar o que comecei e BANIR VOCÊ PARA O ÉTER! |Хахахахахахахаха.. Спасибо, что привёл меня в Ванахейм, дурачок! Один был слишком слаб, но теперь я обладаю вечной силой космоса. Пришло время закончить то, что я начал, и ИЗГНАТЬ ТЕБЯ В ЭФИР! |哈哈哈哈哈哈哈哈哈哈……你這個傻瓜，多虧你把我帶到了華納海姆！ 奧丁太過軟弱，但現在我掌握了宇宙的永恆力量。 是時候完成我未竟的事業，將你永遠驅逐至虛空之中了！ |ハハハハハハハハハハ…ヴァナヘイムに連れて来てくれてありがとう、この愚か者め！オーディンは弱すぎたが、今や私は宇宙の永遠の力を手に入れた。今こそ、私が始めたことを終わらせ、お前をエーテルへと追放する時だ！ |하하하하하하하하하.. 바나헤임에 데려와 줘서 고마워, 이 멍청아! 오딘은 너무 약했지만, 이제 나는 우주의 영원한 힘을 손에 넣었어. 내가 시작한 일을 끝내고 너를 에테르로 추방할 때가 왔어! |Hahahahahahahahaha ... Danke, dass du mich nach Vanaheim gebracht hast, du Narr! Odin war zu schwach, aber jetzt besitze ich die ewige Macht des Kosmos. Es ist Zeit, zu beenden, was ich begonnen habe, und DICH IN DEN ÄTHER ZU VERBANNEN! |Hahahahahahahahahahaha… Merci de m’avoir amené à Vanaheim, espèce d’idiot ! Odin était trop faible, mais maintenant je possède le pouvoir éternel du cosmos. Il est temps de terminer ce que j’ai commencé et de te bannir dans l’éther ! 
|||||||||||
dialog_stabilizingTheRifts|Find and purge unstable rifts and we can expand your capacity of carrying essence vaults!||||找到並清除不穩定的裂縫，我們可以擴大您攜帶精華庫的能力！||||
dialog_stabilizingTheRifts_end|That was quick, enjoy your expanded capacity!||||很快，享受擴充容量吧！||||
dialog_essenceLockPicking|Obtain and open essence vaults and I will make sure to increase your capacity even more!||||獲取並打開精華庫，我將確保進一步增加您的容量！||||
dialog_essenceLockPicking_end|Great tinkering! Your capacity to carry vaults is now significant!||||太棒了！你的搬運金庫能力現在提升了不少！||||
dialog_vaultMaster|Craft essence vaults and open Tier A+ essence vaults and I will maximize your capacity!||||製作精華庫並打開 A+ 級精華庫，我將最大限度地發揮您的容量！||||
dialog_vaultMaster_end|May the alfather bless your path!||||願阿爾法之父保佑你的道路！||||
