[main_menu]|en|fi|pt|ru|zh|ja|ko|de|fr|sp|pl
local_play|Play local|Paikallinen peli|Jogo Local|Играть локально|單機遊戲|ローカルプレイ|로컬 플레이|Lokal spielen|Partie locale
multiplayer|Play online|Online moninpeli|Jogue online|Играйть онлайн|線上遊戲|オンラインマルチプレイヤー|온라인 멀티플레이어|Online spielen|Partie en ligne
options|Options|Asetukset|Opções|Настройки|選項|オプション|설정|Optionen|Options
version|version|Versio|Versão|Версия|版本|バージョン|버전|Version|Version
ns_controller_continue|Connect a controller to continue.|Yhdistä ohjain jatkaaksesi.|Conecte um controle para continuar.|Подключите контроллер, чтобы продолжить.|請連接手把繼續遊戲。|続けるには コントローラー を接 続してください。|컨트롤러를 연결하여 계속하세요.|Schließe einen Controller an, um weiterzumachen.|Branchez une manette pour continuer.
ns_controller_one_dc|Controller 1 disconnected.|Yhteys ohjaimeen 1 katkesi.|Controle 1 desconectado.|Контроллер 1 отключен.|手把1已斷開連接。|コントローラ 1 が切断されました。|컨트롤러 1의 연결이 끊겼습니다.|Controller 1 wurde getrennt.|La manette 1 est déconnectée.
ns_controller_two_dc|Controller 2 disconnected.|Yhteys ohjaimeen 2 katkesi.|Controle 2 desconectado.|Контроллер 2 отключен.|手把2已斷開連接。|コントローラ 2 が切断されました。|컨트롤러 2의 연결이 끊겼습니다.|Controller 2 wurde getrennt.|La manette 2 est déconnectée.
ns_controller_both_dc|Controller 1 and 2 disconnected.|Ohjainten 1 ja 2 yhteys katkesi.|Controle 1 e 2 desconectados.|Контроллер 1 и 2 отключены.|手把1和2已斷開連接。|コントローラ 1 と 2 が切断されました。|컨트롤러 1과 2의 연결이 끊겼습니다.|Controller 1 und 2 wurden getrennt.|Les manettes 1 et 2 sont déconnectées.
ns_controller_connect|Connect a controller and press Confirm|Yhdistä ohjain ja paina Hyväksy.|Conecte um controle e pressione Confirmar|Подключите контроллер и нажмите «Подтвердить».|請連接手把並按確認鍵|コントローラを押して 「確認」 を接続します|컨트롤러를 연결하고 확인을 누르세요|Schließe einen Controller an und drücke Bestätigen.|Branchez une manette et appuyer sur Confirmer
ns_controller_sp_mode|or continue in singleplayer mode.|tai jatka yksinpelitilassa.|ou continue no modo de um jogador|или продолжить в одиночном режиме.|或者繼續單人模式。|または シングルプレイヤーモード で続けます。|또는 싱글플레이어 모드로 계속하세요.|oder mach im Einzelspieler-Modus weiter.|ou continuer en mode solo.
ns_controller_confirm|Press Confirm to continue.|Paina Hyväksy jatkaaksesi.|Pressione Confirmar para continuar.|Нажмите «Подтвердить», чтобы продолжить.|按確認鍵繼續遊戲。|続行するには押して 「確認」。|계속하려면 확인을 누르세요.|Drücke Bestätigen um weiterzumachen.|Appuyez sur Confirmer pour continuer.
ns_controller_singleplayer|Singleplayer|Yksinpeli|Um jogador|Один игрок|單人模式|シングルプレイヤー|싱글플레이어|Einzelspieler|Jeu solo
ns_controller_multi|Multiple controllers detected.|Useita ohjaimia havaittu.|Múltiplos controles detectados.|Обнаружено несколько контроллеров.|檢測到多個手把。|複数のコントローラーが検出されました。|여러 컨트롤러가 감지되었습니다.|Mehrere Controller erkannt.|Plusieurs manettes ont été détectées.
ns_controller_config1|You can configure controllers|Voit konfiguroida ohjaimet|Você pode configurar controles.|Вы можете настроить контроллеры|您可以配置手把|コントローラを設定できます|컨트롤러를 구성 할 수 있습니다|Sie können die Controller konfigurieren|Vous pouvez configurer les manettes
ns_controller_config2|or continue with current setup.|tai jatkaa nykyisellä asettelulla.|ou continue com a configuração atual.|или продолжите текущую настройку.|或者繼續使用當前設定。|または現在のセットアップを続行します。|또는 현재 설정을 계속하십시오.|oder fahren Sie mit der aktuellen Einrichtung fort.|ou continuer avec la configuration actuelle.
configure|Configure|Konfiguroi|Configurar|Настроить|設定|構成、設定|구성|Konfigurieren|Configurer
ns_store_connecting|Connecting to the Nintendo eShop.|Yhdistetään Nintendo eShop:iin.|Conectando-se à Nintendo eShop.|Подключение к Nintendo eShop.|連接到任天堂eShop。|ニンテンドーeショップ に接続しています。|Nintendo eShop 에 연결|Verbindung zum Nintendo eShop wird hergestellt.|Se connecter au Nintendo eShop.
ns_store_unavailable|The item you tried to access is not available.|Valitsemasi tuote ei ole saatavilla.|O item que você tentou acessar não está disponível.|Объект, к которому вы пытались получить доступ, недоступен.|您嘗試訪問的項目不可用。|アクセス しよう と した アイテム は 利用 できません。|이 아이템은 이용할 수 없습니다.|Der Gegenstand, auf den du zugreifen wolltest, ist nicht verfügbar.|L'élément auquel vous avez essayé d'accéder n'est pas disponible.
ns_store_error|Error loading Nintendo eShop.|Virhe ladattaessa Nintendo eShop:iin.|Erro ao carregar o Nintendo eShop.|Ошибка загрузки Nintendo eShop.|載入任天堂eShop時發生錯誤。|ニンテンドーeショップ の読み込み中にエラーが発生しました。|Nintendo eShop 불러 오기 오류.|Fehler beim Laden vom Nintendo eShop.|Erreur de chargement du Nintendo eShop.
ns_store_account_error|The current user account cannot access this feature.|Nykyinen käyttäjä ei voi käyttää tätä ominaisuutta.|A atual conta de usuário não pode acessar esse recurso.|Текущая учетная запись пользователя не имеет доступа к этой функции.|當前使用者帳號無法訪問此功能。|現在 の ユーザーアカウントで は この 機能 にアクセスできません。|현재 사용자 계정은 이 기능을 이용할 수 없습니다.|Das aktuelle Benutzerkonto kann auf diese Funktion nicht zugreifen.|Le compte utilisateur actuel ne peut pas accéder à cette fonction.
ns_store_timeout|Connecting to the Nintendo eShop took too long.|Nintendo eShop:iin yhdistäminen kesti liian kauan.|A conexão com o Nintendo eShop demorou muito.|Подключение к Nintendo eShop заняло слишком много времени.|連接到任天堂eShop的時間太長。|ニンテンドーeショップ への接続に時間がかかりすぎました。|Nintendo eShop 에 연결하는 데 시간이 오래 걸렸습니다.|Die Verbindung zum Nintendo eShop hat zu lange gedauert.|La connexion au Nintendo eShop prend trop de temps.
ns_store_warning|Connecting to the Nintendo eShop will disconnect you from the current game.|Yhdistäminen Nintendo eShop:iin katkaisee yhteytesi nykyisestä pelistä.|Conectar-se ao Nintendo eShop o desconectará do jogo atual.|Подключение к Nintendo eShop отключит вас от текущей игры.|連接到任天堂eShop將使您斷開當前遊戲。|Nintendo eShop に接続すると、現在のゲームから切断されます。|Nintendo eShop에 연결하면 현재 게임에서 연결이 끊어집니다.|Wenn Sie eine Verbindung zum Nintendo eShop herstellen, werden Sie vom aktuellen Spiel getrennt.|La connexion au Nintendo eShop vous déconnectera du jeu en cours.
ns_eshop|Nintendo eShop|Nintendo eShop|Nintendo eShop|Интернет-магазин Nintendo|任天堂eShop|Nintendo eShop|Nintendo eShop|Nintendo eShop|Nintendo eShop
try_again_later|Try again later.|Yritä myöhemmin uudelleen.|Tente novamente mais tarde.|Попробуйте позже.|請稍後重試。|後で もう一度 試して みて ください。|나중에 다시 시도하세요.|Versuche es später erneut.|Réessayez plus tard.
try_again_account|Try again with another account.|Yritä uudelleen toisella käyttäjällä.|Tente novamente com outra conta.|Попробуйте еще раз с другой учетной записью.|嘗試使用另一個帳號再次登錄。|別 の アカウント で もう一度 試して みて ください。|다른 계정으로 다시 시도하세요.|Versuche es mit einem anderen Konto erneut.|Réessayez avec un autre compte.
connection_lost|Connection to the network was lost.|Verkkoyhteys katkesi.|A conexão com a rede foi perdida.|Соединение с сетью было потеряно.|已中斷網路連線。|ネットワーク 接続 が 遮断 さ れました。|네트워크 연결이 끊어졌습니다.|Die Verbindung zum Netzwerk wurde unterbrochen.|La connexion au réseau a été perdue.
controller|Controller|Ohjain|Controle|Контроллер|手把|コントローラー|컨트롤러|Controller|Manette
connected|connected|yhdistetty|conectado|связанный|已連接|接続済み|연결됨|verbunden|connectée
prompt_exit|Are you sure you want to exit?|Oletko varma, että haluat poistua?|Tem certeza de que deseja sair?|Вы уверены, что хотите выйти?|您確定要退出嗎？|本当に終了してもいいですか？|정말로 나가시겠습니까?|Bist du sicher, dass du gehen möchtest?|Êtes-vous sûr de vouloir quitter ?
controller_connected|Connected|Yhdistetty|Conectado|Связанный|已連接|接続済み|연결됨|Verbunden|Connecté
controller_disconnected|Disconnected|Irroitettu|Desconectado|Отключено|已斷開連接|切断|연결 해제|Getrennt|Déconnecté
controller_press|Press|Paina|Pressione|Нажимать|按|押し|누르세요|Drücke|Appuyer sur
controller_quit|to quit.|lopettaaksesi.|para sair.|бросить.|退出。|終了します。|종료합니다.|zu beenden.|pour quitter.
controllers|Controllers|Ohjaimet|Controles|Контроллеры|手把|コントローラ|컨트롤러|Controller|Manettes
steam_cloud|STEAM Cloud|STEAM Cloud|STEAM Cloud|STEAM Облако|STEAM雲端|STEAM Cloud|STEAM Cloud|STEAM Cloud|Steam Cloud
steam_cloud_data|Current Cloud data|Nykyiset pilvitiedot|Dados atuais da nuvem|Текущие данные облака|當前雲端資料|現在のクラウドデータ|현재 클라우드 데이터|Aktuelle Cloud-Daten|Données actuelles du Cloud
save|Save|Tallenna|Salvar|Сохранять|保存|保存する|저장|Speichern|Sauvegarder
load|Load|Lataa|Carregar|Нагрузка|載入|負荷|불러오기|Laden|Charger
account_id|Account ID|Tilin Tunnus|ID da conta|Идентификатор аккаунта|帳號ID|アカウントID|계정 ID|Konto ID|ID du compte
unranked|Unranked|Sijoittamaton|Não classificado|Без рейтинга|未排名|ランクなし|랭크 없음|Ranglos|Non classé
caps_lock_enabled|Caps Lock Enabled|Caps Lock käytössä|Caps Lock ativado|Caps Lock включен|大寫鎖定已啟用|CapsLockが有効|Caps Lock 사용|Feststelltaste aktiviert|Verrouillage des majuscules activé
profile_private|This profile is hidden|Tämä profiili on piilotettu|Este perfil está escondido|Этот профиль скрыт|此個人資料已隱藏|このプロファイルは非表示です|이 프로필은 숨겨져 있습니다.|Dieses Profil ist ausgeblendet|Ce profil est masqué
profile_text_blocked|You have blocked this user from interactions and social features.|Olet estänyt vuorovaikutuksen ja kommunikoinnin tämän käyttäjän kanssa.|Você bloqueou este usuário de interações e recursos sociais.|Вы заблокировали этому пользователю доступ к взаимодействиям и социальным функциям.|您已封鎖此使用者的互動和社交功能。|このユーザーを交流やソーシャル機能からブロックしました。|이 사용자를 상호작용 및 소셜 기능에서 차단했습니다.|Sie haben diesen Benutzer für Interaktionen und soziale Funktionen gesperrt.|Vous avez bloqué les interactions et les fonctionnalités sociales de cet utilisateur.
profile_text_edit|New profile text:|Uusi profiiliteksti:|Novo texto de perfil:|Новый текст профиля:|新的個人資料文本：|新しいプロフィール テキスト:|새 프로필 텍스트:|Neuer Profiltext:|Nouveau texte de profil :
blocked_players|Blocked players|Estetyt käyttäjät|Jogadores bloqueados |Заблокированные игроки |被屏蔽的玩家 |ブロックされたプレイヤー |차단된 플레이어|Gesperrte Spieler |Joueurs bloqués 
disable_pas_proxy|Disable PAS Proxy|Poista PAS-välityspalvelin käytöstä |Desativar proxy PAS |Отключить PAS-прокси |禁用 PAS 代理 |||PAS-Proxy deaktivieren |Désactiver le proxy PAS |Deshabilitar el proxy PAS 
email_not_verified|Email is not verified!|Sähköposti ei ole vahvistettu!|Email não está verificado!|Адрес эл. почты не подтвержден!|電子郵件未經驗證！|メールは検証されていない！|이메일이 확인되지 않았습니다!|E-Mail ist nicht verifiziert!|L'email n'est pas vérifié !
sign_in_failed|Sign in failed. Try again.|Kirjautuminen epäonnistui. Yritä uudelleen.|Falha no login. Tente novamente.|Не удалось войти. Попробуйте еще раз.|登錄失敗。請重試。|サインインに失敗しました。もう一度お試しください。|로그인에 실패했습니다. 다시 시도하세요.|Anmeldung fehlgeschlagen. Versuchen Sie es erneut.|Échec de la connexion. Réessayez.
invalid_name|That name is unavailable. Please try again.|That name is unavailable. Please try again.|Este nome está indisponível. Por favor tente novamente.|Это имя недоступно. Попробуйте еще раз.|該名稱不可用。請重試。|その名前は使用できません。もう一度お試しください。|해당 이름은 사용할 수 없습니다. 다시 시도하세요.|Dieser Name ist nicht verfügbar. Bitte versuchen Sie es erneut.|Ce nom n'est pas disponible. Veuillez réessayer.
show_exp_gain|Show Experience Gain|Näytä kokemuspistesaannit|Mostrar Ganho de Experiência|Показать получение опыта|顯示經驗獲取|経験値獲得を表示|경험치 획득 표시|Erfahrungsgewinn anzeigen|Afficher le gain d'expérience
loading_critical_error|Character slot loading failed.|Hahmon lataaminen epäonnistui.|Carregamento do Espaço de Personagem falhou.|Загрузка слота персонажа не удалась.|角色欄位載入失敗。|キャラクタースロットの読み込みに失敗しました。|캐릭터 슬롯 로딩에 실패했습니다.|Laden des Charakterplatzes fehlgeschlagen.|Le chargement de l'emplacement de personnage a échoué.
retired|Retired|Eläkkeellä|Aposentado|Устаревшие|已棄用的|廃止|은퇴|Ausrangiert|Retiré
location|Location|Sijainti|Localização |Расположение |位置|位置|위치|Standort |Emplacement |Ubicación 
tower_cleared|Tower Cleared|Torni Puhdistettu|Torre liberada |Башня очищена |塔樓已清除 |タワーをクリアしました |타워 클리어 |Turm geräumt|Tour dégagée |Torre despejada |Wieża wyczyszczona
character_skins|Character Skins|Hahmon Ulkoasut|Skins de Personagem|Облики персонажей|角色外觀|キャラクター スキン|캐릭터 스킨|Charakter-Skins|Skins de personnages
login_remember_info|Remember login info (username and temporary password) on this device for 30 days|Muista kirjautumistiedot (käyttäjänimi ja väliaikainen salasana) tällä laitteella 30 päivää|Lembrar informações de login (Nome de usuário e senha temporária) neste dispositivo por 30 dias.|Запомнить данные для входа (имя пользователя и временный пароль) на этом устройстве на 30 дней|在此裝置上記住登錄資訊（使用者名稱和臨時密碼）30天|このデバイスにログイン情報 (ユーザー名と一時パスワード) を 30 日間記憶する|30일 동안 이 기기의 로그인 정보(사용자 이름 및 임시 비밀번호) 기억|Anmeldeinformationen (Benutzername und temporäres Passwort) auf diesem Gerät 30 Tage lang speichern|Mémoriser les informations de connexion (nom d'utilisateur et mot de passe temporaire) sur cet appareil pendant 30 jours
link_main_account|Link Main Account|Yhdistä päätili|Vincular a Conta Principal|Связать основную учетную запись|連結主帳號|メイン アカウントをリンク|주 계정 연결|Hauptkonto verknüpfen|Associer le compte principal
account_settings|Account Settings|Tiliasetukset|Configurações da Conta|Настройки учетной записи|帳號設定|アカウント設定|계정 설정|Kontoeinstellungen|Paramètres du compte
initial_migration_prompt|We have scaled up the [c_yellow]PanicNet network[c_reset] to bring you a smoother and more stable online experience.[nl]Your data is currently stored in [c_aqua]Europe[c_reset].[nl]We are offering you one [c_yellow]free migration[c_reset] in case you want to change server to a closer location.[nl][c_lime]Leaderboards, Marketplace and Multiplayer are shared across all regions.[c_reset][nl][nl]Choose a region closest to you:||Aumentamos a escala da [c_yellow]PanicNet network[c_reset] para proporcionar a você uma experiência on-line mais suave e estável.[nl]Seus dados estão atualmente armazenados na [c_aqua]Europa[c_reset].[nl]Estamos oferecendo a você uma [c_yellow]migração gratuita[c_reset] caso você queira mudar o servidor parra um local mais próximo.[nl][c_lime]O placar de líderes, o mercado e o modo multijogador são compartilhados entre todas as regiões.[c_reset][nl][nl]Escolha a região mais próxima de você:|Мы расширили [c_yellow]сеть PanicNet[c_reset], чтобы обеспечить вам более плавный и стабильный опыт работы в сети.[nl]Ваши данные в настоящее время хранятся в [c_aqua]Европе[c_reset].[nl]Мы предлагаем вам одну [c_yellow]бесплатную миграцию[c_reset], если вы захотите сменить сервер на более близкий.[nl][c_lime]Таблицы лидеров, Торговая площадка и Мультиплеер доступны во всех регионах.[c_reset][nl][nl]Выберите ближайший к вам регион:|我們擴大了[c_ellow]網路[c_reset]，為您帶來更流暢、更穩定的線上體驗。[nl]您的資料目前儲存在[c_aqua]歐洲[c_reset]中。[nl]如果您想將伺服器更改到更近的位置，我們將為您提供一個[c_ellow]免費遷移[c_reset]。[nl][c_lime]排行榜、市場和多人遊戲在所有地區共享。[c_reset][nl][nl]選擇離您最近的區域：|よりスムーズで安定したオンライン エクスペリエンスを提供するために、[c_yellow]Panicnet ネットワーク[c_reset] を拡大しました。[nl]現在、お客様のデータは [c_aqua]ヨーロッパ[c_reset] に保存されています。[nl]サーバーを近い場所に変更したい場合に備えて、[c_yellow]無料移行[c_reset] を 1 回提供しています。[nl][c_lime]リーダーボード、マーケットプレイス、マルチプレイヤーはすべての地域で共有されています。[c_reset][nl][nl]最も近い地域を選択してください:|더욱 원활하고 안정적인 온라인 경험을 제공하기 위해 [c_yellow]PanicNet 네트워크[c_reset]를 확장했습니다.[nl]귀하의 데이터는 현재 [c_aqua]유럽[c_reset]에 저장되어 있습니다.[nl]더 가까운 위치로 서버를 변경하려는 경우 [c_yellow]무료 마이그레이션[c_reset]을 한 번 제공합니다.[nl][c_lime]리더보드, 마켓플레이스 및 멀티플레이어는 모든 지역에서 공유됩니다.[c_reset][nl][nl]가장 가까운 지역을 선택하세요:|Wir haben das [c_yellow]PanicNet-Netzwerk[c_reset] hochskaliert, um Ihnen ein reibungsloseres und stabileres Online-Erlebnis zu bieten.[nl]Ihre Daten werden derzeit in [c_aqua]Europa[c_reset] gespeichert.[nl]Wir bieten Ihnen eine [c_yellow]kostenlose Migration[c_reset] an, falls Sie den Server an einen näheren Standort verlegen möchten.[nl][c_lime]Bestenlisten, Marktplatz und Multiplayer werden von allen Regionen gemeinsam genutzt.[c_reset][nl][nl]Wählen Sie eine Region in Ihrer Nähe:|Nous avons étendu le [c_yellow]réseau PanicNet[c_reset] pour vous offrir une expérience en ligne plus fluide et plus stable.[nl]Vos données sont actuellement stockées en [c_aqua]Europe[c_reset].[nl]Nous vous offrons une [c_yellow]migration gratuite[c_reset] au cas où vous souhaiteriez changer de serveur vers un emplacement plus proche.[nl][c_lime]Les classements, la place de marché et le multijoueur sont partagés dans toutes les régions.[c_reset][nl][nl]Choisissez la région la plus proche de chez vous :
beta_migration_prompt|We have scaled up the [c_yellow]PanicNet network[c_reset] to bring you a smoother and more stable online experience.[nl][nl]Your data is currently stored in [c_aqua][var,regionName][c_reset].[nl][nl][c_pink]During Open Beta we encourage you to try migrating your account and data to another region.[c_reset][nl][nl][c_lime]Leaderboards, Marketplace and Multiplayer are shared across all regions.[c_reset][nl][nl]Choose a region to migrate to:||Aumentamos a escala da [c_yellow]PanicNet network[c_reset] para proporcionar a você uma experiência on-line mais suave e estável.[nl][nl]Seus dados estão atualmente armazenados em [c_aqua][var,regionName][c_reset].[nl][nl][c_pink]Durante o beta aberto nós encorajamos você a tentar migrar sua conta e dados para outra região.[c_reset][nl][nl][c_lime]O placar de líderes, mercado e o modo multijogador são compartilhados entre todas as regiões.[c_reset][nl][nl]Escolha a região que queira migrar:|Мы расширили [c_yellow]сеть PanicNet[c_reset], чтобы обеспечить вам более плавный и стабильный опыт работы в сети.[nl][nl]Ваши данные в настоящее время хранятся в [c_aqua][var,regionName][c_reset].[nl][nl][c_pink]Во время открытого бета-тестирования мы рекомендуем вам попробовать перенести свою учетную запись и данные в другой регион.[c_reset][nl][nl][c_lime]Таблицы лидеров, Торговая площадка и Многопользовательский режим являются общими для всех регионов.[c_reset][nl][nl]Выберите регион для миграции:|我們擴大了[c_ellow]網路[c_reset]，為您帶來更流暢、更穩定的線上體驗。[nl][nl]您的資料目前儲存在[c_aqua][var，regionName][c_reset]中。[nl][nl][c_pink]在公測期間，我們鼓勵您嘗試將帳號和資料遷移到另一個地區。[c_reset][nl][nl][c_lime]排行榜、市場和多人遊戲在所有地區共享。[c_reset][nl][nl]選擇要遷移到的區域|よりスムーズで安定したオンライン エクスペリエンスを提供するために、[c_yellow]Panicnet ネットワーク[c_reset] を拡大しました。[nl][nl]現在、お客様のデータは[c_aqua][var,regionName][c_reset].[nl][nl][c_pink]オープンベータ期間中は、アカウントとデータを別の地域に移行することをお勧めします。[c_reset][nl][nl][c_lime]リーダーボード、マーケットプレイス、マルチプレイヤーはすべての地域で共有されます。[c_reset][nl][nl]移行先の地域を選択してください:|더욱 원활하고 안정적인 온라인 경험을 제공하기 위해 [c_yellow]PanicNet 네트워크[c_reset]를 확장했습니다.[nl][nl]귀하의 데이터는 현재 [c_aqua][var,regionName][c_reset].[nl][nl][c_pink]오픈 베타 기간 동안 계정과 데이터를 다른 지역으로 마이그레이션해 보시기 바랍니다.[c_reset][nl][nl][c_lime]리더보드, 마켓플레이스, 멀티플레이어는 모든 지역에서 공유됩니다.[c_reset][nl][nl]이전할 지역을 선택하세요:|Wir haben das [c_yellow]PanicNet-Netzwerk[c_reset] hochskaliert, um Ihnen ein reibungsloseres und stabileres Online-Erlebnis zu bieten.[nl][nl]Ihre Daten werden derzeit in [c_aqua][var,regionName][c_reset].[nl][nl][c_pink]Während der offenen Beta empfehlen wir Ihnen, Ihr Konto und Ihre Daten in eine andere Region zu migrieren.[c_reset][nl][nl][c_lime]Bestenlisten, Marktplatz und Multiplayer werden von allen Regionen gemeinsam genutzt.[c_reset][nl][nl]Wählen Sie eine Region aus, in die Sie migrieren möchten:|Nous avons étendu le [c_yellow]réseau PanicNet[c_reset] pour vous offrir une expérience en ligne plus fluide et plus stable.[nl][nl]Vos données sont actuellement stockées en [c_aqua][var,regionName][c_reset].[nl][nl][c_pink]Pendant la bêta ouverte, nous vous encourageons à essayer de migrer votre compte et vos données vers une autre région.[c_reset][nl][nl][c_lime]Les classements, la place de marché et le mode multijoueur sont partagés entre toutes les régions.[c_reset][nl][nl]Choisissez une région vers laquelle migrer :
stay_on_europe|Stay on Europe|Pysy Euroopassa|Continuar na Europa|Оставаться в Европе|留在歐服|ヨーロッパに留まる|유럽에 머무르기|Bleiben Sie bei Europa|Rester en Europe
login_region|Login Region|Kirjautumisalue|Região de login|Регион входа|登錄區域|ログイン地域|로그인 지역|Anmelderegion|Se connecter à la région
server_region|Server Region|Pelipalvelimen alue|Região do Servidor|Регион сервера|伺服器區域|サーバー地域|서버 지역|Serverregion|Région du serveur|Región del Servidor
chat_region|Chat Region|Chat-alue|Região do Chat |Регион чата |聊天室區域|チャット地域|채팅 지역|Chatregion |Région du chat |Región de Chat
decay_in|Decay in: |Hajoaminen:|Decadência em:|Упадет через: |剩餘時間：|減衰: |감소: |Verfall in: |Déclin en : 
decay_days| Days.| Päivässä| Dias.|Дней.|天。|日。| 일.|Tagen.|Jours.
requires_level|Requires Level|Vaatii tason|Requer Nível|Требуется уровень |需要等級|レベルが必要です|레벨 필요|Erfordert Level |Nécessite un niveau 
has_been_created|has been created!|on luotu!|foi criado!|был создан!|已被創建！|が作成されました!|가 생성되었습니다!|wurde erstellt!|a été créé !
guild_create_failed|Guild creation failed.|Killan luominen epäonnistui.|A criação da Guilda falhou.|Не удалось создать гильдию. |公會創建失敗。 |ギルドの作成に失敗しました。 |길드 생성에 실패했습니다.|Gildenerstellung fehlgeschlagen. |La création de la guilde a échoué. 
guild_name_taken|Guild name has already been taken.|Killan nimi on jo varattu.|O nome da guilda já foi escolhido.|Название гильдии уже занято.|公會名稱已被使用。|ギルド名はすでに使用されています。|길드 이름이 이미 사용되고 있습니다.|Gildenname ist bereits vergeben.|Le nom de la guilde a déjà été pris.
guild_tag_taken|Guild tag has already been taken.|Kiltatunniste on jo varattu.|A tag da guilda já foi escolhida. |Тег гильдии уже занят.|公會標籤已被使用。|ギルドタグはすでに使用されています。|길드 태그가 이미 사용되고 있습니다.|Gildentag ist bereits vergeben.|Le tag de la guilde a déjà été pris. 
guild_tag_changed|Guild tag has been changed!|Killan tunniste on vaihdettu!|A tag da Guilda foi alterada!|Тег гильдии был изменен!|公會標籤已更改！|ギルドタグが変更されました!|길드 태그가 변경되었습니다!|Gildentag wurde geändert!|Le tag de la guilde a été modifié !
guild_tag_failed|Guild tag change failed…|Kiltatunnisteen vaihto epäonnistui… |Falha na alteração da tag da Guilda…|Не удалось изменить тег гильдии…|公會標籤更改失敗…|ギルドタグの変更に失敗しました…|길드 태그 변경에 실패했습니다…|Änderung des Gildentags fehlgeschlagen …|Échec du changement de tag de guilde
guild_delete|Are you sure you want to delete the Guild?|Oletko varma että haluat poistaa tämän killan?|Tem certeza que quer deletar a Guilda?|Вы уверены, что хотите удалить гильдию?|您確定要刪除公會嗎？|ギルドを削除してもよろしいですか?|길드를 삭제하시겠습니까?|Möchten Sie die Gilde wirklich löschen?|Êtes-vous sûr de vouloir supprimer la guilde ?
guild_send_invite|Send Guild Invite|Lähetä kiltakutsu|Enviar convite para Guilda.|Отправить приглашение в гильдию|發送公會邀請|ギルド招待を送信|길드 초대 보내기|Gildeneinladung senden|Envoyer invitation de guilde
connection_failed|Connection failed.|Yhteys epäonnistui.|Falha na conexão.|Ошибка подключения.|連接失敗。|接続に失敗しました。|연결에 실패했습니다.|Verbindung fehlgeschlagen.|Échec de connexion
message_invite_error|Is not available. Please check that your season and hardcore status match.|ei ole saatavilla. Varmista että kausi ja kuolevaisuustilasi täsmää.|Não está disponível. Verifique se o status de temporada e hardcore correspondem.|Недоступно. Проверьте, совпадают ли ваш сезон и статус хардкора.|不可用。  請檢查您的賽季和困難模式是否匹配。|利用できません。シーズンとハードコアステータスが一致していることを確認してください。|사용할 수 없습니다. 시즌과 하드코어 상태가 일치하는지 확인하세요.|Ist nicht verfügbar. Bitte überprüfen Sie, ob Ihre Saison und Ihr Hardcore-Status übereinstimmen.|Ceci n'est pas disponible. Veuillez vérifier que votre saison et votre statut hardcore correspondent.
difficulty_not_unlocked|Difficulty not unlocked!|Vaikeustaso lukossa!|Dificuldade não desbloqueada!|Сложность не разблокирована!|難度未解鎖！|難易度がロック解除されていません!|난이도가 잠금 해제되지 않았습니다!|Schwierigkeitsgrad nicht freigeschaltet!|Difficulté non débloquée !
hold_button|Hold|Paina pohjassa|Segure|Удерживайте|按住|スキップするには|누르고있기|Halten|Maintenez
to_skip|to skip|ohittaaksesi|para pular|для пропуска|跳過|を押し続けます|스킵|zum Überspringen gedrückt|pour passer
just_found|Just found|Löysi|Encontrou|Только что найдено|剛剛發現了|が今発見|님이 지금 발견|Gerade gefunden|en bêta
in_beta|in BETA|BETASSA|no BETA|в БЕТА-версии|已領取的物品|ベータ版で見つかりました|In BETA|in BETA|Objet récupéré
items_claimed|Items claimed|esineitä lunastettu|Itens reivindicados|Предметы получены|物品已領取|アイテムを取得しました|아이템 획득|Gegenstände beansprucht|Bienvenue au Pôle Sud ! Cet endroit est trop froid même pour les monstres, mais pas pour les pingouins ! Trouve seule le pingouin qui parle pour continuer !
south_pole|Welcome to the South Pole! This place is too cold even for monsters, but not for penguins! Find the talking penguin to proceed!|Tervetuloa etelänavalle! Tämä paikka on liian kylmä jopa hirviöille, mutta ei pingviineille! Löydä puhuva pingviini jatkaaksesi!|Bem-vindo ao Polo Sul! Este lugar é muito frio até para monstros, mas não para pinguins! Encontre o pinguim falante para prosseguir!|Добро пожаловать на Южный полюс! Это место слишком холодно даже для монстров, но не для пингвинов! Найдите говорящего пингвина, чтобы продолжить!|歡迎來到南極！這個地方連怪物都覺得太冷，[nl]但對企鵝來說不是問題！找到說話的企鵝以繼續前進！|南極へようこそ! ここはモンスターにとっても寒すぎますが、ペンギンにとってはそうではありません! 先に進むには話すペンギンを見つけてください!|남극에 오신 것을 환영합니다! 이곳은 몬스터들에게도 너무 추운 곳이지만, 펭귄들에게는 전혀 그렇지 않아요! 진행하려면 말을 하는 펭귄을 찾아보세요!|Willkommen am Südpol! Dieser Ort ist selbst für Monster zu kalt, aber nicht für Pinguine! Finden Sie den sprechenden Pinguin, um fortzufahren!|Limite d'achat sur le marché atteinte. Veuillez patienter avant d'en acheter d'autres !
market_limit|Market buy limit reached. Please wait before buying more!||O limite de compra do mercado foi atingido. Por favor, aguarde antes de comprar mais!|Лимит покупок на рынке достигнут. Пожалуйста, подождите, прежде чем покупать еще!|市場購買限額已達到。請稍後再購買！|市場の購入制限に達しました。さらに購入する前にお待ちください!|마켓 구매 한도에 도달했습니다. 더 구매하려면 잠시 기다려주세요!|Marktkauflimit erreicht. Bitte warten Sie, bevor Sie mehr kaufen!|Êtes-vous sûr de vouloir acheter ?
xmas_ice_warning|[shake_letter][c_red]BEWARE OF THE WEAK ICE![shake_reset]||[shake_letter][c_red]CUIDADO COM O GELO FRÁGIL[shake_reset]|[shake_letter][c_red]ОСТЕРЕГАЙТЕСЬ СЛАБОГО ЛЬДА![shake_reset]|[shake_letter][c_red]小心薄冰![shake_reset]|[shake_letter][c_red]弱い氷にご注意ください![shake_reset]|[shake_letter][c_red]약한 얼음에 주의하세요![shake_reset]|[shake_letter][c_red]HÜTEN SIE SICH VOR DEM SCHWACHEN EIS![shake_reset]|
buy_item_confirm|Are you sure you want to buy?|Oletko varma että haluat ostaa?|Tem certeza de que quer comprar?|Вы уверены, что хотите купить?|您確定要購買嗎|購入してもよろしいですか?|정말 구매 하시겠습니까?|Möchten Sie wirklich kaufen?|Paramètres
inventory_main|Main|Oletus|Principal|Main|主要|メイン|메인|Haupt|Principal
inventory_extra|Extra|Lisä|Extra|Extra|額外|エクストラ|추가|Extra|Secondaire
discord_official|Official Discord|Virallinen Discord|Discord Oficial|Official Discord|官方 Discord|公式 Discord|공식 디스코드|Offizieller Discord|Discord officiel
bind_hint|Hint: You can bind multiple skills by hovering a skill and pressing a skill bind button (these can be found in the options)||Dica: Você pode vincular várias habilidades passando o mouse sobre uma habilidade e pressionando o botão de vinculação de habilidade (podem ser encontrados nas configurações)|Подсказка: вы можете привязать несколько навыков, наведя курсор на навык и нажав кнопку привязки навыка (их можно найти в настройках)|提示：您可以將多個技能綁定在一起，[nl]方法是將鼠標懸停在技能上並按下技能綁定按鈕（這些按鈕可以在選項中找到） |ヒント: スキルにカーソルを合わせてスキル バインド ボタンを押すと、複数のスキルをバインドできます (これらはオプションにあります)|힌트: 스킬 위에 마우스를 올리고 스킬 설정 버튼을 눌러 여러 스킬들을 설정할 수 있습니다(옵션에서 찾을 수 있습니다).|Tipp: Sie können mehrere Fähigkeiten binden, indem Sie mit der Maus über eine Fähigkeit fahren und eine Schaltfläche zum Binden von Fähigkeiten drücken (diese finden Sie in den Optionen)|Conseil : vous pouvez lier plusieurs compétences en survolant une compétence et en appuyant sur une touche de raccourci (Vous pouvez modifier ces dernières depuis Option > Contrôles).
server_level_req|Minimum Player Level|Pelaajan minimitaso|Nível Mínimo do Jogador|Минимальный уровень игрока |最低玩家等级|最小プレイヤー レベル |최소 플레이어 레벨|Mindestspielerlevel |Niveau min. requis
server_steam_friend_password|Steam friends can join without password|Steam kaverit voivat liittyä ilman salasanaa|Amigos da steam podem entrar sem uma senha|Друзья Steam могут присоединиться без пароля|Steam好友無需密碼即可加入|Steam フレンドはパスワードなしで参加できます|Steam 친구는 비밀번호 없이 참여할 수 있습니다|Steam-Freunde können ohne Passwort beitreten|Les amis Steam peuvent rejoindre sans mot de passe
steam_invite_character_not_compatible|This character is not compatible with the game invite. Do you want to dismiss the invite?|Tämä hahmo ei ole yhteensopiva pelikutsun kanssa. Haluatko hylätä kutsun?|Este personagem não é compatível com o convite para jogo. Deseja cancelar o convite?|Этот персонаж несовместим с приглашением в игру. Вы хотите отклонить приглашение?|此角色與遊戲邀請不相容。是否要拒絕邀請？|このキャラクターはゲーム招待と互換性がありません。招待を拒否しますか?|이 캐릭터는 게임 초대와 호환되지 않습니다. 초대를 취소하시겠습니까?|Dieser Charakter ist nicht mit der Spieleinladung kompatibel. Möchten Sie die Einladung ablehnen?|Ce personnage n'est pas compatible avec l'invitation de jeu. Voulez-vous rejeter l'invitation ?
steam_invite_ingame_exit|Do you want to exit current session to join game invite?|Haluatko lopettaa nykyisen pelin ja liittyä pelikutsuun?|Deseja sair da sessão atual para aceitar o convite de jogo?|Вы хотите выйти из текущего сеанса, чтобы присоединиться к приглашению в игру?|您想退出當前遊戲以加入遊戲邀請嗎？|ゲーム招待に参加するために現在のセッションを終了しますか?|현재 세션을 종료하고 게임 초대에 참여하시겠습니까?|Möchten Sie die aktuelle Sitzung beenden, um der Spieleinladung beizutreten?|Voulez-vous quitter la session en cours pour rejoindre l'invitation de jeu ?
augments|Augments|Lisävoimat|Aumentos|Улучшения|強化圖鑑|増強|강화|Erweiterungen|Augmentations
unspent_attribute|Attribute Points|Ominaisuuspisteet|Pontos de Atributo|Очки характеристик|屬性點|属性ポイント|능력치 포인트|Attributpunkte|Points d'attribut
unspent_skill|Skill Points|Taitopisteet|Pontos de Habilidade|Очки навыков|技能點|スキルポイント|스킬 포인트|Fertigkeitspunkte|Points de compétence
specialization_title|Skill Specialization|Taitojen erikoistuminen|Especialização de Habilidade|Специализация навыков|專精技能|スキル特化|스킬 전문화|Fertigkeitsspezialisierung|Spécialisation de compétence
specialization_description|Specialize, boost and change how this skill works!|Erikoistu, tehosta ja muuta tämän taidon toimintaa!|Escolha sua especialização e aumente o valor principal da habilidade escolhida! Você sempre pode mudar de especialização redefinindo seus pontos de habilidade.|Специализируйте, усиливайте и изменяйте работу этого навыка!|選擇你的專精技能並提升所選技能的主要能力! 您始終可以透過重置技能點數來更改專精！|このスキルを特化、強化、および動作方法を変更します!|전문화, 이 스킬을 강화하고 작동방식을 변경하세요!|Spezialisieren Sie sich, steigern Sie und ändern Sie die Funktionsweise dieser Fähigkeit!|Spécialisez, améliorez et modifiez le fonctionnement de cette compétence !
specialization_desc_short|Choose a skill to specialize in, boosting its strength!|Valitse taito, johon haluat erikoistua ja vahvista sen vahvuutta!|Escolha uma habilidade para se especializar, aumentando sua força!|Выберите навык, на котором хотите специализироваться, увеличивая его силу!|選擇一項專精技能，增強其力量！|特化するスキルを選択して、その強さを強化します!|전문화할 스킬을 선택하여 스킬을 강화하세요!|Wählen Sie eine Fähigkeit, auf die Sie sich spezialisieren möchten, und steigern Sie ihre Stärke!|Choisissez une compétence dans laquelle vous spécialiser, augmentant sa force !
speciality|Speciality|Erikoisuus|Especialidade|Специализация|專精|特化|전문화|Spezialität|Spécialité
exit|Exit|Poistu|Sair|Выйти|出口|終了|종료|Beenden|Quitter
assign_skill|Assign Skill Bind|Määritä Skill Bind|Atribuir Vínculo de Habilidade|Назначить привязку навыков|分配技能綁定|スキルバインドの割り当て|스킬 설정 할당|Fertigkeitsbindung zuweisen|Assigner un lien de compétence
hero_talent_board|Hero Skills|Sankaritaidot|Habilidades do Herói|Навыки героя|英雄技能|ヒーロースキル|영웅 스킬|Heldenfähigkeiten|Compétences de héros
mercenary_skills|Mercenary Skills|Palkkasoturitaidot|Habilidades do Mercenário|Навыки наемника|傭兵技能|傭兵スキル|용병 스킬|Söldnerfähigkeiten|Compétences de mercenaire
unlock_tower_chest|Unlocked in Inferno|Avattu Infernossa|Desbloqueado no Inferno|Открывается в Inferno|在煉獄解鎖|インフェルノでロック解除|인페르노에서 잠금 해제|In Inferno freigeschaltet|Débloqué dans Inferno
next_quest|Next Quest|Seuraava tehtävä|Próxima Quest|Следующий квест|下一個任務|次のクエスト|다음 퀘스트|Nächste Quest|Prochaine quête
convert_odyssey_to_normal|Convert to Normal|Muunna normaaliksi|Converter para Normal|Преобразовать в обычного|轉換為普通|通常に変換|일반으로 전환|In Normal umwandeln|Convertir en normal
convert_odyssey_to_normal_confirm|Are you sure you want to convert your Odyssey character to a normal character?|Oletko varma, että haluat muuntaa Odyssey-hahmosi tavalliseksi hahmoksi?|Você tem certeza de que quer converter seu personagem Odisseia para um personagem normal?|Вы уверены, что хотите преобразовать своего персонажа Odyssey в обычного персонажа?|您確定要將您的奧德賽角色轉換為普通角色嗎？|オデッセイキャラクターを通常のキャラクターに変換してもよろしいですか?|오디세이 캐릭터를 일반 캐릭터로 전환하시겠습니까?|Sind Sie sicher, dass Sie Ihren Odyssey-Charakter in einen normalen Charakter umwandeln möchten?|Êtes-vous sûr de vouloir convertir votre personnage Odyssey en personnage normal ?
dont_save|Don´t Save|Älä Tallenna|Não Salvar|Не сохранять|不保存|保存しない|저장 안 함|Nicht speichern|Ne pas sauvegarder
dungeon_rune_rate|Rune drop rates|Rune drop rates|Taxas de obtenção de runas|Вероятность выпадения рун|符文掉落率|ルーンのドロップ率|룬 드롭률|Runen-Droprate|Taux d'obtention des runes|Probabilidad de obtención de runas|Szanse na drop run
dungeon_craft_material_rate|Crafting material drop rates|Crafting material drop rates|Taxas de obtenção de materiais de criação|Вероятность выпадения материалов для крафта|製作材料掉落率|クラフト素材のドロップ率|제작 재료 드롭률|Droprate für Handwerksmaterialien|Taux d'obtention des matériaux d'artisanat|Probabilidad de obtención de materiales de artesanía|Szanse na drop materiałów rzemieślniczych
dungeon_heroic_rate|Heroic item drop rates|Heroic item drop rates|Taxas de obtenção de itens heroicos|Вероятность выпадения героических предметов|英雄級物品掉落率|英雄級アイテムのドロップ率|영웅 아이템 드롭률|Droprate für Heldengegenstände|Taux d'obtention des objets héroïques|Probabilidad de obtención de objetos heroicos|Szanse na drop przedmiotów Heroicznych
dungeon_angelic_rate|Angelic item drop rates|Angelic item drop rates|Taxas de obtenção de itens angelicais |Вероятность выпадения ангельских предметов |天使級物品掉落率 |天使級アイテムのドロップ率 |천사 아이템 드롭률 |Droprate für Engelsgegenstände|Taux d'obtention des objets angéliques |Probabilidad de obtención de objetos angelicales |Szanse na drop przedmiotów Anielskich
dungeon_monster_life|Monster life scaling|Monster life skaalaus|Escalonamento da Vida de Monstros|Масштабирование жизни монстра|怪物生命縮放|モンスターライフスケーリング|몬스터 생명력 스케일링|Monsterlebensskalierung|Augmentation de la vie des monstres
dungeon_monster_damage|Monster damage scaling|Monsterivaurioiden skaalaus|Escalonamento do Dano de Monstros|Масштабирование урона монстра|怪物傷害縮放|モンスターダメージスケーリング|몬스터 데미지 스케일링|Monsterschadensskalierung|Augmentation des dégâts des monstres
incarnation_altar|Altar of Incarnation|Inkarnaation alttari|Altar da Incarnação|Алтарь воплощения|化身祭壇|化身の祭壇|인카네이션의 제단|Altar der Inkarnation|Autel d'incarnation
creation_no_skill|No Chosen Skill|Ei valittua taitoa|Nenhuma Habilidade Selecionada|Нет выбранного навыка|沒有選擇技能|選択したスキルなし|선택한 스킬 없음|Keine ausgewählte Fähigkeit|Aucune compétence choisie
creation_hover_skill|Hover the skills on the left to show descriptions!|Näytä kuvaukset viemällä taidot vasemmalle!|Passe o Mouse nas Habilidades da Esquerda para mostrar as descrições!|Наведите указатель мыши на навыки слева, чтобы увидеть описания!|將技能懸停在左側以顯示描述！|左側のスキルにカーソルを合わせると説明が表示されます!|왼쪽에 있는 스킬에 마우스를 올려놓으면 설명이 표시됩니다!|Bewegen Sie den Mauszeiger über die Fähigkeiten auf der linken Seite, um Beschreibungen anzuzeigen!|Passez la souris sur les compétences à gauche pour afficher les descriptions !
inventory_tab_buy_prompt|Would you like to purchase an extra inventory tab?|Haluatko ostaa ylimääräisen varastovälilehden?|Você gostaria de comprar uma aba de inventário extra?|Хотите приобрести дополнительную вкладку инвентаря?|您是否要購買額外的倉庫頁？|追加のインベントリタブを購入しますか?|추가 인벤토리 탭을 구매하시겠습니까?|Möchten Sie eine zusätzliche Inventarregisterkarte kaufen?|Souhaitez-vous acheter un onglet d'inventaire supplémentaire ?
get_more_character_slots|Get More Slots|Hanki lisää kolikkopelejä|Obtenha Mais Espaços|Получить больше слотов|獲得更多角色槽位|スロットを増やす|더 많은 슬롯을 얻으세요|Mehr Slots erhalten|Obtenez plus d'emplacements
manage_subscription|Manage Subscription|Hallinnoi tilausta|Gerenciar Assinatura|Управление подпиской|管理訂閱|サブスクリプションの管理|구독 관리|Abonnement verwalten|Gérer l'abonnement
clear_active_sessions|Clear active sessions|Tyhjennä aktiiviset istunnot|Limpar sessões ativas |Очистить активные сеансы|斷開當前鏈接|アクティブセッションをクリア|활성 세션 지우기|Aktive Sitzungen löschen|Effacer les sessions actives
charms|Charms|Charms|Talismãs|Чары|護身符|チャーム|참|Charms|Charmes
iap_max_amount|You already have the maximum amount of this product.|Sinulla on jo tämän tuotteen enimmäismäärä.|Você já tem a quantidade máxima deste produto.|У вас уже есть максимальное количество этого продукта.|您已經擁有該產品的最大數量。|この製品の最大数量がすでにあります。|이미 이 제품의 최대 한도를 가지고 있습니다.|Sie haben bereits die maximale Menge dieses Produkts.|Vous possédez déjà la quantité maximale de ce produit.
iap_disabled|In Application Purchases have been disabled.|Sovelluksessa ostot on poistettu käytöstä. |As compras no aplicativo foram desabilitadas. |Покупки в приложении отключены. |已停用在應用程式中購買。 |アプリケーション内での購入は無効になっています。 |애플리케이션에서 구매가 비활성화되었습니다. |In der Anwendung wurden Käufe deaktiviert. |Les achats dans l'application ont été désactivés. 
continue_unlinked|Continue unlinked||||繼續解除連結||||
go_to_checkout|Go To Checkout||||前往結帳|チェックアウトへ進む|결제 페이지로 이동|||Ir a Pagar
|||||||||||
[options]|||||||||||
video|Video|Kuva|Vídeo|Видео|影像|オーディオ|비디오|Video|Vidéo
audio|Audio|Ääni|Áudio|Аудио|音訊|コントロール|오디오|Audio|Audio
controls|Controls|Näppäimet|Controles|Управление |按鍵設定|コードを引き換える|조작|Steuerungen|Contrôles
redeem_code|Redeem code|Lunasta koodi|Resgatar Código|Активировать код|兌換啟動碼|戻る|리딤코드|Code einlösen|Code d'échange
back|Back|Palaa|Voltar|Назад|返回|表示モード|뒤로|Zurück|Retour
display_mode|Display Mode|Kuvatila|Modo de Exibição|Режим отображения|顯示模式|フルスクリーン|디스플레이 모드|Anzeigemodus|Mode d'affichage
fullscreen|Fullscreen|Kokoruutu|Tela cheia|Полноэкранный|全螢幕|ウィンドウ|전체 화면|Vollbild|Plein écran
windowed|Windowed|Ikkuna|Em janela|Оконный|視窗化|ウィンドウ フルスクリーン|창 모드|Fenster|Fenêtré
windowed_fullscreen|Windowed fullscreen|Kokoruudun ikkuna|Tela cheia em janela|Полноэкранное окно|全螢幕視窗|ウィンドウ サイズ|전체 창 모드 화면|Fenster-Vollbild|Plein écran fenêtré
window_size|Window Size|Ikkunan Koko|Tamanho da janela|Размер окна|視窗大小|アスペクト比 |창 크기|Fenstergröße|Taille de la fenêtre
aspect_ratio|Aspect Ratio|Kuvasuhde|Proporção|Соотношение сторон|長寬比 |サイズ|종횡비|Seitenverhältnis |Ratio d'affichage
size|Size|Koko|Tamanho|Размер|解析度|グラフィックス|크기|Größe|Taille
graphics|Graphics|Grafiikat|Gráficos|Графика|影像品質|高い|그래픽|Grafikstufe|Graphisme
high|High|Korkea|Alto|Высокий|高|中|최상|Hoch|Élevée
medium|Medium|Keskitaso|Médio|Среднее|中|低い|보통|Mittel|Moyen
low|Low|Matala|Baixo|Низкий|低|オン|최하|Niedrig|Bas
on|On|Kyllä|Ligado|Вкл|開|オフ|켜기|An|Activé
off|Off|Ei|Desligado|Выкл|關|振動|끄기|Aus|Désactivé
shaking|Screen Shake|Ruuduntärinä|Tremor da Tela|Дрожание экрана|螢幕震動|ダメージを表示する|화면 흔들림|Bildwackeleffekte|Secousses d'écran
show_damage|Show Damage|Näytä vahinko|Mostrar Dano|Показать урон|顯示傷害|音楽|피해량 표시|Schaden anzeigen|Afficher les dégâts
music|Music|Musiikki|Música|Музыка|音樂|マスターボリューム|음악|Musik|Musique
master_volume|Master volume|Äänenvoimakkuus|Volume Geral|Общая громкость игры|主音量|音楽ボリューム|마스터 볼륨|Master-Lautstärke|Volume général
music_volume|Music volume|Musiikin voimakkuus|Volume da Música|Громкость музыки|音樂音量|アンビエントボリューム|음악 볼륨|Musiklautstärke|Volume de la musique
ambient_volume|Ambient volume|Ympäristöäänien voimakkuus|Volume do Ambiente|Звуки окружения|環境音量|サウンドボリューム|배경 볼륨|Umgebungslautstärke|Volume ambiant
sound_volume|Sound volume|Ääniefektien voimakkuus|Volume do Som|Звуковые эффекты|音效音量|戦利品ボリューム|사운드 볼륨|Sound-Lautstärke|Volume sonore
loot_volume|Loot volume|Esineiden voimakkuus|Volume do Loot|Звук выпад. добычи|戰利品音量|声優ボリューム |전리품 볼륨|Beutelautstärke|Volume de butin
voice_acting_volume|Voice acting volume|Ääninäyttelyn voimakkuus|Volume da Dublagem|Громкость озвучки|語音演出音量 |バイブレーション|음성 연기 볼륨|Lautstärke der Sprachausgabe |Volume des voix
vibration|Vibration|Tärinä|Vibração|Вибрация|振動|ボイスアクチング|진동|Vibration|Vibrations
voice_acting|Voice acting|Ääninäyttely|Dublagem|Озвучка|旁白配音|デフォルト|더빙|Sprachsteuerung|Interprétation vocale
defaults|Defaults|Oletukset|Padrão|По умолчанию|默認設置|デフォルト|기본값|Standardeinstellungen|Par défaut
default|Default|Oletus|Padrão|По умолчанию|默認|名前を表示する|기본|Standard|Défaut
show_player_name|Show Player Name|Näytä pelaajan nimi|Mostrar Nome do Jogador|Показать имя игрока|顯示玩家名稱|ヘルスを表示する|플레이어 이름 표시|Spielernamen anzeigen|Afficher le nom du joueur
show_player_health|Show Player Health|Näytä pelaajan elämä|Mostrar Vida do Jogador|Показать здор. игрока|顯示玩家生命值|ヘルスバーを表示する|플레이어 체력 표시|Lebenspunkte anzeigen|Afficher la santé du joueur
show_enemy_health|Always Show Enemy Health|Näytä vihollisten elämä aina|Sempre Mostrar Vida do Inimigo|Показ здоровья врага|始終顯示敵人生命值|チームメイトの弾を表示|적 체력 표시|Feindliche Lebenspunkte anzeigen|Afficher la santé de l'ennemi
show_player_projectiles|Show Teammate Projectiles|Näytä tiimiläisten hyökkäykset|Mostrar Projéteis Aliados|Показать снаряды товарища по команде|顯示隊友投射物|戦利品名の表示|팀원 투사체 표시|Freundliche Projektile|Afficher les projectiles des coéquipiers
show_loot_names|Show Loot Names|Näytä esineiden nimet|Mostrar Nome de Itens|Показ названия добычи|顯示戰利品名稱|ゲームパッド用の照準を表示|전리품 이름 표시|Beutenamen anzeigen|Afficher le nom du butin
show_gamepad_crosshair|Show Controller Crosshair|Näytä peliohjaimen tähtäin|Mostrar Mira do Controle|Показать перекрестие геймпада|顯示遊戲手把準星|十字線を表示|게임패드 십자키 표시|Controller-Fadenkreuz anzeigen|Afficher le réticule de la manette
show_crosshair|Show Crosshair|Näytä tähtäin|Mostrar Mira|Показать перекрестие|顯示十字準星|アビリティダメージの色|십자선 표시|Fadenkreuz anzeigen|Afficher le réticule
color_ability_damage|Ability Damage Color|Taitovahingon väri|Cor de Dano de Habilidade|Цвет урона способностей|技能傷害顏色|基本ダメージの色|능력 데미지 색상|Fähigkeits-Trefferfarbe|Couleur des dégâts de compétences
color_basic_damage|Basic Damage Color|Perusvahingon väri|Cor de Dano Básico|Базовый цвет урона|基礎傷害顏色|クリティカルダメージの色|기본 데미지 색상|Grund-Trefferfarbe|Couleur des dégâts de base
color_crit_damage|Critical Damage Color|Kriittisen vahingon väri|Cor de Dano Crítico|Цвет критического урона|暴擊傷害的顏色|回復の色|치명타 데미지 색상|Kritische-Trefferfarbe|Couleur des dégâts critiques
color_heal|Heal Color|Parannuksen väri|Cor de Cura|Цвет исцеления|回血數字顏色|アウトラインの色|힐 색상|Farbe Heilung|Couleur des soins
color_outline|Outline Color|Ääriviivojen väri|Cor do Contorno|Цвет контура|小地圖輪廓的顏色|ミニマップの色|윤곽선 색상|Umrissfarbe|Couleur des contours
color_minimap|Minimap Color|Kartan väri|Cor do Minimapa|Цвет миникарты|小地圖背景的顏色|能力ダメージサイズ|미니맵 색상|Minikarten-Farbe|Couleur de la mini-carte
size_ability_damage|Ability Damage Size|Taitovahingon koko|Tamanho de Dano da Habilidade|Урона способностью|技能傷害數字大小|基本ダメージサイズ|능력 데미지 크기|Größe Fähigkeitensschaden|Taille des dégâts de compétences
size_basic_damage|Basic Damage Size|Perusvahingon koko|Tamanho de Dano Básico|Базовый урон|基本傷害數字大小|クリティカルダメージサイズ|기본 데미지 크기|Größe Grundschaden|Taille des dégâts de base
size_crit_damage|Critical Damage Size|Kriittisen vahingon koko|Tamanho de Dano Crítico|Критический урон|暴擊傷害數字大小|ヒールサイズ|치명타 데미지 크기|Größe Kritischer Schaden|Taille des dégâts critiques
size_heal|Heal Size|Parannuksen koko|Tamanho da Cura|Исцеление|回血數字大小|シェーダー有効|힐 크기|Größe Heilung|Taille des soins
shaders_enabled|Shaders Enabled|Käytä varjostimia|Shaders Ativado|Шейдеры включены|啟用著色器|ゲームプレイ |셰이더 활성화|Schattierer|Shaders activés
gameplay|Gameplay|Peliasetukset|Gameplay|Геймплей|遊戲設定 |自動で拾う|게임플레이|Gameplay |Gameplay
auto_pickup|Auto Pickup|Nosta automaattisesti|Pegar Automaticamente|Автоподборщик|自動拾取|自動攻撃|자동 픽업|Auto-Pickup|Ramassage automatique
auto_attack|Auto Attack|Hyökkää automaattisesti|Atacar Automaticamente|Автоатака|自動攻擊|つかんで投げる|자동 공격|Auto-Angriff|Attaque automatique
hold_to_cast|Hold to cast|Taio painamalla pohjassa|Segurar para Conjurar|Удерживайте, чтобы применить|按住施法|ファイル|오래 눌러서 시전|Gedrückt halten zum Zaubern|Maintenir pour lancer un sort
file|file|tiedosto|arquivo|файл|文件|セーブ の 復元 に 成功！|파일|datei|fichier
save_recovered|Save successfully recovered!|Tallennus palautettu onnistuneesti!|Salvamento recuperado com sucesso!|Сохранение успешно восстановлено!|保存成功恢復！|クリスタル が 追加 さ れました！|저장이 성공적으로 복구되었습니다!|Spielstand erfolgreich wiederhergestellt!|Sauvegarde récupérée avec succès !
crystals_added|crystals added!|kristallia lisätty!|cristais adicionados!|добавлены кристаллы!|水晶已新增！|この 動作 を 行う と、 この キャラクター の ワームホール の ハイスコア も 消去 さ れます！|크리스탈 추가!|Kristalle hinzugefügt!|cristaux ajoutés !
delete_highscore|This will also delete wormhole highscores associated with this character!|Tämä poistaa myös hahmoon liittyvät madonreikä-sijoitukset!|Isso também apagará recordes de buraco de minhoca associados a este personagem!|Это также приведет к удалению рекордов червоточин, связанных с этим персонажем!|同時刪除與此角色相關的蟲洞層數數據！|選択|이 캐릭터로 달성한 웜홀 최고 기록도 지워지게됩니다!|Dadurch werden auch die Wurmloch-Highscores die mit diesem Charakter verbunden sind gelöscht!|Cela supprimera également les meilleurs scores des Vortex associés à ce personnage !
choose|Choose|Valitse|Escolher|Выбирать|選擇|上に移動|선택하기|Wähle|Choisissez
move_up|Move up|Liiku ylös|Mover para cima|Вверх|向上移動|下に移動|위로 이동|Nach oben bewegen|Se déplacer en haut
move_down|Move down|Liiku alas|Mover para baixo|Двигаться вниз|向下移動|左に移動|아래로 이동|Nach unten bewegen|Se déplacer en bas
move_left|Move left|Liiku vasen|Mover para esquerda|Двигай влево|向左移動|右に移動|왼쪽으로 이동|Nach links bewegen|Se déplacer à gauche
move_right|Move right|Liiku oikea|Mover para direita|Двигаться вправо|向右移動|上に攻撃|오른쪽으로 이동|Nach rechts bewegen|Se déplacer à droite
attack_up|Attack up|Hyökkää ylös|Atacar para cima|Атака вверх|向上攻擊|下に攻撃|위쪽 공격|Angriff nach oben|Attaquer en haut
attack_down|Attack down|Hyökkää alas|Atacar para baixo|Атака вниз|向下攻擊|左に攻撃|아래쪽 공격|Angriff nach unten|Attaquer en bas
attack_left|Attack left|Hyökkää vasen|Atacar para esquerda|Атака слева|向左攻擊|右に攻撃|왼쪽 공격|Angriff links|Attaquer à gauche
attack_right|Attack right|Hyökkää oikea|Atacar para direita|Атака вправо|向右攻擊||오른쪽 공격|Angriff rechts|Attaquer à droite
use_potion|Use potion|Käytä rohto|Usar poção|Использовать зелье|使用藥水|アイテムを使用する|포션 사용|Trank verwenden|Boire une potion
use_item|Use item|Käytä esine|Usar item|Использовать товар|使用物品|タレント|아이템 사용|Relikt verwenden|Utiliser un objet
talents|Skill Menu|Taitovalikko|Talentos|Меню навыков|技能頁面|スキル|스킬 메뉴|Talente|Menu de compétence
skill|Skill|Taito|Habilidades|Навык|技能|拾う/使用|스킬|Fertigkeit|Compétences
pickup_use|Pickup / Use|Nosta / Käytä|Pegar / Usar|Подбор/Использование|拾取/使用|ミニマップ|줍기 / 사용|Aufheben / Verwenden|Ramasser \ Utiliser
minimap|Minimap|Minikartta|Minimapa|Миникарта|小地圖|地図を表示|미니맵|Minikarte|Mini-carte
show_map|Show Map|Näytä kartta|Mostrar Mapa|Показать карту|顯示地圖|プレイヤーリスト|지도 보기|Karte anzeigen|Afficher la carte
playerlist|Playerlist|Pelaajalista|Lista de Jogadores|Список игроков|玩家列表|インゲームチャット|플레이어 명단|Spielerliste|Liste des joueurs
ingame_chat|Ingame chat|Pelinsisäinen chat|Chat no Jogo|Внутриигровой чат|遊戲內聊天|在庫管理 |게임 내 채팅|Spielchat|Chat en jeu
inventory_controls|Inventory controls|Reppunäppäimet|Controles do Inventário|Управление запасами|背包控制 |コントロール を 初期設定値 に リセットしますか？|인벤토리 관리|Bestandskontrollen |Contrôles dans l'inventaire
reset_controls|Reset controls to default values?|Palauta näppäimet oletusarvoihin?|Reiniciar controles para os valores padrão?|Сбросить элементы управления к значениям по умолчанию?|是否將控制重設為默認值?|マウスの移動|컨트롤을 기본값으로 리셋하시겠습니까?|Steuerung auf Standardwerte zurücksetzen?|Réinitialiser les contrôles aux valeurs par défaut ?
mouse_move|Mouse Move|Liiku Hiirellä|Movimento do Mouse|Перемещение мышью|鼠標移動|マウスの攻撃|마우스 이동|Maus Bewegung|Déplacement à la souris
mouse_attack|Mouse Attack|Hyökkää Hiirellä|Ataque do Mouse|Атака мышью|鼠標攻擊|静止|마우스 공격|Maus Angriff|Attaque à la souris
mouse_stand_still|Stand Still|Pysy paikoillaan|Ficar Parado|Стоять на месте|原地站立|強制移動 |가만히 서있기|Stillstehen|Rester sur place
mouse_force_move|Force Move|Pakota liikkumaan|Forçar Movimento|Принудит. движение|強制移動 |入力待ち...|강제 이동|Forcierte Bewegung |Déplacement forcé
waiting_for_input|Waiting for input...|Odotetaan syötettä...|Esperando entrada...|Ожидание ввода...|等待輸入中...|右のマウス|입력 대기중...|Warte auf Eingabe...|En attente d'affectation…
right_mouse|Right mouse|Oikea hiirenpainike|Botão direito do mouse|ПКМ|右鼠標|右のアナログ|오른쪽 마우스|Rechte Maus|Clic-droit
right_analog|Right Stick|Oikea tatti|Analógico direito|Правый аналог|右搖桿|左のアナログ|오른쪽 아날로그|Rechter Analog|Analogique droit
left_analog|Left Stick|Vasen tatti|Analógico esquerdo|Левый аналог|左搖桿|ジャンプ|왼쪽 아날로그|Linker Analog|Analogique gauche
jump|Jump|Hyppy|Pular|Прыгать|跳躍|ウェイ ポイント を 開く|점프|Springen|Sauter
open_waypoint|Open Waypoint|Avaa kartta|Abrir Waypoint|Открыть маршрутную точку|打開傳送陣|ウェイ ポイント を 有効化|웨이포인트 열기|Wegpunkt Öffnen|Ouvrir un point de passage
activate_waypoint|Activate Waypoint|Aktivoi reittipiste|Ativar Waypoint|Активировать путевую точку|啟動傳送陣|Framerate|웨이포인트 활성화|Wegpunkt Aktivieren|Activer un point de passage
refresh_rate|Framerate|Ruudunpäivitys|Taxa de Quadros|Частота кадров|幀率|投票リセット|프레임 속도|Bildrate|Taux d'échantillonnage
vote_reset|Vote Reset|Äänestä uudelleenaloitusta|Votar para Reset|Обновить локацию|投票重置|溺死|리셋 투표|Resetabstimmung|Vote de reset
drowning|Drowning|Hukkuminen|Afogando|Утопление|溺水|落下|익사|Ertrinken|Noyade
falling|Falling|Tippuminen|Caindo|Падение|墜落|ミニマップの縮尺|추락|Fallen|Chute
minimap_scale|Minimap Scale|Kartan koko|Escala do Minimapa|Масштаб миникарты|小地圖比例|ミニマップの透過度|미니맵 축척|Minikarte skalieren|Échelle de la mini-carte
minimap_alpha|Minimap Opacity|Kartan läpinäkyvyys|Opacidade do Minimapa|Прозрачность мини-карты|小地圖透明度|才能スケール|미니맵 투명도|Minikarte alpha|Opacité de la mini-carte
talent_scale|Talent Scale|Taitojen koko|Escala de Talentos|Шкала талантов|天賦比例|気象の強度|.재능 규모|Talentskala|Échelle de talents
weather_intensity|Weather Intensity|Sääefektien voimakkuus|Intensidade do Clima|Интенсивность погоды|天氣強度|ダークネスの強度|날씨 강도|Wetterintensität|Intensité météorologique
darkness_intensity|Darkness Intensity|Pimeyden voimakkuus|Intensidade da Escuridão|Интенсивность темноты|黑暗強度|戦闘テキスト|어둠 강도|Dunkelheitsintensität|Intensité de l'obscurité
combat_text|Combat Text|Taistelutekstit|Texto de Combate|Боевой текст|戰鬥文字|戦闘テキストの頻度|전투 텍스트|Kampftext|Texte de combat
combat_text_frequency|Combat Text Frequency|Taistelutekstien tiheys|Taxa de Texto de Combate|Частота боевых текстов|戰鬥文字頻率|照準の距離|전투 문자 빈도|Kampftexthäufigkeit|Fréquence des textes de combat
crosshair_distance|Crosshair Distance|Kursorin etäisyys|Distância da Mira|Расстояние перекрестия|十字準星大小|カラーブラインドモード|십자키 거리|Fadenkreuzentfernung|Distance du réticule
color_blind_mode|Color Blind Mode|Värisokeustila|Modo Daltônico|Режим цветовой слепоты|色盲模式|有効|색맹 모드|Farbenblind Modus|Mode daltonien
enable|Enable|Aktivoi|Ativar|Давать возможность|啟用|スキルバーの位置|활성화|Anpassung|Activer
skillbar_position|Skillbar position|Taitopalkin sijainti|Posição da Barra de Habilidade|Позиция на панели навыков|技能欄位置|+ボタン|스킬바 위치|Position der Fertigkeitenleiste|Position de la barre de Compétences
button_plus|+ Button|+ Näppäin|Botão +|+ Кнопка|+键|-ボタン|+ 버튼|Plus-Knopf|Bouton +
button_minus|- Button|- Näppäin|Botão -|- Кнопка|-键|上ボタン|- 버튼|Minus-Knopf|Bouton -
button_up|Up Button|Ylös näppäin|Seta para Cima|Кнопка «Вверх»|向上按钮|下ダウン|위 버튼|Nach-oben-Taste|Bouton haut
button_down|Down Button|Alas näppäin|Seta para Baixo|Кнопка «Вниз»|向下按钮|左ボタン|아래 버튼|Nach-unten-Taste|Bouton bas
button_left|Left Button|Vasen näppäin|Seta para a Esquerda|Левая кнопка|向左按钮|右ボタン|왼쪽 버튼|Nach-links-Taste|Bouton gauche
button_right|Right Button|Oikea näppäin|Seta para a Direita|Правая кнопка|向右按钮|左スティックを押す|오른쪽 버튼|Nach-rechts-Taste|Bouton droit
button_left_stick_press|Press the L Stick|Paina vasenta tattia|Aperte o botão L|Нажмите L Stick|按下左搖桿|右スティックを押す|L 스틱을 누르세요|Drücke den L-Stick|Appuyer sur le Stick L
button_right_stick_press|Press the R Stick|Paina oikeaa tattia|Aperte o botão R|Нажмите R Stick|按下右搖桿|スティック|R 스틱을 누르세요|Drücke den R-Stick|Appuyer sur le Stick R
button_stick|Stick|Tatti|Botão|Стик|搖桿|未定義|스틱|Stick|Stick
undefined|Undefined|Määrittämätön|Indefinido|Неопределенный|未定義|Steam 在庫|미정|Undefiniert|Non définie
steam_inventory|Steam Inventory|Steam Tavaraluettelo|Inventário da Steam|Инвентарь Steam|Steam 库存|チャット設定|Steam 인벤토리|Steam Inventar|Inventaire Steam
chat_settings|Chat Settings|Chat asetukset|Configurações de Chat|    Настройки чата|聊天設置|背景アルファ|채팅 설정|Chat Einstellungen|Paramètres du chat
chat_background_alpha|Background alpha|Taustan läpinäkyvyys|Alfa do Fundo|Альфа фон|背景透明度|フェードする秒数|백그라운드 알파|Hintergrund Alpha|Arrière-plan Alpha
chat_fade_seconds|Seconds to fade|Sekuntia häivytykseen|Segundos para Desaparecer|Секунды до затухания|文字淡出（秒數）|チャット通知|투명해지는 시간(초)|Sekunden zum Verblassen|Secondes avant estompement
chat_notifications|Chat notifications|Chat-ilmoitukset|Notificações do chat|Уведомления чата|聊天通知|一般チャットを有効にする|채팅 알림|Chat-Benachrichtigungen|Notifications de chat
chat_enable|Enable General Chat|Ota käyttöön Yleinen chat|Habilitar Chat Geral|Включить общий чат|啟用一般聊天|オプションで一般チャットが無効になっています|일반 채팅 활성화|Aktivieren Sie den allgemeinen Chat|Activer le chat général
chat_disabled|General chat has been disabled in options|Yleinen chat on poistettu käytöstä asetuksissa|O Chat geral foi desativado nas opções|Общий чат отключен в настройках|在選項中已停用一般聊天|ミュート|옵션에서 일반 채팅이 비활성화되었습니다.|Der allgemeine Chat wurde in den Optionen deaktiviert|Le chat général a été désactivé dans les options
mute|Mute|Hiljennä|Mutar|Mute|靜音|遺物の確認|음소거|Stummschalten|Sourdine
relic_confirmation|Relic Confirmation|Aarteiden vahvistus|Confirmação de Relíquia|Подтверждение реликвии|遺物確認|高モンスターレベルのプロンプト |유물 확인|Reliktbestätigung|Confirmation des reliques
monster_level_prompt|High monster level prompt|Vahvista korkean hirviötason alueet|Prompt de nível de monstro alto|Подсказка о высоком уровне монстра|高等級怪物提示 |DPSメーターを表示|몬스터 레벨 높음 안내|Eingabeaufforderung für ein hohes Monsterlevel |Confirmation d'entrée de zone de haut niveau
show_dps_meter|Show DPS counter|Näytä DPS-mittari|Mostrar medidor de DPS|Показать счетчик УВС|顯示DPS計數器|値を圧縮する|DPS 카운터 표시|DPS-Meter anzeigen|Afficher le compteur DPS
dps_meter_compress|Compress values|Pakkaa arvot|Comprimir valores|Сжатие значений|壓縮數值|戦闘外でリセット|값 압축|Werte komprimieren|Compression des valeurs
dps_meter_reset_combat|Reset outside combat|Nollaa taistelun ulkopuolella|Reiniciar fora de combate|Сброс вне боя|脫離戰鬥後重置數據|ボスのクールダウンを表示|전투 밖에서 초기화|Außerhalb des Kampfes zurücksetzen|Remise à zéro hors combat
show_boss_cooldowns|Show Boss Cooldowns|Näytä pomojen palautumsaika|Mostrar tempos de recarga de chefes|Показ перезарядки босса|顯示BOSS的技能冷卻時間|ユニバーサル|보스 쿨다운 표시|Boss-Abklingzeiten anzeigen|Temps de recharge des boss
universal|Universal|Yleinen|Universal|Универсальный|通用|ゲームパッドを有効にする|보편적|Universell|Universel
enable_gamepad|Enable Controller|Käytä peliohjainta|Ativar Gamepad|Включить геймпад|啟用遊戲手把|チャットフェードを有効にする|게임패드 활성화|"Controller Aktivieren|Activer la manette"|Activer la manette de jeu 
chat_fade_enable|Enable Chat Fade|Käytä chatin häivytystä|Ativar o Desaparecimento do Chat|Включить исчезновение чата|啟用聊天文字淡出|チャット|채팅창 흐려짐 활성화|Chat-Verblassung Aktivieren|Activer l'estompement du chat
chat|Chat|Chat|Chat|Чат|聊天|ファンシーな照明|채팅|Chat|Chat
fancy_lighting|Fancy Lighting|Hieno valaistus|Iluminação Extravagante|Необычное освещение|華麗照明|千の位の区切り文字|멋진 조명|Ausgefallene Beleuchtung|Éclairage sophistiqué
separator_thousand|Thousands Separator|Tuhansien erotin|Separador de Milhares|Разделитель тысяч|千位分隔符|小数点区切り文字|천단위 구분 기호|Tausendertrennzeichen|Séparateur de milliers
separator_decimal|Decimal Separator|Desimaalien erotin|Separador de Decimais|Десятичный разделитель|十位數分隔符|エモート|소수 구분 기호|Dezimaltrennzeichen|Séparateur de décimales
emote_menu|Emote Menu|Hymiövalikko|Emotes|Меню эмоций|表情選單|エモート |감정표현 메뉴|Emotes|Menu des émotes
emote|Emote|Hymiö|Emote|Эмоция|表情 |絵文字を選択してください! |감정표현|Emote |Émote 
choose_emoji|Choose your Emoji!|Valitse emoji! |Escolha seu Emoji! |Выберите свой эмодзи! |選擇你的表情符號！ |カットシーンをスキップ|감정표현을 선택하세요!|Wählen Sie Ihr Emoji! |Choisissez votre Emoji ! 
cutscene_skip|Skip Cutscene|Ohita kohtaus|Pular Cena|Пропустить кат-сцену|跳過過場動畫|カットシーン中 |컷신 스킵|Zwischensequenz überspringen|Passer la cinématique
in_cutscene|In Cutscene|Cutscenessa |Na cena |В кат-сцене |在過場動畫中 |すべてのオプションをリセットしてもよろしいですか?|컷씬에서|In der Zwischensequenz |Dans la cinématique 
options_reset_all|Are you sure you want to reset all options?|Oletko varma että haluat palauttaa kaikki oletusasetukset?|Tem certeza de que deseja redefinir todas as opções?|Хотите сбросить все параметры?|您確定要重置所有選項嗎？|マナコスト|정말로 모든 옵션을 재설정하시겠습니까?|Sind Sie sicher, dass Sie alle Optionen zurücksetzen möchten?|Êtes-vous sûr de vouloir réinitialiser toutes les options ?
mana_cost|Mana Cost|Mana Hinta|Custo de Mana|Стоимость маны|法力消耗|ギルドメニュー|마나 비용|Mana Kosten|Coût en mana
guild_tab_open|Guild Menu|Kiltavalikko|Menu da Guilda|Меню гильдии|公會選單 |商人|길드 메뉴|Gildenmenü|Menu de Guilde
merchant|Merchant|Kauppias|Comerciante|Торговец|商人|ゾーンレベル|상인|Händler|Marchand
zone_level|Zone Level|Alueen Taso|Nível da Zona|Уровень зоны|區域等級|安全地帯|지역 레벨|Zonenebene|Zone de niveau
safe_zone|Safe Zone|Turvallinen Alue|Zona Segura|Безопасная зона|安全區域|ピン |안전 지역|Sicherheitszone|Zone sécurisée
ping_input|Ping|Lähetä merkki|Ping|Пинг |Ping|クロスプラットフォーム |핑|Klingeln |Ping 
cross_platform|Cross-Platform|Alustojenvälinen|Multiplataforma |Кроссплатформенный |跨平台||크로스 플랫폼|Plattformübergreifend |Multiplateforme 
|||||||||||
[relics]|||||||||||
relics|Relics|Aarteet|Relíquias|Реликвии|遺物|どの遺物を置き換えますか?|유물|Relikte|Reliques
relic_replace|Which relic would you like to replace?|Minkä aarteen haluaisit korvata?|Qual relíquia gostaria de substituir?|Какую реликвию вы бы хотели заменить?|你想更換哪個遺物？|この遺物を破壊してもよろしいですか?|어떤 유물을 교체하고 싶으신가요?|Welches Relikt möchtest du ersetzen?|Quelle relique souhaitez-vous remplacer ?
relic_destroy_confirm|Are you sure you want to destroy this relic?|Oletko varma että haluat tuhota tämän aarteen?|Tem certeza de que deseja destruir esta relíquia?|Вы уверены, что хотите уничтожить эту реликвию?|你確定要摧毀這個遺物嗎？|遺物を破壊 |정말로 이 유물을 파괴하시겠습니까?|Möchtest du dieses Relikt wirklich zerstören?|Etes-vous sûr de vouloir détruire cette relique ?
relic_destroy|Destroy relic|Tuhoa aarre|Destruir Relíquia|Уничтожить реликвию |摧毀遺物 ||유물 파괴|Relikt zerstören |Détruire la relique 
relic_replace_with|Are you sure you want to replace [r1] with [r2]?|Oletko varma, että haluat korvata [r1]:n [r2]:lla? |Tem certeza de que deseja substituir [r1] por [r2]? |Вы уверены, что хотите заменить [r1] на [r2]? |您確定要將 [r1] 替換為 [r2] 嗎？ |[r1]を[r2]に置き換えてもよろしいですか？ |[r1]을 [r2]로 바꾸시겠습니까? |Sind Sie sicher, dass Sie [r1] durch [r2] ersetzen möchten?|Êtes-vous sûr de vouloir remplacer [r1] par [r2] ? |¿Estás seguro de que quieres reemplazar [r1] por [r2]? |Czy na pewno chcesz zastąpić [r1] przez [r2]?
|||||||||||
[class]|||||||||||
viking|Viking|Viikinki|Viking|Викинг|維京人|火の占い師|바이킹|Wikinger|Viking
pyromancer|Pyromancer|Pyromaani|Piromante|Пиромант|火法師|マークスマン|파이로맨서|Pyromane|Pyromane
marksman|Marksman|Jousiampuja|Atirador|Стрелок|神射手|パイレート（海賊）|사수|Scharfschütze|Tireur d'élite
pirate|Pirate|Merirosvo|Pirata|Пират|海盜|ノーマッド|해적|Piratin|Pirate
nomad|Nomad|Vaeltaja|Nômade|Кочевник|遊牧民|レッドネック|유목민|Nomade|Nomade
redneck|Redneck|Punaniska|Lenhador|Деревенщина|鄉下人|ネクロマンサー|레드넥|Bauer|Redneck
necromancer|Necromancer|Manaaja|Necromante|Некромант|死靈法師|サムライ|네크로맨서|Nekromant|Nécromancien
samurai|Samurai|Samurai|Samurai|Самурай|武士|パラディン|사무라이|Samurai|Samouraï
paladin|Paladin|Temppeliritari|Paladino|Паладин|聖騎士|アマゾン|팔라딘|Paladin|Paladin
amazon|Amazon|Amatsoni|Amazona|Амазонка|亞馬遜|デーモン・スレイヤー|아마존|Amazone|Amazone
demon_slayer|Demon Slayer|Pirunmetsästäjä|Matador de Demônios|Убийца демонов|惡魔殺手|悪魔の子|데빌 슬레이어|Dämonentöter|Tueur de démons
demonspawn|Demonspawn|Pirulainen|Demonspawn|Демоническое отродье|惡魔之子|スティックマンスティーブ|데몬스폰|Dämonenbrut|Progéniture
stickman_steve|Stickman Steve|Teemu Tikku-Ukko|Stickman Steve|Стив Стикман|火柴人史蒂夫|シャーマン|막대인간 스티브|Strichmännchen Steve|Stickman Steve
shaman|Shaman|Shamaani|Xamã|Шаман|薩滿|ホワイトメイジ|샤먼|Schamane|Chaman
white_mage|White Mage|Valkoinen velho|Mago Branco|Белый Маг|白魔導|マローダー|화이트 메이지|Weißer Magier|Mage blanc
marauder|Marauder|Ryöväri|Saqueador|Мародер|掠奪者|ペスト医師|머라우더|Marodeur|Maraudeur
plague_doctor|Plague Doctor|Ruttolääkäri|Médico da Peste|Чумной доктор|瘟疫醫生|シールド・ランサー|플레그 닥터|Pestdoktor|Médecin de peste
lancer|Shield Lancer|Kilpiseivästäjä|Lanceiro de Escudo|Лансер|盾槍騎兵|ヨトゥン|쉴드 랜서|Schild-Lanzenträger|Lancier
jotunn|Jötunn|Jötunn|Jötunn|Ётунн|冰霜法師|イリュージョニスト|요툰|Jötunn|Jötunn
illusionist|Illusionist|Taikuri|Ilusionista|Иллюзионист|幻術師|エクソ |일루셔니스트|Illusionistin|Illusionniste
exo|Exo|Exo|Exo|Экзо|Exo|ブッチャー|엑소|Exo|Exo
butcher|Butcher|Teurastaja|Açougueiro|Мясник|屠夫|ストームウィーバー|도살자|Metzger|Boucher
stormWeaver|Stormweaver|Myrskynkutoja|Tecelã da Tempestade|Ткач бури|風暴編織者|吟遊詩人|스톰위버|Sturmweber|Tisse-tempête
bard|Bard|Bardi|Bardo |Бард|吟遊詩人|ランダムクラス |바드|Barde|Barde
prophet|Prophet|Profeetta |Profeta |Пророк |先知|預言者 |예언자 |Prophet|Prophète |Profeta |Prorok
random_class|Random Class|Satunnainen hahmo|Classe Aleatória|Случайный класс |隨機職業||랜덤 클래스|Ein zufälliger Charakter |Un personnage aléatoire 
season|Season|Kausi|Temporada|Сезон|賽季|シーズン限定|시즌|Saison|Saison
seasonal|Seasonal|Kausittainen|Sazonal|Сезонный|賽季|シーズン外|시즌|Saisonal|Saisonnier
nonseasonal|Non-Seasonal|Ei-kausittainen|Não-sazonal|Несезонный|非賽季|オデッセイ|비시즌|Nicht-Saisonal|Hors saison
solo_self_found|Odyssey|Seikkailija|Odisseia|Одиссея|奧德賽|ブラッド パクト |오디세이|Odyssee|Odyssée
blood_pact|Blood Pact|Verivala|Pacto de Sangue |Кровавый договор |血契 |- ハードコアヒーローは、死後に死んだままになり、他のハードコアヒーローと一緒の場合にのみプレイできます。|블러드 팩트|Blutpakt |Pacte de sang 
hardcore_desc|- Hardcore heroes will stay dead when they die and can only play with other hardcore heroes.|- Kuolevaiset sankarit pysyvät kuolleina ja voivat pelata vain muiden kuolevaisten kanssa.|- Heróis do hardcore permanecerão mortos quando morrem e só podem jogar com outros heróis hardcore.|- Хардкорные герои останутся мертвыми после смерти и смогут играть только с другими хардкорными героями.|專家模式英雄死亡後將永遠不會復活，並且只能跟專家模式英雄一起遊玩。|- シーズンヒーローはフレッシュな状態で開始し、他のシーズンヒーローと一緒の場合にのみプレイできます。|- 하드코어 영웅은 죽으면 부활할 수 없으며, 오직 다른 하드코어 영웅들과 함께 플레이할 수 있습니다.|- Hardcore-Helden bleiben tot wenn sie sterben und können nur mit anderen Hardcore-Helden spielen.|- Les héros hardcore meurent une bonne fois pour toutes et ne peuvent jouer qu'avec d'autres héros hardcore.
season_desc|- Seasonal heroes start fresh and can only play with other seasonal heroes.|- Kausisankarit aloittavat alusta ja voivat pelata vain muiden kausisankareiden kanssa.|- Os heróis sazonais começam do zero e só podem jogar com outros heróis sazonais.|- Сезонные герои начинают заново и могут играть только с другими сезонными героями.|賽季模式英雄從零開始， 並且只能跟賽季模式英雄一起遊玩。|- オデッセイのヒーローはソロでのみプレイできます。マーケット、トレード、メールボックスは無効です。|- 시즌 영웅은 새롭게 시작하며, 오직 다른 시즌 영웅들과 플레이할 수 있습니다.|- Saisonhelden beginnen neu und können nur mit anderen Saisonhelden spielen.|- Les héros saisonniers recommencent à zéro et ne peuvent jouer qu'avec d'autres héros saisonniers.
solo_self_found_desc|- Odyssey heroes can only play solo. Market, trading and mailbox are disabled.|- Seikkailijasankarit voivat pelata vain yksin. Marketti, vaihtaminen ja postilaatikko on suljettu.|- Os heróis odisseia só podem jogar sozinhos. Mercado, trocas e caixa de correio são desativados.|- Герои Одиссеи могут играть только в одиночку. Маркет, торговля и почта отключены.|奧德賽模式只能單獨遊玩， 市場、交易、郵箱均停用。||- 오디세이 영웅은 솔로로만 플레이할 수 있습니다. 마켓, 거래 및 우편함은 비활성화됩니다.|- Odyssey-Helden können nur alleine spielen. Markt, Handel und Briefkasten sind deaktiviert.|- Les héros de l'Odyssée ne peuvent jouer qu'en solo. Le marché, le commerce et la boîte aux lettres sont désactivés.
blood_pact_desc|- Blood Pact heroes can only play with other members of the associated Blood Pact. Blood Pact heroes can only be played during an active Blood Pact.||||血契英雄只能與其他相關血契成員一起玩。血契英雄只能在血契生效期間使用|メビウスの怒り|블러드 팩트 영웅은 해당 블러드 팩트에 속한 다른 영웅들과만 플레이할 수 있습니다. 블러드 팩트 영웅은 활성화된 블러드 팩트 기간 동안에만 플레이할 수 있습니다.||
wrathofmevius|Wrath of Mevius|Meviuksen Viha|Ira de Mevius|Гнев Мевиуса|梅維烏斯之怒|スロット|뫼비우스의 분노|Zorn von Mevius|Colère de Mevius
slot|Slot|Paikka|Espaço|Слот|空位|ショップ|슬롯|Platz|Place
shop|Shop|Kauppa|Loja|Магазин|商店|化粧品店 |상점|Laden|Boutique
cosmetic_shop|Cosmetic Shop|Kosmetiikkakauppa|Loja de cosméticos |Косметический магазин |線上商店 |ジャーナル |화장품 가게|Kosmetikgeschäft |Boutique de cosmétiques 
adventure_journal|Journal|Päiväkirja|Jornal|Журнал|日誌 |レベル|저널|Handbuch|Journal
level|Level|Taso|Nível|Ур.|等級|空き|레벨|Level|niv.
empty|Empty|Tyhjä|Vazio|Пустой|空白|プレイするには KARP OF DOOM が必要です|비어 있음|Leer|Vide
requires_karp|REQUIRES KARP OF DOOM TO PLAY|VAATII KARP OF DOOM LISÄOSAN|EXIGE KARP OF DOOM PARA JOGAR|ТРЕБУЕТСЯ KARP OF DOOM ДЛЯ ИГРЫ|需要購買末日卡普才能玩|プレイするには DEPTHS OF HELL が必要です|플레이하려면 KARP OF DOOM이 필요합니다.|ERFORDERT KARP OF DOOM|NÉCESSITE LE DLC DE KARP OF DOOM
requires_hell|REQUIRES DEPTHS OF HELL TO PLAY|VAATII DEPTHS OF HELL LISÄOSAN|EXIGE DEPTHS OF HELL PARA JOGAR|ТРЕБУЕТСЯ DEPTHS OF HELL ДЛЯ ИГРЫ|需要購買地狱深度才能玩|プレイするには WRATH OF MEVIUS が必要です|플레이하려면 DEPTHS OF HELL이 필요합니다.|ERFORDERT DEPTHS OF HELL|NÉCESSITE LE DLC PROFONDEURS DE L'ENFER
requires_mevius|REQUIRES WRATH OF MEVIUS TO PLAY|VAATII WRATH OF MEVIUS LISÄOSAN|EXIGE WRATH OF MEVIUS PARA JOGAR|ТРЕБУЕТСЯ WRATH OF MEVIUS ДЛЯ ИГРЫ|需要購買梅維烏斯之怒才能玩プレイするには AMAZON PACK が必要です|플레이하려면 WRATH OF MEVIUS가 필요합니다.|ERFORDERT WRATH OF MEVIUS|NÉCESSITE LE DLC COLÈRE OF MEVIUS
requires_amazon|REQUIRES AMAZON PACK TO PLAY|VAATII AMAZON LISÄOSAN|EXIGE AMAZON PACK PARA JOGAR|ТРЕБУЕТСЯ AMAZON PACK ДЛЯ ИГРЫ|需要購買亞馬遜包才能玩|プレイするには SHAMAN PACK が必要です|플레이하려면 AMAZON PACK이 필요합니다.|ERFORDERT DAS AMAZON-PACK|NÉCESSITE LE PACK AMAZONE
requires_shaman|REQUIRES SHAMAN PACK TO PLAY|VAATII SHAMAN LISÄOSAN|EXIGE SHAMAN PACK PARA JOGAR|ТРЕБУЕТСЯ SHAMAN PACK ДЛЯ ИГРЫ|需要購買薩滿遊戲包才能玩|プレイするには MARAUDER PACK が必要です|플레이하려면 SHAMAN PACK이 필요합니다.|ERFORDERT DAS SHAMAN-PACK|NÉCESSITE LE PACK CHAMAN
requires_marauder|REQUIRES MARAUDER PACK TO PLAY|VAATII MARAUDER LISÄOSAN|EXIGE MARAUDER PACK PARA JOGAR|ТРЕБУЕТСЯ MARAUDER PACK ДЛЯ ИГРЫ|需要購買掠奪者遊戲包才能玩|プレイするには PLAGUE DOCTOR DLC が必要です|플레이하려면 MARAUDER PACK이 필요합니다.|ERFORDERT DAS MARAUDER-PACK|NÉCESSITE LE PACK MARAUDEUR
requires_plague_doctor|REQUIRES PLAGUE DOCTOR DLC TO PLAY|VAATII PLAGUE DOCTOR LISÄOSAN|EXIGE PLAGE DOCTOR DLC PARA JOGAR|ТРЕБУЕТСЯ PLAGUE DOCTOR DLC ДЛЯ ИГРЫ|需要瘟疫醫生 DLC 才能进行遊戲|プレイするには LANCER DLC が必要です|플레이하려면 PLAGUE DOCTOR DLC가 필요합니다.|ERFORDERT DAS PLAGUE DOCTOR DLC|NÉCESSITE LE PACK DOCTEUR DE PESTE
requires_lancer|REQUIRES LANCER DLC TO PLAY|VAATII LANCER LISÄOSAN|REQUER LANCER DLC PARA JOGAR|ТРЕБУЕТСЯ LANCER DLC ДЛЯ ИГРЫ|需要購買槍騎兵DLC才能遊戲|プレイするには GATES OF VALHALLA DLC が必要です |플레이하려면 LANCER DLC가 필요합니다.|ERFORDERT DAS SHIELD LANCER DLC|NÉCESSITE LE PACK LANCIER
requires_jotunn|REQUIRES GATES OF VALHALLA DLC TO PLAY|PELAAMINEN VAATII GATES OF VALHALLA DLC:tä |REQUER GATES OF VALHALLA DLC PARA JOGAR|ТРЕБУЕТСЯ GATES OF VALHALLA DLC |需要購買GATES OF VALHALLA DLC才能遊戲|プレイ|플레이하려면 GATES OF VALHALLA DLC가 필요합니다. |ERFORDERT GATES OF VALHALLA DLC|NÉCESSITE LE DLC PORTES DU VALHALLA
play|Play|Pelaa|Jogar|Играть|開始遊戲|継続|플레이|Spielen|Jouer
continue|Continue|Jatka|Continuar|Продолжать|繼續|名前を変更する|이어하기|Fortfahren|Continuer
rename|Rename|Nimeä uudelleen|Renomear|Переименовать|重新命名|スキルをリセット|이름 변경|Umbenennen|Renommer
reset_talents|Reset Skills|Palauta taidot|Reiniciar Habilidades|Сбросить навыки|重置技能|属性をリセット |스킬 리셋|Fähigkeiten zurücksetzen|RAZ des Compétences
reset_attributes|Reset Attributes|Palauta taitopisteet|Reiniciar Pontos de Atributo|Сброс. очки харак.|重置屬性點 |リセット|능력치 리셋|Attribute zurücksetzen |RAZ des Statistiques
reset|Reset|Palauta|Reiniciar|Сбросить|全部重置|削除|리셋|Zurücksetzen|Réinitialiser 
delete|Delete|Poista|Deletar|Удалить|刪除|あなたの名前は何ですか？|삭제|Löschen|Supprimer
whats_your_name|What's your name?|Mikä sinun nimesi on?|Qual seu nome?|Как тебя зовут?|你的名字是？|ハードコア|당신의 이름은?|Wie lautet dein Name?|Quel est votre nom ?
hardcore|Hardcore|Kuolevainen|Hardcore|Хардкор|專家模式|ソフトコア|하드코어|Hardcore|Hardcore
softcore|Softcore|Normaali|Softcore|Софткор|普通模式|専属|소프트코어|Softcore|Softcore
exclusive|exclusive|lisäosa vaadittu|exclusivo|эксклюзивный|專屬|近日公開|전용|Exklusiv|exclusif
coming_soon|Coming Soon|Tulossa Pian|Em Breve|Вскоре|即將推出|不正な文字が入力から削除され、次のテキストが表示されます。|곧 출시 예정|Demnächst verfügbar|Prochainement
username_validation|Illegal characters have been removed from your input resulting in the following text:|Laittomat merkit on poistettu syötteestäsi, minkä tuloksena on seuraava teksti:|Caracteres ilegais foram removidos de sua entrada resultando no seguinte texto:|Из вашего ввода были удалены недопустимые символы, в результате чего появился следующий текст:|非法字元已從您的輸入中刪除，導致出現以下文字：|このキャラクターを削除してもよろしいですか？ あなたのキャラクターが永久に消えますぞ！|입력에서 잘못된 문자가 제거되어 다음 텍스트가 표시됩니다:|Unzulässige Zeichen wurden aus Ihrer Eingabe entfernt, was zu folgendem Text führte:|Les caractères illégaux ont été supprimés de votre saisie, ce qui donne le texte suivant :
delete_prompt|Are you sure you want to delete this character? Your character will be deleted permanently!|Oletko varma että haluat poistaa tämän hahmon? Hahmosi poistetaan pysyvästi!|Tem certeza de que pretende deletar este personagem? Seu personagem será excluído permanentemente!|Вы уверены, что хотите удалить этого персонажа? Ваш персонаж будет удален навсегда!|你確定要刪除這個角色嗎？你的角色將永久刪除！|文字を削除できませんでした。あとでもう一度試してみてください。|이 캐릭터를 삭제하시겠습니까? 한 번 삭제하면 되돌릴 수 없습니다!|Bist du sicher, dass du dieses Charakter löschen willst? Dein Charakter wird unwiderruflich gelöscht!|Êtes-vous sûr de vouloir supprimer ce personnage ? Il sera définitivement perdu !
delete_failed|Could not delete character. Try again later.|Hahmoa ei voitu poistaa. Yritä myöhemmin uudelleen.|Não foi possível excluir o personagem. Tente mais tarde.|Не удалось удалить персонажа. Попробуйте позже.|無法刪除角色。 請稍後再試。|タレントポイントをリセットしてもよろしいですか？|캐릭터를 삭제할 수 없습니다. 잠시 후 다시 시도하세요.|Charakter konnte nicht gelöscht werden. Versuchen Sie es später erneut.|Impossible de supprimer le personnage. Réessayez plus tard.
talents_prompt|Are you sure you want to reset your Skill Points?|Oletko varma että haluat palauttaa taitosi?|Tem certeza de que deseja redefinir seus Pontos de Talento?|Вы уверены, что хотите сбросить свои очки навыков?|你確定要重置你的技能點嗎？|属性ポイントをリセットしてもよろしいですか?|스킬 포인트를 초기화하시겠습니까?|Bist du sicher, dass du deine Talentpunkte zurücksetzen willst?|Êtes-vous sûr de vouloir réinitialiser vos points de Compétences ?
attributes_prompt|Are you sure you want to reset your Attribute Points?|Oletko varma että haluat palauttaa taitopisteesi?|Tem certeza de que deseja redefinir seus Pontos de Atributo?|Вы уверены, что хотите сбросить свои очки атрибутов?|你確定要重置你的屬性點嗎？|変更を保存しますか?|능력치 포인트를 초기화하시겠습니까?|Möchten Sie Ihre Attributpunkte wirklich zurücksetzen?|Êtes-vous sûr de vouloir réinitialiser vos points de Statistiques ?
hero_board_changes_prompt|Do you want to save your changes?|Haluatko tallentaa muutoksesi?|Você quer salvar suas mudanças?|Вы хотите сохранить изменения?|你想儲存變更嗎？|このアイテムを購入しますか?|변경 사항을 저장하시겠습니까?|Möchten Sie Ihre Änderungen speichern?|Etes-vous sûr de vouloir réinitialiser vos points d'attribut ?
character_customize_buy_prompt|Would you like to purchase this item for|Haluatko ostaa tämän esineen hintaan|Você gostaria de comprar este item por|Хотите купить этот товар за|你想購買此商品？|このアイテムを購入しますか? |이 아이템을 구매하시겠습니까?|Möchten Sie diesen Artikel kaufen für|Voulez-vous enregistrer vos modifications ?
purchase_prompt|Would you like to purchase this item?|Haluatko ostaa tämän esineen?|Você gostaria de comprar este item?|Хотите купить этот товар? |您想購買此商品吗？ ||이 아이템을 구매하시겠습니까? |Möchten Sie diesen Artikel kaufen? |Souhaitez-vous acheter cet article pour
|||||||||||
[online]|||||||||||
ingame_tab|Ingame|Pelinsisäinen|Em jogo|В игре|遊戲中|一般|인게임|Im Spiel|En jeu
general_tab|General|Yleinen|Geral|Общий|一般|交換|일반|Allgemein|Général
trade_tab|Trade|Vaihto|Trocas|Торговля|交易|ギルド|거래|Handel|Commerce
guild_tab|Guild|Kilta|Guilda|Гильдия|公會|ログイン|길드|Gilde|Guilde
login|Login|Kirjaudu sisään|Entrar|Авторизоваться|登入|登録|로그인|Anmeldung|Connexion
register|Register|Rekisteröidy|Registrar|Регистрация|註冊|ログアウト|회원가입|Registrieren|Se connecter 
logout|Logout|Kirjaudu ulos|Sair|Выйти|登出|ユーザー名|로그아웃|Abmelden|Se déconnecter
username|Username|Käyttäjänimi|Nome de Usuário|Имя пользователя|用戶名|パスワード|사용자 명|Benutzername|Nom d'utilisateur
password|Password|Salasana|Senha|Пароль|密碼|ユーザー名を記憶する|비밀번호|Passwort|Mot de passe
remember_username|Remember login|Muista kirjautuminen|Lembrar Nome de Usuário|Запомнить логин|記住用戶名|パスワードを再入力する|사용자 명을 기억|Benutzername merken|Se souvenir des identifiants
retype_password|Re-type password|Salasana uudelleen|Redigite a senha|Введите пароль еще раз|重新輸入密碼|Eメール|비밀번호 재입력|Passwort wiederholen|Ressaisir le mot de passe
email|E-mail|Sähköposti|E-mail|Электронная почта|信箱|パスワードを忘れましたか？|이메일|E-Mail|E-mail
forgot_password|Forgot password?|Unohditko salasanasi?|Esqueceu a senha?|Забыли пароль?|忘記密碼？|パスワードが短すぎます。|비밀번호를 분실하셨습니까?|Passwort vergessen?|Mot de passe oublié ?
password_too_short|Passwords too short.|Salasana liian lyhyt.|Senha muito curta.|Пароль слишком короткий.|密碼過短。|パスワードが一致しません。|비밀번호가 너무 짧습니다.|Passwört zu kurz.|Mot de passe trop courts.
password_no_match|Passwords do not match.|Salasanat eivät täsmää.|As senhas não combinam.|Пароли не совпадают.|密碼不一致。|情報が不十分です。|비밀번호가 일치하지 않습니다.|Passwörter stimmen nicht überein.|Les mots de passe ne correspondent pas.
information_missing|Insufficient information.|Tietoja puuttuu.|Informações insuficientes.|Недостаточно информации.|資訊不足。|ログインしています...|정보가 불충분합니다.|Unzureichende Informationen.|Informations insuffisantes.
logging_in|Logging in...|Kirjaudutaan sisään...|Entrando...|Вход в систему...|正在登入...|パスワードが間違っています|로그인 중...|Einloggen...|Connexion...
wrong_password|Wrong password|Väärä salasana|Senha incorreta|Неправильный пароль|密碼錯誤|オンラインサービスにログインできません。|잘못된 비밀번호|Falsches Passwort|Mauvais mot de passe
cannot_login|Cannot login to online services.|Kirjautuminen verkkopalveluihin epäonnistui.|Não foi possível se conectar aos serviços on-line.|Не могу войти в онлайн-сервисы.|無法登入線上服務。|説明|온라인 서비스에 로그인할 수 없습니다.|Anmeldung bei Online-Diensten nicht möglich.|Impossible de se connecter aux services en ligne.
description|Description|Selite|Descrição|Описание|描述|ギルドメンバー|소개문|Beschreibung|Description
player_list_guild|Guild Members|Killan jäsenet|Membros da Guilda|Члены гильдии|公會成員|Hero Siege Discordサーバーに参加しましょう！|길드원|Gildenmitglieder|Membres de Guilde
join_discord|Join Hero Siege Discord server!|Liity Hero Siege Discord keskusteluun!|Junte-se ao servidor do Hero Siege no Discord!|Присоединяйтесь к серверу Discord Hero Siege!|加入 Hero Siege Discord 伺服器！|レポートのバグ|히어로 시즈의 Discord 서버에 참여!|Treten Sie dem Hero Siege Discord Server bei!|Rejoignez le serveur Discord de Hero Siege !
report_bugs|Report bugs|Raportoi bugeja|Reportar bugs|Сообщить об ошибках|回報bugs|オンラインプレイヤー|버그 신고|Fehler melden|Signaler les bugs
players_online|Players Online|Pelaajia online|Jogadores Online|Игроки онлайн|線上玩家|プレイヤー|온라인 플레이어|Spieler online|Joueurs en ligne
players|Players|Pelaajaa|Jogadores|Игроки|玩家|プライベートゲームを作成する|플레이어|Spieler|Joueurs
create_private_game|Create Game|Luo Peli|Criar Jogo|Создать игру|創建私人遊戲|パブリックゲームに参加する|게임 생성|Erstelle ein Spiel|Créer un jeu
join_public_game|Find Public Game|Etsi julkinen peli|Encontrar Jogo Público|Найти публичную игру|加入公共遊戲|ゲームに参加する|공개 게임 참가|Öffentliches Spiel|Trouver une partie publique
join_private_game|Join Game|Liity peliin|Entrar no Jogo|Присоединиться|加入遊戲|プライベートゲームを表示する|게임 참가|Spiel beitreten|Rejoindre
show_private_games|Show private games|Näytä yksityiset pelit|Mostrar jogos privados|Показать частные игры|顯示私人遊戲|現在の検索条件で公開ゲームは見つかりませんでした。新しい公開ゲームを開始します。|비공개 게임 보기|Private Spiele anzeigen|Afficher les parties privées
public_game_not_found|No public game was found with the current search criteria. Starting a new public game.|Nykyisillä hakuehdoilla ei löytynyt julkista peliä. Aloitetaan uusi julkinen peli.|Nenhum jogo público foi encontrado com os critérios de pesquisa atuais. Iniciando um novo jogo público.|По текущим критериям поиска общедоступная игра не найдена. Начинаем новую публичную игру.|找不到符合當前搜尋條件的公開遊戲。 正在開始一個新的公開遊戲。|リーダーボード|현재 검색 기준에 맞는 공개 게임이 없습니다. 새로운 공개 게임을 시작하세요.|Mit den aktuellen Suchkriterien wurde kein öffentliches Spiel gefunden. Starte ein neues öffentliches Spiel.|Aucune partie publique n'a été trouvée avec les critères de recherche actuels. Commencer une nouvelle partie publique.
leaderboards|Leaderboards|Pistetaulukko|Placar de Líderes|Таблицы лидеров|排行榜|カオスタワー|리더보드|Bestenliste|Classements
chaos_tower_highscore|Chaos Tower|Kaaostorni|Torre do Caos|Chaos Tower|混沌之塔|自分だけの地獄を選択|카오스 타워|Chaosturm|Tour du Chaos
chaos_tower_debuff_title|Choose Your Personal Hell|Valitse henkilökohtainen helvettisi |Escolha seu inferno pessoal|Выберите свой личный ад|選擇你的個人地獄|サーバー初レベル 100|개인 헬 선택|Wähle deine persönliche Hölle|Choisissez votre enfer personnel
server_first_highscore|Server First Level 100|Palvelimen ensimmäinen tasolla 100|Servidor primeiro nível 100 |Сервер Первый уровень 100|伺服器第一個達到100級|サーバー初レベル 100|서버 첫 100레벨|Server Erster Level 100|Premier niveau 100 du serveur
server_first_button_text|Server First Level 100|Palvelimen ensimmäinen tasolla 100|Primeiro Nível 100 do Servidor|Сервер Первый уровень 100|伺服器第一個達到100級|ヒーロー選択 |서버 첫 100레벨|Server Erster Level 100|Premier niveau 100 du serveur
hero_selection|Hero Selection|Hahmovalikko|Seleção do Herói|Выбор героя |選擇英雄 |開発者|영웅 선택|Heldenauswahl |Sélection du héros 
developer|Developer|Kehittäjä|Desenvolvedor|Разработчик|開發者|mod製作者|개발자|Entwickler|Développeur
moderator|Moderator|Moderaattori|Moderador|Модератор|mod制作者|管理者|모더레이터|Moderator|Modérateur
admin|Admin|Ylläpitäjä|Admin|Админ|管理員|プレーヤー|관리자|Administrator|Administrateur
player|Player|Pelaaja|Jogador|Игрок|玩家|ヒーローレベル|플레이어|Spieler|Joueur
hero_level|Hero level|Sankaritaso|Nível Heroico|Уровень героя|英雄等級|ワームホール; ゾーン内 |영웅 레벨|Helden-Level|Niveau du héros
; wormhole|Wormhole ; in zones|Madonreikä ; in zones|Buraco de Minhoca ; em zonas|Червоточина; в зонах|蟲洞；在區域中 |拡張|웜홀 ; 구역 내 |Wurmloch; in Zonen |Trou de ver ; en zones 
expansion|Expansion|Lisäosa|Expansão|Расширение|擴展|準備完了|확장팩|Erweiterung|Extension
ready|Ready|Valmis|Pronto|Готовый|準備|リフレッシュ|준비|Bereit|Prêt
refresh|Refresh|Päivitä|Atualizar|Обновить|刷新|入力|새로 고침|Aktualisieren|Rafraîchir
enter|Enter|Mene|Entrar|Входить|進入|とても早い|입장|Betreten|Entrer
wep_very_fast|Very Fast|Hyvin nopea|Muito Rápido|Очень быстро|非常快|早い|매우 빠르게|Sehr Schnell|Très rapide
wep_fast|Fast|Nopea|Rápido|Быстрый|快速|普通|빠르게|Schnell|Rapide
wep_moderate|Moderate|Kohtalainen|Moderado|Умеренный|中等|遅い|적당히|Moderat|Modéré
wep_slow|Slow|Hidas|Devagar|Медленный|慢|とても遅い|천천히|Langsam|Lent
wep_very_slow|Very Slow|Hyvin hidas|Muito Devagar|Очень медленно|非常慢|記入|매우 천천히|Sehr Langsam|Très lent
write_message|Write|Kirjoita|Escrever|Писать|寫|インターネットの無効接続もしくはコード不可用です。|쓰기|Schreiben|Écrire
invalid_code|No internet connection or invalid code.|Ei internet yhteyttä tai virheellinen koodi.|Sem ligação à Internet ou código inválido.|Нет подключения к Интернету или неверный код.|沒有網絡連接或無效代碼|インターネットの無効接続もしくはサーバーダウンです。|인터넷에 연결되어 있지 않거나 유효하지 않은 코드입니다.|Keine Internetverbindung oder ungültiger Code.|Pas de connexion internet ou code invalide
server_down|No internet connection or server down.|Ei internet yhteyttä tai palvelin ei vastaa.|Sem ligação à Internet ou servidor fora do ar.|Нет подключения к Интернету или сервер отключен.|沒有網絡連接或伺服器當機|商人は忙しいです。|인터넷에 연결되어 있지 않거나 서버가 다운되었습니다.|Keine Internetverbindung oder Serverausfall.|Pas de connexion internet ou de serveur indisponible.
merchant_busy|Merchant is busy.|Kauppias on varattu.|O Mercador está ocupado.|Торговец занят.|商人忙碌中。|ゲームへの招待が送信されました。|상인이 바쁩니다.|Händler ist beschäftigt.|Le marchand est occupé.
game_invite_sent|Game invite sent.|Pelikutsu lähetetty.|Convite de jogo enviado.|Приглашение в игру отправлено.|已發送遊戲邀請。|ゲームへの招待を受けるにはゲームに参加している必要があります。|게임 초대가 전송되었습니다.|Spieleinladung gesendet.|Invitation de jeu envoyée.
game_invite_must_be_ingame|Must be in game for game invites.|Sinun täytyy olla pelissä lähettääksesi pelikutsu.|Deve estar em jogo para convites de jogo.|Для получения приглашений в игру необходимо быть в игре.|遊戲邀請必須在遊戲中進行。|Hero Siege Plus サブスクリプションをキャンセルしてもよろしいですか?|게임 초대를 받으려면 게임에 접속 중이어야 합니다.|Für Spieleinladungen muss man im Spiel sein.|Vous devez être en jeu pour recevoir des invitations de jeu.
hs_plus_cancel_confirm|Are you sure you want to cancel your Hero Siege Plus subscription?|Oletko varma että haluat peruuttaa Hero Siege Plus tilauksesi?|Tem certeza de que deseja cancelar sua assinatura do Hero Siege Plus?|Вы уверены, что хотите отменить подписку Hero Siege Plus?|您確定要取消《HeroSiege》Plus 訂閱嗎？|編集|Hero Siege Plus 구독을 취소하시겠습니까?|Möchten Sie Ihr Hero Siege Plus-Abonnement wirklich kündigen?|Êtes-vous sûr de vouloir annuler votre abonnement à Hero Siege Plus ?
edit|Edit|Muokkaa|Editar|Изменить|編輯|レポート|편집|Bearbeiten|Modifier
report|Report|Raportoi|Denunciar|Сообщить|回報|レポートが正常に送信されました|신고|Melden|Signaler
report_send_success|Report sent succesfully|Raportti lähetetty onnistuneesti |Denunciar enviado com sucesso|Сообщение отправлено успешно|報告已成功發送|ブロック解除|신고가 성공적으로 전송되었습니다.|Bericht erfolgreich gesendet|Signaler avec succès
unblock|Unblock|Poista esto|Desbloquear|Разблокировать|解鎖|プレイヤー メッセージを表示|차단 해제|Entsperren|Débloquer
show_player_messages|Show player messages|Näytä pelaajaviestit|Mostrar mensagens do jogador|Показать сообщения игрока|顯示玩家訊息|アイテム ドロップ メッセージを表示|플레이어 메시지 표시|Spielernachrichten anzeigen|Afficher les messages des joueurs
show_item_drop_messages|Show item drop messages|Näytä esineviestit|Mostrar mensagens de queda de itens|Показать сообщения о выпадении предметов|顯示物品掉落訊息|開始|아이템 드롭 메시지 표시|Nachrichten zum Ablegen von Gegenständen anzeigen|Afficher les messages de dépôt d'objets
start|Start|Aloita|Iniciar|Начать|開始|送信|시작|Starten|Démarrer
submit|Submit|Lähetä|Enviar|Отправить|提交|メンバー|제출|Senden|Envoyer
members|Members|Jäsenet|Membros|Участники|會員|招待|멤버|Mitglieder|Membres
invites|Invites|Kutsut|Convites|Приглашения|邀請|保留中の招待 |초대|Einladungen|Invitations
pending_invites|Pending invites|Lähetetyt kutsut|Convites pendentes |Ожидающие приглашения |待處理的邀請 ||보류 중인 초대|Ausstehende Einladungen |Invitations en attente 
proxy_prompt_small|Frequent timeouts detected. You can try PAS Proxy to see if it helps with the connection issues. ||||檢測到頻繁超時。您可以嘗試使用 PAS Proxy 來查看它是否有助於解決連線問題|頻繁なタイムアウトが検出されました。接続問題の改善にPASプロキシの使用をお試しください。|잦은 연결 끊김이 감지되었습니다. 연결 문제 해결을 위해 PAS 프록시를 사용해 보실 수 있습니다.|||Se detectaron tiempos de espera frecuentes. Puedes probar PAS Proxy para ver si ayuda con los problemas de conexión.
proxy_prompt_large|By enabling PAS Proxy your in-game networking traffic is tunneled through our own Proxy Server. This can help in cases where your network communicates poorly with our Cloud Based servers. Please note that the connection might be slower than normal and should not be used unless you encounter frequent issues with a direct connection.||||啟用 PAS 代理程式後，您的遊戲內網路流量將透過我們自己的代理伺服器進行傳輸。如果您的網路與我們的雲端伺服器通訊不良，此功能可以提供協助。請注意，連線速度可能比平常慢，除非您經常遇到直接連線問題，否則請勿使用此功能。|PASプロキシを有効にすると、ゲーム内のネットワーク通信が当社のプロキシサーバーを経由してトンネリングされます。これにより、お使いのネットワークがクラウドサーバーとの通信が不安定な場合に改善されることがあります。|PAS 프록시를 활성화하면 게임 내 네트워크 트래픽이 당사 프록시 서버를 통해 전달됩니다.이 방법은 사용자의 네트워크가 당사 클라우드 서버와 원활하게 통신하지 못할 때 도움이 될 수 있습니다.|||Al habilitar PAS Proxy, tu tráfico de red dentro del juego se tuneliza a través de nuestro propio Servidor Proxy. Esto puede ayudar en casos donde tu red se comunica mal con nuestros servidores basados en la Nube.
proxy_prompt_disable|Frequent timeouts detected. PAS Proxy is enabled. If the problem persists you can try disabling the proxy.|Usein havaittu aikakatkaisuja. PAS-välityspalvelin on käytössä. Jos ongelma jatkuu, voit kokeilla välityspalvelimen poistamista käytöstä.|Tempos limite frequentes detectados. O Proxy PAS está habilitado. Se o problema persistir, você pode tentar desabilitar o proxy.|Обнаружены частые тайм-ауты. PAS Proxy включен. Если проблема не устранена, попробуйте отключить прокси-сервер.|檢測到頻繁超時。 PAS 代理已啟用。如果問題仍然存在，您可以嘗試停用PAS代理。|||Häufige Timeouts erkannt. PAS Proxy ist aktiviert. Falls das Problem weiterhin besteht, können Sie versuchen, den Proxy zu deaktivieren.|Dépassements de connexion fréquents. Le proxy PAS est activé. Si le problème persiste, vous pouvez essayer de désactiver le proxy.|Se detectaron tiempos de espera frecuentes. El proxy PAS está activado. Si el problema persiste, puedes intentar desactivar el proxy.
proxy_ingame_info|PAS Proxy Enabled. This can be disabled in account settings.||Proxy PAS ativado. Esta opção pode ser desativada nas configurações da conta. |PAS-прокси включен. Его можно отключить в настройках учетной записи. |PAS代理已啟用。此功能可在帳戶設定中停用。 |PASプロキシが有効になっています。これはアカウント設定で無効にできます。 |PAS 프록시가 활성화되었습니다. 계정 설정에서 비활성화할 수 있습니다. |PAS-Proxy aktiviert. Dies kann in den Kontoeinstellungen deaktiviert werden.|Le proxy PAS est activé. Vous pouvez le désactiver dans les paramètres du compte. |Proxy PAS habilitado. Puede desactivarse en la configuración de la cuenta. |PAS Proxy włączony. Można to wyłączyć w ustawieniach konta.
report_user|Report User|Ilmoita käyttäjästä |Denunciar Usuário |Пожаловаться на пользователя|舉報玩家|ユーザーを報告|유저 신고|Benutzer melden|Signaler un utilisateur |Reportar usuario |Zgłoś użytkownika
no_blocked_players|No blocked players found!|Ei estettyjä käyttäjiä löydetty!|Nenhum jogador bloqueado encontrado! |Заблокированных игроков не обнаружено! |未找到被屏蔽的玩家！ |ブロックされたプレイヤーは見つかりませんでした！ |차단된 플레이어가 없습니다! |Keine gesperrten Spieler gefunden!|Aucun joueur bloqué trouvé ! |¡No se encontraron jugadores bloqueados! |Nie znaleziono zablokowanych graczy!
|||||||||||
[GUILDS]|||||||||||
guilds|Guilds|Killat|Guildas|Гильдии|公會|ギルド名|길드|Gilden|Guildes
guild_name|Guild name|Killan nimi|Nome da Guilda|Название гильдии|公會名稱|ギルドタグ|길드 명|Gildenname|Nom de guilde
guild_tag|Guild tag|Killan lyhenne|Tag da Guilda|Тег гильдии|公會標籤|ギルドの説明|길드 태그|Gilden-Tag|Tag de guilde
guild_desc|Guild Description|Killan selite|Descrição da Guilda|Описание гильдии|公會描述|アクセス不可|길드 소개문|Gildenbeschreibung|Description de la guilde
guild_permission_no_access|No access|Ei pääsyä|Sem acesso|Нет доступа|無訪問權限|表示のみ|접근 불가|Kein Zugriff|Pas d'accès
guild_permission_view_only|View only|Vain katselu|Apenas ver|Только просмотр|僅查看|アイテムの追加|보기 전용|Nur anzeigen|Affichage uniquement
guild_permission_add_items|Add items|Lisää esineitä|Adicionar Itens|Добавить элементы|新增物品|フルアクセス|아이템 추가|Elemente hinzufügen|Ajouter des éléments
guild_permission_full_access|Full access|Täydet oikeudet|Acesso completo|Полный доступ|完全訪問權限|表示|전체 접근|Vollzugriff|Accès complet
guild_tab_display|Display|Näyttö|Exibição|Отображать|顯示|特典|표시|Anzeigen|Affichage
guild_tab_perks|Perks|Edut|Vantagens|Перки|特權|設定|특전|Vergünstigungen|Avantages
guild_tab_settings|Settings|Asetukset|Configurações|Настройки|設置|役員の色|설정|Einstellungen|Paramètres
guild_officer_color|Officer color|Valvojan väri|Cor do Oficial|Цветофицера|幹部顏色|メンバーの色|임원 색상|Offizierfarbe|Couleur de l'officier
guild_member_color|Member color|Jäsenen väri|Cor do Membro|Цвет участника|成員顏色|役員名|멤버 색상|Mitgliedsfarbe|Couleur du membre
guild_officer_name|Officer name|Valvojan nimi|Nome do Oficial|Имя офицера|幹部名稱|メンバー名|임원 이름|Offiziername|Nom de l'officier
guild_member_name|Member name|Jäsenen nimi|Nome do Membro|Имя участника|成員名稱|説明の編集|멤버 이름|Mitgliedsname|Nom du membre
guild_edit_description|Edit Description|Muokkaa selitettä|Editar Descrição|Изменить описание|編輯描述|ギルドを脱退|설명 편집|Beschreibung bearbeiten|Modifier la description
guild_leave|Leave guild|Poistu killasta|Sair da guilda|Покинуть гильдию|離開公會|メンバーを招待|길드 탈퇴|Gilde verlassen|Quitter la guilde
guild_invite_member|Invite member|Kutsu jäsen|Convidar membro|Пригласить участника|邀請成員|適用|멤버 초대|Mitglied einladen|Inviter un membre
guild_apply|Apply|Käytä|Aplicar|Применять|申請|ギルド スタッシュはギルド レベル 20 でロック解除されます!|신청|Bewerben|Postuler
guild_stash_level_requirement_prompt|Guild Stash is unlocked at guild level 20!|Kiltapankki avautuu kiltatasolla 20!|O Armazém da Guilda é liberado no Nível 20 da Guilda!|Тайник гильдии открывается на 20 уровне гильдии!|公會儲物箱在公會達到20級時解鎖！|あなたはギルドに所属していないようです。あなたには何も用意できません!|길드 보관함은 길드 레벨 20에서 잠금 해제됩니다!|Gildenlager wird auf Gildenlevel 20 freigeschaltet!|Le coffre de guilde est déverrouillé au niveau de guilde 20 !
guild_stash_guildless_prompt|You seem guildless. I've got nothing for you!|Sinulla ei ole kiltaa. En voi auttaa sinua!|Você parece sem guilda. Tenho nada pra você!|Вы, кажется, лишены гильдии. У меня для тебя ничего нет!|你似乎還沒有加入公會。 我無法為你提供任何資訊！|現在、他のユーザーがギルド スタッシュにアクセスしています。|당신은 길드가 없는 듯합니다. 저는 당신에게 줄 게 없습니다!|Du scheinst gildenlos zu sein. Ich habe nichts für dich!|Vous semblez sans guilde. Je n'ai rien pour vous !
guild_stash_in_use|Someone else is currently accessing Guild Stash.|Joku muu käyttää kiltapankkia juuri nyt.|Outra pessoa está acessando o armazém da guilda no momento.|В настоящее время кто-то другой использует Guild Stash. |目前其他人正在使用公會倉庫。|タブを追加 |다른 사람이 현재 길드 보관함에 접근하고 있습니다.|Jemand anderes greift gerade auf das Gildenlager zu.|Quelqu'un d'autre accède actuellement au coffre de guilde.
guild_stash_add_tab|Add Tab|Lisää välilehti|Adicionar guia |Добавить вкладку |添加倉庫頁 ||탭 추가|Registerkarte „Hinzufügen“ |Ajouter un onglet 
guild_stash_add_tab_prompt|Are you sure you want to consume a guild stash tab token and add a tab to this guild?||||您確定要使用公會倉庫頁token並向該公會新增倉庫頁嗎？||길드 보관함 탭 토큰을 사용하여 이 길드에 탭을 추가하시겠습니까?||
blood_pact_stash_in_use|Someone else is currently using the Pact Stash.|Joku muu käyttää verivalapankkia juuri nyt.|Alguém mais está usando o Pact Stash no momento. |В настоящее время Pact Stash использует кто-то другой. |目前有人正在使用血契倉庫。 ||현재 다른 사람이 Pact Stash를 사용하고 있습니다. |Jemand anderes verwendet derzeit den Pact Stash. |Quelqu'un d'autre utilise actuellement le Pact Stash. 
red|Red|Punainen|Vermelho|Красный|紅色|緑|빨강|Rot|Rouge
green|Green|Vihreä|Verde|Зеленый|綠色|青|초록|Grün|Vert
blue|Blue|Sininen|Azul|Синий|藍色|あなたはまだギルドに入っておりません。 1つ作成してみたらどうですか？|파랑|Blau|Bleu
no_guild|You are not in a guild. Would you like to create one?|Et ole killassa. Haluaisitko luoda killan?|Você não está em uma guilda. Gostaria de criar uma?|Вы не состоите в гильдии. Хотите создать его?|你還未加入公會。 你想要創建一個嗎？|断念する|소속된 길드가 없습니다. 길드를 생성하시겠습니까?|Du bist nicht in einer Gilde. Möchten Sie eine erstellen?|Vous n'êtes pas dans une guilde. Voulez-vous en créer une ?
resign|Resign|Eroa|Demitir-se|Подать в отставку|放棄|作成する|지역|Rücktritt|Annuler
create|Create|Luo|Criar|Создавать|創建|はい|생성|Erstellen|Créer
yes|Yes|Kyllä|Sim|Да|是|いいえ|예|Ja|Oui
no|No|Ei|Não|Нет|否|確認|아니요|Nein|Non
confirm|Confirm|Hyväksy|Confirmar|Подтверждать|確認|キャンセル|확인|Bestätigen|Confirmer
cancel|Cancel|Peruuta|Cancelar|Отмена|取消|リトライ|취소|Abbrechen|Annuler
retry|Retry|Yritä uudelleen|Tentar novamente|Повторить попытку|重試|ギルドの設置に成功しました|다시 하기|Wiederholen|Réessayer
guild_created|Guild created successfully.|Kilta luotu onnistuneesti.|Guilda criada com sucesso.|Гильдия успешно создана.|公會創建成功。|参加|길드가 성공적으로 생성되었습니다.|Gilde erfolgreich erstellt.|La guilde a été créée avec succès.
join|Join|Liity|Participar|Присоединиться|加入|離れる |참가|Beitreten|Rejoindre
leave|Leave|Poistu|Sair|Оставлять|離開 |トレードリクエストを送信しました|떠난다|Verlassen |Quitter
request_trade|has sent a trade request|lähetti vaihtopyynnön|enviou um pedido de troca|отправил запрос на обмен|已發送交易請求|参加リクエストを送信しました|거래 요청을 보냈습니다.|hat eine Handelsanfrage gesendet|a envoyé une demande d'échange
request_guild|has sent a request to join guild|lähetti pyynnön liittyä kiltaan|enviou um pedido para entrar na guilda|отправил заявку на вступление в гильдию|已發送公會加入請求|保留中の取引リクエスト|길드 가입 요청을 보냈습니다.|hat eine Beitrittsanfrage gesendet|a envoyé une demande d'adhésion à la guilde
request_trade_sent|Pending trade request with|Odotetava vaihtopyyntöä pelaajalle|Pedido de troca pendente com|Ожидающий торговый запрос с|等待交易請求中|保留中のギルド招待 |거래 요청 대기 중|Ausstehende Handelsanfrage mit|Demande d'échange en attente avec
request_guild_sent|Pending guild invite with|Odotetava kiltaanliittymispyyntö pelaajalle|Convite para guinda pendente com|Ожидается приглашение в гильдию с|等待公會邀請中 |友達リスト|보류 중인 길드 초대|Ausstehende Gildeneinladung mit |Invitation de guilde en attente avec
friend_list|Friend List|Ystävälista|Lista de Amigos|Список друзей|好友列表|友達IDを入力してください：|친구 목록|Freundesliste|Liste d'amis
friend_enter_id|Enter friend id:|Syötä ystävän id:|Insira a id do amigo:|Введите идентификатор друга:|輸入好友ID：|友人を追加する|친구 ID 입력 :|Freund-ID eingeben:|Entrez l'identifiant de l'ami :
friend_add|Add Friend|Lisää ystävä|Adicionar amigo|Добавить в друзья|新增好友|友達を削除する|친구 추가|Freund hinzufügen|Ajouter un ami
friend_remove|Remove Friend|Poista ystävä|Remover amigo|Удалить друга|刪除好友|招待する |친구 제거|Freund entfernen|Supprimer un ami
invite|Invite|Kutsu|Convidar|Приглашать|邀請 |注意してください！これは Panic Art Studios とは関係のないサードパーティのリンクですが、ギルドマネージャーによってここに配置されています。続行してもよろしいですか？ |초대|Einladen |Inviter
guild_link_warning|Careful! This is a third party link that is NOT associated with Panic Art Studios, but put here by your guild manager. Are you sure you wish to proceed to |Varo! Tämä on kolmannen osapuolen linkki jonka kiltasi omistaja on laittanut tähän. Haluatko varmasti jatkaa osoitteeseen |Cuidado! Este é um link de terceiros que NÃO está associado com a Panic Art Studios, mas foi colocado aqui pelo gerente da guilda. Tem certeza que deseja prosseguir para| Осторожный! Это сторонняя ссылка, НЕ связанная с Panic Art Studios, а размещенная здесь менеджером вашей гильдии. Вы уверены, что хотите перейти к|請小心！這是一個與Panic Art Studios無關的第三方鏈接， 但由你的公會經理放置在這裡。 你確定要繼續前往嗎?||주의하세요! 이것은 Panic Art Studios와 관련이 없는 제3자 링크이지만, 귀하의 길드 관리자가 여기에 게시한 것입니다. 계속 진행하시겠습니까? |Achtung! Dies ist ein Drittanbieter-Link, der NICHT mit Panic Art Studios verbunden ist, sondern von Ihrem Gildenmanager hier platziert wurde. Möchten Sie wirklich fortfahren? |Attention ! Il s'agit d'un lien tiers qui n'est PAS associé à Panic Art Studios, mais placé ici par votre responsable de guilde. Êtes-vous sûr de vouloir continuer ? 
|||||||||||
[shop]|||||||||||
clothing|Clothing|Vaatteet|Roupas|Одежда|服装|ミニオン（部下）|복장|Bekleidung|Vêtements
mercenary|Mercenary|Palkkasoturi|Mercenário|Наемник|傭兵|有効|용병|Söldner|Mercenaire
active|Active|Aktiivinen|Ativo|Активный|主動|パッシブ|활성화|Aktiv|Actif
passive|Passive|Passiivinen|Passivo|Пассивный|被動|名前の色|패시브|Passiv|Passif
name_color|Name color|Nimen väri|Cor do nome|Цвет имени|名稱顏色|ショップから出る|이름 색깔|Namensfarbe|Couleur du nom
exit_shop|Exit shop|Poistu kaupasta|Sair da loja|Выход из магазина|退出商店|近接|상점에서 나가기|Shop verlassen|Quitter
melee|Melee|Lähitaistelu|Corpo a corpo|Ближний бой|近戰|遠隔|근접|Nahkampf|Combat rapproché
ranged|Ranged|Kaukotaistelu|Longo alcance|Дальний бой|遠程|シールド |원거리|Fernkampf|Combat à distance
shield|Shield|Kilpi|Escudo|Щит|盾牌 |名前|방패|Schild |Bouclier
name|Name|Nimi|Nome|Имя|名稱|使用|이름|Bennenen|Nom
use|use|käytä|Usar|использовать|使用|ポートレート|사용|nutzen|utiliser
portrait|Portrait|Valitse kuvake|Retrato|Портрет|頭像框|インターフェース|초상화|Porträt|Portrait
hud|Interface|Käyttöliittymä|Interface|Интерфейс|介面|ルビーが足りない|상호 작용|Interface|Interface
not_enough_rubies|not enough rubies|ei tarpeeksi rubiineja|Não há rubis o suficiente|недостаточно рубинов|紅寶石不足|クリスタルが足りない|루비가 부족합니다|zu wenig Rubine|pas assez de rubis
not_enough_crystals|not enough crystals|ei tarpeeksi kristalleja|Não há cristais o suficiente|недостаточно кристаллов|水晶不足|ゴールドが足りません。あと _ 必要です|크리스탈이 부족합니다|zu wenig Kristalle|pas assez de cristaux
not_enough_gold_need|Not enough gold. You need|Ei tarpeeksi kultaa. Tarvitset|Não há ouro o suficiente. Você precisa de|Недостаточно золота. Тебе нужно|你需要更多黃金|ゴールドが足りない |골드가 충분하지 않습니다. 더 필요한 골드:|Nicht genug Gold. Du brauchst|pas assez d'or. Vous avez besoin de
not_enough_gold|not enough gold|ei tarpeeksi kultaa|Não há ouro o suficiente.|недостаточно золота|黃金不足 |タレントをリセットするまで _ 枚のコイン|골드가 부족합니다|nicht genug Gold |Or insuffisant
coins_to_reset_talents|coins to reset talents.|kultaa palauttaaksesi taitosi.|moedas para resetar os talentos.|монеты для сброса талантов.|金幣來重置天賦。|名前を変更するコイン。|재능을 리셋하는데 필요한 코인:|Münzen, um die Talente zurückzusetzen.|pièces pour réinitialiser les talents.
coins_to_rename|coins to rename.|kultaa uudelleennimetäksesi.|moedas para renomear|монеты для переименования.|金幣來更換名稱。|変更を確認するコイン。 |이름을 바꿀 동전.|Münzen zum Umbenennen.|pièces à renommer.
coins_to_confirm|coins to confirm changes.|kultaa vahvistaaksesi muutokset.|moedas para confirmar mudanças|монеты для подтверждения изменений. |金幣來確認更改。 |ショップを保存しています...|변경 사항을 확인할 동전.|Münzen zum Bestätigen von Änderungen. |pièces pour confirmer les modifications. 
saving_shop|Saving shop...|Tallennetaan kauppaa...|Salvando a loja...|Сохранение магазина...|正在保存商店...|ロックが解除された|상점 저장 중...|Speichern...|Sauvegarde de la boutique...
unlocked|Unlocked|Avattu|Desbloqueado|Разблок.|已解鎖|ロック解除|잠금 해제|Entsperrt|Déverrouillé
unlock|Unlock|Avaa|Desbloquear|Разблок.|解鎖|ロック|잠금 해제|Freischalten|Déverrouiller
lock|Lock|Lukitse|Bloquear|Замок|鎖定|悪魔の鍵 |잠금|Schloss|Serrure
buy_key|Satanic Key|Saatanallinen avain|Chave Satânica|Сатанинский ключ|撒旦鑰匙 |ヒーローレベルが必要|사탄의 열쇠|Satanischer Schlüssel |Clé satanique 
requires_hero_level|Requires Hero Level|Vaatii sankaritason|Requer Nível Heroico|Требуется уровень героя|需要英雄等級|ハロウィーン|필요한 영웅 레벨|Benötigt Helden-Level|Nécessite un héros niveau
halloween|Halloween|Halloween|Halloween|Хэллоуин|萬聖節|クリスマス|할로윈|Halloween|Halloween
christmas|Christmas|Joulu|Natal|Рождество|聖誕節|報酬|크리스마스|Weihnachten|Noël
reward|Reward|palkinto|Recompensa|Награда|獎勵|進捗|보상|Belohnung|bonus
progress|Progress|Edistyminen|Progresso|Прогресс|進展|クエストの目的 |진행 상황|Fortschritt|Progrès
quest_objective|Quest objective|Tehtävä|Objetivo da Missão|Цель квеста |任務目標 |シーっ...これは秘密です。|퀘스트 목표|Questziel |Objectif de la quête 
easter_egg|Shh... It's a secret.|Shh... Se on salaisuus.|Shh... É um segredo.|Тсс... Это секрет.|噓... 這是一個秘密。|注目の|쉿... 이건 비밀이야.|Shh... Es ist ein Geheimnis.|Chut... C'est un secret.
featured|Featured|Esittelyssä|Em destaque|Рекомендуемые|精選|注目のコスメ |추천|Vorgestellt|En vedette
featured_cosmetics|Featured Cosmetics|Esitellyt kosmetiikat|Cosméticos em destaque |Рекомендуемая косметика |特色造型|アクセサリー|주요 화장품|Ausgewählte Kosmetika |Cosmétiques en vedette 
accessories|Accessories|Lisävarusteet|Acessórios|Аксессуары|飾品|アイテム|액세서리|Zubehör|Accessoires
items|Items|Esineet|Itens|Предметы|物品|宝石|아이템|Gegenstände|Objets
gems|Gems|Jalokivet|Gemas|Драгоценные камни|寶石|ロック済み|젬|Edelsteine|Pierres précieuses
locked|Locked|Lukittu|Trancado|Заблокировано|鎖定|無効化|잠김|Gesperrt|Verrouillé
deactivate|Deactivate|Deaktivoi|Desativar|Деактивировать|停用|購入|비활성화|Deaktivieren|Désactiver
purchase|Purchase|Osta|Comprar |Покупка|購買|帽子 |구매|Kaufen|Achat
hat|Hat|Hattu|Chapéu|Шляпа |帽子 |帽子|모자|Hut |Chapeau 
hats|Hats|Hatut|Chapéus|Головные уборы|帽子|ベーシック|모자|Hüte|Chapeaux
basic|Basic|Perus|Básico|Базовый|基本|アニバーサリー|기본|Basis|Basique
anniversary|Anniversary|Vuosipäivä|Aniversário|Годовщина|週年紀念日|スキン|기념일|Jahrestag|Anniversaire
skins|Skins|Ulkonäöt|Skins|Скины|外觀|ヒーロー|스킨|Skins|Apparences
hero|Hero|Sankari|Herói|Герой|英雄|仲間|영웅|Held|Héros
companions|Companions|Kumppanit|Companheiros|Компаньоны|同伴|このアイテムはキャラクターを選択した後に装備することができます|동반자|Gefährten|Compagnons
equip_ingame|This item can be equipped after choosing a character|Tämä esine voidaan pukea hahmon valitsemisen jälkeen|Este item pode ser equipado após escolher um personagem|Этот предмет можно экипировать после выбора персонажа.|此物品可在選擇角色後裝備|このアイテムは現在の機器と互換性がありません|이 아이템은 캐릭터 선택 후 착용 가능합니다.|Dieser Gegenstand kann nach Auswahl eines Charakters ausgerüstet werden|Cet article peut être équipé après avoir choisi un personnage
equip_not_compatible|This item isn't compatible with your current equipment|Tämä tuote ei ole yhteensopiva nykyisten varusteidesi kanssa|Este item não é compatível com seu equipamento atual|Этот товар несовместим с вашей текущей экипировкой|此物品與您當前的裝備不相容|シーズン サポーター|이 항목은 현재 장비와 호환되지 않습니다.|Dieser Artikel ist nicht mit Ihrer aktuellen Ausrüstung kompatibel|Cet article n'est pas compatible avec votre équipement actuel
season_supporter|Season Supporter|Kausitukija|Apoiador da Temporada|Поддержка сезона|賽季贊助者|現在のシーズン中のみ利用可能|시즌 서포터|Saisonunterstützer|Supporteur de saison
season_supporter_explanation|Only available during the current Season|Saatavilla vain tämän kauden ajan|Disponível apenas durante a temporada atual.|Доступно только в текущем сезоне|僅在當前賽季可用|所有数: [token_count]|현재 시즌 동안만 이용 가능|Nur während der aktuellen Saison verfügbar|Disponible uniquement pendant la saison en cours
season_supporter_hint|You have: [token_count]|Sinulla on: [token_count]|Você tem: [token_count]|У вас есть: [token_count]|你擁有：[token_count]|所有しているトークンのみ表示|가지고 있는 것: [token_count]|Sie haben: [token_count]|Vous avez : [token_count]
show_owned|Show only owned|Näytä vain omistetut|Mostrar obtidos|Показать только принадлежащие|顯示已擁有|ロックされているトークンを表示|소유한 것만 표시|Nur im Besitz anzeigen|Afficher uniquement les éléments possédés
show_locked|Show locked|Näytä lukitut|Mostrar bloqueados|Показать заблокированные|顯示已鎖定|すべて表示|잠긴 것만 표시|Gesperrt anzeigen|Afficher les éléments verrouillés
show_all|Show all|Näytä kaikki|Mostrar todos|Показать все|顯示所有增強|すべてのスキンを表示|모두 표시|Alle anzeigen|Afficher tout
show_all_skins|Show all skins|Näytä kaikki ulkonäöt|Mostrar todas as skins|Показать все скины|顯示所有皮膚|翼|모든 스킨 표시|Alle Skins anzeigen|Afficher tous les skins
wings|Wings|Siivet|Asas|Крылья|翅膀|バック アクセサリ|날개|Flügel|Ailes
back_accessories|Back Accessories|Selkätarvikkeet|Acessórios Traseiros|Аксессуары для спины|背部配件|ゴールド トークンを購入|등 액세서리|Rückenzubehör|Accessoires de dos
buy_gold_token|Buy Gold Token|Osta kultapoletti|Comprar Token de Ouro|Купить золотой жетон|購買Gold Token|ゴールド トークンを購入しますか?|골드 토큰 구매|Goldtoken kaufen|Acheter un jeton d'or
buy_gold_token_long|Would you like to buy a Gold Token for|Haluaisitko ostaa kultapoletin|Você gostaria de comprar um Token de Ouro por|Хотите купить золотой жетон за|您想購買一個Gold Token嗎？|ゴールド トークン|골드 토큰을 다음 가격으로 구매하시겠습니까?|Möchten Sie einen Goldtoken für|Souhaitez-vous acheter un jeton d'or pour
gold_token|Gold Token|Kultapoletti|Token de Ouro|Золотой жетон|Gold Token|ポートレート|골드 토큰|Goldtoken kaufen?|Jeton d'or
season_reward_effect|Player Effect|Pelaajaefekti|Efeito de Jogador|Эффект игрока|玩家效果|プレイヤー エフェクト|플레이어 효과|Spielereffekt|Effet du joueur|Efecto de Jugador
season_reward_portal|Portal Skin|Portaaliulkonäkö|Skin de Portal|Облик портала|傳送門造型|ポータル スキン|포탈 스킨|Portal-Skin|Skin de portail|Aspecto de Portal
season_reward_back|Back Accessory|Selkävaruste|Acessório Traseiro|Аксессуар для спины|背部配件|バック アクセサリ|등 액세서리|Rückenzubehör|Accessoire de dos|Accesorio de Espalda
cursor|Cursor|Kursori|Cursor|Курсор|鼠標|カーソル|커서|Cursor|Curseur|Cursor
subscribe|Subscribe|Tilaa|Inscrever-se|Подписаться|訂閱|購読|구독|Abonnieren|S'abonner|Suscribirse
accessory|Accessory|Lisävaruste|Acessório|Аксессуар|配件|アクセサリ|액세서리|Zubehör|Accessoire|Accesorio
effect|Effect|Efekti|Efeito|Эффект|效果|エフェクト|효과|Effekt|Effet|Efecto
trail|Trail|Jälki||След |足跡 |トレイル |트레일|Spur |Trail |Rastro
buy_multiple|Buy Multiple|Osta monta|||購買多個|複数購入|다중 구매|||Comprar Múltiples
weapon_skin|Weapon Skin|Aseen ulkonäkö|||武器造型|武器スキン|무기 스킨|||Aspecto de Arma
shield_skin|Shield Skin|Kilven ulkonäkö|||盾牌造型|盾スキン|쉴드 스킨|||Aspecto de Escudo
death_effect|Death Effect||||怪物死亡效果||||
spell_effects|Spell Effects||||法術造型||||
skin_effects|Skin Effects|||Эффекты кожи|外觀特效||스킨 이펙트|||Efectos de Aspectos|
|||||||||||
[ingame]|||||||||||
stun_duration|Stun Duration|Tainnutuksen kesto|Duração do Atordoamento|Продолжительность оглушения|暈眩持續時間|プロク・チャンス|스턴 시간|Betäubungsdauer|Durée de l'étourdissement
proc_chance|Proc Chance|Iskumahdollisuus|Chance de Proc|Шанс срабатывания|觸發機率|時間|프록 기회|Auslösechance|Chance de déclenchement
duration|Duration|Kesto|Duração|Продолжительность|持續時間|秒|지속시간|Dauer|Durée
seconds|Seconds|Sekuntia|Segundos|Секунды|秒|秒|초|Sekunden|Secondes
second|Second|Sekunti|Segundo|Второй|秒|オーラ|초|Sekunde|Seconde
aura|Aura|Aura|Aura|Аура|光環|遅い期間|오라|Aura|Aura
slow_duration|Slow Duration|Hidastuksen kesto|Duração Lenta|Длительность|減速持續時間|吸収|슬로우 지속시간|Verlangsamungsdauer|Durée du ralentissement
absorption|Absorption|Imeytyminen|Absorção|Поглощение|吸收|攻撃スキル|흡수|Absorption|Absorption
offensive_skills|Offensive Abilities|Hyökkäystaidot|Habilidades Ofensivas|Наступательные способности|攻擊能力|防御スキル|공격 어빌리티|Offensive Fähigkeiten|Capacités offensives
defensive_skills|Defensive Abilities|Puolustustaidot|Habilidades Defensivas|Оборонительные способности|防禦能力|魔法スキル|방어 어빌리티|Defensive Fähigkeiten|Capacités défensives
magic_skills|Magic Abilities|Taikataidot|Habilidades Mágicas|Магические способности|魔法能力|取引承認|마법 어빌리티|Magische Fähigkeiten|Capacités magiques
accept_trade|Trade Accepted|Vaihto hyväksytty|Troca Aceita|Торговля принята|接受交易|目録を開く|거래 수락|Tausch akzeptiert|Échange accepté
open_inventory|Open Inventory|Avaa reppu|Abrir Inventário|Открыть инвентарь|打開背包|同意|인벤토리 열기|Inventar Öffnen|Ouvrir l'inventaire
agree|Agree|Hyväksy|Concordo|Соглашаться|同意|閉じる|동의하기|Zustimmen|Valider
close|Close|Sulje|Fechar|Закрывать|關閉|追加ストレングス|닫기|Schließen|Fermer
extra_strength|Extra Strength|Lisävoimaa|Força Extra|Дополнительная сила|额外的力量|追加エナジー|여분의 힘|Extra-Stärke|Force supplémentaire
extra_energy|Extra Energy|Lisäenergiaa|Energia Extra|Дополнительная энергия|额外的能量|追加アーマー|여분의 에너지|Extra-Energie|Énergie supplémentaire
extra_armor|Extra Armor|Lisäsuojaa|Armadura Extra|Дополнительная броня|额外的護甲|追加スタミナ|여분의 방어력|Extra-Rüstung|Armure supplémentaire
extra_stamina|Extra Stamina|Lisäelämää|Estamina Extra|Дополнительная выносливость|额外的耐力|治癒|여분의 스태미나|Extra-Durchhaltevermögen|Endurance supplémentaire
healing|Healing|Parannus|Cura|Выздоровление|治癒|魔法耐性|힐링|Heilung|Guérison
magic_resistance|Arcane Resistance|Taika-vastustus|Resistência Arcana|Сопротивление тайной магии|奧術抗性|物理耐性|아케인 저항|Magischer Widerstand|Résistance magique
physical_resistance|Physical Resistance|Fyysinen vastustus|Resistência Física|Физическое сопротивление|物理抗性|手渡されました|물리 저항|Physischer Widerstand|Résistance physique
handed|Handed|Kätinen|Mão|Вручил|[1單手 2雙手]|買い戻し|장비함|Händig|main(s)
buyback|Buyback|Takaisinosto|Recomprar|Выкупить|買回|スタック|되사기|Rückkauf|Rachat
stacks|Stacks|Pinoa|Acúmulos|Стеки|疊加|装備|스택|Stapel|Cumul(s)
loadouts|Loadouts|Varustukset|Loadouts|Выгрузки|裝備欄|宝石ポーチ|로드 아웃|Ausrüstungen|Chargements
gem_pouch|Gem Pouch|Riimupussi|Bolsa de Gemas|Мешочек с драгоценными камнями|寶石袋|シードポーチ|젬 파우치|Edelsteintasche|Pochette de gemmes
seed_pouch|Seed Pouch|Siemenpussi|Bolsa de Sementes|Мешочек для семян|種子袋|キーリング|씨앗 파우치|Samentasche|Pochette de graines
key_ring|Key Ring|Avainnippu|Chaveiro|Брелок для ключей|鑰匙圈|消耗品 |키 링|Schlüsselanhänger|Porte-clés
consumable|Consumable|Käytettävät|Consumível|Расходный материал|消耗品 |ルーン|소모품|Verbrauchsgegenstand |Consommable
rune|Rune|Riimu|Runa|Руна|符文|傭兵|룬|Rune|Rune
minion_inventory|Mercenary|Palkkasoturi|Mercenário|Наемник|雇傭兵佣兵|話す|용병|Söldner|Mercenaire
speak|Speak|Puhu|Falar|Говорить|對話|売る|말하기|Sprechen|Parler
sell|Sell|Myy|Vender|Продать|出售|すべて売却|팔기|Verkaufen|Vendre
sell_all|Sell All|Myy kaikki|Vender Tudo|Продать все|全部出售|拾い読み|전부 팔기|Alles verkaufen|Tout vendre
browse|Browse|Selaa|Procurar|Просматривать|瀏覽|詳しく調べる|장비 보기|Stöbern|Parcourir
inspect|Inspect|Tutki|Inspecionar|Осмотреть|查看詳細屬性|落とす|비교|Inspizieren|Inspecter
drop|Drop|Pudota|Dropar|Уронить|丟棄|装備|떨어뜨리기|Droppen|Jeter
equip|Equip|Pue|Equipar|Оборудовать|裝備|しまう|장착|Ausrüsten|Équiper
stash|Stash|Pankki|Armazém|Тайник|倉庫|ギルドスタッシュ |보관함|Truhe|Coffre
guild_stash|Guild Stash|Kiltapankki|Armazém da Guilda|Тайник гильдии|公會倉庫 |血の契約の保管庫|길드 보관함|Gildenversteck |Coffre de guilde
blood_pact_stash|Blood Pact Stash|Verivalapankki||||血契倉庫|블러드 팩트 보관함||
retrieve|Retrieve|Palauta|Resgatar |Забрать|取回|インベントリー|꺼내기|Zurückholen|Récupérer
inventory|Inventory|Reppu|Inventario|Инвентарь|背包|クエスト|인벤토리|Inventar|Inventaire
quests|Quests|Tehtävät|Quests|Квесты|任務|クエストを受ける|퀘스트|Quests|Quêtes
ether_quests|Ether Quests|||Эфирные квесты|乙太任務||에테르 퀘스트|||Misiones de Éter|
accept_quest|Accept Quest|Hyväksy tehtävä|Aceitar Quest|Принять квест|接受任務|クエストに戻る|퀘스트 수락|Quest annehmen|Accepter une quête
return_quest|Return Quest|Palauta tehtävä|Retornar Quest|Вернуть квест|回覆任務|クエストを削除|퀘스트 반납|Quest abgeben|Rendre la quête
return_quest_to|Return to||||回覆|クエストを削除||||Entregar Misión
delete_quest|Delete quest|Poista tehtävä|Apagar Quest|Удалить квест|刪除任務|クエスト完了！|퀘스트 삭제|Quest löschen|Supprimer la quête
quest_completed|Quest completed!|Tehtävä suoritettu!|Quest completada!|Квест завершен!|任務完成！|破壊する|퀘스트 완료!|Quest abgeschlossen!|Quête terminée !
destroy|Destroy|Tuhoa|Destruir|Разрушать|銷毀|アップグレード|파괴|Zerstören|Détruire
upgrade|Upgrade|Päivitä|Melhorar|Обновление|升級|装備を取り去る|업그레이드|Aufrüsten|Améliorer
unequip|Unequip|Riisu|Desequipar|Снять экипировку|卸下||해제|Ablegen|Déséquiper
show_sockets|Show sockets|Näytä paikat|Mostrar engastes|Показать гнезда|顯示鑲孔|ソケットを非表示 |소켓 표시|Sockel anzeigen|Afficher les emplacements
hide_sockets|Hide sockets|Piilota paikat|Esconder engastes|Скрыть гнезда|隱藏鑲孔 |ソケットの削除|소켓 숨기기|Sockel verstecken|Masquer les emplacements
clear_socket|Clear Socket|Tyhjennä paikka|Limpar Engaste|Прозрачные гнезда|清除鑲孔|このアイテムのソケットをクリアしますか？|소켓 클리어|Sockel entfernen|Vider les emplacements
clear_socket_prompt|Are you sure you want to clear sockets from this item?|Oletko varma että haluat tyhjentää tämän esineen paikat?|Tem certeza que deseja limpar os engastes deste item?|Вы уверены, что хотите очистить гнезда от этого предмета?|你確定要從這件物品上清除鑲孔嗎?|場所|정말로 이 아이템의 소켓을 지우시겠습니까?|Bist du sicher, dass du die Sockel für diesen Gegenstand entfernen willst?|Êtes-vous sûr de vouloir supprimer tous les objets contenus dans ces emplacements ?
place|Place|Aseta |Local|Место|擺放|前|장소|Ort|Lieu
previous|Previous|Edellinen|Anterior|Предыдущее|上一個|次|이전|Vorherige|Précédent
next|Next |Seuraava|Próximo|Следующее|下一個|前のタブ|다음|Nächste|Suivant
previous_tab|Previous Tab|Edellinen välilehti|Guia anterior|Предыдущая вкладка|上一頁|次のタブ|이전 탭|Vorherige Registerkarte|Onglet précédent
next_tab|Next Tab|Seuraava välilehti|Próxima guia|Следующая вкладка|下一頁|ユニーク|다음 탭|Nächste Registerkarte|Onglet suivant
unique|Unique|Ainutlaatuinen|Único|Уникальное|獨特|ユニークなアイテム |고유|Einzigartig|Unique
unique_items|Unique items|Ainutlaatuisia esineitä |Itens únicos |Уникальные предметы |獨特物品 ||고유 아이템|Einzigartige Artikel |Articles uniques 
cycle_ui|Cycle Cursor||||切換遊標||커서 전환||
cycle_tab|Cycle Tabs||||切換標籤|タレティエル市場|탭 전환||
market|Tarethiel Market|Tarethielin tori|Mercado de Tarethiel|Рынок Таретиэль|交易所|クラフト|타레시엘 마켓|Tarethiel-Markt|Marché de Tarethiel
craft|Craft|Valmista|Criar|Ремесло|工藝製造|クラフト|제작|Herstellung|Artisanat
crafting|Crafting|Valmistus|Criações|Крафт|合成/工藝/製作|プロスペクト|제작|Herstellung|Artisanat
prospect|Prospect|Valmista|Inspecionar|Перспектива|製作|プロスペクティング|분해|Prospektion|Prospection
prospecting|Prospecting|Valmistus|Prospecção |Разведка |分解|ランダム|분해|Prospektion|Prospection
random|random|satunnainen|Aleatório|случайный|隨機|マージ|무작위|zufällig|Aléatoire
merge|Merge|Yhdistä|Fundir|Объединить|合併|難易度|합치기|Zusammenführen|Fusion
difficulty|Difficulty|Vaikeusaste|Dificuldade|Сложность|難度|難易度の変更|난이도|Schwierigkeit|Difficulté
change_difficulty|Change Difficulty|Vaihda vaikeusastetta|Alterar Dificuldade|Изменить сложность|改變難度|ノーマル|난이도 변경|Schwierigkeit ändern|Changer la difficulté
normal|Normal|Normaali|Normal|Нормальный|普通|ナイトメア|노멀|Normal|Normal
nightmare|Nightmare|Painajainen|Pesadelo|Кошмар|噩夢|ヘル|나이트메어|Albtraum|Cauchemar
hell|Hell|Helvetti|Inferno|Ад|地獄|インフェルノ|헬|Hölle|Enfer
inferno|Inferno|Piina|Outro Mundo|Инферно|煉獄|ソロランキング|인페르노|Inferno|Enfer
solo_rank|Solo Ranking|Yksinpelisijoitus|Ranking Solo|Соло-рейтинг|單人排名|デュオランキング|솔로 랭킹|Solo-Rangliste|Classement solo
duo_rank|Duo Ranking|Kaksinpelisijoitus|Ranking Duo|Рейтинг дуо|雙人排名|トリオランキング|듀오 랭킹|Duo-Rangliste|Classement duo
trio_rank|Trio Ranking|Kolminpelisijoitus|Ranking Trio|Рейтинг трио|三人排名|クアッドランキング|트리오 랭킹|Trio-Rangliste|Classement trio
quad_rank|Quad Ranking|Nelinpelisijoitus|Ranking Quad|Квадро рейтинг|四人排名|ヒーローレベルランキング|쿼드 랭킹|Quad-Rangliste|Classement quadruple
hero_rank|Hero Level Ranking|Sankaritasosijoitus|Ranking Nível Heroico|Рейтинг уровня героя|英雄等級排名|コモン|영웅 레벨 랭킹|Heldenlevel-Rangliste|Classement du niveau des héros
common|Common|Tavallinen|Comum|Общий|普通|スーペリア|일반|Gewöhnlich|Commun
superior|Superior|Epätavallinen|Superior|Начальство|優越|レア|상급|Überlegen|Supérieur
rare|Rare|Harvinainen|Raro|Редкий|稀有|レジェンダリー|희귀|Selten|Rare
legendary|Legendary|Legendaarinen|Lendário|Легендарный|傳奇|ミシック|전설|Legendär|Légendaire
mythic|Mythic|Myyttinen|Mítico|Мифический|神話|エンジェリック|신화|Mythisch|Mythique
angelic|Angelic|Enkeli|Angélico|Ангельский|天使|サタニック|천사|Engelhaft|Angélique
satanic|Satanic|Saatanallinen|Satânico|Сатанинский|惡魔|ヒロイック|사탄|Satanisch|Satanique
heroic|Heroic|Sankarillinen|Heroico|Героический|英雄|アンホーリー|영웅|Heroisch|Héroïque
unholy|Unholy|Epäpyhä|Profano|Нечестивый |邪惡|ヒロイックセット|타락|Unheilig|Impie
heroic_set|Heroic Set|Sankarillinen setti|Conjunto Heroico|Героический комплект|英雄套裝|サタニックセット|영웅 세트|Heroisches Set|Ensemble héroïque
satanic_set|Satanic Set|Saatanallinen setti|Conjunto Satânico|Сатанинский набор|惡魔套裝|ルーンワード|사탄 세트|Satanisches Set|Ensemble satanique
runeword|Runeword|Riimusana|Runeword|Рунное слово|符文之語|履歴|룬워드|Runenwort|Mot runique
history|History|Historia|História|История|歷史|トークン購入|히스토리|Geschichte|Histoire
buy_token|Buy Token|Osta poletti|Comprar Token|Купить токен|購買販售欄位|販売制限|토큰 구매|Token kaufen|Acheter un jeton
sell_limit|Sell Limit|Myyntiraja|Limite de Venda|Продать лимит|上架数量|ルーン価格の非表示 |판매 제한|Verkaufslimit|Limite de vente
hide_rune_prices|Hide rune prices|Piilota riimuhinnat|Esconder Preços de Runa|Скрыть цены на руны |隱藏符文價格 ||룬 가격 숨기기|Runenpreise ausblenden |Masquer les prix des runes 
hide_runewords|Hide runewords||||隱藏符文之語||룬워드 숨기기||
hide_unbreakable|Hide unbreakable||||隱藏不可拆解||파괴불가 숨기기||
hide_corrupted|Hide corrupted||||隱藏已腐化|腐敗したアイテムを非表示|부패한 아이템 숨기기|||Ocultar irrompibles
|||||||||||
[Stats]|||||||||||
health|Life|Elämä|Vida|Жизнь|生命值|マナ|최대 체력|Lebenspunkte|Vie
mana|Mana|Mana|Mana|Мана|魔法值||마나|Mana|Mana
|||||||||||
level_requirement|Requires Level|Tasovaatimus|Requer nível |Требуется уровень |等級需求 |アイテムレベル|레벨 필요|Erfordert Level |Niveau requis 
item_level|iLevel|iLevel|iLevel|Уровень предм.|物品等級|拾った|아이템 레벨|Gegenstandslevel|iNiv
picked_up|Picked up|Nostettu|Pegou|Взял|拾取|装備した|획득|Aufgenommen|Ramassé
equipped|Equipped|Puettu|Equipado|Оборудовано|裝備|タウンポータル|장착|Ausgerüstet|Équipé
town_portal|Town Portal|Kyläportaali|Portal da Cidade|Городской портал|城鎮傳送門|シナジー|타운 포탈|Stadtportal|Portail de ville
synergy|Synergy|Synergia|Sinergia|Синергия|協同效果|現在のレベル|시너지|Synergie|Synergie
current_level|Current level|Nykyinen taso|Nível Atual|Текущий уровень|當前等級|次のレベル|현재 레벨|Aktuelles Level|Niveau actuel
next_level|Next level|Seuraava taso|Próximo Nível|Следующий уровень|下一等級|収集したクエストアイテム |다음 레벨|Nächstes Level|Niveau suivant
picked_up_quest_item|Collected quest item|Poimittu tehtäväesine|Colete o item da missão||收集的任務物品 ||수집한 퀘스트 아이템|Aufgenommener Questgegenstand |Objet de quête récupéré 
physical|Physical|Fyysinen|Físico|Физический|物理|秘術|물리|Physisch|Physique
magic|Arcane|Taika|Arcano|Мистический|奧術|毒|아케인|Arkan|Arcane
poison|Poison|Myrkky|Veneno|Яд|毒|風|독|Gift|Poison
wind|Wind|Tuuli|Vento|Ветер|風|雷|바람|Wind|Vent
lightning|Lightning|Sähkö|Raio|Молния|閃電|冷気|번개|Blitz|Foudre
cold|Cold|Kylmä|Gelo|Холод|冰霜|火|냉기|Kälte|Froid
fire|Fire|Tuli|Fogo|Огонь|火焰|気絶|불|Feuer|Feu
stunned|Stunned|Tainnutettu|Atordoado|Оглушение|晕眩|極寒|기절|Betäubt|Étourdi
frozen|Deep Freeze|Syväjää|Congelado|Глубокая заморозка|深度冰凍|凍結|심한 동결|Tiefkühl|Gel profond
freeze|Frozen|Jäätynyt|Paralisado|Замороженный|冰凍|毒|동결|Gefroren|Gelé
poisoned|Poisoned|Myrkytetty|Envenenado|Отравленный|中毒|スロー|중독|Vergiftet|Empoisonné
slow|Slow|Hidastus|Lento|Замедление|減速|弱体化|슬로우|Verlangsamt|Lent
weakened|Weakened|Heikennetty|Enfraquecido|Ослабление|虛弱|燃焼ダメージ|약화|Geschwächt|Affaiblissement
burning_damage|Burning Damage|Palamisvahinko|Dano de Queimadura|Урон от горения|燃燒傷害|燃焼|화상 피해|Brennender Schaden|Dégâts de brûlure
burning|Burning|Palava|Em chamas|Горение|燃燒|出血 |화상|Brennen|Brûlure
bleeding|Bleeding|Verta vuotava|Sangrando|Кровотечение |流血|不死|출혈|Bluten |Saignement 
immortality|Immortality|Kuolemattomuus|Imortalidade|Бессмертие|永生|ダメージ2倍|불사|Unsterblichkeit|Immortalité
double_damage|Double Damage|Tuplavahinko|Dano Dobrado|Двойной урон|雙倍傷害|エレメンタル|두 배 데미지|Doppelter Schaden|Double dégâts
elemental|Elemental|Elementaali|Elemental|Элементаль|元素|増加したルビードロップ|원소|Elementar|Élémentaire
ruby_drops|Increased Ruby drops|Lisää rubiinien määrää|Drops de Rubi Aumentados|Увеличено количество выпадающих рубинов.|提高紅寶石掉落|発射物|증가된 루비 드롭|Erhöhte Rubindrops|Augmentation du butin de rubis
projectiles|Projectiles|Ammuksia|Projéteis|Снаряды|投射物|セット・ボーナス|투사체|Projektile|Projectiles
set_bonus|Set Bonus|Settibonus|Bônus de Conjunto|Установить бонус|套裝獎勵||보너스 설정|Set-Bonus|Bonus de set
when_struck|when Struck|kun Sinua Isketään|Chance quando Atingido|при ударе|被擊中時施放|攻撃したとき|피격 시|bei Treffer|quand touché
when_strike|when Striking|kun Isket|Chance quando Atingir|при ударе|打擊擊中目標時施放|キルするたびに|타격 시|bei Schlag|en touchant
when_kill|after each Kill|jokaisen tapon jälkeen|Chance após cada Baixa|после каждого убийства|每次擊殺後施放|ブロックした後|몬스터 처치 시|nach jedem Kill|après chaque mort
when_blocking|after Blocking|eston jälkeen|Chance após Bloquear|после блокировки|格檔後施放|キャストしたとき|블로킹 후|nach dem Blocken|après blocage
when_casting|when Casting|kun Casting|Chance quando Conjurar|при касте|施法時額外施放|攻撃したとき|시전 시|beim Zaubern|en lançant un sort
when_attacking|when Attacking|kun hyökkää|Chance quando Atacar|при атаке|進行攻擊時施放|スペルヒットしたとき|공격 시|beim Angriff|en attaquant
when_spellhit|when Spellhit|kun Spellhit|Chance quando Acertar Magia|при попадании заклинанием|法術命中時施放|チャンス |주문 적중 시|bei Zaubertreffer|quand Spellhit
chance|Chance|Mahdollisuus |Chance |шанс |機率 |ブロック|확률|Chance |Chance 
block|Block|Torjunta|Bloquear|Блокировать|封鎖|煽り|차단|Block|Blocage
taunt|Taunt|Ärsytys|Provocar|Насмешка|嘲諷|ミニボス|타운트|Verspotten|Provoquer
miniboss|a miniboss|minipomo|um minichefe|мини-босс|小首領|ミニオン|미니 보스|ein miniboss|un mini-boss
summon|Minion|Kätyri|Minion|Миньон|僕從|武器ダメージ|미니언|Diener|Minion
weapon_damage|Weapon Damage|Aseen Vahinko|Dano de Arma|Урон от оружия|武器傷害|ティックレート|무기 피해|Waffenschaden|Dégâts de l'arme
tick_rate|Tick Rate|Iskunopeus|Taxa de Tique|Скорость тика|觸發頻率||틱 속도|Tickrate|Fréquence de rafraîchissement
cold_break|Cold Break|Kylmäntuhous|Quebra de Gelo|Холодный разрыв|冰霜破壞|アーマーブレイク|냉기 관통||Brèche de Froid
armor_break|Armor Break|Suojan Tuhous|Quebra de Armadura|Разрыв брони|護甲破壞|回復時間|방어구 관통|Rüstungsbruch|Brise-armure
cooldown|Cooldown|Palautumisaika|Tempo de Recarga|Перезарядка|冷卻時間|能力パワー|쿨다운|Abklingzeit|Délai de récupération
ability_power|Ability Power|Taitovoima|Poder de Habilidade|Сила способностей|技能强度|攻撃力|능력치 파워|Fähigkeitsstärke|Puissance de l'aptitude
attack_power|Attack Power|Hyökkäysvoima|Poder de Ataque|Сила атаки|攻擊强度|ルーンワード|공격 파워|Angriffsstärke|Puissance d'attaque
runewords|Runewords|Riimusanat|Runewords|Рунные слова|符文之語配方|統計|룬워드|Runenwörter|Mots runiques
statistics|Statistics|Tilastot|Estatísticas|Статистика|統計數據|任意の基本アイテム|통계|Statistiken|Statistiques
any_base_item|Any base item|Mikä tahansa pohja|Qualquer item base|Любой базовый предмет|任何基礎物品|おもちゃのクマ|모든 기본 아이템|Jeder Basisgegenstand|N'importe quel objet de base
toy_bear|Toy Bear|Lelunalle|Urso de Brinquedo|Игрушечный медведь|玩具熊|ティア|장난감 곰|Spielzeugbär|Ours en peluche
tier|Tier|Taso|Tier|Редкость|裝備階級|ターゲット |티어|Stufe|Rang
targets|Targets|Kohteet|Alvos|Цели|目標||대상|Ziele |Cibles
|||||||||||
[crafting]|||||||||||
craft_ability_token|Craft Ability Token|Valmista Taitopoletti|Criar Token de Habilidade|Жетон ремесленных способностей|製作能力令牌|クラフト銅鉱石|어빌리티 토큰 제작|Fähigkeitsmarke|Jeton d'aptitude
craft_copper_ore|Craft Copper Ore|Valmista Kuparimalmia|Criar Minério de Cobre|Создание медной руды|製作銅礦石|クラフトクリスタルキー|구리 광석 제작|Kupfererz|Minerai de cuivre
craft_crystal_key|Craft Crystal Key|Valmista Kristalliavain|Criar Chave de Cristal|Изготовить хрустальный ключ|製作水晶鑰匙|金鉱石を作る|크리스탈 열쇠 제작|Kristallschlüssel|Clé de cristal
craft_gold_ore|Craft Gold Ore|Valmista Kultamalmia|Criar Minério de Ouro|Создание золотой руды|製作金礦石|クラフト鉄鉱石|금 광석 제작|Golderz|Minerai d'or
craft_iron_ore|Craft Iron Ore|Valmista Rautamalmia|Criar Minério de Ferro|Создание железной руды|製作鐵礦石|クラフトキー|철 광석 제작|Eisenerz|Minerai de fer
craft_key|Craft Key|Valmista Avain|Criar Chave|Ремесленный ключ|製作鑰匙|伝説のパウダーをマージ|제작 열쇠|Schlüssel|Clé
craft_merge_leg_powder|Merge Legendary Powder|Yhdistä Myyttinen pulveri|Fundir Pó Lendário|Объединение легендарного порошка|合成傳奇粉塵|ランダムレアアイテムを作る|전설의 가루를 합치다|Pulver mischen|Fusion de poudre légendaire
craft_random_rare|Craft random Rare item|Valmista satunnainen Harvinainen esine|Criar item Raro aleatório|Создать случайный редкий предмет|製作隨機稀有裝備|ランダムな伝説のアイテムを作る|랜덤 레어 아이템 제작|Zufälliger Seltener Gegenstand|Objet rare aléatoire
craft_random_legendary|Craft random Legendary item|Valmista satunnainen Legendaarinen esine|Criar item Lendário aleatório|Создайте случайный легендарный предмет|製作隨機的傳奇裝備|ランダムな神話アイテムを作る|무작위 전설 아이템 제작|Zufälliger Legendärer Gegenstand|Objet légendaire aléatoire
craft_random_mythical|Craft random Mythical item|Valmista satunnainen Myyttinen esine|Criar item Mítico aleatório|Создайте случайный мифический предмет|製作隨機的神話裝備|ランダムな悪魔のアイテムを作る|임의의 신화 아이템 제작|Zufälliger Mythischer Gegenstand|Objet mythique aléatoire
craft_random_satanic|Craft random Satanic item|Valmista satunnainen Saatanallinen esine|Criar item Satânico aleatório|Создайте случайный сатанинский предмет.|製作隨機的惡魔裝備|ランダムなティア A+ サタニックを作成|무작위 사탄 아이템 제작|Zufälliger Satanischer Gegenstand|Objet satanique aléatoire
craft_random_satanic_a_tier|Craft random Tier A+ Satanic|Valmista satunnainen A+ tason Saatanallinen|Criar item Satânico de Tier A+|Создайте случайный Сатанинский предмет A+|製作隨機等級A+以上惡魔裝備|ソケットトークンを作成 |무작위 티어 A+ 사탄 아이템 제작|Fertige zufällige satanische Stufe A+|Objet satanique rang A+ aléatoire
craft_socket_token|Craft Socket Token|Valmista paikkapoletti|Criar Token de Engaste|Жетон ремесленного гнезда|製作打洞令牌 |ランダムな遺物を作る|소켓 토큰 제작|Fertige Sockel-Token |Jeton d'emplacement
craft_random_relic|Craft random Relic|Valmista satunnainen Aarre|Criar Relíquia aleatória|Создать случайную реликвию|製作隨機遺物|クラフトリロールトークン|무작위 유물 제작|Zufälliges Relikt|Relique aléatoire
craft_reroll_token|Craft Re-roll Token|Valmista Uusiopoletti|Token de Re-roll|Создать жетон переброса|製作重骰令牌|クラフト悪魔のお守り|리롤 토큰 제작|Reroll-Token|Jeton de Relance
craft_satanic_amulet|Craft Satanic Amulet|Valmista Saatanallinen Amuletti|Criar Amuleto Satânico|Изготовить сатанинский амулет|製作惡魔項鍊|悪魔のボディアーマーを作る|사탄 아뮬렛 제작|Satanisches Amulett|Amulette satanique
craft_satanic_armor|Craft Satanic Body Armor|Valmista Saatanallinen Panssari|Criar Armadura Satânica|Изготовить Сатанинский нательный доспех|製作惡魔盔甲|クラフト悪魔のブーツ|사탄 갑옷 제작|Satanischer Körperschutz|Armure satanique
craft_satanic_boots|Craft Satanic Boots|Valmista Saatanalliset Saappaat|Criar Botas Satânicas|Изготовить Сатанинские Сапоги|製作惡魔靴子|クラフト悪魔の魅力|사탄 부츠 제작|Satanische Stiefel|Bottes satanique
craft_satanic_charm|Craft Satanic Charm|Valmista Saatanallinen Taikakalu|Criar Talismã Satânico|Изготовить сатанинский талисман|製作惡魔護身符|悪魔のサイコロを作る|사탄의 참 제작|Satanischer Charm|Charme satanique
craft_satanic_dice|Craft Satanic Dice|Valmista Saatanallinen noppa|Criar Dado Satânico|Изготовить сатанинские кости|製作撒旦骰子|悪魔の手袋を作る|사탄 주사위 제작|Satanischer Würfel|Dé Satanique
craft_satanic_gloves|Craft Satanic Gloves|Valmista Saatanalliset Hanskat|Criar Luvas Satânicas|Изготовить Сатанинские перчатки|製作惡魔手套|クラフト悪魔のヘルメット|사탄 장갑 제작|Satanische Handschuhe|Gants satanique
craft_satanic_helmet|Craft Satanic Helmet|Valmista Saatanallinen Kypärä|Criar Elmo Satânico|Изготовить Сатанинский шлем|製作惡魔頭盔|クラフト悪魔の盾|사탄 헬멧 제작|Satanischer Helm|Casque satanique
craft_satanic_shield|Craft Satanic Shield|Valmista Saatanallinen Kilpi|Criar Escudo Satânico|Создать Сатанинский щит|製作惡魔盾牌|悪魔の武器を作る|사탄 방패 제작|Satanisches Schild|Bouclier satanique
craft_satanic_weapon|Craft Satanic Weapon|Valmista Saatanallinen Ase|Criar Arma Satânica|Изготовить сатанинское оружие|製作惡魔武器|クラフトアップグレードトークン|사탄 무기 제작|Satanische Waffe|Arme satanique
craft_upgrade_token|Craft Upgrade Token|Valmista Päivityspoletti|Criar Token de Melhoria|Жетон улучшения ремесла|製作升級令牌|クラフトワームホールキー|업그레이드 토큰 제작|Aufrüst-Token|Jeton d'amélioration
craft_wormhole_key|Craft Wormhole Key|Valmista Madonreiän avain|Criar Chave de Wormhole|Изготовить ключ от червоточины|製作蟲洞鑰匙|クラフト ジュエル|웜홀 키 제작|Wurmlochschlüssel|Clé de Vortex
craft_jewel|Craft Jewel|Valmista korukivi|Criar Joia|Ремесло драгоценностей|製作珠寶|クラフト ジェム |쥬얼 제작|Juwel herstellen|Joyau
craft_gem|Craft Gem|Valmista jalokivi|Criar Gema|Ремесленный драгоценный камень|製作寶石|フェイント|젬 제작|Edelstein herstellen |Gemme
aura_1|Feint|Harhautus|Finta|Финт|佯攻|補修|페인트|Antäuschen|Feinte
aura_2|Mending|Parannus|Reparação|Починка|修補|熱狂|수리|Heilung|Guérison
aura_3|Fanaticism|Fanaattisuus|Fanatismo|Фанатизм|狂熱|抵抗|광신|Fanatismus|Fanatisme
aura_4|Resistance|Vastustus|Resistência|Сопротивление|抵抗|集中|저항|Widerstand|Résistance
aura_5|Concentration|Keskittyminen|Concentração|Концентрация|專注|ホーリーフリーズ|집중|Konzentration|Concentration
aura_6|Holy Freeze|Pyhä jää|Congelamento Sagrado|Священная заморозка|神聖冰凍|ホーリーショック|신성한 동결|Heiliger Frost|Immobilisation sacrée
aura_7|Holy Shock|Pyhä isku|Choque Sagrado|Святой шок|神聖衝擊|マナ プール|신성한 충격|Heiliger Schock|Choc saint
aura_10|Mana Pool|Mana Pool|Reserva de Mana|Бассейн маны|法力之池|予知|마나 풀|Mana-Pool|Puits de Mana
aura_14|Precognition|Ennakkotieto|Precognição|Предвидение|預知|棘|예지|Vorahnung|Prescience
aura_13|Thorns|Piikit|Espinhos|Шипы|荊棘|天使の活気|가시|Dornen|Épines
aura_15|Angel's Vibrance|Angel's Vibrance|Vibração do Anjo|Ангельское сияние|天使活力|マナ プール |천사의 활력|Engelslebendigkeit|Éclat Angélique
aura_93|Mana Pool|Mana Pool|Reserva de Mana|Бассейн маны|法力之池 ||마나 풀|Mana-Pool |Puits de Mana
|||||||||||
aura_desc_1|Grants you an aura that increases you and your allies movement speed||Concede a você e seus aliados uma aura que aumenta sua velocidade de movimento|Дает вам ауру, которая увеличивает скорость передвижения вас и ваших союзников.|賦予你一種光環，提高你和你的盟友的移動速度|あなたと仲間の体力回復を上げるオーラを付与します|당신과 당신의 아군의 이동 속도를 증가시키는 오라를 부여합니다.|Verleiht Ihnen eine Aura, die Ihre Bewegungsgeschwindigkeit und die Ihrer Verbündeten erhöht|Vous confère une aura qui augmente votre vitesse de marche/course et celle de vos alliés.
aura_desc_2|Grants you an aura that increases you and your allies health regeneration||Concede a você e seus aliados uma aura que aumenta sua regeneração de vida|Дает вам ауру, которая увеличивает регенерацию здоровья вам и вашим союзникам.|賦予你一種光環，增加你和你的盟友的生命恢复速度|あなたと仲間の攻撃速度を上げるオーラを付与します|당신과 당신의 아군의 체력 재생을 증가시키는 오라를 부여합니다.|Verleiht Ihnen eine Aura, die Ihre Gesundheitsregeneration und die Ihrer Verbündeten erhöht|Vous confère une aura qui augmente votre régénération de vie et celle de vos alliés.
aura_desc_3|Grants you an aura that increases you and your allies attack speed||Concede a você e seus aliados uma aura que aumenta sua velocidade de ataque|Дает вам ауру, которая увеличивает скорость атаки вас и ваших союзников.|賦予你一種光環，提高你和你的盟友的攻擊速度|あなたと仲間のすべての耐性を上げるオーラを付与します|당신과 당신의 아군의 공격 속도를 증가시키는 오라를 부여합니다.|Verleiht Ihnen eine Aura, die Ihre Angriffsgeschwindigkeit und die Ihrer Verbündeten erhöht|Vous confère une aura qui augmente votre vitesse d'attaque et celle de vos alliés.
aura_desc_4|Grants you an aura that increases you and your allies all resistance||Concede a você e seus aliados uma aura que aumenta todas suas resistências|Дает вам ауру, которая увеличивает все сопротивление вам и вашим союзникам.|賦予你一種光環，增加你和你的盟友的所有抗性|あなたと仲間の攻撃ダメージを上げるオーラを付与します|당신과 당신의 아군의 모든 저항력을 증가시키는 오라를 부여합니다.|Verleiht Ihnen eine Aura, die alle Resistenzen von Ihnen und Ihren Verbündeten erhöht|Vous confère une aura qui augmente vos résistances et celle de vos alliés.
aura_desc_5|Grants you an aura that increases you and your allies attack damage||Concede a você e seus aliados uma aura que aumenta seu dano de ataque|Дает вам ауру, которая увеличивает урон от атак вас и ваших союзников.|賦予你一種光環，增加你和你的盟友的攻擊傷害|あなたと仲間の冷気のオーラを上げるオーラを付与します|당신과 당신의 아군의 공격력을 증가시키는 오라를 부여합니다.|Verleiht Ihnen eine Aura, die Ihren Angriffsschaden und den Ihrer Verbündeten erhöht|Vous confère une aura qui augmente vos dégâts d'attaque et ceux de vos alliés.
aura_desc_6|Grants you an aura that increases you and your allies a chilling aura||Concede a você e seus aliados uma aura congelante|Дает вам ауру, которая усиливает вас и ваших союзников леденящей аурой.|賦予你一種光環，讓你和你的盟友都可以減速周圍的敵對單位|あなたと仲間の衝撃のオーラを上げるオーラを付与します|당신과 당신의 아군의 냉각 오라를 부여합니다.|Verleiht Ihnen eine Aura, die Ihnen und Ihren Verbündeten eine schaurige Aura verleiht|Vous confère, ainsi qu'à vos alliés, une aura glaciale.
aura_desc_7|Grants you an aura that increases you and your allies a shocking aura||Concede a você e seus aliados uma aura eletrizante|Дает вам ауру, которая усиливает вас и ваших союзников шокирующей аурой.|予你一種光環，讓你和你的盟友可以週期性的對周圍單位造成傷害|あなたと仲間のマナ回復を上げるオーラを付与します|당신과 당신의 아군의 충격 오라를 부여합니다.|Verleiht Ihnen eine Aura, die Ihnen und Ihren Verbündeten eine schockierende Aura verleiht|Vous confère, ainsi qu'à vos alliés, une aura de choc.
aura_desc_10|Grants you an aura that increases you and your allies mana regeneration||Concede a você e seus aliados uma aura que aumenta a regeneração de mana|Дает вам ауру, которая увеличивает регенерацию маны вам и вашим союзникам.|賦予你一種光環，提高你和你的盟友的魔法值恢復|あなたと仲間のダメージ回復を上げるオーラを付与します|당신과 당신의 아군의 마나 재생을 증가시키는 오라를 부여합니다.|Verleiht Ihnen eine Aura, die Ihre Manaregeneration und die Ihrer Verbündeten erhöht|Vous confère une aura qui augmente votre Régénération de Mana et celle de vos alliés.
aura_desc_13|Grants you an aura that increases you and your allies damage return||Concede a você e seus aliados uma aura que aumenta o seu retorno de dano|Предоставляет вам ауру, которая увеличивает возврат урона вам и вашим союзникам.|賦予你一種光環，增加你和你的盟友傷害反彈|あなたと仲間の属性ダメージ、ブロック、回避を上げるオーラを付与します|당신과 당신의 아군의 피해 반환을 증가시키는 오라를 부여합니다.|Verleiht Ihnen eine Aura, die Ihren Schadensrückfluss und die Ihrer Verbündeten erhöht|Vous confère une aura qui augmente vos dégâts d’épine et ceux de vos alliés.
aura_desc_14|Grants you an aura that increases you and your allies elemental damage, block and dodge||Concede a você e seus aliados uma aura que aumenta o seu dano elemental, bloqueio e esquiva|Дает вам ауру, которая увеличивает вам и вашим союзникам элементальный урон, блокирует и уклоняется.|賦予你一種光環，增加你和你的盟友元素傷害、格擋和閃躲.|あなたと仲間にゲーム内のすべてのバフを提供する天使の力を付与します|당신과 당신의 아군의 원소 피해, 블록 및 회피를 증가시키는 오라를 부여합니다.|Verleiht Ihnen eine Aura, die Ihren Elementarschaden und das Blocken und Ausweichen Ihrer Verbündeten erhöht|Vous confère une aura qui augmente vos dégâts élémentaires, votre blocage et votre esquive, ainsi que ceux de vos alliés.
aura_desc_15|Grants you power of the Angel’s providing you and your allies every buff in the game||Concede a você o poder dos Anjos, proporcionando a você e seus aliados todos os buffs do jogo|Дает вам силу Ангела, предоставляя вам и вашим союзникам все положительные эффекты в игре.|賦予你天使的力量，為你和你的盟友提供遊戲中的每個增益效果|あなたと仲間のマナ回復を上げるオーラを付与します |당신과 당신의 아군에게 게임의 모든 버프를 제공하는 천사의 힘을 부여합니다.|Verleiht Ihnen die Macht der Engel, die Ihnen und Ihren Verbündeten jeden Buff im Spiel verleiht|Vous confère le Pouvoir angélique qui vous apporte, à vous et à vos alliés, toutes les auras du jeu.
aura_desc_93|Grants you an aura that increases you and your allies mana regeneration||Concede a você e seus aliados uma aura que aumenta a regeneração de mana|Дает вам ауру, которая увеличивает регенерацию маны вам и вашим союзникам.|賦予你一種光環，提高你和你的盟友的魔法值恢復|何もない |당신과 당신의 아군의 마나 재생을 증가시키는 오라를 부여합니다.|Verleiht Ihnen eine Aura, die Ihre Manaregeneration und die Ihrer Verbündeten erhöht |Vous confère une aura qui augmente votre Régénération de Mana et celle de vos alliés.
nothing|Nothing|Ei mitään|Nada|Ничего|什麼也沒發生 ||아무것도 없음|Nichts |Rien
|||||||||||
[Professions]|||||||||||
mining|Mining|Louhiminen|Mineração|Добыча|採礦|薬草学|채광|Bergbau|Extraction
herbalism|Herbalism|Yrttitaito|Herbalismo|Травничество|草藥學|エンチャント|약초학|Herbalismus|Herboristerie
enchanting|Enchanting|Lumoaminen|Encantamento|Очарование|附魔|宝石細工 |매혹|Verzaubern|Enchantement
jewelcrafting|Jewelcrafting|Korutyötaito|Fabricação de Joias|Ювелирное дело|珠寶加工 |銅鉱石|쥬얼 제작|Juwelierkunst |Joaillerie
copper_ore|Copper Ore|Kuparimalmi|Minério de Cobre|Медная руда|銅礦石|鉄鉱石|구리 광석|Kupfererz|Minerai de cuivre
iron_ore|Iron Ore|Rautamalmi|Minério de Ferro|Железная руда|鐵礦石|金鉱石|철 광석|Eisenerz|Minerai de fer
gold_ore|Gold Ore|Kultamalmi|Minério de Ouro|Золотая руда|金礦石|ルビー鉱石|금 광석|Golderz|Minerai d'or
ruby_ore|Ruby Ore|Rubiinimalmi|Minério de Rubi|Рубиновая руда|紅寶石礦石|ヒスイ鉱石|루비 광석|Rubinerz|Minerai de rubis
jade_ore|Jade Ore|Jademalmi|Minério de Jade|Нефритовая руда|玉礦石|タレティウス鉱石 |옥 광석|Jadeerz|Minerai de jade
tarethium_ore|Tarethium Ore|Tarethium malmi|Minério de Tarethium|Таретиевая руда|T礦石 |銅鉱脈|타레티움 광석|Tarethius-Erz |Minerai de Tarethium
copper_node|Copper Vein|Kuparisuoni|Veio de Cobre|Медная жила|銅礦脈|鉄鉱脈|구리 광맥|Kupfervene|Filon de cuivre
iron_node|Iron Vein|Rautasuoni|Veio de Ferro|Железная жила|鐵礦脈|金鉱脈|철 광맥|Eisenvene|Filon de fer
gold_node|Gold Vein|Kultasuoni|Veio de Ouro|Золотая жила|金礦脈|ルビー鉱脈|금 광맥|Goldvene|Filon d'or
ruby_node|Ruby Vein|Rubiinisuoni|Veio de Rubi|Рубиновая жила|紅寶石礦脈|ジェイドサウンズ|루비 광맥|Rubinvene|Filon de rubis
jade_node|Jade Vein|Jadesuoni|Veio de Jade|Нефритовая жила|玉礦脈|タレジウム音 |옥 광맥|Jadesounds|Filon de jade
tarethium_node|Tarethium Vein|Tarethium suoni|Veio de Tarethium|Таретиевая жила|塔雷希爾礦脈 |遠隔攻撃を抵抗|타레티움 광맥|Tarethium klingt |Filon de Tarethium
ranged_resistance|Ranged Resistance|Kaukokestävä|Resistência à Distância|Сопротивление дальнему бою|遠程攻擊抗性|反射|원거리 공격 저항력|Fernkampfwiderstand|Résistance à distance
reflection|Reflection|Heijastava|Reflexão|Отражение|反射|冷気を高める|반사|Reflexion|Réflexion
cold_enhanced|Cold Enhanced|Jäädytetty|Aprimorado pelo Frio|Холодное улучшение|冰霜強化|電化|냉기 추가|Kaltverstärkung|Glacial
electrified|Electrified|Sähköistetty|Eletrificado|Электрифицированный|帶電|灼熱|전기필드|Elektrifiziert|Électrifié
fiery|Fiery|Tulinen|Ardente|Огненный|灼熱|ジャガンナート|타오르는|Feurig|Ardent
juggernaut|Juggernaut|Juggernaut|Juggernaut|Джаггернаут|主宰|アルカナ|저거노트|Juggernaut|Juggernaut
arcana|Arcana|Arkaaninen|Arcana|Арканы|奥秘|サンダー・オービター|아르카나|Arkana|Arcane
thunder_orbiter|Thunder Orbiter|Salamoiva|Trovão Orbitante|Громовой орбитальный корабль|雷電衛星|迫撃砲|썬더 오비터|Donnersonde|Boule de Foudre
mortar|Mortar|Mörssäri|Morteiro|Миномет|迫擊炮|テレポート中|박격|Mörser|Mortier
teleporting|Teleporting|Kaukosiirtyvä|Teleporte|Телепортация|傳送|ウォーラー|순간 이동|Teleporter|Téléportation
waller|Waller|Seinästäjä|Muralha|Уоллер|圍牆|処分者|벽 건설자|Maurer|Bâtisseur
punisher|Punisher|Rankaisija|Justiceiro|Каратель|懲罰者|雷雨|처벌자|Bestrafer|Punisseur
thunderstorm|Thunderstorm|Ukkosmyrsky|Trovoada|Гроза|雷暴|群れのリーダー|썬더스톰|Gewittersturm|Tempête d'orage
pack_leader|Pack Leader|Laumanjohtaja|Líder da Matilha|Вожак стаи|召喚護衛|再開|무리 리더|Rudelführer|Chef de meute
resume|Resume|Jatka|Retomar|Возобновить|繼續遊戲|リスタート|재개|Fortsetzen|Reprendre
restart|Restart|Aloita alusta|Reiniciar|Перезапуск|重新開始|セーブ＆終了|재시작|Neustart|Redémarrer
save_and_exit|Save & Exit|Tallenna & lopeta|Salvar e Sair|Сохранить и выйти|保存&退出|残りのポイント|저장 후 종료|Speichern & Beenden|Sauver & quitter
points_left|Points Left|Pisteitä jäljellä|Pontos Restantes|Осталось очков|剩餘點數|割り当てられたポイント|남은 포인트|Verbleibende Punkte|Point(s) restant(s)
points_assigned|Points Assigned|Pisteitä lisätty|Pontos Atribuídos|Назначенные баллы|分配的點數|削除されたポイント |할당된 포인트|Zugewiesene Punkte|Points attribués
points_removed|Points Removed|Pisteitä poistettu|Pontos Removidos|Снятые баллы |刪除的點數 |傭兵|제거된 포인트|Entfernte Punkte |Points supprimés 
minion_talents|Mercenary|Palkkasoturi|Mercenário|Наемник|傭兵|プレイヤー|용병|Söldner|Mercenaire
att_talents|Player|Pelaaja|Jogador|Игрок|玩家|ヒーロー・レベル|플레이어|Spieler|Joueur
incarnation_tree|Incarnation|Inkarnaatio|Encarnação |Воплощение |化身天賦樹|化身 |강생 |Inkarnation|Incarnation |Encarnación |Wcielenie
ether_tree|Ether|Eetteri|Éter |Эфир |乙太天賦樹 |エーテル |에테르 |Äther|Éther |Éter |Ether
enemies_left|Enemies left|Vihollisia jäljellä|Inimigos restantes|Осталось врагов|剩餘敵人|最後のページ|남은 적|Gegner verbleibend|Ennemis restants
last_page|Last Page|Edellinen sivu|Última Página|Последняя страница|最後一頁|次のページ|마지막 페이지|Letze Seite|Page précédente
next_page|Next Page|Seuraava sivu|Próxima Página|Следущая страница|下一頁|前のページ |다음 페이지|Nächste Seite|Page suivante
previous_page|Previous Page|Edellinen sivu|Página Anterior|Предыдущая страница |上一頁 |キー|이전 페이지|Vorherige Seite |Page précédente 
key|Key|Avain|Chave|Ключ|鑰匙|クリスタルキー|열쇠|Schlüssel|Clé
crystal_key|Crystal Key|Kristalliavain|Chave de Cristal|Хрустальный ключ|水晶鑰匙|ルーン|크리스탈 열쇠|Kristallschlüssel|Clé de cristal
runes|Runes|Riimut|Runas|Руны|符文|割り当てポイント|룬|Runen|Runes
assign_point|Assign point|Aseta piste|Atribuir ponto|Назначить точку|分配點數|ロード中|포인트 분배|Zuweisen|Attribuer un point
assign_point_multiple|Assign Multiple Points|Aseta useita pisteitä|Atribuir vários pontos |Назначить несколько точек |分配多個點數|複数のポイントの割り当て |여러 점 할당 |Mehrere Punkte vergeben|Attribuer plusieurs points |Asignar varios puntos |Przypisz wiele punktów
loading|LOADING|LADATAAN|CARREGANDO|ЗАГРУЗКА|載入中|魔法の薬剤|로딩 중|LADEN|CHARGEMENT
magic_potion|Magic Potion|Taikarohto|Poção Mágica|Волшебное зелье|魔法藥劑|ゴールド|마법 포션|Zaubertrank|Potion magique
gold|Gold|Kultaa|Ouro|Золото|金幣|クリスタル|골드|Gold|Or
crystals|Crystals|Kristallia|Cristais|Кристаллы|水晶|ルビー|크리스탈|Kristalle|Cristaux
rubies|Rubies|Rubiinia|Rubis|Рубины|紅寶石|開くために必要なキーの数|루비|Rubine|Rubis
requires_key|Key needed to open|Vaatii avaimen|Chave necessária para abrir|Ключ, необходимый для открытия|打開所需鑰匙數量|開くために必要なクリスタルキーの数|열려면 열쇠가 필요합니다|Schlüssel zum Öffnen erforderlich|Clé nécessaire pour ouvrir
requires_crystal_key|Crystal key needed to open|Vaatii kristalliavaimen|Chave de cristal necessária para abrir|Хрустальный ключ, необходимый для открытия|打開所需水晶鑰匙數量キーを見つけた！|열러면 크리스탈 열쇠가 필요합니다|Kristallschlüssel zum Öffnen erforderlich|Clé de cristal nécessaire pour ouvrir
found_key|Found a Key!|Löysit avaimen!|Encontrei uma Chave!|Нашел ключ!|找到一把鑰匙！|クリスタルキーを見つけた！|열쇠 발견!|Ich habe einen Schlüssel gefunden!|Clé trouvée !
found_crystal_key|Found a Crystal Key!|Löysit kristalliavaimen!|Encontrei uma Chave de Cristal!|Найден хрустальный ключ!|找到一把水晶鑰匙！|ゲームをセーブしています...|크리스탈 열쇠 발견!|Ich habe einen Kristallschlüssel gefunden!|Clé de cristal trouvée !
saving_game|Saving the game...|Tallennetaan peliä...|Salvando o jogo...|Сохранение игры...|正在保存遊戲...|あなたが死亡しました|게임을 저장하는 중입니다...|Das Spiel wird gespeichert...|Sauvegarde de la partie...
you_died|You Died|Sinä kuolit|Você Morreu|Вы умерли|你已經死了|死亡の原因は|당신은 죽었습니다|Du bist gestorben|Vous êtes mort
death_by|Death by|Kuoleman tuotti|Morte por|Смерть от|死因|ワームホールレベルをアップグレード|죽은 원인|Tod durch|Tué par
upgrade_wormhole|Upgrade Wormhole Level|Päivitä madonreiän taso|Aumentar o Nível do Buraco de Minhoca|Улучшить уровень червоточины|提升蟲洞層數|他のプレイヤーを待っています|웜홀 레벨 업그레이드|Upgrade Wurmloch-Level|Améliorer le niveau du Vortex
waiting_for_players|Waiting for players to join...|Odotetaan pelaajia...|Esperando jogadores participarem...|Ждём присоединения игроков...|等待玩家加入...|プレイヤー（達）はワームホールに入っていきます|다른 플레이어를 기다리는중...|Warte auf Beitritt von Spielern...|En attente de joueurs...
entering_wormhole|player(s) entering wormhole|pelaaja(a) menossa madonreikään|jogador(es) entrando no buraco de minhoca|игрок(и) входит в червоточину|玩家(s)進入蟲洞|チャレンジダンジョンに入るプ(s)レイヤー|플레이어가 웜홀에 입장합니다|Spieler treten dem Wurmloch bei|joueur(s) entrant dans le Vortex
entering_challenge_dungeon|player(s) entering challenge dungeon|pelaaja(a) menossa haastetyrmään|jogador(es) entrando na masmorra do desafio|игрок(и) входит в подземелье испытания|玩家(s)進入挑戰地下城|カオスタワーに入るプレイヤー|챌린지 던전에 입장하는 플레이어|Spieler betreten den Herausforderungsdungeon|joueur(s) entrant dans le Donjon défi
entering_chaos_tower|player(s) entering Chaos Tower|pelaaja(a) menossa kaaostorniin|jogador(es) entrando na torre do caos|игрок(и), входящие в Башню Хаоса|玩家(s)進入混沌之塔|ルビーガーデンに入るプレイヤー |카오스 타워에 입장하는 플레이어|Spieler betreten den Chaos Tower|joueur(s) entrant dans la Tour du chaos
entering_ruby_garden|player(s) entering Ruby Gardens|pelaaja(a) menossa rubiinipuutarhaan|jogador(es) entrando nos Jardins de Rubi|игрок(и), входящий(ие) в Ruby Gardens |玩家(s)進入紅寶石花園 |モンスターレベル|루비 가든에 입장하는 플레이어|Spieler betreten die Ruby Gardens |joueur(s) entrant dans Ruby Gardens 
entering_chamber_existence|player(s) entering Chamber of Existence|pelaaja(a) menossa olemassaolon kammioon|Jogador(es) entrando na Câmara da Existência|Игрок(и) входят в Палату Существования|玩家(s)進入存在之室|プレイヤーが「存在の間」に入場しました|플레이어가 존재의 방에 입장 중입니다.|Spieler betreten die Kammer der Existenz|Joueur(s) entrant dans la Chambre de l'Existence|Jugador(es) entrando en la Cámara de la Existencia|gracz(e) wchodzi do Komnaty Istnienia
zone_in_progress|Zone in progress|Alue käynnissä|Zona em andamento |Зона в процессе |區域進行中 |ゾーン進行中 |진행 중인 구역 |Zone in Bearbeitung|Zone en cours |Zona en curso |Strefa w toku
monster_level|Monster Level|Vihollisten taso|Nível do Monstro|Уровень монстра|怪物等級|キー|몬스터 레벨|Monsterlevel|Monstre niveau
keys|Keys|Avaimet|Chaves|Ключи|鑰匙|ヘルス全回復！|열쇠|Schlüssel|Clés
potion_use_health|Full Health!|Täydet elämät!|Vida Máxima!|Полное здоровье!|恢復所有生命值！|＜ビーチボール＞を上げる|체력이 전부 회복됐습니다!|Volle Lebenspunkte|Santé complète !
lift_beachball|Lift <Beachball>|Nosta <Rantapallo>|Levantar <Bola de Praia>|Поднимите <Пляжный мяч>|舉起<海灘球>|<ビーチボール>を投げる |<비치 볼> 들기|Heben <Strandball>|Porter le ballon de plage
throw_beachball|Throw <Beachball>|Heitä <Rantapallo>|Arremessar <Bola de Praia>|Бросай <пляжной мяч> |投擲<海灘球> |＜角石＞を上げる|<비치볼>을 투척|Werfen <Strandball> |Lancer <Ballon de plage> 
lift_square_stone|Lift <Square Stone>|Nosta <Neliökivi>|Levantar <Pedra Quadrada>|Поднимите <Квадратный камень>|舉起<方石>|＜ムーン・ストーン＞を上げる|<네모난 돌> 들기|Heben <Quadratischer Stein>|Ramasser la pierre carrée
lift_moon_stone|Lift <Moon Stone>|Nosta <Kuukivi>|Levantar <Pedra da Lua>|Поднимите <Лунный камень>|舉起<月亮石>|＜丸石＞を上げる|<달 모양 돌> 들기|Heben <Mond-Stein>.|Prendre la pierre lune
lift_round_stone|Lift <Round Stone>|Nosta <Pallokivi>|Levantar <Pedra Redonda>|Поднимите <Круглый камень>|舉起<圓石>|＜トライアングル・ストーン＞を上げる|<둥근 돌> 들기|Heben <Rund-Stein>|Soulever la pierre ronde
lift_triangle_stone|Lift <Triangle Stone>|Nosta <Kolmiokivi>|Levantar <Pedra Triangular>|Поднимите <Треугольный камень>|舉起<三角石>|リフトディスク|<세모난 돌> 들기|Heben <Dreieck-Stein>|Récupérer la pierre triangulaire
lift_disc|Lift Disc|Nosta kiekko|Pegar Disco|Подъемный диск|舉起圓盤|フェアウェイドライバー|디스크 들기|Lift Disc|Disque de levage
disc_driver|Fairway Driver|Väylän kuljettaja|Disco Fairway|Драйвер фервея|球道發球桿|パター|페어웨이 드라이버|Fairway-Driver|Driver de parcours
disc_putter|Putter|Putteri|Putter|Паттер|推桿|ミッドレンジ |퍼터|Putter|Putter
disc_midrange|Midrange|Keskialue |Intermediário|Средний диапазон |中距離 ||미드레인지|Mittelklasse |Milieu de gamme 
wormhole_key|Next Wormhole|Seuraava Madonreikä|Próximo Buraco de Minhoca|Следующая червоточина|下一個蟲洞|見つかった|다음 웜홀|Wurmloch-Schlüssel|Prochain Vortex
found_item|Found|Löysit|Encontrado|Найденный|發現|拾う|획득|Gefunden|Trouvé
pick_up_item|Pick up|Nosta|Pegar|Подобрать|拾取|交流する |줍기|Aufheben|Ramasser
interact|Interact|Käytä|Interagir|Взаимодействовать |互動||상호작용|Interagieren |Interagir 
|||||||||||
satanic_dice|Satanic Dice|Saatanallinen noppa|Dado Satânico|Сатанинские кости|撒旦骰子|リロール|사탄의 주사위|Satanischer Würfel|Dé Satanique
reroll|Re-roll|Arvo uudelleen|Rolar novamente|Перебросить|重骰|リロールトークン|다시굴림|Reroll|Relance
reroll_token|Re-roll Token|Uusiopoletti|Token de Re-roll|Перебросить жетон|重骰令牌|アップグレードトークン|다시굴림 토큰|Reroll-Token|Jeton de Relance
upgrade_token|Upgrade Token|Päivityspoletti|Token de Melhoria|Обновить токен|升级令牌|アビリティトークン|업그레이드 토큰|Aufrüst-Token|Jeton d'amélioration
offensive_token|Ability Token|Taitopoletti|Token de Habilidade|Жетон способности|能力令牌|+1 Socket Token|능력 토큰|Fähigkeits-Token|Jeton d'aptitude
socket_token|+1 Socket Token|+1 Paikkapoletti|Token de +1 Engaste|+1 жетон гнезда|开孔令牌|魔王の粉|+1 소켓 토큰|+1 Socket Token|Jeton d'emplacement
satanic_powder|Satanic Powder|Saatanallinen pulveri|Pó Satânico|Сатанинский порошок|惡魔粉末|神話の粉|사탄 파우더|Satanisches Pulver|Cendre satanique
mythic_powder|Mythic Powder|Myyttinen pulveri|Pó Mítico|Мифический порошок|神話粉末|伝説の粉|신화 파우더|Mythisches Pulver|Cendre mythique
legendary_powder|Legendary Powder|Legendaarinen pulveri|Pó Lendário|Легендарный порошок|傳奇粉末||전설의 파우더|Legendäres Pulver|Cendre légendaire
damage_on_impact|damage on impact.|vahinkoa osuessaan.|dano no impacto|урон при ударе.|衝擊傷害。|アチーブメントがアンロックされました。|충돌 시 대미지.|Schaden bei Aufprall.|dégâts à l'impact.
achievement_unlocked|Achievement Unlocked|Saavutus avattu|Conquista Desbloqueada|Достижение разблокировано|成就達成|終了|업적 잠금해제|Errungenschaft freigeschaltet|Succès débloqué
complete|Complete|Läpäise|Concluído|Полный|完成|殺害|완료|Abgeschlossen|Terminé
kill|Kill|Tapa|Matar|Убийство|擊殺|モンスターを殺害しました！|처치|Tötung|Tuer
monsters_killed|monsters killed!|vihollista tapettu!|monstros mortos!|монстры убиты!|擊殺怪物！|回収|몬스터 처치!|Monster getötet!|monstres tués !
collect|Collect|Kerää|Coletar|Собирать|收集|ワームホールレベル|수집|Sammeln|Collecter
wormhole_level|Wormhole level|Madonreiän taso|Nível de Buraco de Minhoca|Уровень червоточины|蟲洞層數|30秒以内に悪魔の両手を破壊します！|웜홀 레벨|Wurmloch-Level|Vortex niveau
achievement_satans_hands|Destroy Satan's both hands in less than 30 seconds!|Tuhoa Saatanan molemmat kädet alle 30 sekunnissa!|Destrua as duas mãos de Satã em menos de 30 segundos!|Уничтожьте обе руки Сатаны менее чем за 30 секунд!|在30秒內摧毀撒旦的雙手！|すべてのヒーローでレベル100に到達します！|사탄의 양손을 30초 내에 파괴!|Zerstöre beide Hände von Satan in weniger als 30 Sekunden!|Détruisez les deux mains de Satan en moins de 30 secondes !
achievement_all_heroes_100|Reach Level 100 with every Hero!|Saavuta taso 100 jokaisella sankarilla!|Atinja o Nível 100 com cada um dos Heróis!|Достигните 100-го уровня каждым героем!|用每個英雄達到100級！|5000個の茂みを破壊します！|모든 영웅으로 100 레벨 달성!|Erreiche mit jedem Held Stufe 100!|Atteignez le niveau 100 avec chaque héros !
achievement_5000_bushes|Demolish 5000 bushes!|Tuhoa 5000 puskaa!|Derrube 5.000 arbustos!|Снести 5000 кустов!|摧毀5000棵灌木！|悪魔のアイテムを手に入れます！|덤불 5000개 파괴!|Zerstöre 5.000 Büsche!|Abattez 5 000 buissons !
achievement_satanic_item|Obtain a Satanic item!|Poimi Saatanallinen esine!|Obtenha um item Satânico!|Получите сатанинский предмет!|獲得一個惡魔物品！|マルチプレイヤーゲームを4人でプレイします！|사탄 아이템 획득!|Erhalte einen satanischen Gegenstand!|Obtenez un objet satanique !
achievement_4_player_play|Play a Multiplayer game with 4 players!|Pelaa moninpeliä 4 pelaajan kanssa!|Jogue no modo Multijogador com 4 jogadores!|Сыграйте в многопользовательскую игру с 4 игроками!|與4名玩家進行多人遊戲！|4人でのゲームを終了します！|플레이어 4명과 함께 멀티플레이어 게임 플레이!|Spiel ein Mehrspielerspiel mit 4 Spielern!|Jouez une partie multijoueur avec 4 joueurs !
achievement_4_player_complete|Complete the game with 4 players!|Läpäise peli 4 pelaajan kanssa!|Conclua o jogo com 4 jogadores!|Пройдите игру вчетвером!|與4名玩家完成遊戲！|古代のモンスターを殺害します！|플레이어 4명과 함께 게임 완료!|Schließe das Spiel mit 4 Spielern ab!|Terminez le jeu à 4 joueurs !
achievement_ancient_monster|Slay an Ancient Monster!|Tapa muinainen hirviö!|Mate um Monstro Antigo!|Убейте древнего монстра!|擊敗一個古代怪物！|<サルカスターズコーヒークラブ>に入会します。|고대의 몬스터 처치!|Töte ein uraltes Monster!|Tuez un monstre antique !
achievement_coffee_club|Join <Sarcaster's Coffee Club>|Liity <Sarcasterin kahvikerho>|Participe do <Clube de Café do Sarcaster>|Присоединяйтесь к <Кофейному клубу Саркастера>|加入<Sarcaster的咖啡俱樂部>|シークレットシープレベルを見つけてください！|<사르캐스터의 커피 클럽> 가입|Trete <Sarcaster's Coffee Club> bei|Rejoignez le Club des adorateurs de café de Sarcaster
achievement_sheep_level|Find the Secret Sheep level!|Löydä salainen lammastaso!|Encontre o Nível Secreto da Ovelha!|Найдите овечий уровень!|找到秘密的綿羊關卡！|パズルを解きます|숨겨진 양 레벨 발견!|Finde das geheime Schaf-Level!|Trouvez le niveau secret des moutons !
achievement_solve_puzzle|Solve a Puzzle|Ratkaise pulma|Resolva um Quebra-cabeça|Решить головоломку|解開一個謎題|カオスタワーをクリア|퍼즐 해결|Löse ein Rätsel|Solutionner un casse-tête
achievement_chaos_tower|Clear Chaos Tower|Läpäise kaaostorni|Limpe uma Torre do Caos|Очистить Башню Хаоса|清除混沌塔|ラクール王を倒す|카오스 타워 클리어|Chaosturm räumen|Nettoyer la Tour du chaos
achievement_king_rakhul|Defeat King Rakhul|Surmaa kuningas Rakhul|Derrote o Rei Rakhul|Победить короля Рахула|擊敗拉胡爾國王|天使界に入る|라쿨 왕을 물리치세요|König Rakhul besiegen|Vainquez le Roi Rakhul
achievement_angelic_realm|Enter Angelic Realm|Astu enkelivaltakuntaan|Entre no Reino Angelical|Войдите в ангельское царство|進入天使領域|スン・リーを倒す|천사의 영역으로 들어가세요|Das Reich der Engel betreten|Entrez dans le Royaume angélique
achievement_sung_lee|Defeat Sung Lee|Surmaa Sung Lee|Derrote Sung Lee|Победить Сунг Ли|擊敗李晟|ヴァルキュリーを倒す|성 리를 물리치세요|Sung Lee besiegen|Vainquez Sung Lee
achievement_valhalla_valkyrie|Defeat Valkyrie|Surmaa Valkyrie|Derrote Valquíria|Победить Валькирию|擊敗女武神|ヨルムンガーを倒す|발키리를 물리치세요|Walküre besiegen|Vainquez la Valkyrie
achievement_valhalla_river|Defeat Jörmungar|Surmaa Jörmungar|Derrote Jörmungar|Победить Ёрмунгара|擊敗耶夢加德|堕落したオーディンを倒す|요르문가르를 물리치세요|Jörmungar besiegen|Vainquez Jörmungar
achievement_valhalla_odin|Defeat Corrupted Odin|Surmaa korruptoitunut Odin|Derrote Odin Corrompido|Победить оскверненного Одина|擊敗腐化奧丁|指輪を獲得する|부패한 오딘을 물리치세요|Den verdorbenen Odin besiegen|Vainquez Odin le corrompu
achievement_valhalla_ring|Acquire ring|Hanki sormus |Adquira o Anel|Получить кольцо|獲得彩虹橋戒指|実績|반지를 얻으세요|Ring erhalten|Mon Préccccieux !
achievements|Achievements|Saavutukset|Conquistas|Достижения|成就|武器タイプ|업적|Erfolge|Succès
weapon_type|Weapon Type|Asetyyppi|Tipo de Arma|Тип оружия|武器類型|剣|무기 종류|Waffentyp|Type d'arme
weapon_type_sword|Sword|Miekka|Espada|Меч|劍|短剣|검|Schwert|Épée
weapon_type_dagger|Dagger|Tikari|Adaga|Кинжал|匕首|メイス|단검|Dolch|Poignard
weapon_type_mace|Mace|Nuija|Maça|Булава|錘|斧|메이스|Streitkolben|Massue
weapon_type_axe|Axe|Kirves|Machado|Топор|斧|ポールアーム|도끼|Axt|Hache
weapon_type_polearm|Polearm|Polearm|Arma de haste|Древковое оружие|長柄武器|杖|장창|Stangenwaffe|Arme d'hast
weapon_type_staff|Staff|Henkilökunta|Cajado|Посох|權杖|杖|스테프|Stab|Bâton
weapon_type_cane|Cane|keppi|Bastão Mágico|Трость|手杖|スペルブレード|케인|Gehstock|Canne
weapon_type_spellblade|Spellblade|Taikamiekka|Lâmina Mágica|Магический клинок|魔法短剑|本|마법검|Zauberklinge|Magi’lame
weapon_type_book|Book|Kirja|Livro|Книга|書|杖|책|Buch|Livre
weapon_type_wand|Wand|Sauva|Varinha|Палочка|魔杖|投擲 |완드|Zauberstab|Baguette
weapon_type_throwing|Throwing|Heitettävä|Arremesso|Метательное|投擲武器|弓|투척|Wurf |Lancer
weapon_type_bow|Bow|Jousi|Arco|Лук|弓|クロー|활|Bogen|Arc
weapon_type_claw|Claw|Kynnet|Garra|Коготь|爪|銃|클로|Klaue|Griffe
weapon_type_gun|Gun|Ase|Arma de Fogo|Пистолет|槍|チェーンソー|총|Gewehr|Pistolet
weapon_type_chainsaw|Chainsaw|Moottorisaha|Motosserra|Бензопила|電鋸|フラスコ|전기톱|Kettensäge|Tronçonneuse
weapon_type_flask|Flask|Pullo|Frasco|Колба|燒瓶|Novelty|플라스크|Fläschchen|Flacon
weapon_type_universal|Novelty|Novelty|Fantasia|Новинка|新奇|追加ダメージ。|참신함|Novelty|Fantaisie
extra_damage|extra damage.|lisävahinkoa.|dano adicional|дополнительный урон.|額外傷害。|強化|추가 데미지.|Extra Schaden.|dégâts supplémentaires.
enhance|Enhance|Tehosta|Melhorar|Усиливать|強化|バックパック内|증가|Verbessern|Renforcer
loadout|Loadout|Varustus|Loadout|Выгрузка|裝備組合|保存バックパック内|로드아웃|Slot|Équipement
save_loadout|Save Loadout|Tallenna Varustus|Salvar Loadout|Сохранить загрузку|保存裝備組合|装備バックパック内|저장 로드아웃|Speichern Ausrüstung|Enregistrer l'équipement
load_loadout|Equip Loadout|Pue Varustus|Equipar Loadout|Экипировка|載入裝備組合||장비 로드아웃|Ausstatten Ausrüstung|Équiper équipement
remove_loadout|Remove from loadout|Poista varustuksista|Remover do loadout|Удалить из загрузки|從裝備組合中移除|アクティブ|로드아웃 삭제||Retirer de l'équipement
activate|Activate|Aktivoi|Ativar|Активировать|啟用|スピードボーナスを攻撃します。|활성|Aktivieren|Activer
attack_speed_bonus|attack speed bonus.|hyökkäysnopeutta.|bônus de velocidade de ataque|бонус к скорости атаки.|攻擊速度加成。|インパクトの追加ダメージ。|공격 속도 보너스.|Angriffsgeschwindigkeit Bonus.|de vitesse d'attaque.
extra_damage_on_impact|extra damage on impact.|lisävahinkoa törmätessä|dano adicional no impacto|дополнительный урон при ударе.|衝擊時的額外傷害。|増加|충돌에 추가 데미지.|zusätzlicher Schaden beim Aufprall.|dégâts supplémentaires à l'impact.
increased|increased|lisätty|aumentado|повысился|增加|アグロの秒。|증가|gestiegene|augmenté
seconds_of_aggro|seconds of aggro.|sekuntia aggressiivisuutta.|segundos de aggro.|секунды агра.|仇恨秒數。|被害の軽減。|어그로 시간(초).|Sekunden Aggro.|secondes d'aggro.
of_damage_mitigated|of damage mitigated.|vahinkoa lievenetty.|de dano mitigado.|ущерб уменьшен.|減少受到的傷害。|シールドとして健康の。|데미지 완화.|Schadensmilderung.|de dégâts réduits.
of_health_as_shield|of health as shield.|terveyttä kilpenä.|da vida como escudo.|здорове как щит.|生命值作為護盾。|損傷の癒さ。|로 부터 체력을 쉴드.|Lebenspunkte als Absorption.|de la vie comme bouclier.
of_damage_healed|of damage healed.|vahinkoa parannettu.|de dano curado.|повреждения зажили.|傷害已治愈。|ダメージを返さ。|데미지 치료.|des Schadens heilt.|de dégâts soignés.
of_damage_returned|of damage returned.|vahinkoa palautettu.|de dano retornado.|урона возвращено.|傷害返回。|どちらも|데미지 리턴.|Schadensreflexion.|de dégâts renvoyés.
both|Both|Molemmat|Ambos|Оба|兩者|左|쌍방|Beide|à la fois
left|Left|Vasen|Esquerda|Левый|左|正しい|왼쪽|Links|Gauche
right|Right|Oikea|Direita|Верно|右|ユーバー|오른쪽|Recht|Droite
uber|Uber|Uber|Uber|Убер|Uber|ダメージをリバウンド。|우버|Uber|Uber
rebound_damage|rebound damage.|vahinkoa kimmotessa.|dano de rebote.|урон от рикошета.|反彈傷害。|突き刺すチャンス。|데미지 회복.|Abprallschaden.|dégâts par ricochet.
chance_to_pierce|chance to pierce.|mahdollisuus lävistää.|chance de perfurar.|шанс прокола.|穿刺機率。|報復の損傷。|관통 기회.|Chance zu durchbohren.|chance de perforation.
retaliation_damage|retaliation damage.|kostoiskuvahinkoa.|dano de retaliação.|отражение.|反擊傷害。|戦利品フィルタ|보복 데미지.|Vergeltungsschaden.|dégâts de riposte.
loot_filter|Loot filter|Esinesuodatin|Filtro de Loot|Фильтр добычи|戰利品過濾器|ルーンフィルタ|전리품 필터|Beutefilter|Filtre de butin
loot_filter_description|Click checkboxes to show or hide specific affix tiers. Red means the tier is visible, yellow means it’s highlighted (light pillar on drop, colored tooltip, and map icon). Right-click a visible tier to highlight it. Click an affix name to toggle all its tiers, or click a tier letter (D/C/B/A/S) to toggle that tier for all affixes. Items with no red or yellow tiers will not appear on the ground. ||||點選複選框可顯示或隱藏特定詞綴等級。紅色表示該等級可見，黃色表示該等級高亮顯示（掉落時會顯示光柱、彩色工具提示和地圖圖示）。右鍵點選可見等級即可高亮顯示。點選詞綴名稱可切換所有等級，點選等級字母（D/C/B/A/S）可切換所有詞綴的該等級。沒有紅色或黃色等級的物品不會出現在地面上。|ルーンフィルタ|룬 필터|||Filtro de botín
loot_filter_description_gamepad|Click checkboxes to show or hide specific affix tiers. Red means the tier is visible, yellow means it’s highlighted (light pillar on drop, colored tooltip, and map icon). Press the highlight button for a visible tier to highlight it. Press an affix name to toggle all its tiers, or press a tier letter (D/C/B/A/S) to toggle that tier for all affixes. Items with no red or yellow tiers will not appear on the ground. |Napsauta valintaruutuja näyttääksesi tai piilottaaksesi tiettyjä kiinnitystasoja. Punainen tarkoittaa, että taso on näkyvissä, keltainen tarkoittaa, että se on korostettu (vaalea pylväs pudotuksessa, värillinen työkaluvihje ja karttakuvake). Korosta näkyvä taso painamalla korostuspainiketta. Paina kiinnityksen nimeä vaihtaaksesi kaikkien sen tasojen välillä tai paina tason kirjainta (D/C/B/A/S) vaihtaaksesi kyseisen tason kaikille kiinnitystasoille. Esineet, joilla ei ole punaisia ​​tai keltaisia ​​tasoja, eivät näy maassa. |Clique nas caixas de seleção para mostrar ou ocultar níveis específicos de afixos. Vermelho significa que o nível está visível, amarelo significa que está destacado (pilar de luz ao soltar o item, dica de ferramenta colorida e ícone no mapa). Pressione o botão de destaque para selecionar um nível visível. Pressione o nome de um afixo para alternar todos os seus níveis ou pressione a letra do nível (D/C/B/A/S) para alternar esse nível para todos os afixos. Itens sem níveis vermelhos ou amarelos não aparecerão no chão. |Нажмите на флажки, чтобы отобразить или скрыть определенные уровни аффиксов. Красный цвет означает, что уровень виден, желтый — что он выделен (световой столб при выпадении, цветная подсказка и значок на карте). Нажмите кнопку выделения видимого уровня, чтобы выделить его. Нажмите на название аффикса, чтобы переключить все его уровни, или нажмите на букву уровня (D/C/B/A/S), чтобы переключить этот уровень для всех аффиксов. Предметы без красного или желтого уровня не будут отображаться на земле. |點選複選框可顯示或隱藏特定詞綴等級。紅色表示該等級可見，黃色表示該等級已高亮顯示（掉落時會顯示光柱、彩色提示訊息和地圖圖示）。點擊可見等級對應的高亮按鈕即可將其高亮顯示。點選詞綴名稱可切換顯示該詞綴的所有等級，或點選字母等級（D/C/B/A/S）可切換顯示該等級的所有詞綴。未顯示紅色或黃色等級的物品不會出現在地面上。 |チェックボックスをクリックして、特定のアフィックスのティアを表示または非表示にします。赤色はティアが表示されていることを示し、黄色はハイライトされていることを示します（ドロップ時に光の柱が表示され、ツールチップとマップアイコンが色付きになります）。表示されているティアのハイライトボタンを押すと、そのティアがハイライトされます。アフィックス名を押すと、そのティアのすべてのティアが切り替わります。ティアの文字（D/C/B/A/S）を押すと、そのティアがすべてのアフィックスで切り替わります。赤色または黄色のティアがないアイテムは、地面に表示されません。 |체크박스를 클릭하여 특정 접두사 등급을 표시하거나 숨길 수 있습니다. 빨간색은 등급이 표시됨을, 노란색은 강조 표시됨(드롭 시 빛나는 기둥, 색상이 있는 툴팁, 지도 아이콘)을 나타냅니다. 표시된 등급의 강조 표시 버튼을 누르면 해당 등급이 강조 표시됩니다. 접두사 이름을 누르면 해당 접두사의 모든 등급이 켜짐/꺼짐 상태가 되고, 등급 문자(D/C/B/A/S)를 누르면 모든 접두사에 대해 해당 등급이 켜짐/꺼짐 상태가 됩니다. 빨간색이나 노란색 등급이 표시되지 않은 아이템은 지면에 나타나지 않습니다. |Aktivieren Sie die Kontrollkästchen, um bestimmte Affix-Stufen ein- oder auszublenden. Rot bedeutet, dass die Stufe sichtbar ist, Gelb bedeutet, dass sie hervorgehoben ist (Lichtsäule beim Ablegen, farbiger Tooltip und Kartensymbol). Drücken Sie die Hervorhebungstaste für eine sichtbare Stufe, um diese hervorzuheben. Tippen Sie auf einen Affix-Namen, um alle zugehörigen Stufen ein- und auszublenden, oder auf einen Stufenbuchstaben (D/C/B/A/S), um diese Stufe für alle Affixe ein- und auszublenden. Gegenstände ohne rote oder gelbe Stufen werden nicht auf dem Boden angezeigt.|Cochez les cases pour afficher ou masquer les niveaux d'affixes. Le rouge indique que le niveau est visible, le jaune qu'il est mis en évidence (pilier lumineux à l'apparition, infobulle colorée et icône sur la carte). Appuyez sur le bouton de mise en évidence pour sélectionner un niveau visible. Appuyez sur le nom d'un affixe pour afficher ou masquer tous ses niveaux, ou sur une lettre de niveau (D/C/B/A/S) pour l'afficher ou le masquer pour tous les affixes. Les objets sans niveau rouge ou jaune n'apparaîtront pas au sol. |Haz clic en las casillas de verificación para mostrar u ocultar niveles de afijos específicos. El rojo indica que el nivel es visible, el amarillo que está resaltado (pilar de luz al caer, información emergente de color e icono en el mapa). Pulsa el botón de resaltado para resaltar un nivel visible. Pulsa el nombre de un afijo para mostrar u ocultar todos sus niveles, o pulsa la letra del nivel (D/C/B/A/S) para mostrar u ocultar ese nivel para todos los afijos. Los objetos sin niveles rojos o amarillos no aparecerán en el suelo. |Zaznacz pola wyboru, aby pokazać lub ukryć konkretne tiery afiksów. Czerwony oznacza, że tier jest widoczny, żółty oznacza podświetlenie (światło słupa przy dropie, kolorowy tooltip i ikona na mapie). Naciśnij przycisk podświetlenia widocznego tieru, aby go podświetlić. Naciśnij nazwę afiksu, aby przełączyć wszystkie jego tiery, lub naciśnij literę tieru (D/C/B/A/S), aby przełączyć ten tier dla wszystkich afiksów. Przedmioty bez czerwonych lub żółtych tierów nie pojawią się na ziemi.
loot_filter_highlight|Highlight Loot||Destacar saque |Выделить добычу |高亮戰利品 |ハイライト戦利品 |하이라이트 전리품 |Markieren Sie „Beute“.|Mettre en surbrillance le butin |Botín destacado |Podświetl łup
rune_filter|Rune filter|Riimusuodatin|Filtro de Runa|Рунный фильтр|符文過濾器|共通戦利品ソケット フィルター|룬 필터|Runenfilter|Filtre de rune
common_loot_socket_filter|Common loot socket filter|Yleisten esineiden paikkasuodatin|Filtro de Engaste em Loot Comum|Общий фильтр гнезд добычи|普通裝備鑲孔過濾器|ハイライト フィルター|일반 전리품 소켓 필터|Allgemeiner Beutesockelfilter|Filtre de prise de butin commun
highlight_filter|Highlight filter|Korosta suodatin|Filtro de destaque|Фильтр выделения|高亮過濾器|フィルター プリセット|강조 필터|Highlight-Filter|Filtre de surbrillance
loot_filter_presets|Filter Presets|Suodattimen esiasetukset|Predefinições de filtro|Предустановки фильтров|預設過濾器|ハイライト プリセット|필터 프리셋|Filtervoreinstellungen|Préréglages de filtre
highlight_filter_presets|Highlight Presets|Korosta Esiasetukset|Predefinições de destaque|Предустановки выделения|高亮過濾器預設|フィルター設定|강조 프리셋|Highlight-Voreinstellungen|Préréglages de surbrillance
loot_filter_settings|Filter Settings|Suodatinasetukset|Configurações de filtro|Настройки фильтров|過濾器設定|ハイライト設定|필터 설정|Filtereinstellungen|Paramètres de filtre
highlight_filter_settings|Highlight Settings|Korosta Asetukset |Configurações de destaque|Настройки выделения|高亮過濾器設定|この戦利品フィルター プリセットをロードしてもよろしいですか? これにより、現在の戦利品フィルターが上書きされます。|강조 설정|Highlight-Einstellungen|Paramètres de surbrillance
loot_filter_prompt_overwrite|Are you sure you want to load this loot filter preset? This will overwrite your current loot filters.||Você tem certeza de que deseja carregar esta predefinição de filtro de loot? Isso substituirá seus filtros de loot atuais.|Вы уверены, что хотите загрузить эту предустановку фильтра добычи? Это перезапишет ваши текущие фильтры добычи.|您確定要載入此戰利品過濾器預設嗎？這將覆蓋您目前的戰利品過濾器。|この戦利品ハイライト プリセットをロードしてもよろしいですか? これにより、現在の戦利品ハイライトが上書きされます。|이 전리품 필터 사전 설정을 로드하시겠습니까? 현재 전리품 필터를 덮어씁니다.|Möchten Sie diese Beutefiltervoreinstellung wirklich laden? Dadurch werden Ihre aktuellen Beutefilter überschrieben.|Êtes-vous sûr de vouloir charger ce préréglage de filtre de butin ? Cela écrasera vos filtres de butin actuels.
loot_filter_prompt_delete|Are you sure you want to permanently delete this loot filter?||||您確定要永久刪除此戰利品過濾器嗎?||||
loot_filter_prompt_reset|Are you sure you want to reset your loot filter?||||你確定要重置你的戰利品過濾器嗎||||¿Estás seguro de que quieres cargar este preajuste de filtro de botín? Esto sobrescribirá tus filtros de botín actuales.
highlight_filter_prompt_overwrite|Are you sure you want to load this loot highlight preset? This will overwrite your current loot highlights.||Você tem certeza de que deseja carregar esta predefinição de destaque de loot? Isso substituirá seus destaques de loot atuais.|Вы уверены, что хотите загрузить эту предустановку выделения добычи? Это перезапишет ваши текущие выделения добычи.|您確定要載入此高亮戰利品顯示預設嗎？這將覆蓋您當前的高亮戰利品。||이 전리품 강조 사전 설정을 로드하시겠습니까? 현재 전리품 강조 표시를 덮어씁니다.|Möchten Sie diese Beutehighlight-Voreinstellung wirklich laden? Dadurch werden Ihre aktuellen Beutehighlights überschrieben.|Êtes-vous sûr de vouloir charger ce préréglage de surbrillance de butin ? Cela écrasera vos surbrillances de butin actuelles.
highlight_filter_prompt_apply_to_all|Are you sure you want to apply this highlight filter to all item types?||||您確定要將此高亮過濾器套用至所有項目類型嗎?|エクスポート コードがクリップボードにコピーされました!|이 강조 필터를 모든 항목 유형에 적용하시겠습니까?||
loot_filter_code_copied|Export code copied to clipboard!|Vientikoodi kopioitu leikepöydälle!|Código de exportação copiado para a área de transferência!|Экспортировать код, скопированный в буфер обмена!|匯出程式碼複製到剪貼簿！|無効な戦利品フィルター コード|내보내기 코드가 클립보드에 복사되었습니다!|Exportcode in die Zwischenablage kopiert!|Code d'exportation copié dans le presse-papiers !
loot_filter_code_invalid|Invalid loot filter code|Virheellinen ryöstösuodatinkoodi |Código de filtro de loot inválido |Неверный код фильтра добычи|無效的戰利品過濾器代碼|表示|잘못된 전리품 필터 코드|Ungültiger Beutefiltercode|Code de filtre de butin non valide
loot_filter_save_as|Save Filter As||||將過濾器另存為||||
loot_filter_save_override_prompt|Filter [filter_name] already exists. Do you want to overwrite this filter?||||過濾器 [filter_name] 已存在。是否要覆蓋此過濾器？||||
filters|Filters||||過濾器||||
save_as|Save As||||另存為||||Código de filtro de botín no válido.
show|Show|Näytä|Mostrar |Показать|顯示|ソケットのみを表示|표시|Anzeigen|Afficher
show_only_socketed|Show Only Socketed|Näytä vain riimupaikalliset|Mostrar Apenas Engastados|Показать только сокеты|僅顯示有鑲孔的|カスタマイズ|소켓이 있는 경우에만 표시|Nur Sockel anzeigen|Afficher uniquement les prises
customize|Customize|Muokkaa|Customizar|Настроить|客製化|エクスポート|사용자 지정|Anpassen|Personnaliser
export|Export|Vie|Exportar|Экспортировать|導出規則|インポート|내보내기|Exportieren|Exporter
import|Import|Tuo|Importar|Импортировать|導入規則|ここに戦利品フィルター コードを貼り付けます|가져오기|Importieren|Importer
loot_filter_import_paste|Paste loot filter code here|Liitä esinesuodatinkoodi tähän|Cole o código do filtro de loot aqui|Вставить код фильтра добычи здесь|在此處貼上戰利品過濾器代碼|戦利品フィルター プリセットのロードに失敗しました。プリセット データの形式が正しくありません。|여기에 전리품 필터 코드를 붙여넣습니다.|Beutefiltercode hier einfügen|Coller le code de filtre de butin ici
loot_filter_load_parse_error|Loot filter preset load failed. The preset data is in incorrect format.|Loot-suodattimen esiasetuksen lataus epäonnistui. Esiasetetut tiedot ovat väärässä muodossa.|Falha no carregamento da predefinição do filtro de loot. Os dados da predefinição estão em formato incorreto.|Не удалось загрузить предустановку фильтра добычи. Данные предустановки имеют неверный формат.|戰利品過濾器預設載入失敗。預設資料格式不正確。|戦利品フィルター プリセットのロードに失敗しました。プリセットのバージョンが古くなっています。|전리품 필터 사전 설정 불러오기에 실패했습니다. 사전 설정 데이터 형식이 올바르지 않습니다.|Beutefiltervoreinstellung konnte nicht geladen werden. Die Voreinstellungsdaten haben das falsche Format.|Le chargement du préréglage du filtre de butin a échoué. Les données du préréglage sont dans un format incorrect.
loot_filter_load_incorrect_version|Loot filter preset load failed. The preset version is outdated.|Loot-suodattimen esiasetuksen lataus epäonnistui. Esiasetettu versio on vanhentunut.|Falha no carregamento da predefinição do filtro de loot. A versão da predefinição está desatualizada.|Не удалось загрузить предустановку фильтра добычи. Версия предустановки устарела.|戰利品過濾器預設載入失敗。預設版本已過時。|戦利品フィルター プリセットのロードに失敗しました。不明なエラーが発生しました。|전리품 필터 사전 설정 불러오기에 실패했습니다. 사전 설정 버전이 오래되었습니다.|Beutefiltervoreinstellung konnte nicht geladen werden. Die Voreinstellungsversion ist veraltet.|Le chargement du préréglage du filtre de butin a échoué. La version du préréglage est obsolète.
loot_filter_load_unknown_error|Loot filter preset load failed. An unknown error happened.|Loot-suodattimen esiasetuksen lataus epäonnistui. Tapahtui tuntematon virhe.|Falha no carregamento da predefinição do filtro de loot. Ocorreu um erro desconhecido. |Не удалось загрузить предустановку фильтра добычи. Произошла неизвестная ошибка.|戰利品過濾器預設載入失敗。發生未知錯誤。。|すべてに適用|전리품 필터 사전 설정 불러오기에 실패했습니다. 알 수 없는 오류가 발생했습니다.|Beutefiltervoreinstellung konnte nicht geladen werden. Ein unbekannter Fehler ist aufgetreten.|Le chargement du préréglage du filtre de butin a échoué. Une erreur inconnue s'est produite.
copy_to_all|Copy to All|Käytä kaikkiin|Aplicar a Todos|Применить ко всем|複製到全部|適用先... |모두 적용|Auf alle anwenden|Appliquer à tous
copy_to|Copy to...|Kopioi tyyppiin...|Copiar para... |Копировать... |複製到... |コピー |복사|Kopieren nach... |Copier vers... |Copiar a... 
apply_to_all|Apply to All|Käytä kaikkiin|Aplicar a Todos|Применить ко всем|應用於所有|すべて選択解除|모두 선택 취소|Auf alle anwenden|Appliquer à tous|Aplicar a Todo
apply_to|Apply to...|Käytä tyyppiin... |Candidate-se a... |Применить к... |應用於... |フィルタ|필터|Auf ... anwenden |Appliquer à... |Aplicar a...
deselect_all|Deselect All|Tyhjennä kaikki|||取消全選|フィルタ|모두 선택 취소||
filter|Filter|Suodatin|Filtro|Фильтр|過濾|すべて|필터|Filter|Filtrer
filter_all|All|Kaikki|Tudo|Все|所有|チェスト|모두|Alle|Tout
filter_chests_and_keys|Chests|Arkut|Baús|Сундуки|箱子|アイテム|상자|Truhen|Coffres
filter_items|Items|Esineet|Itens|Предметы|物品|所有|아이템|Gegenstände|Objets
owned|Owned|Omistettu|Obtidos|В собственности|擁有|購入していません|소유|Erworben|Acquis
not_purchased|Not Purchased|Ei Ostettu|Não Comprado|Не куплено|未購買|クラス|구매하지 않음|Nicht gekauft|Pas acheté
class|Class|Luokka|Classe|Класс|職業|肌|클래스|Klasse|Classe
skin|Skin|Ulkoasu|Skin|Скин|皮膚|コンパニオン|스킨|Skin|Apparence
companion|Companion|Kumppani|Companheiro|Компаньон|同伴|順位|동반자|Begleiter|Compagnon
rank|Rank|Sijoitus|Rank|Ранг|排名|メイジ|랭크|Rang|Classement
mage|Mage|Velho|Mago|Маг|法師|タンク|메이지|Magier|Mage
tank|Tank|Tankki|Tanque|Танк|坦克|自分のギルドに参加しませんか？|탱크|Panzer|Tank
join_own_guild|Join one of your own guilds?|Liity omaan kiltaasi?|Juntar-se a uma de suas próprias guildas?|Вступить в одну из своих гильдий?|加入您自己的公會？|あなたはこのギルドから辞任してもよろしいでしょうか？|길드 중 하나에 가입 하시겠습니까?|Einer deiner eigenen Gilden beitreten?|Rejoindre une de tes propres guildes ?
resign_from_guild|Are you sure you want to resign from this guild?|Haluatko varmasti erota killasta?|Tem certeza de que quer demitir-se desta guilda?|Вы уверены, что хотите выйти из этой гильдии?|你確定你想從這個公會退出嗎？|本当にギルドを脱退しますか？ |정말로 당신의 길드에서 사임 하시겠습니까?|Sind Sie sicher, dass Sie diese Gilde verlassen wollen?|Êtes-vous sûr de vouloir quitter cette guilde ?
leave_guild_prompt|Are you sure you want to leave guild|Haluatko varmasti erota killasta|Tem certeza de que deseja sair da guilda? |Вы уверены, что хотите покинуть гильдию? |您確定要離開公會嗎 |に参加するためにあなたを招待しました|길드를 탈퇴하시겠습니까?|Möchten Sie die Gilde wirklich verlassen? |Etes-vous sûr de vouloir quitter la guilde 
invited_to_guild|has invited you to join|kutsui sinut liittymään|convidou você para participar|пригласил вас присоединиться|已邀請您加入|トレードに失敗しました。|당신을 초대했습니다|hat Sie zu einer Gilde eingeladen|vous invite à rejoindre
trade_failed|Trade failed.|Vaihto epäonnistui.|Troca falhou.|Торговля не удалась.|交易失敗。|他のプレイヤーのインベントリがいっぱいです。|거래에 실패했습니다.|Handel fehlgeschlagen.|l'échanges a échoué.
other_inventory_full|Other player's inventory is full.|Toisen pelaajan reppu on täynnä.|O Inventário do outro jogador está cheio.|Инвентарь другого игрока полон.|其他玩家的背包已滿。|在庫いっぱい！|다른 플레이어의 인벤토리가 꽉 찼습니다.|Inventar des anderen Spielers ist voll.|L'inventaire de l'autre joueur est plein.
inventory_full|Inventory full!|Reppu täynnä!|Inventário Cheio.|Инвентарь полный!|背包滿了！|挑戦者|인벤토리 꽉참!|Inventar voll!|Inventaire plein !
rank_challenger|Challenger|Haastaja|Desafiante|Челленджер|挑戰者|主人|챌린저|Herausforderer|Légende
rank_master|Master|Mestari|Mestre|Владелец|大師|ダイヤモンド|마스터|Meister|Maître
rank_diamond|Diamond|Timantti|Diamante|Алмаз|鑽石|白金|다이아|Diamant|Diamant
rank_platinum|Platinum|Platina|Platina|Платина|白金|ゴールド|플래티넘|Platin|Platine
rank_gold|Gold|Kultaa|Ouro|Золото|黄金|銀|골드|Gold|Or
rank_silver|Silver|Hopea|Prata|Серебро|白银|ブロンズ|실버|Silber|Argent
rank_bronze|Bronze|Pronssi|Bronze|Бронза|青铜|魂|브론즈|Bronze|Bronze
souls|Souls|Sielua|Almas|Души|靈魂|アイドルの種|영혼|Seelen|Âmes
seeds_idle|Idle Seeds|Joutilaat Siemenet|Sementes Ociosas|Простые семена|閒置種子|活性種|유휴 씨앗|Leerlauf Samen|Graines inactives
seeds_active|Active Seeds|Aktiiviset Siemenet|Sementes Ativas|Активные семена|活性種子|預金の種|활성 씨앗|Aktive Samen|Graines actives
seeds_deposit|Deposit Seeds|Talleta Siemeniä|Depositar Sementes|Депозитные семена|存入種子|ジャックのキー！|씨앗 배치|Kaution Samen|Dépôt de graines
quest_jacks_key|Jack's Key!|Jackin avain!|Chave do Jack!|Ключ Джека!|杰克的鑰匙！|失敗しました！|잭의 열쇠!|Jacks Schlüssel!|La clé de Jack !
failed|Failed!|Epäonnistui!|Falhou!|Неуспешный!|失敗！|囚人を救います|실패!|Gescheitert!|Raté !
rescue_prisoner|Rescue the Prisoner|Pelasta vanki|Resgate o Prisioneiro|Спасти заключенного|營救囚犯|囚人|포로를 구출|Rettung der Gefangenen|Sauver les prisonniers
prisoner|Prisoner|Vanki|Prisioneiro|Узник|囚犯|サムライ は、 モビリティ と 致命的な 損傷 の たくさん の 近接 戦闘 クラスです！|죄인|Häftling|Prisonnier
samurai_ad|Samurai is a close combat class with lots of mobility and deadly damage!|Samurai on lähitaistelun luokka, jolla on paljon liikkuvutta ja tappavaa vahinkoa!|O Samurai é uma classe de combate corpo a corpo com muita mobilidade e danos mortais!|Самурай — класс ближнего боя, обладающий большой мобильностью и смертельным уроном!|武士是一個近戰職業，具有高度的機動性和致命的傷害！|パラディン は、 治癒 タンク、 物理的な ダメージディーラー や 魔術師 に 組み込む こと が できる ハイブリッド クラスです！|사무라이는 기동성과 치명적인 피해가 많은 근접 전투 클래스입니다!|Der Samurai ist eine Nahkampf-Klasse mit viel Mobilität und tödlichen Schaden!|Le Samouraï est une classe de combat rapproché avec une grande mobilité et des dégâts mortels !
paladin_ad|Paladin is a hybrid class that can be built into a healing tank, physical damage dealer or a mage!|Temppeliritari on hybridiluokka, joka voidaan kehittää parantavaksi tankiksi, fyysiseksi vahingontuottajaksi tai velhoksi!|O Paladino é uma classe híbrida que pode ser buildada em um tanque de cura, um causador de danos físicos ou um mago!|Паладин — это гибридный класс, который можно встроить в лечащего танка, бойца физического урона или мага!|聖騎士是一個混合職業， 可以打造成治療坦克、物理傷害輸出者或法師！|アマゾン は 多く の バーストダメージ を 持つ 遠距離 戦闘機であり、  毒、 雷、 または 物理的な ビルド に 構築 できます！|팔라딘은 힐링 탱킹, 물리 데미지 딜러 또는 메이지로 변환할 수 있는 하이브리드 클래스입니다!|Der Paladin ist eine Hybrid-Klasse, welche die Rolle als heilender Tank, physischem Kämpfer oder Magier annimt!|Le Paladin est une classe hybride qui peut être soigneur, distributeur de baffes ou lanceur de sorts !
amazon_ad|Amazon is a ranged fighter with lots of burst damage, can be built to poison, lightning or physical builds!|Amatsoni on kaukotaistelija, jolla on paljon purkausvahinkoa, voidaan kehittää myrkky-, salama- tai fyysiseen taisteluun!|A Amazona é uma lutadora de longo alcance com muito dano de explosão, podendo ser buildada com veneno, raios ou builds físicas!|Амазонка — боец дальнего боя с большим взрывным уроном, может быть настроен на яд, молнию или физические сборки!|亞馬遜是一個遠程戰士， 擁有高爆發傷害， 可以構建毒素、閃電或物理構築！|デーモンスレイヤーは腕のモバイルマスターである、 銃や近接武器を使用することができます！ DLCも悪魔の子が含まれています！|아마존은 많은 폭발적인 피해를 입히는 원거리 전투 클래스이며, 독, 번개 또는 물리 빌드로 구성할 수 있습니다!|Die Amazone ist eine Fernkämpferin mit vielem Burst-Schaden welche mit gift, blitz oder physischem Schaden gebaut werden kann!|L'Amazone combat à distance avec de lourds dégâts en rafale, elle maîtrise les dégâts de poison, de foudre ou physique !
demon_slayer_ad|Demon Slayer is a mobile master of arms, can use guns or melee weapons! DLC also includes Demonspawn!|Pirunmetsästäjä on liikkuva aseiden mestari, joka voi käyttää pyssyjä tai lähitaisteluaseita! Lisäosa sisältää myös Pirulaisen!|O Matador de Demônios é um mestre de armas ágil, que pode usar armas de fogo ou armas melee! A DLC também inclui o Demonspawn!|Убийца Демонов — мобильный мастер оружия, может использовать огнестрельное или холодное оружие! DLC также включает в себя Demonspawn!|惡魔殺手是一個移動靈活的武器大師， 可以使用槍械或近戰武器！ DLC还包括 恶魔之子！|悪魔の子 もデフォルトで飛ぶことができ、 効果呪文の面積の多くが付い ているキャスタークラスです！ DLCはまた、 悪魔スレイヤーが含まれています！|데몬 슬레이어는 이동성이 뛰어난 무기 전문가로, 총기나 근접 무기를 사용할 수 있습니다.  DLC는 데몬스폰을 포함되어 있습니다!|Der Dämonentöter ist ein mobiler Waffenmeister der entweder Pistolen oder Nahkampfwaffen verwendet! Das DLC enthält auch die Dämonenbrut!|Le Tueur de démons est un maître d'armes agile qui utilise soit des armes a feu, soit des armes de mêlée ! Le DLC contient également la Progéniture !
demonspawn_ad|Demonspawn is a caster class with lots of AOE spells, can also fly by default! DLC also includes Demon Slayer!|Pirulainen on velhomainen luokka, jolla on paljon alueloitusja, voi lentää oletuksena! Lisäosa sisältää myös Pirunmetsästäjän!|Demonspawn é uma classe caster com muitos feitiços AOE e também pode voar por padrão! O DLC também inclui o Demon Slayer|Demonspawn — это класс заклинателя с множеством заклинаний по площади, который по умолчанию также может летать! DLC также включает в себя Demon Slayer!|惡魔之子是一個具有大量範圍傷害法術的法師職業， 還可以自帶飛行能力！ DLC还包括斩妖除魔！|シャーマンは、 元素の損傷に特化し、 コンパニオンオオカミとトーテムを持っています！|데몬스폰은 많은 광역 주문을 사용하는 마법사 클래스이며, 기본적으로 비행할 수 있습니다! DLC에는 데몬 슬레이어도 포함되어 있습니다!|Die Dämonenbrut ist eine Caster Klasse mit vielen Flächenzauber, ebenfalls fliegt Sie auch immer! Das DLC enthält auch den Dämonentöter!|La Progéniture est une classe de lanceur de sorts avec beaucoup de sorts de zone, il peut aussi voler ! Le DLC inclut également le Tueur de démons !
shaman_ad|Shaman specializes in elemental damage, has companion wolves and totems!|Shamaani erikoistuu elementaalivahinkoon, hänellä on seurasusia ja toteemeja!|O Xamã é especializado em dano elemental, tem lobos companheiros e totens!|Шаман специализируется на стихийном уроне, имеет волков-компаньонов и тотемы!|薩滿專攻元素傷害， 擁有隨從狼和圖騰！|マローダーは、 モビリティ、 爆発物や見事な敵に特化した、 究極の戦争マシンです！|샤먼은 원소 피해에 특화되어 있으며, 동료 늑대와 토템을 다룹니다!|Der Schamane ist in Elementarschaden spezialisiert, wird von Wölfen und Totems begleitet!|Le Chaman est spécialisé dans les dégâts élémentaires, il est accompagné de loups et de totems !
marauder_ad|Marauder is the ultimate war machine, specializing in mobility, explosives and stunning enemies!|Ryöväri on ylivoimainen sotakone, joka erikoistuu liikkuvuuteen, räjähteisiin ja vihollisten tainnutukseen!|O Saqueador é a máquina de guerra definitiva, especializada em mobilidade, explosivos e atordoar inimigos!|Мародер — совершенная военная машина, специализирующаяся на мобильности, взрывчатке и оглушении врагов!|掠奪者是究極的戰爭機器， 專攻機動性、爆炸物和擊暈敵人！|ペスト医師は、 疫病を拡散時間をかけてダメージを与え、 火災の呼吸を専門に！|마라우더는 궁극의 전쟁 기계로, 이동성, 폭발물, 그리고 적을 기절시키는 데 특화되어 있습니다!|Der Marodeur ist die ultimative Kampfmaschine, spezialisiert auf Mobilität, Sprengstoffe und die Betäubung von Feinden!|Le Maraudeur est la machine de guerre ultime, spécialisée dans la mobilité, les explosifs et l'étourdissement des ennemis !
plague_doctor_ad|Plague Doctor specializes in spreading the plague, dealing DOT damage and breathing fire!|Ruttolääkäri erikoistuu ruton levittämiseen, vahinkoon ajan myötä ja tulen syöksemiseen!|O Doutor da Peste é especializado em espalhar a praga, causando dano ao longo do tempo e cuspindo fogo!|Чумной Доктор специализируется на распространении чумы, нанесении точечного урона и огненном дыхании!|疫醫生擅長傳播瘟疫， 造成持續傷害並呼吸火焰！|シールドランサーはダメージを返すと敵を ばかに特化した非常にかさばるクラスです！|플레그 닥터는 전염병을 퍼뜨리고, 지속 피해(DOT) 데미지를 주며, 불을 내뿜는 데 특화된 직업입니다!|Der Pest-Doktor spezialisiert sich darin DOTs mit der Pest und Feuerspuckendem Atem zu verbreiten!|Le Médecin de Peste est spécialisé dans la propagation de la peste, infligeant des dégâts sur le temps et crachant du feu !
lancer_ad|Shield Lancer is an extremely tanky class specializing in returning damage and taunting enemies!|Kilpiseivästäjä on erittäin tankkimainen luokka, joka erikoistuu vahingon palauttamiseen ja vihollisten hämäämiseen!|Lanceiro de Escudo es una clase extremadamente voluminosos especializada en la devolución de los daños y provocando a los enemigos!|Shield Lancer — чрезвычайно танковый класс, специализирующийся на нанесении урона и насмешках над врагами!|盾槍騎士是個極度坦克的職業，擅長反彈傷害和嘲諷敵人！|ヨトゥンは氷の呪文と雷の力を専門とする戦士魔術師です！|쉴드 랜서는 피해를 되돌리고 적을 도발하는 데 특화된 매우 튼튼한 클래스입니다!|Der Schild-Lanzenträger ist eine extrem robuste Klasse welche sich auf das Verspotten von Gegnern und die Reflexion ihres Schadens konzentriert!|Le Lancier est une classe extrêmement résistante, spécialisée dans le renvoi des dégâts et l'art de la provocation !
jotunn_ad|Jötunn is a Warrior Mage who specializes in ice spells and the power of lightning!|Jötunn on soturimage, joka on erikoistunut jääloitsuihin ja salaman voimaan!|O Lanceiro é uma classe extremamente tanque, especializada em devolver o dano e provocar inimigos!|Йотунн — воин-маг, специализирующийся на ледяных заклинаниях и силе молнии!|冰霜法師是個擅長冰魔法和閃電力量的戰鬥法師！|イリュージョニストは砂と時間の達人です。砂の守護者を召喚して操り、時空を歪めます！|요툰은 얼음 마법과 번개의 힘에 특화된로 하는 워리어 메이지입니다!|Jötunn ist ein Kriegermagier, der sich auf Eiszauber und die Macht des Blitzes spezialisiert hat!|Jötunn est une mage guerrière spécialisée dans les sorts de glace et le pouvoir de la foudre !
illusionist_ad|Illusionist is the master of Sand and Time. She summons and controls Sand Guardians as well as bends time and space!|Illusionisti on hiekan ja ajan mestari. Hän kutsuu ja hallitsee Sand Guardians sekä taivuttaa aikaa ja tilaa!|A Ilusionista é a mestra da areia e do tempo. Ela convoca e controla os guardiões de areia, além de dobrar o tempo e o espaço!|Иллюзионистка — повелительница Песка и Времени. Она призывает и управляет Песчаными Хранителями, а также изгибает время и пространство!|幻術師是《沙與時間》的大師。她召喚和控製沙守衛者，同時扭曲時間和空間！|ブッチャーは野蛮な力と飽くなき殺戮への渇望の象徴です。頼りになる包丁で一撃ごとに、彼は流血のシンフォニーを楽しみます。肉を引き裂き骨を砕く原始的な衝動に駆り立てられたブッチャーは、戦場で恐れられ、崇拝されています。|일루셔니스트는 모래와 시간을 다루는 대가입니다. 그녀는 모래 수호자를 소환하고 시간을 왜곡하며 공간을 조종합니다!|Die Illusionistin ist die Meisterin von Sand und Zeit. Sie beschwört und kontrolliert Sandwächter und verbiegt Zeit und Raum!|L'illusionniste est la maîtresse du sable et du temps. Elle invoque et contrôle les gardiens du sable et maîtrise le temps et l'espace !
butcher_ad|The Butcher epitomizes brute strength and an insatiable thirst for carnage. With each strike of his trusty cleaver, he revels in the symphony of bloodshed. Fueled by a primal urge to rend flesh and crush bone, the Butcher is both feared and revered on the battlefield.|Butcher edustaa raakaa voimaa ja kyltymätöntä verilöylynhimoa. Hän nauttii verenvuodatuksen sinfoniasta jokaisella luotettavan halkaisijansa iskulla. Teurastajaa pelätään ja kunnioitetaan taistelukentällä.|O Açougueiro é o epítome da força bruta e de uma sede insaciável por carnificina. A cada golpe de seu fiel cutelo, ele se diverte com a sinfonia do derramamento de sangue. Alimentado por um desejo primitivo de rasgar carne e esmagar ossos, o Açougueiro é temido e reverenciado no campo de batalha.|Мясник олицетворяет грубую силу и ненасытную жажду резни. С каждым ударом своего верного тесака он наслаждается симфонией кровопролития. Подпитываемый первобытным желанием разрывать плоть и крушить кости, Мясник одновременно боится и почитается на поле боя.|屠夫象徵著殘暴的力量和對屠殺的貪得無厭的渴望。他每次揮舞那把可靠的切肉刀，都沉浸在血腥的交響樂中。在撕裂肉體和粉碎骨骼的原始慾望的推動下，屠夫在戰場上既令人恐懼又令人敬畏。|太陽と月の預言者。彼女は光と闇の天界の二重性を体現し、凍てつくような冷気のダメージを与え、敵を灰に焼き尽くします。彼女は太陽系の力を制御でき、完全な破壊の跡を残します。|도살자는 거대한 힘과 끝없는 학살에 대한 갈망을 대표합니다. 그의 신뢰할 수 있는 고기칼이 내려칠 때마다 그는 피비린내 나는 전쟁의 교향곡을 즐깁니다. 살을 찢고 뼈를 부수려는 원초적인 충동에 의해 움직이는 도살자는 전장에서 두려움과 존경을 동시에 받습니다.|Der Schlächter verkörpert rohe Kraft und einen unstillbaren Durst nach Blut. Mit jedem Schlag seines treuen Hackbeils schwelgt er in der Symphonie des Blutvergießens. Angetrieben von einem urtümlichen Drang, Fleisch zu zerreißen und Knochen zu zerschmettern, wird der Schlächter auf dem Schlachtfeld sowohl gefürchtet als auch verehrt.|Le boucher incarne la force brute et une soif insatiable de carnage. À chaque coup de son fidèle couperet, il se délecte de la symphonie du sang versé. Alimenté par un besoin primaire de déchirer la chair et d'écraser les os, le boucher est à la fois craint et vénéré sur le champ de bataille.
exo_ad|The Prophet of the sun and moon. She embodies the celestial duality of light and darkness, inflicting freezing cold damage and burning her enemies to cinders. She can control the power of the solar system leaving behind a trail of absolute destruction.|Auringon ja kuun profeetta. Hän ilmentää valon ja pimeyden taivaallista kaksinaisuutta aiheuttaen jäätävää kylmää vahinkoa ja polttaen vihollisensa tuhkaksi. Hän voi hallita aurinkokunnan voimaa jättäen taakseen täydellisen tuhon jäljen.|A Profeta do sol e da lua. Ela incorpora a dualidade celestial de luz e escuridão, infligindo dano de frio congelante e reduzindo seus inimigos a cinzas. Ela pode controlar o poder do sistema solar, deixando para trás um rastro de destruição absoluta.|Пророк солнца и луны. Она воплощает небесную двойственность света и тьмы, нанося ледяной урон и сжигая своих врагов дотла. Она может контролировать силу солнечной системы, оставляя за собой след абсолютного разрушения.|太陽和月亮的先知。她體現了光明與黑暗的天體二元性，造成冰凍的寒冷傷害，並將敵人燒成灰燼。她可以控制太陽系的力量，留下絕對毀滅的痕跡。|ストームウィーバーは雷と稲妻の激しい力を操り、電撃的な優雅さでアンデッドに衝撃を与えます。雷鳴と稲妻の閃光が響くたびに、彼女は戦場を蒸気の立ち上る灰で満たします。 |태양과 달의 예언자. 그녀는 빛과 어둠의 천체적 이중성을 구현하며, 적들에게 얼음처럼 차가운 피해를 입히고 불태워 재로 만듭니다. 그녀는 태양계의 힘을 조종하여 절대적인 파괴의 흔적을 남깁니다.|Die Prophetin der Sonne und des Mondes. Sie verkörpert die himmlische Dualität von Licht und Dunkelheit, fügt eiskalten Schaden zu und verbrennt ihre Feinde zu Asche. Sie kann die Macht des Sonnensystems kontrollieren und eine Spur absoluter Zerstörung hinterlassen.|La prophétesse du soleil et de la lune. Elle incarne la dualité céleste de la lumière et des ténèbres, infligeant des dégâts de froid glacial et réduisant ses ennemis en cendres. Elle peut contrôler la puissance du système solaire, laissant derrière elle une traînée de destruction absolue.
stormweaver_ad|The Stormweaver commands the tempestuous power of thunder and lightning, shocking through the undead with electrifying grace. With each crack of thunder and flash of lightning she leaves the battlefields full of steaming ash.|Stormweaver hallitsee ukkonen ja salaman myrskyisää voimaa, jyllääen epäkuolleiden läpi sähköistävällä armolla. Jokaisella ukkonen ja salaman välähdyksellä hän jättää taistelukentät täynnä höyryävää tuhkaa. |A Tecelã das Tempestades comanda o poder tempestuoso do trovão e do relâmpago, chocando os mortos-vivos com uma graça eletrizante. A cada estalo de trovão e clarão de relâmpago, ela deixa os campos de batalha cheios de cinzas fumegantes.|Ткач бурь управляет бурной силой грома и молнии, потрясая нежить с электризующей грацией. С каждым раскатом грома и вспышкой молнии она оставляет поля сражений, полные дымящегося пепла. |風暴編織者操控著狂暴的雷電之力，以令人驚駭的優雅電擊不死生物。每聲雷鳴和一道閃電，她都會在戰場上留下滾滾灰燼。 |モンスター|스톰위버는 천둥과 번개의 격렬한 힘을 다스리며, 전격의 우아함으로 언데드들을 떨쳐냅니다. 천둥의 굉음과 번개의 섬광이 울려 퍼질 때마다 그녀는 전장에 연기 나는 재를 남깁니다.|Der Sturmweber beherrscht die stürmische Macht von Donner und Blitz und schockiert die Untoten mit elektrisierender Anmut. Mit jedem Donnerschlag und Blitz hinterlässt sie ein Schlachtfeld voller dampfender Asche. |La tisse-tempête commande le pouvoir tempétueux du tonnerre et de la foudre, choquant les morts-vivants avec une grâce électrifiante. À chaque coup de tonnerre et à chaque éclair, elle laisse les champs de bataille remplis de cendres fumantes. 
bard_ad|Shred the battlefield with face-melting solos and thunderous riffs! The Bard storms into Hero Siege with amps cranked to 11, fusing the fury of death metal with the raw brutality of the pit. Channel the storm as a Metal Guitarist, wielding lightning-infused chords that stun, shock, and incinerate your foes. Or dive headfirst into the chaos as a Pit Fighter, a whirlwind of fists, boots, and brutal rhythm, turning moshpits into murderfields.|Rokkaa taistelukentällä iskevillä sooloilla ja jyrisevillä riffeillä! The Bard rynnistää Hero Siegeen nupit kaakossa ja yhdistelee death metalin raivokkuutta montun raakuuteen. Kanavoi myrskyä Metal Guitaristina, joka tainnuttaa, shokeeraa ja korventaa vihollisiaan salamoilla ladatuilla melodioilla. Tai syöksy pää edellä kaaokseen Pit Fighterina, yhtenä nyrkkien, buutsien ja brutaalin rytmin pyörremyrskynä, ja muuta moshpitit tappotantereeksi.|Detone no campo de batalha com solos de explodir a cabeça e riffs estrondosos! O Bardo chega a Hero Siege com os amplificadores ligados no máximo, unindo a fúria do death metal com a brutalidade pura do mosh pit. Canalize a tempestade como um Guitarrista do Metal, tocando acordes de eletricidade que atordoam, eletrificam e incineram os oponentes. Ou mergulhe no caos de cabeça como um Lutador de Mosh, um furacão de punhos, coturnos e ritmo brutal que transforma o mosh pit em um massacre.|Разрывайте поле боя сногсшибательными соло и громоподобными риффами! Бард врывается в Hero Siege, выкручивая усилители на максимум — и смешивает ярость дэт-метала с первобытной жестокостью слэма. Станьте воплощением шторма в роли метал-гитариста, испепеляющего врагов электрическими аккордами, оглушающими, шокирующими и сжигающими все на своем пути. Или бросайтесь в хаос как слэм-боец — вихрь из кулаков, ботинок и бешеного ритма, превращающий мошпит в поле массовой бойни.|用震撼人心的獨奏和雷鳴般的即興重複樂段撕碎戰場！bard將擴音器開到11級，席捲Hero Siege，將死亡金屬的狂怒與競技場的原始野蠻融合。化身金屬吉他手，掌控風暴，揮舞著充滿閃電的和弦，嚇阻、震撼、焚燒你的敵人。或者化身鬥士，一頭栽進混亂之中，揮舞拳頭、長靴，揮舞著狂暴的節奏，將摩斯皮茲變成殺戮場。|レリック|유물|Lass das Schlachtfeld mit heftig geschmetterten Solos und dröhnenden Riffs aufhorchen! Der Barde klampft sich seinen Pfad nach Hero Siege. Mit dem Verstärkerlevel auf maximalen 11 verbindet er den rasenden Zorn von Death Metal und die rohe Gewalt eines Moshpits. Entfache als Starkstrom-Gitarrist einen Sturm mit schockrockenden Blitz-Akkorden, die deine Gegner betäuben, elektrifizieren und sogar in Brand setzen. Oder werde zum Pogokämpfer, einem Wirbelwind aus Fäusten, Stiefeltritten und brutalen Rhythmen, der Moshpits in Mordpits verwandelt.|Mettez l'ambiance sur le champ de bataille avec des solos qui déchirent et des riffs retentissants ! Le barde débarque dans Hero Siege ! Ses amplis sont réglés au maximum pour combiner la fureur du death metal et la violence brute de l'arène. Canalisez la puissance du tonnerre avec le Guitariste métal et incinérez vos ennemis à coups de notes électrisantes, étourdissantes et paralysantes. Ou bien, plongez tête la première dans le tourbillon chaotique des Combattants de la fosse, où les poings, les bottes et un rythme impitoyable transforment les fosses en champs de bataille sanglants.|¡Desgarra el campo de batalla con solos que derriten caras y riffs atronadores! ¡El Bardo irrumpe en Hero Siege con los amplificadores al 11, fusionando la furia del death metal con la brutalidad cruda del foso! Canaliza la tormenta como un Guitarrista de Metal, empuñando acordes imbuidos de relámpagos que aturden, impactan e incineran a tus enemigos. O sumérgete de cabeza en el caos como un Luchador de Foso, un torbellino de puños, botas y ritmo brutal, convirtiendo los *moshpits* en campos de matanza.
prophet_ad|The Prophet is a versatile character class capable of spell casting, summoning minions or phase shifting into various creatures of the wilderness. She is one with the nature and channels the energy of the forest to fight by her side. ||||先知是個多才多藝的角色職業，能夠施放法術、召喚僕從，還能幻化成荒野中的各種生物。她與大自然融為一體，能夠引導森林的能量為她而戰。||||||
monster|Monster|Hirviö|Monstro|Монстр|怪物|遺物|몬스터|Monster|Monstre
relic|Relic|Aarre|Relíquia|Реликвия|遺物|悪魔のアイテムをアップグレードするために使用します。|유물|Relikt|Relique
upgrade_token_desc|Used to upgrade Satanic items.|Käytetään saatanillisten esineiden päivittämiseen.|Usado para melhorar Itens Satânicos.|Используется для улучшения сатанинских предметов.|用於升級惡魔物品。|アイテムは再ロール。|사탄 아이템을 업그레이드하는데 사용됩니다.|Wird dazu verwendet Satanische Gegenstände aufzurüsten.|Utilisé pour améliorer les objets sataniques.
reroll_token_desc|Re-rolls the quality of an item.|Arpoo esineen laadun uudelleen.|Rola a qualidade de um item.|Изменяет качество предмета.|重骰物品品質，最高100%。|武器へのランダム機能を追加します。|아이템 품질을 재굴림.|Rerollt die Qualität eines Gegenstandes.|Permet de relancer la qualité d'un objet.
offensive_token_desc|Adds a random ability to a Weapon.|Lisää satunnaisen taidon Aseeseen.|Adiciona uma habilidade aleatória para uma arma.|Добавляет случайную способность к оружию.|為武器新增隨機能力。|アイテムの品質、または破損し、 それを向上させるチャンス。|무기에 무작위 능력을 추가합니다.|Gibt einer Waffe eine zufällig Fähigkeit.|Ajoute une capacité aléatoire à une arme.
satanic_dice_desc_one|Chance to increase the quality of an item or corrupt it.|Mahdollisuus parantaa esineen laatua tai korruptoida se.|Chance de aumentar a qualidade de um item ou corrompê-lo.|Шанс повысить качество предмета или испортить его.|有機率可以將裝備品質提升到100%以上，失敗後裝備損壞。|項目は最大レベルである必要があります|아이템의 품질을 증가시키거나 그것을 손상 시킵니다.|Chance die Qualität eines Gegenstandes zu steigern, oder den Gegenstand zu verderben.|Possibilité d'augmenter la qualité d'un objet ou de le corrompre.
satanic_dice_desc_two|Item has to be max level|Esineen tulee olla maksimitasolla|Item precisa estar no nível máximo|Предмет должен быть максимального уровня.|物品必須達到強化最高等級|採掘レベルが必要です|아이템은 최대 레벨이어야 합니다.|Gegenstand muss die maximale Stufe erreicht haben|L'objet doit être de niveau maximum
requires_mining|Requires Mining|Vaatii louhimistaidon|Requer Mineração|Требуется майнинг|需要採礦等級|宝石細工が必要|채광 필요|Benötigt Bergbau|Nécessite Extraction
requires_jewelcrafting|Requires Jewelcrafting|Vaatii korutyötaidon|Requer Joalheria|Требуется ювелирное дело|需要珠寶製作等級|エンチャントが必要|쥬얼 제작 필요|Erfordert Juwelierkunst|Nécessite Joaillerie
requires_enchanting|Requires Enchanting|Vaatii lumousstaidon|Requer Encantamento|Требуется наложение чар|需要附魔等級|薬草学が必要|마법 부여 필요|Erfordert Verzauberkunst|Nécessite Enchantement
requires_herbalism|Requires Herbalism|Vaatii yrttitaidon|Requer Herbalismo|Требуется травничество|需要草藥學等級|釣りが必要 |약초학 필요|Erfordert Kräuterkunde|Nécessite Herboristerie
requires_fishing|Requires Fishing|Vaatii kalastustaidon|Requer Pescaria|Требуется рыбалка|需要釣魚等級 |より多くの スペース|낚시 필요|Erfordert Angeln |Nécessite Pêche
extra_space_dlc|Get More Space|Lisätilaa|Obter Mais Espaço|Получите больше места|獲得更多空間|価格|더 많은 공간|Mehr Stauraum holen|Obtenir davantage d'espace
price|Price|Hinta|Preço|Цена|價格|自由|가격|Preis|Prix
price_free|FREE|ILMAINEN|GRÁTIS|БЕСПЛАТНО|免費|ブロックされました|공짜|KOSTENLOS|GRATUIT
blocked|Blocked|Estetty|Bloqueado|Заблокировано|格擋|避ける|블로킹|Blockiert|Bloqué
miss|Miss|Huti|Errou|Miss|閃避|免疫|회피|Verfehlt|Raté
immune|Immune|Immuuni|Imune|Иммунитет|免疫的|否定|면역|Immun|Immunisé
negated|Negated|Mitätöity|Negado|Отрицано|否定|受け入れます|부정|Negiert|Ignoré
accept|Accept|Hyväksy|Aceitar|Принимать|接受|ごみ|수락|Akzeptieren|Accepter
decline|Decline|Kieltäydy|Recusar|Отклонить|拒絕|切断|거절|Verweigern|Refuser
disconnected|Disconnected|Yhteys katkaistu|Desconectado|Отключено|斷開連接|バージョンが一致しません。|접속해제|Getrennt|Déconnecté
version_mismatch|Version mismatch.|Versio ei täsmää.|Incompatibilidade de Versão.|Несоответствие версий.|版本不匹配。|識別エラー。|버전 불일치.|Versionskonflikt.|Erreur de version.
identification_error|Identification error.|Tunnistamisvirhe.|Erro de identificação.|Ошибка идентификации.|識別錯誤。|最大|식별 오류입니다.|Identifikationsfehler.|Erreur d'identification.
item_max|MAX|MAX|MÁX|МАКС|最大|形無し|최대|MAX|MAX
item_corrupted|Corrupted|Korruptoitunut|Corrupto|Испорченный|腐化的||손상된|Verdorben|Corrompu
item_forged|Forged||||鍛造過撒旦水晶|接続に失敗しました。|단조된||
item_forged_socket|Tinkered|Tinkeröity|Consertado |Переделанный |撒旦水晶打洞過 |いじくりまわした |땜질하다 |Gebastelt|Bricolé |Retocado |Zmajstrowany
login_connection_error|Connection failed.|Yhteys epäonnistui.|Falha na conexão.|Соединение не удалось.|連接失敗。|いいえ、インターネット接続されていません。|연결에 실패.|Verbindung fehlgeschlagen.|Échec de la connexion.
login_internet_error|No Internet connection.|Ei Internet-yhteyttä.|Sem conexão à Internet.|Нет соединения с интернетом.|沒有網絡連接。|検証エラー|인터넷에 연결되지 않음.|Keine Internetverbindung.|Pas de connexion Internet.
login_validation_error|VALIDATION ERROR|TARKISTUSVIRHE|ERRO DE VALIDAÇÃO|ОШИБКА ПРОВЕРКИ|驗證錯誤|アカウントエラー|유효성 검사 오류|VALIDIERUNGSFEHLER|ERREUR DE VALIDATION
login_account_error|ACCOUNT ERROR|TILIVIRHE|ERRO DE CONTA|ОШИБКА АККАУНТА|帳號錯誤|謎の帽子を見つけました！|계정 오류|KONTOFEHLER|ERREUR DE COMPTE
found_mystery_hat|Found a Mystery Hat!|Löysit Mysteerihatun!|Encontrei um chapéu misterioso!|Нашел загадочную шляпу!|找到一頂神秘帽子！|サーバーの接続に失敗しました。|신비의 모자를 발견!|Einen geheimen Hut gefunden!|Un chapeau secret trouvé !
server_connection_failed|Server connection failed.|Palvelinyhteys epäonnistui.|Falha na conexão do servidor.|Соединение с сервером не удалось.|伺服器連接失敗。|サーバーすぐにシャットダウン|서버 연결에 실패했습니다.|Server-Verbindung fehlgeschlagen.|La connexion au serveur a échoué.
server_shutting_down|Server shutting down soon|Palvelin suljetaan pian|Servidor será desligado em breve|Сервер скоро отключится|伺服器即將關閉|サーバーからの応答がありません。|서버 곧 종료|Server fährt bald herunter|Le serveur va bientôt fermer
server_no_response|No response from server.|Ei vastausta palvelimelta.|Sem resposta do servidor.|Нет ответа от сервера.|伺服器無響應。|サーバから蹴りました。|서버에서 응답이 없습니다.|Keine Antwort vom Server.|Pas de réponse du serveur.
server_kicked|Kicked from the server.|Potkittu palvelimelta.|Expulso do servidor.|Выкинули с сервера.|從伺服器中踢出。|難易度のロックを解除していません！|서버에서 추방.|vom Server gekickt.|Expulsé du serveur.
server_not_unlocked|Difficulty not unlocked!|Vaikeusaste ei ole avattuna!|Dificuldade não desbloqueada!|Сложность не разблокируется!|難度未解鎖！|サーバーがいっぱいです。|난이도가 잠금 해제되지 않았습니다!|Schwierigkeitsgrad nicht freigeschaltet!|Difficulté non débloquée !
server_full|Server is full.|Palvelin on täynnä.|Servidor está cheio.|Сервер заполнен.|伺服器已滿。|パスワードを入力する：|서버가 가득 찼습니다.|Server ist voll.|Le serveur est plein.
server_password|Enter password:|Kirjoita salasana:|Digite a senha:|Введите пароль:|輸入密碼：|オンラインマルチプレイヤー は 現在 無効 に なって います。|암호 입력:|Passwort eingeben:|Saisissez le mot de passe :
multiplayer_disabled|Online multiplayer is currently disabled.|Moninpeli ei ole käytössä tällä hetkellä.|O modo multijogador online está desativado no momento.|Многопользовательская онлайн-игра в настоящее время отключена.|網絡多人遊戲當前已停用。|利用可能な新しいバージョンがあります。|온라인 멀티는 현재 사용할 수 없습니다.|Online-Multiplayer ist derzeit deaktiviert.|Le multijoueur en ligne est actuellement désactivé.
new_version|There is a new version available.|Uusi versio on saatavilla.|Existe uma nova versão disponível.|Доступна новая версия.|有可用的新版本。|あなたのゲームを更新します。|사용할 수 있는 새로운 버전이 있습니다.|Eine neue Spielversion ist verfügbar.|Une nouvelle version est disponible.
update_game|Update your game.|Päivitä pelisi.|Atualize seu jogo.|Обновите свою игру.|請更新您的遊戲。|あなたのアカウントが無効になっています。|게임을 업데이트합니다.|Aktualisiere dein Spiel.|Mettez à jour votre jeu.
account_disabled|Your account has been disabled.|Tilisi on poistettu käytöstä.|Sua conta foi desativada.|Ваш аккаунт был отключен.|您的帳號已被停用。|あなたはモデレーターによって追い出されました。 |계정이 비활성화되었습니다.|Dein Konto wurde deaktiviert.|Votre compte a été désactivé.
moderator_kicked|You have been kicked out by a moderator.|Moderaattori potkaisi sinut ulos.|Você foi expulso por um moderador. |Вас исключил модератор. |您已被版主踢出。 |理由|당신은 관리자에 의해 추방되었습니다.|Sie wurden von einem Moderator rausgeworfen. |Vous avez été expulsé par un modérateur. 
reason|Reason|Syy|Razão|Причина|理由|あなたのアカウントは別の場所でログインしています。|사유|Grund|Motif
logged_in_elsewhere|Your account has logged in elsewhere.|Tilisi on kirjautunut muualla.|Sua conta fez login em outro lugar.|В вашу учетную запись выполнен вход в другом месте.|您的帳號在其他地方登錄。|パフォーマンスの問題を避けるために、 必ずセットアップのサポートの 120Hzのを確認します。|계정이 다른 곳에서 로그인 되었습니다.|Auf ihr Konto wurde von woanders zugegriffen.|Votre compte est connecté ailleurs.
support_120hz|Please make sure your setup supports 120Hz to avoid performance issues.|Varmista, että laitteistosi tukee 120Hz välttääksesi suorituskykyongelmia.|Certifique-se de que sua configuração seja compatível com 120Hz para evitar problemas de desempenho.|Убедитесь, что ваша установка поддерживает частоту 120 Гц, чтобы избежать проблем с производительностью.|請確保您的設置支援120Hz， 以避免出現性能問題。|パフォーマンスの問題を避けるために、 必ずセットアップのサポートの 144Hzのを確認します。|성능 문제를 방지하기 위해 반드시 셋업 지원의 120Hz를 확인합니다.|Um Leistungsprobleme zu vermeiden, stellen Sie sicher das ihr Computer 120 Hz unterstützt.|Veillez à ce que votre système prenne en charge la fréquence de 120 Hz afin d'éviter tout problème de performance.
support_144hz|Please make sure your setup supports 144Hz to avoid performance issues.|Varmista, että laitteistosi tukee 144Hz välttääksesi suorituskykyongelmia.|Certifique-se de que sua configuração seja compatível com 144Hz para evitar problemas de desempenho.|Убедитесь, что ваша установка поддерживает частоту 144 Гц, чтобы избежать проблем с производительностью.|請確保您的設置支援144Hz， 以避免出現性能問題。|個人情報保護方針|성능 문제를 방지하기 위해 반드시 셋업 지원의 144Hz를 확인합니다.|Um Leistungsprobleme zu vermeiden, stellen Sie sicher das ihr Computer 144 Hz unterstützt.|Veillez à ce que votre système prenne en charge la fréquence de 144 Hz afin d'éviter tout problème de performance.
privacy_policy|Privacy Policy|Tietosuojakäytäntö|Política de Privacidade|политика конфиденциальности|隱私政策|プライバシーポリシーを更新しました。|개인 정보 정책|Datenschutz-Bestimmungen|Politique de confidentialité
eula|Eula|Eula|Eula|Eula|Eula|Eula|Eula|Eula|Eula|CLUF|Eula
privacy_policy_msg1|We have updated our Privacy Policy.|Olemme päivittäneet tietosuojakäytäntömme.|Atualizamos nossa Política de Privacidade.|Мы обновили нашу Политику конфиденциальности.|我們已經更新了我們的隱私權政策。|私が読んおよびプライバシーポリシーに同意しています。|개인 정보 보호 정책이 업데이트되었습니다.|Wir haben unsere Datenschutzrichtlinien aktualisiert.|Nous avons mis à jour notre politique de confidentialité.
privacy_policy_msg2|Please review and accept the changes to continue|Tarkista muutokset ja hyväksy ne jatkaaksesi|Por favor revise e aceite as alterações para continuar|Пожалуйста, просмотрите и примите изменения, чтобы продолжить.|請查看並接受更改以繼續|プライバシーポリシーは、登録することで合意しなければなりません。|계속하려면 변경 사항을 검토하고 동의하십시오|Bitte überprüfen und akzeptieren Sie die Änderungen, um fortzufahren|Veuillez lire attentivement et accepter les changements pour continuer
privacy_policy_agree|I have read and agree both the EULA and the Privacy Policy.|Olen lukenut ja hyväksyn EULA:n ja tietosuojakäytännön.|Eu li e concordo com EULA e com a Política de Privacidade|Я прочитал и согласен с Лицензионным соглашением и Политикой конфиденциальности.|我已閱讀並同意隱私權政策。|承知しました。|본인은 개인 정보 보호 정책에 동의합니다.|Ich habe die Datenschutzerklärung gelesen und bin damit einverstanden.|J'ai lu et j'accepte le CLUF et la politique de confidentialité.
privacy_policy_must_agree|EULA and Privacy Policy must be agreed to register.|Rekisteröityminen vaatii EULA:n ja tietosuojakäytännön hyväksymisen.|O EULA e a Política de Privacidade devem ser aceitos para o registro.|Для регистрации необходимо согласиться с лицензионным соглашением и Политикой конфиденциальности.|必須同意EULA和隱私政策才能註冊。|いいえ、同意しません。|개인 정보 보호 정책 등록하기로 동의해야 합니다.|Der Datenschutzerklärung muss für die Registrierung zugestimmt werden.|Le CLUF et la politique de confidentialité doivent être acceptés pour s'inscrire.
privacy_policy_ok|Ok, I accept.|Ok, hyväksyn.|Ok, eu aceito.|Хорошо, я принимаю.|好吧，我接受。|承諾します|알겠습니다|Okay, ich stimme zu.|Ok, j'accepte.
privacy_policy_not_ok|No, I don't accept.|Ei, en hyväksy.|Não, eu não aceito.|Нет, я не принимаю.|不，我不接受。|読み込みエラーワームホール。|아니요, 동의하지 않습니다.|Nein, ich stimme nicht zu.|Non, je n'accepte pas.
privacy_policy_i_agree|I agree|Hyväksyn|Eu concordo|Я согласен|我同意|シーズンワームホールは現在無効になっています。|동의 함|Ich stimme zu|Je suis d'accord
account_link_understand|I agree to linking the registered account to my platform account.||||我同意將註冊帳號與我的平台帳號連結|ワームホールレベル|||
account_link_must_understand|In order to register a PanicNet account you must agree to link the account to your platform account.||||為了註冊 PanicNet 帳號，您必須同意將該帳號連結到您的平台帳號|を獲得しました！|||
wormhole_error|Error loading wormhole.|Virhe ladatessa madonreikää.|Erro ao carregar buraco de minhoca|Ошибка загрузки червоточины.|錯誤加載蟲洞。|を獲得しました！|웜홀 불러오기 오류.|Fehler beim Laden des Wurmloches.|Erreur lors du chargement du Vortex.
wormhole_disabled|Season wormholes are currently disabled.|Kauden madonreiät eivät ole käytössä.|Buracos de minhoca de temporada estão desativados no momento.|Сезонные червоточины в настоящее время отключены.|目前賽季蟲洞已停用。|不安定なリフト波：|시즌 웜홀은 현재 비활성화됩니다.|Saison Wurmlöcher sind zur Zeit deaktiviert.|Les Vortex saisonniers sont actuellement désactivés.
wormhole_awarded_start|You have been awarded|Olet ansainnut|Você recebeu|Вам присвоен|您已被授予|不安定なリフトをクリア|웜홀 레벨|Du hast|Vous avez reçu
wormhole_awarded_end_one|Wormhole Level!|Madonreiän tason!|nível de Buraco de Minhoca!|уровень червоточины!|蟲洞層數！|レガシー|웜홀 레벨!|Wurmlochlevel erhalten!|niveau de Vortex !
wormhole_awarded_end_many|Wormhole Levels!|Madonreiän tasoa!|nível de Buraco de Minhoca!|уровень червоточины!|蟲洞層數！|イベント|웜홀 레벨!|Wurmlochlevel erhalten!|niveau de Vortex !
unstable_rift_waves|Unstable Rift Waves:|Epävakaa Repeämä Aallot:|Ondas de Fenda Instáveis:|Нестабильные рифтовые волны:|不穩定的空間裂縫：|プレイヤー2 プレス|불안정한 균열 파동:|Instabile Risswellen:|Vagues de faille instables :
unstable_rift_cleared|Unstable Rift Cleared|Epävakaa Repeämä Läpäisty|Fenda Instável Limpa|Нестабильный разлом очищен|不穩定的空間裂縫被清除|ゲームに参加する。|불안정한 균열 제거|Instabiler Riss beseitigt|Faille instable nettoyée
legacy|Legacy|Vanha|Legado|Наследие|遺產|協力を終了するには|유산|Erbe|Héritage
event|Event|Tapahtuma|Evento|Событие|事件|を押してください |행사|Veranstaltung|Événement
player_two_press|Player 2 press|Pelaaja 2 paina|Jogador 2, pressione|Игрок 2 нажимает|玩家 2 按|招待する|플레이어 2 누르기|Spieler 2 drücke|Le deuxième joueur doit appuyer sur
player_two_join|to join.|liittyäksesi peliin.|para participar.|присоединиться.|加入遊戲。|プロモート|게임에 참여합니다.|um beizutreten.|pour rejoindre la partie.
coop_exit_press|Press|Paina|Pressione|Нажмите|按|降格|누르기|Drücken Sie|Appuyez sur
coop_exit_text|to exit Coop|lähteäksesi yhteispelistä|para sair do Coop |чтобы выйти из Сотрудничества |退出合作 |削除する|Co-op 종료|um die Zusammenarbeit zu beenden |pour quitter la coopération 
guild_invite|Invite to guild|Kutsu kiltaan|Convidar para guilda|Пригласить в гильдию|邀請加入公會|ギルドの評判|길드 초대|Gildeneinladung|Inviter dans la guilde
guild_promote|Guild Promote|Ylennä|Promover|Продвижение гильдии|公會升級|優しいです|길드 승급|Beförderung|Promouvoir
guild_demote|Guild Demote|Alenna|Rebaixar|Понижение уровня гильдии|公會降級|表彰|길드 강등|Degradieren|Rétrograder
guild_remove|Guild Remove|Poista|Remover|Удалить гильдию|公會踢出|尊敬|길드 추방|Entfernen|Évincer
guild_rep|Guild Reputation|Kilta Maine|Reputação da Guilda|Репутация гильдии|公會聲望|誇らしいです|길드 평판|Gildenruf|Réputation de la guilde
friendly|Friendly|Ystävällinen|Amigável|Дружелюбно|友好|選手見つかりません|친구|Freundlich|Amical
honored|Honored|Kunnioitettu|Honrado|Заслуженный|榮譽|エラー|수상|Wohlwollend|Bienveillant
revered|Revered|Arvostettu|Reverenciado|Почитаемый|尊敬|Warning|존경|Respektvoll|Respectueux
exalted|Exalted|Ylistetty|Exaltado|Возвышенный|崇高|接続が切れました|고귀한|Ehrfürchtig|Respectable
no_players_found|No players found|Pelaajia ei löytynyt|Nenhum jogador encontrado|Игроки не найдены|未找到玩家|別のゾーンにあります！|플레이어를 찾을 수 없습니다|Keine Spieler gefunden|Aucun joueur trouvé
error|Error|Virhe|Erro|Ошибка|錯誤|あなたが販売したいですか？|오류|Fehler|Erreur 
warning|Warning|Varoitus|Aviso|Предупреждение|警告|あなた は、このカテゴリ内 の すべてのアイテム を 販売 して も よろしいです か？|대기|Warnung|Attention
lost_connection|Lost connection|Yhteys katkennut|Conexão perdida|Потерянное соединение|失去連接|Are you sure you want to upgrade this item?|연결 실패|Verbindung verloren|Connexion perdue
in_different_zone|is in a different zone!|on eri alueella!|está em uma zona diferente!|находится в другой зоне!|在不同區域！||다른 구역에 있습니다!|ist in einer anderen Zone!|se trouve dans une autre zone !
trade_must_be_in_town|Must be in town to trade.||||必須在城裡進行交易||||está en una zona diferente.
sell_prompt|Are you sure you want to sell?|Haluatko varmasti myydä?|Tem certeza de que quer vender?|Вы уверены, что хотите продать?|您確定要出售嗎？|残りの試み：|정말로 판매 하시겠습니까?|Sind Sie sicher, die Sie dies verkaufen möchten?|Êtes-vous sûr de vouloir vendre cet objet ?
sell_all_prompt|Are you sure you want to sell all items in this category?|Haluatko varmasti myydä kaikki kategorian ensineet?|Tem certeza de que quer vender todos os itens nesta categoria?|Вы уверены, что хотите продать все товары в этой категории?|您確定要出售此類別中的所有物品嗎？|分|정말로 이 카테고리의 모든 상품을 판매 하시겠습니까?|Sind Sie sicher, dass Sie alle Gegenstände in dieser Kategorie verkaufen wollen?|Êtes-vous sûr de vouloir vendre tous les objets de cette catégorie ?
angelic_upgrade_prompt|Are you sure you want to upgrade this item?|Haluatko varmasti päivittää tämän esineen?|Tem certeza de que quer melhorar este item?|Вы уверены, что хотите обновить этот предмет?|Are you sure you want to upgrade this item?|您確定要升級此物品嗎|정말로 이 항목을 업그레이드하시겠습니까?|Sind Sie sich sicher, dass Sie diesen Gegenstand aufrüsten wollen?|Êtes-vous sûr de vouloir améliorer cet objet ?
angelic_upgrade_cancel|Are you sure you want to cancel the upgrade? The chest will be consumed and cannot be opened again.||Tem certeza de que deseja cancelar a melhoria? O baú será consumido e não poderá ser aberto novamente.|Вы уверены, что хотите отменить обновление? Сундук будет израсходован и его нельзя будет открыть снова.|您確定要取消此次升級嗎？這個寶箱將會被消耗，再也無法打開|コインを挿入！|정말로 업그레이드를 취소하시겠습니까? 상자는 소비되며 다시 열 수 없습니다.||
angelic_upgrade_augment_confirm|Are you sure you want to select [augment] augment?||||你確定要選擇[augment]增強嗎？||정말로 [augment] 증강을 선택하시겠습니까?|||¿Seguro que quieres seleccionar la mejora [augment] ?|
attempts_remaining|Attempts remaining:|Yrityksiä jäljellä:|Tentativas restantes:|Осталось попыток:|剩餘嘗試次數：|デビッドの宝物を探してください！|남은 시도 횟수:|Verbleibende Versuche:|Tentatives restantes :
minute|Minute|Minuutti|Minuto|Минута|分鐘|Dig|분|Minute|Minute
minutes|Minutes|Minuuttia|Minutos|Минуты|分鐘|ささやき|분|Minuten|Minutes
insert_coin|Insert Coin!|Syötä Kolikko!|Insira Moeda!|Вставьте монету!|投入硬幣！|チャットサーバーに接続できません。|동전을 넣으세요!|Münze Einwerfen!|Insérez une pièce !
dig_treasure|Dig for David's treasure!|Kaiva Davidin aarre esiin!|Cavar para o tesouro de David!|Отыщите сокровище Дэвида!|挖掘大衛的寶藏！|ギルドチャットサーバーに接続できません。|다윗의 보물을 파헤쳐라!|Grabe nach Davids Schatz!|Creusez pour trouver le trésor de David !
dig|Dig|Kaiva|Cavar|Копать|挖掘|Hero Siegeグローバルチャットへようこそ！|파내다|Graben|Creuser
whisper|Whisper|Kuiskaa|Sussurro|Шепот|悄悄話|コマンドの場合は /help と入力します。|귓말|Flüstern|Chuchoter
msg_cant_connect_global|Can't connect to the chat server.|Ei voitu yhdistää chat-palvelimeen.|Não foi possível conectar ao servidor de bate-papo.|Не могу подключиться к серверу чата.|無法連接到聊天伺服器。|時間|채팅 서버에 연결할 수 없습니다.|Es kann keine Verbindung zum Chat-Server hergestellt werden.|Impossible de se connecter au serveur de chat.
msg_cant_connect_guild|Can't connect to guild chat server.|Ei voitu yhdistää killan chat-palvelimeen.|Não foi possível conectar ao servidor de bate-papo da guilda.|Не могу подключиться к серверу чата гильдии.|無法連接到公會聊天伺服器。|日付|길드 채팅서버에 연결할 수 없습니다.|Es kann keine Verbindung zum Gildenchat-Server hergestellt werden.|Impossible de se connecter au serveur de chat de guilde.
msg_cant_connect_blood_pact|Can’t connect to Blood Pact chat server.||||無法連線到血契聊天伺服器。||||
msg_welcome|Welcome to Hero Siege global chat!|Tervetuloa Hero Siegen globaaliin chattiin!|Bem-vindo ao chat global do Hero Siege!|Добро пожаловать в глобальный чат Hero Siege!|歡迎來到Hero Siege全球聊天室！|保護者による使用制限が有効になっています。 このユーザーはこのデバイスで通信できません。|Hero Siege 글로벌 채팅에 오신 것을 환영합니다!|Willkommen im globalen Chat von Hero Siege!|Bienvenue sur le chat mondial de Hero Siege !
msg_help|Type /help for commands.|Näytä komennot kirjoittamalla /help|Digite /help para comandos.|Введите /help для команд.|輸入/help以查看可用指令。|あまりにも多くのメッセージ。 [time]秒待ちます。|명령에 /help 를 입력하십시오.|Geben Sie /help für eine Befehlsliste ein.|Tapez /help pour obtenir les commandes.
msg_time|Time|Aika|Tempo|Время|時間|あなたはギルドではありません。|시간|Zeit|Heure
msg_date|Date|Päivämäärä|Data|Дата|日期|あなたのギルドステータスが低すぎます。|날자|Datum|Date
msg_parental_control|Parental control is enabled. Communication is not allowed for this user on this device.|Lapsilukko on käytössä. Tämän käyttäjän viestintä ei ole sallittu.|O controle dos pais está ativo. A comunicação não é permitida para este usuário neste dispositivo.|Родительский контроль включен. Для этого пользователя на этом устройстве запрещена связь.|啟用了家長控制。 在此設備上不允許此用戶進行通訊。|プレーヤの名前|자녀 보호 기능이 활성화되었습니다. 이 기기에서이 사용자에 대한 통신이 허용되지 않습니다.|Die Kindersicherung ist aktiviert. Für diesen Benutzer ist auf diesem Gerät keine Kommunikation zulässig.|Le contrôle parental est activé. La communication n'est pas autorisée pour cet utilisateur sur cet appareil.
msg_spam|Too many messages. Wait [time] seconds.|Liian monta viestiä. Odota [time] sekuntia.|Muitas mensagens. Aguarde [time] segundos.|Слишком много сообщений. Подождите [время] секунд.|消息太多，請等待[time]秒。|メッセージ|메시지가 너무 많습니다. [time] 초 정도 기다립니다.|Zu viele Nachrichten. [time] Sekunden warten.|Trop de messages. Attendez [time] secondes.
msg_not_in_guild|You are not in a guild.|Et kuulu kiltaan.|Você não está em uma guilda.|Вы не состоите в гильдии.|您不在公會中。|ささやく|당신은 길드에 속해 있지 않습니다.|Sie befinden sich nicht in einer Gilde.|Vous ne faites pas partie d'une Guilde.
msg_status_low|Your guild status is too low.|Asemasi killassa on liian matala.|Seu status da guilda é muito baixo.|Ваш статус в гильдии слишком низкий.|您在公會的階級太低。|ささやきに返信します|길드 상태가 너무 낮습니다.|Ihr Gilden Status ist zu niedrig.|Votre statut de guilde est trop bas.
msg_playername|player name|pelaajan nimi|nome do jogador|имя игрока|玩家名稱|ゲームの招待状を送信するには|플레이어 이름|spielername|nom du joueur
msg_message|message|viesti|mensagem|сообщение|訊息|ギルド招待送信します|메시지|botschaft|message
msg_whisper|to whisper|kuiskataksesi|sussurrar|шептать|私訊|プレイヤーをミュートします|귓말|flüstern|pour chuchoter
msg_reply|to reply to a whisper|vastataksesi kuiskaukseen|para responder a um sussurro|ответить на шепот|回覆私訊|プレイヤーのミュートを削除します|귓말에 답변|einem flüstern antworten|pour répondre à un chuchotement
msg_game_invite|to send a game invite|lähettäksesi kutsun peliin|para enviar um convite de jogo|отправить приглашение в игру|發送遊戲邀請|数字を振る（0～100） |게임 초대를 보낸다|um eine Spieleinladung zu senden|pour envoyer une invitation à un jeu
msg_guild_invite|to send a guild invite|lähettäksesi kutsun kiltaan|para enviar um convite de guilda|отправить приглашение в гильдию|發送公會邀請|あなたが推進されています！|길드 초대 보낸다|eine Gildeneinladung zu senden|pour envoyer une invitation de Guilde
msg_mute|to mute a player|mykistääksesi pelaajan|para mutar um jogador|отключить звук игрока|靜音該玩家|あなたは降格されています。|플레이어 음소거|einen Spieler stummzuschalten|pour rendre un joueur inaudible
msg_unmute|to unmute a player|poistaaksesi pelaajan mykistyksen|para remover mute do jogador|чтобы включить звук игрока|取消對該玩家的靜音|あなたはギルドから削除されました。|플레이어 음소거를 취소|einen Spieler entstummen|pour rendre un joueur audible
msg_roll|to roll a number (0-100)|heittää numeroa (0-100) |rolar um número (0-100) |выбросить число (0-100) |骰數字（0-100） |リセットに投票|숫자를 굴린다 (0-100) |eine Zahl würfeln (0-100) |pour lancer un nombre (0-100) 
msg_promoted|You have been promoted!|Sinut on ylennetty!|Você foi promovido!|Вас повысили!|你在公會的階級提升了！|リセット投票を削除しました。|당신은 승진되었다!|Sie wurden befördert!|Vous avez été promu !
msg_demoted|You have been demoted.|Sinut on alennettu|Você foi rebaixado.|Вы понижены в должности.|你在公會的階級降低了。|ゲームに招待されました|당신은 강등되었다.|Sie wurden degradiert.|Vous avez été rétrogradé.
msg_removed|You have been removed from the guild.|Sinut on poistettu killasta.|Você foi removido da guilda,|Вас исключили из гильдии.|你已被踢出公會。|参加しました！|당신은 길드에서 추방되었습니다.|Sie wurden aus der Gilde entfernt.|Vous avez été exclu de la guilde.
msg_voted_reset|Voted for reset|Äänesti uudelleenaloitusta|Votou para reiniciar.|Проголосовал за сброс|投票重置|消えた！|리셋 투표|hat für einen Reset gestimmt.|a voté pour une réinitialisation.
msg_removed_vote|Removed their reset vote.|Poisti äänestyksensä.|Removeu seu voto para reiniciar.|Удален голос за сброс.|刪除了他們的重置投票。|死亡しました！|재설정 투표를 삭제했습니다.|hat ihre Stimme für den Reset zurückgezogen.|a retiré son vote pour la réinitialisation.
msg_invited|has invited you to join game|kutsui sinut peliin|convidou você para participar do jogo|пригласил вас присоединиться к игре|邀請您加入遊戲|最後の休憩所：|당신은 게임에 초대되었습니다|hat dich zum Spiel eingeladen|vous a invité à participer à une partie
msg_joined|joined!|liittyi!|entrou!|присоединился!|加入！|Gabenは地球を歩きます...|합류했습니다!|hat den Raum betreten!|est entré dans la salle !
msg_left|left!|poistui!|saiu!|левый!|離開了房間！|Pingタイムアウト。|나갔다!|ist verschwunden!|a disparu !
msg_died|died!|kuoli!|morreu!|умер!|死了！|復活|사망!|ist gestorben!|est mort !
msg_grave|The final resting place:|Viimeinen lepopaikka:|O local de descanso final:|Место последнего упокоения:|最終安息之地：|リスポーン |마지막 휴식 장소 :|Die letzte Ruhestätte:|La dernière fois où il a été aperçu était :
gaben_event|Gaben walks the earth...|Gaben kävelee joukossamme...|Gaben caminha sobre a Terra...|Габен ходит по земле...|Gaben漫步在地球上...|魔法のルビー|Gaben은 지구를 산책...|Gaben geht die Erde...|Gaben marche sur le monde...
ping_timeout|Ping timeout.|Ping-aikakatkaisu.|Tempo limite de ping.|Тайм-аут пинга.|Ping超時。|ブラックマーケット|핑 타임아웃.|Ping-Zeitüberschreitung.|Délai d'attente de ping.
revive|Revive|Elvytä|Reviver|Оживить|復活|あなただけのミステリー帽子を略奪、 あなたがそれを装備したいと思いますか？|소생|Wiederbeleben|Réanimer
respawn|Respawn|Herää henkiin|Renascer|Респаун|重生 |現在の色|부활|Respawnen|Réapparaître
magic_rubies|Magic Rubies|Taikarubiinit|Rubis Mágicos|Волшебные Рубины|魔法紅寶石|ウムの祭壇|마법 루비|Magische Rubine|Rubis magiques
black_market|Black Market|Musta Pörssi|Mercado Negro|Черный рынок|黑市|一つを取って！|암시장|Schwarzmarkt|Marché noir
mystery_hat_equip|You just looted a Mystery Hat, would you like to equip it?|Keräsit Mysteerihatun, haluatko pukea sen?|Você acabou de saquear um Chapéu Misterioso. Gostaria de equipar?|Вы только что нашли загадочную шляпу. Хотите надеть ее?|您剛剛找到了一頂神秘帽子，要裝備它嗎？|賢く選択してください！|당신은 미스테리 모자를 획득했습니다.장착하시겠습니까?|Sie haben einen mysteriösen Hut gefunden, möchten Sie ihn aufsetzen?|Vous venez de trouver un chapeau mystérieux, voulez-vous l'équiper ?
color_picker_current|Current Color|Nykyinen Väri|Cor Atual|Текущий цвет|當前顏色|名前フィールドは空にできません！|현재의 색|Aktuelle Farbe|Couleur actuelle
altar_um|Um's Altar|Umin Alttari|Altar de Um|Алтарь Ума|Um的祭壇|あなたはこのギルドを削除してもよろしいですか？|움의 제단|Ums Altar|Autel d'Um
quest_take_one|Take one!|Ota yksi!|Escolha um!|Взять один!|拿走一個！|あなたが購入してもよろしいですか？|하나를 수행합니다!|Wähle einen!|Prenez-en un !
quest_choose|Choose wisely!|Valitse viisaasti!|Escolha sabiamente!|Выбирай с умом!|謹慎選擇！|ページ|현명하게 선택해!|Wähl Klug!|Choisissez avec sagesse !
prompt_name_empty|The name field cannot be empty!|Nimi-kenttä ei voi olla tyhjä!|O campo do nome não pode estar vazio!|Поле имени не может быть пустым!|名稱欄不能為空！|傭兵を復活させる|이름에 공간을 비워 둘 수 없습니다!|Das Namensfeld darf nicht leer sein!|"Le champ ""nom"" ne peut pas être vide !"
prompt_delete_guild|Are you sure you want to delete this guild?|Haluatko varmasti poistaa tämän killan?|Tem certeza de que deseja excluir esta guilda?|Вы уверены, что хотите удалить эту гильдию?|您確定要刪除此公會嗎？|傭兵を解雇する|정말로 이 길드를 삭제 하시겠습니까?|Sind Sie sicher, dass Sie diese Gilde löschen möchten?|Êtes-vous sûr de vouloir supprimer cette Guilde ?
prompt_black_market_buy|Are you sure you want to buy?|Haluatko varmasti ostaa?|Tem certeza de que quer comprar?|Вы уверены, что хотите купить?|您確定要購買嗎？|傭兵を解雇してもよろしいですか? |정말로 구매하시겠습니까?|Sind Sie sich sicher, dass Sie dies kaufen möchten?|Êtes-vous sûr de vouloir acheter ?
prompt_market_remove_item|Are you sure you want to remove this listing?||||您確定要刪除此清單嗎?||||
page|Page|Sivu|Página|Страница|頁|傭兵を使用|페이지|Seite|Page
minion_resurrect|Resurrect Mercenary|Henkiinherätä palkkasoturi|Reviver Mercenário|Воскресить наемника|復活傭兵|傭兵を雇う|용병 부활|Söldner wiederbeleben|Ressusciter le mercenaire
minion_discharge|Discharge Mercenary|Vapauta palkkasoturi|Demitir Mercenário|Увольнение наемника|解僱傭兵|騎士|용병 해제|Söldner entlassen|Renvoyer le mercenaire
minion_discharge_confirm|Are you sure you want to discharge your mercenary?|Haluatko varmasti vapauttaa palkkasoturisi?|Tem certeza de que quer demitir seu mercenário?|Вы уверены, что хотите уволить своего наемника?|您確定要解僱您的傭兵嗎？ |射手|정말로 용병을 해제하시겠습니까?|Sind Sie sicher, dass Sie Ihren Söldner entlassen möchten? |Êtes-vous sûr de vouloir renvoyer votre mercenaire ?
minion_use|Use Mercenary|Käytä palkkasoturia|Usar Mercenário|Используйте Наемника|使用傭兵|魔術師 |용병 사용|Söldner Verwernden|Utiliser le mercenaire
minion_buy|Hire Mercenary|Värvää palkkasoturi|Contratar Mercenário|Нанять наемника|聘請傭兵|バックスペース|용병 고용|Söldner anheuern|Engager un mercenaire
minion_melee|Knight|Ritari|Cavaleiro|Рыцарь|騎士|カバーを取る！|나이트|Ritter|Chevalier
minion_ranged|Archer|Jousiampuja|Arqueiro|Лучник|弓箭手|ミステリーチェストハット|아쳐|Bogenschütze|Archer
minion_spell|Magister|Taikuri|Mago|Магистр|魔法師 |アカウントの確認が必要|메지스터|Magister |Mage
keyboard_backspace|Backspace|Askelpalautin|Backspace|Backspace|後退鍵||백스페이스|Rücktaste|Touche retour
take_cover|TAKE COVER!|SUOJAUDU!|PROTEJA-SE!|ПРИКРЫТЬСЯ!|掩護！|Steam アイテムが必要|엄호하세요!|IN DECKUNG!|A L'ABRI !
mystery_chest_hat|Mystery Chest Hat|Mysteeri arkkuhattu|Baú Misterioso de Chapéu|Загадочная нагрудная шляпа|神秘帽子|利用できません|미스터리 체스트 모자|Mysteriöser Truhehut|Mystérieux coffre à chapeau
requires_verification|Requires account verification|Vaatii tilin vahvistamisen|Requer verificação da conta|Требуется проверка аккаунта|需要帳號驗證|ゲームプレイデータの共有|계정 확인이 필요합니다|Erfordert eine Kontobestätigung|Vérification du compte nécessaire
requires_product|Requires product : ||||需要產品:|HUDボーダーを表示|제품 필요 :||
requires_steam_item|Requires steam item|Vaatii Steam-esineen|Requer Item da Steam|Требуется предмет Steam|需要 Steam 物品|視野|Steam 아이템 필요|Benötigt Steam-Gegenstand|Nécessite un objet Steam
unavailable|Unavailable|Ei saatavilla|Indisponível|Недоступен|不可用|ジョイスティックの不透明度|이용불가|Nicht verfügbar|Indisponible
share_data|Share Gameplay Data|Jaa pelitiedot|Compartilhar Dados do Jogo|Поделитесь данными игрового процесса|分享遊戲數據|購入を復元|게임 플레이 데이터 공유|Gameplay-Daten teilen|Partager les données de jeu
show_border|Show HUD Border|Näytä HUD-reunus|Mostrar borda do HUD|Показать границу HUD|顯示HUD邊框|優勢|HUD 윤곽선 표시|HUD-Rand anzeigen|Afficher le cadre HUD
field_of_view|Field of View|Näkökenttä|Campo de Visão|Поле зрения|視野範圍|アタックスティック|시야|Sichtfeld|Champ de vision
joystick_opacity|Joystick Opacity|Joystick läpinäkyvyys|Opacidade do joystick|Прозрачность джойстика|搖桿透明度|スティックを動かす|조이스틱 불투명도|Joystick-Deckkraft|Opacité du joystick
restore_purchases|Restore Purchases|Palauta ostokset|Restaurar Compras|Восстановить покупки|恢復購買|自由|구매 복구|Einkäufe wiederherstellen|Restaurer les achats
ascendancy|Ascendancy|Ylemmyys|Ascendência|Восхождение|優勢|マジック ・ マッシュルーム|지배력|Aufstieg|Ascension
attack_stick|Attack Stick|Hyökkäystatti|Stick de Ataque|Стик атаки|攻擊搖桿|あたり|공격 스틱|Angriffsstick|Stick d'attaque
move_stick|Move Stick|Liiketatti|Stick de Movimento|Стик перемещения|移動搖桿|インベントリ傭兵|스틱 이동|Bewegungsstick|Stick de déplacement
free|Free|Vapaa|Livre|Бесплатно|自由|在庫セカンダリ|자유|Frei|Gratuit
magic_mushroom|Magic Mushroom|Taikasieni|Cogumelo Mágico|Галлюциногенный гриб|魔法蘑菇|垂直同期|마법 버섯|Magischer Pilz|Champignon magique
per|Per|Per|Por|Пер|每|シールドなし！|당|Pro|Par
inv_merc|Inventory Mercenary|Palkkasoturin reppu|Inventário do Mercenário|Инвентарь наемника|傭兵背包|スクラップ|용병 인벤토리|Inventar Söldner|Inventaire du Mercenaire
inv_secondary|Inventory Secondary|Toissijainen reppu|Inventário Secundário|Инвентарь вторичный|次要背包|コンバイン|보조 인벤토리|Inventar Sekundär|Inventaire secondaire
vsync|VSync|Pystytahdistus|VSync|Верт. синхронизация|垂直同步|二刀流|수직 동기화|VSync|VSync
no_shield|No shield!|Ei kilpeä!|Sem escudo!|Никакого щита!|沒有盾牌！|ヒーローバウンド|방패가 없습니다!|Kein Schild!|Aucun bouclier !
scrap|Scrap|Romuta|Sucatear|Лом|廢棄物|タブの並べ替え|스크랩|Verschrotten|Déchets
combine|Combine|Yhdistä|Combinar|Объединить|结合|ベルトのオートフィル|결합|Kombinieren|Combiner
dual_wield|Dual Wield|Dual Wield|Empunhadura Dupla|Два оружия|雙持|全スロットの使用|이도류|Beidhändig|Ambidextrie
soulbound|Herobound|Sankarisidonnainen|Vinculado ao Herói|Связанный герой|英雄綁定|スタックの分割|히어로바운드|Herobound|Lié au héro
inventory_sort_tab|Sort Tab|Järjestä välilehti|Ordenar Guia|Сортировать|自動整理|払い戻しのリクエスト |탭 정렬|Registerkarte „Sortieren“|Trier
inventory_autofill_belt|Autofill belt|Täytä vyö|Preencher cinto automaticamente|Автозаполнение|藥水自動填充||벨트 자동 채우기|Gürtel automatisch füllen|Remplissage auto de la ceinture
inventory_useall_belt|Use All Slots|Käytä kaikkia paikkoja|Usar Todos os Espaços|Использовать все слоты|使用所有欄位||모든 슬롯 사용|Alle Slots verwenden|Utiliser tous les emplacements
split_stack|Split Stack|Split Stack|Dividir Pilha|Разделить стек|拆分堆疊|移動速度|스택 분할|Stapel aufteilen|Split Stack
request_refund|Request Refund|Pyydä hyvitystä |Pedir Reembolso|Запросить возврат |要求退還 |より多くのルビー|환불 요청|Rückerstattung anfordern |Demander un remboursement 
|||||||||||
[Short stat names]|||||||||||
stat_movement_speed|Movement Speed|Liikkumisnopeus|Velocidade de Movimento|Скорость движения|移動速度||이동 속도|Geschwindigkeit|Vitesse de marche/course
stat_ruby_drops|Ruby Drops|Lisää Rubiineja|Mais Rubis|Рубиновые капли|紅寶石掉落|ボディ部|루비 드롭|Rubindrops|Butin de rubis
stat_experience|Experience|Kokemusta|Experiência|Опыт|經驗值|煉瓦|경험치|Erfahrung|Expérience
|||||||||||
[Loot names]|||||||||||
loot_body_part|Body part|Ruumiinosa|Parte de Corpo|Часть тела|身體部位|コーヒー豆|신체 부위|Körperteil|Partie de corps
loot_brick|Brick|Tiili|Tijolo|Кирпич|磚塊|Coffee Mug|벽돌|Backstein|Brique
loot_christmas_star|Christmas Star|Joulutähti|Estrela de Natal|Рождественская звезда|聖誕星星|ミステリー帽子|크리스마스 스타|Weihnachtsstern|Étoile de Noël
loot_christmas_tree|Christmas Tree|Joulukuusi|Árvore de Natal|Рождественская елка|聖誕樹|Mystery Wings|크리스마스 트리|Weihnachtsbaum|Arbre de Noël
loot_coffee_beans|Coffee Beans|Kahvipavut|Grãos de café|Кофейные зерна|咖啡豆|靴下の山|커피 콩|Kaffeebohnen|Grains de café
loot_coffee_mug|Coffee Mug|Kahvimuki|Xícara de Café|Кружка кофе|咖啡杯|雪だるまの頭|커피 머그잔|Kaffeetasse|Tasse à café
loot_mystery_hat|Mystery Hat|Mysteerihattu|Chapéu Misterioso|Таинственная шляпа|神秘的帽子|スケルトンの骨|미스터리 모자|Mysteriöser Hut|Chapeau mystère
loot_mystery_wings|Mystery Wings|Mystery Wings|Asas Misteriosas|Таинственные Крылья|神秘之翼|バードのギター|미스터리 날개|Mysteriöse Flügel|Ailes mystérieuses
loot_pile_of_socks|Pile of Socks|Sukkakasa|Pilha de Meias|Куча носков|一堆襪子|狂想|양말의 더미|Stapel von Socken|Pile de chaussettes
loot_snowman_head|Snowman's Head|Lumiukon Pää|Cabeça do Boneco de Neve|Голова снеговика|雪人的頭|ビール|눈사람의 머리|Schneemann-Kopf|Tête de bonhomme de neige
loot_skeleton_bone|Skeleton Bone|Luurankon Luu|Osso de Esqueleto|Скелетная кость|骷髏骨頭|ワイン|스켈레톤 뼈|Skelett Knochen|Os de squelette
loot_bards_guitar|Bard's Guitar|Bardin Kitara|Guitarra do Bardo|Гитара Барда|吟遊詩人的吉他|葡萄|바드의 기타|Bardengitarre|Guitare de Barde
loot_moonshine|Moonshine|Pontikka|Moonshine|Самогон|私釀烈酒|金属の破片|달빛|schwarzgebrannter Schnaps|Gnôle
loot_beer|Beer|Kalja|Cerveja|Пиво|啤酒|エッセンス|맥주|Bier|Bière
loot_wine|Wine|Viini|Vinho|Вино|葡萄酒|虹色の宝石|와인|Wein|Vin
loot_grapes|Grapes|Rypäleet|Uvas|Виноград|葡萄|ブラギット|포도|Trauben|Grappe de raisins
loot_metal_debris|Metal Debris|Metallipirstaleet|Detritos de Metal|Металлический мусор|金属碎片|汚染された土|금속 파편|Metalltrümmer|Débris métalliques
loot_essence|Essence|Esanssi|Essência|Сущность|精華|おいしい豚肉|에센스|Essenz|Essence
loot_gemstone|Rainbow Gemstone|Sateenkaaren jalokivi|Gema Arco-íris|Радужный драгоценный камень|彩虹寶石|破滅の雑草|레인보우 젬스톤|Regenbogenedelstein|Gemme arc-en-ciel
loot_braggite|Braggite|Braggite|Braggite|Брэггит|布拉格礦|神のエッセンス|브래그나이트|Braggit|Braggite
loot_corrupted_dirt|Corrupted Dirt|Vioittunut lika|Terra Corrompida|Испорченная грязь|腐蝕的污垢|ナーガの鱗|부패한 흙|Verdorbener Dreck|Boue corrompue
loot_hogmeat|Delicious Hog Meat|Herkullinen sianliha|Carne de Porco Deliciosa|Вкусное мясо свиньи|美味的豬肉|採鉱カートの車輪|맛있는 돼지고기|Köstliches Schweinefleisch|Viande de porc délicieuse
loot_doom_weed|Doom Weed|Doom Weed|Erva da Desgraça|Роковая трава|厄運雜草|黄金の戦士の像|둠 위드|Schicksalskraut|Herbe du destin
loot_essence_of_gods|Essence of the Gods|Essence of the Gods|Essência dos Deuses|Сущность богов|神性|黄金の蛇のお守り|신들의 에센스|Essenz der Götter|Essence des dieux
loot_naga_scale|Naga Scale|Nagan asteikko|Escamas de Naga|Чешуя наги|娜迦鳞片|英雄の頭蓋骨|나가 비늘|Nagaschuppe|Écaille de Naga
loot_cart_wheel|Mining Cart Wheel|Kaivoskärryn pyörä|Roda de Carrinho de Mineração|Колесо шахтной тележки|礦車車輪|太ったカボチャ|광산 카트 바퀴|Rad eines Bergbaukarrens|Roue de chariot minier
loot_golden_statue|Golden Warrior Statue|Kultaisen soturin patsas|Estátua do Guerreiro Dourado|Статуя Золотого Воина|黃金戰士雕像|おいしいウジ虫|황금 워리어 동상|Goldene Kriegerstatue|Statue en or de guerrière en or
loot_naga_amulet|Golden Snake Amulet|Kultainen käärme amuletti|Amuleto da Serpente Dourada|Амулет Золотая Змея|金蛇護身符|神秘的な呪文書|황금 뱀 어뮬렛|Goldenes Schlangenamulett|Amulette du serpent d'or
loot_hero_skull|Hero Skull|Sankarin pääkallo|Caveira do Herói|Череп героя|英雄頭骨|高麗人参|영웅 해골|Heldenschädel|Crâne de héros
loot_fat_pumpkin|Fat Pumpkin|Rasva kurpitsa|Abóbora Gorda|Жирная тыква|肥大南瓜|ロスカ|뚱뚱한 호박|Fetter Kürbis|Citrouille bien grasse
loot_maggot_corpse|Yummy maggot|Herkullinen toukka|Larva Gostosa|Вкусная личинка|美味的蛆|フロストディル|맛있는 구더기|Leckere Made|Asticot juteux
loot_spellbook_ahriman|Mysterious spellbook|Salaperäinen loitsukirja|Livro de Feitiços Misterioso|Таинственная книга заклинаний|神秘咒語書|バームルート|신비한 주문서|Geheimnisvolles Zauberbuch|Mystérieux livre de sorts
loot_ginseng|Ginseng|Ginseng|Ginseng|Женьшень|人参|ファングレン|인삼|Ginseng|Ginseng
loot_loska|Loska|Loska|Loska|Лоска|洛斯卡|クマの足跡|로스카|Loska|Loska
loot_frost_dill|Frost Dill|Frost tilliä|Endro de Geada|Морозный укроп|霜蒔蘿|ジャスパーの鞭|프로스트 딜|Frostdill|Aneth givré
loot_vermroot|Vermroot|Vermroot|Vermroot|Вермрут|蠕蟲根|古い地図|버름뿌리|Wurmwurzel|Racine de Verm
loot_fanglen|Fanglen|Fanglen|Fanglen|Фэнглен|方格倫|悪魔のキャベツ|팡글렌|Fanglen|Fanglen
loot_carnage_track|Bear tracks|Karhun jäljet|Rastros de Urso|Медвежьи следы|熊的足跡|空の採鉱カート|곰 발자국|Bärenspuren|Traces d'ours
loot_jaspers_whip|Jasper's Whip|Jasperin piiska|Chicote de Jasper|Кнут Джаспера|Jasper的鞭子|丈夫な竹|옥의 채찍|Jaspispeitsche|Fouet de Jasper
loot_staff_map|Old Map|Vanha kartta|Mapa Antigo|Старая карта|古代地圖|アキの作業台|오래된 지도|Alte Karte|Vieille carte
loot_devils_cabbage|Devil's Cabbage|Paholaisen kaali|Repolho do Diabo|Дьявольская капуста|惡魔高麗菜|厚いクモの巣|악마의 양배추|Teufelskohl|Marie-Jeanne
loot_empty_mining_cart|Empty Mining Cart|Tyhjä kaivoskärry|Carrinho de Mineração Vazio|Пустая шахтерская тележка|空的礦車|金属フック|빈 광산 카트|Leerer Bergbaukarren|Chariot minier vide
loot_sturdy_bamboo|Sturdy Bamboo|Tukeva bambu|Bambu Robusto|Прочный бамбук|結實的竹子|永遠の聖杯|튼튼한 대나무|Stabiler Bambus|Bambou robuste
loot_aki_workbench|Aki's Workbench|Akin työpöytä|Bancada de Aki|Верстак Аки|Aki的工作台|失われた魂|아키의 작업대|Akis Werkbank|L'établi d'Aki
loot_spiderweb|Thick Spiderweb|Paksu hämähäkinverkko|Teia Grossa de Aranha|Толстая паутина|厚厚的蜘蛛網|永遠の印 |두꺼운 거미줄|Dickes Spinnennetz|Toile d'araignée épaisse
loot_metal_hook|Metal Hook|Metallinen koukku|Gancho de Metal|Металлический Крюк|金屬鉤||금속 갈고리|Metallhaken|Crochet en métal
loot_eternal_chalice|The Eternal Chalice|Ikuinen malja|O Cálice Eterno|Вечная Чаша|永恆的聖杯||영원한 성배|Der ewige Kelch|Le Calice Éternel
loot_soul|Lost Soul|Kadonnut sielu|Alma Perdida|Потерянная душа|迷失的靈魂||잃어버린 영혼|Verlorene Seele|Âme égarée
loot_sealed_grave|Seal of Eternity|Ikuisuuden sinetti |Selo da Eternidade|Печать Вечности|永恆印記 |アイテムを売る|영원의 인장|Siegel der Ewigkeit |Sceau de l'Éternité
|||||||||||
[Marketplace]|||||||||||
sell_item|Sell item|Myy esine|Vender item|Продать|出售物品|探す|아이템 판매|Gegenstand verkaufen|Vendre un objets
buy_item|Buy item|Osta esine|Comprar item|Купить|購買商品|ソート|아이템 구매|Gegenstand kaufen|Acheter un objets
remove_item|Remove item|Poista esine|Remover item|Убрать|下架物品|アイテムを入手する|아이템 제거|Gegenstand entfernen|Retirer un objets
claim_rubies|Claim rubies|Lunasta rubiinit|Reivindicar rubis|Получите рубины|領取紅寶石|私のリスト|루비 받기|Rubine auszahlen|Récupérer des rubis
search|Search|Haku|Pesquisar|Поиск|搜尋|タイプ|검색|Suche|Recherche
sort|Sort|Lajittele|Ordenar|Сортировать|排序|ダメージタイプ|종류|Sortieren|Trier
get_items|Get items|Hae esineet|Obter itens|Получить предметы|獲取物品|希少性|아이템 받기|Gegenstände einholen|Obtenir des objets
get_own_items|My listings|Omat esineet|Meus anúncios|Мои объявления|我的列表|期限切れ|내 목록|Meine Angebote|Mes offres
type|Type|Tyyppi|Tipo|Тип|類型|単位：百万円|유형|Art|Type
damage_type|Damage type|Vahinkotyyppi|Tipo de dano|Тип урона|傷害類型||데미지 유형|Schadensart|Type de dégâts
rarity|Rarity|Harvinaisuus|Raridade|Редкость|稀有度||희귀도|Seltenheit|Rareté
expired|Expired|Vanhentunut|Expirado|Истекший|已過期|市場で商品を販売しました|만료 됨|Abgelaufen|Expiré
unit_price|Unit Price|Yksikköhinta|Preço Unitário|Цена за единицу товара|單價|市場で期限切れのアイテムがあります|개당 가격|Stückpreis|Prix unitaire
listed|Listed|Listattu|Listado||上架於|販売完了時に7％の税金|리스트||
bought|Bought|Ostettu |Comprado||買賣於|マーケットプレイスへの接続に失敗しました。|구매함||
market_items_sold|You have sold items in the market|Sinulla on myytyjä tuotteita marketissa|Você vendeu itens no mercado|Вы продали предметы на рынке|您有一件商品在市場上售出|検索条件やフィルターを適用して、検索結果を絞り込むことができます。|시장에서 품목을 판매했습니다.|Du hast Gegenstände auf dem Markt verkauft|Vous avez vendu des objets au marché
market_items_expired|You have expired items in the market|Sinulla on vanhentuneita tuotteita marketissa|Você tem itens expirados no mercado|У вас есть просроченные товары на рынке|您有商品已過期了|現在の基準では、これ以上の結果は見つかりませんでした。|시장에서 만료 된 항목이 있습니다.|Du hast abgelaufene Gegenstände auf dem Markt|Vous avez des articles expirés sur le marché
market_tax|7% tax on sale completion|7% vero myynnin päätöksessä|7% de imposto sobre a conclusão da venda|Налог 7% на завершение продажи|完成交易後需繳交7％稅金|一度に10個のアイテムを販売することができます。|판매 완료시 7 % 세금|7% Steuer bei Abschluss des Verkaufs|Taxe de 7% sur la réalisation de la vente
market_connect|Connection to the marketplace failed.|Yhteys markkinapaikalle epäonnistui.|A conexão com o mercado falhou.|Не удалось подключиться к торговой площадке.|與市場的連結失敗。|購入者からの確認待ち |장터에 연결하지 못했습니다.|Die Verbindung zum Marktplatz ist fehlgeschlagen.|Échec de la connexion au marché.
market_limit_reached|Apply search terms or filters to narrow your results.|Aseta hakutermejä tai suodattimia tuloksien kaventamiseksi.|Aplique termos de busca ou filtros para restringir seus resultados.|Примените условия поиска или фильтры, чтобы сузить результаты.|請使用搜尋條件或過濾器來縮小結果。|タレシエルマーケットプレイスへようこそ|검색어나 필터를 적용하여 결과를 좁히세요.|Wende Suchbegriffe oder Filter an, um die Ergebnisse einzugrenzen.|Appliquez des termes de recherche ou des filtres pour affiner vos résultats.
market_list_filled|No more results found with current criteria.|Enempää tuloksia ei löytynyt nykyisillä kriteereillä.|Não foram encontrados mais resultados com os critérios atuais.|Больше результатов по текущим критериям не найдено.|當前條件下找不到更多結果。|税金は、商品を出品する際には1％、売れた商品をクレームする際には10％です。|현재 기준으로 더 이상 결과가 없습니다.|Keine weiteren Ergebnisse mit aktuellen Kriterien gefunden.|Aucun autre résultat n'a été trouvé avec les critères actuels.
market_send_full|You can sell 10 items at a time|Voit myydä 10 tuotetta kerrallaan|Você pode vender 10 itens de cada vez|Вы можете продать 10 предметов одновременно|您可以一次出售10件物品|30日以上経過したリスティングは、クレームやリコールがない場合、永久に削除されます。|한 번에 10개의 품목을 판매할 수 있습니다.|Du kannst höchstens 10 Gegenstände auf einmal verkaufen|Vous pouvez vendre 10 objets à la fois
market_pending|Pending confirmation from the buyer|Odottaa ostajan vahvistusta|Aguardando confirmação do vendedor|Ожидание подтверждения от покупателя|等待買家確認中 |ネットワーク通信データが失われました。マーケットプレイスは閉じられます。 |구매자의 확인 대기 중|Ausstehende Bestätigung vom Käufer|En attente de la confirmation de l'acheteur
market_instructions_welcome|[c_coin]Welcome to the Tarethiel Marketplace|[c_coin]Tervetuloa Tarethielin Markettiin|[c_coin]Bem vindo ao Mercado de Tarethiel|[c_coin]Добро пожаловать на рынок Таретиэля|[c_coin]歡迎來到Tarethiel市場|マーケットは現在閉まっています。しばらくしてからもう一度お試しください。 |[c_coin]타레시엘 시장에 오신 것을 환영합니다.|Willkommen auf dem Tarethiel-Marktplatz|Bienvenue sur le marché Tarethiel
market_instructions_tax|The tax is 1% when listing items and 10% when claiming a sold listing.|Vero on 1%, kun listataan esineitä, ja 10%, kun lunastetaan myytyjä esineitä.|O imposto é de 1% ao listar itens e 10% ao reivindicar uma listagem vendida.|Налог составляет 1% при выставлении лота на продажу и 10% при заявлении о продаже товара.|上架物品時的稅率為1％， 成功出售後的稅率為10％。|このアイテムを廃棄してもよろしいですか? 廃棄すると、アイテムは永久に破壊されます。|세금은 품목을 등록할 때 1%이고 판매된 목록을 청구할 때 10%입니다.|Die Steuer beträgt 1 % beim Einstellen von Gegenständen und 10 % bei der Reklamation eines verkauften Gegenstands.|La taxe s'élève à 1 % lors de la mise en vente d'articles et à 10 % lors de la réclamation d'une vente.
market_instructions_expiration|Listings that are older than 30 days will be permanently deleted if they are not claimed or recalled.|Yli 30 päivää vanhat ilmoitukset poistetaan pysyvästi, jos niitä ei lunasteta tai kerätä takaisin.|As listagens com mais de 30 dias serão permanentemente apagadas se não forem reivindicadas ou recuperadas.|Объявления старше 30 дней будут удалены без возможности восстановления, если на них не будут заявлены права или они не будут отозваны.|超過30天的掛單將在未被領取或撤回的情況下被永久刪除。|キーの請求|30일이 지난 목록은 청구 또는 회수되지 않으면 영구적으로 삭제됩니다.|Einträge, die älter als 30 Tage sind, werden dauerhaft gelöscht, wenn sie nicht beansprucht oder zurückgerufen werden.|Les annonces datant de plus de 30 jours seront définitivement supprimées si elles ne sont pas réclamées ou rappelées.
market_critical_error|Network communication data was lost. The Marketplace will be closed.|Verkkoyhteys katkaistu. Marketti suljetaan.|Os dados de comunicação da rede foram perdidos. O Mercado será fechado.|Данные сетевой связи были потеряны. Торговая площадка будет закрыта.|網絡通訊數據丟失。 市場將被關閉。 |請求|네트워크 통신 데이터가 손실되었습니다. 장터가 닫힙니다. |Netzwerkkommunikationsdaten gingen verloren. Der Marktplatz wird geschlossen. |Les données de communication réseau ont été perdues. La Marketplace sera fermée. 
market_closed|Market is currently closed. Please try again later.|Markkinat ovat tällä hetkellä kiinni. Yritä myöhemmin uudelleen. |O mercado está fechado no momento. Tente novamente mais tarde. |Рынок в настоящее время закрыт. Пожалуйста, попробуйте еще раз позже. |市場目前關閉。請稍後重試。 |チャレンジ ダンジョン|현재 시장이 닫혔습니다. 나중에 다시 시도해 주세요. |Der Markt ist derzeit geschlossen. Bitte versuchen Sie es später erneut. |Le marché est actuellement fermé. Veuillez réessayer plus tard. 
steam_scrap_confirm|Are you sure you want to scrap this item? This will cause the item to be permanently destroyed. |Oletko varma että haluat tuhota tämän esineen? Esine tuhoutuu tällöin pysyvästi.|Tem certeza que gostaria de sucatear este item? Isto fará com que o item seja destruído permanentemente.| Вы уверены, что хотите удалить этот предмет? Это приведет к окончательному уничтожению предмета.|您確定要銷毀這個物品嗎？這將永久摧毀該物品。|開く|정말로 이 아이템을 폐기하시겠습니까? 그러면 아이템이 영구적으로 파괴됩니다. |Möchten Sie diesen Gegenstand wirklich verschrotten? Dadurch wird der Gegenstand dauerhaft zerstört. |Etes-vous sûr de vouloir supprimer cet objet ? Cela entraînera sa destruction permanente. 
claim_keys|Claim keys|Lunasta avaimet|Reivindicar chaves|Получить ключи|領取鑰匙|オーバーライド|키 요청|Schlüssel beanspruchen|Clés de réclamation
claim|Claim |Lunasta |Reivindicar|Забрать|領取|アビリティ|요청|Beanspruchen |Réclamation
challenge_dungeon|Challenge Dungeon|Haastetyrmä|Masmorra do Desafio|Испытание подземелья|挑戰地下城|送信|던전 도전|Herausforderungsdungeon|Donjon de défi
open|Open|Avaa|Abrir |Открыть|打開|受信者|열기|Öffnen|Ouvert
overrides|Overrides|Kumoaa|Substitui|Переопределения|覆蓋|タイトル|재정의|Überschreibt|Remplacements
ability|Ability|Taito|Habilidade|Способность|能力|新しいメールの送信|능력|Fähigkeit|Capacité
mail_send|Send|Lähetä|Enviar|Отправлять|發送|メールボックス|보내기|Senden|Envoyer
mail_recipient|Recipient|Vastaanottaja|Destinatário|Получатель|收件人|このメールを削除してもよろしいですか? 元に戻すことはできません。|수신자|Empfänger|Destinataire
mail_title|Title|Otsikko|Título|Заголовок|標題|カオス タワーのハイスコア|제목|Titel|Titre
mail_send_new|Send new mail|Lähetä uusi kirje|Enviar novo e-mail|Отправить новое письмо|發送新郵件|シーズン 1 でレベル 100 に到達|새 메일 보내기|Neue E-Mail senden|Envoyer un nouveau courrier
mailbox|Mailbox|Postilaatikko|Caixa Postal|Почтовый ящик|郵箱|アカウントのゴールド制限を超えてしまいます!|사서함|Mailbox|Boîte aux lettres
mailbox_closed|Mailbox is currently closed. Please try again later.||||郵箱目前已關閉。請稍後重試||||
mailbox_send_limit|Please wait for a while before sending additional mails.|Odota hetki ennen kuin lähetät lisää sähköposteja. |Aguarde alguns instantes antes de enviar mais e-mails. |Пожалуйста, подождите некоторое время, прежде чем отправлять дополнительные письма. |請稍等片刻後再發送其他郵件。。 |追加のメールを送信する前に、しばらくお待ちください。 |추가 메일을 보내기 전에 잠시 기다려 주십시오. |Bitte warten Sie eine Weile, bevor Sie weitere E-Mails senden.|Veuillez patienter un peu avant d'envoyer d'autres courriels. |Por favor, espere un momento antes de enviar más correos electrónicos. |Poczekaj chwilę przed wysłaniem dodatkowych maili.
mail_delete_prompt|Are you sure you want to delete this mail? This cannot be undone.|Haluatko varmasti poistaa tämän kirjeen? Kirje tuhoutuu tällöin pysyvästi.|Você tem certeza de que deseja deletar esse mail? Isto não pode ser desfeito.|Вы уверены, что хотите удалить это письмо? Это действие нельзя отменить.|您確定要刪除這封郵件嗎？此操作無法撤銷。|ゴールド上限に達しました!|이 메일을 삭제하시겠습니까? 취소할 수 없습니다.|Möchten Sie diese E-Mail wirklich löschen? Dies kann nicht rückgängig gemacht werden.|Êtes-vous sûr de vouloir supprimer ce courrier ? Cette opération ne peut pas être annulée.
chaos_tower_highscores|Chaos Tower Highscores|Chaos Tower Ennätykset|Placar de Líderes da Torre do Caos|Рекорды Chaos Tower|混沌塔最高分|メールを請求できませんでした。ゴールド制限に達しました!|카오스 타워 최고 기록|Chaos Tower Highscores|Meilleurs scores de la Tour du Chaos
season_first_to_100|Season first to level 100|Kausi ensimmäinen tasolle 100|Primeiro Nível 100 da Temporada|Сезон первый до 100-го уровня|賽季模式第一個升至100級|フェリーに乗るには、すべてのプレイヤーが参加している必要があります! |시즌 최초로 100레벨 달성|Saisonerster auf Level 100|Premier de la saison au niveau 100
gold_cap_trade|You would go over the account's gold limit!|Ylittäisit tilin kultarajan!|Você ultrapassaria o limite de ouro da conta!|Вы превысите лимит золота аккаунта!|您將超出帳號的黃金限額！||계정의 골드 한도를 초과합니다!|Sie würden das Goldlimit des Kontos überschreiten!|Vous dépasseriez la limite d'or du compte !
gold_cap_reached|Gold cap reached!|Kultahattu saavutettu!|O limite de ouro foi atingido!|Достигнут лимит золота!|達到黃金上限！||골드 상한에 도달했습니다!|Goldgrenze erreicht!|Plafond d'or atteint !
mail_claim_gold_limit|Mail could not be claimed. Gold limit reached!|Postia ei voitu lunastaa. Kultaraja saavutettu!|Não foi possível reivindicar o mail. O limite de ouro foi atingido!|Почта не может быть получена. Достигнут лимит золота!|郵件無法領取。黃金上限已達！|コーギー|메일을 청구할 수 없습니다. 골드 한도에 도달했습니다!|E-Mail konnte nicht beansprucht werden. Goldlimit erreicht!|Le courrier n'a pas pu être réclamé. Limite d'or atteinte !
mail_claim_all|Claim All|||Получить все|全部領取||모두 받기|||Reclamar Todo|
market_filter_reset|Reset Filters|Nollaa suodattimet |Redefinir filtros |Сбросить фильтры |重置篩選條件|フィルターをリセット|필터 리셋|Filter zurücksetzen|Réinitialiser les filtres |Restablecer filtros |Resetuj filtry
favorites|Favorites|Suosikit|Favoritos |Избранное |收藏夾 |お気に入り |즐겨찾기 |Favoriten|Favoris |Favoritos |Ulubione
|||||||||||
[Companions]|||||||||||
companion_name_1|Corgi|Corgi|Corgi|Корги|柯基犬|ドードー|코기|Corgi|Corgi
companion_name_2|Turtle|Kilpikonna|Tartagura|Черепаха|烏龜|サーペンギン|거북이|Schildkröte|Tortue
companion_name_3|Slime|Lima|Slime|Слизь|史萊姆|ランダムなガチョウ|슬라임|Schleim|Slime
companion_name_4|Stickman Steve|Teemu Tikku-Ukko|Stickman Steve|Стикмен Стив|火柴人史蒂夫|赤ちゃんサボテン|막대인간 스티브|Strichmännchen Steve|Stickman Steve
companion_name_5|Dodo|Dodo|Dodo|Додо|渡渡鳥|不気味な怖いスケルトン|도도|Dodo|Dodo
companion_name_6|Sir Penguin|Herra Pingviini|Sir Penguin|Сэр пингвин|企鵝先生|黒猫|펭귄 경|Sir Pinguin|Sir Pingouin
companion_name_7|Random Goose|Satunnainen Hanhi|Ganso Aleatório|Гусь Дмитрий|鵝隨機|フローティングパンプキンヘッド|무작위 거위|Ziellose Gans|Oie aléatoire
companion_name_8|Baby Cactus|Vauva Kaktus|Cacto Bebê|Малышь кактус|小仙人掌|雪だるま|아기 선인장|Babykaktus|Bébé cactus
companion_name_9|Spooky Scary Skeleton|Kammottava Luuranko|Esqueleto Assustador Assombrad|Жуткий и страшный скелет|詭異可怕的骷髏|妖精|으스스한 무서운 해골|Gruseliges Skelett|Squelette sinistre
companion_name_10|Black Cat|Musta Kissa|Gato Preto|Черная кошка|黑猫|ルドルフ|검은 고양이|Schwarze Katze|Chat noir
companion_name_11|Floating Pumpkin Head|Leijuva Kurpitsapää|Cabeça de Abóbora Flutuante|Плавающая тыквенная голова|漂浮南瓜頭|ヘリコプタードローン|떠 다니는 호박 머리|Schwebender Kürbiskopf|Tête de citrouille flottante
companion_name_12|Snowman|Lumiukko|Boneco de Neve|Снеговик|雪人|クロックワーク・ドラゴン|눈사람|Schneemann|Bonhomme de neige
companion_name_13|Elf|Tonttu|Elfo|Эльф|小精靈|スチームパワーウルフ|엘프|Elf|Elfe
companion_name_14|Rudolph|Petteri|Rudolph|Рудольф|魯道夫|木製のクモ型ロボット|루돌프|Rudolf|Rudolph
companion_name_15|Helicopter Drone|Helikopteri Drone|Drone Helicóptero|Дрон|直升機無人機|ミニカオスタワー|헬리콥터 드론|Hubschrauberdrohne|Drone hélicoptère
companion_name_16|Clockwork Dragon|Kellopelilohikäärme|Dragão Mecânico|Механический дракон|發條龍|天の鳩|클락워크 드래곤|Uhrwerk-Drache|Dragon mécanique
companion_name_17|Steam Powered Wolf|Höyryvoimasusi|Lobo Movido a Vapor|Стимпанк волк|蒸汽動力狼|永遠の守護者|스팀파워드 울프|Dampfkraftwolf|Loup à vapeur
companion_name_18|Wooden Spiderbot|Puinen hämähäkkirobotti|Robô-aranha de Madeira|Деревянный робот-паук|木質蜘蛛機器人|天使騎士団の誇り|나무 거미 로봇|Ein hölzerner Spinnenroboter|Un robot araignée en bois
companion_name_19|Mini Chaos Tower|Minikaaostorni|Mini Torre do Caos|Мини-Башня Хаоса|迷你混沌之塔|天使と悪魔|미니 카오스 타워|Mini-Chaosturm|Mini-tour du chaos
companion_name_20|Heavenly Dove|Taivaallinen kyyhkynen|Pombo Celestial|Небесный голубь|天鴿|失われた魂|하늘의 비둘기|Himmlische Taube|Colombe céleste
companion_name_21|Eternal Protector|Ikuinen suojelija|Protetor Eterno|Вечный защитник|永恆守護者|装甲シロクマ|영원한 수호자|Ewiger Beschützer|Protecteur éternel
companion_name_22|Pride of the Order of Angels|Enkeliritarien ylpeys|Orgulho da Ordem dos Anjos|Гордость Ордена Ангелов|天使騎士團的驕傲|バーニングサーバー|천사 질서의 긍지|Stolz der Engelsritter|Fierté des Chevaliers Anges
companion_name_23|Angel & Devil|Enkeli & Piru|Anjo & Demônio|Ангел Дьявол|天使和魔鬼|レイヴン|천사와 악마|Engel & Teufel|Ange et Diable
companion_name_24|Lost Soul|Eksynyt sielu|Alma Perdida|Потерянная душа|失落之魂|クマ|잃어버린 영혼|Eine verlorene Seele|Une âme perdue
companion_name_25|Armored Polar|Panssarijääkarhu|Polar Blindado|Бронированный Полярный|極地裝甲熊|フェンリル |무장한 북극곰|Gepanzerter Eisbär|Ours polaire blindé
companion_name_26|Burning Server|Palava Palvelin|Servidor Queimando|Горящий сервер|燃燒的伺服器|シャドウウルフ |타오르는 서버|Brennserver|Serveur de gravure
companion_name_27|Raven|Korppi|Corvo|Ворон|烏鴉|リトル・プロフェット|까마귀|Rabe|Corbeau
companion_name_28|Grizzly Bear|Karhu|Urso Pardo|Медведь гризли|灰熊|モルテン・ドレイク|그리즐리 베어|Tragen|Ours
companion_name_29|Fenrir|Fenrir|Fenrir|Фенрир|芬里爾 |堕落したカラス|펜릴|Fenrir |Fenrir 
companion_name_30|Shadow Wolf|Varjosusi|Lobo das Sombras|Тень волка|暗影之狼 |召喚獣|섀도우 울프|Schattenwolf |Loup d'ombre
companion_name_31|Lil' Prophet|Pikkuprofeetta|Lil’ Prophet|Маленький пророк|小先知|アリス|작은 예언자|Kleiner Prophet|Petit prophète
companion_name_32|Molten Drake|Laavalohikäärme|Dragão Fundido|Раскаленный дракон|熔火幼龍|ブラック・ゴート|용암 드레이크|Geschmolzener Drache|Drake en fusion
companion_name_33|Corrupted Crow|Korruptoitunut varis|Corvo Corrompido|Испорченная ворона|腐化烏鴉|儀式の仮面|부패한 까마귀|Verdorbene Krähe|Corbeau corrompu
companion_name_34|Summoned Beast|Manattu peto|Besta Invocada|Призванный зверь|召喚獸|クロマ・ウルフ|소환된 짐승|Beschworenes Biest|Bête invoquée
companion_name_35|Alice|Aliisa|Alice|Алиса|愛麗絲|パグ|앨리스|Alice|Alice
companion_name_36|Black Goat|Musta pässi|Bode Preto|Черная коза|黑山羊|ボーバー|검은 염소|Schwarze Ziege|Chèvre noire
companion_name_37|Ritual Mask|Rituaalimaski|Máscara de Ritual|Ритуальная маска|儀式面具|モンキー|의식 가면|Ritualmaske|Masque rituel
companion_name_38|Chroma Wolf|Chroma Wolf|Lobo Cromado|Хромированный волк|彩度狼|アストラル・ディア|크로마 울프|Chroma-Wolf|Loup chroma
companion_name_39|Pug|Mopsi|Pug|Мопс|哈巴狗|セレスティアル・レイヴン|퍼그|Mops|Carlin
companion_name_40|Bober|Bober|Bober|Бобер|鮑勃|セレスティアル・ライオン|보버|Bober|Bober
companion_name_41|Monkey|Apina|Macaco|Обезьяна|猴子|セレスティアル・ドラゴン|원숭이|Affe|Singe
companion_name_42|Astral Deer|Astral Deer|Cervo Astral|Астральный олень|星光鹿|スフィンクス |아스트랄 사슴|Astralhirsch|Cerf astral
companion_name_43|Celestial Raven|Taivaallinen korppi|Corvo Celestial|Небесный ворон|天界烏鴉|脳腐れ猫|천상의 까마귀|Himmlischer Rabe|Corbeau céleste
companion_name_44|Celestial Lion|Taivaallinen leijona|Leão Celestial|Небесный лев|天界獅子|デーモンホーン執行官|천상의 사자|Himmlischer Löwe|Lion céleste
companion_name_45|Celestial Dragon|Taivaallinen lohikäärme|Dragão Celestial|Небесный дракон|天界龍|カオスマトン|천상의 드래곤|Himmlischer Drache|Dragon céleste
companion_name_46|Sphinx|Sfinksi |Esfinge |Сфинкс |斯芬克斯|デーモンシープ|스핑크스|Sphinx |Sphinx 
companion_name_48|Brainrot Cat|Brainrot Cat|Gato Cerebral Podre|Мозгогнилой кот|Oiiaioiiiai旋轉貓|カピバラ |정신나간 고양이|Hirnfäule-Katze|Chat pourri
companion_name_49|Demonhorn Enforcer|Demonhorn Enforcer|Executor Chifre Demoníaco|Демонрог-инфорсер|惡魔角執法者||악마뿔 집행자|Dämonenhorn-Vollstrecker|Exécuteur de cornes démoniaques
companion_name_50|Chaos Mutton|Chaos Lampaanlihaa|Carneiro do Caos|Баран Хаоса|混沌羊肉|天使界|혼돈 용암|Chaos-Hammel|Mouton du chaos
companion_name_51|Demon Sheep|Demonilammas|Ovelha Demoníaca|Демон-овца|惡魔羊|強化|악마 양|Dämonenschaf|Mouton démoniaque
companion_name_52|Capybara|Capybara |Capivara |Капибара |卡皮巴拉 |アーマー強化|카피바라|Capybara |Capybara 
companion_name_53|Draexna|Draexna|Draexna|Драична |德雷克斯納 |ドライチナ |드라이치나 |Draexna|Draexna|Draexna|Draexna
companion_name_54|Ether Mimic|Eetterin Matkija|Mímico do Éter |Эфирный Мимик |乙太寶箱怪|エーテルミミック |에테르 모방자 |Äther-Nachahmer|Mimique de l'éther |Mímica de éter |Ether Mimik
companion_name_55|Gecko|Gecko|Gecko|Геккон|壁虎|ヤモリ|게코|Gecko|Gecko|Gecko|Gekon
companion_name_56|Glorp|Glorp|Glorp|Глорп|葛洛普|グロルプ|글롭|Glorp|Glorp|Glorp|Glorp
companion_name_57|Fluffy|Pörröinen |Fofinho |Пушистый |毛茸茸 |ふわふわ |푹신푹신한 |Flauschig|Fluffy |Esponjoso |Puszysty
companion_name_58|Lil’ Worm||Minhoca |Маленький червяк|小蟲子|リル・ワーム |릴 웜|Kleiner Wurm |Petit Ver |Gusanín|Mały Robaczek 
|||||||||||
angelic_realm_tutorial_1_header|Angelic Realm |Enkelimaailma |Reino Angelical|Ангельское царство |天使領域|天使の鍵 |천사의 영역 |Engelreich|Royaume angélique
angelic_realm_tutorial_2_header|Augments |Lisäykset |Aprimoramentos|Усиления |強化|[c_coin]天使の領域[c_reset]は、強力な強化機能でボディアーマーを強化できる領域です。[nl]強化されたボディアーマーを着用している間、強化機能はアクティブになります。[nl] [c_coin]準備してください！[c_reset]領域に入るには[c_coin]天使の鍵[c_reset]が必要で、訪問ごとに[c_red]1つのアクション[c_reset]、強化、または強化アップグレードのみ実行できます。 |강화 |Erweiterungen|Augmentations
angelic_realm_tutorial_3_header|Armor Augment|Panssarin lisäys|Aprimoramentos de Armadura|Усиление брони|賦予護甲強化|アーマーの強化では、[c_coin]強化[c_reset]をアーマーに適用でき、プールからランダムに2つの選択肢が選ばれます。既存の強化はいつでも置き換えることができますが、以前の強化からアップグレードしたレベルは保持されません。[nl]強化のアップグレードでは、天使の鍵を消費することで、どの強化もレベルアップできます。[nl]すべての異なる強化を表示するには、[c_heroic]ジャーナル[c_reset]にアクセスし、[c_coin]強化[c_reset]タブを開きます。 |갑옷 강화|Rüstungserweiterung|Augmentation d'armure
angelic_realm_tutorial_4_header|Augment Upgrade |Lisää päivitystä |Melhoria de Aprimoramentos|Улучшение усиления |升級護甲強化等級|[c_coin]正義の天使[c_reset]と話すと、2つの選択肢が提供されます: [c_coin]アーマー増強[c_reset]と[c_coin]増強アップグレード[c_reset]。[nl] [c_coin]アーマー増強[c_reset]オプションを選択すると、領域の左側のゲートへのパスが開き、ゲートの後ろにある[c_coin]チェスト[c_reset]への通路が開きます。 チェストには、増強するボディアーマーを挿入するためのスロットが開きます。 [nl]チェストには増強の2つのオプションがあり、どちらかを選択できます。[nl] 5つの追加キーの追加料金を支払うと、リストから[c_coin]任意の増強[c_reset]を選択して適用できます。 [c_red]天使の領域に入り、チェストを開く準備をしてください！[c_reset] チェストは開くと消費されます。つまり、増強を適用せずにチェストから出ると、チェストと入室時に使用したキーは[shake_word][c_red]消費[c_reset][shake_reset]され、再び天使の領域に入るには別のキーが必要になります。 |강화 업그레이드 |Erweiterungsupgrade|Mise à niveau d'augmentation
angelic_realm_tutorial_5_header|Angelic Keys |Enkeliavaimet |Chaves Angelicais|Ангельские ключи |天使鑰匙 |[c_coin]正義の天使[c_reset]と話すと、[c_coin]鎧強化[c_reset]と[c_coin]強化アップグレード[c_reset]の2つの選択肢が提示されます。[c_coin]強化アップグレード[c_reset]を選択すると、領域の右側のゲートへの道が開き、ゲートの後ろにある[c_coin]チェスト[c_reset]に通ることができます。[nl]チェストには、既存の[c_coin]強化[c_reset]が付いたボディアーマーを挿入するためのスロットが開きます。[c_coin]強化[c_reset]をアップグレードするには、アップグレードごとに増加する追加の[c_coin]天使の鍵[c_reset]が必要です。すべての [c_coin]Augments[c_reset] の最大レベルは [c_heroic]7[c_reset] で、それ以上アップグレードすることはできません。[nl] [c_red]天使の領域に入り、宝箱を開ける準備をしてください![c_reset] 宝箱は一度開くと消費されます。つまり、[c_coin]Augment Upgrades[c_reset] を適用せずに宝箱から出ると、宝箱と鍵は [shake_word][c_red]消費され[c_reset][shake_reset]、天使の領域に再び入るには別の鍵が必要になります。 |천사의 열쇠 |Engelsschlüssel |Clés angéliques 
angelic_realm_tutorial_1_text|[c_coin]Angelic Realm[c_reset] is a realm that allows you to Augment your Body Armor with powerful augments.[nl] While wearing an Augmented Body Armor, the augment is active.[nl] [c_coin]Be ready![c_reset] You need an [c_coin]Angelic Key[c_reset] to enter the realm and only [c_red]one action[c_reset], Augmentation or Augment Upgrade can be performed per visit. |[c_coin]Angelic Realm[c_reset] on valtakunta, jonka avulla voit täydentää panssariasi tehokkailla lisäyksillä.[nl] Kun käytät lisättyä vartalopanssaria, lisäys on aktiivinen.[nl] [c_coin]Ole valmis![c_reset] Tarvitset [c_coin]Angelic Key[c_reset]-toiminnon [c_reset], [c_reset] [c_reset]-toiminnon syöttämiseen. Lisäys tai Augment Upgrade voidaan suorittaa käyntiä kohden. |O [c_coin]Reino Angelical[c_reset] é um reino que permite Aprimorar sua armadura corporal com poderosos aprimoramentos.[nl] Os Aprimoramentos têm como alvo algumas de suas habilidades exclusivas e, ao usar uma Armadura Corporal Aprimorada para uma habilidade, ela ficará mais forte. [c_coin] Esteja preparado! [c_reset] Você precisa de uma [c_coin]Chave Angelical[c_reset] para entrar no reino e somente [c_red]uma ação[c_reset], Aprimoramento ou Melhoria de Aprimoramento pode ser realizada por visita. |[c_coin]Ангельский мир[c_reset] — это мир, который позволяет вам улучшать свой бронежилет с помощью мощных аугментаций.[nl] Пока вы носите улучшенный бронежилет, аугментация активна.[nl] [c_coin]Будьте готовы![c_reset] Для входа в мир вам понадобится [c_coin]Ангельский ключ[c_reset], и за одно посещение можно выполнить только [c_red]одно действие[c_reset] — улучшение или улучшение аугментации. |[c_coin]天使領域[c_reset]是一個允許您用強大的增強物增強您的護甲的領域。 [nl]增強物針對您的一些獨特技能，當您穿著增強護甲進行技能時，它會變得更強大。 [nl] [c_coin]準備好了！ [c_reset]您需要一個[c_coin]天使鑰匙[c_reset]進入該領域，每次訪問只能進行[c_red]一個動作[c_reset]，賦予增強或升級增強。 |[c_coin]天使の鍵[c_reset]は[shake_word][c_red]堕天使[c_reset][shake_reset]からのみドロップします。[nl] 彼らは地獄難易度の世界のどこにでもいる強力な敵です。 彼らの周りにある[c_ylow]黄金のオーラ[c_reset]で見分けることができます。[nl] 1つの[c_coin]天使の鍵[c_reset]は、[c_coin]天使の領域[c_reset]への[shake_word][c_red]1回の[c_reset][shake_reset]訪問を許可します。[nl] ヘイムダルが[shake_word][c_ylow]ビフレスト[c_reset][shake_reset]経由での通過を許可した場合、鍵なしで[c_coin]天使の領域[c_reset]にアクセスすることもできます！ |[c_coin]천사의 영역[c_reset]은 강력하게 방어구를 강화할 수 있는 영역입니다.[nl] 강화된 신체 방어구를 착용하는 동안 강화가 활성화됩니다.[nl] [c_coin]준비하세요![c_reset] 영역에 들어가려면 [c_coin]천사의 열쇠[c_reset]가 필요하며 방문당 [c_red]한 가지 액션[c_reset]인 강화 또는 강화 업그레이드만 수행할 수 있습니다. |[c_coin]Angelic Realm[c_reset] ist ein Reich, in dem Sie Ihre Körperpanzerung mit mächtigen Augmentationen verbessern können.[nl] Beim Tragen einer verbesserten Körperpanzerung ist die Augmentation aktiv.[nl] [c_coin]Seien Sie bereit![c_reset] Sie benötigen einen [c_coin]Angelic Key[c_reset], um das Reich zu betreten, und pro Besuch kann nur [c_red]eine Aktion[c_reset], Augmentation oder Augment-Upgrade, durchgeführt werden. |[c_coin]Le Royaume angélique[c_reset] est un royaume qui vous permet d'augmenter votre armure corporelle avec de puissants augments.[nl] Lorsque vous portez une armure corporelle augmentée, l'augmentation est active.[nl] [c_coin]Soyez prêt ![c_reset] Vous avez besoin d'une [c_coin]Clé angélique[c_reset] pour entrer dans le royaume et une seule [c_red]action[c_reset], Augmentation ou Mise à niveau d'augmentation, peut être effectuée par visite. 
angelic_realm_tutorial_2_text|On Armor Augment The [c_coin]Augments[c_reset] can be applied to your Armor, and you get two choices randomly pulled from the pool. You can replace an existing Augment any time, but you don’t keep any upgraded levels from the previous one,[nl] On Augment Upgrade, any Augment can be leveled up for a cost of Angelic Keys.[nl] If you wish to view all the different Augments, visit your [c_heroic]Journal[c_reset] and open the tab “[c_coin]Augments[c_reset]”.|"Panssarilisäyksessä [c_coin]Augmentit[c_reset] voidaan soveltaa panssariisi, ja saat kaksi vaihtoehtoa satunnaisesti altaalta. Voit korvata olemassa olevan Augmentin milloin tahansa, mutta et säilytä päivitettyjä tasoja edellisestä,[nl] Augment Upgrade -päivityksessä mikä tahansa lisäys voidaan tasoittaa Angelic Keys -avaimien hinnalla.[nl] Jos haluat tarkastella kaikkia eri lisäosia, käy [c_heroic]Journal[c_reset] ja avaa välilehti ""[c__co]"".c_in. "|Cada classe tem pelo menos 3 [c_coin]Aprimoramentos[c_reset] exclusivos para algumas de suas habilidades selecionadas.[nl] As [c_coin]Melhorias[c_reset] podem ser aplicadas à sua Armadura a partir do conjunto de [c_coin]Melhorias[c_reset] para [c_yellow]sua classe[c_reset]. [nl] Na melhoria de Aprimoramento, qualquer Aprimoramento de qualquer classe, independentemente da sua, pode subir de nível.[nl] Se quiser ver todos os diferentes Aprimoramentos, visite seu [c_heroic]Jornal[c_reset] e abra a guia “[c_coin]Aprimoramentos[c_reset]”.|На улучшении брони [c_coin]Улучшения[c_reset] могут быть применены к вашей броне, и вы получаете два варианта, случайно выбранных из пула. Вы можете заменить существующее улучшение в любое время, но вы не сохраняете никаких улучшенных уровней от предыдущего,[nl] На улучшении улучшения, любое улучшение может быть повышено за стоимость Angelic Keys.[nl] Если вы хотите просмотреть все различные улучшения, посетите ваш [c_heroic]Журнал[c_reset] и откройте вкладку «[c_coin]Улучшения[c_reset]». |每個職業至少有3個獨特的[c_coin]賦予增强[c_reset]用於選擇他們的一些能力。[nl]這些[c_coin]增强效果[c_reset]可以從[c_coin]增强[c_reset]池中應用於你的護甲，用於[c_yellow]你的職業[c_reset]。[nl]在賦予增强升级時，任何職業的任何增強，無論你的職業是什麼，都可以升级。[nl]如果你想查看所有不同的增强，請查看你的[c_heroic]日誌[c_reset]並打開“[c_coin]強化圖鑑[c_reset]”選項。||방어구 증강에서 [c_coin]증강[c_reset]은 방어구에 적용할 수 있으며, 풀에서 무작위로 두 가지 선택 사항을 가져옵니다. 언제든지 기존 증강을 교체할 수 있지만, 이전 증강의 업그레이드 레벨은 유지되지 않습니다.[nl] 증강 업그레이드에서는 모든 증강을 천사 열쇠를 소모하여 레벨업할 수 있습니다.[nl] 모든 증강을 보려면 [c_heroic]저널[c_reset]을 방문하여 “[c_coin]증강[c_reset]” 탭을 엽니다. |Bei Rüstungsverstärkung können die [c_coin]Verstärkungen[c_reset] auf deine Rüstung angewendet werden und du erhältst zwei zufällig aus dem Pool gezogene Auswahlmöglichkeiten. Du kannst eine vorhandene Verstärkung jederzeit ersetzen, aber du behältst keine Upgrade-Level der vorherigen.[nl] Bei Verstärkungs-Upgrades kann jede Verstärkung gegen einen Preis von Engelsschlüsseln aufgewertet werden.[nl] Wenn du alle verschiedenen Verstärkungen sehen möchtest, besuche dein [c_heroic]Journal[c_reset] und öffne die Registerkarte „[c_coin]Verstärkungen[c_reset]“. |Lors de l'augmentation d'armure, les [c_coin]Augments[c_reset] peuvent être appliqués à votre armure et vous avez deux choix tirés au hasard de la réserve. Vous pouvez remplacer un Augmentation existant à tout moment, mais vous ne conservez aucun niveau amélioré de l'Augment précédent. [nl] Lors de la mise à niveau d'Augment, n'importe quel Augmentation peut être mis à niveau pour un coût en Clés angéliques. [nl] Si vous souhaitez voir toutes les différentes Augmentations, visitez votre [c_heroic]Journal[c_reset] et ouvrez l'onglet « [c_coin]Augments[c_reset] ». 
angelic_realm_tutorial_3_text|When you talk to the [c_coin]Angel of Justice[c_reset], they offer you two choices: [c_coin]Armor Augment[c_reset] & [c_coin]Augment Upgrade[c_reset].[nl] Selecting the [c_coin]Armor Augment[c_reset] option opens the path to the left side gate of the realm and allows you passage to the [c_coin]Chest[c_reset] behind the gate. The chest opens a slot for you to insert the Body Armor of your choice to augment. [nl]The chest offers you two options for an augment, and you can choose either one.[nl] For extra cost of 5 additional keys, you can choose [c_coin]any augment[c_reset] from a list and apply it. [c_red]Be ready to enter the Angelic Realm and opening the chest![c_reset] Once the chest is opened, it is consumed. This means if you exit the chest without applying any augments, the chest and the key you entered with is [shake_word][c_red]consumed[c_reset][shake_reset], and you need another key to enter the Angelic Realm again. |Kun puhut [c_coin]Angel of Justice[c_reset]:lle, he tarjoavat sinulle kaksi vaihtoehtoa: [c_coin]Armor Augment[c_reset] ja [c_coin]Augment Upgrade[c_reset].[nl] [c_coin]Armor Augment[c_reset] -vaihtoehdon valitseminen avaa polun oikealle ja gaten vasemmalle puolelle. [c_coin]Arkku[c_reset] portin takana. Rintakehä avaa paikan, johon voit lisätä valitsemasi Body Armor -liivit. [nl]Arkku tarjoaa kaksi lisäysvaihtoehtoa, ja voit valita jommankumman.[nl] Saat 5 lisäavaimen lisähintaa valitsemalla [c_coin] minkä tahansa lisäyksen[c_reset] luettelosta ja ottaa sen käyttöön. [c_red]Ole valmis astumaan enkelimaailmaan ja avaamaan arkku![c_reset] Kun arkku on avattu, se kuluu. Tämä tarkoittaa, että jos poistut arkista käyttämättä lisäyksiä, arkku ja avain, jolla syötit, on [shake_word][c_red]consumed[c_reset][shake_reset], ja tarvitset toisen avaimen päästäksesi takaisin Enkelimaailmaan. |Quando você falar com o [c_coin]Anjo da Justiça[c_reset], ele lhe oferecerá duas opções: [c_coin]Aprimoramento de Armadura[c_reset] e [c_coin]Melhoria de Aprimoramento[c_reset]. Selecionar a opção [c_coin]Melhoria de Armadura[c_reset] abre o caminho para o portão do lado esquerdo do reino e permite que você passe para o [c_coin]Baú[c_reset] atrás do portão. O baú abre um espaço para você inserir o Peitoral de sua escolha para Aprimorar. [nl]O baú oferece duas opções de Aprimoramento, e você pode escolher qualquer uma delas.[nl] Pelo custo extra de 5 chaves adicionais, você pode escolher [c_coin]qualquer Aprimoramento[c_reset] para sua classe em uma lista e aplicá-lo. [c_red]Esteja pronto para entrar no Reino Angelical e abrir o baú![c_reset] Quando o baú é aberto, ele é consumido. Isso significa que, se você sair do baú sem aplicar nenhum aprimoramento, o baú e a chave serão [shake_word][c_red]consumidos[c_reset][shake_reset] e você precisará de outra chave para entrar no Reino Angelical novamente. |Когда вы говорите с [c_coin]Ангелом Справедливости[c_reset], они предлагают вам два варианта: [c_coin]Улучшение брони[c_reset] и [c_coin]Улучшение брони[c_reset].[nl] Выбор опции [c_coin]Улучшение брони[c_reset] открывает путь к левым воротам сферы и позволяет вам пройти к [c_coin]Сундуку[c_reset] за воротами. Сундук открывает слот для вставки доспеха по вашему выбору для улучшения. [nl]Сундук предлагает вам два варианта улучшения, и вы можете выбрать любой из них.[nl] За дополнительную плату в размере 5 дополнительных ключей вы можете выбрать [c_coin]любое улучшение[c_reset] из списка и применить его. [c_red]Будьте готовы войти в Царство Ангелов и открыть сундук![c_reset] После открытия сундука он будет использован. Это означает, что если вы выйдете из сундука, не применив никаких улучшений, сундук и ключ, с помощью которого вы вошли, будут [shake_word][c_red]использованы[c_reset][shake_reset], и вам понадобится другой ключ, чтобы снова войти в Ангельское Царство. |當你與正義天使[c_coin]交談時，他們會給你兩個選擇：[c_coin]護甲強化[c_reset]和[c_coin]升級護甲強化效果[c_reset]。 [nl]選擇[c_coin]護甲強化[c_reset]選項，打開通往領域左側大門的路徑，並允許你通過大門後面的[c_coin]寶箱[c_reset]。[nl]寶箱為你裝備強化，強化你選擇的護甲。 [nl]寶箱為你提供了兩個強化選項，你可以選擇任何一個。[nl]使用5把鑰匙，你可以從清單中選擇[c_coin]任何強化[c_reset]並應用它。 [nl][c_red]準備好進入天使領域並打開寶箱！[c_reset]一旦打開寶箱，它就會被消耗。[nl]這意味著如果你在沒有應用任何強化的情況下退出，寶箱和鑰匙將被[shake_word][c_red]消耗[c_reset][shake_reset]，你需要另一把鑰匙才能再次進入天使領域。|キャンセルするには|[c_coin]정의의 천사[c_reset]와 대화하면 두 가지 선택권을 제공합니다: [c_coin]방어구 강화[c_reset] 및 [c_coin]강화 업그레이드[c_reset].[nl] [c_coin]방어구 강화[c_reset] 옵션을 선택하면 영역의 왼쪽 문으로 가는 길이 열리고 문 뒤에 있는 [c_coin]상자[c_reset]로 이동할 수 있습니다.상자는 선택한 방어구을 삽입하여 강화할 수 있는 슬롯을 엽니다.[nl]상자는 강화를 위한 두 가지 옵션을 제공하며, 둘 중 하나를 선택할 수 있습니다.[nl] 5개의 추가 열쇠를 지불하면 목록에서 [c_coin]강화[c_reset]를 선택하여 적용할 수 있습니다.[c_red]천사 영역에 들어가 상자를 열 준비를 하세요![c_reset] 상자가 열리면 소모됩니다. 즉, 아무런 강화도 적용하지 않고 상자에서 나올 경우 상자와 들어갈 때 사용한 열쇠가 [shake_word][c_red]소모[c_reset][shake_reset]되고, 다시 천사의 영역에 들어가려면 또 다른 열쇠가 필요합니다. |Wenn Sie mit dem [c_coin]Engel der Gerechtigkeit[c_reset] sprechen, werden Ihnen zwei Möglichkeiten angeboten: [c_coin]Rüstungsverstärkung[c_reset] und [c_coin]Verstärkungs-Upgrade[c_reset].[nl] Wenn Sie die Option [c_coin]Rüstungsverstärkung[c_reset] auswählen, wird der Pfad zum linken Tor des Reiches geöffnet und Sie können zur [c_coin]Truhe[c_reset] hinter dem Tor gelangen. Die Truhe öffnet einen Schlitz, in den Sie die Körperpanzerung Ihrer Wahl zur Verstärkung einsetzen können. [nl]Die Truhe bietet Ihnen zwei Optionen für eine Verstärkung, und Sie können eine von beiden wählen.[nl] Gegen die Aufpreis von 5 zusätzlichen Schlüsseln können Sie [c_coin]eine beliebige Verstärkung[c_reset] aus einer Liste auswählen und anwenden. [c_red]Machen Sie sich bereit, das Reich der Engel zu betreten und die Truhe zu öffnen![c_reset] Sobald die Truhe geöffnet ist, wird sie verbraucht. Dies bedeutet, wenn Sie die Truhe verlassen, ohne irgendwelche Erweiterungen anzuwenden, werden die Truhe und der Schlüssel, mit dem Sie sie betreten haben, [shake_word][c_red]verbraucht[c_reset][shake_reset] und Sie benötigen einen anderen Schlüssel, um das Reich der Engel wieder zu betreten. |Lorsque vous parlez à l'Ange de la Justice, il vous propose deux choix : Augmentation d'armure et Mise à niveau d'augmentation. La sélection de l'option Augmentation d'armure ouvre le chemin vers la porte de gauche du royaume et vous permet de passer au Coffre derrière la porte. Le coffre ouvre un emplacement pour que vous puissiez insérer l'armure corporelle de votre choix pour l'augmenter. Le coffre vous offre deux options pour une augmentation, et vous pouvez choisir l'une ou l'autre. Pour un coût supplémentaire de 5 clés supplémentaires, vous pouvez choisir n'importe quelle augmentation dans une liste et l'appliquer. Soyez prêt à entrer dans le royaume angélique et à ouvrir le coffre ! Une fois le coffre ouvert, il est consommé. Cela signifie que si vous quittez le coffre sans appliquer aucune augmentation, le coffre et la clé avec laquelle vous êtes entré sont [shake_word][c_red]consumés[c_reset][shake_reset], et vous avez besoin d'une autre clé pour entrer à nouveau dans le royaume angélique. 
angelic_realm_tutorial_4_text|When you talk to the [c_coin]Angel of Justice[c_reset], they offer you two choices: [c_coin]Armor Augment[c_reset] & [c_coin]Augment Upgrade[c_reset].[nl] Selecting the [c_coin]Augment Upgrade[c_reset] option opens the path to the right side gate of the realm and allows you passage to the [c_coin]Chest[c_reset] behind the gate.[nl] The chest opens a slot for you to insert a Body Armor with existing [c_coin]Augment[c_reset] on it. Upgrading the [c_coin]Augment[c_reset] costs additional [c_coin]Angelic Keys[c_reset] increasing with each upgrade. The maximum level of all [c_coin]Augments[c_reset] is [c_heroic]7[c_reset], and they can not be upgraded over that.[nl] [c_red]Be ready to enter the Angelic Realm and opening the chest![c_reset] Once the chest is opened, it is consumed. This means if you exit the chest without applying any [c_coin]Augment Upgrades[c_reset], the chest and the key is [shake_word][c_red]consumed[c_reset][shake_reset], and you need another key to enter the Angelic Realm again.|Kun puhut [c_coin]Angel of Justice[c_reset]:lle, he tarjoavat sinulle kaksi vaihtoehtoa: [c_coin]Armor Augment[c_reset] ja [c_coin]Augment Upgrade[c_reset].[nl] Valitsemalla [c_coin]Augment Upgrade[c_reset] -vaihtoehdon voit avata polun oikealle puolelle. [c_coin]Arkku[c_reset] portin takana.[nl] Arkku avaa paikan, jossa voit asettaa panssarivartalon, jossa on olemassa oleva [c_coin]Augment[c_reset]. [c_coin]Augmentin[c_reset]:n päivittäminen maksaa ylimääräisiä [c_coin]Angelic-avaimia[c_reset], jotka kasvavat jokaisen päivityksen myötä. Kaikkien [c_coin]Augmenttien[c_reset] enimmäistaso on [c_heroic]7[c_reset], eikä niitä voi päivittää sen yli.[nl] [c_red]Ole valmis menemään enkelimaailmaan ja avaamaan arkku![c_reset] Kun arkku on avattu, se kuluu. Tämä tarkoittaa, että jos poistut arkista käyttämättä mitään [c_coin]Augment Upgrade -päivityksiä[c_reset], arkku ja avain on [shake_word][c_red]kulutus[c_reset][shake_reset], ja tarvitset toisen avaimen päästäksesi takaisin Enkelimaailmaan. |Quando você falar com o [c_coin]Anjo da Justiça[c_reset], ele lhe oferecerá duas opções: [c_coin]Aprimoramento de Armadura[c_reset]t e [c_coin]Melhoria de Aprimoramento[c_reset].[nl] Selecionar a opção [c_coin]Melhoria de Aprimoramento[c_reset] abre o caminho para o portão do lado direito do reino e permite que você passe para o [c_coin]Baú[c_reset] atrás do portão.[nl] O baú abre um espaço para você inserir um Peitoral com o [c_coin]Aprimoramento[c_reset] existente. Quando a armadura estiver dentro, você pode clicar em “[c_yellow]Melhorar[c_reset]” e o [c_coin]Aprimoramento[c_reset] sobe de nível. O nível máximo de todos os [c_coin]Aprimoramentos[c_reset] é [c_heroic]7[c_reset], e eles não podem ser aprimorados acima desse valor. [nl] [c_red]Prepare-se para entrar no Reino Angelical e abrir o baú![c_reset] Quando o baú é aberto, ele é consumido. Isso significa que se você sair do baú sem aplicar nenhuma [c_coin]Melhoria de Aprimoramento[c_reset], o baú e a chave serão [shake_word][c_red]consumidos[c_reset][shake_reset] e você precisará de outra chave para entrar no Reino Angelical novamente.|Когда вы говорите с [c_coin]Ангелом Справедливости[c_reset], они предлагают вам два варианта: [c_coin]Улучшение Брони[c_reset] и [c_coin]Улучшение Улучшения[c_reset].[nl] Выбор опции [c_coin]Улучшение Улучшения[c_reset] открывает путь к правым воротам королевства и позволяет вам пройти к [c_coin]Сундуку[c_reset] за воротами.[nl] Сундук открывает слот для вставки Бронежилета с существующим [c_coin]Улучшением[c_reset] на нем. Улучшение [c_coin]Улучшения[c_reset] стоит дополнительных [c_coin]Ангельских Ключей[c_reset], которые увеличиваются с каждым улучшением. Максимальный уровень всех [c_coin]Augments[c_reset] - [c_heroic]7[c_reset], и их нельзя улучшить выше этого.[nl] [c_red]Будьте готовы войти в Angelic Realm и открыть сундук![c_reset] Как только сундук открыт, он потребляется. Это означает, что если вы выйдете из сундука, не применив никаких [c_coin]Augment Upgrades[c_reset], сундук и ключ [shake_word][c_red]потреблены[c_reset][shake_reset], и вам понадобится другой ключ, чтобы снова войти в Angelic Realm. |當你與正義天使[c_coin]交談時，他們會給你兩個選擇：[c_coin]護甲強化[c_reset]和[c_coin]升級護甲強化效果[c_reset]。[nl] 選擇[c_coin]升級護甲強化效果[c_reset]選項會打開通往領域右側大門的路徑，並允許您前往大門後面的[c_coin]寶箱[c_reset]。[nl]寶箱為你打開一個插槽，插入你選擇的[c_coin]護甲強化[c_reset]的護甲。你可以點選“[c_yellow]升級護甲強化等級[c_reset]”，[c_coin]強化[c_reset]升級。所有[c_coin]強化[c_reset]的最高等級是[c_heroic]7[c_reset]，且不能超過該等級。[nl] [c_red]準備好進入天使領域並打開寶箱！ [c_reset]一旦寶箱被打開，它就會被消耗。 這意味著如果你在沒有應用任何[c_coin]升級強化護甲等級[c_reset]的情況下退出寶箱，寶箱和鑰匙就會被[shake_word][c_red]消耗[c_reset][shake_reset]，並且你需要另一把鑰匙才能再次進入天使領域。|入力が上書きされます|[c_coin]정의의 천사[c_reset]와 대화하면 두 가지 선택권을 제공합니다: [c_coin]갑옷 강화[c_reset] 및 [c_coin]강화 업그레이드[c_reset].[nl] [c_coin]강화 업그레이드[c_reset] 옵션을 선택하면 영역의 오른쪽 문으로 가는 길이 열리고 문 뒤에 있는 [c_coin]상자[c_reset]로 이동할 수 있습니다.[nl] 상자는 기존 [c_coin]강화[c_reset]를 하는 방어구를 삽입할 수 있는 슬롯을 엽니다. [c_coin]강화[c_reset]을 업그레이드하려면 추가 [c_coin]천사 열쇠[c_reset]가 필요하며 업그레이드할 때마다 증가합니다. 모든 [c_coin]강화[c_reset]의 최대 레벨은 [c_heroic]7[c_reset]이며, 그 이상으로 업그레이드할 수 없습니다.[nl] [c_red]천사의 영역에 들어가 상자를 열 준비를 하세요![c_reset] 상자가 열리면 소모됩니다. 즉, [c_coin]강화 업그레이드[c_reset]를 적용하지 않고 상자를 나가면 상자와 열쇠가 [shake_word][c_red]소모[c_reset][shake_reset]되고 천사의 영역에 다시 들어가려면 또 다른 열쇠가 필요합니다. |Wenn Sie mit dem [c_coin]Engel der Gerechtigkeit[c_reset] sprechen, werden Ihnen zwei Möglichkeiten angeboten: [c_coin]Rüstungsverstärkung[c_reset] und [c_coin]Verstärkungs-Upgrade[c_reset].[nl] Wenn Sie die Option [c_coin]Verstärkungs-Upgrade[c_reset] auswählen, wird der Pfad zum rechten Tor des Reiches geöffnet und Sie können zur [c_coin]Truhe[c_reset] hinter dem Tor gelangen.[nl] Die Truhe öffnet einen Schlitz, in den Sie eine Körperpanzerung mit vorhandener [c_coin]Verstärkung[c_reset] einsetzen können. Das Upgrade der [c_coin]Verstärkung[c_reset] kostet zusätzliche [c_coin]Engelsschlüssel[c_reset], die mit jedem Upgrade steigen. Das maximale Level aller [c_coin]Augments[c_reset] ist [c_heroic]7[c_reset] und sie können nicht darüber hinaus verbessert werden.[nl] [c_red]Machen Sie sich bereit, das Reich der Engel zu betreten und die Truhe zu öffnen![c_reset] Sobald die Truhe geöffnet ist, wird sie verbraucht. Das bedeutet, wenn Sie die Truhe verlassen, ohne [c_coin]Augment-Upgrades[c_reset] anzuwenden, werden die Truhe und der Schlüssel [shake_word][c_red]verbraucht[c_reset][shake_reset] und Sie benötigen einen anderen Schlüssel, um das Reich der Engel wieder zu betreten. |Lorsque vous parlez à l'Ange de la Justice, il vous propose deux choix : Augmentation d'armure et Mise à niveau d'augmentation. Sélectionner l'option Mise à niveau d'augmentation ouvre le chemin vers la porte de droite du royaume et vous permet de passer au Coffre derrière la porte. Le coffre ouvre un emplacement pour que vous puissiez insérer une armure corporelle avec l'Augmentation existante. La mise à niveau de l'Augmentation coûte des Clés angéliques supplémentaires qui augmentent à chaque mise à niveau. Le niveau maximum de tous les [c_coin]Augment[c_reset] est [c_heroic]7[c_reset], et ils ne peuvent pas être améliorés au-delà.[nl] [c_red]Soyez prêt à entrer dans le Royaume angélique et à ouvrir le coffre ![c_reset]Une fois le coffre ouvert, il est consommé. Cela signifie que si vous sortez du coffre sans appliquer d'[c_coin]Augment Upgrades[c_reset], le coffre et la clé sont [shake_word][c_red]consumés[c_reset][shake_reset], et vous avez besoin d'une autre clé pour entrer à nouveau dans le Royaume angélique. 
angelic_realm_tutorial_5_text|[c_coin]Angelic Keys[c_reset] can only drop from [shake_word][c_red]Fallen Angels[c_reset][shake_reset].[nl] They are strong enemies that can be found anywhere from the world on Hell difficulty. You can recognize them from the [c_yellow]Golden Aura[c_reset] around them.[nl] One [c_coin]Angelic Key[c_reset] grants passage for [shake_word][c_red]one[c_reset][shake_reset] visit in [c_coin]Angelic Realm[c_reset].[nl] You can also access [c_coin]Angelic Realm[c_reset] without a key if Heimdall offers you passage via the [shake_word][c_yellow]Bifröst[c_reset][shake_reset]!|[c_coin]Angelic Keys[c_reset] voi pudota vain [shake_word][c_red]Fallen Angelsista[c_reset][shake_reset].[nl] Ne ovat vahvoja vihollisia, jotka löytyvät kaikkialta maailmasta Hell-vaikeusasteella. Tunnistat heidät heidän ympärillään olevasta [c_yellow]Golden Aurasta[c_reset].[nl] Yksi [c_coin]Angelic Key[c_reset] antaa pääsyn [shake_word][c_red]yhdelle[c_reset][shake_reset] -käynnille [c_coin]Angelic Realm[c_reset]:ssä. Realm[c_reset] ilman avainta, jos Heimdall tarjoaa sinulle kulkua [shake_word][c_yellow]Bifröst[c_reset][shake_reset] kautta! |As [c_coin]Chaves Angelicais[c_reset] só podem ser obtidas de [shake_word][c_red]Anjos Caídos[c_reset][shake_reset].[nl] Eles são inimigos poderosos que podem ser encontrados em qualquer lugar do mundo. Você pode reconhecê-los pela [c_yellow]Aura Dourada[c_reset] ao redor deles.[nl] Uma [c_coin]Chave Angelical[c_reset] concede passagem para [shake_word][c_red]uma[c_reset][shake_reset] visita no [c_coin]Reino Angelical[c_reset].[nl] Você também pode acessar o [c_coin]Reino Angelical[c_reset] sem uma chave se Heimdall lhe oferecer passagem pelo [shake_word][c_yellow]Bifröst[c_reset][shake_reset]!|[c_coin]Ангельские ключи[c_reset] могут выпасть только из [shake_word][c_red]Падших ангелов[c_reset][shake_reset].[nl] Это сильные враги, которых можно найти в любой точке мира на уровне сложности «Ад». Вы можете узнать их по [c_yellow]Золотой ауре[c_reset] вокруг них.[nl] Один [c_coin]Ангельский ключ[c_reset] дает проход для [shake_word][c_red]одного[c_reset][shake_reset] посещения [c_coin]Ангельского царства[c_reset].[nl] Вы также можете попасть в [c_coin]Ангельское царство[c_reset] без ключа, если Хеймдалль предложит вам проход через [shake_word][c_yellow]Бифрост[c_reset][shake_reset]! |[c_coin]天使鑰匙[c_reset]只能從[shake_word][c_red]墮落天使[c_reset][shake_reset]詞綴的怪物身上掉落。它們是強大的敵人，在世界各地都能找到。你可以從它們周圍的[c_yellow]金色光環[c_reset]中認出它們。 [nl]一把[c_coin]天使鑰匙[c_reset]可以讓你進入[c_coin]天使領域[c_reset].[nl]如果海姆達爾通過[shake_word][c_yellow]Bifröst[c_reset][shake_reset]為你提供通道，你也可以在沒有鑰匙的情況下進入[c_coin]天使領域[c_reset]！|承認するには|[c_coin]천사 열쇠[c_reset]는 [shake_word][c_red]타락한 천사[c_reset][shake_reset]에서만 드랍됩니다.[nl] 그들은 지옥 난이도의 세계 어디에서나 발견할 수 있는 강력한 적입니다. 주변에 있는 [c_yellow]황금 오라[c_reset]로 알아볼 수 있습니다.[nl] [c_coin]천사 열쇠[c_reset] 1개로 [c_coin]천사 영역[c_reset]에서 [shake_word][c_red]1회[c_reset][shake_reset] 방문이 가능합니다.[nl] 헤임달이 [shake_word][c_yellow]비프로스트[c_reset][shake_reset]를 통해 통과권을 제공하면 열쇠 없이도 [c_coin]천사 영역[c_reset]에 접근할 수 있습니다! |[c_coin]Engelsschlüssel[c_reset] können nur von [shake_word][c_red]Gefallenen Engeln[c_reset][shake_reset][nl] fallen gelassen werden. Sie sind starke Feinde, die man überall auf der Welt auf dem Schwierigkeitsgrad Hölle finden kann. Ihr erkennt sie an der [c_yellow]Goldenen Aura[c_reset], die sie umgibt.[nl] Ein [c_coin]Engelsschlüssel[c_reset] gewährt Durchgang für [shake_word][c_red]einen[c_reset][shake_reset] Besuch im [c_coin]Engelsreich[c_reset].[nl] Ihr könnt das [c_coin]Engelsreich[c_reset] auch ohne Schlüssel betreten, wenn Heimdall euch Durchgang über den [shake_word][c_yellow]Bifröst[c_reset][shake_reset] anbietet! |[c_coin]Les clés angéliques[c_reset] ne peuvent être lâchées que par les [shake_word][c_red]anges déchus[c_reset][shake_reset].[nl]Ce sont des ennemis puissants que l'on peut trouver n'importe où dans le monde en difficulté Enfer. Vous pouvez les reconnaître grâce à l'[c_yellow]aura dorée[c_reset] qui les entoure.[nl]Une [c_coin]clé angélique[c_reset] vous donne accès pour [shake_word][c_red]une[c_reset][shake_reset] visite dans le [c_coin]royaume angélique[c_reset].[nl]Vous pouvez également accéder au [c_coin]royaume angélique[c_reset] sans clé si Heimdall vous propose un passage via le [shake_word][c_yellow]bifröst[c_reset][shake_reset] ! 
angelic_realm_exit_prompt|Are you sure you want to exit Angelic Realm? You need another Angelic Key to re-enter.||||你確定要退出天使領域嗎？你需要另一把天使鑰匙才能重新進入|アンジェリックレルムから退出してもよろしいですか？再入場には別のアンジェリックキーが必要です。|천사의 영역을 종료하시겠습니까? 다시 입력하려면 다른 천사의 열쇠가 필요합니다.|||
to_cancel|To Cancel|Peruuta |Para cancelar|Отменить|取消|開始まで|취소|Abbrechen|Pour annuler
overwrite_inputs|This would overwrite inputs|Tämä korvaisi syötteet|Isso substituiria as entradas|Это приведет к перезаписи введенных данных|[c_yellow]賽季即將結束！[c_reset][nl]賽季結束時：[nl]- 賽季角色移至非賽季角色[nl]- 個人倉庫頁移至非賽季[nl][c_red]- 賽季共同倉庫頁將被清除！[nl]- 公會倉庫頁將被清除！[c_reset][nl][nl]要保留倉庫頁中的物品，請將其移至個人倉庫頁或角色背包！|時間|입력 내용을 덮어씁니다.|Dies würde die Eingaben überschreiben.|Cela écraserait les entrées
to_accept|To Accept|Hyväksyä |Para aceitar|Принять|接受|時間|수락|Akzeptieren|Pour accepter
season_end_blackbox|[c_yellow]Season is coming to an end![c_reset][nl]At the end of the season:[nl]- Seasonal characters are moved into non-season[nl]- Personal Stashes are moved to non-season[nl][c_red]- Seasonal Shared Stashes are wiped![nl]- Guild Stash is wiped![c_reset][nl][nl]To keep the items in your Stash, move them to the Personal Stash or character's inventory!|[c_yellow]Kausi lähenee loppuaan![c_reset][nl]Kauden lopussa:[nl]- Kauden hahmot siirretään ei-sesonkiin[nl]- Henkilökohtaiset säilytyspaikat siirretään ei-sesonkiin[nl][c_red]- Kauden jaetut säilytyspaikat pyyhitään![nl]][Stats]-Tolln! säilytä tavarat tallessasi, siirrä ne henkilökohtaiseen varastoon tai hahmon varastoon! |[c_yellow]A temporada está chegando ao fim![c_reset][nl]No final da temporada:[nl]- Personagens sazonais são movidos para fora da temporada[nl]- Os estoques pessoais são movidos para fora da temporada[nl][c_red]- Os estoques compartilhados sazonais são apagados![nl]- O estoque da guilda é apagado![c_reset][nl][nl]Para manter os itens no seu estoque, mova-os para o estoque pessoal ou para o inventário do personagem!|[c_yellow]Сезон подходит к концу![c_reset][nl]В конце сезона:[nl]- Сезонные персонажи перемещаются в несезонный[nl]- Личные тайники перемещаются в несезонный[nl][c_red]- Сезонные общие тайники очищаются![nl]- Тайник гильдии очищается![c_reset][nl][nl]Чтобы сохранить предметы в своем тайнике, переместите их в личный тайник или в инвентарь персонажа!|[c_yellow]赛季即将结束！[c_reset][nl]赛季结束时：[nl]- 季节性角色将移至非季节角色[nl]- 个人储藏室将移至非季节角色[nl][c_red]- 季节性共享储藏室将被清除！[nl]- 公会储藏室将被清除！[c_reset][nl][nl]要保留储藏室中的物品，请将它们移至个人储藏室或角色的库存中！|日|[c_yellow]시즌이 끝납니다![c_reset][nl]시즌 종료 시:[nl]- 시즌 캐릭터가 비시즌으로 이동합니다.[nl]- 개인 보관함이 비시즌으로 이동합니다.[nl][c_red]- 시즌 공유 보관함이 삭제됩니다![nl]- 길드 보관함이 삭제됩니다![c_reset][nl][nl]보관함에 있는 아이템을 유지하려면 개인 보관함이나 캐릭터 인벤토리로 옮기세요!|[c_yellow]Die Saison geht zu Ende![c_reset][nl]Am Ende der Saison:[nl]- Saisonale Charaktere werden in die Nicht-Saison verschoben[nl]- Persönliche Verstecke werden in die Nicht-Saison verschoben[nl][c_red]- Saisonale gemeinsame Verstecke werden gelöscht![nl]- Gildenversteck wird gelöscht![c_reset][nl][nl]Um die Gegenstände in deinem Versteck zu behalten, verschiebe sie in das persönliche Versteck oder das Inventar des Charakters!|[c_yellow]La saison touche à sa fin ![c_reset][nl]À la fin de la saison :[nl]- Les personnages saisonniers sont déplacés vers la non-saison[nl]- Les réserves personnelles sont déplacées vers la non-saison[nl][c_red]- Les réserves partagées saisonnières sont effacées ![nl]- La réserve de guilde est effacée ![c_reset][nl][nl]Pour conserver les objets de votre réserve, déplacez-les vers la réserve personnelle ou l'inventaire du personnage !
se_starts_in|starts in|alkaa sisään|começa em|начинается через|開始於|日 |시작|beginnt in|commence dans
time_hour|hour|tunnin|hora|час|小時||시간|Stunde|heure
time_hours|hours|tuntia|horas|часов|小時|移動|시간|Stunden|heures
time_day|day|päivä|dia|день|天|装備/使用|일|Tag|jour
time_days|days|päivää|dias |дней |天 |ナビゲート|일|Tage |jours 
move|Move|Liikkua|Mover|Перемещение|移動|比較 |이동|Bewegen|Déplacer
equip_use|Equip/Use|Varusta/Käytä|Equipar/Usar|Экипировка/Использование|裝備/使用||장비/사용|Ausrüsten/Verwenden|Équiper/Utiliser
navigate|Navigate|Navigoida|Navegar|Навигация|導航|クリック可能なリンクを 1 つ埋め込んで、ギルドの説明の下に表示することができます。[nl]この機能は賢く使いましょう![nl]ギルドの Web サイトやボイス チャット サーバーへのリンクなどはどうでしょうか?|탐색|Navigieren|Naviguer
quick_move|Quick Move|Nopea liike|Movimento rápido|Быстрое перемещение|快速移動|コミュニティ クエスト|빠른 이동|Schnell bewegen|Déplacement rapide
compare|Compare|Vertaa |Comparar |Сравнение |比較 |コミュニティ クエストは、地獄の難易度のプレイヤー全員がクエストを自動的に進めるウィークリー クエストです。完了すると、ウィークリー クエストが金曜日にリセットされるまで、すべての難易度のすべてのプレイヤーに対して報酬バフが有効になります。|비교|Vergleichen |Comparer 
press_to_sort|Press To Sort||||按排序|정렬|||Comparar
guild_link_info|You can embed one clickable link to show below your guild description.[nl]Use this feature wisely![nl]Maybe a link to your guilds website or voice chat server?|Voit upottaa yhden napsautettavan linkin näyttämään kiltasi kuvauksen alle.[nl]Käytä tätä ominaisuutta viisaasti![nl]Ehkä linkki kiltasi verkkosivustolle tai äänichat-palvelimelle?|Você pode incorporar um link clicável para mostrar abaixo da descrição da sua guilda.[nl]Use esse recurso com sabedoria![nl]Talvez um link para o site da sua guilda ou servidor de bate-papo por voz?|Вы можете встроить одну интерактивную ссылку, которая будет отображаться под описанием вашей гильдии.[nl]Используйте эту функцию с умом![nl]Может быть, ссылка на сайт вашей гильдии или сервер голосового чата?|您可以嵌入一個可點擊的鏈結,顯示在工會描述下方。[nl]明智地使用此功能！[nl]也許是您公會網站或語音聊天伺服器的鏈結？||길드 설명 아래에 표시할 클릭 가능한 링크 하나를 삽입할 수 있습니다.[nl]이 기능을 현명하게 활용하세요![nl]길드 웹사이트나 음성 채팅 서버로 연결되는 링크는 어떨까요?|Sie können einen anklickbaren Link einbetten, der unter Ihrer Gildenbeschreibung angezeigt wird.[nl]Verwenden Sie diese Funktion mit Bedacht![nl]Vielleicht ein Link zur Website Ihrer Gilde oder zum Voice-Chat-Server?|Vous pouvez intégrer un lien cliquable à afficher sous la description de votre guilde.[nl]Utilisez cette fonctionnalité à bon escient ![nl]Peut-être un lien vers le site Web de votre guilde ou le serveur de chat vocal ?
community_quest|Community Quest|Community Quest|Missão da Comunidade|Задание сообщества|社群任務|戦争はもう終わりました...|커뮤니티 퀘스트|Community-Quest|Quête communautaire
community_quest_info|Community Quests are weekly quests in which all the players on Hell difficulty progress the quest automatically. On completion the reward buff will be active for all players on all difficulties until the weekly quest resets on Friday.|Yhteisötehtävät ovat viikoittaisia ​​tehtäviä, joissa kaikki helvetin vaikeusasteen pelaajat etenevät tehtävässä automaattisesti. Päätyttyä palkintobuff on aktiivinen kaikille pelaajille kaikissa vaikeuksissa, kunnes viikoittainen tehtävä nollataan perjantaina.|Missões da Comunidade são missões semanais nas quais todos os jogadores na dificuldade Inferno progridem na missão automaticamente. Após a conclusão, o bônus de recompensa estará ativo para todos os jogadores em todas as dificuldades até que a missão semanal reinicie na sexta-feira.|Задания сообщества — это еженедельные задания, в которых все игроки на уровне сложности «Ад» автоматически выполняют задание. После завершения бонус к награде будет активен для всех игроков на всех уровнях сложности до тех пор, пока еженедельное задание не будет сброшено в пятницу.|社群任務是每周任務,所有地獄難度的玩家都會自動完成任務進度. 完成後,所有難度的玩家都會獲得獎勵buff,直到周五每周任務重置為止。|ユーザー名に卑猥な言葉が含まれています。別の名前を選択してください。|커뮤니티 퀘스트는 모든 플레이어가 헬 난이도에서 자동으로 퀘스트를 진행하는 주간 퀘스트입니다. 완료 시 보상 버프는 모든 난이도의 모든 플레이어에게 적용되며, 금요일에 주간 퀘스트가 재설정됩니다.|Community-Quests sind wöchentliche Quests, bei denen alle Spieler auf dem Schwierigkeitsgrad „Hölle“ automatisch weiterkommen. Nach Abschluss ist der Belohnungs-Buff für alle Spieler auf allen Schwierigkeitsgraden aktiv, bis die wöchentliche Quest am Freitag zurückgesetzt wird.|Les quêtes communautaires sont des quêtes hebdomadaires dans lesquelles tous les joueurs en difficulté Enfer progressent automatiquement dans la quête. Une fois terminée, le bonus de récompense sera actif pour tous les joueurs de toutes les difficultés jusqu'à la réinitialisation de la quête hebdomadaire le vendredi.
chat_region_info|Select the general chat region. Other users in the same chat region can chat together, regardless of their login or game server region.||||選擇一般聊天區域。同一聊天區域內的其他用戶可以一起聊天，無論他們的登入名稱或遊戲伺服器區域在其他區域|選択 |일반 채팅 지역을 선택하세요. 동일한 채팅 지역에 있는 다른 사용자들과는 로그인 지역이나 게임 서버 지역에 관계없이 함께 채팅할 수 있습니다.||
server_region_info|Select the game server region. Prefer the region closest to you for optimal online experience. Other users can find your game regardless of their login or chat region.||||選擇遊戲伺服器區域。選擇距離您最近的地區以獲得最佳線上體驗。其他用戶無論登入或聊天區域如何都可以找到您的遊戲||게임 서버 지역을 선택하세요. 최적의 온라인 경험을 위해 가장 가까운 지역을 선택하는 것이 좋습니다. 다른 사용자들은 로그인 지역이나 채팅 지역에 관계없이 귀하의 게임을 찾을 수 있습니다.||
uber_sung_lee_killed|The war is already over...|Sota on jo ohi...|A guerra já acabou...|Война уже окончена...|戰爭已經結束了……|Hero Siege をオンラインでプレイするには、Panicnet™ アカウントが必要です。PlayStation™Network アカウントにリンクする新しいアカウントを作成するか、既存の Panicnet アカウントにログインしてリンクすることができます。 |사용자 이름에 욕설이 포함되어 있습니다. 다른 이름을 선택하세요.|Der Krieg ist bereits vorbei...|La guerre est déjà terminée...
username_profanity|Username contains profanity, please choose another name.|Käyttäjätunnus sisältää kirosanoja, valitse toinen nimi. |O nome de usuário contém palavrões, escolha outro nome.|Имя пользователя содержит ненормативную лексику, выберите другое имя.|使用者名稱包含粗言穢語，請選擇其他名稱。|重要: 既存の Panicnet アカウントに正常にログインすると、この Panicnet アカウントは自動的にこの PlayStation Network アカウントにリンクされます。このリンクは元に戻したり変更したりすることはできません。つまり、この PlayStation Network アカウントを使用して別の Panicnet アカウントにアクセスすることはできません。 |사용자 이름에 불쾌한 언어가 포함되어 있습니다. 다른 이름을 선택해 주세요.|Benutzername enthält Schimpfwörter, bitte wählen Sie einen anderen Namen.|Le nom d'utilisateur contient des grossièretés, veuillez choisir un autre nom.
select|Select|Valitse |Selecionar |Выбрать |選擇 |重要: PlayStation Network アカウントは、作成時に新しい Panicnet アカウントに自動的にリンクされます。このリンクは、プロセスが完了すると元に戻したり変更したりすることはできません。つまり、この PlayStation Network アカウントを使用して別の Panicnet アカウントにアクセスすることはできません。 |선택|Auswählen |Sélectionner 
login_ps5_prompt|In order to play Hero Siege online, you will need a PanicNet™ account. You can create a new account which will be linked to your PlayStation™Network account or you can log in and link an existing Panicnet account. |Jotta voit pelata Hero Siegeä verkossa, tarvitset PanicNet™-tilin. Voit luoda uuden tilin, joka yhdistetään PlayStation™Network-tiliisi, tai voit kirjautua sisään ja yhdistää olemassa olevaan Panicnet-tiliisi. |Para jogar Hero Siege online, você precisará de uma conta PanicNet™. Você pode criar uma nova conta que será vinculada à sua conta PlayStation™Network ou você pode fazer login e vincular uma conta Panicnet existente. |Для игры в Hero Siege онлайн вам понадобится учетная запись Panicnet™. Вы можете создать новую учетную запись, которая будет связана с вашей учетной записью PlayStation™Network, или вы можете войти в систему и связать существующую учетную запись Panicnet. |為了在線上玩 Hero Siege，您需要一個 Panicnet™ 帳號。您可以建立一個與您的 PlayStation™Network 帳號相關聯的新帳號，或者您可以登入並連結現有的 Panicnet 帳號||Hero Siege를 온라인으로 플레이하려면 Panicnet™ 계정이 필요합니다. PlayStation™Network 계정에 연결될 새 계정을 만들거나 기존 Panicnet 계정에 로그인하여 연결할 수 있습니다. |Um Hero Siege online spielen zu können, benötigen Sie ein Panicnet™-Konto. Sie können ein neues Konto erstellen, das mit Ihrem PlayStation™Network-Konto verknüpft wird, oder Sie können sich bei einem vorhandenen Panicnet-Konto anmelden und es verknüpfen. |Pour jouer à Hero Siege en ligne, vous aurez besoin d'un compte Panicnet™. Vous pouvez créer un nouveau compte qui sera lié à votre compte PlayStation™Network ou vous connecter et lier un compte Panicnet existant. 
login_ps5_prompt_existing|Important: When you successfully log in to an existing PanicNet account, this PanicNet account will automatically be linked to this PlayStation Network account. This linking cannot be reversed or changed, which means that you will not be able to access another Panicnet account using this PlayStation Network account. |Tärkeää: Kun kirjaudut onnistuneesti sisään olemassa olevalle Panicnet-tilille, tämä Panicnet-tili linkitetään automaattisesti tähän PlayStation Network -tiliin. Tätä linkitystä ei voi peruuttaa tai muuttaa, mikä tarkoittaa, että et voi käyttää toista Panicnet-tiliä tällä PlayStation Network -tilillä. |Importante: Quando você fizer login com sucesso em uma conta PanicNet existente, essa conta PanicNet será automaticamente vinculada a essa conta PlayStation Network. Essa vinculação não pode ser revertida ou alterada, o que significa que você não poderá acessar outra conta Panicnet usando essa conta PlayStation Network. |Важно: Когда вы успешно войдете в существующую учетную запись Panicnet, эта учетная запись Panicnet будет автоматически связана с этой учетной записью PlayStation Network. Эту связь нельзя отменить или изменить, что означает, что вы не сможете получить доступ к другой учетной записи Panicnet, используя эту учетную запись PlayStation Network. |重要提示：當您成功登入現有的 Panicnet 帳號時，該 Panicnet 帳號將自動連結到此 PlayStation Network 帳號。此連結無法撤銷或更改，這表示您將無法使用此 PlayStation Network 帳號存取另一個 Panicnet 帳號。 ||중요: 기존 Panicnet 계정에 성공적으로 로그인하면 이 Panicnet 계정이 자동으로 이 PlayStation Network 계정에 연결됩니다. 이 연결은 되돌리거나 변경할 수 없으므로 이 PlayStation Network 계정을 사용하여 다른 Panicnet 계정에 액세스할 수 없습니다. |Wichtig: Wenn Sie sich erfolgreich bei einem bestehenden Panicnet-Konto anmelden, wird dieses Panicnet-Konto automatisch mit diesem PlayStation Network-Konto verknüpft. Diese Verknüpfung kann nicht rückgängig gemacht oder geändert werden, was bedeutet, dass Sie mit diesem PlayStation Network-Konto nicht auf ein anderes Panicnet-Konto zugreifen können. |Important : lorsque vous vous connectez avec succès à un compte Panicnet existant, ce compte Panicnet est automatiquement lié à ce compte PlayStation Network. Cette liaison ne peut pas être annulée ou modifiée, ce qui signifie que vous ne pourrez pas accéder à un autre compte Panicnet à l'aide de ce compte PlayStation Network. 
login_ps5_prompt_create|Important: Your PlayStation Network account will be automatically linked to a new PanicNet account at creation. This linking cannot be reversed or changed once the process is complete, which means that you will not be able to access another Panicnet account using this PlayStation Network account. |Tärkeää: PlayStation Network -tilisi linkitetään automaattisesti uuteen Panicnet-tiliin luomisen yhteydessä. Tätä linkitystä ei voi peruuttaa tai muuttaa, kun prosessi on valmis, mikä tarkoittaa, että et voi käyttää toista Panicnet-tiliä tällä PlayStation Network -tilillä. |Importante: Sua conta da PlayStation Network será automaticamente vinculada a uma nova conta PanicNet na criação. Essa vinculação não pode ser revertida ou alterada depois que o processo for concluído, o que significa que você não poderá acessar outra conta Panicnet usando esta conta da PlayStation Network. |Важно: Ваша учетная запись PlayStation Network будет автоматически связана с новой учетной записью Panicnet при создании. Эту связь нельзя будет отменить или изменить после завершения процесса, что означает, что вы не сможете получить доступ к другой учетной записи Panicnet, используя эту учетную запись PlayStation Network. |重要提示：您的 PlayStation Network 帳號將在建立時自動連結到新的 Panicnet 帳號。一旦過程完成，此連結將無法撤銷或更改，這表示您將無法使用此 PlayStation Network 帳號存取另一個 Panicnet 帳號。 ||중요: PlayStation Network 계정은 생성 시 자동으로 새 Panicnet 계정에 연결됩니다. 이 연결은 프로세스가 완료된 후에는 되돌리거나 변경할 수 없으므로 이 PlayStation Network 계정을 사용하여 다른 Panicnet 계정에 액세스할 수 없습니다. |Wichtig: Ihr PlayStation Network-Konto wird bei der Erstellung automatisch mit einem neuen Panicnet-Konto verknüpft. Diese Verknüpfung kann nach Abschluss des Vorgangs nicht mehr rückgängig gemacht oder geändert werden. Dies bedeutet, dass Sie mit diesem PlayStation Network-Konto nicht auf ein anderes Panicnet-Konto zugreifen können. |Important : votre compte PlayStation Network sera automatiquement associé à un nouveau compte Panicnet lors de sa création. Cette association ne peut pas être annulée ou modifiée une fois le processus terminé, ce qui signifie que vous ne pourrez pas accéder à un autre compte Panicnet en utilisant ce compte PlayStation Network. 
login_account_link_prompt|Your [c_panicnet]PanicNet[c_reset] account is in an [c_orange]unlinked[c_reset] state. Would you like to link this [c_panicnet]PanicNet[c_reset] and [platform_name] account? This is a one time process, after which you gain the following benefits:[c_lime][nl]- Autologin[nl]- Access to the Tarethiel Market and Mailbox[nl]- Unlimited Trading[nl]- Hero Siege Chat[nl][c_reset][nl][c_yellow]Please note:[c_reset] Account linking is a permanent operation and exclusive to only one link per platform; by linking this account you can not link this [c_panicnet]PanicNet[c_reset] account to another [platform_name] account nor link this [platform_name] account to another [c_panicnet]PanicNet[c_reset] account.[nl]After the link is established only this [platform_name] account can login to the [c_panicnet]PanicNet[c_reset] account via [platform_name].||||您的 [c_panicnet]PanicNet[c_reset] 帳號處於 [c_orange]未連結[c_reset] 狀態。您想關聯此 [c_panicnet]PanicNet[c_reset] 和 [platform_name] 帳號嗎？這是一個一次性過程，之後您將獲得以下好處：[c_lime][nl]- 自動登入[nl]- 造訪 Tarethiel 市集和信箱[nl]- 無限交易[nl]- 英雄圍攻聊天[nl][c_reset][nl][c_yellow]請注意：[c_reset] 帳號[c_reset][nl][c_yellow] 請注意：[c_reset] 帳號僅限此操作，此帳號連結此[c_panicnet]PanicNet[c_reset] 帳號連結到另一個 [platform_name] 帳號，也無法將此 [platform_name] 帳號連結到另一個 [c_panicnet]PanicNet[c_reset] 帳號。 [nl]建立連結後，只有此 [platform_name] 帳號可以透過 [platform_name] 登入 [c_panicnet]PanicNet[c_reset] 帳號。|追加のモンスターパックサイズ|||
login_account_link_confirm_prompt|Are you absolutely sure you wish to link these accounts, This action is irreversible and can be done only once.||||您是否確定要連結這些帳號？此操作不可逆，且只能執行一次|魔法の発見|||
register_account_link_info_psn|To play Hero Siege online, your registered PanicNet account must be linked to your account for PlayStation™Network.[nl][nl][c_yellow]Important:[c_reset][nl][nl]Each PanicNet account can only be linked to one account per platform. [nl][nl]These links are permanent and cannot be changed later.[nl][nl][nl][nl][c_yellow]If you already have an unlinked PanicNet account[c_reset], simply log in to it and complete the linking - no need to register a new one.||||要在線上暢玩《英雄圍攻》，您註冊的 PanicNet 帳戶必須與您的 PlayStation™Network 帳戶關聯。 [nl][nl][c_yellow]重要提示：[c_reset][nl][nl]每個 PanicNet 帳號每個平台只能關聯一個帳號。 [nl][nl]這些關聯是永久性的，之後無法更改。 [nl][nl][nl][nl][c_yellow]如果您已經有一個未關聯的 PanicNet 帳戶[c_reset]，只需登入該帳戶並完成關聯即可，無需註冊新帳戶。||||¿Estás absolutamente seguro de que deseas vincular estas cuentas? Esta acción es irreversible y solo se puede realizar una vez.
account_link_prompt_register_steam|Your Steam account will be automatically linked to a new PanicNet account at creation. This linking cannot be reversed or changed once the process is complete, which means that you will not be able to link another PanicNet account using this Steam account. Only this Steam account can access the registered account on Steam.||||您的 Steam 帳號將在建立時自動連結到新的 PanicNet 帳號。一旦過程完成，此連結就無法撤消或更改，這意味著您將無法使用此 Steam 帳號連結另一個 PanicNet 帳號。只有此Steam帳號才能存取Steam上註冊的帳號|攻撃速度/キャスト率|||
account_link_prompt_register_android|Your Google Play account will be automatically linked to a new PanicNet account at creation. This linking cannot be reversed or changed once the process is complete, which means that you will not be able to link another PanicNet account using this Google Play account. Only this Google Play account can access the registered account on Android platforms.||||您的 Google Play 帳號將在建立新的 PanicNet 帳號時自動連結到該帳號。一旦過程完成，此連結就無法撤消或更改，這意味著您將無法使用此 Google Play 帳號連結另一個 PanicNet 帳號。只有此Google Play帳號才能存取Android平台上註冊的帳號|天使/不浄のドロップ率|||
account_link_prompt_register_psn|Important: Your PlayStation Network account will be automatically linked to a new PanicNet account at creation. This linking cannot be reversed or changed once the process is complete, which means that you will not be able to access another PanicNet account using this PlayStation Network account. ||||重要提示：您的 PlayStation Network 帳號將在建立時自動連結到新的 PanicNet 帳號。一旦過程完成，此連結將無法撤銷或更改，這表示您將無法使用此 PlayStation Network 帳號存取另一個 PanicNet 帳號|SS 悪魔/英雄のドロップ率|||
greetings_hero|Greetings, Hero!||||你好，英雄！|経験値獲得|||
account_link|Account Link||||帳號連結|合計移動速度|||
link_account|Link account||||連結帳號|合計ダメージ|||
your_panicnet_account|Your [c_panicnet]PanicNet[c_reset] account||||您的 [c_panicnet]PanicNet[c_reset] 帳號|必要な次元の破片|||
would_be_linked_to|Would be linked to||||將連結到|必要な戦闘フラグメント|||
register_account_link_info|To play Hero Siege online, your registered PanicNet account must be linked to your [platform_name] account.[nl][nl][c_yellow]Important:[c_reset][nl][nl]Each PanicNet account can only be linked to one account per platform - for example, one Steam, one Google Play account, etc.[nl][nl]These links are permanent and cannot be changed later.[nl][nl]After linking, online play via [platform_name] will only be accessible on this [platform_name] account.[nl][nl][c_yellow]If you already have an unlinked PanicNet account[c_reset], simply log in to it and complete the linking - no need to register a new one. ||||要進行線上遊玩玩《Herosiege》，您註冊的 PanicNet 帳號必須連結到您的 [platform_name] 帳號。 [nl][nl][c_yellow]重要提示：[c_reset][nl][nl]每個 PanicNet 帳號每個平台只能連結到一個帳號 - 例如，一個 Steam 帳號、一個 Google Play 帳號等。 [nl][nl]這些連結是永久性的，以後無法更改。 [nl][nl]連結後，透過 [platform_name] 進行線上遊戲只能在此 [platform_name] 帳號上進行。 [nl][nl][c_yellow]如果您已經有一個未連結的 PanicNet 帳號[c_reset]，只需登入並完成連結 - 無需註冊新帳號。|プライム イービル パーツのドロップ率|||
verified|Verified||||已驗證|ルーンのドロップ率|||
unverified|Unverified||||未經驗證|追加のサブスキル ポイント|||
show_online_id|Press [input_gamepad,7] to show online ID.|Näytä online-tunnus painamalla [input_gamepad,7]. |Pressione [input_gamepad,7] para mostrar o ID online. |Нажмите [input_gamepad,7], чтобы отобразить идентификатор онлайн-игрока. |按下 [input_gamepad,7] 顯示線上 ID。 |オンラインIDを表示するには、[input_gamepad,7]を押してください。 |[게임패드 입력란,7]을 눌러 온라인 ID를 표시하세요. |Drücken Sie [input_gamepad,7], um die Online-ID anzuzeigen.|Appuyez sur [input_gamepad,7] pour afficher l'identifiant en ligne. |Pulsa [input_gamepad,7] para mostrar tu ID en línea. |Naciśnij [input_gamepad,7], aby pokazać ID online.
|||||||||||
ferry_coop_present|All players must be present to board the ferry!|Kaikkien pelaajien on oltava paikalla päästäkseen lautalle! |Todos os jogadores devem estar presentes para embarcar na balsa! |Все игроки должны присутствовать на борту парома! |所有玩家必須到場才能登船。！ |フェリーに乗るには、すべてのプレイヤーが参加している必要があります! |모든 플레이어가 페리에 탑승해야 합니다!|Alle Spieler müssen anwesend sein, um an Bord der Fähre zu gehen!|Tous les joueurs doivent être présents pour embarquer sur le ferry ! |¡Todos los jugadores deben estar presentes para abordar el ferry!|Wszyscy gracze muszą być obecni, aby wejść na prom!
stat_cat_base|Base Stats|Perustilastot|Estatísticas básicas|Базовые характеристики|基礎屬性|基本ステータス|기본 능력치|Basiswerte|Statistiques de base|Estadísticas base|Statystyki bazowe
stat_cat_offensive|Offensive|Hyökkäys|Ofensivas|Нападение|進攻屬性|攻撃力|공격력|Offensiv|Offensif|Ofensivas|Ofensywne
stat_cat_defensive|Defensive|Puolustus|Defensivas|Защита|防禦屬性|守備力|수비력|Defensiv|Défensif|Defensivas|Defensywne
stat_cat_summoned|Summoned|Loputettu|Invocadas|Призыв|召喚屬性|召喚時|소환된 몬스터|Beschworen|Invoqué|Invocadas|Przywołane
stat_cat_statistics|Statistics|Tilastot |Estatísticas |Статистика |統計數據 |統計情報 |통계 |Statistiken|Statistiques |Estadísticas |Statystyki
|||||||||||
price_check|Price Check|Hintatarkistus|Verificar preço|Проверка цен|價格查詢|価格チェック|가격 확인|Preisprüfung|Vérification des prix|Consulta de precios|Sprawdź cenę
today|today|tänään|hoje|сегодня|今日|本日|오늘|Heute|Aujourd'hui|Hoy|dzisiaj
yesterday|yesterday|eilen|ontem|вчера|昨天|昨日|어제|Gestern|Hier|Ayer|wczoraj
days_ago|days ago|päivää sitten|dias atrás|несколько дней назад|數日前|数日前|며칠 전|Vor Tagen|Il y a quelques jours|Hace días|dni temu
sold_c|Sold|Myyty|Vendido|Продано|已售|販売実績|판매 완료|Verkauft|Vendu|Vendido|Sprzedane
price_history|Latest Prices||Preços mais recentes |Актуальные цены |歷史價格|最新価格 |최신 가격 |Aktuelle Preise |Derniers prix |Historial de precios|Najnowsze ceny 
units_sold|Units sold|Myytyjä yksiköitä|Unidades vendidas|Продано единиц|已售單位|販売個数|판매 수량|Verkaufte Einheiten|Unités vendues|Unidades vendidas|Sprzedane sztuki
average_price|Median price|Mediaanihinta|Preço médio|Средняя цена|平均價格|平均価格|평균 가격|Durchschnittspreis|Prix moyen|Precio promedio|Średnia cena
highest_price|Highest price|Korkein hinta|Preço mais alto|Самая высокая цена|最高價格|最高価格|최고 가격|Höchster Preis|Prix le plus élevé|Precio más alto|Najwyższa cena
lowest_price|Lowest price|Alin hinta|Preço mais baixo|Самая низкая цена|最低價格|最安値|최저 가격|Niedrigster Preis|Prix le plus bas|Precio más bajo|Najniższa cena
latest_sales|Latest Sales|Viimeisimmät myynnit|Últimas vendas|Последние продажи|最新成交價|最新の販売情報|최근 판매 내역|Letzte Verkäufe|Dernières ventes|Últimas ventas|Ostatnie sprzedaż
on_sale|Currently on sale|Myynnissä|Em promoção no momento|В настоящее время в продаже|正在販售|現在販売中|현재 판매 중|Aktuell im Angebot|Actuellement en promotion|Actualmente en oferta|Obecnie w promocji
high_low_on_sale|Cheapest and most expensive on sale|Korkein ja pienin-hintaiset myynnissä|Os itens mais baratos e mais caros em promoção |Самые дешевые и самые дорогие на распродаже|最便宜、最貴的商品均有販售|販売中の最安値・最高値 |할인 중인 최저가 및 최고가 상품|Günstigstes und teuerstes Angebot |Articles en promotion : du moins cher au plus cher |Más barato y más caro en venta|Najtańsze i najdroższe produkty w promocji 
price_check_nodata|No sales records for this item yet!|Tälle tuotteelle ei ole vielä myyntitietoja!|Ainda não há registro de vendas para este item!|Пока нет записей о продажах этого товара!|該商品暫無銷售記錄！|この商品の販売記録はまだありません！|아직 이 상품에 대한 판매 기록이 없습니다!|Für diesen Artikel liegen noch keine Verkaufsdaten vor!|Aucune vente enregistrée pour cet article pour le moment !|¡Aún no hay registros de ventas para este artículo!|Brak rekordów sprzedaży dla tego przedmiotu jeszcze!
days|days|päivää|dias|дней|數日|日数|일|Tage|Jours|Días|dni
day|day|päivä|dia|дня|日|日数|일|Tag|Jour|Día|dzień
expires_in|Expires in|Vanhenee|Expira em|Срок действия истекает через|剩餘時間|有効期限|만료 예정일|Gültig bis in|Expire dans|Expira en|Wygasa za
expiry_explanation|Items listed in the nonseasonal Market get permanently deleted after 60 days.|Ei-kausimarkkinoilla listatut tuotteet poistetaan pysyvästi 60 päivän kuluttua.|Itens listados no Mercado não sazonal são excluídos permanentemente após 60 dias.|Товары, размещенные на несезонном рынке, удаляются навсегда через 60 дней.|非賽季市場中列出的商品將在 60 天後永久刪除。|非季節商品マーケットに出品された商品は、60日後に完全に削除されます。|비시즌 마켓에 등록된 상품은 60일 후 영구 삭제됩니다.|Artikel, die im nicht-saisonalen Markt angeboten werden, werden nach 60 Tagen endgültig gelöscht.|Les articles du marché non saisonnier sont définitivement supprimés après 60 jours.|Los artículos publicados en el Mercado no estacional se eliminan permanentemente después de 60 días.|Przedmioty wystawione na nie-sezonowym Rynku zostaną trwale usunięte po 60 dniach.
expires_by_midnight|Expires at midnight (GMT)|Vanhenee keskiyöllä (GMT)|Expira à meia-noite (GMT)|Срок действия истекает в полночь (GMT)|截止時間：(GMT)|有効期限：午前0時（GMT）|자정(GMT)에 만료됩니다.|Gültig bis Mitternacht (GMT)|Expire à minuit (GMT)|Expira a medianoche (GMT)|Wygasa o północy (GMT)
market_loading_more|Fetching more items|Haetaan lisää tuotteita |Buscando mais itens |Поиск других товаров |正在獲取更多商品 |さらに商品を取得中 |더 많은 상품을 가져오는 중 |Weitere Artikel werden geladen|Recherche d'autres articles |Obteniendo más artículos |Pobieranie większej ilości przedmiotów
|||||||||||
error_http|Error processing request|Virhe pyynnön käsittelyssä|Erro ao processar a solicitação|Ошибка обработки запроса|處理請求時出錯|リクエスト処理エラー|요청 처리 중 오류 발생|Fehler bei der Anfrageverarbeitung|Erreur lors du traitement de la requête|Error al procesar la solicitud|Błąd przetwarzania żądania
error_close|Closing|Suljetaan|Fechando|Закрытие|正在關閉|閉じます|닫기|Schließen|Fermeture|Cerrando|Zamykanie
search_clear|Clear Search|Tyhjennä haku |Limpar pesquisa |Очистить поиск |清除搜尋 |検索をクリア |검색 지우기 |Suche löschen|Effacer la recherche |Borrar búsqueda |Wyczyść wyszukiwanie 
|||||||||||
quicknav_left|Last Town||||最後的城鎮||||||
quicknav_right|Next Town||||下一個城鎮||||||
|||||||||||
satanic_zone_change|has become Satanic...||||已經變得邪惡…||||||
item_consume_confirm|Do you want to consume [itemname]?||Você quer consumir [itemname]? |Вы хотите использовать [itemname]?|你想消耗 [itemname]嗎?|[itemname]を消費しますか？ |[itemname]를 섭취하시겠습니까?|Möchtest du [itemname] konsumieren? |Voulez-vous consommer [nom de l'objet] ? |¿Quieres consumir [itemname]?|Czy chcesz spożyć [nazwa_przedmiotu]? 
