[Item Stats]|en|fi|pt|ru|zh|ja|ko|de|fr|sp|pl
stat_base_damage|Attack Damage||Dano de Ataque|Урон от атаки|攻擊傷害|攻撃ダメージ|공격 데미지 |Angriffsschaden|Dégât d'attaque|Daño de Ataque|Obrażenia ataku
stat_defense|Defense|Puolustus|Defesa|Защита|防禦|防御力|방어력|Verteidigung|Défense|Defensa|Obrona
stat_defense_p|Increased Defense|Lisäpuolustus|Defesa Aumentada|Повышенная защита|防禦增加|防御力増加|방어력 증가|Erhöhte Verteidigung|Défense accrue|Defensa Aumentada|Zwiększona obrona
stat_block_chance|Block Chance|Torjumistodennäköisyys|Chance de Bloqueio|Шанс блока|格擋機率|ブロックの確率|방어 확률|Blockchance|Chance de bloquer|Probabilidad de Bloqueo|Szansa na blok
stat_all_skills|to All Skills|kaikkiin taitoihin|Para Todos os Habilidades|Ко всем навыкам|所有技能等級|全てのスキルに対して|모든 스킬|auf alle Fertigkeiten|à toutes les compétences|a Todas las Habilidades|do wszystkich umiejętności
stat_increased_speed|Increased Movement Speed|Lisäliikkumisnopeus|Velocidade de Movimento Aumentada|Скорость передвижения повышена|移動速度|移動速度増加|이동 속도 증가|Erhöhte Bewegungsgeschwindigkeit|à la vitesse de marche/course |Velocidad de Movimento Aumentada|Zwiększona prędkość ruchu
stat_summon_movement_speed|Increased Summon Movement Speed|Lisääntynyt kutsuliikkeen nopeus|Velocidade de Movimento dos Invocados Aumentada|Скорость передвижения призванных повышена|召喚物移動速度增加|召喚移動速度の向上 |소환수 이동 속도 증가|Erhöhte Beschwörungsbewegungsgeschwindigkeit|Augmentation de la vitesse de déplacement d'invocation |Velocidad de Movimento de Invocaciones Aumentada|Zwiększona prędkość ruchu przywołań
stat_faster_cast_rate|Faster Cast Rate|Nopeampi lähetysnopeus|Taxa de Conjuração Mais Rápida|Скорость чтения заклинаний повышена|施法速度|キャスト速度増加|시전 속도 증가|Schnellere Zauberrate|à la vitesse des sorts|Velocidad de Lanzamiento|Szybsza szybkość rzucania
stat_faster_cast_rate_t|Total Faster Cast Rate||Taxa Total de Conjuração Mais Rápida|Общая скорость чтения заклинаний|總施法速度增加|合計ファスターキャストレート|총 시전 속도|Gesamte Zauberrate|Taux de lancer total plus rapide |Velocidad de Lanzamiento Total|Całkowita szybsza szybkość rzucania
stat_attack_speed_p|Increased Attack Speed|Lisääntynyt hyökkäysnopeus|Velocidade de Ataque Aumentada|Скорость атаки повышена|攻擊速度增加|攻撃速度増加|공격 속도 증가|Erhöhte Angriffsgeschwindigkeit|à la vitesse d'attaque|Velocidad de Ataque Aumentada|Zwiększona szybkość ataku
stat_attack_speed_t|Total Attack Speed|Kokonaishyökkäysnopeus alennettu|Velocidade Total de Ataque|Общая скорость атаки|總攻擊速度|総攻撃速度が減少 |총 공격 속도 감소|Gesamte Angriffsgeschwindigkeit|Vitesse d'attaque totale réduite de |Velocidad de Ataque Total Reducida en|Całkowita szybkość ataku
stat_movement_speed_t|Increased Total Movement Speed||Velocidade Total de Movimento Aumentada|Общая скорость передвижения повышена|總移動速度增加|合計移動速度増加|추가 총 이동 속도|Erhöhte Gesamtbewegungsgeschwindigkeit|Augmentation de la vitesse de déplacement totale |Aumento de la velocidad de movimiento general |Zwiększona całkowita prędkość ruchu
stat_summon_attack_speed|Increased Summon Attack Speed|Lisääntynyt kutsuhyökkäysnopeus|Velocidade de Ataque dos Invocados Aumentada|Скорость атаки призванных повышена|召喚物攻擊速度增加|召喚物の攻撃速度増加|소환수 공격 속도 증가|Erhöhte Beschwörungsangriffsgeschwindigkeit|Augmentation de la vitesse d'attaque d'invocation |Velocidad de Ataque de Invocaciones Aumentada|Zwiększona szybkość ataku przywołań
stat_summon_skills|to Summon Skills|kutsua taitoja|Habilidades de Invocação|Навыки призыва|召喚技能等級|召喚スキル |소환 스킬|auf Beschwörungs-Fertigkeiten|pour invoquer des compétences |a Habilidades de Invocación|do umiejętności przywołań
stat_summon_damage|Summon Damage Increased by|Summon Damage lisääntynyt|Dano dos Invocados Aumentado|Урон призванных повышен|召喚物傷害增加|召喚ダメージが増加 |소환수 데미지 증가|Beschwörungsschaden erhöht um|Dégâts d'invocation augmentés de |Daño de Invocaciones Aumentado en|Obrażenia przywołań zwiększone o
stat_projectileSpeed|to Projectile Speed|ammuksen nopeuteen|Velocidade dos Projéteis|Скорость снарядов|投射物速度|発射速度へ |투사체 속도|zur Projektilgeschwindigkeit|à la vitesse du projectile |a Velocidad de Proyectil|do prędkości pocisków
stat_attack_range|Attack Range Increased by|Hyökkäysetäisyys kasvanut|Alcance de Ataque Aumentado|Дальность атаки повышена|攻擊距離增加|攻撃範囲が増加 |공격 범위 증가|Angriffsreichweite erhöht um|Portée d'attaque augmentée de |Rango de Ataque Aumentado|Zasięg ataku zwiększony o
stat_cooldown_reduction|Skill Haste Increased by|Jäähdytyksen palautuminen lisääntynyt|Aceleração de Habilidade Aumentada|Скорость навыков повышена|技能急速增加|クールダウン回復が増加 |재사용 대기시간 감소|Abklingzeit-Erholung erhöht um|Diminution du temps de recharge des compétences de |Recuperación de Enfriamiento Aumentada|Przyspieszenie umiejętności zwiększone o
stat_cooldown_reduction_belt|Flask Skill Haste Increased by|Kolvin jäähdytyspalautus lisääntynyt|Aceleração de Habilidade de Frasco Aumentada|Скорость навыков зелий повышена|藥劑冷卻時間恢復速度增加|フラスコのクールダウン回復が |플라스크 재사용 대기시간 감소|Trank Abklingzeit-Erholung erhöht um|Diminution du temps de recharge des potions de |Recuperación de Enfriamiento de Poción Aumentada|Przyspieszenie umiejętności flaszek zwiększone o
stat_to|to|to|Para|К|對|に対して |의|auf|à |a|do
stat_double_jump|Double Jump|Kaksoishyppy|Salto Duplo|Двойной прыжок|二段跳躍|ダブルジャンプ |더블 점프|Doppelsprung|Double saut|Salto Doble|Podwójny skok
stat_skill_damage|Magic Skill Damage increased by|Magic Skill Damage kasvoi|Dano de Habilidades Mágicas Aumentado|Урон магических навыков повышен|法術技能傷害增加|スキルダメージ増加|마법 스킬 데미지 증가|Magie Fertigkeitsschaden erhöht um|Dégâts compétences magiques augmentés de |Daño de Habilidades Mágicas Aumentado en|Obrażenia umiejętności magicznych zwiększone o
stat_explosion_aoe|Explosion area of effect increased by|Räjähdysalueen vaikutusalue kasvoi|Área de Efeito de Explosão Aumentada|Радиус взрыва повышен|爆炸範圍增加|爆発範囲拡大|폭발 범위 증가|Explosionsradius erhöht um|Taille de la zone d'effet augmentée de |Área de Efecto de Explosión Aumentada en|Powierzchnia wybuchu zwiększona o
stat_block_rating|Increased Chance of Blocking|Lisääntynyt eston mahdollisuus|Chance de Bloqueio Aumentada|Шанс блока повышен|格擋機率|ブロックの確率増加|블록 확률 증가|Erhöhte Chance zu Blocken|de chance de bloquer|Probabilidad de Bloqueo Aumentada|Zwiększona szansa na blokowanie
stat_enhanced_damage|Enhanced Damage|Tehostettu vahinko|Dano Aprimorado|Усиленный урон|增強傷害|ダメージ増加|증가된 데미지|Verstärkter Schaden|de dégâts|Daño Mejorado|Zwiększone obrażenia
stat_enhanced_defense|Enhanced Defense|Tehostettu puolustus|Defesa Aprimorada|Усиленная защита|增強防禦|防御力増加|증가된 방어력|Verstärkte Verteidigung|de défense|Defensa Mejorada|Zwiększona obrona
stat_critical_rate|Increased Critical Strike Chance|Lisääntynyt kriittisen iskun mahdollisuus|Chance de Acerto Crítico Aumentada|Шанс критического удара повышен|暴擊機率增加|クリティカルヒット確率の増加 |치명타 확률 증가|Erhöhte Chance auf kritische Treffer|de chance de faire un coup critique|Probabilidad de Golpe Crítico Aumentada|Zwiększona szansa na trafienie krytyczne
stat_deadly_blow|Chance for a Deadly Blow|Mahdollisuus tappavaan iskuun|Chance de Golpe Mortal|Шанс нанести смертельный удар|致命一擊機率|致命的な一撃のチャンス|데들리 블로 확률|Chance auf tödlichen Schlag|de chance de faire un coup mortel|Probabilidad de Golpe Mortal|Szansa na śmiertelny cios
stat_deadly_blow_p|Deadly Blow Damage increased by||Dano de Golpe Mortal Aumentado|Урон от смертельного удара повышен|致命一擊傷害增加|デッドリーブローのダメージ増加|데들리 블로 데미지 추가|Tödlicher Schlagschaden erhöht um|Dégâts du coup mortel augmentés de |El daño causado por el golpe mortal aumentó en |Obrażenia śmiertelnego ciosu zwiększone o
stat_crushing_blow|Chance for a Crushing Blow|Mahdollisuus murskaavaan iskuun|Chance de Golpe Esmagador|Шанс на сокрушительный удар|壓碎打擊機率|打撃力増加のチャンス|크러싱 블로 확률|Chance auf einen zerschmetternden Schlag|de chance de faire un coup cinglant|Probabilidad de Golpe Devastador|Szansa na miażdżący cios
stat_crushing_blow_p|Crushing Blow Armor Break increased by||Quebra de Armadura do Golpe Esmagador Aumentada|Пробитие брони от сокрушительного удара повышено|壓碎打擊的護甲破壞效果增加|クラッシングブローのアーマーブレイク効果増加|크러싱 블로 아머 파괴 추가|Zerschmetternder Schlag Rüstungsbruch erhöht um|Coup écrasant Brise-armure augmentée de |Golpe aplastante, Rompearmaduras aumentado |Przebicie pancerza miażdżącego ciosu zwiększone o
stat_attack_rating_p|Increased Attack Rating|Lisääntynyt hyökkäysluokitus|Precisão de Ataque Aumentada|Точность атаки повышена|命中率增加|攻撃評価増加|명중률 증가|Erhöhte Angriffswertung|d'augmentation du niveau d'attaque|Rating de Ataque Aumentado|Zwiększona celność ataku
stat_attack_rating|to Attack Rating|hyökkäysluokitukseen|Para Precisão de Ataque|К точности атаки|命中率|攻撃評価へ|명중률|auf Angriffswertung|au niveau d'attaque|a Rating de Ataque|do celności ataku
stat_life_per_hit|Life stolen per Hit|Henki varastettu osumaa kohti|Vida Roubada por Acerto|Кража жизни за удар|擊中偷取生命|ヒットごとに吸収されるライフ|공격 당 생명력 흡수|Leben pro Treffer gestohlen|de vie volée par coup|Vida Robada por Golpe|Kradzież życia na uderzenie
stat_mana_per_hit|Mana stolen per Hit|Mana varastettu hittiä kohden|Mana Roubada por Acerto|Кража маны за удар|擊中偷取魔力|ヒットごとに吸収されるマナ|공격 당 마나 흡수|Mana pro Treffer gestohlen|de mana volé par coup|Maná Robado por Golpe|Kradzież many na uderzenie
stat_life_per_second|Life per second|Elämä sekunnissa|Vida por Segundo|Жизнь в секунду|每秒生命回復|1秒あたりの寿命 |초당 생명력|Leben pro Sekunde|Vie par seconde |Vida por Segundo|Życie na sekundę
stat_mana_per_second|Mana per second|Mana sekunnissa|Mana por Segundo|Мана в секунду|每秒魔力回復|1秒あたりのマナ |초당 마나|Mana pro Sekunde|Mana par seconde |Maná por Segundo|Mana na sekundę
stat_critical_damage|Increased Critical Strike Damage|Lisääntynyt kriittisten iskujen vahinko|Dano de Acerto Crítico Aumentado|Урон от критического удара повышен|暴擊傷害增加|クリティカルストライクダメージ増加|치명타 데미지 증가|Erhöhter kritischer Trefferschaden|de dégâts critique|Daño de Golpe Crítico Aumentado|Zwiększone obrażenia trafienia krytycznego
stat_target_defense|of target Defense ignored|kohteen puolustus huomioimatta|Defesa do Alvo Ignorada|Игнорирование защиты цели|無視目標防禦|対象の防御力を無視|대상 방어구 무시|von Zielverteidigung ignoriert|de la défense de la cible ignorée|Ignora Defensa del Objetivo|Ignorowanie obrony celu
stat_open_wounds|Chance to Open Wounds|Mahdollisuus avata haavat|Chance de Abrir Feridas|Шанс открыть раны|造成撕裂傷口機率|ウーンドを開くチャンス|출혈 확률|Chance auf Wunden|de chance de blessures ouvertes|Probabilidad de Heridas Abiertas|Szansa na otwarcie ran
stat_open_wounds_p|Open Wounds Bleed Damage increased by||Dano de Sangramento de Feridas Abertas Aumentado|Урон кровотечения от открытых ран повышен|撕裂傷口流血傷害增加|オープンウーンズの出血ダメージ増加|출혈 데미지 추가|Blutungsschaden bei offenen Wunden erhöht um|Les dégâts de saignement des plaies ouvertes ont été augmentés de |El daño hemorrágico de las heridas abiertas ha aumentado en |Obrażenia krwawienia z otwartych ran zwiększone o
stat_piercing|Piercing Attack|Lävistyshyökkäys|Ataque Perfurante|Пронзающая атака|穿透攻擊|貫通攻撃|관통 공격|Durchdringender Angriff|Attaque perçante|Ataque Perforante|Przebicie ataku
stat_slow_target|Slows target by|Hidastaa tavoitetta|Reduz Velocidade do Alvo|Замедление цели|減緩目標|対象を減速|대상 슬로우|Verlangsamt das Ziel um|Ralentit la cible de|Ralentiza al Objetivo en|Spowalnia cel o
stat_monsters_rest_in_peace|Monsters rest in peace after death|Hirviöt lepäävät rauhassa kuoleman jälkeen |Monstros descansam em paz após a morte|Монстры упокоиваются после смерти|怪物擊殺後安息|モンスターは死後安らかに眠る |괴물은 죽은 뒤에도 편히 쉬어간다 |Monster ruhen in Frieden nach dem Tod|Les monstres reposent en paix après la mort |Monstruos Descansan en Paz al Morir|Potwory spoczywają w pokoju po śmierci
stat_strength|to Strength|vahvuuteen|Força|Сила|力量|力へ|힘|auf Stärke|en force|a Fuerza|do Siły
stat_dexterity|to Dexterity|Kevyydelle|Destreza|Ловкость|敏捷|器用さへ|민첩성|auf Geschicklichkeit|en dextérité|a Destreza|do Zręczności
stat_intelligence|to Intelligence|älykkyyteen|Inteligência|Интеллект|智力|インテリジェンスへ |지능|auf Intelligenz|en intelligence|a Inteligencia|do Inteligencji
stat_energy|to Energy|Energialle|Energia|Энергия|能量|エネルギーへ|에너지|auf Energie|en énergie|a Energía|do Energii
stat_armor|to Armor|panssariin|Armadura|Броня|護甲|アーマーへ|방어력|auf Rüstung|d'armure|a Armadura|do Pancerza
stat_vitality|to Vitality|elinvoimaisuuteen|Vitalidade|Живучесть|體力|体力へ|활력|auf Vitalität|en vitalité|a Vitalidad|do Witalności
stat_strength_p|Increased Strength||Força Aumentada|Сила повышена|力量增加|筋力増加|힘 추가|Erhöhte Stärke|Force accrue|Mayor fuerza|Zwiększona Siła
stat_armor_p|Increased Armor||Armadura Aumentada|Броня повышена|護甲增加|防御力増加|방어력 추가|Verbesserte Panzerung|Armure accrue|Mayor armadura|Zwiększony Pancerz
stat_intelligence_p|Increased Intelligence||Inteligência Aumentada|Интеллект повышен|智力增加|知力増加|지능 추가|Verbesserte Intelligenz|Intelligence accrue|Mayor inteligencia|Zwiększona Inteligencja
stat_vitality_p|Increased Vitality||Vitalidade Aumentada|Живучесть повышена|體力增加|活力増加|체력 추가|Verbesserte Vitalität|Vitalité accrue|Mayor vitalidad |Zwiększona Witalność
stat_dexterity_p|Increased Dexterity||Destreza Aumentada|Ловкость повышена|敏捷增加|敏捷性増加|민첩 추가|Verbesserte Geschicklichkeit|Dextérité accrue|Destreza Aumentada|Zwiększona Zręczność
stat_energy_p|Increased Energy||Energia Aumentada|Энергия повышена|能量增加|エネルギー増加|에너지 추가|Verbesserte Energie|Énergie accrue |Mayor energía |Zwiększona Energia
stat_pointsLeft|Points Left|Pisteitä jäljellä|Pontos Restantes|Осталось очков|剩餘點數|残されたポイント|남은 포인트|Verbleibende Punkte|Point(s) restant(s)|Puntos Restantes|Pozostałe punkty
stat_all_stats|to All Attributes|kaikkiin määritteisiin|Para Todos os Atributos|Ко всем характеристикам|全屬性|全ての属性へ|모든 스텟|auf alle Attribute|à toutes les statistiques|a Todos los Atributos|do wszystkich atrybutów
stat_all_stats_p|Increased All Attributes||Todos os Atributos Aumentados|Все характеристики повышены|全屬性增加|全属性増加|모든 스텟 추가|Erhöhte alle Attribute|Augmentation de tous les attributs |Aumento de todos los atributos. |Zwiększone wszystkie atrybuty
stat_physical_damage|to Physical Damage|fyysiselle vahingolle|Dano Físico|Физический урон|附加物理傷害|付加的な物理的ダメージへの影響|물리 데미지|auf zusätzlichem physischen Schaden|aux dégâts physique infusés|a Daño Físico Adicional|do obrażeń fizycznych
stat_magic_damage|to Additive Arcane Damage|Additive Arcane Damage|Dano Arcano Adicional|Дополнительный урон от тайной магии|附加奧術傷害|追加の秘術ダメージ |추가 아케인 데미지|zu additivem Arkanschaden|aux dégâts d'arcane infusés|a Daño Arcano Adicional|do addytywnych obrażeń arkanicznych
stat_lightning_damage|to Additive Lightning Damage|lisäaineisiin salamavaurioihin|Dano de Relâmpago Adicional|Дополнительный урон от молнии|附加閃電傷害|加算雷撃ダメージへ|추가 번개 데미지|zu additivem Blitzschaden|aux dégâts de foudre infusés|a Daño de Rayo Adicional|do addytywnych obrażeń błyskawic
stat_fire_damage|to Additive Fire Damage|lisäainepalovaurioille|Dano de Fogo Adicional|Дополнительный урон от огня|附加火焰傷害|加算火災ダメージへ|추가 불 데미지|zu additivem Feuerschaden|aux dégâts de feu infusés|a Daño de Fuego Adicional|do addytywnych obrażeń ognistych
stat_cold_damage|to Additive Cold Damage|lisäainekylmävaurioille|Dano de Gelo Adicional|Дополнительный урон от холода|附加冰霜傷害|加算冷気ダメージへ|추가 냉기 데미지|zu additivem Kälteschaden|aux dégâts de froid infusés|a Daño de Frío Adicional|do addytywnych obrażeń lodowych
stat_poison_damage|to Additive Poison Damage|lisäainemyrkkyvaurioille|Dano de Veneno Adicional|Дополнительный урон от яда|附加毒素傷害|加算毒ダメージへ|추가 독 데미지|zu additivem Giftschaden|aux dégâts de poison infusés|a Daño de Veneno Adicional|do addytywnych obrażeń trujących
stat_spell_magic_damage|to Arcane Skill Damage|Arcane Skill Damageen|Dano de Habilidades Arcanas|Урон от тайных навыков|奧術技能傷害|秘術スキルのダメージ|아케인 스킬 데미지|zu Arkan-Fertigkeitsschaden|aux dégâts des compétences arcaniques|a Daño de Habilidades Arcanas|do obrażeń umiejętności arkanicznych
stat_spell_lightning_damage|to Lightning Skill Damage|salaman taitovaurioon|Dano de Habilidades de Relâmpago|Урон от навыков молнии|閃電技能傷害|雷スキルのダメージ|번개 스킬 데미지|zu Blitz-Fertigkeitsschaden|aux dégâts des compétences de foudre|a Daño de Habilidades de Rayo|do obrażeń umiejętności błyskawic
stat_spell_fire_damage|to Fire Skill Damage|palotaitojen vaurioihin|Dano de Habilidades de Fogo|Урон от навыков огня|火焰技能傷害|火スキルのダメージ|불 스킬 데미지|zu Feuer-Fertigkeitsschaden|aux dégâts des compétences de feu|a Daño de Habilidades de Fuego|do obrażeń umiejętności ognistych
stat_spell_cold_damage|to Cold Skill Damage|kylmään taitovaurioon|Dano de Habilidades de Gelo|Урон от навыков холода|冰霜技能傷害|冷気スキルのダメージ|냉기 스킬 데미지|zu Kälte-Fertigkeitsschaden|aux dégâts des compétences de froid|a Daño de Habilidades de Frío|do obrażeń umiejętności lodowych
stat_spell_poison_damage|to Poison Skill Damage|Poison Skill Damage|Dano de Habilidades de Veneno|Урон от навыков яда|毒素技能傷害|毒スキルのダメージ |독 스킬 데미지|zu Gift-Fertigkeitsschaden|aux dégâts des compétences de poison |a Daño de Habilidades de Veneno|do obrażeń umiejętności trujących
stat_spell_elemental_damage|to Magic Skill Damage||Dano de Habilidades Mágicas|Урон от магических навыков|法術技能傷害|魔法スキルダメージ|마법 스킬 데미지|zu Magie-Fertigkeitsschaden|aux dégâts des compétences magiques |al daño causado por habilidades mágicas |do obrażeń umiejętności magicznych
stat_fire_damage_p|Fire Skill Damage increased by|Fire Skill Damage kasvoi|Dano de Habilidades de Fogo Aumentado|Урон от навыков огня повышен|火焰技能傷害增加|火焔スキルダメージ増加|불 스킬 데미지 증가|Feuer-Fertigkeitsschaden erhöht um|Dégâts des compétences de feu augmentés de |Daño de Habilidades de Fuego Aumentado en|Obrażenia umiejętności ognistych zwiększone o
stat_cold_damage_p|Cold Skill Damage increased by|Kylmän taitovauriot lisääntyivät|Dano de Habilidades de Gelo Aumentado|Урон от навыков холода повышен|冰霜技能傷害增加|冷気スキルダメージ増加|냉기 스킬 데미지 증가|Kälte-Fertigkeitsschaden erhöht um|Dégâts des compétences de froid augmentés de |Daño de Habilidades de Frío Aumentado en|Obrażenia umiejętności lodowych zwiększone o
stat_magic_damage_p|Arcane Skill Damage increased by|Arcane Skill Damage lisääntyi|Dano de Habilidades Arcanas Aumentado|Урон от тайных навыков повышен|奧術技能傷害增加|アーケインスキルのダメージが増加 |아케인 스킬 데미지가 증가|Arkan-Fertigkeitsschaden erhöht um|Dégâts des compétences d'arcane augmentés de |Daño de Habilidades Arcanas Aumentado en|Obrażenia umiejętności arkanicznych zwiększone o
stat_poison_damage_p|Poison Skill Damage increased by|Poison Skill Damage lisääntynyt|Dano de Habilidades de Veneno Aumentado|Урон от навыков яда повышен|毒素技能傷害增加|毒スキルダメージ増加|독 스킬 데미지 증가|Gift-Fertigkeitsschaden erhöht um|Dégâts des compétences de poison augmentés de |Daño de Habilidades de Veneno Aumentado en|Obrażenia umiejętności trujących zwiększone o
stat_lightning_damage_p|Lightning Skill Damage increased by|Lightning Skill Damage lisääntynyt|Dano de Habilidades de Relâmpago Aumentado|Урон от навыков молнии повышен|閃電技能傷害增加|雷撃スキルダメージ増加|번개 스킬 데미지 증가|Blitz-Fertigkeitsschaden erhöht um|Dégâts des compétences de foudre augmentés de |Daño de Habilidades de Rayo Aumentado en|Obrażenia umiejętności błyskawic zwiększone o
stat_physical_damage_p|Attack Damage increased by|Attack Damage kasvoi|Dano de Ataque Aumentado|Урон от атаки повышен|攻擊傷害增加|攻撃ダメージ増加|공격 데미지 증가|Angriffsschaden erhöht um|Dégâts d'attaque augmentés de |Daño de Ataque Aumentado en|Obrażenia ataku zwiększone o
stat_projectile_damage_p|Projectile Damage increased by||Dano de Projéteis Aumentado|Урон от снарядов повышен|投射物傷害增加|投射物ダメージ増加|투사체 데미지 증가|Projektilschaden erhöht um|Dégâts des projectiles augmentés de|Daño por proyectil aumentado en|Obrażenia pocisków zwiększone o
stat_orbital_damage_p|Orbital Damage increased by||Dano Orbital Aumentado|Урон от орбитальных снарядов повышен|環繞技能傷害增加|軌道ダメージ増加|궤도 데미지 추가|Orbitalschaden erhöht um|Dégâts orbitaux augmentés de |Daño orbital aumentado en |Obrażenia orbitalne zwiększone o
stat_explosion_damage|Explosion Damage increased by|Räjähdysvauriot lisääntyivät|Dano de Explosão Aumentado|Урон от взрывов повышен|爆炸傷害增加|爆発ダメージが増加|폭발 데미지 증가|Explosionsschaden erhöht um|Les dégâts des explosions ont augmenté de|Daño de Explosión Aumentado en|Obrażenia wybuchu zwiększone o
stat_explosion_skills|to Explosion Skills|räjähdystaitoon|Habilidades de Explosão|Навыки взрыва|爆炸技能等級|爆発スキル |폭발 스킬|auf Explosions-Fertigkeiten|aux compétences d'explosion |a Habilidades de Explosión|do umiejętności wybuchowych
stat_cold_skills|to Cold Skills|Cold Skillsiin|Habilidades de Gelo|Навыки холода|冰霜技能等級|冷気スキルへ|냉기 스킬|auf Kälte-Fertigkeiten|aux compétences de froid|a Habilidades de Frío|do umiejętności lodowych
stat_lightning_skills|to Lightning Skills|Lightning Skillsiin|Habilidades de Relâmpago|Навыки молнии|閃電技能等級|雷撃スキルへ|번개 스킬|auf Blitz-Fertigkeiten|aux compétences de foudre|a Habilidades de Rayo|do umiejętności błyskawic
stat_fire_skills|to Fire Skills|tulitaitoihin|Habilidades de Fogo|Навыки огня|火焰技能等級|火焔スキルへ|불 스킬|auf Feuer-Fertigkeiten|aux compétences de feu|a Habilidades de Fuego|do umiejętności ognistych
stat_poison_skills|to Poison Skills|Poison Skillsiin|Habilidades de Veneno|Навыки яда|毒素技能等級|毒スキルへ|독 스킬|auf Gift-Fertigkeiten|aux compétences de poison|a Habilidades de Veneno|do umiejętności trujących
stat_magic_skills|to Arcane Skills|Arcane Skillsiin|Habilidades Arcanas|Навыки тайной магии|奧術技能等級|秘術スキル |아케인 스킬|auf Arkan-Fertigkeiten|aux compétences d'arcane|a Habilidades Arcanas|do umiejętności arkanicznych
stat_physical_skills|to Physical Skills|Fyysisiin taitoihin|Habilidades Físicas|Физические навыки|物理技能等級|物理スキルへ|물리 스킬|auf Physische-Fertigkeiten|aux compétences physique|a Habilidades Físicas|do umiejętności fizycznych
stat_elemental_skills|to Magic Skills|Magic Skillsiin|Habilidades Mágicas|Магические навыки|法術技能等級|魔法のスキルへ |마법 스킬|auf Magie-Fertigkeiten|aux compétences magiques |a Habilidades Mágicas|do umiejętności magicznych
stat_ignore_cold_resist|to Enemy Cold Resistance|vihollisen kylmävastustukseen|Resistência a Gelo dos Inimigos|Сопротивление холоду врагов|敵人冰霜抗性|敵の冷気抵抗へ|적의 냉기 저항|auf Kälteresistenz des Gegners|à la résistance au froid de l'ennemi|a Resistencia a Frío del Enemigo|do odporności na zimno wroga
stat_ignore_fire_resist|to Enemy Fire Resistance|vihollisen tulenvastustukseen|Resistência a Fogo dos Inimigos|Сопротивление огню врагов|敵人火焰抗性|敵の火焔抵抗へ|적의 불 저항|auf Feuerresistenz des Gegners|à la résistance au feu de l'ennemi|a Resistencia a Fuego del Enemigo|do odporności na ogień wroga
stat_ignore_poison_resist|to Enemy Poison Resistance|vihollisen myrkytysresistanssiin|Resistência a Veneno dos Inimigos|Сопротивление яду врагов|敵人毒素抗性|敵の毒抵抗へ|적의 독 저항|auf Giftresistenz des Gegners|à la résistance au poison de l'ennemi|a Resistencia a Veneno del Enemigo|do odporności na truciznę wroga
stat_ignore_lightning_resist|to Enemy Lightning Resistance|vihollisen salaman vastustuskykyyn|Resistência a Relâmpago dos Inimigos|Сопротивление молнии врагов|敵人閃電抗性|敵の雷撃抵抗へ|적의 번개 저항|auf Blitzresistenz des Gegners|à la résistance à la foudre de l'ennemi|a Resistencia a Rayo del Enemigo|do odporności na błyskawice wroga
stat_ignore_magic_resist|to Enemy Arcane Resistance|Enemy Arcane Resistancelle|Resistência Arcana dos Inimigos|Сопротивление тайной магии врагов|敵人奧術抗性|敵のアーケイン耐性|적의 아케인 저항|auf Arkanresistenz des Gegners|à la résistance à l'arcane de l'ennemi|a Resistencia Arcana del Enemigo|do odporności arkanicznej wroga
stat_ignore_all_resist|to All Enemy Resistances|Kaikille vihollisen vastarintamaille|Todas as Resistências dos Inimigos|Все сопротивления врагов|敵人所有抗性|すべての敵の耐性 |모든 적의 저항|auf alle Resistenzen des Gegners|à toutes les résistances ennemies |a Todas las Resistencias del Enemigo|do wszystkich odporności wroga
stat_jump_power|Increased Jumping Power|Lisääntynyt hyppyvoima|Poder de Salto Aumentado|Сила прыжка повышена|跳躍能力增加|ジャンプ力増加|점프 파워 증가|Erhöhte Sprungkraft|Augmentation de la puissance du saut|Poder de Salto Aumentado|Zwiększona moc skoku
stat_hp_rep|Replenish Life|Täydennä elämää |Recuperação de Vida|Восстановление жизни|生命回復|生命力の回復|생명력 회복|Lebensregeneration|Régénération de vie |Regeneración de Vida|Odnawianie życia
stat_hp_rep_t|Total Life Replenish||Recuperação Total de Vida|Общее восстановление жизни|總生命回復|トータルライフリプレニッシュ |토탈 라이프 리플레니시 |Gesamte Lebensregeneration|Durée de vie totale renouvelée |Vida total reabastecida |Całkowite odnawianie życia
stat_mana_rep|Replenish Mana|Täydennä Manaa|Recuperação de Mana|Восстановление маны|魔力回復|マナの回復|마나 회복|Manaregeneration|Régénération du mana |Regeneración de Maná|Odnawianie many
stat_life|to Life|Elämään|Vida|Жизнь|生命|生命力へ|생명력|auf Leben|à la vie|a Vida|do Życia
stat_mana|to Mana|Manalle|Mana|Мана|魔力|マナへ|마나|auf Mana|au mana|a Maná|do Many
stat_faster_hit_recovery|Faster Hit Recovery|Nopeampi osumien palautus|Recuperação Após Acerto Mais Rápida|Более быстрое восстановление после удара|快速打擊恢復|より速い回復力|빠른 피격 회복|Schnellere Erholung nach Treffern|de récupération rapide après un coup|Recuperación de Impacto Más Rápida|Szybsze odzyskanie po trafieniu
stat_defense_vs_missile|Defense vs Missiles|Puolustus vs ohjukset|Defesa Contra Projéteis|Защита от снарядов|對投射物的防禦|ミサイルに対する防御|투사체 방어|Verteidigung gegen Geschosse|de défense contre les missiles|Defensa contra Proyectiles|Obrona przed pociskami
stat_hp_kill|Life After each Kill|Elämä jokaisen murhan jälkeen|Vida Após Cada Morte|Жизнь после каждого убийства|擊殺後生命回復|キル後の生命回復|죽인 후 생명력 회복|Leben nach jedem Kill|de vie après chaque mort|Vida al Matar|Życie po każdym zabiciu
stat_mana_kill|Mana After each Kill|Mana jokaisen tappamisen jälkeen|Mana Após Cada Morte|Мана после каждого убийства|擊殺後魔力回復|キル後のマナ回復|죽인 후 마나 회복|Mana nach jedem Kill|de mana après chaque mort|Maná al Matar|Mana po każdym zabiciu
stat_max_hp|Life Increased by|Elinikä lisääntynyt|Vida Aumentada|Жизнь повышена|生命增加|生命力増加|생명력 증가|Leben erhöht um|Vie augmenté de |Vida Aumentada en|Życie zwiększone o
stat_max_mana|Mana Increased by|Mana lisääntynyt|Mana Aumentada|Мана повышена|魔力增加|マナ増加|마나 증가|Mana erhöht um|Mana augmenté de |Maná Aumentado en|Mana zwiększona o
stat_light_radius|to Light Radius|valonsäteeseen|Raio de Luz|Радиус освещения|光照範圍|光の半径へ|빛 반경|auf Lichtradius|au cercle de lumière|a Radio de Luz|do promienia światła
stat_damage_return|Damage Returned to the Attacker|Hyökkääjälle palautetuista vahingoista|Dano Devolvido ao Atacante|Часть урона возвращается атакующему|傷害反彈給攻擊者|攻撃者に返されるダメージの割合|공격 반사 데미지|von erlittenen Schaden zurückgeworfenem |de dégâts d'épine|Daño Reflejado al Atacante|Część obrażeń zwrócona atakującemu
stat_damage_return_p|Increased Damage Returned to the Attacker|||Увеличенный урон, возвращаемый нападающему|增加反射給攻擊者的傷害||공격자에게 반사되는 데미지 증가|||Daño Reflejado al Atacante Aumentado|
stat_damage_taken_mana|of Damage Taken Recouped as Mana|vahingoista, jotka on korvattu manana|Dano Recebido Recuperado como Mana|Полученный урон восстанавливается как мана|承受傷害轉為魔力恢復|受けたダメージのマナとして回復|데미지를 일부를 마나로 전환|von erlittenen Schaden als Mana zurückgewonnen|des dégâts subis récupérés sous forme de mana|del Daño Recibido se Recupera como Maná|Część otrzymanych obrażeń odzyskana jako mana
stat_damage_taken_life|of Damage Taken Recouped as Life|vahingonkorvaus henkinä|Dano Recebido Recuperado como Vida|Полученный урон восстанавливается как жизнь|承受傷害轉為生命恢復|受けたダメージのライフとして回復 |데미지 일부를 생명력으로 전환|von erlittenen Schaden als Leben zurückgewonnen|des dégâts subis récupérés sous forme de vie |del Daño Recibido se Recupera como Vida|Część otrzymanych obrażeń odzyskana jako życie
stat_damage_reduction|Physical Damage Taken Reduced by|Fyysiset vahingot vähennetty|Dano Físico Recebido Reduzido|Снижение физического урона|承受物理傷害減免|物理ダメージ軽減|물리 데미지 감소|Erlittener physischer Schaden reduziert um|Dégâts physiques subis réduits de |Daño Físico Recibido Reducido en|Otrzymane obrażenia fizyczne zmniejszone o
stat_magic_damage_reduction|Magic Damage Taken Reduced by|Magic Damage Taken Vähentynyt|Dano Mágico Recebido Reduzido|Снижение магического урона|承受法術傷害減免|受ける魔法ダメージが軽減|마법 데미지 감소|Erlittener magischer Schaden reduziert um|Dégâts magiques subis réduits de |Daño Mágico Recibido Reducido en|Otrzymane obrażenia magiczne zmniejszone o
stat_all_damage_reduction|All Damage Taken Reduced by|Kaikki vahingot vähennetty|Todo Dano Recebido Reduzido|Снижение всего урона|承受所有傷害減免|受ける全ダメージが軽減 |모든 데미지 감소|Erlittener Gesamtschaden reduziert um|Tous les dégâts subis réduits de |Todo el Daño Recibido Reducido en|Wszystkie otrzymane obrażenia zmniejszone o
stat_damage_reduced|Damage Taken Reduced by|Korvattu vaurio vähentynyt|Dano Recebido Reduzido|Снижение урона|承受傷害減免|ダメージ軽減|데미지 감소|Erlittener Schaden reduziert um|Dégâts subis réduits de |Daño Recibido Reducido en|Otrzymane obrażenia zmniejszone o
stat_mana_per_level|to Mana (Based on Level)|Manaan (tason perusteella)|Mana (Baseado no Nível)|Мана (в зависимости от уровня)|魔力（依角色等級）|レベルに基づくマナへ|마나(레벨 비례)|auf Mana (basierend auf Stufe)|à la mana (basé sur le niv.)|a Maná (Basado en Nivel)|do Many (zależnie od poziomu)
stat_life_per_level|to Life (Based on Level)|elämään (tason perusteella)|Vida (Baseado no Nível)|Жизнь (в зависимости от уровня)|生命（依角色等級）|レベルに基づく生命へ|생명력(레벨 비례)|auf Leben (basierend auf Stufe)|à la vie (basé sur le niv.)|a Vida (Basado en Nivel)|do Życia (zależnie od poziomu)
stat_defense_per_level|Defense (Based on Level)|Puolustus (tason perusteella)|Defesa (Baseado no Nível)|Защита (в зависимости от уровня)|防禦（依角色等級）|レベルに基づく防御力|방어력(레벨 비례)|auf Verteidigung (basierend auf Stufe)|de défense (basé sur le niv.)|Defensa (Basado en Nivel)|Obrona (zależnie od poziomu)
stat_magic_find_per_level|Magic Find (Based on Level)|Taikalöytö (tason perusteella)|Chance de Itens Mágicos (Baseado no Nível)|Магическая находка (в зависимости от уровня)|物品稀有度（依角色等級）|レベルに基づくマジックファインド|매직 아이템 확률(레벨 비례)|auf Magie Fund (basierend auf Stufe)|De découverte d'objets magiques (basé sur le niv.)|Hallazgo Mágico (Basado en Nivel)|Szansa na magiczne przedmioty (zależnie od poziomu)
stat_enhanced_defense_per_level|Enhanced Defense (Based on Level)|Tehostettu puolustus (tasoon perustuen)|Defesa Aprimorada (Baseado no Nível)|Усиленная защита (в зависимости от уровня)|增强防禦（依角色等級）|レベルに基づく強化防御力|증가된 방어구(레벨 비례)|auf verstärkte Verteidigung (basierend auf Stufe)|de défense (basé sur le niv.)|Defensa Mejorada (Basado en Nivel)|Zwiększona obrona (zależnie od poziomu)
stat_enhanced_damage_per_level|Enhanced Damage (Based on Level)|Lisääntynyt vahinko (tason perusteella)|Dano Aprimorado (Baseado no Nível)|Усиленный урон (в зависимости от уровня)|增强傷害（依角色等級）|レベルに基づく強化ダメージ|증가된 데미지(레벨 비례)|auf verstärkten Schaden (basierend auf Stufe)|de dégâts (basé sur le niv.)|Daño Mejorado (Basado en Nivel)|Zwiększone obrażenia (zależnie od poziomu)
stat_attack_rating_per_level|to Attack Rating (Based on Level)|hyökätä luokitus (tason perusteella)|Precisão de Ataque (Baseado no Nível)|Точность атаки (в зависимости от уровня)|命中率（依角色等級）|攻撃力評価（レベルに基づく） |명중률(레벨 비례)|zur Angriffswertung (basierend auf Stufe)|pour attaquer le niveau (en fonction du niveau) |a Rating de Ataque (Basado en Nivel)|do celności ataku (zależnie od poziomu)
stat_damage_per_level|to Physical Damage (Based on Level)|vaurioitumaan (tason perusteella)|Dano Físico (Baseado no Nível)|Физический урон (в зависимости от уровня)|物理傷害（依角色等級）|ダメージへ（レベルに基づく）|데미지(레벨 비례)|auf Schaden (basierend auf Stufe)|aux dégâts d'attaque (basé sur le niv.)|a Daño (Basado en Nivel)|do obrażeń fizycznych (zależnie od poziomu)
stat_strength_per_level|to Strength (Based on Level)|vahvuuteen (tason perusteella)|Força (Baseado no Nível)|Сила (в зависимости от уровня)|力量（依角色等級）|力へ（レベルに基づく）|힘(레벨 비례)|auf Stärke (basierend auf Stufe)|en force (basé sur le niv.)|a Fuerza (Basado en Nivel)|do Siły (zależnie od poziomu)
stat_dexterity_per_level|to Dexterity (Based on Level)|näppäryyteen (tason perusteella)|Destreza (Baseado no Nível)|Ловкость (в зависимости от уровня)|敏捷（依角色等級）|器用さまで (レベルに基づく)|민첩성((레벨 비례)|auf Geschicklichkeit (basierend auf Stufe)|de dextérité (basé sur le niv.)|a Destreza (Basado en Nivel)|do Zręczności (zależnie od poziomu)
stat_energy_per_level|to Energy (Based on Level)|energiaan (tason perusteella)|Energia (Baseado no Nível)|Энергия (в зависимости от уровня)|能量（依角色等級）|エネルギーへ（レベルに基づく）|에너지(레벨 비례)|auf Energie (basierend auf Stufe)|à l'énergie (basé sur le niv.)|a Energía (Basado en Nivel)|do Energii (zależnie od poziomu)
stat_intelligence_per_level|to Intelligence (Based on Level)|älykkyyteen (tason perusteella)|Inteligência (Baseado no Nível)|Интеллект (в зависимости от уровня)|智力（依角色等級）|知能（レベルに基づく） |지능(레벨 비례)|auf Intelligenz (basierend auf Stufe)|à l'intelligence (en fonction du niveau) |a Inteligencia (Basado en Nivel)|do Inteligencji (zależnie od poziomu)
stat_armor_per_level|to Armor (Based on Level)|panssariin (tason perusteella)|Armadura (Baseado no Nível)|Броня (в зависимости от уровня)|護甲（依角色等級）|アーマーへ（レベルに基づく）|방어력(레벨 비례)|auf Rüstung (basierend auf Stufe)|d'armure (basé sur le niv.)|a Armadura (Basado en Nivel)|do Pancerza (zależnie od poziomu)
stat_vitality_per_level|to Vitality (Based on Level)|elinvoimaisuuteen (tason perusteella)|Vitalidade (Baseado no Nível)|Живучесть (в зависимости от уровня)|體力（依角色等級）|体力へ（レベルに基づく）|활력(레벨 비례)|auf Vitalität (basierend auf Stufe)|en vitalité (basé sur le niv.)|a Vitalidad (Basado en Nivel)|do Witalności (zależnie od poziomu)
stat_all_resistance|to All Resistances|Kaikille vastustuksille|Todas as Resistências|Все сопротивления|所有元素抗性|全抵抗力へ|모든 저항|auf alle Resistenzen|à toutes les résistances|a Todas las Resistencias|do wszystkich odporności
stat_magic_resistance|to Arcane Resistance|Arcane Resistancelle|Resistência Arcana|Сопротивление тайной магии|奧術抗性|魔法抵抗力へ|아케인 저항|auf Arkanresistenz|à la résistance à l'arcane |a Resistencia Arcana|do odporności arkanicznej
stat_cold_resistance|to Cold Resistance|kylmänkestävyyteen|Resistência a Gelo|Сопротивление холоду|冰霜抗性|冷気抵抗力へ|냉기 저항|auf Kälteresistenz|à la résistance au froid|a Resistencia a Frío|do odporności na zimno
stat_fire_resistance|to Fire Resistance|tulenkestävyyteen|Resistência a Fogo|Сопротивление огню|火焰抗性|火焔抵抗力へ|불 저항|auf Feuerresistenz|à la résistance au feu|a Resistencia a Fuego|do odporności na ogień
stat_poison_resistance|to Poison Resistance|myrkkynkestävyyteen|Resistência a Veneno|Сопротивление яду|毒素抗性|毒抵抗力へ|독 저항|auf Giftresistenz|à la résistance au poison|a Resistencia a Veneno|do odporności na truciznę
stat_lightning_resistance|to Lightning Resistance|salamankestävyyteen|Resistência a Relâmpago|Сопротивление молнии|閃電抗性|雷撃抵抗力へ|번개 저항|auf Blitzresistenz|à la résistance à la foudre|a Resistencia a Rayo|do odporności na błyskawice
stat_max_all_resistance|to Maximum All Resists|Maximum All Resistille|Máximo de Todas as Resistências|Максимум всех сопротивлений|所有抗性上限|すべての耐性を最大にする |모든 최대 저항|bis zum Maximum aller Resists|pour maximiser toutes les résistances |a Máximo de Todas las Resistencias|do maksymalnych wszystkich odporności
stat_max_magic_resistance|to Maximum Arcane Resist|Maximum Arcane Resistiin|Máximo de Resistência Arcana|Максимум сопротивления тайной магии|奧術抗性上限|最大魔法抵抗力へ|최대 아케인 저항|auf maximale Arkanresistenz|à la résistance max à l'arcane |a Máxima Resistencia Arcana|do maksymalnej odporności arkanicznej
stat_max_fire_resistance|to Maximum Fire Resist|maksimaaliseen palonkestävyyteen|Máximo de Resistência a Fogo|Максимум сопротивления огню|火焰抗性上限|最大火焔抵抗力へ|최대 불 저항|auf maximale Feuerresistenz|à la résistance max au feu|a Máxima Resistencia a Fuego|do maksymalnej odporności na ogień
stat_max_cold_resistance|to Maximum Cold Resist|maksimaaliseen kylmänkestoon|Máximo de Resistência a Gelo|Максимум сопротивления холоду|冰霜抗性上限|最大冷気抵抗力へ|최대 냉기 저항|auf maximale Kälteresistenz|à la résistance max au froid|a Máxima Resistencia a Frío|do maksymalnej odporności na zimno
stat_max_poison_resistance|to Maximum Poison Resist|maksimaaliseen myrkkynkestävyyteen|Máximo de Resistência a Veneno|Максимум сопротивления яду|毒素抗性上限|最大毒抵抗力へ|최대 독 저항|auf maximale Giftresistenz|à la résistance max au poison|a Máxima Resistencia a Veneno|do maksymalnej odporności na truciznę
stat_max_lightning_resistance|to Maximum Lightning Resist|maksimaaliseen salamankestävyyteen|Máximo de Resistência a Relâmpago|Максимум сопротивления молнии|閃電抗性上限|最大雷撃抵抗力へ|최대 번개 저항|auf maximale Blitzresistenz|à la résistance max à la foudre|a Máxima Resistencia a Rayo|do maksymalnej odporności na błyskawice
stat_extra_ruby|Extra Rubies Dropped From Kills|Ylimääräisiä rubiineja pudotettiin tappajista|Rubi Extra Obtido de Mortes|Дополнительные рубины с убийств|擊殺掉落額外紅寶石|キルから追加のルビーをドロップ|몬스터 처치시 추가 루비 드롭|Zusätzliche Rubine von getöteten Gegnern|Rubis supplémentaires par mort|Rubíes Extra Obtenidos al Matar|Dodatkowe rubiny z zabitych potworów
stat_extra_gold|Extra Gold Dropped From Kills|Ylimääräistä kultaa pudonnut tappajista|Ouro Extra Obtido de Mortes|Дополнительное золото с убийств|擊殺掉落額外金幣|キルから追加のゴールドをドロップ|몬스터 처치시 추가 골드 드롭|Zusätzliches Gold von getöteten Gegnern|Or en plus sur les monstres|Oro Extra Obtenido al Matar|Dodatkowe złoto z zabitych potworów
stat_magic_find|Increased Magic Find|Lisääntynyt Magic Find|Chance de Itens Mágicos Aumentada|Магическая находка повышена|物品稀有度增加|マジックファインド増加|매직 아이템 확률 증가|Erhöhte Magie-Fundrate|de découverte d'objets magiques|Hallazgo Mágico Aumentado|Zwiększona szansa na magiczne przedmioty
stat_exp_gain|Increased Experience Gain|Lisääntynyt kokemuksen saanti|Ganho de Experiência Aumentado|Получение опыта повышено|經驗值獲得增加|経験値獲得増加|경험치 획득 증가|Erhöhter Erfahrungsgewinn|d'expérience gagnée|Ganancia de Experiencia Aumentada|Zwiększone zdobywanie doświadczenia
stat_exp_gain_below|Increased Experience Gain Below Level 100|Lisää kokemusta alle 100 tason|Ganho de Experiência Aumentado Abaixo do Nível 100|Получение опыта повышено ниже 100 уровня|角色等級 100 以下經驗值獲得增加|レベル100未満での経験値獲得量増加 |레벨 100 이하에서 경험치 획득 증가|Erhöhter Erfahrungsgewinn unter Level 100|Gain d'expérience accru en dessous du niveau 100 |Ganancia de Experiencia Aumentada por Debajo de Nivel 100|Zwiększone zdobywanie doświadczenia poniżej poziomu 100
stat_poison_length_reduced|Poison Length Reduced by|Myrkyn pituus pienentynyt|Duração do Veneno Reduzida|Длительность яда снижена|中毒持續時間縮短|毒の持続時間短縮|독 지속 시간 감소|Giftlänge reduziert um|Durée du poison réduite de |Duración de Veneno Reducida en|Czas działania trucizny zmniejszony o
stat_half_freeze_duration|Half Freeze Duration|Puolijäädytyksen kesto|Duração da Congelamento Reduzida pela Metade|Длительность заморозки уменьшена вдвое|凍結持續時間減半|凍結時間の半分|동결 효과 절반 감소|Halbierte Gefrierdauer|Durée de ralentissement réduite de moitié|Duración de Congelación Reducida a la Mitad|Połowa czasu zamrożenia
stat_cannot_be_frozen|Cannot be Frozen|Ei voi jäädyttää|Não Pode Ser Congelado|Невозможно заморозить|無法被凍結|凍結不可|동결 불가능|Kann nicht gefroren werden|Ne peut pas être gelé|No Puede ser Congelado|Nie można zostać zamrożonym
stat_fire_absorb|Fire Damage Absorbed|Tulivahinko imeytynyt|Dano de Fogo Absorvido|Поглощение урона от огня|火焰傷害吸收|吸収される火焔ダメージ|불 데미지 흡수|Feuerschaden absorbiert|de dégâts de feu absorbés|Daño de Fuego Absorbido|Obrażenia ogniowe absorbowane
stat_cold_absorb|Cold Damage Absorbed|Kylmävaurio imeytynyt|Dano de Gelo Absorvido|Поглощение урона от холода|冰霜傷害吸收|吸収される冷気ダメージ|냉기 데미지 흡수|Kälteschaden absorbiert|de dégâts de froid absorbés|Daño de Frío Absorbido|Obrażenia lodowe absorbowane
stat_lightning_absorb|Lightning Damage Absorbed|Salaman aiheuttama vahinko imeytynyt|Dano de Relâmpago Absorvido|Поглощение урона от молнии|閃電傷害吸收|吸収される雷撃ダメージ|번개 데미지 흡수|Blitzschaden absorbiert|de dégâts de foudre absorbés|Daño de Rayo Absorbido|Obrażenia błyskawic absorbowane
stat_poison_absorb|Poison Damage Absorbed|Myrkkyvaurio imeytynyt|Dano de Veneno Absorvido|Поглощение урона от яда|毒素傷害吸收|毒ダメージ吸収|독 데미지 흡수|Giftschaden absorbiert|Dégâts de poison absorbés|Daño de Veneno Absorbido|Obrażenia trujące absorbowane
stat_magic_absorb|Magic Damage Absorbed|Magic Damage absorboitunut|Dano Mágico Absorvido|Поглощение магического урона|法術傷害吸收|魔法ダメージ吸収|마법 데미지 흡수|Magieschaden abosrbiert|Dégâts magiques absorbés|Daño Mágico Absorbido|Obrażenia magiczne absorbowane
stat_belt_slots|Belt Slots|Vyön paikat|Espaços no Cinto|Слоты пояса|腰帶欄位|ベルトスロット|벨트 슬롯|Gürtelplätze|Emplacements de ceinture|Ranuras de Cinturón|Sloty w pasie
stat_merchant_prices|Decreased Merchant Prices|Alennetut kauppiashinnat|Preços do Comerciante Reduzidos|Цены у торговца снижены|商人價格降低|商人価格低下|상인 가격 할인|Geringere Händlerpreise|Prix marchands réduits|Precios de Mercader Disminuidos|Obniżone ceny u kupca
stat_aoe_attack|Attacks can hit multiple enemies|Hyökkäykset voivat osua useisiin vihollisiin |Ataques Podem Atingir Múltiplos Inimigos|Атаки могут поражать нескольких врагов|攻擊可擊中多個敵人|攻撃が複数の敵に当たる|공격 시 여러 적을 공격|Angriffe können mehrere Feinde treffen|Les attaques touchent plusieurs ennemis|Ataques pueden Golpear a Múltiples Enemigos|Ataki mogą trafiać wielu wrogów
stat_mana_cost|Mana Costs decreased by|Mana-kustannukset laskivat|Custo de Mana Reduzido|Затраты маны снижены|魔力消耗減少|マナコスト低下|마나 소모량 감소|Manakosten gesenkt um|Coûts en mana réduits de|Coste de Maná Disminuido en|Koszt many zmniejszony o
stat_summon_amount|to Summon Amount|Summon Amount|Quantidade de Invocados|Количество призванных|召喚物數量|召喚量|소환 수 증가|zur Beschwörungsmenge|au montant d'invocation|a Cantidad de Invocaciones|do ilości przywołań
stat_summon_life|Summon Life Increased by|Summon Life lisääntynyt|Vida dos Invocados Aumentada|Жизнь призванных повышена|召喚物生命增加|召喚ライフ増加|소환수 체력 추가|Beschwörungsleben erhöht um|Vie d'invocation augmentée de|Vida de Invocaciones Aumentada en|Życie przywołań zwiększone o
stat_summon_damage_reduction|Reduced damage taken by Summons|Summonsin aiheuttama vahinko pienentynyt|Dano Recebido pelos Invocados Reduzido|Урон, получаемый призванными, снижен|召喚物受到的傷害減免|召喚によるダメージ減少|소환수 받는 데미지 감소|Erlittener Schaden von Beschwörungen reduziert|de réduction de dégâts subis par les invocations|Daño Recibido por Invocaciones Reducido|Zmniejszone obrażenia otrzymywane przez przywołania
stat_summon_resistances|to Summon Resistances|kutsua vastarintaa|Resistências dos Invocados|Сопротивления призванных|召喚物抗性|召喚耐性|소환수 저항력|zu Beschwörungsresistenzen|aux résistances d'invocation|a Resistencias de Invocaciones|do odporności przywołań
stat_sentry_skills|to Sentry Skills|Sentry Skillsiin|Habilidades de Sentinela|Навыки часовых|哨兵技能等級|セントリースキル|센트리 스킬|zu Wachturmfertigkeiten|aux compétences de sentinelle|a Habilidades de Centinela|do umiejętności wartowniczych
stat_sentry_amount|to Sentry Amount|Sentry Amountiin|Quantidade de Sentinelas|Количество часовых|哨兵數量上限|セントリー量|센트리 설치 수|zur Wachturmmenge|au montant de sentinelle|a Cantidad de Centinelas|do ilości wartowników
stat_sentry_attack_speed|Increased Sentry Attack Speed|Lisääntynyt Sentry Attack -nopeus|Velocidade de Ataque das Sentinelas Aumentada|Скорость атаки часовых повышена|哨兵攻擊速度增加|セントリー攻撃速度増加|센트리 공격 속도 증가|Erhöhte Angriffsgeschwindigkeit der Wachtürme|Vitesse d'attaque de sentinelle augmentée|Velocidad de Ataque de Centinela Aumentada|Zwiększona szybkość ataku wartowników
stat_sentry_damage|Increased Sentry Damage|Lisääntynyt vartiovaurio|Dano das Sentinelas Aumentado|Урон часовых повышен|哨兵傷害增加|セントリーダメージ増加|센트リ 데미지 증가|Erhöhter Schaden der Wachtürme|Dégâts de sentinelle augmentés|Daño de Centinela Aumentado|Zwiększone obrażenia wartowników
stat_sentry_duration|Increased Sentry Duration|Pidentynyt vartiotyön kesto|Duração das Sentinelas Aumentada|Длительность часовых повышена|哨兵持續時間增加|セントリー持続時間増加 |센트리 지속 시간 증가|Erhöhte Dauer der Wachturm|Durée de sentinelle augmentée |Duración de Centinela Aumentada|Zwiększony czas trwania wartowników
stat_phys_taken_cold|of Physical Damage taken as Cold|fyysisen vahingon katsotaan kylmäksi|Dano Físico Convertido em Gelo|Физический урон превращается в урон от холода|承受物理傷害轉為冰霜|受ける物理ダメージを冷気として|받은 물리 데미지를 냉기로 전환|des physischen Schadens, als Kälteschaden erlitten|des dégâts physiques subis sous forme de froid|de Daño Físico Recibido como Frío|Część obrażeń fizycznych przyjęta jako zimno
stat_phys_taken_fire|of Physical Damage taken as Fire|fyysisen vahingon pidettiin tulipalona|Dano Físico Convertido em Fogo|Физический урон превращается в урон от огня|承受物理傷害轉為火焰|受ける物理ダメージを火として|받은 물리 데미지를 불로 전환|des physischen Schadens, als Feuerschaden erlitten|des dégâts physiques subis sous forme de feu|de Daño Físico Recibido como Fuego|Część obrażeń fizycznych przyjęta jako ogień
stat_phys_taken_magic|of Physical Damage taken as Arcane|Fyysisen vahingon pidettiin arkaanina|Dano Físico Convertido em Arcano|Физический урон превращается в тайный урон|承受物理傷害轉為奧術|受ける物理ダメージを秘術として|받은 물리 데미지를 아케인으로 전환|des physischen Schadens, als Arkanschaden erlitten|des dégâts physiques subis sous forme d'arcane|de Daño Físico Recibido como Arcano|Część obrażeń fizycznych przyjęta jako arkaniczne
stat_phys_taken_lightning|of Physical Damage taken as Lightning|fyysisen vahingon salamana|Dano Físico Convertido em Relâmpago|Физический урон превращается в урон от молнии|承受物理傷害轉為閃電|受ける物理ダメージを雷として|받은 물리 데미지를 번개로 전환|des physischen Schadens, als Blitzschaden erlitten|des dégâts physiques subis sous forme de foudre|de Daño Físico Recibido como Rayo|Część obrażeń fizycznych przyjęta jako błyskawice
stat_extraDamageBleeding|Extra Damage to Bleeding Monsters|Ylimääräisiä vaurioita verenvuotohirviöille|Dano Extra Contra Monstros Sangrando|Дополнительный урон по кровоточащим монстрам|對流血中的怪物造成額外傷害|出血モンスターへの追加ダメージ|출혈 중인 몬스터에게 추가 데미지|Zusätzlicher Schaden an blutenden Monstern|Dégâts supplémentaires aux monstres saignants|Daño Extra a Monstruos Sangrando|Dodatkowe obrażenia do krwawiących potworów
stat_extraDamageFrozen|Extra Damage to Frozen Monsters|Ylimääräisiä vaurioita pakkashirviöille|Dano Extra Contra Monstros Congelados Profundamente|Дополнительный урон по глубоко замороженным монстрам|對冰凍怪物造成的額外傷害|凍りついたモンスターへの追加ダメージ|동결 몬스터에게 추가 데미지|Zusätzlicher Schaden an tiefgefrorenen Monstern|Dégâts supplémentaires aux monstres gelés|Daño Extra a Monstruos Congelados|Dodatkowe obrażenia do głęboko zamrożonych potworów
stat_extraDamageStunned|Extra Damage to Stunned Monsters|Ylimääräiset vahingot hämmästyneille hirviöille|Dano Extra Contra Monstros Atordoados|Дополнительный урон по оглушённым монстрам|對暈眩中的怪物造成額外傷害|気絶したモンスターへの追加ダメージ|기절 몬스터에게 추가 데미지|Zusätzlicher Schaden an betäubten Monstern|Dégâts supplémentaires aux monstres étourdis|Daño Extra a Monstruos Aturdidos|Dodatkowe obrażenia do oszołomionych potworów
stat_extraDamageBurning|Extra Damage to Burning Monsters|Ylimääräiset vahingot palaville hirviöille|Dano Extra Contra Monstros Queimando|Дополнительный урон по горящим монстрам|對燃燒中的怪物造成額外傷害|燃えるモンスターへの追加ダメージ|불타는 몬스터에게 추가 데미지|Zusätzlicher Schaden an brennenden Monstern|Dégâts supplémentaires aux monstres brûlants|Daño Extra a Monstruos Ardiendo|Dodatkowe obrażenia do palących się potworów
stat_extraDamagePoisoned|Extra Damage to Poisoned Monsters|Ylimääräisiä vahinkoja myrkytetyille hirviöille|Dano Extra Contra Monstros Envenenados|Дополнительный урон по отравленным монстрам|對中毒的怪物造成額外傷害|毒に侵されたモンスターへの追加ダメージ|중독된 몬스터에게 추가 데미지|Zusätzlicher Schaden an vergifteten Monstern|Dégâts supplémentaires aux monstres empoisonnés|Daño Extra a Monstruos Envenenados|Dodatkowe obrażenia do zatrutych potworów
stat_extraDamagePlagued|Extra Damage to Plagued Monsters|Ylimääräisiä vahinkoja vaivanneille hirviöille|Dano Extra Contra Monstros Infectados|Дополнительный урон по заражённым монстрам|對瘟疫中的怪物造成額外傷害|疫病に侵されたモンスターへの追加ダメージ|역병에 걸린 몬스터에게 추가 데미지|Zusätzlicher Schaden an verseuchten Monstern|Dégâts supplémentaires aux monstres pestiférés|Daño Extra a Monstruos Plagados|Dodatkowe obrażenia do zarażonych potworów
stat_extraDamageStasis|Extra Damage to Monsters inflicted with Stasis||Dano Extra Contra Monstros em Estase|Дополнительный урон по монстрам под эффектом стазиса|對處於停滯狀態的怪物造成額外傷害|静止にかかったモンスターへの追加ダメージ|정체에 걸린 몬스터에 추가 데미지|Zusätzlicher Schaden an Monster mit Stasis|Dégâts supplémentaires aux monstres affectés par Stase|Daño Extra a Monstruos Afectados por Estasis|Dodatkowe obrażenia do potworów w stanie stasis
stat_extraDamageSpellBurn|Extra Damage to Monsters inflicted with Shadowburn||Dano Extra Contra Monstros com Queimadura Sombria|Дополнительный урон по монстрам под эффектом теневого ожога|對處於暗影灼燒狀態的怪物造成額外傷害|シャドウバーン状態のモンスターへの追加ダメージ|그림자 화상에 걸린 몬스터에 추가 데미지|Zusätzlicher Schaden an Monster mit Schattenbrand|Dégâts supplémentaires aux monstres affectés par Brûlure d'ombre|Daño Extra a Monstruos Afectados por Quemadura Sombría|Dodatkowe obrażenia do potworów w cieniu płonącym
stat_extraDamageFrostBurn|Extra Damage to Monsters inflicted with Frost Bite||Dano Extra Contra Monstros com Mordida de Gelo|Дополнительный урон по монстрам под эффектом обморожения|對處於凍傷狀態的怪物造成額外傷害|フロストバイト状態のモンスターへの追加ダメージ|동상에 걸린 몬스터에 추가 데미지|Zusätzlicher Schaden an Monster mit Frostbrand|Dégâts supplémentaires aux monstres affectés par Morsure de givre|Daño Extra a Monstruos Afectados por Congelación|Dodatkowe obrażenia do potworów z odmrożeniem
stat_extraDamageAilments|Extra Damage to Monsters inflicted with Ailments||Dano Extra Contra Monstros com Efeitos Negativos|Дополнительный урон по монстрам с негативными эффектами|對帶有異常狀態的怪物造成額外傷害|疾病にかかったモンスターへの追加ダメージ|질병에 걸린 몬스터에 추가 데미지|Zusätzlicher Schaden an Monster mit Leiden|Dégâts supplémentaires aux monstres affectés par Affaiblissements |Daño Extra a Monstruos Afectados por Afecciones|Dodatkowe obrażenia do potworów z dolegliwościami
stat_extraFireBurning|Extra Fire Damage to Burning Monsters||Dano Extra de Fogo Contra Monstros Queimando|Дополнительный урон от огня по горящим монстрам|對燃燒中的怪物造成額外火焰傷害|燃焼状態のモンスターに追加の火属性ダメージを与える|불타는 몬스터에게 추가 화염 피해|Zusätzlicher Feuerschaden an brennenden Monstern|Dégâts de feu supplémentaires contre les monstres en feu|Daño de fuego adicional a monstruos en llamas|Dodatkowe obrażenia ogniowe do palących się potworów
stat_extraColdFrostburn|Extra Cold Damage to Frostbitten Monsters||Dano Extra de Gelo Contra Monstros com Mordida de Gelo|Дополнительный урон от холода по обмороженным монстрам|對凍傷的怪物造成額外冰霜傷害|凍傷状態のモンスターに追加の冷気属性ダメージを与える|동상에 걸린 몬스터에게 추가 냉기 피해|Zusätzlicher Kälteschaden an erfrorenen Monstern|Dégâts de froid supplémentaires contre les monstres gelés|Daño de frío adicional a monstruos congelados|Dodatkowe obrażenia lodowe do odmrożonych potworów
stat_extraPoisonPoisoned|Extra Poison Damage to Poisoned Monsters||Dano Extra de Veneno Contra Monstros Envenenados|Дополнительный урон от яда по отравленным монстрам|對中毒的怪物造成額外毒素傷害|毒状態のモンスターに追加の毒属性ダメージを与える|중독에 걸린 몬스터에게 추가 독 피해|Zusätzlicher Giftschaden an vergifteten Monstern|Dégâts de poison supplémentaires contre les monstres empoisonnés|Daño de veneno adicional a monstruos envenenados|Dodatkowe obrażenia trujące do zatrutych potworów
stat_extraArcaneSpellburn|Extra Arcane Damage to Shadow Burning Monsters||Dano Extra Arcano Contra Monstros com Queimadura Sombria|Дополнительный тайный урон по монстрам с теневым ожогом|對暗影灼燒中的怪物造成額外奧術傷害|影燃焼状態のモンスターに追加の秘術属性ダメージを与える|그림자 화염에 걸린 몬스터에게 추가 비전 피해|Zusätzlicher Arkanschaden an Monstern mit Schattenbrand|Dégâts arcaniques supplémentaires contre les monstres en feu d'ombre|Daño arcano adicional a monstruos de las sombras ardientes|Dodatkowe obrażenia arkaniczne do cieni płonących potworów
stat_extraLightningStasis|Extra Lightning Damage to Monsters inflicted with Stasis||Dano Extra de Relâmpago Contra Monstros em Estase|Дополнительный урон от молнии по монстрам под эффектом стазиса|對處於停滯狀態的怪物造成額外閃電傷害|静止状態のモンスターに追加の雷属性ダメージを与える|정지 상태에 걸린 몬스터에게 추가 번개 피해|Zusätzlicher Blitzschaden an Monstern, die von Stasis betroffen sind|Dégâts de foudre supplémentaires contre les monstres affectés par la stase|Daño de rayo adicional a monstruos afectados por estasis|Dodatkowe obrażenia błyskawicowe do potworów w stanie stasis
stat_extraPhysicalBleed|Extra Physical Damage to Bleeding Monsters||Dano Extra Físico Contra Monstros Sangrando|Дополнительный физический урон по кровоточащим монстрам|對流血中的怪物造成額外物理傷害|出血状態のモンスターに追加の物理属性ダメージを与える |출혈 상태인 몬스터에게 추가 물리 피해 |Zusätzlicher physischer Schaden an blutenden Monstern|Dégâts physiques supplémentaires contre les monstres qui saignent |Daño físico adicional a monstruos sangrantes |Dodatkowe obrażenia fizyczne do krwawiących potworów
stat_copy_slot|Mirrors your other ring|Peilaa toisen sormuksenne|Copia os efeitos do outro anel|Копирует эффекты другого кольца|複製你的另一枚戒指|他の指輪を反映|다른 반지를 복제|Spiegelt Ihren anderen Ring wider|Reflète votre autre anneau|Refleja tu Otro Anillo|Odbija twój drugi pierścień
stat_movement_diminish|Skill Movement Diminish decreased by|Skill Movement Diminish väheni|Redução de Lentidão de Habilidades de Movimento Diminuída|Снижение замедления от навыков движения уменьшено|減少施放技能時緩速的效果|スキル移動減少が減少|스킬 시전시 느려짐 감소|Bewegungsminderung der Fertigkeit verringert um|La diminution du mouvement de la compétence est diminuée de|Ralentización de Movimiento de Habilidad Disminuida en|Zmniejszone osłabienie ruchu umiejętności o
stat_unbreakable|Unbreakable|Murtumaton|Indestrutível|Неразрушимый|不可破壞|壊れない|파괴불가|Unzerbrechlich|Incassable|Irrompible|Niezniszczalny
stat_charmslot|Unlocked Charmslot|Avattu Charmslot |Slot de Amuleto Desbloqueado|Слот для амулета разблокирован|解鎖護符欄位|チャームスロットのロックを解除|참 슬롯 잠금 해제|Freigeschalteter Charmslot|Emplacement de charme déverrouillé|Ranura de Amuleto Desbloqueada|Odblokowany slot na charms
stat_phasing|Movement Phasing|Liikkeen vaiheistus|Fase de Movimento|Фазовый сдвиг движения|相位狀態（穿怪）|移動フェージング|위상 이동|Geisterschritt|Compétence aléatoire|Faseo de Movimiento|Fazowanie ruchu
stat_random_skill|Random Skill Element|Satunnainen taitoelementti|Elemento de Habilidade Aleatório|Случайный элемент навыка|隨機元素技能|ランダムスキル属性|무작위 스킬 요소|zufälliges Element|Élément |Elemento de Habilidad Aleatorio|Losowy element umiejętności
stat_max_value|Maximum Value|Suurin arvo|Valor Máximo|Максимальное значение|最大數值|最大値|최대값|Maximaler Wert|Valeur maximale|Valor Máximo|Maksymalna wartość
stat_only_hell5|Usable only on Hell 5 or Inferno difficulty||Usável Apenas na Dificuldade Inferno 5 ou Infernal|Можно использовать только на сложности Ад 5 или Инферно|僅限於地獄 5 或煉獄難度中使用|ヘル5難易度でのみ使用可能|헬 5 난이도에서만 사용 가능|Nur auf dem Schwierigkeitsgrad Hölle 5 oder Inferno verwendbar.|Utilisable uniquement en difficulté Enfer 5 ou Inferno|Solo Utilizable en Dificultad Infierno 5|Używalny tylko na trudności Hell 5 lub Inferno
stat_only_inferno|Usable only on Inferno difficulty||Usável Apenas na Dificuldade Infernal|Можно использовать только на сложности Инферно|僅限於煉獄難度中使用|インフェルノ難易度でのみ使用可能|인페르노 난이도에서만 사용 가능|Nur auf dem Schwierigkeitsgrad Inferno verwendbar.|Utilisable uniquement en difficulté Inferno |Solo Utilizable en Dificultad Infierno|Używalny tylko na trudności Inferno
stat_satanic_disabled|Cannot be used while in the target zone|Ei voida käyttää kohdealueella|Não Pode Ser Usado na Zona Alvo|Нельзя использовать в целевой зоне|在目標區域內無法使用|対象ゾーン内では使用不可|대상 지역에서는 사용할 수 없습니다.|Kann nicht verwendet werden, während man sich in der Zielzone befindet|Ne peut pas être utilisé dans la zone cible|No puede usarse en la zona objetivo|Nie można użyć w docelowej strefie
stat_level|Star Level|Tähtien taso|Nível de Estrela|Уровень звезды|星級|スターレベル|스타 레벨|Sternenlevel|Niveau étoile|Nivel de Estrella|Poziom gwiazdy
stat_sub_skills|to Sub Skills|osataitoihin|Sub-habilidades|Поднавыки|分支技能等級|サブスキルへ|서브 스킬|zu Unterfähigkeiten|aux sous-compétences|a Sub-Habilidades|do podumiejętności
stat_flask_mana_replenish|Mana Regenerated Over Time|Mana uusiutui ajan myötä|Mana Regenerada ao Longo do Tempo|Мана восстанавливается со временем|魔力隨時間回復|時間の経過とともに回復するマナ|시간이 지남에 따라 재생되는 마나|Mana regeneriert sich im Laufe der Zeit|Mana régénéré au fil du temps|Maná Regenerado con el Tiempo|Mana regenerowana w czasie
stat_flask_mana_replenish_p|Mana Regeneration Increased by|Mana Regeneration lisääntynyt|Regeneração de Mana Aumentada|Восстановление маны повышено|魔力回復增加|マナ回復量の増加|마나 재생량 증가|Manaregeneration erhöht um|Régénération de mana augmentée de|Regeneración de Maná Aumentada en|Zwiększona regeneracja many o
stat_flask_life_replenish|Life Regenerated Over Time|Elämä uusiutui ajan myötä|Vida Regenerada ao Longo do Tempo|Жизнь восстанавливается со временем|生命隨時間回復|時間とともに再生される生命|시간이 지남에 따라 재생되는 생명력|Das Leben regeneriert sich im Laufe der Zeit|La vie régénérée au fil du temps|Vida Regenerada con el Tiempo|Życie regenerowane w czasie
stat_flask_life_replenish_p|Life Regeneration Increased by|Life Regeneration lisääntynyt|Regeneração de Vida Aumentada|Восстановление жизни повышено|生命回復增加|ライフ再生の増加量|생명력 재생량 증가|Lebensregeneration erhöht um|Régénération de vie augmentée de|Regeneración de Vida Aumentada en|Zwiększona regeneracja życia o
stat_flask_mana_instant|of Mana Regeneration happens instantly|Mana Regeneration tapahtuu välittömästi|Parte da Regeneração de Mana Acontece Instantaneamente|Часть восстановления маны происходит мгновенно|魔力回復轉為立即生效|マナの回復は瞬時に起こります|마나 재생이 즉시 발생합니다|Die Mana-Regeneration erfolgt sofort|de la régénération de mana se produit instantanément|de Regeneración de Maná Ocurre Instantáneamente|Część regeneracji many dzieje się natychmiast
stat_flask_life_instant|of Life Regeneration happens instantly|Life Regeneration tapahtuu välittömästi|Parte da Regeneração de Vida Acontece Instantaneamente|Часть восстановления жизни происходит мгновенно|生命回復轉為立即生效|生命の再生は瞬時に起こります|생명력 재생이 즉시 발생합니다|Die Lebensregeneration erfolgt sofort|de la régénération de la vie se produit instantanément|de Regeneración de Vida Ocurre Instantáneamente|Część regeneracji życia dzieje się natychmiast
stat_flask_duration|Faster Regeneration|Nopeampi regeneraatio|Regeneração Mais Rápida|Более быстрое восстановление|更快回復速度|より速い再生|빠른 재생|Schnellere Regeneration|Régénération plus rapide|Regeneración Más Rápida|Szybsza regeneracja
stat_flask_stacks|Maximum Stacks|Maksimipinot|Máximo de Acúmulos|Максимум зарядов|最大層數|最大スタック数|최대 스택|Maximale Stapel|Piles maximales|Acumulaciones Máximas|Maksymalna liczba stacków
stat_flask_stacks_kill|Chance to Replenish a Stack after monster kill|Mahdollisuus täydentää pinoa hirviön tappamisen jälkeen|Chance de Recuperar um Acúmulo Após Matar Monstro|Шанс восстановить заряд после убийства монстра|擊殺怪物後機率補充層數|モンスターを倒した後にスタックを補充するチャンス|몬스터 처치 후 스택을 보충할 확률|Chance, einen Stapel nach dem Töten eines Monsters wieder aufzufüllen|Chance de reconstituer une pile après avoir tué un monstre|Probabilidad de Rellenar una Acumulación al Matar Monstruos|Szansa na uzupełnienie stacka po zabiciu potwora
stat_flask_stacks_regen|Stacks regenerated per second|Pinot regeneroituvat sekunnissa|Acúmulos Regenerados por Segundo|Заряды восстанавливаются в секунду|每秒重新補充層數|1 秒あたりに再生成されるスタック数|초당 스택 재생|Pro Sekunde regenerierte Stapel|Piles régénérées par seconde|Acumulaciones Regeneradas por Segundo|Stacki regenerowane na sekundę
stat_flask_cooldown|Flask Cooldown|Kolvin jäähdytys|Tempo de Recarga do Frasco|Перезарядка зелья|藥劑冷卻時間|フラスコのクールダウン|플라스크 쿨다운|Abklingzeit der Flasche|Temps de recharge de la potion : |Enfriamiento de Frasco|Czas odnowienia flaszki
stat_flask_duration_time|Effect Duration|Vaikutuksen kesto|Duração do Efeito|Длительность эффекта|藥劑效果持續時間|効果持続時間|효과 지속 시간|Effektdauer|Durée de l'effet :|Duración de Efecto|Czas trwania efektu
stat_seconds|Seconds|Sekuntia|Segundos|Секунд|秒|秒|초|Sekunden|Secondes|Segundos|Sekundy
stat_poison_frequency|Poisoned Tick Frequency increased by|Myrkytettyjen punkkien esiintymistiheys kasvoi|Frequência de Tick de Veneno Aumentada|Частота тиков отравления повышена|中毒傷害觸發頻率增加|毒ダニの頻度が増加しました|독 효과 발생 빈도 증가|Die Häufigkeit von Giftschaden über Zeit|Fréquence des tiques empoisonnées augmentée de|Frecuencia de Tics de Veneno Aumentada en|Częstotliwość ticków trucizny zwiększona o
stat_bleed_frequency|Bleed Tick Frequency increased by|||Частота срабатывания кровотечения увеличена на|流血頻率增加||출혈 틱 빈도 증가|||Frecuencia de Tics de Sangrado Aumentada en|
stat_flask_power|Flask Power|Pullon teho|Poder do Frasco|Мощность зелья|藥劑效果|フラスコパワー|플라스크 파워|Trankkraft|Puissance du flacon|Poder de Frasco|Moc flaszki
stat_octaReflect|of Damage Taken Redirected to Octa|vahingoista uudelleenohjattu Octaan|Parte do Dano Recebido Redirecionada para Octa|Часть полученного урона перенаправляется на Окта|承受傷害轉移給 Octa|受けたダメージがオクタにリダイレクトされる|받은 데미지가 Octa로 전환|des erlittenen Schadens wird auf Octa umgeleitet|des dégâts subis redirigés vers Octa|de Daño Recibido Redirigido a Octa|Część otrzymanych obrażeń przekierowana do Octa
stat_cdr_damage|Less damage dealt with skills that have a cooldown|Vähemmän vahinkoa käsiteltiin taidoilla, jotka ovat jäähtyneet|Dano Causado com Habilidades que Possuem Recarga Reduzido|Урон от навыков с перезарядкой снижен|有冷卻時間的技能造成更少傷害|クールダウンのあるスキルで与えるダメージが減少する|쿨타임이 있는 스킬의 데미지가 감소합니다|Mit Fertigkeiten, die eine Abklingzeit haben, wird weniger Schaden verursacht|Moins de dégâts infligés avec les compétences qui ont un temps de recharge|Menos Daño Infligido con Habilidades con Enfriamiento|Mniejsze obrażenia zadawane umiejętnościami z cooldownem
stat_extra_projectile_01|Attacks fire||Ataques Disparam|Атаки выпускают|發射攻擊|火攻撃|불 공격|Angriffe feuern|Attaques : tirs|Ataques Disparan|Ataki wystrzeliwują
stat_extra_projectile_02|extra projectiles||Projéteis Adicionais|дополнительных снарядов|額外投射物|追加の発射物|추가 투사체|zusätzliche Projektile|projectiles supplémentaires|proyectiles extra|dodatkowe pociski
stat_extra_projectile_03|Works with non orbital physical projectiles fired with a ranged weapon.||Funciona com projéteis físicos não-orbitais disparados com arma de longo alcance|Работает с неорбитальными физическими снарядами, выпущенными дальнобойным оружием|適用於遠程武器發射時的非環繞物理投射物|射程距離のある武器で発射される非軌道物理的発射体で動作する|원거리 무기로 발사된 비-궤도 물리적 발사체와 함께 작동.|Funktioniert mit nicht-orbitalen physischen Projektilen, die mit einer Fernkampfwaffe abgefeuert werden.|Fonctionne avec les projectiles physiques non orbitaux tirés avec une arme à distance.|Funciona con proyectiles físicos no orbitales disparados con un arma a distancia.|Działa z nie-orbitalnymi pociskami fizycznymi wystrzeliwanymi z broni dystansowej.
stat_every|Every|Joka|A cada|Каждые|每|毎|모든|Jedes|Chaque|Cada|Co
stat_converted_to|Converted to|Muunnettu muotoon |Convertido em|Превращается в|轉為|変換 |변환됨|Umgewandelt in|Converti en|Convertido a|Przekonwertowane na
stat_sub_skills_skill|Sub Skills||Sub-habilidades|Поднавыки|分支技能|サブスキル|서브 스킬|Unterfertigkeiten|Sous-compétences|Sub-Habilidades|Podumiejętności
stat_chaining_projectile|Projectiles chain||Projéteis Causam Dano em Cadeia|Снаряды наносят цепной урон|投射物連鎖|連鎖する発射物|투사체 체인|Projektile verketten sich|Chaque|Proyectiles Encadenan|Pociski łańcuchują
stat_times|times||Vezes|раз|次|回|타임스 |mal|Les projectiles s'enchaînent|veces|razy
stat_forking_projectile|Projectiles fork on hit||Projéteis Ramificam ao Atingir|Снаряды разветвляются при попадании|投射物命中時分裂|命中時に投射物が分裂する|투사체가 적중 시 갈라진다|Projektile teilen sich beim Treffer.|fois|Proyectiles se Bifurcan al Impactar|Pociski rozwidlają się przy trafieniu
stat_intelligence_skill_damage|of Intelligence is added as Magic Skill Damage||Inteligência Convertida em Dano de Habilidades Mágicas|Интеллект превращается в урон от магических навыков|智力轉為魔法技能傷害|知力が魔法スキルダメージに変換される|지능의 일부가 마법 스킬 데미지로 전환|Intelligenz wird in Magie-Fertigkeitsschaden umgewandelt.|Les projectiles se divisent à l'impact |Los proyectiles se parten al impactar. |Część Inteligencji jest konwertowana na obrażenia umiejętności magicznych
stat_intelligence_lightning|of Intelligence is added as Lightning Skill Damage||Inteligência Convertida em Dano de Habilidades de Relâmpago|Интеллект превращается в урон от навыков молнии|智力轉為閃電技能傷害|知力が雷スキルダメージに変換される|지능의 일부가 번개 스킬 데미지로 전환|Intelligenz wird in Blitz-Fertigkeitsschaden umgewandelt.|L'Intelligence est convertie en dégâts de compétence de foudre|de Energía se Convierte en Daño de Habilidades Mágicas|Część Inteligencji jest konwertowana na obrażenia umiejętności błyskawic
stat_intelligence_fire|of Intelligence is added as Fire Skill Damage||Inteligência Convertida em Dano de Habilidades de Fogo|Интеллект превращается в урон от навыков огня|智力轉為火焰技能傷害|知力が火スキルダメージに変換される|지능의 일부가 불 스킬 데미지로 전환|Intelligenz wird in Feuer-Fertigkeitsschaden umgewandelt.|L'Intelligence est convertie en dégâts de compétence de feu|de Inteligencia se Convierte en Daño de Habilidades de Rayo|Część Inteligencji jest konwertowana na obrażenia umiejętności ognistych
stat_intelligence_cold|of Intelligence is added as Cold Skill Damage||Inteligência Convertida em Dano de Habilidades de Gelo|Интеллект превращается в урон от навыков холода|智力轉為冰霜技能傷害|知力が冷気スキルダメージに変換される|지능의 일부가 냉기 스킬 데미지로 전환|Intelligenz wird in Kälte-Fertigkeitsschaden umgewandelt.|L'Intelligence est convertie en dégâts de compétence de froid|de Inteligencia se Convierte en Daño de Habilidades de Fuego|Część Inteligencji jest konwertowana na obrażenia umiejętności lodowych
stat_intelligence_arcane|of Intelligence is added as Arcane Skill Damage||Inteligência Convertida em Dano Arcano|Интеллект превращается в тайный урон|智力轉為奧術技能傷害|知力がアーケインスキルダメージに変換される|지능의 일부가 아케인 스킬 데미지로 전환|Intelligenz wird in Arkan-Fertigkeitsschaden umgewandelt.|L'Intelligence est convertie en dégâts de compétence d'arcane|de Inteligencia se Convierte en Daño de Habilidades Mágicas|Część Inteligencji jest konwertowana na obrażenia umiejętności arkanicznych
stat_intelligence_poison|of Intelligence is added as Poison Skill Damage||Inteligência Convertida em Dano de Habilidades de Veneno|Интеллект превращается в урон от навыков яда|智力轉為毒素技能傷害|知力が毒スキルダメージに変換される|지능의 일부가 독 스킬 데미지로 전환|Intelligenz wird in Gift-Fertigkeitsschaden umgewandelt.|L'Intelligence est convertie en dégâts de compétence de poison|de inteligencia se convierte en daño de habilidad de veneno. |Część Inteligencji jest konwertowana na obrażenia umiejętności trujących
stat_vitality_attack_damage|of Vitality is added as Attack Damage||Vitalidade Convertida em Dano de Ataque|Живучесть превращается в урон от атаки|體力轉為攻擊傷害|活力が攻撃ダメージに変換される|활력의 일부가 공격 데미지로 전환|Vitalität wird in Angriffsschaden umgewandelt.|La Vitalité est convertie en dégâts d'attaque|de Vitalidad se Convierte en Daño de Habilidades Mágicas|Część Witalności jest konwertowana na obrażenia ataku
stat_vitality_skill_damage|of Vitality is added as Magic Skill Damage||Vitalidade Convertida em Dano de Habilidades Mágicas|Живучесть превращается в урон от магических навыков|體力轉為魔法技能傷害|活力が魔法スキルダメージに変換される|활력의 일부가 마법 스킬 데미지로 전환|Vitalität wird in Magie-Fertigkeitsschaden umgewandelt.|La Vitalité est convertie en dégâts de compétence magique|de Vitalidad se Convierte en Daño de Ataque|Część Witalności jest konwertowana na obrażenia umiejętności magicznych
stat_vitality_lightning|of Vitality is added as Lightning Skill Damage||Vitalidade Convertida em Dano de Habilidades de Relâmpago|Живучесть превращается в урон от навыков молнии|體力轉為閃電技能傷害|活力が雷スキルダメージに変換される|활력의 일부가 번개 스킬 데미지로 전환|Vitalität wird in Blitz-Fertigkeitsschaden umgewandelt.|La Vitalité est convertie en dégâts de compétence de foudre|de vitalidad se convierte en daño de habilidad de rayo.|Część Witalności jest konwertowana na obrażenia umiejętności błyskawic
stat_vitality_fire|of Vitality is added as Fire Skill Damage||Vitalidade Convertida em Dano de Habilidades de Fogo|Живучесть превращается в урон от навыков огня|體力轉為火焰技能傷害|活力が火スキルダメージに変換される|활력의 일부가 불 스킬 데미지로 전환|Vitalität wird in Feuer-Fertigkeitsschaden umgewandelt.|La Vitalité est convertie en dégâts de compétence de feu |de vitalidad se convierte en daño de habilidad de fuego.|Część Witalności jest konwertowana na obrażenia umiejętności ognistych
stat_vitality_cold|of Vitality is added as Cold Skill Damage||Vitalidade Convertida em Dano de Habilidades de Gelo|Живучесть превращается в урон от навыков холода|體力轉為冰霜技能傷害|活力が冷気スキルダメージに変換される|활력의 일부가 냉기 스킬 데미지로 전환|der Vitalität wird in Kälte-Fertigkeitsschaden umgewandelt|de Vitalité est convertie en dégâts de compétence de froid|de vitalidad se convierte en daño de habilidad de frío.|Część Witalności jest konwertowana na obrażenia umiejętności lodowych
stat_vitality_arcane|of Vitality is added as Arcane Skill Damage||Vitalidade Convertida em Dano Arcano|Живучесть превращается в тайный урон|體力轉為奧術技能傷害|活力がアーケインスキルダメージに変換される|활력의 일부가 아케인 스킬 데미지로 전환|der Vitalität wird in Arkan-Fertigkeitsschaden umgewandelt|de Vitalité est convertie en dégâts de compétence d'arcane|de vitalidad se convierte en daño de habilidad arcana.|Część Witalności jest konwertowana na obrażenia umiejętności arkanicznych
stat_vitality_poison|of Vitality is added as Poison Skill Damage||Vitalidade Convertida em Dano de Habilidades de Veneno|Живучесть превращается в урон от навыков яда|體力轉為毒素技能傷害|活力が毒スキルダメージに変換される|활력의 일부가 독 스킬 데미지로 전환|der Vitalität wird in Gift-Fertigkeitsschaden umgewandelt|de Vitalité est convertie en dégâts de compétence de poison|de vitalidad se convierte en daño de habilidad de veneno.|Część Witalności jest konwertowana na obrażenia umiejętności trujących
stat_energy_skill_damage|of Energy is added as Magic Skill Damage||Energia Convertida em Dano de Habilidades Mágicas|Энергия превращается в урон от магических навыков|能量轉為魔法技能傷害|エネルギーが魔法スキルダメージに変換される|에너지의 일부가 마법 스킬 데미지로 전환|der Energie wird in Magie-Fertigkeitsschaden umgewandelt|d'Énergie est convertie en dégâts de compétence de magie|de energía se convierte en daño de habilidad mágica.|Część Energii jest konwertowana na obrażenia umiejętności magicznych
stat_energy_lightning|of Energy is added as Lightning Skill Damage||Energia Convertida em Dano de Habilidades de Relâmpago|Энергия превращается в урон от навыков молнии|能量轉為閃電技能傷害|エネルギーが雷スキルダメージに変換される|에너지의 일부가 번개 스킬 데미지로 전환|der Energie wird in Blitz-Fertigkeitsschaden umgewandelt|d'Énergie est convertie en dégâts de compétence de foudre|de energía se convierte en daño de habilidad de rayo.|Część Energii jest konwertowana na obrażenia umiejętności błyskawic
stat_energy_fire|of Energy is added as Fire Skill Damage||Energia Convertida em Dano de Habilidades de Fogo|Энергия превращается в урон от навыков огня|能量轉為火焰技能傷害|エネルギーが火スキルダメージに変換される|에너지의 일부가 불 스킬 데미지로 전환|der Energie wird in Feuer-Fertigkeitsschaden umgewandelt|d'Énergie est convertie en dégâts de compétence de feu|de energía se convierte en daño de habilidad de fuego.|Część Energii jest konwertowana na obrażenia umiejętności ognistych
stat_energy_cold|of Energy is added as Cold Skill Damage||Energia Convertida em Dano de Habilidades de Gelo|Энергия превращается в урон от навыков холода|能量轉為冰霜技能傷害|エネルギーが冷気スキルダメージに変換される|에너지의 일부가 냉기 스킬 데미지로 전환|der Energie wird in Kälte-Fertigkeitsschaden umgewandelt|d'Énergie est convertie en dégâts de compétence de froid|de energía se convierte en daño de habilidad de frío.|Część Energii jest konwertowana na obrażenia umiejętności lodowych
stat_energy_arcane|of Energy is added as Arcane Skill Damage||Energia Convertida em Dano Arcano|Энергия превращается в тайный урон|能量轉為奧術技能傷害|エネルギーがアーケインスキルダメージに変換される|에너지의 일부가 아케인 스킬 데미지로 전환|der Energie wird in Arkan-Fertigkeitsschaden umgewandelt|d'Énergie est convertie en dégâts de compétence d'arcane|de energía se convierte en daño de habilidad arcana.|Część Energii jest konwertowana na obrażenia umiejętności arkanicznych
stat_energy_poison|of Energy is added as Poison Skill Damage||Energia Convertida em Dano de Habilidades de Veneno|Энергия превращается в урон от навыков яда|能量轉為毒素技能傷害|エネルギーが毒スキルダメージに変換される|에너지의 일부가 독 스킬 데미지로 전환|der Energie wird in Gift-Fertigkeitsschaden umgewandelt|d'Énergie est convertie en dégâts de compétence de poison|de energía se convierte en daño de habilidad de veneno.|Część Energii jest konwertowana na obrażenia umiejętności trujących
stat_armor_attack_damage|of Armor is added as Attack Damage||Armadura Convertida em Dano de Ataque|Броня превращается в урон от атаки|護甲轉為攻擊傷害|防御力が攻撃ダメージに変換される|방어도의 일부가 공격 데미지로 전환|der Rüstung wird in Angriffsschaden umgewandelt|d'Armure est convertie en dégâts d'attaque|de armadura se convierte en daño de ataque.|Część Pancerza jest konwertowana na obrażenia ataku
stat_armor_skill_damage|of Armor is added as Magic Skill Damage||Armadura Convertida em Dano de Habilidades Mágicas|Броня превращается в урон от магических навыков|護甲轉為魔法技能傷害|防御力が魔法スキルダメージに変換される|방어도의 일부가 마법 스킬 데미지로 전환|der Rüstung wird in Magie-Fertigkeitsschaden umgewandelt|d'Armure est convertie en dégâts de compétence de magie|de armadura se convierte en daño de habilidad mágica.|Część Pancerza jest konwertowana na obrażenia umiejętności magicznych
stat_fcr_movement_speed|of Faster Cast Rate is added as Movement Speed||Taxa de Conjuração Mais Rápida Convertida em Velocidade de Movimento|Скорость чтения заклинаний превращается в скорость передвижения|施法速度轉化為移動速度|ファスターキャストレートが移動速度に変換される|시전 속도의 일부가 이동 속도로 전환|der schnelleren Zauberrate wird in Bewegungsgeschwindigkeit umgewandelt|de Vitesse d'incantation plus rapide est convertie en Vitesse de déplacement |de velocidad de lanzamiento se convierte en velocidad de movimiento. |Szybsza szybkość rzucania konwertowana na prędkość ruchu
stat_increased_ailment_damage|Ailment damage increased by||Dano de Efeitos Negativos Aumentado|Урон от негативных эффектов повышен|異常狀態傷害增加|状態異常ダメージが増加する|상태이상 데미지 증가|Leidensschaden erhöht um|Dégâts d'altération augmentés de|Daño de Afección Aumentado en|Obrażenia dolegliwości zwiększone o
stat_increased_bleed_damage|Bleed damage increased by||Dano de Sangramento Aumentado|Урон от кровотечения повышен|流血傷害增加|出血ダメージが増加する|출혈 데미지 증가|Blutungsschaden erhöht um|Dégâts de saignement augmentés de|Daño de Sangrado Aumentado en|Obrażenia krwawienia zwiększone o
stat_increased_poisoned_damage|Poisoned damage increased by||Dano de Veneno Aumentado|Урон от отравления повышен|中毒傷害增加|毒ダメージが増加する|독 데미지 증가|Vergiftungsschaden erhöht um|Dégâts d'empoisonnement augmentés de|Daño de Envenenamiento Aumentado en|Obrażenia trucizny zwiększone o
stat_increased_stasis_damage|Stasis damage increased by||Dano de Estase Aumentado|Урон от стазиса повышен|停滯傷害增加|静止ダメージが増加する|감전 데미지 증가|Staseschaden erhöht um|Dégâts de stase augmentés de|Daño de Estasis Aumentado en|Obrażenia stasis zwiększone o
stat_increased_shadow_burn_damage|Shadow Burn damage increased by||Dano de Queimadura Sombria Aumentado|Урон от теневого ожога повышен|暗影灼燒傷害增加|シャドウバーンダメージが増加する|그림자 화상 데미지 증가|Schattenbrandschaden erhöht um|Dégâts de brûlure d'ombre augmentés de|Daño de Quemadura Sombría Aumentado en|Obrażenia cienia płonącego zwiększone o
stat_increased_frost_bite_damage|Frost Bite damage increased by||Dano de Mordida de Gelo Aumentado|Урон от обморожения повышен|凍傷傷害增加|フロストバイトダメージが増加する|동상 데미지 증가|Erfrierungsschaden erhöht um|Dégâts de morsure de givre augmentés de|Daño de Mordedura Gélida Aumentado en|Obrażenia odmrożenia zwiększone o
stat_increased_burning_damage|Burning damage increased by||Dano de Queimadura Aumentado|Урон от горения повышен|燃燒傷害增加|燃焼ダメージが増加する|화상 데미지 증가|Brennschaden erhöht um|Dégâts de brûlure augmentés de|Daño de Quemadura Aumentado en|Obrażenia palenia zwiększone o
stat_ailment_crit_chance|Chance to critically hit with ailments||Chance de Acerto Crítico com Efeitos Negativos|Шанс критического удара негативными эффектами|異常狀態暴擊機率|状態異常でクリティカルヒットする確率|상태 이상 효과의 치명타 적중 확률 증가|Chance auf kritische Treffer mit Leiden|Chances d'infliger un coup critique avec les altérations|Probabilidad de Golpe Crítico con Afecciones|Szansa na trafienie krytyczne dolegliwościami
stat_ailment_crit_damage|Ailment critical damage increased by||Dano Crítico de Efeitos Negativos Aumentado|Критический урон от негативных эффектов повышен|異常狀態暴擊傷害增加|状態異常のクリティカルダメージが増加する|상태 이상 효과의 치명타 데미지 증가|Kritischer Leidensschaden erhöht um|Dégâts critiques d'altération augmentés de |Daño Crítico de Afección Aumentado en|Obrażenia krytyczne dolegliwości zwiększone o
stat_guardian_damage|Guardian damage increased by||Dano dos Guardiões Aumentado|Урон стражей повышен|守護者傷害增加|ガーディアンのダメージ増加|가디언 피해 증가|Erhöhter Wächterschaden|Dégâts des Gardiens augmentés de|Daño de los guardianes aumentado en|Obrażenia strażników zwiększone o
stat_guardian_burst|Chance for Guardians to perform an additional attack||Chance dos Guardiões Realizarem um Ataque Adicional|Шанс, что стражи выполнят дополнительную атаку|守護者有機率進行額外攻擊|ガーディアンが追加攻撃を行う確率|가디언 추가 공격 확률|Chance für Wächter, einen zusätzlichen Angriff auszuführen|Chances pour les Gardiens d'effectuer une attaque supplémentaire|Posibilidad de que los guardianes realicen un ataque adicional|Szansa na dodatkowy atak strażników
stat_guardian_attack_speed|Guardian Attack Speed increased by||Velocidade de Ataque dos Guardiões Aumentada|Скорость атаки стражей повышена|守護者攻擊速度增加|ガーディアンの攻撃速度増加|가디언 공격 속도 증가|Erhöhte Angriffsgeschwindigkeit des Wächters|Vitesse d'attaque des Gardiens augmentée de|Velocidad de ataque de los guardianes aumentada en|Zwiększona szybkość ataku strażników
stat_guardian_attack_range|Increased Guardian Attack Range||Alcance de Ataque dos Guardiões Aumentado|Дальность атаки стражей повышена|守護者攻擊範圍增加|ガーディアンの攻撃範囲増加|가디언 공격 범위 증가|Erhöhte Angriffsreichweite des Wächters|Portée d'attaque des Gardiens augmentée|Alcance de ataque de los guardianes aumentado|Zwiększony zasięg ataku strażników
stat_guardian_duration|Increased Guardian Duration||Duração dos Guardiões Aumentada|Длительность стражей повышена|守護者持續時間增加|ガーディアンの持続時間増加|가디언 지속시간 증가|Erhöhte Dauer des Wächters|Durée des Gardiens augmentée|Duración de los guardianes aumentada|Zwiększony czas trwania strażników
stat_projectile_size|Projectile Size increased by||Tamanho dos Projéteis Aumentado|Размер снарядов повышен|投射物大小增加|投射物のサイズ増加|투사체 크기 증가|Erhöhte Projektilgröße|Taille des projectiles augmentée de|Tamaño de los proyectiles aumentado en|Rozmiar pocisków zwiększony o
stat_projectile_direction|Projectiles are fired in random directions||Projéteis Disparados em Direções Aleatórias|Снаряды выпускаются в случайных направлениях|投射物向隨機方向發射|投射物がランダムな方向に発射される|투사체 랜덤한 방향 발사|Projektile werden in zufällige Richtungen abgefeuert|Les projectiles sont tirés dans des directions aléatoires|Los proyectiles se disparan en direcciones aleatorias|Pociski wystrzeliwane w losowych kierunkach
stat_projectile_return|Projectiles Return to you||Projéteis Retornam para Você|Снаряды возвращаются к вам|投射物返回自身|投射物が自分の元へ戻る|투사체가 당신에게 돌아온다|Projektile kehren zu dir zurück|Les projectiles reviennent vers vous|Los proyectiles regresan a ti|Pociski wracają do ciebie
stat_all_resistances_damage|Every point in resistances increases your damage by||Cada Ponto em Resistências Aumenta Seu Dano|Каждое очко сопротивления повышает ваш урон|每點抗性增加你的傷害|耐性が1ポイント増えるごとにダメージが |저항의 모든 포인트는 데미지를 증가시킵니다. |Jeder Punkt in Resistenzen erhöht deinen Schaden um|Chaque point de résistance augmente vos dégâts de |Cada punto de resistencia aumenta tu daño en |Każdy punkt w odpornościach zwiększa twoje obrażenia o
stat_aura_effectiveness|Increases the Effectiveness of Damaging Auras by||Efetividade de Auras de Dano Aumentada|Эффективность наносящих урон аур повышена|傷害光環的效果增加|ダメージオーラの効果を上昇させる|피해 오라의 효과를 다음과 같이 증가시킵니다.|Erhöht die Effektivität von Schadens-Auren um|Augmente l'efficacité des auras offensives :|Aumenta la efectividad de las auras dañinas en|Zwiększa skuteczność obrażających aur o
stat_aura_range|Increased Damaging Aura Range||Alcance de Auras de Dano Aumentado|Радиус наносящих урон аур повышен|傷害光環範圍增加|ダメージオーラの範囲が拡大|피해 오라 범위 증가|Erhöhte Reichweite von Schadens-Auren|Portée des auras offensives augmentée|Aumento del alcance de las auras dañinas|Zwiększony zasięg obrażających aur
stat_buff_aura_effectiveness|Increases the Effectiveness of Buffing Auras by||Efetividade de Auras de Buff Aumentada|Эффективность усиливающих аур повышена|增益光環的效果增加|バフオーラの効果を上昇させる|버프 오라의 효과를 다음과 같이 증가시킵니다.|Erhöht die Effektivität von Buff-Auren um|Augmente l'efficacité des auras de soutien :|Aumento de la efectividad de las auras potenciadoras en|Zwiększa skuteczność buffujących aur o
stat_buff_aura_range|Increased Buffing Aura Range||Alcance de Auras de Buff Aumentado|Радиус усиливающих аур повышен|增益光環範圍增加|バフオーラの範囲が拡大|버프 오라 범위 증가|Erhöhte Reichweite von Buff-Auren|Portée des auras de soutien augmentée|Aumento del alcance de las auras potenciadoras|Zwiększony zasięg buffujących aur
stat_crushing_blow_stack|to Maximum Crushing Blow Stacks||Máximo de Acúmulos de Golpe Esmagador|Максимум зарядов сокрушительного удара|最大壓碎打擊層數|クラッシングブローの最大スタック数まで|최대 강타 중첩|zu maximalen Stapeln von Zerschmetternder Schlag|Nombre maximal de cumuls de Coup écrasant|Acumulación máxima de Golpe aplastante|do maksymalnej liczby stacków miażdżącego ciosu
stat_life_after_block_chance|Chance to replenish life when blocking||Chance de Recuperar Vida ao Bloquear|Шанс восстановить жизнь при блоке|格擋時有機率回復生命|ブロック時にライフを回復する確率|방어 시 생명력 회복 확률 증가|Chance, Leben beim Blocken wiederherzustellen|Chance de récupérer de la vie en bloquant|Probabilidad de recuperar vida al bloquear|Szansa na odnawianie życia przy blokowaniu
stat_life_after_block_value|Life replenished when Blocking||Vida Recuperada ao Bloquear|Жизнь восстанавливается при блоке|格擋時回復生命|ブロック時にライフが回復|방어 시 생명력 회복|Leben beim Blocken wiederhergestellt|Vie récupérée en bloquant|Vida recuperada al bloquear|Życie uzupełnione przy blokowaniu
stat_orbit_duration|Increased Orbital Projectile Duration||Duração de Projéteis Orbitais Aumentada|Длительность орбитальных снарядов повышена|環繞投射物持續時間增加|オービタルプロジェクタイルの持続時間が拡大|궤도 투사체 지속 시간 증가|Erhöhte Dauer von Orbitalprojektilen|Durée des projectiles orbitaux augmentée|Duración de proyectiles orbitales aumentada|Zwiększony czas trwania orbitalnych pocisków
stat_orbit_damage_p|Increased Orbital Projectile Damage||Dano de Projéteis Orbitais Aumentado|Урон от орбитальных снарядов повышен|環繞投射物傷害增加|オービタルプロジェクタイルのダメージが拡大|궤도 투사체 피해량 증가|Erhöhter Schaden von Orbitalprojektilen|Dégâts des projectiles orbitaux augmentés|Daño de proyectiles orbitales aumentado|Zwiększone obrażenia orbitalnych pocisków
stat_aoe_size|Area of Effect Skill Radius increased by||Raio de Habilidades de Área Aumentado|Радиус навыков по площади повышен|範圍效果技能的半徑增加|範囲攻撃スキルの半径が拡大|범위 스킬 반경 증가|Radius von Flächen-Fertigkeiten erhöht um|Rayon d'effet des compétences de zone augmenté|Radio de habilidades de área de efecto aumentado en|Promień umiejętności obszarowych zwiększony o
stat_aoe_damage|Area of Effect Skill Damage increased by||Dano de Habilidades de Área Aumentado|Урон от навыков по площади повышен|範圍效果技能傷害增加|範囲攻撃スキルのダメージが拡大|범위 스킬 피해량 증가|Schaden von Flächen-Fertigkeiten erhöht um|Dégâts des compétences de zone augmentés|Daño de habilidades de área de efecto aumentado en|Obrażenia umiejętności obszarowych zwiększone o
stat_melee_skills|to Melee Skills||Habilidades de Combate Corpo a Corpo|Навыки ближнего боя|近戰技能|近接スキルへ|근접 스킬|zu Nahkampf-Fertigkeiten|aux compétences de mêlée|Habilidades cuerpo a cuerpo|do umiejętności melee
stat_ranged_skills|to Ranged Skills||Habilidades de Longo Alcance|Навыки дальнего боя|遠程技能|遠距離スキルへ|원거리 스킬|zu Fernkampf-Fertigkeiten|aux compétences à distance|Habilidades a distancia|do umiejętności dystansowych
stat_orbit_skills|to Orbital Skills||Habilidades Orbitais|Орбитальные навыки|環繞技能|オービタルスキルへ|궤도 스킬|zu Orbital-Fertigkeiten|aux compétences orbitales|Habilidades orbitales|do umiejętności orbitalnych
stat_aoe_skills|to Area of Effect Skills||Habilidades de Área|Навыки по площади|範圍效果技能|範囲攻撃スキルへ|범위 스킬|zu Flächen-Fertigkeiten|aux compétences de zone|Habilidades de área de efecto|do umiejętności obszarowych
stat_projectile_skills|to Projectile Skills||Habilidades de Projéteis|Навыки снарядов|投射物技能|投射スキルへ |투사체 스킬 |zu Projektil-Fertigkeiten|aux compétences de projectiles |Habilidades de proyectiles |do umiejętności pociskowych
stat_self_strike_chance|Chance to inflict damage to self when attacking||Chance de Causar Dano a Si Mesmo ao Atacar|Шанс нанести себе урон при атаке|攻擊時有機率對自己造成傷害|攻撃時に自身にダメージを与える可能性|공격 시 자신에게 피해를 입힐 확률|Chance, sich beim Angreifen selbst Schaden zuzufügen|Chance de s'infliger des dégâts en attaquant|Probabilidad de infligirse daño a uno mismo al atacar|Szansa na zadawanie sobie obrażeń przy atakowaniu
stat_self_strike_damage|Self inflicted damage from attacking||Dano Causado a Si Mesmo ao Atacar|Урон, наносимый себе при атаке|攻擊時對自己造成的傷害|攻撃による自身へのダメージ|공격으로 인한 자해 피해|Selbstverursachter Schaden durch Angriffe|Dégâts auto-infligés lors d'une attaque|Daño autoinfligido al atacar|Obrażenia samozadane przy atakowaniu
stat_damage_taken_over_01|of Incoming Damage is taken over||Parte do Dano Recebido é Sofrida em|Полученный урон распределяется на|受到的傷害在|受けるダメージの一定割合が|받는 피해가 자신에게 귀속됨|des eingehenden Schadens wird über|Dégâts subis pendant|Daño recibido durante|Część przychodzących obrażeń jest przyjmowana przez
stat_damage_taken_over_02|Seconds||Segundos|секунд|秒內承受|秒|초|Sekunden hinweg erlitten|Secondes|Segundos|Sekundy
stat_self_strike_cast_chance|Chance to inflict damage to self when casting||Chance de Causar Dano a Si Mesmo ao Conjurar|Шанс нанести себе урон при чтении заклинания|施法時有機率對自己造成傷害|詠唱時に自身にダメージを与える可能性|시전 시 자신에게 피해를 입힐 확률|Chance, sich beim Wirken von Zaubern selbst Schaden zuzufügen|Chance de s'infliger des dégâts en lançant un sort|Probabilidad de infligirse daño a uno mismo al lanzar|Szansa na zadawanie sobie obrażeń przy rzucaniu
stat_self_strike_cast_damage|Self inflicted damage from casting||Dano Causado a Si Mesmo ao Conjurar|Урон, наносимый себе при чтении заклинания|施法時對自己造成的傷害|詠唱による自身へのダメージ |시전으로 인한 자해 피해 |Selbstverursachter Schaden durch Zauber|Dégâts auto-infligés lors du lancement d'un sort |Daño autoinfligido al lanzar |Obrażenia samozadane przy rzucaniu
stats_min_damage|to Minimum Weapon Damage||Dano Mínimo da Arma|Минимальный урон оружия|最小武器傷害|最小武器ダメージへ|최소 무기 공격력 증가|auf minimalen Waffenschaden|Dégâts minimums des armes|Daño mínimo del arma|do minimalnych obrażeń broni
stats_min_damage_p|Minimum Weapon Damage Increased by||Dano Mínimo da Arma Aumentado|Минимальный урон оружия повышен|最小武器傷害增加|最小武器ダメージが増加|최소 무기 공격력 증가|Minimale Waffenschaden erhöht um|Dégâts minimums des armes augmentés de|Daño mínimo del arma aumentado en|Minimalne obrażenia broni zwiększone o
stats_max_damage|to Maximum Weapon Damage||Dano Máximo da Arma|Максимальный урон оружия|最大武器傷害|最大武器ダメージへ|최대 무기 공격력 증가|auf maximalen Waffenschaden|Dégâts maximums des armes|Daño máximo del arma|do maksymalnych obrażeń broni
stats_max_damage_p|Maximum Weapon Damage Increased by||Dano Máximo da Arma Aumentado|Максимальный урон оружия повышен|最大武器傷害增加|最大武器ダメージが増加 |최대 무기 공격력 증가 |Maximaler Waffenschaden erhöht um|Dégâts maximums des armes augmentés de |Daño máximo del arma aumentado en |Maksymalne obrażenia broni zwiększone o
stat_mspeed_convert_damage|of Movement Speed Converted to Total Damage Dealt||da Velocidade de Movimento Convertida em Dano Total Causado |Скорость передвижения, преобразованная в общий нанесенный урон |移動速度轉化為總傷害 |移動速度を総ダメージ量に換算したもの |이동 속도를 총 피해량으로 변환 |von Bewegungsgeschwindigkeit in Gesamtschaden umgerechnet|de la vitesse de déplacement convertie en dégâts totaux infligés |de Velocidad de movimiento convertida en daño total infligido |Część prędkości ruchu konwertowana na całkowite zadawane obrażenia
stat_spell_suppress|Chance to suppress incoming spell hits||Chance de suprimir acertos de feitiços recebidos |Шанс подавить входящие удары заклинаний|壓抑法術傷害的機率|被弾した呪文を抑制する確率 |받는 스펠 공격을 억제할 확률|Chance, eingehende Zaubertreffer zu unterdrücken |Chance d'annuler les coups de sorts entrants |Probabilidad de suprimir hechizos recibidos|Szansa na stłumienie nadchodzących trafień zaklęciami
stat_codex_greed|Amount of Gold dropped from monsters increased by|Monstereista pudonneen kullan määrä kasvoi|Quantidade de Ouro Obtido de Monstros Aumentada|Количество золота, выпадающего с монстров, повышено|怪物掉落金幣數量增加|モンスターからドロップするゴールドの量が増加しました|몬스터에게서 떨어지는 골드 양 증가|Menge des von Monstern fallengelassenen Goldes erhöht um|Quantité d'or lâchée par les monstres augmentée de|Cantidad de Oro Obtenido de Monstruos Aumentada en|Ilość złota z potworów zwiększona o
stat_codex_gluttony|Experience Gain increased by|Kokemus lisääntyi|Ganho de Experiência Aumentado|Получение опыта повышено|經驗值增加|経験値獲得量が増加しました|경험치 획득량 증가|Erfahrungsgewinn erhöht um|Gain d'expérience augmenté de|Ganancia de Experiencia Aumentada en|Zdobywanie doświadczenia zwiększone o
stat_codex_envy|Loot Amount increased by|Saalismäärä kasvoi|Quantidade de Saque Aumentada|Количество добычи повышено|戰利品數量增加|戦利品の量が増加しました|전리품 양 증가|Beutemenge erhöht um|Montant du butin augmenté de|Cantidad de Botín Aumentada en|Ilość łupu zwiększona o
stat_codex_darkness|Increased Dungeon Key drop rates|Lisääntynyt Dungeon Key -pudotusprosentti|Taxa de Queda de Chaves de Masmorra Aumentada|Шанс выпадения ключей от подземелий повышен|地下城鑰匙掉落率增加|ダンジョンキーのドロップ率が増加しました|던전 열쇠 드롭률 증가|Erhöhte Dropraten für Dungeon-Schlüssel|Taux d'apparition des clés de donjon augmentés|Probabilidad de Caída de Llaves de Mazmorra Aumentada|Zwiększone szanse na klucz do lochów
stat_codex_fear|Increased Rune drop rates|Lisääntynyt riimujen pudotusnopeus|Taxa de Queda de Runas Aumentada|Шанс выпадения рун повышен|符文掉落率增加|ルーンのドロップ率が増加しました|룬 드롭률 증가|Erhöhte Dropraten für Runen|Taux d'apparition des runes augmentés|Probabilidad de Caída de Runas Aumentada|Zwiększone szanse na runy
stat_codex_delirious|Increased Codex drop rates|Lisääntynyt Codex-pudotusprosentti|Taxa de Queda de Códices Aumentada|Шанс выпадения кодексов повышен|法典掉落率增加|コーデックスのドロップ率が増加しました|코덱스 드롭률 증가|Erhöhte Dropraten für Kodexe|Taux d'apparition du Codex augmentés|Probabilidad de Caída de Códices Aumentada|Zwiększone szanse na kodeksy
stat_codex_dwelling|Ancient Monster Pack Size increased by|Ancient Monster Pack -koko kasvanut|Tamanho de Grupos de Monstros Antigos Aumentado|Размер групп древних монстров повышен|遠古怪物群大小增加|古代モンスターパックのサイズが増加しました|고대 몬스터 무리 크기 증가|Größe der antiken Monsterrudel erhöht um|Taille du pack de monstres anciens augmentée de|Tamaño de Grupos de Monstruos Antiguos Aumentado en|Rozmiar paczek starożytnych potworów zwiększony o
stat_codex_treasure|Total Magic Find increased by|Total Magic Find kasvoi|Chance Total de Itens Mágicos Aumentada|Общая магическая находка повышена|總物品稀有度增加|合計魔法発見数が増加しました|총 매직 아이템 확률 증가|Gesamter magischer Fund erhöht um|Trouvée de magie totale augmentée de|Hallazgo Mágico Total Aumentado en|Całkowita szansa na magiczne przedmioty zwiększona o
stat_codex_legion|Chance for Ancients to spawn as Legions|Muinaisten mahdollisuus syntyä legiooneina|Chance de Monstros Antigos Aparecerem como Legiões|Древние монстры имеют шанс появиться в виде легионов|遠古怪物有機率以軍團階級生成|古代人がレギオンとして出現する確率が増加しました|에인션트가 군단으로 생성될 확률 증가|Chance, dass antike Gegner als Legionen erscheinen|Chance pour les anciens d'apparaître en tant que légions|Probabilidad de que Antiguos Aparecan como Legiones|Szansa na pojawienie się Starożytnych jako Legionów
stat_codex_heroic|Increased Amount of Heroic and Angelic drops|Lisääntynyt sankarillisten ja enkelipisaroiden määrä |Quantidade de Itens Heroicos e Angélicos Aumentada|Количество выпадающих героических и ангельских предметов повышено|英雄與天使階級物品掉落數量增加|英雄的および天使的なドロップの量が増加しました |영웅 및 천사 드롭량 증가|Erhöhte Menge an heroischen und engelhaften Drops|Augmentation du nombre de butins héroïques et angéliques |Cantidad Aumentada de Botín Heroico y Angelical|Zwiększona ilość dropów Heroicznych i Anielskich
stat_relic_orbit_radius|Orbiting Relic Radius increased by||Raio de Relíquias Orbitais Aumentado|Радиус орбитальных реликвий повышен|環繞遺物的半徑增加|回転するレリックの半径増加|궤도 유물 반경 증가|Radius der orbital Relikte erhöht um|Rayon de la Relique Orbitante augmenté de|Radio de Reliquia Orbital aumentado en|Promień orbitujących reliktów zwiększony o
stat_relic_orbit_amount|to Orbiting Relic Amount||Quantidade de Relíquias Orbitais|Количество орбитальных реликвий|環繞遺物的數量|回転するレリックの数増加|궤도 유물 개수 증가|Menge der orbital Relikte|à la Quantité de Relique Orbitante|a Cantidad de Reliquia Orbital|do ilości orbitujących reliktów
stat_relic_orbit_damage_f|to Orbiting Relic Damage||Dano de Relíquias Orbitais|Урон от орбитальных реликвий|環繞遺物的傷害|回転するレリックのダメージ増加へ|궤도 유물 데미지 증가|Schaden der orbital Relikte|aux Dégâts de la Relique Orbitante|a Daño de Reliquia Orbital|do obrażeń orbitujących reliktów
stat_relic_orbit_damage_p|Orbiting Relic Damage increased by||Dano de Relíquias Orbitais Aumentado|Урон от орбитальных реликвий повышен|環繞遺物的傷害增加|回転するレリックのダメージ増加|궤도 유물 데미지 증가량 증가|Schaden der orbital Relikte erhöht um|aux Dégâts de la Relique Orbitante augmentés de|Aumento del Daño de Reliquia Orbital en|Obrażenia orbitujących reliktów zwiększone o
stat_relic_orbit_size|to Orbiting Relic size||Tamanho de Relíquias Orbitais|Размер орбитальных реликвий|環繞遺物的大小|回転するレリックのサイズ増加へ|궤도 유물 크기|Größe der orbital Relikte|à la Taille de la Relique Orbitante|a Tamaño de Reliquia Orbital|do rozmiaru orbitujących reliktów
stat_relic_orbit_execute|Orbiting Relics execute monsters below||Relíquias Orbitais Executam Monstros Abaixo de|Орбитальные реликвии добивают монстров ниже|環繞遺物處決生命低於|回転するレリックが一定以下のモンスターを処刑する|궤도 유물이 일정이하 괴물 처형|orbital Relikte exekutieren Monster unter|Les Reliques Orbitantes exécutent les monstres ci-dessous|Reliquias Orbitales ejecutan monstruos debajo|Orbitujące relikty zabijają potwory poniżej
stat_relic_follower_damage_f|to Follower Relic Damage||Dano de Relíquias de Seguidores|Урон от реликвий-последователей|追隨者遺物傷害|フォロワーレリックのダメージ増加へ|추종자 유물 데미지 증가|Schaden des Gefolgsrelikts|aux Dégâts de la Relique Suivante|a Daño de Reliquia Seguidor|do obrażeń reliktów followerskich
stat_relic_follower_damage_p|Follower Relic Damage increased by||Dano de Relíquias de Seguidores Aumentado|Урон от реликвий-последователей повышен|追隨者遺物傷害增加|フォロワーレリックのダメージ増加|추종자 유물 데미지 증가량 증가|Schaden des Gefolgsrelikts erhöht um|aux Dégâts de la Relique Suivante augmentés de|Aumento del Daño de Reliquia Seguidor en|Obrażenia reliktów followerskich zwiększone o
stat_relic_follower_attack_speed|Follower Relic Attack Speed increased by||Velocidade de Ataque de Relíquias de Seguidores Aumentada|Скорость атаки реликвий-последователей повышена|追隨者遺物攻擊速度增加|フォロワーレリックの攻撃速度増加|추종자 유물 공격 속도 증가량 증가|Angriffsgeschwindigkeit des Gefolgsrelikts erhöht um|à la Vitesse d'Attaque de la Relique Suivante augmentée de|Aumento de la Velocidad de Ataque de Reliquia Seguidor en|Szybkość ataku reliktów followerskich zwiększona o
stat_relic_follower_projectiles|to Follower Relic Projectiles||Projéteis de Relíquias de Seguidores|Количество снарядов реликвий-последователей|追隨者遺物投射物|フォロワーレリックの投射物増加へ|추종자 유물 투사체 수 증가|Projektile des Gefolgsrelikts|aux Projectiles de la Relique Suivante|a Proyectiles de Reliquia Seguidor|do pocisków reliktów followerskich
stat_relic_follower_amount|to Follower Relic Amount||Quantidade de Relíquias de Seguidores|Количество реликвий-последователей|追隨者遺物數量|フォロワーレリックの数増加へ|추종자 유물 개수 증가|Menge des Gefolgsrelikts|à la Quantité de Relique Suivante|a Cantidad de Reliquia Seguidor|do ilości reliktów followerskich
stat_relic_proc_rate|Non-Buff Proc Relic chance increased by||Chance de Relíquias sem Buff Aumentada|Шанс срабатывания неусиливающих реликвий повышен|非增益的觸發遺物機率增加|発動レリックの確率増加|발동형 유물 발동 확률 증가|Chance auf Relikte ohne Buff-Proc erhöht um|aux Chances de Proc. de la Relique Hors Amélioration augmentées de|Aumento de la Probabilidad de Reliquia sin Mejoras en|Szansa na non-buff proc reliktów zwiększona o
stat_relic_proc_effectiveness|to Effectiveness of Non-Buff Proc Relics||Efetividade de Relíquias sem Buff Aumentada|Эффективность неусиливающих реликвий повышена|非增益的觸發遺物效果增加|発動レリックの効果量増加へ|발동형 유물 효과 증가|Effektivität von Relikten ohne Buff-Proc|à l'Efficacité des Reliques Hors Amélioration|a Efectividad de Reliquias sin Mejoras en|do skuteczności non-buff proc reliktów
stat_relic_skill_damage_f|to Skill Relic Damage||Dano de Relíquias de Habilidade|Урон от реликвий-навыков|技能遺物傷害|スキルレリックのダメージ増加へ|스킬 유물 데미지 증가|Schaden des Fertigkeitsrelikts|aux Dégâts de la Relique de Compétence|a Daño de Reliquia de Habilidad|do obrażeń reliktów umiejętności
stat_relic_skill_damage_p|Skill Relic Damage increased by||Dano de Relíquias de Habilidade Aumentado|Урон от реликвий-навыков повышен|技能遺物傷害增加|スキルレリックのダメージ増加|스킬 유물 데미지 증가량 증가|Schaden des Fertigkeitsrelikts erhöht um|aux Dégâts de la Relique de Compétence augmentés de|Aumento del Daño de Reliquia de Habilidad en|Obrażenia reliktów umiejętności zwiększone o
stat_relic_skill_projectiles|to Skill Relic Projectiles||Projéteis de Relíquias de Habilidade|Количество снарядов реликвий-навыков|技能遺物投射物|スキルレリックの投射物増加へ|스킬 유물 투사체 수 증가|Projektile des Fertigkeitsrelikts|aux Projectiles de la Relique de Compétence|a Proyectiles de Reliquia de Habilidad|do pocisków reliktów umiejętności
stat_relic_skill_size|Skill Relic Projectile Size increased by||Tamanho de Projéteis de Relíquias de Habilidade Aumentado|Размер снарядов реликвий-навыков повышен|技能遺物投射物大小增加|スキルレリックの投射物サイズ増加|스킬 유물의 투사체 크기증가|Projektilgröße des Fertigkeitsrelikts erhöht um|à la Taille des Projectiles de la Relique de Compétence augmentée de|Aumento del Tamaño de Proyectil de Reliquia de Habilidad en|Rozmiar pocisków reliktów umiejętności zwiększony o
stat_relic_skill_burst|Additional Casts with Skill Relics||Conjurações Adicionais com Relíquias de Habilidade|Дополнительные применения навыков с реликвиями|技能類的遺物額外施放次數|スキルレリックの追加発動|스킬 유물 추가 발동|Zusätzliche Zauber mit Fertigkeitsrelikten|aux Lancements supplémentaires avec les Reliques de Compétence|a Lanzamientos adicionales con Reliquias de Habilidad|Dodatkowe rzuty z reliktami umiejętności
stat_relic_skill_cooldown_dec|Skill relic cooldown increased by||Tempo de Recarga de Relíquias de Habilidade Aumentado|Перезарядка реликвий-навыков повышена|技能類的遺物冷卻時間增加|スキルレリックのクールダウン増加|스킬 유물의 쿨다운 증가|Abklingzeit des Fertigkeitsrelikts erhöht um|au Temps de recharge de la Relique de Compétence augmenté de |Aumento del Tiempo de Reutilización de Reliquia de Habilidad |Czas odnowienia reliktu umiejętności zwiększony o
stat_vault_tarot|Random Tarot Cards||Cartas de Tarô Aleatórias|Случайные карты Таро|隨機塔羅牌|ランダムタロットカード|무작위 타롯 카드|Zufällige Tarotkarten|Cartes de tarot aléatoires|Cartes de Tarot al Azar|Losowe karty tarota
stat_vault_rune|Random Runes||Runas Aleatórias|Случайные руны|隨機符文|ランダムルーン|무작위 룬|Zufällige Runen|Runes aléatoires|Runas al Azar|Losowe runy
stat_vault_jewel|Random Jewels||Joias Aleatórias|Случайные самоцветы|隨機珠寶|ランダムジュエル|무작위 쥬얼|Zufällige Juwelen|Joyaux aléatoires|Joyas al Azar|Losowe klejnoty
stat_vault_cleancut_jewel|Random Uncut Jewels||Joias Brutas Aleatórias|Случайные необработанные самоцветы|隨機未切割的珠寶|ランダム原石ジュエル|무작위 가공 전 쥬얼|Zufällige Rohjuwelen|Joyaux bruts aléatoires|Joyas al Azar en Bruto|Losowe nieoszlifowane klejnoty
stat_vault_gem|Random Gems||Gemas Aleatórias|Случайные камни|隨機寶石|ランダムジェム|무작위 젬|Zufällige Edelsteine|Gemmes aléatoires|Gemas al Azar|Losowe klejnoty
stat_vault_orb|Random Orbs||Orbes Aleatórias|Случайные сферы|隨機寶球|ランダムオーブ|무작위 오브|Zufällige Kugeln|Orbes aléatoires|Orbes al Azar|Losowe orby
stat_vault_charm|Random Charms||Amuleto Aleatório|Случайные амулеты|隨機護身符|ランダムチャーム|무작위 참|Zufällige Amulette|Charmes aléatoires|Amuletos al Azar|Losowe charmsy
stat_vault_ore|Random Ores||Minérios Aleatórios|Случайные руды|隨機礦石|ランダム鉱石|무작위 광석|Zufällige Erze|Mineraux aléatoires|Minerales al Azar|Losowe rudy
stat_vault_loot|Random Unique Items||Itens Únicos Aleatórios|Случайные уникальные предметы|隨機傳奇物品|ランダムユニークアイテム|무작위 유니크 아이템|Zufällige einzigartige Gegenstände|Objets uniques aléatoires|Objetos Únicos al Azar|Losowe unikalne przedmioty
stat_vault_treasure|Random Amount of Gold||Quantidade Aleatória de Ouro|Случайное количество золота|隨機金幣數量|ランダムゴールド量|무작위 골드|Zufällige Goldmenge|Quantité d'or aléatoire|Cantidad de Oro al Azar|Losowa ilość złota
stat_vault_material|Random Materials||Materiais Aleatórios|Случайные материалы|隨機材料|ランダム素材|무작위 재료|Zufällige Materialien|Matériaux aléatoires|Materiales al Azar|Losowe materiały
stat_vault_collectible|Random Collectibles||Colecionáveis Aleatórios|Случайные коллекционные предметы|隨機收藏品|ランダムコレクタブル|무작위 수집품|Zufällige Sammlerstücke|Objets de collection aléatoires|Coleccionables al Azar|Losowe collectibles
stat_vault_key|Random Keys||Chaves Aleatórias|Случайные ключи|隨機鑰匙|ランダムキー|무작위 열쇠|Zufällige Schlüssel|Clés aléatoires|Llaves al Azar|Losowe klucze
stat_vault_codex|Random Codexes||Códices Aleatórios|Случайные кодексы|隨機法典|ランダムコーデックス|무작위 코덱스|Zufällige Kodexe|Codex aléatoires |Códices al Azar |Losowe kodeksy
|||||||||||
|||||||||||
stat_arcane_resistance_converted_arcane_damage|of your Arcane Resistance is converted to Arcane Skill Damage||da sua Resistência a Arcano é convertida em Dano de Habilidade Arcana|вашего сопротивления тайной магии преобразуется в урон умений тайной магии|將你的奧術抗性轉化為奧術技能傷害|アーケイン耐性がアーケインスキルダメージに変換される|아케인 저항의 일부가 아케인 스킬 데미지로 전환|deiner Arkan-Resistenz wird in Schaden durch Arkane Fertigkeiten umgewandelt|de votre résistance aux arcanes est converti en dégâts de compétence des arcanes|de tu Resistiencia Arcana se convierte en Daño de Habilidades Arcanas|twojej odporności na magię tajemną jest konwertowane na obrażenia od umiejętności tajemnych. 
stat_cold_resistance_converted_cold_damage|of your Cold Resistance is converted to Cold Skill Damage||da sua Resistência a Gelo é convertida em Dano de Habilidade de Gelo|вашего сопротивления холоду преобразуется в урон умений холода|將你的冰霜抗性轉化為冰霜技能傷害|冷気耐性が冷気スキルダメージに変換される|냉기 저항의 일부가 냉기 스킬 데미지로 전환|deiner Kälteresistenz wird in Schaden durch Kältefertigkeiten umgewandelt|de votre résistance au froid est converti en dégâts de compétence de froid|de tu Resistiencia al Frío se convierte en Daño de Habilidades de Frío|twojej odporności na zimno jest konwertowane na obrażenia od umiejętności związanych z zimnem. 
stat_fire_resistance_converted_fire_damage|of your Fire Resistance is converted to Fire Skill Damage||da sua Resistência a Fogo é convertida em Dano de Habilidade de Fogo|вашего сопротивления огню преобразуется в урон умений огня|將你的火焰抗性轉化為火焰技能傷害|火炎耐性が火炎スキルダメージに変換される|불 저항의 일부가 불 스킬 데미지로 전환|deiner Feuerresistenz wird in Schaden durch Feuerfertigkeiten umgewandelt|de votre résistance au feu est converti en dégâts de compétence de feu|de tu Resistiencia al Fuego se convierte en Daño de Habilidades de Fuego|twojej odporności na ogień jest konwertowane na obrażenia od umiejętności ognia. 
stat_poison_resistance_converted_poison_damage|of your Poison Resistance is converted to Poison Skill Damage||da sua Resistência a Veneno é convertida em Dano de Habilidade de Veneno|вашего сопротивления яду преобразуется в урон умений яда|將你的毒素抗性轉化為毒素技能傷害|毒耐性が毒スキルダメージに変換される|독 저항의 일부가 독 스킬 데미지로 전환|deiner Giftresistenz wird in Schaden durch Giftfertigkeiten umgewandelt|de votre résistance au poison est converti en dégâts de compétence de poison|de tu Resistiencia al Veneno se convierte en Daño de Habilidades de Veneno|twojej odporności na truciznę jest konwertowane na obrażenia od umiejętności związanych z trucizną. 
stat_lightning_resistance_converted_lightning_damage|of your Lightning Resistance is converted to Lightning Skill Damage||da sua Resistência a Eletricidade é convertida em Dano de Habilidade de Eletricidade |вашего сопротивления молнии преобразуется в урон умений молнии |將你的閃電抗性轉化為閃電技能傷害|雷撃耐性が雷撃スキルダメージに変換される |번개 저항의 일부가 번개 스킬 데미지로 전환|deiner Blitzresistenz wird in Schaden durch Blitzfertigkeiten umgewandelt |de votre résistance à la foudre est converti en dégâts de compétence de foudre |de tu Resistiencia al Rayo se convierte en Daño de Habilidades de Rayo|twojej odporności na błyskawice jest konwertowane na obrażenia od umiejętności błyskawic.
|||||||||||
stat_aoe_spell_size|Spell Area of Effect Radius increased by||Raio da área de efeito de feitiço aumentado em|Радиус области действия заклинания увеличен на|增加法術效果範圍半徑|呪文の範囲効果半径の増加量|스펠 광역 반경 증가|Radius des Wirkungsbereichs von Zaubern erhöht um|Rayon de la zone d'effet du sort augmenté de|Radio de Hechizos de Área de Efecto aumentado en |Obszar działania zaklęcia zwiększony o 
stat_aoe_attack_size|Attack Area of Effect Radius increased by||Raio da área de efeito de ataque aumentado em |Радиус зоны поражения атаки увеличен на|增加攻擊效果範圍半徑|攻撃の範囲効果半径の増加量 |공격 광역 반경 증가|Radius des Wirkungsbereichs von Angriffen erhöht um |Rayon de la zone d'effet de l'attaque augmenté de |Radio de Ataques de Área de Efecto aumentado en |Obszar działania ataku Promień zwiększony o
|||||||||||
|||||||||||
|||||||||||
|||||||||||
|||||||||||
[Global Stats]|||||||||||
attacks_per_second|Attacks per Second|Hyökkäystä sekunnissa|Ataques por Segundo|Атак в секунду|每秒攻擊次數|1 秒あたりの攻撃回数|초당 공격|Angriffe pro Sekunde|Attaques par seconde|Ataques por Segundo|Ataki na sekundę
attack_speed|Attack Speed|Hyökkäysnopeus|Velocidade de Ataque|Скорость атаки|攻擊速度|攻撃速度|공격 속도|Angriffsgeschwindigkeit|Vitesse d'attaque|Velocidad de Ataque|Szybkość ataku
attack_speed_low|Increased Attack Speed when below 40% maximum life||Velocidade de Ataque Aumentada Quando a Vida Está Abaixo de 40% do Máximo|Скорость атаки повышена при жизни ниже 40% от максимума|當生命低於 40% 最大生命時，增加攻擊速度|最大ライフが40%未満になると攻撃速度が上昇する |최대 생명력이 40% 미만일 때 공격 속도가 증가합니다. |Erhöhte Angriffsgeschwindigkeit unter 40 % maximalem Leben|Vitesse d'attaque accrue lorsque les points de vie maximum sont inférieurs à 40 %. |Aumenta la velocidad de ataque cuando la vida está por debajo del 40% de su vida máxima. |Zwiększona szybkość ataku gdy poniżej 40% maksymalnego życia
attack_range|Attack Range|Hyökkäysalue|Alcance de Ataque|Дальность атаки|攻擊距離|攻撃範囲|공격 범위|Angriffsreichweite|Portée d'attaque|Rango de Ataque|Zasięg ataku
projectile_speed|Projectile Speed|Ammuksen nopeus |Velocidade dos Projéteis|Скорость снарядов|投射物速度|発射速度|투사체 속도|Projektilgeschwindigkeit|Vitesse du projectile|Velocidad de Proyectil|Prędkość pocisków
movement_speed|Movement Speed|Liikkumisnopeus|Velocidade de Movimento|Скорость передвижения|移動速度|移動速度|이동 속도|Bewegungsgeschwindigkeit|Vitesse de déplacement|Velocidad de Movimiento|Prędkość ruchu
strength|Strength|Voima|Força|Сила|力量|強さ|힘|Stärke|Force|Fuerza|Siła
strength_per_level|Strength per level|Voima per taso |Força por Nível|Сила за уровень|每等級力量|レベルごとの強さ|레벨당 힘|Stärke pro Level|Force par niveau|Fuerza por Nivel|Siła na poziom
dexterity|Dexterity|Näppäryys|Destreza|Ловкость|敏捷|器用さ|민첩성|Geschicklichkeit|Dextérité|Destreza|Zręczność
dexterity_per_level|Dexterity per level|Näppäryys tasoa kohden|Destreza por Nível|Ловкость за уровень|每等級敏捷|レベルごとの器用さ|레벨당 민첩성|Geschicklichkeit pro Level|Dextérité par niveau|Destreza por Nivel|Zręczność na poziom
intelligence|Intelligence|Älykkyys|Inteligência|Интеллект|智力|知性|지능|Intelligenz|Intelligence|Inteligencia|Inteligencja
intelligence_per_level|Intelligence per level|Älykkyys tasoa kohden |Inteligência por Nível|Интеллект за уровень|每等級智力|レベルごとの知性|레벨당 지능|Intelligenz pro Level|Intelligence par niveau|Inteligencia por Nivel|Inteligencja na poziom
energy|Energy|Energia|Energia|Энергия|能量|エネルギー|에너지|Energie|Énergie|Energía|Energia
energy_per_level|Energy per level|Energia tasoa kohden|Energia por Nível|Энергия за уровень|每等級能量|レベルごとのエネルギー|레벨당 에너지|Energie pro Level|Énergie par niveau|Energía por Nivel|Energia na poziom
armor|Armor|Suoja|Armadura|Броня|護甲|防具|방어력|Rüstung|Armure|Armadura|Pancerz
armor_per_level|Armor per level|Suoja tasoa kohden|Armadura por Nível|Броня за уровень|每等級護甲|レベルごとの防具|레벨당 방어력|Rüstung pro Level|Armure par niveau|Armadura por Nivel|Pancerz na poziom
vitality|Vitality|Elinvoima|Vitalidade|Живучесть|體力|生命力|활력|Vitalität|Vitalité|Vitalidad|Witalność
vitality_per_level|Vitality per level|Elinvoima tasoa kohden|Vitalidade por Nível|Живучесть за уровень|每等級體力|レベルごとの生命力|레벨당 활력|Vitalität pro Level|Vitalité par niveau|Vitalidad por Nivel|Witalność na poziom
all_stats|All Attributes|Kaikki taitopisteet|Todos os Atributos|Все характеристики|全属性|全属性|모든 능력치|Alle Attribute|Tous les attributs|Todos los Atributos|Wszystkie atrybuty
all_talents|All Skills|Kaikki taidot|Todas as Habilidades|Все навыки|所有技能|全スキル|모든 스킬|Alle Fertigkeiten|Toutes les compétences|Todas las Habilidades|Wszystkie umiejętności
skill_damage|Magic Skill Damage|Taitovahinko|Dano de Habilidades Mágicas|Урон от магических навыков|魔法技能傷害|魔法スキル ダメージ|마법 스킬 데미지|Schaden durch magische Fertigkeiten|Dégâts de compétence magique|Daño de Habilidades Mágicas|Obrażenia umiejętności magicznych
damage|Damage|Vahinko|Dano|Урон|傷害|ダメージ|데미지|Schaden|Dégâts|Daño|Obrażenia
attack_rating|Attack Rating|Hyökkäysluokitus|Precisão de Ataque|Точность атаки|命中率|攻撃レーティング|명중률|Angriffswert|Indice d'attaque|Rating de Ataque|Celność ataku
attack_rating_p|Attack Rating %|Hyökkäysluokitus %|Precisão de Ataque em Porcentagem|Точность атаки в процентах|命中率%|攻撃レーティング %|명중률 %|Angriffswert %|Indice d'attaque %|Rating de Ataque %|Celność ataku %
attack_rating_per_level|Attack Rating per level|Hyökkäysluokitus tasoittain|Precisão de Ataque por Nível|Точность атаки за уровень|每等級命中率|レベルごとの攻撃レーティング|레벨당 명중률|Angriffswert pro Level|Indice d'attaque par niveau|Rating de Ataque por Nivel|Celność ataku na poziom
faster_cast_rate|Faster Cast Rate|Nopeampi lähetysnopeus|Taxa de Conjuração Mais Rápida|Скорость чтения заклинаний|施法速度|より速いキャスト レート|빠른 시전 속도|Schnellere Zauberrate|Taux d'incantation plus rapide|Velocidad de Lanzamiento|Szybsza szybkość rzucania
critical_damage|Critical Strike Damage|Kriittinen iskuvahinko|Dano de Acerto Crítico|Урон от критического удара|暴擊傷害|クリティカル ストライク ダメージ|치명타 데미지|Schaden durch kritische Treffer|Dégâts de coup critique|Daño de Golpe Crítico|Obrażenia trafienia krytycznego
critical_chance|Chance for Critical Strike|Mahdollisuus Critical Strikelle|Chance de Acerto Crítico|Шанс критического удара|暴擊機率|クリティカル ストライクの確率|치명타 확률|Chance auf kritische Treffer|Chances de coup critique|Probabilidad de Golpe Crítico|Szansa na trafienie krytyczne
physical_damage|Flat Physical Damage|Fyysinen vahinko|Dano Físico Fixo|Фиксированный физический урон|附加物理傷害|物理ダメージ|물리 데미지|Physischer Schaden|Dégâts physiques|Daño Físico|Płaskie obrażenia fizyczne
physical_damage_p|Physical Damage %||Dano Físico em Porcentagem|Физический урон в процентах|物理傷害%|物理ダメージ%|물리 데미지 %|Physischer Schaden %|Dégâts de physiques %|Daño de fisico %|Obrażenia fizyczne %
magic_damage|Additive Arcane Damage|Lisäaine Arcane Damage|Dano Arcano Adicional|Дополнительный урон от тайной магии|附加奧術傷害|追加の秘術ダメージ|추가 아케인 데미지|Additiver Arkanschaden|Dégâts arcaniques additifs|Daño Arcano Adicional|Addytywne obrażenia arkaniczne
lightning_damage|Additive Lightning Damage|Salaman lisävahinko|Dano de Relâmpago Adicional|Дополнительный урон от молнии|附加閃電傷害|追加の雷ダメージ|추가 번개 데미지|Additiver Blitzschaden|Dégâts de foudre additifs|Daño de Rayo Adicional|Addytywne obrażenia błyskawic
fire_damage|Additive Fire Damage|Lisäaine palovahinko|Dano de Fogo Adicional|Дополнительный урон от огня|附加火焰傷害|追加の火ダメージ|추가 불 데미지|Additiver Feuerschaden|Dégâts de feu additifs|Daño de Fuego Adicional|Addytywne obrażenia ogniste
cold_damage|Additive Cold Damage|Lisäaine kylmävaurioita|Dano de Gelo Adicional|Дополнительный урон от холода|附加冰霜傷害|追加の冷気ダメージ|추가 냉기 데미지|Additiver Kälteschaden|Dégâts de froid additifs|Daño de Frío Adicional|Addytywne obrażenia lodowe
poison_damage|Additive Poison Damage|Lisäaine myrkkyvaurio|Dano de Veneno Adicional|Дополнительный урон от яда|附加毒素傷害|追加の毒ダメージ|추가 독 데미지|Additiver Giftschaden|Dégâts de poison additifs|Daño de Veneno Adicional|Addytywne obrażenia trujące
magic_damage_increased|Arcane Skill Damage %||Dano de Habilidades Arcanas em Porcentagem|Урон от тайных навыков в процентах|奧術技能傷害 %|アーケインスキルダメージ%|아케인 스킬 데미지 %|Arkan-Fertigkeitsschaden %|Dégâts des compétences arcaniques (%)|Daño de habilidad Arcana %|Obrażenia umiejętności arkanicznych %
lightning_damage_increased|Lightning Skill Damage %||Dano de Habilidades de Relâmpago em Porcentagem|Урон от навыков молнии в процентах|閃電技能傷害 %|雷スキルダメージ%|번개 스킬 데미지 %|Blitz-Fertigkeitsschaden %|Dégâts de la compétence foudre (%)|Daño de habilidad Rayo %|Obrażenia umiejętności błyskawic %
fire_damage_increased|Fire Skill Damage %||Dano de Habilidades de Fogo em Porcentagem|Урон от навыков огня в процентах|火焰技能傷害 %|火スキルダメージ%|불 스킬 데미지 %|Feuer-Fertigkeitsschaden %|Dégâts de la compétence feu (%)|Daño de habilidad Fuego %|Obrażenia umiejętności ognistych %
cold_damage_increased|Cold Skill Damage %||Dano de Habilidades de Gelo em Porcentagem|Урон от навыков холода в процентах|冰霜技能傷害 %|冷気スキルダメージ%|냉기 스킬 데미지 %|Kälte-Fertigkeitsschaden %|Dégâts de la compétence froid (%)|Daño de habilidad Frío %|Obrażenia umiejętności lodowych %
poison_damage_increased|Poison Skill Damage %||Dano de Habilidades de Veneno em Porcentagem|Урон от навыков яда в процентах|毒素技能傷害 %|毒スキルダメージ%|독 스킬 데미지 %|Gift-Fertigkeitsschaden %|Dégâts de la compétence poison (%) |Daño de habilidad Veneno % |Obrażenia umiejętności trujących %
magic_damage_p|Arcane Skill Damage|Arkaaninen taitovaurio|Dano de Habilidades Arcanas|Урон от тайных навыков|奧術技能傷害|秘術スキル ダメージ|아케인 스킬 데미지|Schaden durch Arkane-Fertigkeiten|Dégâts de compétence arcanique|Daño de Habilidades Arcanas|Obrażenia umiejętności arkanicznych
lightning_damage_p|Lightning Skill Damage|Salaman taidon vaurio|Dano de Habilidades de Relâmpago|Урон от навыков молнии|閃電技能傷害|雷スキル ダメージ|번개 스킬 데미지|Schaden durch Blitz-Fertigkeiten|Dégâts de compétence de foudre|Daño de Habilidades de Rayo|Obrażenia umiejętności błyskawic
fire_damage_p|Fire Skill Damage|Palon taitojen vauriot|Dano de Habilidades de Fogo|Урон от навыков огня|火焰技能傷害|火スキル ダメージ|불 스킬 데미지|Schaden durch Feuer-Fertigkeiten|Dégâts de compétence de feu|Daño de Habilidades de Fuego|Obrażenia umiejętności ognistych
cold_damage_p|Cold Skill Damage|Kylmä taitovaurio|Dano de Habilidades de Gelo|Урон от навыков холода|冰霜技能傷害|冷気スキル ダメージ|냉기 스킬 데미지|Schaden durch Kälte-Fertigkeiten|Dégâts de compétence de froid additifs|Daño de Habilidades de Frío|Obrażenia umiejętności lodowych
poison_damage_p|Poison Skill Damage|Poison Skill Damage|Dano de Habilidades de Veneno|Урон от навыков яда|毒素技能傷害|毒スキル ダメージ|독 스킬 데미지|Schaden durch Gift-Fertigkeiten|Dégâts de compétence de poison additifs|Daño de Habilidades de Veneno|Obrażenia umiejętności trujących
magic_damage_f|Flat Arcane Skill Damage|Additive Arcane Skill Damage|Dano Arcano Fixo de Habilidades|Фиксированный урон от тайных навыков|基礎奧術技能傷害|固定の秘術スキル ダメージ|고정 아케인 스킬 데미지|Additiver Arkan-Fertigkeitsschaden|Dégâts de compétence arcanique additifs|Daño Fijo de Habilidad Arcana|Płaskie obrażenia umiejętności arkanicznych
lightning_damage_f|Flat Lightning Skill Damage|Additive Lightning Skill Damage|Dano de Relâmpago Fixo de Habilidades|Фиксированный урон от навыков молнии|基礎閃電技能傷害|固定の雷スキル ダメージ|고정 번개 스킬 데미지|Additiver Blitz-Fertigkeitsschaden|Dégâts de compétence de foudre additifs|Daño Fijo de Habilidad de Rayo|Płaskie obrażenia umiejętności błyskawic
fire_damage_f|Flat Fire Skill Damage|Lisäaine tulipalon taitojen vaurioita|Dano de Fogo Fixo de Habilidades|Фиксированный урон от навыков огня|基礎火焰技能傷害|固定の火スキル ダメージ|고정 불 스킬 데미지|Additiver Feuer-Fertigkeitsschaden|Dégâts de compétence de feu additifs|Daño Fijo de Habilidad de Fuego|Płaskie obrażenia umiejętności ognistych
cold_damage_f|Flat Cold Skill Damage|Lisäaine kylmätaitojen vaurioita|Dano de Gelo Fixo de Habilidades|Фиксированный урон от навыков холода|基礎冰霜技能傷害|固定の冷気スキル ダメージ|고정 냉기 스킬 데미지|Additiver Kälte-Fertigkeitsschaden|Dégâts de compétence de froid additifs|Daño Fijo de Habilidad de Frío|Płaskie obrażenia umiejętności lodowych
poison_damage_f|Flat Poison Skill Damage|Additive Poison Skill Damage |Dano de Veneno Fixo de Habilidades|Фиксированный урон от навыков яда|基礎毒素技能傷害|固定毒スキルダメージ|고정 독 스킬 데미지|Additiver Gift-Fertigkeitsschaden|Dégâts de compétence de poison additifs|Daño Fijo de Habilidad de Veneno|Płaskie obrażenia umiejętności trujących
elemental_damage_f|Flat Elemental Skill Damage||Dano Elemental Fixo de Habilidades|Фиксированный урон от элементальных навыков|基礎元素技能傷害|固定エレメンタルスキルダメージ|고정 원소 스킬 데미지|Additiver Elementarer-Fertigkeitsschaden|Dégâts élémentaires fixes des compétences|Daño fijo de habilidad elemental|Płaskie obrażenia umiejętności żywiołowych
skill_damage_f|Flat Skill Damage|Tasainen taitovaurio |Dano Fixo de Habilidades|Фиксированный урон от навыков|基礎技能傷害|フラットスキルダメージ |플랫 스킬 데미지 |Fertigkeitsschaden|Dégâts fixes des compétences |Daño fijo de habilidad |Płaskie obrażenia umiejętności
max_hp|Life|Elämä|Vida|Жизнь|最大生命值|ライフ|생명력|Leben|Vie|Vida|Życie
max_mana|Mana|Mana|Mana|Мана|最大魔力值|マナ|마나|Mana|Mana|Maná|Mana
hp_p|Life %|Elinikä %|Vida em Porcentagem|Жизнь в процентах|生命% |ライフ %|생명력 %|Leben %|Vie %|Vida %|Życie %
mana_p|Mana %|Mana %|Mana em Porcentagem|Мана в процентах|魔力% |マナ %|마나 %|Mana %|Mana %|Maná %|Mana %
hp_per_level|Life per level|Elinikä tasoa kohti|Vida por Nível|Жизнь за уровень|每等級生命|レベルごとのライフ|레벨당 생명력|Leben pro Level|Vie par niveau|Vida por Nivel|Życie na poziom
mana_per_level|Mana per level|Mana tasoa kohden|Mana por Nível|Мана за уровень|每等級魔力|レベルごとのマナ|레벨당 마나|Mana pro Level|Mana par niveau|Maná por Nivel|Mana na poziom
hp_per_second|Life per second|Elämä sekunnissa|Vida por Segundo|Жизнь в секунду|每秒回復生命|1 秒ごとのライフ|초당 생명력|Leben pro Sekunde|Vie par seconde|Vida por Segundo|Życie na sekundę
mana_per_second|Mana per second|Mana sekunnissa|Mana por Segundo|Мана в секунду|每秒回復魔力|1 秒ごとのマナ|초당 마나|Mana pro Sekunde|Mana par seconde|Maná por Segundo|Mana na sekundę
light_radius|Light Radius|Valon säde|Raio de Luz|Радиус освещения|光照範圍|ライト半径|빛 반경|Lichtradius|Rayon de lumière|Radio de Luz|Promień światła
health_regen|Life Replenish|Elämän täydennys|Recuperação de Vida|Восстановление жизни|生命回復|ライフ補充|생명력 회복|Lebensregeneration |Régénération de vie|Regeneración de Vida|Odnawianie życia
mana_regen|Mana Replenish|Manan täydennys|Recuperação de Mana|Восстановление маны|魔力回復|マナ補充|마나 회복|Manaregeneration|Régénération de mana|Regeneración de Maná|Odnawianie many
life_per_hit|Life stolen per Hit|Henki varastettu osumaa kohti|Vida Roubada por Acerto|Кража жизни за удар|攻擊擊中偷取生命|ヒットごとに奪われるライフ|타격당 생명력 흡수|Leben pro Treffer gestohlen|Vie volée par coup|Vida Robada por Golpe|Kradzież życia na uderzenie
mana_per_hit|Mana stolen per Hit|Mana varastettu hittiä kohden|Mana Roubada por Acerto|Кража маны за удар|攻擊擊中偷取魔力|ヒットごとに奪われるマナ|타격당 마나 흡수|Mana pro Treffer gestohlen|Mana volé par coup|Maná Robado por Golpe|Kradzież many na uderzenie
hp_kill|Life After each Kill|Elämä jokaisen murhan jälkeen|Vida Após Cada Morte|Жизнь после каждого убийства|擊殺回復生命|キルごとのライフ|처치시 생명력 회복|Leben nach jedem Kill|Vie après chaque élimination|Vida al Matar|Życie po każdym zabiciu
mana_kill|Mana After each Kill|Mana jokaisen tappamisen jälkeen|Mana Após Cada Morte|Мана после каждого убийства|擊殺回復魔力|キルごとのマナ|처치시 마나 회복|Mana nach jedem Kill|Mana après chaque élimination|Maná al Matar|Mana po każdym zabiciu
cooldown_reduction|Skill Haste|Jäähdytyspalautus|Aceleração de Habilidade|Скорость навыков|技能急速|クールダウン回復|쿨다운 감소|Abklingzeit-Erholung|Récupération du temps de recharge|Recuperación de Enfriamiento|Przyspieszenie umiejętności
cooldown_reduction_potion|Flask Skill Haste|Kolvin jäähdytyspalautus |Aceleração de Habilidade de Frasco|Скорость навыков зелий|藥劑技能急速|フラスコのクールダウン回復|플라스크 쿨다운 감소|Abklingzeit-Erholung der Flasche|Récupération du temps de recharge du flacon|Recuperación de Enfriamiento de Frasco|Przyspieszenie umiejętności flaszek
exp_gain|Increased Experience Gain|Lisäkokemusta|Ganho de Experiência Aumentado|Получение опыта повышено|經驗值獲得量增加|獲得経験値の増加|경험치 획득 증가|Erhöhter Erfahrungsgewinn|Gain d'expérience accru|Ganancia de Experiencia Aumentada|Zwiększone zdobywanie doświadczenia
exp_gain_below|Increased Experience Gain Below Level 100|Lisää kokemusta alle 100 tason|Ganho de Experiência Aumentado Abaixo do Nível 100|Получение опыта повышено ниже 100 уровня|100級以下經驗值獲得量增加|レベル 100 未満で獲得経験値の増加|레벨 100 미만에서 경험치 획득 증가|Erhöhter Erfahrungsgewinn unter Level 100|Gain d'expérience accru en dessous du niveau 100|Ganancia de Experiencia Aumentada por Debajo de Nivel 100|Zwiększone zdobywanie doświadczenia poniżej poziomu 100
magic_find|Magic Find|Maaginen löytö|Chance de Itens Mágicos|Магическая находка|物品稀有度|魔法の発見|매직 아이템 확률|Magie Fund|Trouvée magique|Hallazgo Mágico|Szansa na magiczne przedmioty
magic_find_per_level|Magic Find per level|Magic Find per taso|Chance de Itens Mágicos por Nível|Магическая находка за уровень|每等級物品稀有度|レベルごとの魔法の発見 |레벨당 매직 아이템 확률|Magie Fund pro Level|Trouvée magique par niveau |Hallazgo Mágico por Nivel|Szansa na magiczne przedmioty na poziom
dodge_chance|Dodge Chance|||Вероятность уклонения|閃避機率||회피 확률|||Probabilidad de Esquivar|
block_rate|Chance to Block attacks|Mahdollisuus estää hyökkäykset|Chance de Bloquear Ataques|Шанс блокировать атаки|格擋率|攻撃をブロックする確率|공격 블록 확률|Chance, Angriffe zu blockieren|Chance de blocage|Probabilidad de Bloquear Ataques|Szansa na blok ataków
block_rating|Increased Block Rating|Lisääntynyt lohkoluokitus|Rating de Bloqueio Aumentado|Повышенный рейтинг блока|格擋率增加|ブロック評価の増加 |블록 등급 증가|Erhöhte Blockwertung|Augmentation de la note de bloc |Rating de Bloqueo Aumentado|Zwiększona ocena blokowania
defense|Defense|Puolustus|Defesa|Защита|防禦|防御|방어구|Verteidigung|Défense|Defensa|Obrona
defense_p|Defense %|puolustus %|Defesa em Porcentagem|Защита в процентах|防禦%|防御 %|방어구 %|Verteidigung %|Défense %|Defensa %|Obrona %
defense_per_level|Defense per level|Puolustus tasoittain|Defesa por Nível|Защита за уровень|每等級防禦|レベルごとの防御|레벨당 방어구|Verteidigung pro Level|Défense par niveau|Defensa por Nivel|Obrona na poziom
defense_vs_missile|Defense vs Missiles|Puolustus vs ohjukset|Defesa Contra Projéteis|Защита от снарядов|對投射物防禦|ミサイルに対する防御|투사체에 대한 방어구|Verteidigung gegen Geschosse|Défense contre les missiles|Defensa contra Proyectiles|Obrona przed pociskami
all_reduction|All damage reduction|Kaikkien vahinkojen vähentäminen|Redução de Todo Dano|Снижение всего урона|所有傷害減免|すべてのダメージ軽減|모든 데미지 감소|Erlittener Gesamtschaden reduziert um|Réduction de tous les dégâts|Reducción de Todo el Daño|Zmniejszenie wszystkich obrażeń
reduction|Physical damage reduction|Fyysisten vaurioiden vähentäminen|Redução de Dano Físico|Снижение физического урона|物理傷害減免|物理ダメージ軽減|물리 데미지 감소|Erlittener physischer Schaden reduziert um|Réduction des dégâts physiques|Reducción de Daño Físico|Zmniejszenie obrażeń fizycznych
magic_reduction|Magic damage reduction|Magic Damage Reduction|Redução de Dano Mágico|Снижение магического урона|魔法傷害減免|魔法ダメージ軽減|마법 데미지 감소|Erlittener magischer Schaden reduziert um|Réduction des dégâts magiques|Reducción de Daño Mágico|Zmniejszenie obrażeń magicznych
damage_reduced|Damage reduced|Vahinko pienentynyt|Dano Reduzido|Урон снижен|傷害減免|ダメージ軽減|데미지 감소|Erlittener Schaden reduziert um|Dégâts réduits|Daño Reducido|Zmniejszone obrażenia
remove_skill_restrictions|Skill restrictions removed||Restrições de Habilidades Removidas|Ограничения навыков сняты|移除技能限制|スキル制限解除|스킬 제한 해제|Fertigkeitsbeschränkungen aufgehoben|Restrictions de compétences supprimées|Se eliminaron las restricciones de habilidad.|Usunięte ograniczenia umiejętności
melee_splash_damage|Increased melee splash damage||Dano de Splash em Corpo a Corpo Aumentado|Повышенный урон от брызг в ближнем бою|近戰濺射傷害增加|近接攻撃の範囲ダメージ増加|근접 공격 범위 피해 증가|Erhöhter Nahkampf-Flächenschaden|Dégâts de zone en mêlée augmentés|Aumento del daño de área cuerpo a cuerpo.|Zwiększone obrażenia rozbryzgowe melee
phys_damage_low|Increased physical damage while below 40% maximum life||Dano Físico Aumentado Quando a Vida Está Abaixo de 40% do Máximo|Физический урон повышен при жизни ниже 40% от максимума|生命值低於 40% 時物理傷害增加|最大ライフが40%未満の場合、物理ダメージ増加|최대 생명력이 40% 미만일 때 물리 피해 증가|Erhöhter physischer Schaden unter 40 % maximalem Leben|Dégâts physiques augmentés lorsque les points de vie sont inférieurs à 40 %|Aumento del daño físico cuando la vida está por debajo del 40% de la vida máxima.|Zwiększone obrażenia fizyczne gdy poniżej 40% maksymalnego życia
dual_wield_two_handed|You can dual wield two-handed melee weapons||É Possível Empunhar Duas Armas de Duas Mãos Corpo a Corpo|Можно одновременно держать два двуручных оружия ближнего боя|可以雙持雙手近戰武器|両手近接武器を二刀流で装備可能|양손 근접 무기를 동시에 사용할 수 있음|Du kannst zwei Zweihand-Nahkampfwaffen gleichzeitig führen|Possibilité de manier deux armes de mêlée à deux mains|Puedes usar dos armas cuerpo a cuerpo a dos manos.|Możesz dwu-władać dwuręcznymi broniami melee
two_handed_damage|Increased damage when wielding a two-handed melee weapon||Dano Aumentado ao Usar Arma de Duas Mãos Corpo a Corpo|Урон повышен при использовании двуручного оружия ближнего боя|裝備雙手近戰武器時傷害增加|両手近接武器装備時のダメージ増加|양손 근접 무기 사용 시 피해량 증가|Erhöhter Schaden mit Zweihand-Nahkampfwaffen|Dégâts augmentés avec une arme de mêlée à deux mains|Aumento del daño al usar un arma cuerpo a cuerpo a dos manos.|Zwiększone obrażenia przy użyciu dwuręcznej broni melee
health_regen_max|Life replenished based on maximum life||Vida Recuperada Baseada na Vida Máxima|Восстановление жизни на основе максимальной жизни|基於最大生命的生命回復|最大ライフに基づいてライフが回復|최대 생명력에 비례하여 생명력 회복|Lebensregeneration basierend auf maximalem Leben|Régénération de vie basée sur les points de vie maximum|Vida regenerada según la vida máxima.|Odnawianie życia na podstawie maksymalnego życia
health_regen_low|Increased life replenish while below 40% maximum life||Recuperação de Vida Aumentada Quando a Vida Está Abaixo de 40% do Máximo|Восстановление жизни повышено при жизни ниже 40% от максимума|生命值低於 40% 時生命回復增加|最大ライフが40%未満の場合、ライフ回復量が増加|최대 생명력이 40% 미만일 때 생명력 회복량 증가|Erhöhte Lebensregeneration unter 40 % maximalem Leben|Régénération de vie augmentée lorsque les points de vie sont inférieurs à 40 %|Aumento de la regeneración de vida cuando la vida está por debajo del 40% de la vida máxima.|Zwiększone odnawianie życia gdy poniżej 40% maksymalnego życia
mana_regen_max|Mana replenished based on maximum mana||Mana Recuperada Baseada na Mana Máxima|Восстановление маны на основе максимальной маны|基於最大魔力的魔力回復|最大マナに基づいてマナが回復|최대 마나에 비례하여 마나 회복|Manaregeneration basierend auf maximalem Mana|Régénération de mana basée sur le mana maximum|Maná regenerado según el maná máximo.|Odnawianie many na podstawie maksymalnej many
mana_per_hit_rate|Increased mana steal rate||Taxa de Roubo de Mana Aumentada|Скорость кражи маны повышена|魔力偷取速率增加|マナ吸収率増加|마나 흡수율 증가|Erhöhte Manaraubrate|Taux de vol de mana augmenté|Aumento de la tasa de robo de maná.|Zwiększona szybkość kradzieży many
life_per_hit_instant|Life stolen is instant||Roubo de Vida Acontece Instantaneamente|Кража жизни происходит мгновенно|生命偷取立即生效|ライフ吸収は即時|생명력 흡수 즉시 발동|Geraubtes Leben wird sofort entzogen|Vol de vie instantané|Vida robada instantánea.|Kradzież życia jest natychmiastowa
life_per_hit_rate|Increased life steal rate||Taxa de Roubo de Vida Aumentada|Скорость кражи жизни повышена|生命偷取速率增加|ライフ吸収率増加|생명력 흡수율 증가|Erhöhte Lebensraubrate|Taux de vol de vie augmenté|Aumento de la tasa de robo de vida.|Zwiększona szybkość kradzieży życia
life_per_hit_suppressed|Damage suppressed while life stealing||Dano Suprimido Durante o Roubo de Vida|Урон подавляется во время кражи жизни|生命偷取時壓抑傷害|ライフ吸収中はダメージ抑制|생명력 흡수 중 피해 감소|Schaden wird beim Lebensraub reduziert|Dégâts réduits pendant le vol de vie|Daño suprimido al robar vida.|Obrażenia tłumione podczas kradzieży życia
life_per_hit_low|Increased life steal while below 40% maximum life||Roubo de Vida Aumentado Quando a Vida Está Abaixo de 40% do Máximo|Кража жизни повышена при жизни ниже 40% от максимума|生命值低於 40% 時生命偷取增加|最大ライフが40%未満の場合、ライフ吸収率が増加|최대 생명력이 40% 미만일 때 생명력 흡수량 증가|Erhöhter Lebensraub unter 40 % maximalem Leben|Vol de vie augmenté lorsque les points de vie sont inférieurs à 40 %|Aumento del robo de vida cuando la vida está por debajo del 40% de la vida máxima.|Zwiększona kradzież życia gdy poniżej 40% maksymalnego życia
crowd_control_diminish|Decreased monster crowd control diminish||Redução de Controle de Multidão dos Monstros Diminuída|Снижение контроля толпы у монстров уменьшено|降低怪物受到控場的遞減效果|モンスターのクラウドコントロール効果減少|몬스터 군중 제어 효과 감소 감소|Verringerte Abschwächung von Monster-Kontrolleffekten|Réduction de l'effet des effets de contrôle des monstres|Disminución de la reducción del control de masas de los monstruos.|Zmniejszone osłabienie kontroli tłumu potworów
crowd_control_immunity|Monster crowd control immunity ignored||Imunidade de Controle de Multidão dos Monstros Ignorada|Игнорирование иммунитета монстров к контролю толпы|無視怪物控場免疫|モンスターのクラウドコントロール耐性を無視|몬스터 군중 제어 면역 무시|Immunität gegen Monster-Kontrolleffekte wird ignoriert|Immunité des monstres aux effets de contrôle ignorée|Ignorancia de la inmunidad al control de masas de los monstruos.|Ignorowanie odporności na kontrolę tłumu potworów
crowd_control_damage|Damage to crowd control immune monsters||Dano Contra Monstros Imunes a Controle de Multidão|Урон по монстрам с иммунитетом к контролю толпы|對免疫群體控制的怪物造成傷害|クラウドコントロール耐性を持つモンスターへのダメージ増加|군중 제어 면역 몬스터에게 피해 증가|Schaden an Monstern mit Immunität gegen Kontrolleffekte|Dégâts infligés aux monstres immunisés aux effets de contrôle|Daño a monstruos inmunes al control de masas.|Obrażenia do potworów odpornych na kontrolę tłumu
damage_reduced_replenish|Portion of damage reduced replenished as life||Parte do Dano Reduzido Recuperada como Vida|Часть сниженного урона восстанавливается как жизнь|部分減免的傷害轉為生命回復|軽減されたダメージの一部がライフとして回復|피해 감소량의 일부를 생명력으로 회복|Reduzierter Schaden wird als Leben wiederhergestellt|Une partie des dégâts réduits est convertie en points de vie|Parte del daño reducido se regenera como vida.|Część zmniejszonych obrażeń uzupełniana jako życie
spell_dodge|Chance to dodge spell hits||Chance de Esquivar Atingimentos de Feitiços|Шанс уклоняться от попаданий заклинаний|法術閃避率|スペルヒットを回避する確率増加|주문 공격 회피 확률 증가|Chance, Zaubertreffern auszuweichen|Chance d'esquiver les sorts|Posibilidad de esquivar golpes de hechizos.|Szansa na uniknięcie trafień czarami
evasion_dual_wield|Chance to evade physical hits while dual wielding||Chance de Esquivar Atingimentos Físicos ao Empunhar Duas Armas|Шанс уклоняться от физических ударов при использовании двух оружий|雙持時物理閃避率|二刀流中、物理ヒットを回避する確率増加|양손 무기 사용 시 물리 공격 회피 확률 증가|Chance, physischen Treffern beim Führen von zwei Waffen auszuweichen|Chance d'éviter les attaques physiques en maniant deux armes|Posibilidad de esquivar golpes físicos al usar dos armas.|Szansa na uniknięcie trafień fizycznych przy dwu-władaniu
mana_cost_life|Portion of mana cost paid in life||Parte do Custo de Mana Pago com Vida|Часть затрат маны оплачивается жизнью|部分魔力消耗由生命支付|マナコストの一部がライフとして支払われる|마나 소모량의 일부를 생명력으로 회복|Manakosten werden teilweise in Leben umgetauscht|Une partie du coût en mana est convertie en points de vie|Parte del coste de maná se paga en vida.|Część kosztu many płacona życiem
damage_taken_mana_overflow|Overflowing damage taken as mana recouped as life||Dano Recebido em Excesso como Mana Recuperado como Vida|Переполняющий урон, полученный как мана, восстанавливается как жизнь|受到的傷害轉為回復法力，溢出後轉為回復生命|オーバーフローしたダメージを受けたマナがライフとして回復|마나로 소모된 피해 초과분을 생명력으로 회복|Überschüssiger Schaden, der als Mana erlitten wurde, wird als Leben wiederhergestellt|Dégâts subis excédentaires convertis en mana et convertis en points de vie|El daño excessive recibido como maná se recupera como vida.|Nadmiarowe obrażenia przyjęte jako mana odzyskane jako życie
damage_dealt_taken_low|Increased damage and damage taken while below 40% maximum life||Dano e Dano Recebido Aumentados Quando a Vida Está Abaixo de 40% do Máximo|Урон и получаемый урон повышены при жизни ниже 40% от максимума|生命值低於 40% 時造成與承受的傷害增加|最大ライフが40%未満の場合、ダメージと被ダメージが増加最大ライフの40%未満|최대 생명력이 40% 미만일 때 피해량 및 받는 피해량 증가 |Erhöhter Schaden und erlittener Schaden unter 40 % maximalem Leben Leben|Dégâts et dégâts subis augmentés lorsque les points de vie sont inférieurs à 40 % Réduction des dégâts et des dégâts infligés lorsque les points de vie maximum sont inférieurs à 40 %|Aumento del daño y del daño recibido cuando la vida está por debajo del 40% de la vida máxima. Vida|Zwiększone obrażenia i otrzymywane obrażenia gdy poniżej 40% maksymalnego życia
damage_reduced_dealt_low|Increased damage reduction and decreased damage dealt while below 40% maximum life||Redução de Dano Aumentada e Dano Causado Reduzido Quando a Vida Está Abaixo de 40% do Máximo|Снижение урона повышено, а наносимый урон снижен при жизни ниже 40% от максимума|生命值低於 40% 時傷害減免增加但造成傷害降低|最大ライフが40%未満の場合、ダメージ軽減率が増加し、与えるダメージが減少します。|최대 생명력이 40% 미만일 때 받는 피해 감소 및 받는 피해 감소|Erhöhte Schadensreduktion und verringerter verursachter Schaden unter 40 % maximalem Leben|Points de force ajoutés aux dégâts des compétences chargées|Reducción de daño aumentada y daño infligido disminuido cuando la vida está por debajo del 40% de la vida máxima|Zwiększone zmniejszenie obrażeń i zmniejszone zadawane obrażenia gdy poniżej 40% maksymalnego życia
charge_damage_strength|Points in strength added as damage to charge skills||Pontos em Força Adicionados como Dano para Habilidades de Investida|Очки силы добавляются как урон к навыкам рывка|力量點數的增加會轉化為衝鋒技能的傷害|筋力ポイントはチャージスキルのダメージとして加算されます。|힘 스탯만큼 돌진 스킬 피해 증가|Stärkepunkte werden als Schaden für Stürmen-Fertigkeiten hinzugefügt|Dégâts augmentés à mains nues|Puntos de fuerza añadidos como daño a las habilidades de carga|Punkty w sile dodane jako obrażenia do umiejętności szarży
unarmed_damage|Increased damage while unarmed||Dano Aumentado ao Lutar Desarmado|Урон повышен при сражении без оружия|空手時造成傷害增加|素手時のダメージが増加します。|맨손일 때 공격력 증가|Erhöhter Schaden wenn Unbewaffnet|Points de force ajoutés aux dégâts d'arme à mains nues|Daño aumentado al estar desarmado|Zwiększone obrażenia bez broni
unarmed_damage_strength|Points in strength added as weapon damage while unarmed||Pontos em Força Adicionados como Dano de Arma ao Lutar Desarmado|Очки силы добавляются как урон от оружия при сражении без оружия|空手時力量點數轉為武器傷害|筋力ポイントは素手時の武器ダメージとして加算されます。|맨손일 때 힘 스탯만큼 무기 공격력 증가|Stärkepunkte werden als Waffenschaden im unbewaffneten Kampf hinzugefügt|Dégâts augmentés contre les monstres éloignés|Puntos de fuerza añadidos como daño de arma al estar desarmado|Punkty w sile dodane jako obrażenia broni bez broni
melee_damage_long_range|Increased damage while damaging monsters far away||Dano Aumentado ao Atacar Monstros Distantes|Урон повышен при атаке монстров на большом расстоянии|對遠處的怪物造成更多傷害|遠距離のモンスターにダメージを与える際のダメージが増加します。|원거리 몬스터 공격 시 공격력 증가|Erhöhter Schaden gegen weit entfernte Monster|Dégâts physiques augmentés avec une hache|Daño aumentado al dañar monstruos lejanos|Zwiększone obrażenia przy zadawaniu obrażeń potworom z daleka
damage_axe|Increased physical damage while wielding an axe||Dano Físico Aumentado ao Usar Machado|Физический урон повышен при использовании топора|裝備斧頭時物理傷害增加|斧を装備している間の物理ダメージが増加します。|도끼 사용 시 물리 공격력 증가|Erhöhter physischer Schaden mit Axt|Augmentation de la précision avec une hache|Daño físico aumentado al empuñar un hacha|Zwiększone obrażenia fizyczne przy użyciu topora
attack_rating_axe|Increased attack rating while wielding an axe||Precisão de Ataque Aumentada ao Usar Machado|Точность атаки повышена при использовании топора|裝備斧頭時命中值增加|斧を装備している間の攻撃レーティングが増加します。|도끼 사용 시 공격 등급 증가|Erhöhte Angriffsstärke mit Axt|Dégâts physiques supplémentaires avec une hache|Índice de ataque aumentado al empuñar un hacha|Zwiększona celność ataku przy użyciu topora
damage_flat_axe|Additional physical damage while wielding an axe||Dano Físico Adicional ao Usar Machado|Дополнительный физический урон при использовании топора|裝備斧頭時附加物理傷害|斧を装備している間の追加物理ダメ​​ージが発生します。|도끼 사용 시 추가 물리 공격력 증가|Zusätzlicher physischer Schaden mit Axt|Rayon d'attaque augmenté avec une hache|Daño físico adicional al empuñar un hacha|Dodatkowe obrażenia fizyczne przy użyciu topora
attack_radius_axe|Increased attack radius while wielding an axe||Raio de Ataque Aumentado ao Usar Machado|Радиус атаки повышен при использовании топора|裝備斧頭時攻擊範圍增加|斧を装備している間の攻撃範囲が増加します。|도끼 사용 시 공격 범위 증가|Erhöhter Angriffsradius mit Axt|Chance de supprimer les sorts ennemis|Radio de ataque aumentado al empuñar un hacha|Zwiększony zasięg ataku przy użyciu topora
spell_suppression|Chance to suppress incoming spell hits||Chance de Suprimir Atingimentos de Feitiços Recebidos|Шанс подавить входящие попадания заклинаний|法術壓抑率|飛来する呪文攻撃を抑制する可能性があります。 |주문 공격 피해 억제 확률 증가|Chance, eingehende Zauber zu unterdrücken|Régénération de vie augmentée sous l'effet d'une fiole|Posibilidad de suprimir impactos de hechizos entrantes|Szansa na tłumienie przychodzących trafień czarami
flask_regen_life|Increased life replenish while a flask effect is active||Recuperação de Vida Aumentada Enquanto um Frasco Estiver Ativo|Восстановление жизни повышено, пока активно зелье|藥劑效果持續期間生命回復增加|フラスコ効果が有効な間、ライフ回復量が増加|물약 효과 활성화 시 생명력 회복량 증가|Erhöhte Lebensregeneration, solange ein Trankeffekt aktiv ist|Réduction partielle des dégâts ennemis sous l'effet d'une fiole|Recuperación de vida aumentada mientras el efecto de un frasco está activo|Zwiększone odnawianie życia gdy efekt flaszki jest aktywny
flask_damage_taken|Portion of incoming damage mitigated while a flask effect is active||Parte do Dano Recebido Reduzida Enquanto um Frasco Estiver Ativo|Часть входящего урона снижается, пока активно зелье|藥劑效果持續期間減免部分承受傷害|フラスコ効果が有効な間、受けるダメージの一部が軽減される|물약 효과 활성화 시 받는 피해 일부 감소|Eingehender Schaden wird reduziert, solange ein Trankeffekt aktiv ist|Nombre maximal de cumuls de rage|Porción del daño entrante mitigada mientras el efecto de un frasco está activo|Część przychodzących obrażeń łagodzona gdy efekt flaszki jest aktywny
rage_stack|Maximum rage stacks||Máximo de Acúmulos de Fúria|Максимум зарядов ярости|最大怒氣層數|レイジスタックの最大数|최대 분노 중첩|Maximale Wutstapel|Dégâts augmentés par cumul de rage|Máximo de acumulaciones de furia|Maksymalna liczba stacków wściekłości
rage_stack_damage|Increased damage per stack of rage||Dano Aumentado por Acúmulo de Fúria|Урон за каждый заряд ярости повышен|每層怒氣傷害增加|レイジスタックごとにダメージが増加|분노 중첩당 공격력 증가|Erhöhter Schaden pro Wutstapel|Dégâts des projectiles augmentés contre les monstres proches|Daño aumentado por acumulación de furia|Zwiększone obrażenia na stack wściekłości
damage_close|Increased projectile damage to monsters close to you||Dano de Projéteis Contra Monstros Próximos Aumentado|Урон от снарядов по близким монстрам повышен|對附近怪物投射物傷害增加|近くのモンスターへの投射物ダメージが増加|근접 몬스터에게 투사체 공격력 증가|Erhöhter Projektilschaden gegen Monster in der Nähe|Chance de déclencher une attaque supplémentaire|Daño de proyectiles aumentado a monstruos cercanos|Zwiększone obrażenia pocisków do potworów blisko ciebie
burst_attack|Chance when attacking to perform it an additional time||Chance ao Atacar de Executar o Ataque Novamente|Шанс при атаке выполнить её ещё раз|攻擊時有機率額外進行一次攻擊|攻撃時に追加で攻撃を行う確率|공격 시 추가 공격 확률 증가|Chance, die Fertigkeit beim Angriff ein weiteres Mal auszuführen|Brise-armure infligée lors d'une frappe|Posibilidad de realizarlo una vez adicional al atacar|Szansa przy atakowaniu na wykonanie tego ponownie
armor_break_hit|Armor break inflicted when striking||Quebra de Armadura Aplicada ao Atingir|Пробитие брони при ударе|打擊時造成護甲破碎|攻撃時にアーマーブレイクを付与|타격 시 방어력 감소 효과 부여|Rüstungsbruch beim Treffer|Brise-élément infligée lors d'une frappe|Rotura de armadura infligida al golpear|Przebicie pancerza przy uderzeniu
elemental_break_hit|Elemental break inflicted when striking||Quebra Elemental Aplicada ao Atingir|Пробитие элементов при ударе|打擊時造成元素破碎|攻撃時にエレメンタルブレイクを付与|타격 시 속성 파괴 효과 부여|Elementarbruch beim Treffer |Brise-élément infligée lors d'un sort|Rotura elemental infligida al golpear|Przebicie żywiołowe przy uderzeniu
elemental_break_spell_hit|Elemental break inflicted on spell hit||Quebra Elemental Aplicada ao Atingir com Feitiço|Пробитие элементов при попадании заклинанием|法術擊中時造成元素破碎|スペルヒット時にエレメンタルブレイクを付与|주문 시 속성 파괴 효과 부여 적중 시|Elementarbruch bei Zaubertreffer |Chance de division des projectiles à l'impact|Rotura elemental infligida al impacto de hechizo|Przebicie żywiołowe przy trafieniu czarem
projectile_fork_chance|Chance for projectiles to fork on hit||Chance de Projéteis Ramificarem ao Atingir|Шанс, что снаряды разветвятся при попадании|投射物命中時有機率分裂|投射物が命中時に分岐する確率|투사체가 적중 시 갈라질 확률|Chance, dass sich Projektile bei einem Treffer verzweigen|Division supplémentaire des projectiles projectiles|Posibilidad de Proyectiles que se bifurcan al impactar|Szansa na rozwidlenie pocisków przy trafieniu
projectile_fork_amount|Additional forking projectiles||Projéteis Ramificados Adicionais|Дополнительные разветвляющиеся снаряды|額外分裂投射物|分岐する投射物の追加数|추가 갈라진 투사체|Zusätzliche sich verzweigende Projektile|Projectiles à longue portée supplémentaires|Proyectiles bifurcados adicionales|Dodatkowe rozwidlające się pociski
extra_ranged_projectiles|Extra ranged projectiles||Projéteis de Longo Alcance Adicionais|Дополнительные дальнобойные снаряды|額外遠程投射物|追加の遠距離投射物|추가 원거리 투사체|Zusätzliche Fernkampfprojektile|Réduction des dégâts en cas d'impact |Proyectiles de largo alcance adicionales|Dodatkowe pociski dystansowe
combat_mitigation|Damage mitigation when struck||Redução de Dano ao Receber Acerto|Снижение урона при получении удара|受到擊中時傷害減免|被弾時にダメージ軽減|피격 시 피해 감소|Schadensreduktion bei Treffern|Réduction des dégâts lors des coups reçus|Mitigación de daño al ser golpeado|Łagodzenie obrażeń przy trafieniu
combat_mitigation_stack|Maximum stacks of combat mitigation||Máximo de Acúmulos de Mitigação de Combate|Максимум зарядов боевого ослабления|戰鬥減傷的最大疊加層數|戦闘軽減スタックの最大数|전투 피해 감소 최대 중첩|Maximale Stapel von Kampfreduktion|Cumul maximal de réduction des dégâts de combat|Máximo de acumulaciones de mitigación de combate|Maksymalna liczba stacków łagodzenia walki
all_resistance_cap_life|Overflowing resistances added as life||Resistências Excedentes Adicionadas como Vida|Избыточные сопротивления добавляются к жизни|超過上限的抗性轉為生命|溢れ出る耐性がライフとして加算される|넘치는 저항이 생명력으로 추가됨|Überschüssige Resistenzen werden als Leben hinzugefügt|Résistances excédentaires converties en points de vie|Resistencias desbordantes añadidas como vida|Nadmiarowe odporności dodane jako życie
vampiric_touch|Chance to replenish life and mana with ranged attacks||Chance de Recuperar Vida e Mana com Ataques de Longo Alcance|Шанс восстановить жизнь и ману при дальнобойных атаках|遠程攻擊有機率回復生命與法力|遠距離攻撃でライフとマナを回復する確率|원거리 공격으로 생명력과 마나 회복 확률|Chance, Leben und Mana mit Fernkampfangriffen wiederherzustellen|Chance de régénérer de la vie et du mana avec des attaques à distance|Posibilidad de recuperar vida y maná con ataques a distancia|Szansa na uzupełnienie życia i many przy atakach dystansowych
aspeed_below_crit|Attack speed increased while critical strike chance below 40%||Velocidade de Ataque Aumentada Quando a Chance de Acerto Crítico Estiver Abaixo de 40%|Скорость атаки повышена при шансе критического удара ниже 40%|暴擊機率低於 40% 時攻擊速度增加|クリティカルストライク率が40%未満の間、攻撃速度が増加|치명타 확률이 40% 미만일 때 공격 속도 증가|Angriffstempo erhöht, solange die kritische Trefferchance unter 40 % liegt|Vitesse d'attaque augmentée lorsque les chances de coup critique sont inférieures à 40 %|Velocidad de ataque aumentada mientras la probabilidad de golpe crítico sea inferior al 40 %|Szybkość ataku zwiększona gdy szansa na trafienie krytyczne poniżej 40%
projectile_damage_below_crit|Projectile damage increased while critical strike chance below 40%||Dano de Projéteis Aumentado Quando a Chance de Acerto Crítico Estiver Abaixo de 40%|Урон от снарядов повышен при шансе критического удара ниже 40%|暴擊機率低於 40% 時投射物傷害增加|クリティカルストライク率が40%未満の間、投射物ダメージが増加|치명타 확률이 40% 미만일 때 투사체 피해 증가|Projektilschaden erhöht, solange die kritische Trefferchance unter 40 % liegt.|Dégâts des projectiles augmentés lorsque les chances de coup critique sont inférieures à 40 %|Daño de proyectil aumentado mientras la probabilidad de golpe crítico sea inferior al 40 %|Obrażenia pocisków zwiększone gdy szansa na trafienie krytyczne poniżej 40%
speed_full_life|Increased attack speed while full life||Velocidade de Ataque Aumentada em Vida Cheia|Скорость атаки повышена при полной жизни|滿血時攻擊速度增加|ライフが満タンの間、攻撃速度が増加|생명력이 최대일 때 공격 속도 증가|Erhöhte Angriffsgeschwindigkeit bei vollem Leben.|Vitesse d'attaque augmentée lorsque les points de vie sont au maximum|Velocidad de ataque aumentada con la vida al máximo |Zwiększona szybkość ataku przy pełnym życiu
risky_hunting|Increased attack speed and damage but decreased reduction and resistances||Velocidade de Ataque e Dano Aumentados, mas Redução e Resistências Diminuídas|Скорость атаки и урон повышены, а снижение урона и сопротивления снижены|攻擊速度與傷害增加，但傷害減免與抗性降低|攻撃速度とダメージが増加するが、軽減と耐性が減少|공격 속도 및 피해 증가, 하지만 감소 및 저항력 감소|Erhöhte Angriffsgeschwindigkeit und erhöhter Schaden, aber verringerte Schadensreduktion und Resistenzen.|Vitesse d'attaque et dégâts augmentés, mais réduction des dégâts et résistances diminuées|Aumenta la velocidad de ataque y el daño, pero disminuye la reducción y las resistencias.|Zwiększona szybkość ataku i obrażenia, ale zmniejszone zmniejszenie i odporności
attack_speed_low_life|Attack speed increased while below 40% maximum life||Velocidade de Ataque Aumentada Quando a Vida Está Abaixo de 40% do Máximo|Скорость атаки повышена при жизни ниже 40% от максимума|生命值低於 40% 時攻擊速度增加|攻撃速度が以下の間、増加最大ライフ40%|최대 생명력이 40% 미만일 때 공격 속도 증가|Erhöhte Angriffsgeschwindigkeit, solange das maximale Leben unter 40 % liegt.|Vitesse d'attaque augmentée lorsque les points de vie maximum sont inférieurs à 40 %|Aumenta la velocidad de ataque cuando la vida máxima está por debajo del 40 %.|Szybkość ataku zwiększona gdy poniżej 40% maksymalnego życia
hunters_resilience|Increased combat and defensive stats while below 40% maximum life||Atributos de Combate e Defesa Aumentados Quando a Vida Está Abaixo de 40% do Máximo|Боевые и защитные характеристики повышены при жизни ниже 40% от максимума|生命值低於 40% 時戰鬥與防禦屬性增加|最大ライフが40%未満の場合、戦闘および防御ステータスが上昇|최대 생명력이 40% 미만일 때 전투 및 방어 능력치 증가|Erhöhte Kampf- und Verteidigungswerte, solange das maximale Leben unter 40 % liegt.|Statistiques de combat et défensives augmentées lorsque les points de vie maximum sont inférieurs à 40 %|Aumenta las estadísticas de combate y defensa cuando la vida máxima está por debajo del 40 %.|Zwiększone statystyki walki i obronne gdy poniżej 40% maksymalnego życia
dodge_master|Chance to gain 100% evasion for a short duration when struck||Chance de Ganhar 100% de Esquiva por Curto Tempo ao Receber Acerto|Шанс получить 100% уклонение на короткое время при получении удара|受到攻擊時有機率在短時間內獲得100%閃避率|被弾時に短時間、回避率100%を獲得する確率|피격 시 짧은 시간 동안 회피율 100% 획득 확률|Chance, bei einem Treffer kurzzeitig 100 % Ausweichen zu erhalten.|Chance d'obtenir 100 % d'esquive pendant une courte durée lors des coups reçus|Posibilidad de obtener un 100 % de evasión durante un breve periodo al ser golpeado.|Szansa na uzyskanie 100% uniku na krótki czas przy trafieniu
spell_damage|Increased spell damage||Dano de Feitiços Aumentado|Урон от заклинаний повышен|法術傷害增加|呪文ダメージが上昇|주문 피해 증가|Erhöhter Zauberschaden.|Dégâts des sorts augmentés|Aumenta el daño de los hechizos.|Zwiększone obrażenia czarów
attack_speed_to_skill_damage|Portion of attack speed added as magic skill damage||Parte da Velocidade de Ataque Adicionada como Dano de Habilidades Mágicas|Часть скорости атаки добавляется как урон от магических навыков|部分攻擊速度轉為魔法技能傷害|攻撃速度の一部が魔法スキルダメージとして加算される|공격 속도의 일부가 마법 스킬 피해로 추가됨|Ein Teil der Angriffsgeschwindigkeit wird als Magieschaden hinzugefügt.|Une partie de la vitesse d'attaque convertie en dégâts de compétences magiques|Una parte de la velocidad de ataque se suma al daño de las habilidades mágicas.|Część szybkości ataku dodana jako obrażenia umiejętności magicznych
spell_duration_flat|Seconds of increased spell duration||Segundos de Duração de Feitiços Aumentada|Длительность заклинаний повышена на секунды|法術持續時間增加（秒）|呪文持続時間が延長される秒数|주문 지속 시간 증가(초)|Sekunden erhöhte Zauberdauer.|Durée des sorts augmentée (secondes)|Aumenta la duración de los hechizos durante unos segundos.|Sekundy zwiększonego czasu trwania czarów
spell_duration_percentual|Increased spell duration||Duração de Feitiços Aumentada|Длительность заклинаний повышена|法術持續時間增加|呪文持続時間が延長される|주문 지속 시간 증가|Erhöhte Zauberdauer.|Durée des sorts augmentée|Aumenta la duración de los hechizos.|Zwiększony czas trwania czarów
multi_cast_chance|Chance to multicast||Chance de Lançamento Múltiplo|Шанс множественного применения заклинания|多重施法機率|マルチキャストの確率|다중 시전 확률|Chance auf Mehrfachzauber.|Chance de lancer plusieurs sorts simultanément|Posibilidad de lanzar hechizos múltiples.|Szansa na multicasting
summon_knockup_chance|Chance on summon hit to knock up monsters dealing increased damage||Chance ao Atingir com Invocado de Lançar Monstros para Cima com Dano Aumentado|Шанс при попадании призванного оглушить монстров с повышенным уроном|召喚物擊中時有機率擊飛怪物並造成額外傷害|召喚モンスターが攻撃を受けた際に、ノックアップしてダメージを増加させる確率|소환 적중 시 몬스터를 띄워 추가 피해를 줄 확률 |Chance, beschworene Monster bei einem Treffer in die Luft zu schleudern und erhöhten Schaden zu verursachen.|Chance, lors d'une invocation réussie, de projeter les monstres en l'air et d'infliger des dégâts accrus|Posibilidad de lanzar monstruos por los aires al ser golpeado, infligiendo mayor daño.|Szansa przy trafieniu przywołaniem na podrzucenie potworów zadając zwiększone obrażenia
summon_knockup_damage|Increased summon knock up damage||Dano de Lançamento para Cima dos Invocados Aumentado|Урон от оглушения призванных повышен|召喚物擊飛傷害增加|召喚モンスターのノックアップダメージが上昇|소환된 몬스터의 넉업 피해량 증가|Erhöhter Schaden durch das Hochschleudern beschworener Monster.|Dégâts de projection des invocations augmentés|Aumenta el daño de los monstruos al ser lanzados por los aires.|Zwiększone obrażenia podrzutu przywołania
ignore_ailment_immunity|Monster ailment immunity ignored||Imunidade de Efeitos Negativos dos Monstros Ignorada|Игнорирование иммунитета монстров к негативным эффектам|無視怪物的異常狀態傷害免疫|モンスターの状態異常耐性が無視される|몬스터 상태 이상 면역 무시|Immunität gegen Monsterzustände wird ignoriert.|Immunité aux altérations d'état des monstres ignorée|Se ignora la inmunidad a los estados alterados de los monstruos.|Ignorowanie odporności na dolegliwości potworów
stun_freeze_immunity|Immune to stun and freeze but unable to dodge hits||Imune a Atordoamento e Congelamento, mas Incapaz de Esquivar Atingimentos|Иммунитет к оглушению и заморозке, но невозможно уклоняться от ударов|免疫眩暈與冰凍，但無法閃避攻擊|スタンと凍結に耐性があるが、攻撃を回避できない|기절 및 빙결 면역이지만 공격 회피 불가|Immun gegen Betäubung und Einfrieren, aber keine Ausweichchance.|Immunité à l'étourdissement et au gel, mais incapacité d'esquiver les coups|Es inmune al aturdimiento y la congelación, pero no puede esquivar golpes.|Odporny na ogłuszenie i zamrożenie, ale nie można unikać trafień
colossus_stacks|Maximum colossus stacks||Máximo de Acúmulos de Colosso|Максимум зарядов колосса|最大巨像層數|コロッサススタックが最大数に達する|거대화 중첩 최대치|Maximale Anzahl an Koloss-Stapeln.|Cumul maximal de Colosse|Máximo de acumulaciones de Coloso.|Maksymalna liczba stacków kolosa
colossus_stacks_replenish|Increased life replenish for each colossus stack||Recuperação de Vida Aumentada por Cada Acúmulo de Colosso|Восстановление жизни за каждый заряд колосса повышено|每層巨像生命回復增加|コロッサススタックごとにライフ回復量が上昇|거대화 중첩당 생명력 회복량 증가|Erhöhte Lebensregeneration für jeden Koloss-Stapel.|Régénération de vie accrue Pour chaque cumul de colosse :|Aumenta la regeneración de vida por cada acumulación de Coloso.|Zwiększone odnawianie życia za każdy stack kolosa
melee_damage_shield|Increased melee damage while wielding a shield||Dano Corpo a Corpo Aumentado ao Usar Escudo|Урон в ближнем бою повышен при использовании щита|持盾時近戰傷害增加|盾を装備している間、近接攻撃ダメージが上昇|방패 장착 시 근접 공격력 증가|Erhöhter Nahkampfschaden mit Schild.|Dégâts de mêlée augmentés avec un bouclier|Aumenta el daño cuerpo a cuerpo al usar un escudo.|Zwiększone obrażenia melee przy użyciu tarczy
critical_damage_shield|Increased critical strike damage while wielding a shield||Dano de Acerto Crítico Aumentado ao Usar Escudo|Урон от критического удара повышен при использовании щита|持盾時暴擊傷害增加|盾を装備している間、クリティカルヒットダメージが上昇|방패 장착 시 치명타 피해량 증가|Erhöhter kritischer Trefferschaden mit Schild.|Dégâts critiques augmentés avec un bouclier|Aumenta el daño crítico al usar un escudo.|Zwiększone obrażenia trafienia krytycznego przy użyciu tarczy
damage_mitigation_shield|Portion of damage taken mitigated while wielding a shield||Parte do Dano Recebido Reduzida ao Usar Escudo|Часть получаемого урона снижается при использовании щита|持盾時減免部分承受傷害|盾を装備している間、受けるダメージの一部が軽減される|방패 장착 시 받는 피해량 일부 감소|Ein Teil des erlittenen Schadens wird reduziert, während… Mit Schild|Partie des dégâts subis réduite avec un bouclier|Se mitiga una parte del daño recibido al usar un escudo.|Część otrzymanych obrażeń łagodzona przy użyciu tarczy
attack_range_shield|Increased attack range while wielding a shield||Alcance de Ataque Aumentado ao Usar Escudo|Дальность атаки повышена при использовании щита|持盾時攻擊範圍增加|盾を装備している間、攻撃範囲が拡大|방패 장착 시 공격 범위 증가|Erhöhte Angriffsreichweite mit Schild|Portée d'attaque augmentée avec un bouclier|Aumenta el alcance de ataque al usar un escudo.|Zwiększony zasięg ataku przy użyciu tarczy
evasion_struck_chance|Chance to gain 50% evasion when struck||Chance de Ganhar 50% de Esquiva ao Receber Acerto|Шанс получить 50% уклонение при получении удара|受到擊中時有機率獲得 50% 閃避率|被弾時に回避率50%を獲得する確率|피격 시 회피율 50% 증가 확률|Chance auf 50 % Ausweichen bei Treffern|Chance d'obtenir 50 % d'esquive en cas de coup reçu|Posibilidad de obtener un 50 % de evasión al ser golpeado. Golpeado|Szansa na uzyskanie 50% uniku przy trafieniu
resistances_capped|Maximum all resistances capped to||Máximo de Todas as Resistências Limitado a|Максимум всех сопротивлений ограничен до|所有抗性上限為|すべての耐性が最大でマイナスに制限されるすべての耐性がライフとして加算される|모든 저항 최대치 상한선 설정|Maximale Resistenzen gesetzt auf|Résistances maximales plafonnées|Todas las resistencias al máximo|Maksymalne wszystkie odporności ograniczone do
negative_resistances_life|Negative all resistances added as life||Todas as Resistências Negativas Adicionadas como Vida|Отрицательные все сопротивления добавляются к жизни|負的全抗性轉為生命|すべての負の耐性がダメージとして加算される|모든 저항 음수 값만큼 생명력으로 추가|Negative Resistenzen werden als Leben hinzugefügt|Soumission de toutes les résistances : points de vie ajoutés|Todas las resistencias negativas se suman como vida|Negatywne wszystkie odporności dodane jako życie
negative_resistances_damage|Negative all resistances added as damage||Todas as Resistências Negativas Adicionadas como Dano|Отрицательные все сопротивления добавляются к урону|負的全抗性轉為傷害|受けるダメージの一部が軽減される|모든 저항 음수 값만큼 공격력으로 추가|Negative Resistenzen werden als Schaden hinzugefügt|Soumission de toutes les résistances : dégâts ajoutés|Todas las resistencias negativas se suman como daño|Negatywne wszystkie odporności dodane jako obrażenia
damage_mitigation|Portion of damage taken mitigated||Parte do Dano Recebido Reduzida|Часть получаемого урона снижается|減免部分承受傷害|受けるダメージの一部がマナから消費される|받는 피해량 일부 감소|Teil des erlittenen Schadens wird gemildert|Partie des dégâts subis réduite|Porción del daño recibido mitigada|Część otrzymanych obrażeń łagodzona
damage_taken_as_mana|Portion of damage taken is drained from mana||Parte do Dano Recebido é Retirada da Mana|Часть получаемого урона вычитается из маны|部分承受傷害由魔力扣除|最大マナの一部がライフとして加算される|받는 피해량만큼 마나 소모|Teil des erlittenen Schadens wird vom Mana abgezogen|Partie des dégâts subis drainée du mana|Porción del daño recibido se drena del maná|Część otrzymanych obrażeń jest odciągana z many
max_mana_added_life|Portion of maximum mana added as life||Parte da Mana Máxima Adicionada como Vida|Часть максимальной маны добавляется к жизни|部分最大魔力轉為生命|最大ライフの一部がマナとして加算される|최대 마나량의 일부를 생명력으로 추가|Teil des maximalen Manas wird als Leben hinzugefügt|Partie du mana maximum ajoutée aux points de vie|Porción del maná máximo se suma como vida|Część maksymalnej many dodana jako życie
max_life_added_mana|Portion of maximum life added as mana||Parte da Vida Máxima Adicionada como Mana|Часть максимальной жизни добавляется к мане|部分最大生命轉為魔力|倒されたモンスターが安らかに眠る可能性 |최대 생명력량의 일부를 마나로 추가|Teil des maximalen Lebens wird als Mana hinzugefügt|Partie des points de vie maximum ajoutée au mana|Porción de la vida máxima se suma como maná|Część maksymalnego życia dodana jako mana
monsters_rest_peace|Chance for slain monsters to rest in peace||Chance de Monstros Mortos Descansarem em Paz|Шанс, что убитые монстры упокоятся|擊殺的怪物有機率安息|倒したモンスターが安らかに眠れる可能性|처치한 몬스터가 편히 잠들 확률 증가|Chance, dass getötete Monster in Frieden ruhen|Chance que les monstres tués reposent en paix|Posibilidad de que los monstruos abatidos descansen en paz|Szansa na to, że zabite potwory spoczną w pokoju
projectile_damage_bow|Increased projectile damage while wielding a bow||Dano de Projéteis Aumentado ao Usar Arco|Урон от снарядов повышен при использовании лука|裝備弓時投射物傷害增加|弓を装備している間、投射物のダメージが増加|활 장착 시 투사체 공격력 증가|Erhöhter Projektilschaden mit Bogen|Dégâts des projectiles augmentés avec un arc|Daño de proyectil aumentado al usar un arco|Zwiększone obrażenia pocisków przy użyciu łuku
projectile_damage_gun|Increased projectile damage while wielding a gun||Dano de Projéteis Aumentado ao Usar Arma de Fogo|Урон от снарядов повышен при использовании огнестрельного оружия|裝備槍械時投射物傷害增加|銃を装備している間、投射物のダメージが増加|총 장착 시 투사체 공격력 증가|Erhöhter Projektilschaden mit Schusswaffe|Dégâts des projectiles augmentés avec une arme à feu|Daño de proyectil aumentado al usar un arma de fuego|Zwiększone obrażenia pocisków przy użyciu broni palnej
projectile_damage_throwing|Increased projectile damage while wielding a throwing weapon||Dano de Projéteis Aumentado ao Usar Arma de Arremesso|Урон от снарядов повышен при использовании метательного оружия|裝備投擲武器時投射物傷害增加|投擲武器を装備している間、投射物のダメージが増加|투사체 투척 무기를 사용할 때 추가 피해|Erhöhter Projektilschaden mit Wurfwaffe|Dégâts des projectiles augmentés avec une arme de jet|Daño de proyectil aumentado al usar un arma arrojadiza|Zwiększone obrażenia pocisków przy użyciu broni miotanej
enhanced_damage_bow|Increased enhanced damage while wielding a bow||Dano Aprimorado Aumentado ao Usar Arco|Усиленный урон повышен при использовании лука|裝備弓時增強傷害增加|弓を装備している間、強化ダメージが増加|활을 사용할 때 강화 피해 증가|Erhöhter Schaden mit Bogen|Dégâts améliorés augmentés avec un arc|Daño mejorado aumentado al usar un arco|Zwiększone zwiększone obrażenia przy użyciu łuku
enhanced_damage_gun|Increased enhanced damage while wielding a gun||Dano Aprimorado Aumentado ao Usar Arma de Fogo|Усиленный урон повышен при использовании огнестрельного оружия|裝備槍械時增強傷害增加|銃を装備している間、強化ダメージが増加|총을 사용할 때 강화 피해 증가|Erhöhter Schaden mit Schusswaffen|Dégâts améliorés augmentés avec une arme à feu|Daño mejorado aumentado al usar un arma de fuego|Zwiększone zwiększone obrażenia przy użyciu broni palnej
enhanced_damage_throwing|Increased enhanced damage while wielding a throwing weapon||Dano Aprimorado Aumentado ao Usar Arma de Arremesso|Усиленный урон повышен при использовании метательного оружия|裝備投擲武器時增強傷害增加|投擲武器を装備している間、強化ダメージが増加|투척 무기를 사용할 때 강화 피해 증가|Erhöhter Schaden mit Wurfwaffen|Dégâts améliorés augmentés avec une arme de jet|Daño mejorado aumentado al usar un arma arrojadiza|Zwiększone zwiększone obrażenia przy użyciu broni miotanej
phys_convert_poison|Portion of physical damage converted to poison damage||Parte do Dano Físico Convertido em Dano de Veneno|Часть физического урона превращается в урон от яда|部分物理傷害轉為毒素傷害|物理ダメージの一部が毒ダメージに変換|물리 피해의 일부가 독 피해로 전환|Teil des physischen Schadens wird in Giftschaden umgewandelt|Partie Dégâts physiques convertis en dégâts de poison|Porción del daño físico convertida en daño de veneno|Część obrażeń fizycznych przekonwertowana na obrażenia trujące
phys_convert_cold|Portion of physical damage converted to cold damage||Parte do Dano Físico Convertido em Dano de Gelo|Часть физического урона превращается в урон от холода|部分物理傷害轉為冰霜傷害|物理ダメージの一部が冷気ダメージに変換|물리 피해의 일부가 냉기 피해로 전환|Teil des physischen Schadens wird in Kälteschaden umgewandelt|Partie des dégâts physiques convertie en dégâts de froid|Porción del daño físico convertida en daño de frío|Część obrażeń fizycznych przekonwertowana na obrażenia lodowe
phys_convert_fire|Portion of physical damage converted to fire damage||Parte do Dano Físico Convertido em Dano de Fogo|Часть физического урона превращается в урон от огня|部分物理傷害轉為火焰傷害|物理ダメージの一部が炎ダメージに変換|물리 피해의 일부가 화염 피해로 전환|Teil des physischen Schadens wird in Feuerschaden umgewandelt|Partie des dégâts physiques convertie en dégâts de feu|Porción del daño físico convertida en daño de fuego|Część obrażeń fizycznych przekonwertowana na obrażenia ogniste
phys_convert_lightning|Portion of physical damage converted to lightning damage||Parte do Dano Físico Convertido em Dano de Relâmpago|Часть физического урона превращается в урон от молнии|部分物理傷害轉為閃電傷害|物理ダメージの一部が雷ダメージに変換|물리 피해의 일부가 번개 피해로 전환|Teil des physischen Schadens wird in Blitzschaden umgewandelt|Partie des dégâts physiques convertie en dégâts de foudre|Porción del daño físico convertida en daño de rayo|Część obrażeń fizycznych przekonwertowana na obrażenia błyskawic
phys_convert_arcane|Portion of physical damage converted to arcane damage||Parte do Dano Físico Convertido em Dano Arcano|Часть физического урона превращается в тайный урон|部分物理傷害轉為奧術傷害|物理ダメージの一部が秘術ダメージに変換|물리 피해의 일부가 비전 피해로 전환 |Teil des physischen Schadens wird in Arkanschaden umgewandelt|Partie des dégâts physiques convertie en dégâts arcaniques|Porción del daño físico convertida en daño arcano|Część obrażeń fizycznych przekonwertowana na obrażenia arkaniczne
summon_attack_radius|Increased summon melee attack radius||Raio de Ataque Corpo a Corpo dos Invocados Aumentado|Радиус атаки призванных в ближнем бою повышен|召喚物近戰攻擊範圍增加|召喚獣の近接攻撃範囲が増加|소환수 근접 공격 범위 증가|Erhöhter Radius für Nahkampfangriffe von Beschwörungen|Rayon d'attaque de mêlée des invocations augmenté|Radio de ataque cuerpo a cuerpo de invocación aumentado|Zwiększony zasięg ataku melee przywołań
summon_projectile_size|Increased summon projectile size||Tamanho de Projéteis dos Invocados Aumentado|Размер снарядов призванных повышен|召喚物的投射物大小增加|召喚獣の投射物のサイズが増加|소환수 투사체 크기 증가|Erhöhte Größe der beschworenen Projektile|Taille des projectiles des invocations augmentée|Tamaño del proyectil de invocación aumentado|Zwiększony rozmiar pocisków przywołań
summon_projectile_fork_chance|Chance for summon projectiles to fork on hit||Chance de Projéteis dos Invocados Ramificarem ao Atingir|Шанс, что снаряды призванных разветвятся при попадании|召喚物的投射物擊中時分裂機率|召喚獣の投射物が命中時に分岐する可能性|소환수 투사체가 적중 시 갈라질 확률 증가|Chance, dass sich beschworene Projektile beim Treffer verzweigen|Chance que les projectiles des invocations se divisent à l'impact|Posibilidad de invocación Proyectiles que se bifurcan al impactar|Szansa na rozwidlenie pocisków przywołań przy trafieniu
summon_projectile_fork_amount|Summon forked projectile amount||Quantidade de Projéteis Ramificados dos Invocados|Количество разветвлённых снарядов призванных|召喚物的分裂投射物數量|召喚獣の分岐した投射物の数|갈라진 투사체 소환 개수 증가|Anzahl der verzweigten Projektile von Beschwörungen|Nombre de projectiles bifurqués invoqués|Cantidad de proyectiles bifurcados de la invocación|Ilość rozwidlonych pocisków przywołań
summon_projectile_chain_chance|Chance for summon projectiles to chain on hit||Chance de Projéteis dos Invocados Causarem Dano em Cadeia ao Atingir|Шанс, что снаряды призванных нанесут цепной урон при попадании|召喚物投射物擊中時產生連鎖機率|召喚獣の投射物が命中時に連鎖する可能性|소환수 투사체가 적중 시 연쇄 공격을 할 확률 증가|Chance, dass sich beschworene Projektile beim Treffer verketten|Chance que les projectiles des invocations s'enchaînent à l'impact|Probabilidad de que los proyectiles de la invocación se encadenen al impactar|Szansa na łańcuchowanie pocisków przywołań przy trafieniu
summon_burst_chance|Chance for summons to perform an additional attack or cast||Chance de Invocados Realizarem um Ataque ou Conjuração Adicional|Шанс, что призванные выполнят дополнительную атаку или применение|召喚物有機率進行額外攻擊或施法|召喚獣が追加攻撃または詠唱を行う可能性|소환수가 추가 공격 또는 스킬 시전을 할 확률 증가|Chance, dass Beschwörungen einen zusätzlichen Angriff ausführen oder einen Zauber wirken|Chance que les invocations effectuent une attaque ou un sort supplémentaire|Probabilidad de que las invocaciones realicen un ataque o lanzamiento adicional|Szansa na dodatkowy atak lub rzut przywołań
summon_splash_damage|Increased summon melee splash damage||Dano de Splash Corpo a Corpo dos Invocados Aumentado|Урон от брызг призванных в ближнем бою повышен|召喚物近戰濺射傷害增加|召喚獣の近接攻撃の範囲ダメージが増加|소환수 근접 공격 범위 피해 증가|Erhöhter Flächenschaden von beschworenen Nahkampfangriffen|Dégâts de zone de mêlée des invocations augmentés|Daño de área cuerpo a cuerpo de la invocación aumentado|Zwiększone obrażenia rozbryzgowe melee przywołań
summon_melee_damage|Increased summon melee damage||Dano Corpo a Corpo dos Invocados Aumentado|Урон призванных в ближнем бою повышен|召喚物近戰傷害增加|召喚獣の近接攻撃が増加ダメージ|소환수 근접 공격 피해 증가|Erhöhter Nahkampfschaden von Beschwörungen|Dégâts de mêlée des invocations augmentés|Daño cuerpo a cuerpo de la invocación aumentado|Zwiększone obrażenia melee przywołań
summon_projectile_damage|Increased summon projectile damage||Dano de Projéteis dos Invocados Aumentado|Урон от снарядов призванных повышен|召喚物投射物傷害增加|召喚獣の投射物ダメージ増加|소환수 투사체 피해 증가|Erhöhter Projektilschaden von Beschwörungen|Dégâts des projectiles des invocations augmentés|Daño de proyectiles de la invocación aumentado|Zwiększone obrażenia pocisków przywołań
summon_life_damage|Increased summon damage based on the summons life||Dano dos Invocados Baseado na Vida dos Invocados Aumentado|Урон от призванных на основе их жизни повышен|基於召喚物生命的召喚物傷害增加|召喚獣のライフに応じて召喚獣のダメージが増加|소환수 생명력에 비례하여 소환수 피해 증가|Erhöhter Beschwörungsschaden basierend auf den Lebenspunkten der Beschwörung|Dégâts des invocations en fonction de leurs points de vie augmentés |Daño de la invocación aumentado según la vida de la invocación|Zwiększone obrażenia przywołań na podstawie życia przywołań
sentry_damage_disabled|Increased sentry damage but you can no longer deal damage your self||Dano das Sentinelas Aumentado, mas Você Não Pode Mais Causar Dano|Урон часовых повышен, но вы сами больше не наносите урон|哨兵傷害增加，但你自身無法再造成傷害|セントリーのダメージ増加（ただし、自身はダメージを与えられなくなる）|경비병 피해 증가 (단, 본인은 더 이상 공격할 수 없음)|Erhöhter Wächterschaden, aber du kannst selbst keinen Schaden mehr zufügen|Dégâts des sentinelles augmentés, mais vous ne pouvez plus infliger de dégâts vous-même.|Daño de la torreta aumentado, pero ya no puedes infligir daño tú mismo|Zwiększone obrażenia wartowników, ale ty nie możesz już zadawać obrażeń
sentry_extra_proj_chance|Chance for sentries to fire an additional projectile||Chance das Sentinelas Dispararem um Projétil Adicional|Шанс, что часовые выпустят дополнительный снаряд|哨兵有機率發射額外投射物|セントリーが追加の投射物を発射する確率増加|경비병이 추가 투사체를 발사할 확률 증가|Chance, dass Wächter ein zusätzliches Projektil abfeuern|Chance pour les sentinelles de tirer un projectile supplémentaire.|Probabilidad de que las torretas disparen un proyectil adicional |Szansa na wystrzelenie dodatkowego pocisku przez wartowników
guardian_spawn_attack|Chance when conjuring a guardian to conjure an additional guardian||Chance ao Invocar um Guardião de Invocar um Guardião Adicional|Шанс при призыве стража призвать дополнительного стража|召喚守護者時有機率額外再召喚一個守護者|ガーディアン召喚時に追加のガーディアンを召喚する確率増加 |수호자를 소환할 때 추가 수호자를 소환할 확률 증가|Chance beim Beschwören eines Wächter beschwört einen zusätzlichen Wächter|Chance d'invoquer un gardien supplémentaire lors de l'invocation d'un gardien.|Probabilidad de invocar un guardián adicional al invocar un guardián|Szansa przy przywoływaniu strażnika na przywołanie dodatkowego strażnika
deadly_blow_aoe_chance|Chance to deal deadly blow damage as area of effect damage||Chance de Causar Dano de Golpe Mortal como Dano de Área|Шанс нанести урон от смертельного удара в виде урона по площади|致命一擊有機率造成範圍傷害|致命的な一撃ダメージを範囲ダメージとして与える確率|치명타 피해를 광역 피해로 입힐 확률 증가|Chance, tödlichen Schlag als Flächenschaden zu verursachen|Chance d'infliger des dégâts de coup mortel en zone d'effet.|Probabilidad de infligir daño de golpe mortal como daño de área|Szansa na zadawanie obrażeń śmiertelnego ciosu jako obrażenia obszarowe
deadly_blow_aoe_damage|Increased deadly blow area of effect damage||Dano de Golpe Mortal em Área Aumentado|Урон от смертельного удара по площади повышен|致命一擊範圍傷害增加|致命的な一撃の範囲ダメージが増加|치명타 광역 피해 증가|Erhöhter Flächenschaden durch tödlichen Schlag|Dégâts de zone du coup mortel augmentés.|Aumento del daño de área de golpe mortal|Zwiększone obrażenia obszarowe śmiertelnego ciosu
two_handed_ailment_damage|Increased ailment damage while wielding a two-handed weapon||Dano de Efeitos Negativos Aumentado ao Usar Arma de Duas Mãos|Урон от негативных эффектов повышен при использовании двуручного оружия|裝備雙手武器時異常狀態傷害增加|両手武器を装備している間、状態異常ダメージが増加|양손 무기를 사용할 때 상태 이상 피해 증가|Erhöhter Leidensschaden mit Zweihandwaffe|Dégâts des altérations d'état augmentés avec une arme à deux mains.|Aumento del daño de estados alterados al empuñar un arma a dos manos|Zwiększone obrażenia dolegliwości przy użyciu dwuręcznej broni
two_handed_ailment_frequency|Increased ailment frequency while wielding a two-handed weapon||Frequência de Efeitos Negativos Aumentada ao Usar Arma de Duas Mãos|Частота негативных эффектов повышена при использовании двуручного оружия|裝備雙手武器時異常狀態觸發頻率增加|両手武器を装備している間、状態異常の発生頻度が増加|양손 무기를 사용할 때 상태 이상 발생 빈도 증가|Erhöhte Leidensshäufigkeit mit Zweihandwaffe|Fréquence d'application des altérations d'état augmentée avec une arme à deux mains.|Aumento de la frecuencia de estados alterados al empuñar un arma a dos manos|Zwiększona częstotliwość dolegliwości przy użyciu dwuręcznej broni
ailment_damage_added|Portion of skills damage added as ailment damage||Parte do Dano das Habilidades Adicionada como Dano de Efeitos Negativos|Часть урона от навыков добавляется как урон от негативных эффектов|部分技能傷害轉為異常狀態傷害|スキルダメージの一部が状態異常ダメージとして加算される|스킬 피해의 일부가 상태 이상 피해로 추가됨|Ein Teil des Fertigkeitsschadens wird als Leidensschaden hinzugefügt.|Une partie des dégâts des compétences est ajoutée en dégâts d'altération d'état.|Parte del daño de las habilidades se añade como daño de estados alterados|Część obrażeń umiejętności dodana jako obrażenia dolegliwości
ailment_damage_only|Increased ailment damage but you can only deal damage with ailments||Dano de Efeitos Negativos Aumentado, mas Você Só Pode Causar Dano com Efeitos Negativos|Урон от негативных эффектов повышен, но вы можете наносить урон только негативными эффектами|異常狀態傷害增加，但你只能透過異常狀態造成傷害|状態異常ダメージが増加するが、状態異常によるダメージしか与えられない|상태 이상 피해 증가 (단, 특정 스킬로만 공격할 수 있음) 상태 이상|Erhöhter Leidensschaden, aber Schaden kann nur durch Leiden verursacht werden.|Dégâts des altérations d'état augmentés, mais vous ne pouvez infliger des dégâts qu'avec des altérations d'état.|Aumento del daño de estados alterados, pero solo puedes infligir daño con estados alterados|Zwiększone obrażenia dolegliwości, ale możesz zadawać obrażenia tylko dolegliwościami
bleed_damage_aoe|Chance for bleed to deal its damage as area of effect damage||Chance de Sangramento Causar Seu Dano como Dano de Área|Шанс, что кровотечение нанесёт урон в виде урона по площади|流血有機率造成範圍傷害|出血ダメージが範囲ダメージとして与えられる確率|출혈 피해가 광역 피해로 적용될 확률|Chance, dass Blutung Flächenschaden verursacht.|Chance pour le saignement d'infliger des dégâts de zone.|Probabilidad de que el sangrado inflija su daño como daño de área|Szansa na to, że krwawienie zadaje obrażenia jako obrażenia obszarowe
chance_to_bleed_hit|Chance to inflict bleeding on hit||Chance de Causar Sangramento ao Atingir|Шанс вызвать кровотечение при ударе|擊中時有機率造成流血|命中時に出血を付与する確率|공격 시 출혈 효과 부여 확률|Chance, bei Treffer Blutung zu verursachen.|Chance d'infliger un saignement à l'impact.|Probabilidad de infligir sangrado al golpear|Szansa na zadanie krwawienia przy trafieniu
chance_to_poison_hit|Chance to inflict poisoned on hit||Chance de Causar Veneno ao Atingir|Шанс вызвать отравление при ударе|擊中時有機率造成中毒|命中時に毒を付与する確率|공격 시 중독 효과 부여 확률|Chance, bei Treffer Vergiftung zu verursachen.|Chance d'infliger un poison à l'impact.|Probabilidad de infligir envenenamiento al golpear|Szansa na zadanie zatrucia przy trafieniu
chance_to_burning_hit|Chance to inflict burning on hit||Chance de Causar Queimadura ao Atingir|Шанс вызвать горение при ударе|擊中時有機率造成燃燒|命中時に燃焼を付与する確率|공격 시 화상 효과 부여 확률|Chance, bei Treffer Verbrennung zu verursachen.|Chance d'infliger une brûlure à l'impact.|Probabilidad de infligir quemadura al golpear|Szansa na zadanie palenia przy trafieniu
chance_to_stasis_hit|Chance to inflict stasis on hit||Chance de Causar Estase ao Atingir|Шанс вызвать стазис при ударе|擊中時有機率造成停滯|命中時にスタンを付与する確率|공격 시 정지 효과 부여 확률|Chance, bei Treffer Stasis zu verursachen.|Chance d'infliger une stase à l'impact.|Probabilidad de infligir estasis al golpear|Szansa na zadanie stasis przy trafieniu
bleed_stacks|Maximum bleed stacks||Máximo de Acúmulos de Sangramento|Максимум зарядов кровотечения|最大流血層數|出血スタックの最大数|최대 출혈 중첩|Maximale Anzahl an Blutungsstapeln.|Nombre maximal de cumuls de saignement.|Máximo de acumulaciones de sangrado|Maksymalna liczba stacków krwawienia
poison_stacks|Maximum poisoned stacks||Máximo de Acúmulos de Veneno|Максимум зарядов отравления|最大中毒層數|毒スタックの最大数|최대 중독 중첩|Maximale Anzahl an Vergiftungsstapeln.|Nombre maximal de cumuls d'empoisonnement.|Máximo de acumulaciones de envenenamiento|Maksymalna liczba stacków zatrucia
burning_stacks|Maximum burning stacks||Máximo de Acúmulos de Queimadura|Максимум зарядов горения|最大燃燒層數|燃焼スタックの最大数|최대 화상 중첩|Maximale Anzahl an Verbrennungsstapeln.|Nombre maximal de cumuls de brûlure.|Máximo de acumulaciones de quemadura|Maksymalna liczba stacków palenia
stasis_stacks|Maximum stasis stacks||Máximo de Acúmulos de Estase|Максимум зарядов стазиса|最大停滯層數|スタンスタックの最大数|최대 정지 중첩|Maximale Anzahl an Stasisstapeln.|Nombre maximal de cumuls de stase.|Máximo de acumulaciones de estasis|Maksymalna liczba stacków stasis
safe_landing|Stun nearby monsters when landing||Atordoa Monstros Próximos ao Pousar|Оглушение ближайших монстров при приземлении|落地時暈眩附近怪物|着地時に近くのモンスターをスタンさせる|착지 시 주변 몬스터 기절|Betäubt nahe Monster bei der Landung.|Étourdit les monstres proches à l'atterrissage.|Aturdir a los monstruos cercanos al aterrizar|Ogłuszanie pobliskich potworów przy lądowaniu
only_damaging_auras|Only affects damaging auras||Afeta Apenas Auras que Causam Dano|Влияет только на наносящие урон ауры|僅影響傷害光環|ダメージを与えるオーラのみに影響|피해를 주는 오라에만 적용|Wirkt nur auf schädigende Auren.|Affecte uniquement les auras offensives.|Solo afecta a las auras dañinas|Dotyczy tylko obrażających aur
only_non_damaging_auras|Only affects non damaging auras||Afeta Apenas Auras que Não Causam Dano|Влияет только на не наносящие урон ауры|僅影響非傷害光環|ダメージを与えないオーラのみに影響|피해를 주지 않는 오라에만 적용|Wirkt nur auf nicht schädigende Auren.|Affecte uniquement les auras non offensives. Auras|Solo afecta a las auras no dañinas|Dotyczy tylko nieobrażających aur
attack_range_melee|Melee attack range increased by||Alcance de Ataque Corpo a Corpo Aumentado|Дальность атаки в ближнем бою повышена|近戰攻擊範圍增加|近接攻撃範囲が増加|근접 공격 사거리 증가|Nahkampfangriffsreichweite erhöht um.|Portée des attaques au corps à corps augmentée de|Aumento del alcance del ataque cuerpo a cuerpo|Zasięg ataku melee zwiększony o
attack_range_ranged|Ranged attack range increased by||Alcance de Ataque à Distância Aumentado|Дальность атаки на расстоянии повышена|遠程攻擊範圍增加|遠距離攻撃範囲が増加 |원거리 공격 사거리 증가 |Fernkampfangriffsreichweite erhöht um.|Portée des attaques à distance augmentée de |Aumento del alcance del ataque a distancia |Zasięg ataku dystansowego zwiększony o
damage_return|Damage Return|Vahingon palautus|Devolução de Dano|Возврат урона|傷害反射|ダメージリターン|데미지 반환|Schadensrückgabe|Restitution des dégâts|Retorno de Daño|Zwrot obrażeń
damage_return_p|Increased Damage Return||Retorno de Dano Aumentado |Повышенный возврат урона|傷害反射增加|ダメージ反射量の増加 |데미지 반사 증가|Erhöhte Schadensreflexion |Renvoi de dégâts accru |Daño Reflejado Aumentado|Zwiększone obrażenia zwrotne 
all_resistance|All Resistances|Kaikki vastukset|Todas as Resistências|Все сопротивления|所有抗性|すべての耐性|모든 저항력|Alle Resistenzen|Toutes les résistances|Todas las Resistencias|Wszystkie odporności
fire_resistance|Fire Resistance|Palonkestävyys|Resistência a Fogo|Сопротивление огню|火焰抗性|火炎耐性|불 저항력|Feuerresistenz|Résistance au feu|Resistencia a Fogo|Odporność na ogień
cold_resistance|Cold Resistance|Kylmäkestävyys|Resistência a Gelo|Сопротивление холоду|冰霜抗性|冷気耐性|냉기 저항력|Kälteresistenz|Résistance au froid|Resistencia a Frío|Odporność na zimno
poison_resistance|Poison Resistance|Myrkkynkestävyys|Resistência a Veneno|Сопротивление яду|毒素抗性|毒耐性|독 저항력|Giftresistenz|Résistance au poison|Resistencia a Veneno|Odporność na truciznę
arcane_resistance|Arcane Resistance|Arkaaninen vastustuskyky|Resistência Arcana|Сопротивление тайной магии|奧術抗性|秘術耐性|아케인 저항력|Arkanresistenz|Résistance aux arcanes|Resistencia Arcana|Odporność arkaniczna
lightning_resistance|Lightning Resistance|Salamankestävyys|Resistência a Relâmpago|Сопротивление молнии|閃電抗性|雷撃耐性|번개 저항력|Blitzresistenz|Résistance à la foudre|Resistencia a Rayo|Odporność na błyskawice
max_magic_resistance|Maximum Arcane Resist|Suurin Arcane Resist|Máximo de Resistência Arcana|Максимум сопротивления тайной магии|最大奧術抗性|最大秘術耐性|최대 아케인 저항력|Maximale Arkanresistenz|Résistance aux arcanes maximale|Máxima Resistencia Arcana|Maksymalna odporność arkaniczna
max_fire_resistance|Maximum Fire Resist|Suurin palonkestävyys|Máximo de Resistência a Fogo|Максимум сопротивления огню|最大火焰抗性|最大火炎耐性|최대 불 저항력|Maximale Feuerresistenz|Résistance au feu maximale|Máxima Resistencia a Fuego|Maksymalna odporność na ogień
max_cold_resistance|Maximum Cold Resist|Maksimaalinen kylmänkestävyys|Máximo de Resistência a Gelo|Максимум сопротивления холоду|最大冰霜抗性|最大冷気耐性|최대 냉기 저항력|Maximale Kälteresistenz|Résistance au froid maximale|Máxima Resistencia a Frío|Maksymalna odporność na zimno
max_poison_resistance|Maximum Poison Resist|Maksimaalinen myrkkynkestävyys|Máximo de Resistência a Veneno|Максимум сопротивления яду|最大毒素抗性|最大毒耐性|최대 독 저항력|Maximale Giftresistenz|Résistance au poison maximale|Máxima Resistencia a Veneno|Maksymalna odporność na truciznę
max_lightning_resistance|Maximum Lightning Resist|Suurin salamankestävyys|Máximo de Resistência a Relâmpago|Максимум сопротивления молнии|最大閃電抗性|最大雷撃耐性|최대 번개 저항력|Maximale Blitzresistenz|Résistance à la foudre maximale|Máxima Resistencia a Rayo|Maksymalna odporność na błyskawice
max_all_resistances|Maximum All Resists|Maksimi kaikki vastustavat|Máximo de Todas as Resistências|Максимум всех сопротивлений|最大所有抗性|すべての耐性の最大|최대 모든 저항력|Maximale alle Resistenzen|Toutes les résistances maximales|Máximo de Todas las Resistencias|Maksymalne wszystkie odporności
fire_absorb|Fire Absorption|Palon absorptio|Absorção de Fogo|Поглощение огня|火焰吸收|火炎吸収|불 흡수력|Feuerabsorption|Absorption du feu|Absorción de Fuego|Absorpcja ognia
cold_absorb|Cold Absorption|Kylmän imeytyminen|Absorção de Gelo|Поглощение холода|冰霜吸收|冷気吸収|냉기 흡수력|Kälteabsorption|Absorption du froid|Absorción de Frío|Absorpcja zimna
lightning_absorb|Lightning Absorption|Salaman absorptio|Absorção de Relâmpago|Поглощение молнии|閃電吸收|雷撃吸収|번개 흡수력|Blitzabsorption|Absorption de la foudre|Absorción de Rayo|Absorpcja błyskawic
arcane_absorb|Arcane Absorption|Arkaaninen absorptio|Absorção Arcana|Поглощение тайной магии|奧術吸收|秘術吸収|아케인 흡수력|Arkanabsorption|Absorption des arcanes|Absorción Arcana|Absorpcja arkaniczna
poison_absorb|Poison Absorption|Myrkkyjen imeytyminen|Absorção de Veneno|Поглощение яда|毒素吸收|毒吸収|독 흡수력|Giftabsorption|Absorption du poison|Absorción de Veneno|Absorpcja trucizny
socketed|Socketed|Pistorasia|Encaixado|Вставлено|已鑲嵌|ソケット|소켓 장착|Gesockelt|Enchâssée|Con Ranuras|Zasocketowane
sockets|Sockets|Pistorasia|Slots|Слоты|鑲嵌孔|ソケット|소켓|Sockel|Enchâssée|Ranuras|Gniazda
deadly_blow|Deadly Blow|Tappava isku|Golpe Mortal|Смертельный удар|致命一擊|致命的な一撃|데들리 블로|Tödlicher Schlag|Coup mortel|Golpe Mortal|Śmiertelny cios
crushing_blow|Crushing Blow|Murskaava isku|Golpe Esmagador|Сокрушительный удар|壓碎打擊|圧倒的な一撃|크러싱 블로|Zerschmetternder Schlag|Coup écrasant|Golpe Aplastante|Miażdżący cios
open_wounds|Open Wounds|Avoimet haavat|Feridas Abertas|Открытые раны|撕裂傷口|開いた傷|출혈|Offene Wunden|Blessures ouvertes|Heridas Abiertas|Otwarte rany
ignore_defense|Ignore Target Defense|Ohita Target Defense|Ignorar Defesa do Alvo|Игнорирование защиты цели|無視目標防禦|ターゲット防御を無視|방어구 무시|Zielverteidigung ignorieren|Ignorer la défense de la cible|Ignora la Defensa del Objetivo|Ignorowanie obrony celu
slow_target|Slow Target|Hidas kohde|Reduzir Velocidade do Alvo|Замедление цели|減速目標|ターゲットをスローにする|대상 슬로우|Ziel verlangsamen|Ralentir la cible|Ralentiza al Objetivo|Spowolnienie celu
extra_gold|Extra Gold from kills|Ylimääräistä kultaa tappoista|Ouro Extra de Mortes|Дополнительное золото с убийств|擊殺掉落額外金幣|キルによる追加ゴールド|몬스터 처치 시 얻는 추가 골드|Zusätzliches Gold durch Kills|Or supplémentaire des éliminations|Oro extra de los monstruos|Dodatkowe złoto z zabójstw
merchant_prices|Merchant prices|Kauppiaan hinnat|Preços do Comerciante|Цены у торговца|商人價格|商人の価格|상인 가격|Händlerpreise|Prix des marchands|Precios de Mercader|Ceny u kupca
poison_length_reduced|Poison Length Reduced|Myrkytyspituus lyhennetty|Duração do Veneno Reduzida|Длительность яда снижена|縮短中毒持續時間|毒の長さを短縮|독 지속 시간 감소|Giftdauer reduziert|Durée du poison réduite|Reduce la Duración del Veneno|Czas działania trucizny zmniejszony
faster_hit_recovery|Faster Hit Recovery|Nopeampi osumien palautus|Recuperação Após Acerto Mais Rápida|Более быстрое восстановление после удара|擊中恢復速度|ヒット回復を高速化|빠른 피격 회복|Schnellere Trefferwiederherstellung|Récupération de coup plus rapide|Recuperación de Impacto más Rápida|Szybsze odzyskanie po trafieniu
mana_costs|Mana Cost Reduced|Mana-kustannukset alennettu|Custo de Mana Reduzido|Затраты маны снижены|降低魔力消耗|マナコストを短縮|마나 비용 감소|Manakosten reduziert|Coût en mana réduit|Costo de Maná Reducido|Koszt many zmniejszony
ignore_magic_resist|Ignore Arcane Resistance|Ohita Arcane Resistance|Ignorar Resistência Arcana|Игнорирование сопротивления тайной магии|無視奧術抗性|秘術耐性を無視|아케인 저항력 무시|Arkane Resistenz ignorieren|Ignorer la résistance aux arcanes|Ignora la Resistencia Arcana|Ignorowanie odporności arkanicznej
ignore_cold_resist|Ignore Cold Resistance|Ohita kylmänkestävyys|Ignorar Resistência a Gelo|Игнорирование сопротивления холоду|無視冰冷抗性|冷気耐性を無視|냉기 저항력 무시|Kälteresistenz ignorieren|Ignorer la résistance au froid|Ignora la Resistencia al Frío|Ignorowanie odporności na zimno
ignore_fire_resist|Ignore Fire Resistance|Ohita palonkestävyys|Ignorar Resistência a Fogo|Игнорирование сопротивления огню|無視火焰抗性|火炎耐性を無視|불 저항력 무시|Feuerresistenz ignorieren|Ignorer la résistance au feu|Ignora la Resistencia al Fuego|Ignorowanie odporności na ogenie
ignore_poison_resist|Ignore Poison Resistance|Ohita myrkkynkestävyys|Ignorar Resistência a Veneno|Игнорирование сопротивления яду|無視毒素抗性|毒を無視耐性|독 저항력 무시|Giftresistenz ignorieren|Ignorer la résistance au poison|Ignora la Resistencia al Veneno|Ignorowanie odporności na truciznę
ignore_lightning_resist|Ignore Lightning Resistance|Ohita salamanvastus|Ignorar Resistência a Relâmpago|Игнорирование сопротивления молнии|無視閃電抗性|雷耐性を無視 |번개 저항력 무시 |Blitzresistenz ignorieren|Ignorer la résistance à la foudre |Ignora la Resistencia al Rayo|Ignorowanie odporności na błyskawice
ignore_all_resists|Ignore All Resistance|Ohita kaikki vastus|Ignorar Todas as Resistências|Игнорирование всех сопротивлений|無視所有抗性|すべての耐性を無視|모든 저항력 무시|Alle Resistenzen ignorieren|Ignorer toutes les résistances|Ignora Todas las Resistencias|Ignorowanie wszystkich odporności
attack_damage|Attack Damage|Hyökkäysvaurio|Dano de Ataque|Урон от атаки|攻擊傷害|攻撃ダメージ|공격 데미지|Angriffsschaden|Dégâts d'attaque|Daño de Ataque|Obrażenia ataku
phasing|Phasing|Vaiheittainen|Fase|Фазовый сдвиг|相位|フェーズ|위상|Geisterschritt|Phasing|Fase|Fazowanie
jumping_power|Jumping Power|Hyppyvoima|Poder de Salto|Сила прыжка|跳躍力|ジャンプ力|점프 파워|Sprungkraft|Puissance de saut|Poder de Salto|Moc skoku
enhanced_damage|Enhanced Damage|Tehostettu vahinko|Dano Aprimorado|Усиленный урон|增強傷害|強化されたダメージ|증가된 데미지|Verstärkter Schaden|Dégâts améliorés|Daño Aumentado|Zwiększone obrażenia
enhanced_defense|Enhanced Defense|Tehostettu puolustus|Defesa Aprimorada|Усиленная защита|增強防禦|強化された防御|증가된 방어구|Verstärkte Verteidigung|Défense améliorée|Defensa Aumentada|Zwiększona obrona
enhanced_damage_per_level|Enhanced Damage per level|Enhanced Damage per taso|Dano Aprimorado por Nível|Усиленный урон за уровень|每等級增強傷害|レベルごとの強化されたダメージ|레벨당 증가된 데미지|Verstärkter Schaden pro Level|Dégâts améliorés par niveau|Daño Aumentado por Nivel|Zwiększone obrażenia na poziom
enhanced_defense_per_level|Enhanced Defense per level|Tehostettu puolustus tasoittain|Defesa Aprimorada por Nível|Усиленная защита за уровень|每等級增強防禦|レベルごとの強化された防御|레벨당 증가된 방어구|Verstärkte Verteidigung pro Level|Défense améliorée par niveau|Defensa Aumentada por Nivel|Zwiększona obrona na poziom
piercing|Piercing|Lävistykset|Perfurante|Пронзание|穿透|貫通|관통|Durchdringend|Perforant|Perforación|Przebicie
damage_per_level|Physical Damage per level||Dano Físico por Nível|Физический урон за уровень|每等級物理傷害|レベル毎の物理ダメージ|레벨당 증가된 물리 데미지|Physischer Schaden pro Level|Dégâts physiques par niveau |Daño físico por nivel |Obrażenia fizyczne na poziom
explosion_damage|Explosion Damage|Räjähdysvaurio|Dano de Explosão|Урон от взрыва|爆炸傷害|爆発ダメージ|폭발 데미지|Explosionsschaden|Dégâts d'explosion|Daño de Explosión|Obrażenia wybuchu
explosion_aoe|Explosion AoE|Räjähdys AoE|Área de Explosão|Радиус взрыва|爆炸範圍|爆発 AoE|폭발 AoE|Explosions-AoE|AoE d'explosion|Área de Explosión|Powierzchnia wybuchu
explosion_skills|Explosion Skills|Räjähdystaidot|Habilidades de Explosão|Навыки взрыва|爆炸技能|爆発スキル|폭발 스킬|Explosions-Fertigkeiten|Compétences d'explosion|Habilidades de Explosión|Umiejętności wybuchowe
phys_taken_cold|Physical Damage taken as Cold|Fyysinen vaurio katsotaan kylmäksi|Dano Físico Convertido em Gelo|Физический урон превращается в урон от холода|承受的物理傷害轉為冰霜|冷気として受ける物理ダメージ|냉기로 받은 물리 데미지|Physischer Schaden, der als Kälteschaden erlitten wird|Dégâts physiques subis sous forme de froid|Daño Físico Tomado como Frío|Obrażenia fizyczne przyjęte jako zimno
phys_taken_fire|Physical Damage taken as Fire|Fyysinen vahinko katsotaan tulipaloksi|Dano Físico Convertido em Fogo|Физический урон превращается в урон от огня|承受的物理傷害轉為火焰|火炎として受ける物理ダメージ|불로 받은 물리 데미지|Physischer Schaden, der als Feuerschaden erlitten wird|Dégâts physiques subis sous forme de feu|Daño Físico Tomado como Fuego|Obrażenia fizyczne przyjęte jako ogień
phys_taken_arcane|Physical Damage taken as Arcane|Fyysinen vaurio pidetään arkaanisena|Dano Físico Convertido em Arcano|Физический урон превращается в тайный урон|承受的物理傷害轉為奧術|秘術として受ける物理ダメージ|아케인으로 받은 물리 데미지|Physischer Schaden, der als Arkanschaden erlitten wird|Dégâts physiques subis sous forme d'arcane|Daño Físico Tomado como Arcano|Obrażenia fizyczne przyjęte jako arkaniczne
phys_taken_lightning|Physical Damage taken as Lightning|Fyysinen vaurio pidetään salamana|Dano Físico Convertido em Relâmpago|Физический урон превращается в урон от молнии|承受的物理傷害轉為閃電|雷撃として受ける物理ダメージ|번개로 받은 물리 데미지|Physischer Schaden, der als Blitzschaden erlitten wird|Dégâts physiques subis sous forme de foudre|Daño Físico Tomado como Rayo|Obrażenia fizyczne przyjęte jako błyskawice
damage_taken_mana|Damage taken recouped as Mana|Vauriot korvattiin Manana|Dano Recebido Recuperado como Mana|Полученный урон восстанавливается как мана|承受傷害回覆為魔力|マナとして回復されるダメージ|받은 데미지를 마나 회복|Erlittener Schaden, der als Mana wiedergutgemacht wird|Dégâts subis récupérés sous forme de mana|Daño recibido recuperado como Maná|Otrzymane obrażenia odzyskane jako mana
damage_taken_life|Damage taken recouped as Life|Vahinko korvataan henkisenä|Dano Recebido Recuperado como Vida|Полученный урон восстанавливается как жизнь|承受傷害回覆為生命|ライフとして回復されるダメージ|받은 데미지를 생명력 회복|Erlittener Schaden, der als Leben wiedergutgemacht wird|Dégâts subis récupérés sous forme de vie|Daño recibido recuperado como Vida|Otrzymane obrażenia odzyskane jako życie
singular_skill|Singular Skills|Yksittäiset taidot|Habilidades Únicas|Одиночные навыки|職業技能|特異スキル|단일 스킬|Einzelfertigkeiten|Compétences singulières|Habilidades Singulares|Umiejętności pojedyncze
singular_skill_class|Singular Skills (Class)|Yksittäiset taidot (luokka)|Habilidades Únicas (Classe)|Одиночные навыки (класс)|獨特技能（職業）|特異スキル (クラス)|단일 스킬(클래스)|Einzelfertigkeiten (Klasse)|Compétences singulières (classe)|Habilidades Singulares (Clase)|Umiejętności pojedyncze (klasa)
physical_skills|Physical Skills|Fyysiset taidot|Habilidades Físicas|Физические навыки|物理技能|物理スキル|물리 스킬|Physische Fertigkeiten|Compétences physiques|Habilidades Físicas|Umiejętności fizyczne
cold_skills|Cold Skills|Kylmät taidot|Habilidades de Gelo|Навыки холода|冰霜技能|冷気スキル|냉기 스킬|Kälte Fertigkeiten|Compétences de froid|Habilidades de Frío|Umiejętności lodowe
fire_skills|Fire Skills|Tulitaidot|Habilidades de Fogo|Навыки огня|火焰技能|火炎スキル|불 스킬|Feuer Fertigkeiten|Compétences de feu|Habilidades de Fuego|Umiejętności ogniste
arcane_skills|Arcane Skills|Arkaaniset taidot|Habilidades Arcanas|Навыки тайной магии|奧術技能|秘術スキル|아케인 스킬|Arkan Fertigkeiten|Compétences arcaniques|Habilidades Arcanas|Umiejętności arkaniczne
poison_skills|Poison Skills|Myrkkytaidot|Habilidades de Veneno|Навыки яда|毒素技能|毒スキル|독 스킬|Gift Fertigkeiten|Compétences de poison|Habilidades de Veneno|Umiejętności trujące
lightning_skills|Lightning Skills|Salaman taidot|Habilidades de Relâmpago|Навыки молнии|閃電技能|雷撃スキル|번개 스킬|Blitz Fertigkeiten|Compétences de foudre|Habilidades de Rayo|Umiejętności błyskawic
skills|Skills|Taidot|Habilidades|Навыки|技能|スキル |기술 |Fertigkeiten|Compétences |Habilidades |Umiejętności
half_freeze_duration|Half Freeze Duration|Puolijäädytyksen kesto|Duração da Congelamento Reduzida pela Metade|Длительность заморозки уменьшена вдвое|凍結持續時間減半|半減凍結時間|동결 지속 시간 절반|Halbe Dauer des Einfrierens|Durée de gel de moitié|Reduce la Congelación a la Mitad|Połowa czasu zamrożenia
cannot_be_frozen|Cannot be Frozen|Ei voi jäädyttää|Não Pode Ser Congelado|Невозможно заморозить|無法被凍結|凍結不可|동결 불가|Kann nicht eingefroren werden|Ne peut pas être gelé|No puede ser Congelado|Nie można zostać zamrożonym
summon_life_p|Summon Life %|Summon Life %|Vida dos Invocados em Porcentagem|Жизнь призванных в процентах|召喚物生命 %|召喚ライフ %|소환수 생명력 %|Beschwörungs Leben |% de vie d'invocation|Vida de Invocaciones %|Życie przywołań %
summon_reduction|Summon Damage Reduction|Summon Damage Reduction|Redução de Dano dos Invocados|Снижение урона призванных|召喚物減傷|召喚ダメージ軽減|소환수 받는 데미지 감소|Beschwörungs Schadensreduzierung|Réduction des dégâts d'invocation|Reducción de Daño para Invocaciones|Zmniejszenie obrażeń przywołań
summon_resists|Summon Resistances|Kutsu vastarintaa|Resistências dos Invocados|Сопротивления призванных|召喚物抗性|召喚耐性|소환수 저항력|Beschwörungs Resistenzen|Résistances d'invocation|Resistencias para Invocaciones|Odporności przywołań
summon_amount|Summon Amount|Summon summa|Quantidade de Invocados|Количество призванных|召喚物數量|召喚量|소환 수량|Beschwörungsmenge|Montant d'invocation|Cantidad de Invocaciones|Ilość przywołań
summon_skills|Summon Skills|Kutsu taitoja|Habilidades de Invocação|Навыки призыва|召喚技能|召喚スキル|소환 스킬|Beschwörungs Fertigkeiten|Compétences d'invocation|Habilidades de Invocación|Umiejętności przywołań
summon_damage_p|Summon Damage %|Summon Damage %|Dano dos Invocados em Porcentagem|Урон от призванных в процентах|召喚物傷害 %|召喚ダメージ %|소환수 데미지 %|Beschwörungs-Schadenprozentsatz|% de dégâts d'invocation|Daño de Invocaciones %|Obrażenia przywołań %
summon_attack_speed|Summon Attack Speed|Kutsu hyökkäysnopeus|Velocidade de Ataque dos Invocados|Скорость атаки призванных|召喚物攻擊速度|召喚攻撃速度|소환수 공격 속도|Beschwörungs Angriffsgeschwindigkeit|Vitesse d'attaque d'invocation|Velocidad de Ataque de Invocaciones|Szybkość ataku przywołań
summon_movement_speed|Summon Movement Speed|Summon Movement Speed|Velocidade de Movimento dos Invocados|Скорость передвижения призванных|召喚物移動速度|召喚移動速度|소환수 이동 속도|Beschwörungs Bewegungsgeschwindigkeit|Vitesse de déplacement d'invocation|Velocidad de Movimiento de Invocaciones|Prędkość ruchu przywołań
sentry_skills|Sentry Skills|Sentry-taidot|Habilidades de Sentinela|Навыки часовых|哨兵技能|セントリースキル|센트리 스킬|Wachposten Fertigkeiten|Compétences de sentinelle|Habilidades de Centinela|Umiejętności wartownicze
sentry_damage_p|Sentry Damage %|Sentry Damage %|Dano das Sentinelas em Porcentagem|Урон от часовых в процентах|哨兵傷害 %|セントリーのダメージ %|센트리 데미지 %|Wachpostenschaden %|Dégâts de sentinelle %|Daño de Centinelas %|Obrażenia wartowników %
sentry_amount|Sentry Amount|Sentry Summa|Quantidade de Sentinelas|Количество часовых|哨兵數量|セントリーの量|센트리 수량|Wachpostenmenge|Nombre de sentinelles|Cantidad de Centinelas|Ilość wartowników
sentry_attack_speed|Sentry Attack Speed|Sentry Attack Speed|Velocidade de Ataque das Sentinelas|Скорость атаки часовых|哨兵攻擊速度|セントリーの攻撃速度|센트리 공격 속도|Wachposten Angriffsgeschwindigkeit|Vitesse d'attaque des sentinelles|Velocidad de Ataque de Centinelas|Szybkość ataku wartowników
sentry_duration|Sentry Duration|Sentry Kesto |Duração das Sentinelas|Длительность часовых|哨兵持續時間|セントリーの持続時間 |센트리 지속 시간|Wachpostendauer|Durée des sentinelles |Duración de Centinelas|Czas trwania wartowników
sub_skills|Sub Skills||Sub-habilidades|Поднавыки|分支技能|サブスキル|서브 스킬|Unterfähigkeiten|Compétences secondaires|Habilidades secundarias|Podumiejętności
guardian_damage|Guardian Damage||Dano dos Guardiões|Урон стражей|守護者傷害|ガーディアンのダメージ|가디언 데미지|Schaden des Wächters|Dégâts du Gardien|Daño del guardián|Obrażenia strażników
guardian_burst|Guardian Chance to Burst||Chance de Explosão dos Guardiões|Шанс взрыва стражей|守護者爆炸機率|ガーディアンのバースト確率|가디언 버스트 확률|Chance des Wächters zum Platzen|Chances d'explosion du Gardien|Probabilidad de estallar del guardián|Szansa na wybuch strażników
guardian_attack_speed|Guardian Attack Speed||Velocidade de Ataque dos Guardiões|Скорость атаки стражей|守護者攻擊速度|ガーディアンの攻撃速度|가디언 공격 속도|Angriffsgeschwindigkeit des Wächters|Vitesse d'attaque du Gardien|Velocidad de ataque del guardián|Szybkość ataku strażników
guardian_attack_range|Guardian Attack Range||Alcance de Ataque dos Guardiões|Дальность атаки стражей|守護者攻擊範圍|ガーディアンの攻撃範囲|가디언 공격 범위|Angriffsreichweite des Wächters|Portée d'attaque du Gardien|Alcance de ataque del guardián|Zasięg ataku strażników
guardian_duration|Guardian Duration||Duração dos Guardiões|Длительность стражей|守護者持續時間|ガーディアンの持続時間|가디언 지속 시간|Dauer des Wächters|Durée du Gardien|Duración del guardián|Czas trwania strażników
extra_damage_stunned|Extra damage to Stunned||Dano Extra Contra Atordoados|Дополнительный урон по оглушённым|對眩暈目標造成的額外傷害|気絶状態への追加ダメージ|기절 상태 추가 데미지|Zusätzlicher Schaden bei Betäubung|Dégâts sup. Vs les cibles étourdies |Daño adicional a aturdido|Dodatkowe obrażenia do oszołomionych
extra_damage_bleed|Extra damage to Bleeding||Dano Extra Contra Sangrando|Дополнительный урон по кровоточащим|對流血目標造成的額外傷害|出血状態への追加ダメージ|출혈 상태 추가 데미지|Zusätzlicher Schaden bei Blutung|Dégâts sup. Vs les cibles saignantes|Daño adicional a sangrado|Dodatkowe obrażenia do krwawiących
extra_damage_frozen|Extra damage to Frozen||Dano Extra Contra Congelados|Дополнительный урон по замороженным|對冰凍目標造成的額外傷害|凍結状態への追加ダメージ|빙결 상태 추가 데미지|Zusätzlicher Schaden bei Gefrorenheit|Dégâts sup. Vs les cibles gelées |Daño adicional a congelado|Dodatkowe obrażenia do zamrożonych
extra_damage_poisoned|Extra damage to Poisoned||Dano Extra Contra Envenenados|Дополнительный урон по отравленным|對中毒目標造成的額外傷害|毒状態への追加ダメージ|독 상태 추가 데미지|Zusätzlicher Schaden bei Vergiftung|Dégâts sup. Vs les cibles empoisonnées |Daño adicional a envenenado|Dodatkowe obrażenia do zatrutych
extra_damage_burning|Extra damage to Burning||Dano Extra Contra Queimando|Дополнительный урон по горящим|對燃燒目標造成的額外傷害|燃焼状態への追加ダメージ|연소 상태 추가 데미지|Zusätzlicher Schaden bei Verbrennung|Dégâts sup. Vs les cibles brûlées|Daño adicional a quemado|Dodatkowe obrażenia do palących się
extra_damage_stasis|Extra damage to Stasis||Dano Extra Contra Estase|Дополнительный урон по стазису|對停滯目標造成的額外傷害|スタシス状態への追加ダメージ|정체 상태 추가 데미지|Zusätzlicher Schaden bei Stasis|Dégâts sup. Vs les cibles en stase |Daño adicional a estasis|Dodatkowe obrażenia do stasis
extra_damage_spellburn|Extra Damage to Shadow Burning||Dano Extra Contra Queimadura Sombria|Дополнительный урон по теневому ожогу|對暗影灼燒目標造成的額外傷害|シャドウバーン状態への追加ダメージ|그림자화상 상태 추가 데미지|Zusätzlicher Schaden bei Schattenbrand|Dégâts sup. Vs les cibles brûlées d’ombre|Daño adicional a quemado de sombra|Dodatkowe obrażenia do cieni płonących
extra_damage_frostburn|Extra Damage to Frost Bitten||Dano Extra Contra Mordida de Gelo|Дополнительный урон по обмороженным|對凍傷目標造成的額外傷害|フロストバイト状態への追加ダメージ|동상 상태 추가 데미지|Zusätzlicher Schaden bei Frostbiss|Dégâts sup. Vs les cibles givrées|Daño adicional a mordido por escarcha|Dodatkowe obrażenia do odmrożonych
extra_damage_ailments|Extra Damage to Ailments||Dano Extra Contra Efeitos Negativos|Дополнительный урон по негативным эффектам|對異常狀態目標造成的額外傷害|状態異常への追加ダメージ|상태 이상 추가 데미지|Zusätzlicher Schaden bei Leiden|Dégâts sup. Vs les cibles altérées|Daño adicional a dolencias |Dodatkowe obrażenia do dolegliwości
ailment_damage|Ailment Damage||Dano de Efeitos Negativos|Урон от негативных эффектов|異常傷害|異常ダメージ |질병 피해 |Leidensschaden|Dommages causés par la maladie |Daño por dolencia |Obrażenia dolegliwości
frequency_bleed|Increased Bleeding Frequency||Frequência de Sangramento Aumentada|Частота кровотечения повышена|增加流血頻率|出血頻度増加|출혈 빈도 증가|Erhöhte Blutungshäufigkeit|Augmentation de la fréquence des saignements|Mayor frecuencia de sangrado|Zwiększona częstotliwość krwawienia
frequency_poisoned|Increased Poisoned Frequency||Frequência de Veneno Aumentada|Частота отравления повышена|增加中毒頻率|毒頻度増加|독 빈도 증가|Erhöhte Vergiftungshäufigkeit|Augmentation de la fréquence des empoisonnements|Mayor frecuencia de envenenamiento|Zwiększona częstotliwość zatrucia
frequency_burning|Increased Burning Frequency||Frequência de Queimadura Aumentada|Частота горения повышена|增加燃燒頻率|燃焼頻度増加|연소 빈도 증가|Erhöhte Brennhäufigkeit|Augmentation de la fréquence des brûlures|Mayor frecuencia de quemaduras|Zwiększona częstotliwość palenia
frequency_stasis|Increased Stasis Frequency||Frequência de Estase Aumentada|Частота стазиса повышена|增加停滯頻率|スタシス頻度増加|정체 빈도 증가|Erhöhte Stasishäufigkeit|Augmentation de la fréquence des stases|Mayor frecuencia de estasis|Zwiększona częstotliwość stasis
frequency_spellburn|Increased Shadow Burning Frequency||Frequência de Queimadura Sombria Aumentada|Частота теневого ожога повышена|增加暗影灼燒頻率|シャドウバーン頻度増加|그림자화상 빈도 증가|Erhöhte Schattenbrandhäufigkeit|Augmentation de la fréquence des brûlures d'ombres|Mayor frecuencia de quemaduras de sombra|Zwiększona częstotliwość cienia płonącego
frequency_frostburn|Increased Frost Bite Frequency||Frequência de Mordida de Gelo Aumentada|Частота обморожения повышена|增加凍傷頻率|フロストバイト頻度増加|동상 빈도 증가|Erhöhte Erfrierungshäufigkeit|Augmentation de la fréquence des engelures|Mayor frecuencia de mordeduras por congelación|Zwiększona częstotliwość odmrożenia
frequency_ailments|Increased Ailment Frequency||Frequência de Efeitos Negativos Aumentada|Частота негативных эффектов повышена|異常狀態觸發頻率增加|状態異常頻度増加|상태 이상 빈도 증가|Erhöhte Leidenshäufigkeit|Fréquence des altérations augmentée |Mayor frecuencia de dolencias |Zwiększona częstotliwość dolegliwości
increased_bleed_damage|Increased Bleeding Damage||Dano de Sangramento Aumentado|Урон от кровотечения повышен|增加流血傷害|出血ダメージ増加|출혈 데미지 증가|Erhöhter Blutungsschaden|Dégâts de saignement augmentés|Mayor daño por sangrado|Zwiększone obrażenia krwawienia
increased_poisoned_damage|Increased Poisoned Damage||Dano de Veneno Aumentado|Урон от отравления повышен|增加中毒傷害|毒ダメージ増加|독 데미지 증가|Erhöhter Vergiftungsschaden|Dégâts d'empoisonnement augmentés|Mayor daño por envenenamiento|Zwiększone obrażenia zatrucia
increased_stasis_damage|Increased Stasis Damage||Dano de Estase Aumentado|Урон от стазиса повышен|增加停滯傷害|スタシスダメージ増加|정체 데미지 증가|Erhöhter Stasisschaden|Dégâts de stase augmentés|Mayor daño por estasis|Zwiększone obrażenia stasis
increased_shadow_burn_damage|Increased Shadow Burning Damage||Dano de Queimadura Sombria Aumentado|Урон от теневого ожога повышен|增加暗影灼燒傷害|シャドウバーンダメージ増加|그림자화상 데미지 증가|Erhöhter Schattenbrandschaden|Dégâts de brûlure d'ombre augmentés|Mayor daño por quemaduras de las sombras|Zwiększone obrażenia cienia płonącego
increased_frost_bite_damage|Increased Frost Bite Damage||Dano de Mordida de Gelo Aumentado|Урон от обморожения повышен|增加凍傷傷害|フロストバイトダメージ増加|동상 데미지 증가|Erhöhter Frostbissschaden|Dégâts de morsure de givre augmentés|Mayor daño por mordedura de hielo|Zwiększone obrażenia odmrożenia
increased_burning_damage|Increased Burning Damage||Dano de Queimadura Aumentado|Урон от горения повышен|增加燃燒傷害|燃焼ダメージ増加|연소 데미지 증가|Erhöhter Brandschaden|Dégâts de brûlure augmentés|Mayor daño por quemaduras|Zwiększone obrażenia palenia
ailment_crit_chance|Ailment Critical Chance||Chance Crítica de Efeitos Negativos|Шанс критического удара негативными эффектами|異常狀態暴擊機率|状態異常クリティカル率|상태 이상 치명타 확률|Kritische Trefferchance (Leiden)|Chances de critique d'altération|Probabilidad de crítico de dolencia|Szansa na krytyczne dolegliwości
ailment_crit_damage|Ailment Critical Damage||Dano Crítico de Efeitos Negativos|Критический урон от негативных эффектов|異常狀態暴擊傷害|状態異常クリティカルダメージ|상태 이상 치명타 데미지|Kritischer Schaden (Leiden)|Dégâts critiques d'altération|Daño crítico de dolencia|Obrażenia krytyczne dolegliwości
spell_crit_chance|Spell Critical Chance||Chance Crítica de Feitiços|Шанс критического удара заклинанием|法術暴擊機率|スペルクリティカル率|주문 치명타 확률|Kritischer Zauberrate|Chances de critique de sort|Probabilidad de crítico de hechizo|Szansa na krytyczne czary
spell_crit_damage|Spell Critical Damage||Dano Crítico de Feitiços|Критический урон от заклинаний|法術暴擊傷害|スペルクリティカルダメージ|주문 치명타 데미지|Kritischer Zauberschaden|Dégâts critiques de sort|Daño crítico de hechizo|Obrażenia krytyczne czarów
mspeed_converted_damage|Movement Speed Converted to Damage||Velocidade de Movimento Convertida em Dano |Скорость передвижения преобразуется в урон. |移動速度轉化為傷害|移動速度をダメージに変換 |이동 속도가 공격력으로 변환됨 |Bewegungsgeschwindigkeit in Schaden umgewandelt|Vitesse de déplacement convertie en dégâts |Velocidad de movimiento convertida en daño |Prędkość ruchu konwertowana na obrażenia
flask_mana_replenish_p|Flask Mana Replenish %||Recuperação de Mana de Frasco em Porcentagem|Восстановление маны от зелья в процентах|藥劑魔力回復 %|フラスコマナ回復%|플라스크 마나 회복%|Trank-Manaregeneration (%)|Régénération de mana des potions  % |% de reposición de maná del frasco|Regeneracja many flaszki %
flask_life_replenish_p|Flask Life Replenish %||Recuperação de Vida de Frasco em Porcentagem|Восстановление жизни от зелья в процентах|藥劑生命回復 %|フラスコライフ回復%|플라스크 생명력 회복%|Trank-Lebensregeneration (%)|Régénération de vie des potions % |% de reposición de vida del frasco|Regeneracja życia flaszki %
flask_mana_instant|Flask Instant Mana Replenish||Recuperação Instantânea de Mana de Frasco|Мгновенное восстановление маны от зелья|藥劑立即回復魔力|フラスコ即時マナ回復|플라스크 즉시 마나 회복|Trank-Sofort-Manaregeneration (Trank)|Restauration instantanée de mana des potions|Reposición instantánea de maná del frasco|Natychmiastowa regeneracja many flaszki
flask_life_instant|Flask Instant Life Replenish||Recuperação Instantânea de Vida de Frasco|Мгновенное восстановление жизни от зелья|藥劑立即回復生命|フラスコ即時ライフ回復|플라스크 즉시 생명력 회복|Trank-Sofort-Lebensregeneration (Trank)|Restauration instantanée de vie des potions|Reposición instantánea de vida del frasco|Natychmiastowa regeneracja życia flaszki
flask_duration_p|Flask Duration||Duração do Frasco|Длительность зелья|藥劑持續時間|フラスコ持続時間|플라스크 지속 시간|Trank-Dauer|Durée des potions|Duración del frasco|Czas trwania flaszki
flask_stacks|Flask Extra Stacks||Cargas Extras do Frasco|Дополнительные заряды зелья|藥劑額外充能數|フラスコ追加スタック|플라스크 추가 스택|Zusätzliche Trank-Stapel|Charges de potion supplémentaires |Acumulaciones adicionales del frasco|Dodatkowe stacki flaszki
flask_stacks_kill|Flask Stacks Recovered Per Kill||Cargas do Frasco Recuperadas por Morte|Заряды зелья восстанавливаются за убийство|擊殺時回復藥劑充能數|キル時のフラスコスタック回復|처치 시 플라스크 스택 회복|Wiederhergestellte Trank-Stapel pro Kill|Charges de potion récupérées par élimination |Acumulaciones del frasco recuperadas por muerte|Stacki flaszki odzyskane na zabicie
flask_stacks_regen|Flask Stacks Recovered||Recuperação de Cargas do Frasco|Восстановление зарядов зелья|回復藥劑充能數|フラスコスタック回復|플라스크 스택 회복|Wiederhergestellte Trank-Stapel|Charges de potion récupérées |Acumulaciones del frasco recuperadas|Stacki flaszki odzyskane
flask_cooldown|Flask Cooldown||Tempo de Recarga do Frasco|Перезарядка зелья|藥劑冷卻時間|フラスコクールダウン|플라스크 재사용 대기시간|Trank-Abkühlung|Temps de recharge de la potion|Tiempo de reutilización del frasco |Czas odnowienia flaszki
intelligence_skill_damage|Intelligence Converted to Magic Skill Damage||Inteligência Convertida em Dano de Habilidades Mágicas|Интеллект превращается в урон от магических навыков|智力轉化為法術技能傷害|知力を魔法スキルダメージに変換|지능을 마법 스킬 데미지로 전환|Intelligenz in Magieschaden umgewandelt|Intelligence convertie en dégâts de compétence magique|Inteligencia convertida en daño de habilidad mágica|Inteligencja konwertowana na obrażenia umiejętności magicznych
intelligence_lightning|Intelligence Converted to Lightning Skill Damage||Inteligência Convertida em Dano de Habilidades de Relâmpago|Интеллект превращается в урон от навыков молнии|智力轉化為閃電技能傷害|知力を雷スキルダメージに変換|지능을 번개 스킬 데미지로 전환|Intelligenz in Blitzschaden umgewandelt|Intelligence convertie en dégâts de compétence de foudre|Inteligencia convertida en daño de habilidad de rayo|Inteligencja konwertowana na obrażenia umiejętności błyskawic
intelligence_fire|Intelligence Converted to Fire Skill Damage||Inteligência Convertida em Dano de Habilidades de Fogo|Интеллект превращается в урон от навыков огня|智力轉化為火焰技能傷害|知力を火スキルダメージに変換|지능을 불 스킬 데미지로 전환|Intelligenz in Feuerschaden umgewandelt|Intelligence convertie en dégâts de compétence de feu|Inteligencia convertida en daño de habilidad de fuego|Inteligencja konwertowana na obrażenia umiejętności ognistych
intelligence_cold|Intelligence Converted to Cold Skill Damage||Inteligência Convertida em Dano de Habilidades de Gelo|Интеллект превращается в урон от навыков холода|智力轉化為冰霜技能傷害|知力を冷気スキルダメージに変換|지능을 냉기 스킬 데미지로 전환|Intelligenz in Kälteschaden umgewandelt|Intelligence convertie en dégâts de compétence de froid|Inteligencia convertida en daño de habilidad de frío|Inteligencja konwertowana na obrażenia umiejętności lodowych
intelligence_arcane|Intelligence Converted to Arcane Skill Damage||Inteligência Convertida em Dano Arcano|Интеллект превращается в тайный урон|智力轉化為奧術技能傷害|知力をアーケインスキルダメージに変換|지능을 아케인 스킬 데미지로 전환|Intelligenz in Arkanschaden umgewandelt|Intelligence convertie en dégâts de compétence d'arcane|Inteligencia convertida en daño de habilidad arcana|Inteligencja konwertowana na obrażenia umiejętności arkanicznych
intelligence_poison|Intelligence Converted to Poison Skill Damage||Inteligência Convertida em Dano de Habilidades de Veneno|Интеллект превращается в урон от навыков яда|智力轉化為毒素技能傷害|知力を毒スキルダメージに変換|지능을 독 스킬 데미지로 전환|Intelligenz in Giftschaden umgewandelt|Intelligence convertie en dégâts de compétence de poison|Inteligencia convertida en daño de habilidad de veneno|Inteligencja konwertowana na obrażenia umiejętności trujących
vitality_attack_damage|Vitality Converted to Attack Damage||Vitalidade Convertida em Dano de Ataque|Живучесть превращается в урон от атаки|體力轉化為攻擊傷害|活力を攻撃ダメージに変換|체력을 공격 데미지로 전환|Vitalität in Angriffsschaden umgewandelt|Vitalité convertie en dégâts d'attaque|Vitalidad convertida en daño de ataque |Witalność konwertowana na obrażenia ataku
vitality_skill_damage|Vitality Converted to Magic Skill Damage||Vitalidade Convertida em Dano de Habilidades Mágicas|Живучесть превращается в урон от магических навыков|體力轉化為法術技能傷害|活力を魔法スキルダメージに変換|체력을 마법 스킬 데미지로 전환|Vitalität in Magieschaden umgewandelt|Vitalité convertie en dégâts de compétence magique|Vitalidad convertida en daño de habilidad mágica|Witalność konwertowana na obrażenia umiejętności magicznych
vitality_lightning|Vitality Converted to Lightning Skill Damage||Vitalidade Convertida em Dano de Habilidades de Relâmpago|Живучесть превращается в урон от навыков молнии|體力轉化為閃電技能傷害|活力を雷スキルダメージに変換|체력을 번개 스킬 데미지로 전환|Vitalität in Blitzschaden umgewandelt|Vitalité convertie en dégâts de compétence de foudre|Vitalidad convertida en daño de habilidad de rayo|Witalność konwertowana na obrażenia umiejętności błyskawic
vitality_fire|Vitality Converted to Fire Skill Damage||Vitalidade Convertida em Dano de Habilidades de Fogo|Живучесть превращается в урон от навыков огня|體力轉化為火焰技能傷害|活力を火スキルダメージに変換|체력을 불 스킬 데미지로 전환|Vitalität in Feuerschaden umgewandelt|Vitalité convertie en dégâts de compétence de feu|Vitalidad convertida en daño de habilidad de fuego|Witalność konwertowana na obrażenia umiejętności ognistych
vitality_cold|Vitality Converted to Cold Skill Damage||Vitalidade Convertida em Dano de Habilidades de Gelo|Живучесть превращается в урон от навыков холода|體力轉化為冰霜技能傷害|活力を冷気スキルダメージに変換|체력을 냉기 스킬 데미지로 전환|Vitalität in Kälteschaden umgewandelt|Vitalité convertie en dégâts de compétence de froid|Vitalidad convertida en daño de habilidad de frío|Witalność konwertowana na obrażenia umiejętności lodowych
vitality_arcane|Vitality Converted to Arcane Skill Damage||Vitalidade Convertida em Dano Arcano|Живучесть превращается в тайный урон|體力轉化為奧術技能傷害|活力をアーケインスキルダメージに変換|체력을 아케인 스킬 데미지로 전환|Vitalität in Arkanschaden umgewandelt|Vitalité convertie en dégâts de compétence d'arcane|Vitalidad convertida en daño de habilidad arcana|Witalność konwertowana na obrażenia umiejętności arkanicznych
vitality_poison|Vitality Converted to Poison Skill Damage||Vitalidade Convertida em Dano de Habilidades de Veneno|Живучесть превращается в урон от навыков яда|體力轉化為毒素技能傷害|活力を毒スキルダメージに変換|체력을 독 스킬 데미지로 전환|Vitalität in Giftschaden umgewandelt|Vitalité convertie en dégâts de compétence de poison|Vitalidad convertida en daño de habilidad de veneno|Witalność konwertowana na obrażenia umiejętności trujących
energy_skill_damage|Energy Converted to Magic Skill Damage||Energia Convertida em Dano de Habilidades Mágicas|Энергия превращается в урон от магических навыков|能量轉化為法術技能傷害|エネルギーを魔法スキルダメージに変換|에너지를 마법 스킬 데미지로 전환|Energie in Magieschaden umgewandelt|Énergie convertie en dégâts de compétence magique|Energía convertida en daño de habilidad mágica|Energia konwertowana na obrażenia umiejętności magicznych
energy_lightning|Energy Converted to Lightning Skill Damage||Energia Convertida em Dano de Habilidades de Relâmpago|Энергия превращается в урон от навыков молнии|能量轉化為閃電技能傷害|エネルギーを雷スキルダメージに変換|에너지를 번개 스킬 데미지로 전환|Energie in Blitzschaden umgewandelt|Énergie convertie en dégâts de compétence de foudre|Energía convertida en daño de habilidad de rayo|Energia konwertowana na obrażenia umiejętności błyskawic
energy_fire|Energy Converted to Fire Skill Damage||Energia Convertida em Dano de Habilidades de Fogo|Энергия превращается в урон от навыков огня|能量轉化為火焰技能傷害|エネルギーを火スキルダメージに変換|에너지를 불 스킬 데미지로 전환|Energie in Feuerschaden umgewandelt|Énergie convertie en dégâts de compétence de feu|Energía convertida en daño de habilidad de fuego|Energia konwertowana na obrażenia umiejętności ognistych
energy_cold_damage|Energy Converted to Cold Skill Damage||Energia Convertida em Dano de Habilidades de Gelo|Энергия превращается в урон от навыков холода|能量轉化為冰冷技能傷害|エネルギーを冷気スキルダメージに変換|에너지를 냉기 스킬 데미지로 전환|Energie in Kälteschaden umgewandelt|Énergie convertie en dégâts de compétence de froid|Energía convertida en daño de habilidad de frío|Energia konwertowana na obrażenia umiejętności lodowych
energy_arcane|Energy Converted to Arcane Skill Damage||Energia Convertida em Dano Arcano|Энергия превращается в тайный урон|能量轉化為奧術技能傷害|エネルギーをアーケインスキルダメージに変換|에너지를 아케인 스킬 데미지로 전환|Energie in Arkanschaden umgewandelt|Énergie convertie en dégâts de compétence d'arcane|Energía convertida en daño de habilidad arcana|Energia konwertowana na obrażenia umiejętności arkanicznych
energy_poison|Energy Converted to Poison Skill Damage||Energia Convertida em Dano de Habilidades de Veneno|Энергия превращается в урон от навыков яда|能量轉化為毒素技能傷害|エネルギーを毒スキルダメージに変換|에너지를 독 스킬 데미지로 전환|Energie in Giftschaden umgewandelt|Énergie convertie en dégâts de compétence de poison|Energía convertida en daño de habilidad de veneno|Energia konwertowana na obrażenia umiejętności trujących
armor_skill_damage|Armor Converted to Magic Skill Damage||Armadura Convertida em Dano de Habilidades Mágicas|Броня превращается в урон от магических навыков|護甲轉化為法術技能傷害|防御力を魔法スキルダメージに変換|방어도를 마법 스킬 데미지로 전환|Rüstung in Magieschaden umgewandelt|Armure convertie en dégâts de compétence magique|Armadura convertida en daño de habilidad mágica|Pancerz konwertowany na obrażenia umiejętności magicznych
armor_attack_damage|Armor Converted to Attack Damage||Armadura Convertida em Dano de Ataque|Броня превращается в урон от атаки|護甲轉化為攻擊傷害|防御力を攻撃ダメージに変換|방어도를 공격 데미지로 전환|Rüstung in Angriffsschaden umgewandelt|Armure convertie en dégâts d'attaque |Armadura convertida en daño de ataque |Pancerz konwertowany na obrażenia ataku
fcr_movement_speed|Faster Cast Rate added as Movement Speed||Taxa de Conjuração Mais Rápida Adicionada como Velocidade de Movimento|Скорость чтения заклинаний добавляется как скорость передвижения|施法速度轉化為移動速度|ファスターキャストレートを移動速度に変換|시전 속도를 이동 속도로 전환|Schnellere Zauberrate in Bewegungsgeschwindigkeit umgewandelt|Taux d'incantation plus rapide converti en vitesse de déplacement |Velocidad de lanzamiento más rápida convertida a velocidad de movimiento |Szybsza szybkość rzucania dodana jako prędkość ruchu
orbital_damage|Orbital Skill Damage||Dano de Habilidades Orbitais|Урон от орбитальных навыков|環繞技能傷害|軌道スキルダメージ |궤도 스킬 데미지 |Orbital-Fertigkeitsschaden|Dégâts de compétence orbitaux |Daño de habilidad orbital |Obrażenia umiejętności orbitalnych
statisticTotalMonsterKills|Total Monster Kills||Total de Mortes de Monstros|Общее количество убийств монстров|總怪物擊殺數|モンスター総討伐数|총 몬스터 처치 수|Gesamtzahl der getöteten Monster|Monstres tués au total|Total de monstruos eliminados|Całkowita liczba zabitych potworów
statisticCommonKills|Common Monster Kills||Mortes de Monstros Comuns|Убийства обычных монстров|普通怪物擊殺數|コモンモンスター討伐数|일반 몬스터 처치 수|Gewöhnliche Monster getötet|Monstres communs tués|Monstruos comunes eliminados|Zabite zwykłe potwory
statisticChampionKills|Champion Monster Kills||Mortes de Monstros Campeões|Убийства чемпионских монстров|精英怪物擊殺數|チャンピオンモンスター討伐数|챔피언 몬스터 처치 수|Champion Monster getötet|Monstres champions tués|Monstruos campeones eliminados|Zabite championy
statisticAncientKills|Ancient Monster Kills||Mortes de Monstros Antigos|Убийства древних монстров|遠古怪物擊殺數|エンシェントモンスター討伐数|고대 몬스터 처치 수|Antike Monster getötet|Monstres anciens tués|Monstruos ancestrales eliminados|Zabite starożytne potwory
statisticLegionKills|Legion Monster Kills||Mortes de Monstros de Legião|Убийства легионных монстров|軍團怪物擊殺數|リージョンモンスター討伐数|리전 몬스터 처치 수|Legion Monster getötet|Monstres de la Légion tués|Monstruos de la Legión eliminados|Zabite legiony
statisticFallenKills|Fallen Monster Kills||Mortes de Monstros Caídos|Убийства падших монстров|墮落怪物擊殺數|フォールンモンスター討伐数|폴른 몬스터 처치 수|Gefallene Monster getötet|Monstres déchus tués|Monstruos caídos eliminados|Zabite upadłe potwory
statisticGuragKills|Gurag Kills||Mortes de Gurag|Убийства Гурага|古拉格擊殺數|グラグ討伐数|구라그 처치 수|Gurag getötet|Gurag tué|Gurag eliminado|Zabicia Gurag
statisticReaperKills|Grim Reaper Kills||Mortes do Ceifador Sombrio|Убийства Мрачного Жнеца|死神擊殺數|グリムリーパー討伐数|사신 처치 수|Sensenmann getötet|Faucheuse tuée|La Parca eliminada|Zabicia Grim Reaper
statisticDamienKills|Damien Kills||Mortes de Damião|Убийства Дамиана|達米安擊殺數|ダミアン討伐数|다미엔 처치 수|Damien getötet|Damien tué|Damien eliminado|Zabicia Damien
statisticAnubisKills|Anubis Kills||Mortes de Anúbis|Убийства Анубиса|阿努比斯擊殺數|アヌビス討伐数|아누비스 처치 수|Anubis getötet|Anubis tué|Anubis eliminado|Zabicia Anubis
statisticKarpKingKills|Karp King Kills||Mortes do Rei Karp|Убийства Короля Карпа|卡普國王擊殺數|カープキング討伐数|카프 킹 처치 수|Karp-König getötet|Roi Karp tué|Karp King eliminado|Zabicia Karp King
statisticSatanKills|Satan Kills||Mortes de Satã|Убийства Сатаны|撒旦擊殺數|サタン討伐数|사탄 처치 수|Satan getötet|Satan tué|Satanás eliminado|Zabicia Satan
statisticMeviusKills|Mevius Kills||Mortes de Mevius|Убийства Мевиуса|梅維烏斯擊殺數|メヴィウス討伐数|메비우스 처치 수|Mevius getötet|Mevius tué|Mevius eliminado|Zabicia Mevius
statisticOdinKills|Odin Kills||Mortes de Odin|Убийства Одина|奧丁擊殺數|オーディン討伐数|오딘 처치 수|Odin getötet|Odin tué|Odin eliminado|Zabicia Odin
statisticCthulhuKills|Cthulhu Kills||Mortes de Cthulhu|Убийств Ктулху|克蘇魯擊殺數|クトゥルフが殺す |크툴루 처치 수|Cthulhu tötet |Cthulhu tue |Cthulhu eliminado|Cthulhu zabija 
statisticUberDamienKills|Fallen Damien Kills||Mortes de Damião Caído|Убийства Падшего Дамиана|墮落達米安擊殺數|フォールンダミアン討伐数|폴른 다미엔 처치 수|Gefallener Damien getötet|Damien déchu tué|Damien caído eliminado|Zabicia Upadły Damien
statisticUberReaperKills|Shadow Reaper Kills||Mortes do Ceifador Sombrio|Убийства Теневого Жнеца|暗影死神擊殺數|シャドウリーパー討伐数|섀도우 리퍼 처치 수|Schatten-Sensenmann getötet|Faucheur de l'Ombre tué|Shadow Reaper eliminado|Zabicia Shadow Reaper
statisticUberSungLeeKills|Sung Lee Kills||Mortes de Song Lee|Убийства Сон Ли|李宋擊殺數|ソン・リー討伐数|성 리 처치 수|Sung Lee getötet|Sung Lee tué|Sung Lee eliminado|Zabicia Sung Lee
statisticUberKingRakhulKills|King Rakhul Kills||Mortes do Rei Rakhul|Убийства Короля Ракула|拉庫爾王擊殺數|キング・ラクル討伐数|라쿨 왕 처치 수|König Rakhul getötet|Roi Rakhul tué|Rey Rakhul eliminado|Zabicia King Rakhul
statisticUberSheepKingKills|Sheep King Kills||Mortes do Rei das Ovelhas|Убийства Короля Овец|羊王擊殺數|シープキング討伐数|쉽 킹 처치 수|Schafskönig getötet|Roi des Moutons tué|Rey Oveja eliminado|Zabicia Sheep King
statisticUberEndrixiaKills|Endrixia Kills||Mortes de Endrixia|Убийства Эндриксии|恩德里西亞擊殺數|エンドリクシア討伐数|엔드릭시아 처치 수|Endrixia getötet|Endrixia tuée|Endrixia eliminada|Zabicia Endrixia
statisticUberChaosTowerKills|Rogue Chaos Tower Kills||Mortes de Torres do Caos de Ladrões|Убийства разбойничьих башен хаоса|異常混沌塔擊殺數|ローグカオスタワー討伐数|로그 카오스 타워 처치 수|Abtrünnige Chaos-Turm-Besieger getötet|Tour du Chaos (Rogue) tuée|Torre del Caos Rebelde eliminada|Zabicia Rogue Chaos Tower
statisticUberLunaKills|Luna Kills||Mortes de Luna|Убийства Луны|露娜擊殺數|ルナ討伐数|루나 처치 수|Luna getötet|Luna tuée|Luna eliminada|Zabicia Luna
statisticUberGabrielKills|Gabriel Kills||Mortes de Gabriel|Убийства Гавриила|加百列擊殺數|ガブリエル討伐数|가브리엘 처치 수|Gabriel getötet|Gabriel tué|Gabriel eliminado|Zabicia Gabriel
statisticUberAmunRaKills|Amun Ra Kills||Mortes de Amon-Rá|Убийства Амона-Ра|阿蒙拉擊殺數|アムン・ラー討伐数|아문 라 처치 수|Amun Ra getötet|Amun-Râ tué|Amun Ra eliminado|Zabicia Amun Ra
statisticUberArchitectKills|Architect of Ruin Kills||Mortes do Arquiteto da Ruína|Убийства Архитектора Разрушения|毀滅建築師擊殺數|アーキテクト・オブ・ルイン討伐数|파멸의 건축가 처치 수|Architekt des Verderbens getötet|Architecte de la Ruine tué|Arquitecto de la Ruina eliminado|Zabicia Architect of Ruin
statisticUberCaptainGrimtideKills|Captain Grimtide Kills||Mortes do Capitão Grimtide |Убийство Капитана Гримтайда|恐怖潮汐船長擊殺數|グリムタイド船長の撃破数|캡틴 그림타이드 선장 처치 수|Captain Grimtide – Kills|Éliminations du capitaine Grimtide|Capitán Mareagrís eliminado|Zabójstwa Kapitana Grimtide'a
statisticUberBloodMaidenKills|Blood Maiden Kills||Mortes do Donzela de Sangue |Убийство кровавой девы|鮮血少女擊殺數|ブラッド・メイデンの撃破数|블러드 메이든 처치 수|Blutmaid – Kills|Éliminations de la Demoiselle de sang|Dama de Sangre eliminada|Zabójstwa Krwawej Dziewicy
statisticUberPhantomLeviathanKills|Phantom Leviathan Kills||Mortes do Leviatã Fantasma |Убийства фантомного Левиафана|幻影利維坦擊殺數|ファントム・リヴァイアサンの撃破数 |팬텀 리바이어던 처치 수|Phantom-Leviathan – Kills |Éliminations du Léviathan fantôme |Leviatán Fantasma eliminado|Zabójstwa Widmowego Lewiatana 
statisticWormholeClears|Wormholes Cleared||Fendas Completadas|Пройденные червоточины|蟲洞通關數|ワームホールクリア数|웜홀 클리어 수|Gesäuberte Wurmlöcher|Brèches nettoyées|Agujeros de gusano despejados|Wyczyszczone wormhole
statisticChaosTowerFloorClears|Chaos Tower Floors Cleared||Andares da Torre do Caos Completados|Пройденные этажи Башни Хаоса|混亂塔通關層數|カオスタワー階層クリア数|카오스 타워 층 클리어 수|Gesäuberte Ebenen des Chaos-Turms|Étages de la Tour du Chaos nettoyés|Pisos de la Torre del Caos despejados|Wyczyszczone piętra Chaos Tower
statisticCommonChestsOpened|Common Chests Opened||Baús Comuns Abertos|Открытые обычные сундуки|普通寶箱開啟數|コモンチェスト開封数|일반 상자 열기 수|Geöffnete gewöhnliche Truhen|Coffres communs ouverts|Cofres comunes abiertos|Otworzone zwykłe skrzynie
statisticRareChestOpened|Rare Chests Opened||Baús Raros Abertos|Открытые редкие сундуки|稀有寶箱開啟數|レアチェスト開封数|희귀 상자 열기 수|Geöffnete seltene Truhen|Coffres rares ouverts|Cofres raros abiertos|Otworzone rzadkie skrzynie
statisticCrystalChestOpened|Crystal Chests Opened||Baús de Cristal Abertos|Открытые кристальные сундуки|水晶寶箱開啟數|クリスタルチェスト開封数|크리스탈 상자 열기 수|Geöffnete Kristalltruhen|Coffres de cristal ouverts|Cofres de cristal abiertos|Otworzone kryształowe skrzynie
statisticRubyChestsOpened|Ruby Chests Opened||Baús de Rubi Abertos|Открытые рубиновые сундуки|紅寶石寶箱開啟數|ルビーチェスト開封数|루비 상자 열기 수|Geöffnete Rubintruhen|Coffres de rubis ouverts|Cofres de rubí abiertos|Otworzone rubinowe skrzynie
statisticDungeonChestsOpened|Dungeon Chests Opened||Baús de Masmorra Abertos|Открытые сундуки подземелий|地城寶箱開啟數|ダンジョンチェスト開封数 |던전 상자 열기 수 |Geöffnete Dungeon-Truhen|Coffres de donjon ouverts |Cofres de mazmorra abiertos |Otworzone skrzynie lochów
|||||||||||
[Stat Explanations]|||||||||||
stat_desc_spell_suppression|Chance on spell hit to mitigate 50% of the incoming damage.||Chance ao acertar com feitiço de mitigar 50% do dano recebido.|Шанс при попадании заклинанием снизить на 50% входящий урон.|法術命中時有機率減少 50% 承受的傷害。|呪文が命中した際に、受けるダメージの50%を軽減する可能性がある。 |주문 적중 시 일정 확률로 받는 피해의 50%를 경감합니다. |Chance, bei einem Zaubertreffer 50 % des eingehenden Schadens zu mindern.|Chance, en cas de succès du sort, de réduire de 50 % les dégâts subis. |Existe la posibilidad de que, al acertar con el hechizo, se mitigue el 50% del daño recibido. |Szansa przy trafieniu czarem na złagodzenie 50% przychodzących obrażeń.
stat_desc_aps|Amount of attacks performed in a second.|Sekunnissa suoritettujen hyökkäysten määrä.|Quantidade de ataques realizados por segundo.|Количество атак, выполняемых в секунду.|每秒進行的攻擊次數。|1秒間に行われる攻撃回数。|1초에 수행되는 공격 횟수.|Anzahl der Angriffe pro Sekunde.|Nombre d'attaques effectuées par seconde.|Ataques por segundo.|Ilość ataków wykonywanych na sekundę.
stat_desc_attack_speed|Amount of increased Attack Speed. Percentual Attack Speed is always calculated using 0.75 Attacks Per Second.|Lisätyn hyökkäysnopeuden määrä. Prosenttiaalinen hyökkäysnopeus lasketaan aina käyttämällä 0.75 hyökkäystä sekunnissa.|Quantidade de aumento na velocidade de ataque. Velocidade de ataque percentual sempre é calculada usando 0,75 ataques por segundo.|Величина повышения скорости атаки. Процентная скорость атаки всегда рассчитывается от 0,75 атаки в секунду.|攻擊速度增加量。百分比攻擊速度皆以每秒 0.75 次攻擊為基準計算。|増加した攻撃速度の量。パーセンテージの攻撃速度は常に0.75秒間の攻撃を基準に計算されます。|증가된 공격 속도의 양. 백분율 공격 속도는 항상 1초당 0.75번의 공격을 기준으로 계산됩니다.|Menge der erhöhten Angriffsgeschwindigkeit. Die prozentuale Angriffsgeschwindigkeit wird immer mit 0.75 Angriff pro Sekunde berechnet.|Pourcentage d'augmentation de la vitesse d'attaque. La vitesse d'attaque relative est toujours calculée sur la base 0.75 attaque par seconde.|Aumenta la Velocidad de Ataque. El porcentaje se calcula sobre una base de 0.75 ataques por segundo.|Ilość zwiększonej szybkości ataku. Procentowa szybkość ataku jest zawsze obliczana z bazą 0,75 ataków na sekundę.
stat_desc_movement_speed|Amount of increased Movement Speed.|Lisääntyneen liikenopeuden määrä.|Quantidade de aumento na velocidade de movimento.|Величина повышения скорости передвижения.|移動速度增加量。|増加した移動速度の量。|증가된 이동 속도의 양.|Menge der erhöhten Bewegungsgeschwindigkeit.|Pourcentage d'augmentation de la vitesse de marche/course.|Aumenta la Velocidad de Movimiento.|Ilość zwiększonej prędkości ruchu.
stat_desc_strength|Every point in Strength increases your Attack Damage by 1%.|Jokainen voimapiste lisää hyökkäysvahinkoasi 1 %:lla.|Cada ponto em Força aumenta seu dano de ataque em 1%.|Каждое очко силы повышает урон от атаки на 1%.|每點力量增加1%攻擊傷害。|強さの各ポイントごとに、攻撃ダメージが 1% 増加します。 |힘 1포인트마다 공격력이 1%씩 증가. |Jeder Stärkepunkt erhöht Ihren Angriffsschaden um 1 %.|Chaque point de Force augmente vos dégâts d'attaque de 1 %. |Cada punto de Fuerza aumenta tu Daño de Ataque un 1%.|Każdy punkt w Sile zwiększa twoje obrażenia ataku o 1%.
stat_desc_dexterity|Every point in Dexterity increases your Attack Rating by 8 and your Critical Damage by 0.125%.|Jokainen kätevyyden piste lisää hyökkäysarvoasi 8 ja kriittistä vahinkoa 0,125 %.|Cada ponto em Destreza aumenta sua precisão de ataque em 8 e seu dano crítico em 0,125%.|Каждое очко ловкости повышает точность атаки на 8 и урон от критического удара на 0,125%.|每點敏捷增加8點命中率和0.125%的暴擊傷害。|1ポイントの器用さごとに攻撃評価が8上昇し、クリティカルダメージが0.125%増加します。|1 민첩성 당 명중률이 8 증가하고 치명타 데미지량이 0.125% 증가.|Jeder Punkt in Geschicklichkeit erhöht deine Angriffsbewertung um 8 und deinen kritischen Schaden um 0,125%.|Chaque point de dextérité augmente votre niveau d'attaque de 8 et vos dégâts critiques de 0.125%.|Cada punto de Destreza aumenta tu Puntería en 8 y tu Daño Crítico un 0.125%.|Każdy punkt w Zręczności zwiększa twoją celność ataku o 8 i obrażenia krytyczne o 0,125%.
stat_desc_intelligence|Every point in Intelligence increases Magic Skill Damage dealt.|Jokainen älykkyyden piste lisää jaettua Magic Skill Damage -vauriota.|Cada ponto em Inteligência aumenta o dano de habilidades mágicas.|Каждое очко интеллекта повышает урон от магических навыков.|每點智力都會增加魔法技能的傷害。|知能の各ポイントは魔法スキルによるダメージを増加させます。 |1 지능 당 마법 스킬 데미지량이 증가. |Jeder Punkt in Intelligenz erhöht den verursachten Schaden durch magische Fertigkeiten.|Chaque point d'intelligence augmente les dégâts infligés par vos compétences magiques.|Cada punto de Inteligencia aumenta el daño de las Habilidades Mágicas.|Każdy punkt w Inteligencji zwiększa obrażenia umiejętności magicznych.
stat_desc_energy|Every point in Energy increases your Mana by 4. Mana gained from Energy also increases your base Mana Replenish.|Jokainen piste Energyssä lisää Manaasi neljällä. Energystä saatu mana lisää myös Mana Replenish -perustasi.|Cada ponto em Energia aumenta sua mana em 4. Mana obtida de Energia também aumenta a regeneração base de mana.|Каждое очко энергии повышает вашу ману на 4. Мана, полученная от энергии, также повышает базовое восстановление маны.|每點能量增加4點法力。 從能量中獲得的法力也會增加你的基本法力恢復。|1ポイントのエネルギーごとにマナが4増加します。|1 에너지 당 마나가 4 증가.|Jeder Punkt in Energie erhöht dein Mana um 4.|Chaque point d'énergie augmente vos points de mana de 4. Le mana gagné grâce à l'énergie augmente également votre régénération de mana de base.|Cada punto de Energía aumenta tu Maná en 4. El Maná obtenido por Energía también aumenta tu regeneración base de Maná.|Każdy punkt w Energii zwiększa twoją manę o 4. Mana z Energii zwiększa również bazowe odnawianie many.
stat_desc_armor|Every point in Armor increases your Defense by 5.|Jokainen Armor-piste lisää puolustustasi viidellä.|Cada ponto em Armadura aumenta sua defesa em 5.|Каждое очко брони повышает вашу защиту на 5.|每點護甲增加5點防禦。|1ポイントの防具ごとに防御力が5増加します。|1 방어력 당 방어구가 5 증가.|Jeder Punkt in Rüstung erhöht deine Verteidigung um 5.|Chaque point d'armure augmente votre défense de 5.|Cada punto en Armadura aumenta tu Defensa en 5.|Każdy punkt w Pancerzu zwiększa twoją obronę o 5.
stat_desc_vitality|Every point in Vitality increases your Life by 5. Life gained from Vitality also increases your base Life Replenish.|Jokainen Vitality-piste lisää elämääsi 5:llä. Elinvoimasta saatu elämä lisää myös perustason Life Replenish -tasoa.|Cada ponto em Vitalidade aumenta sua vida em 5. Vida obtida de Vitalidade também aumenta a regeneração base de vida.|Каждое очко живучести повышает вашу жизнь на 5. Жизнь, полученная от живучести, также повышает базовое восстановление жизни.|每點體力增加5點生命值。 從體力獲得的生命值還會增加你的基礎生命恢復。|1ポイントの生命力ごとに体力が5増加します。|1 활력 당 생명력이 5 증가.|Jeder Punkt in Vitalität erhöht dein Leben um 5.|Chaque point de vitalité augmente vos points de vie de 5. La vie gagnée grâce à la vitalité augmente également votre régénération de vie de base,|Cada punto de Vitalidad aumenta tu Vida en 5. La Vida obtenida por Vitalidad también aumenta tu regeneración base de Vida.|Każdy punkt w Witalności zwiększa twoje życie o 5. Życie z Witalności zwiększa również bazowe odnawianie życia.
stat_desc_all_skills|Increases the level of all Skills.|Nostaa kaikkien taitojen tasoa.|Aumenta o nível de todas as habilidades.|Повышает уровень всех навыков.|增加所有技能的等级。|すべてのスキルのレベルを上昇させます。|모든 스킬의 레벨을 증가.|Erhöht das Level aller Fertigkeiten.|Augmente le niveau de toutes les compétences.|Aumenta el nivel de todas las Habilidades.|Zwiększa poziom wszystkich umiejętności.
stat_desc_pointsLeft|Points left to allocate into any of the primary stats. You can allocate 4 points by pressing [input_attribute_add_multi].|Pisteitä jäljellä mihin tahansa ensisijaiseen tilastoon. Voit jakaa 4 pistettä painamalla [input_attribute_add_multi].|Pontos restantes para alocar em qualquer um dos atributos principais. Você pode alocar 4 pontos pressionando [input_attribute_add_multi].|Оставшиеся очки для распределения в основные характеристики. Можно распределить 4 очка, нажав [input_attribute_add_multi].|剩餘的點數可以分配到任何主屬性中. 你可以通過Shift+左鍵點選來分配4點。|主要なステータスに割り当てるための残りポイント。Shiftキーを押しながら左クリックで4ポイント割り当てることができます。|주요 스탯에 할당할 남은 포인트. Shift 키를 누르고 왼쪽 클릭하여 4 포인트를 할당할 수 있습니다.|Punkte, die in einem der Primärwerte verbleiben. Du kannst 4 Punkte durch Shift + Linksklick zuweisen.|Points restants à allouer à l'une des statistiques. Vous pouvez allouer 4 points avec Maj + Clic-gauche.|Puntos restantes para asignar a los atributos principales. Puedes asignar 4 puntos a la vez con [input_attribute_add_multi].|Pozostałe punkty do rozdysponowania w dowolne podstawowe statystyki. Możesz dodać 4 punkty naciskając [input_attribute_add_multi].
stat_desc_cold_skills|Increases the level of all Cold Skills.|Nostaa kaikkien kylmätaitojen tasoa.|Aumenta o nível de todas as habilidades de gelo.|Повышает уровень всех навыков холода.|增加所有冰霜技能的等級。|すべての氷スキルのレベルを上昇させます。|모든 냉기 스킬의 레벨을 증가.|Erhöht das Level aller Kältefertigkeiten.|Augmente le niveau de toutes les compétences de froid.|Aumenta el nivel de todas las Habilidades de Frío.|Zwiększa poziom wszystkich umiejętności lodowych.
stat_desc_lightning_skills|Increases the level of all Lightning Skills.|Nostaa kaikkien salama-taitojen tasoa.|Aumenta o nível de todas as habilidades de relâmpago.|Повышает уровень всех навыков молнии.|增加所有閃電技能的等級。|すべての雷スキルのレベルを上昇させます。|모든 번개 스킬의 레벨을 증가.|Erhöht das Level aller Blitzfertigkeiten.|Augmente le niveau de toutes les compétences de foudre.|Aumenta el nivel de todas las Habilidades de Rayo.|Zwiększa poziom wszystkich umiejętności błyskawic.
stat_desc_fire_skills|Increases the level of all Fire Skills.|Nostaa kaikkien palotaitojen tasoa.|Aumenta o nível de todas as habilidades de fogo.|Повышает уровень всех навыков огня.|增加所有火焰技能的等级。|すべての火スキルのレベルを上昇させます。|모든 불 스킬의 레벨을 증가.|Erhöht das Level aller Feuerfertigkeiten.|Augmente le niveau de toutes les compétences de feu.|Aumenta el nivel de todas las Habilidades de Fuego.|Zwiększa poziom wszystkich umiejętności ognistych.
stat_desc_magic_skills|Increases the level of all Arcane Skills.|Nostaa kaikkien arkaanisten taitojen tasoa. |Aumenta o nível de todas as habilidades arcanas.|Повышает уровень всех тайных навыков.|增加所有奧術技能的等级。|すべての秘術スキルのレベルを上げます。 |모든 아케인 스킬의 레벨이 증가. |Erhöht das Level aller Arkanfertigkeiten.|Augmente le niveau de toutes les compétences d'arcane.|Aumenta el nivel de todas las Habilidades Arcanas.|Zwiększa poziom wszystkich umiejętności arkanicznych.
stat_desc_poison_skills|Increases the level of all Poison Skills.|Nostaa kaikkien Poison Skills -taitojen tasoa.|Aumenta o nível de todas as habilidades de veneno.|Повышает уровень всех навыков яда.|增加所有毒素技能的等级。|すべての毒スキルのレベルを上昇させます。|모든 독 스킬의 레벨을 증가.|Erhöht das Level aller Giftfertigkeiten.|Augmente le niveau de toutes les compétences de poison.|Aumenta el nivel de todas las Habilidades de Veneno.|Zwiększa poziom wszystkich umiejętności trujących.
stat_desc_physical_skills|Increases the level of all Physical Skills.|Nostaa kaikkien fyysisten taitojen tasoa.|Aumenta o nível de todas as habilidades físicas.|Повышает уровень всех физических навыков.|增加所有物理技能的等级。|すべての物理スキルのレベルを上昇させます。|모든 물리 스킬의 레벨을 증가.|Erhöht das Level aller physischen Fertigkeiten.|Augmente le niveau de toutes les compétences physiques.|Aumenta el nivel de todas las Habilidades Físicas.|Zwiększa poziom wszystkich umiejętności fizycznych.
stat_desc_damage|The amount of damage your attacks deal.|Hyökkäyksiesi aiheuttaman vahingon määrä.|A quantidade de dano que seus ataques causam.|Количество урона, наносимого вашими атаками.|你的攻擊造成的傷害量。|攻撃の与えるダメージ量。|공격이 입히는 데미지량.|Die Menge des Schadens, den deine Angriffe verursachen.|Quantité de dégâts infligés par votre attaque de base. Celle ci est calculée en fonction des dégâts d'arme ainsi que des dégâts magiques (feu / froid / foudre / poison / arcane) et physiques infusés.|La cantidad de daño que hacen tus ataques.|Ilość obrażeń zadawanych przez twoje ataki.
stat_desc_attack_rating|Increases your chance of hitting enemies with attacks.|Lisää mahdollisuuttasi lyödä vihollisia hyökkäyksillä.|Aumenta sua chance de acertar inimigos com ataques.|Повышает шанс попадания атаками по врагам.|增加你命中敵人的機率。|攻撃の命中率の増加。|공격 명중률 증가.|Erhöht deine Chance, Feinde mit Angriffen zu treffen.|Augmente la probabilité de toucher un ennemi avec votre attaque.|Aumenta tu probabilidad de acertar a los enemigos con ataques.|Zwiększa twoją szansę na trafienie wrogów atakami.
stat_desc_faster_cast_rate|Increases your Casting speed. Faster Cast Rate is always calculated using 1 Cast Per Second.|Lisää suoratoistonopeuttasi. Nopeampi lähetysnopeus lasketaan aina käyttämällä 1 Cast sekunnissa.|Aumenta sua velocidade de conjuração. Taxa de conjuração mais rápida sempre é calculada usando 1 conjuração por segundo.|Повышает скорость чтения заклинаний. Скорость чтения заклинаний всегда рассчитывается от 1 применения в секунду.|增加你的施法速度. 更快的施法速度始終以每秒1次施法來計算。|キャスト速度の増加。高速キャスト率は常に1秒間のキャストを基準に計算されます。|시전 속도 증가. 빠른 시전 속도는 항상 1초당 1회 시전을 기준으로 계산.|Erhöht deine Zaubergeschwindigkeit. Die Schnellzauberrate wird immer mit 1 Zauber pro Sekunde berechnet.|Pourcentage d'augmentation de la vitesse des sorts. Celle ci est toujours calculée sur la base d’une incantation par seconde.|Aumenta tu Velocidad de Lanzamiento. El porcentaje se calcula sobre una base de 1 lanzamiento por segundo.|Zwiększa szybkość rzucania. Szybsza szybkość rzucania jest zawsze obliczana z bazą 1 rzutu na sekundę.
stat_desc_skill_damage|Increases the damage of your Skills excluding skills which deal Attack Damage. This stat is calculated on top of the final value.|Lisää taitosi vahinkoa pois lukien taidot, jotka aiheuttavat hyökkäysvaurioita. Tämä tilasto lasketaan lopullisen arvon päälle.|Aumenta o dano de suas habilidades (exceto habilidades que causam dano de ataque). Este atributo é calculado sobre o valor final.|Повышает урон от ваших навыков (кроме навыков, наносящих урон от атаки). Этот параметр рассчитывается поверх итогового значения.|增加你的技能傷害,不包括造成攻擊傷害的技能. 此屬性在最終數值之上計算。|攻撃ダメージを与えるスキルを除くスキルのダメージが増加します。このステータスは最終値に加算されて計算されます。 |공격 데미지를 입히는 스킬을 제외한 스킬의 데미지를 증가시킵니다. 이 통계는 최종 값에 더하여 계산. |Erhöht den Schaden Ihrer Fertigkeiten, mit Ausnahme von Fertigkeiten, die Angriffsschaden verursachen. Dieser Wert wird zusätzlich zum Endwert berechnet.|Augmente les dégâts de vos compétences, à l'exception des compétences qui infligent des dégâts d'attaque. Cette statistique est calculée en plus de la valeur finale.|Aumenta el daño de tus Habilidades, excepto las que aplican Daño de Ataque. Este valor se calcula sobre el daño final.|Zwiększa obrażenia twoich umiejętności z wyjątkiem tych zadających obrażenia ataku. Ten stat jest obliczany na podstawie końcowej wartości.
stat_desc_critical_damage|Amount of your Critical Strike damage. Only affects physical attacks.|Critical Strike -vahingon määrä. Vaikuttaa vain fyysisiin hyökkäyksiin.|Quantidade de dano do seu acerto crítico. Afeta apenas ataques físicos.|Величина урона от вашего критического удара. Влияет только на физические атаки.|暴擊傷害. 僅影響物理攻擊。|クリティカルストライクダメージの量。物理攻撃のみに影響します。|치명타 데미지량. 물리 공격에만 영향을 줍니다.이 통계치는 최종값을 기준으로 계산.|Menge deines kritischen Schadens. Beeinflusst nur physische Angriffe. Diese Statistik wird auf den endgültigen Wert hinzugerechnet.|Pourcentage d'augmentation des dégâts infligés par les coups critiques. Affecte uniquement les attaques physiques.|El daño de tus Golpes Críticos. Solo afecta a los ataques físicos.|Ilość twoich obrażeń trafienia krytycznego. Dotyczy tylko ataków fizycznych.
stat_desc_critical_chance|Chance for a Critical Strike when striking. Only affects physical attacks.|Mahdollisuus saada kriittinen isku lyödessäsi. Vaikuttaa vain fyysisiin hyökkäyksiin.|Chance de acerto crítico ao atacar. Afeta apenas ataques físicos.|Шанс нанести критический удар при атаке. Влияет только на физические атаки.|攻擊時造成暴擊的機率. 僅影響物理攻擊。|物理攻撃時のクリティカルストライクの確率。物理攻撃のみに影響します。|물리 공격 시 치명타 발생 확률. 물리 공격에만 영향을 줍니다.|Deine Chance, einen kritischen Treffer mit physischen Angriffen zu erzielen. Beeinflusst nur physische Angriffe.|Pourcentage de chance que votre attaque inflige un coup critique. Affecte uniquement les attaques physiques.|Probabilidad de dar un Golpe Crítico. Solo afecta a los ataques físicos.|Szansa na trafienie krytyczne przy uderzeniu. Dotyczy tylko ataków fizycznych.
stat_desc_physical_damage|Physical Damage added to your attacks.|Hyökkäyksiisi on lisätty fyysistä vahinkoa.|Dano físico adicionado aos seus ataques.|Физический урон, добавляемый к вашим атакам.|附加於攻擊的物理傷害。|あなたの攻撃に物理ダメージが追加されました。|공격에 물리 데미지가 추가됩.|Physischer Schaden wird deinen Angriffen hinzugefügt.|Quantité de dégâts physiques infusés à votre attaque.|Añade Daño Físico a tus ataques.|Obrażenia fizyczne dodane do twoich ataków.
stat_desc_magic_damage|Arcane Damage added to your attacks.|Arcane Damage lisätty hyökkäyksiisi.|Dano arcano adicionado aos seus ataques.|Тайный урон, добавляемый к вашим атакам.|附加奧術傷害到你的攻擊上。|攻撃に秘術ダメージが追加されます。 |공격에 아케인 데미지가 추가. |Deinen Angriffen wird Arkanschaden hinzugefügt.|Quantité de dégâts d'arcane infusés à votre attaque.|Añade Daño Arcano a tus ataques.|Obrażenia arkaniczne dodane do twoich ataków.
stat_desc_cold_damage|Cold Damage added to your attacks.|Cold Damage lisäsi hyökkäyksiäsi.|Dano de gelo adicionado aos seus ataques.|Урон от холода, добавляемый к вашим атакам.|附加冰霜傷害到你的攻擊上。|攻撃に追加される氷ダメージ。|공격에 냉기 데미지가 추가.|Zusätzlicher Kälteschaden bei Angriffen.|Quantité de dégâts de froid infusés à votre attaque.|Añade Daño de Frío a tus ataques.|Obrażenia lodowe dodane do twoich ataków.
stat_desc_fire_damage|Fire Damage added to your attacks.|Fire Damage lisätty hyökkäyksiisi.|Dano de fogo adicionado aos seus ataques.|Урон от огня, добавляемый к вашим атакам.|附加火焰傷害到你的攻擊上。|攻撃に追加される火ダメージ。|공격에 불 데미지 추가.|Zusätzlicher Feuerschaden bei Angriffen.|Quantité de dégâts de feu infusés à votre attaque.|Añade Daño de Fuego a tus ataques.|Obrażenia ogniste dodane do twoich ataków.
stat_desc_poison_damage|Poison Damage added to your attacks.|Poison Damage lisätty hyökkäyksiisi.|Dano de veneno adicionado aos seus ataques.|Урон от яда, добавляемый к вашим атакам.|附加毒素傷害到你的攻擊上。|攻撃に追加される毒ダメージ。|공격에 독 데미지 추가.|Zusätzlicher Giftschaden bei Angriffen.|Quantité de dégâts de poison infusés à votre attaque.|Añade Daño de Veneno a tus ataques.|Obrażenia trujące dodane do twoich ataków.
stat_desc_lightning_damage|Lightning Damage added to your attacks.|Salamavaurioita lisätty hyökkäyksiisi.|Dano de relâmpago adicionado aos seus ataques.|Урон от молнии, добавляемый к вашим атакам.|附加閃電傷害到你的攻擊上。|攻撃に追加される雷ダメージ。|공격에 번개 데미지 추가.|Zusätzlicher Blitzschaden bei Angriffen.|Quantité de dégâts de foudre infusés à votre attaque.|Añade Daño de Rayo a tus ataques.|Obrażenia błyskawic dodane do twoich ataków.
stat_desc_magic_damage_p|Increases the damage of your Arcane skills. This stat is calculated on top of the final value.|Lisää Arcane-taitosi vahinkoa. Tämä tilasto lasketaan lopullisen arvon päälle.|Aumenta o dano de suas habilidades arcanas. Este atributo é calculado sobre o valor final.|Повышает урон от ваших тайных навыков. Этот параметр рассчитывается поверх итогового значения.|增加你的奧術技能傷害。 此屬性在最終數值之上計算。|秘術スキルのダメージを増加します。このステータスは最終値に加えて計算されます。|아케인 스킬의 데미지를 증가. 이 통계는 최종 값에 더하여 계산.|Erhöht den Schaden Ihrer arkanen Fertigkeiten. Dieser Wert wird zusätzlich zum Endwert berechnet.|Augmente les dégâts de vos compétences Arcane. Cette statistique est calculée en plus de la valeur finale.|Aumenta el daño de tus Habilidades Arcanas. Este valor se calcula sobre el daño final.|Zwiększa obrażenia twoich umiejętności arkanicznych. Ten stat jest obliczany na podstawie końcowej wartości.
stat_desc_cold_damage_p|Increases the damage of your Cold skills. This stat is calculated on top of the final value.|Lisää kylmätaitosi vahinkoa. Tämä tilasto lasketaan lopullisen arvon päälle.|Aumenta o dano de suas habilidades de gelo. Este atributo é calculado sobre o valor final.|Повышает урон от ваших навыков холода. Этот параметр рассчитывается поверх итогового значения.|增加你的冰霜技能傷害。 此屬性在最終數值之上計算。|冷気スキルのダメージを増加します。このステータスは最終値に加えて計算されます。|냉기 스킬의 데미지를 증가. 이 통계는 최종 값에 더하여 계산.|Erhöht den Schaden Ihrer Kältefertigkeiten. Dieser Wert wird zusätzlich zum Endwert berechnet.|Augmente les dégâts de vos compétences Froid. Cette statistique est calculée en plus de la valeur finale.|Aumenta el daño de tus Habilidades de Frío. Este valor se calcula sobre el daño final.|Zwiększa obrażenia twoich umiejętności lodowych. Ten stat jest obliczany na podstawie końcowej wartości.
stat_desc_fire_damage_p|Increases the damage of your Fire skills. This stat is calculated on top of the final value.|Lisää palotaitosi vahinkoa. Tämä tilasto lasketaan lopullisen arvon päälle. |Aumenta o dano de suas habilidades de fogo. Este atributo é calculado sobre o valor final.|Повышает урон от ваших навыков огня. Этот параметр рассчитывается поверх итогового значения.|增加你的火焰技能傷害。 此屬性在最終數值之上計算。|火炎スキルのダメージを増加します。このステータスは最終値に加えて計算されます。|불 스킬의 데미지를 증가. 이 통계는 최종 값에 더하여 계산.|Erhöht den Schaden Ihrer Feuerfertigkeiten. Dieser Wert wird zusätzlich zum Endwert berechnet.|Augmente les dégâts de vos compétences Feu. Cette statistique est calculée en plus de la valeur finale.|Aumenta el daño de tus Habilidades de Fuego. Este valor se calcula sobre el daño final.|Zwiększa obrażenia twoich umiejętności ognistych. Ten stat jest obliczany na podstawie końcowej wartości.
stat_desc_poison_damage_p|Increases the damage of your Poison skills. This stat is calculated on top of the final value.|Lisää Poison-taitosi vahinkoa. Tämä tilasto lasketaan lopullisen arvon päälle.|Aumenta o dano de suas habilidades de veneno. Este atributo é calculado sobre o valor final.|Повышает урон от ваших навыков яда. Этот параметр рассчитывается поверх итогового значения.|增加你的毒素技能傷害。 此屬性在最終數值之上計算。|毒スキルのダメージを増加します。このステータスは最終値に加えて計算されます。|독 스킬의 데미지를 증가. 이 통계는 최종 값에 더하여 계산.|Erhöht den Schaden Ihrer Giftfertigkeiten. Dieser Wert wird zusätzlich zum Endwert berechnet.|Augmente les dégâts de vos compétences Poison. Cette statistique est calculée en plus de la valeur finale.|Aumenta el daño de tus Habilidades de Veneno. Este valor se calcula sobre el daño final.|Zwiększa obrażenia twoich umiejętności trujących. Ten stat jest obliczany na podstawie końcowej wartości.
stat_desc_lightning_damage_p|Increases the damage of your Lightning skills. This stat is calculated on top of the final value.|Lisää Lightning-taitosi vahinkoa. Tämä tilasto lasketaan lopullisen arvon päälle.|Aumenta o dano de suas habilidades de relâmpago. Este atributo é calculado sobre o valor final.|Повышает урон от ваших навыков молнии. Этот параметр рассчитывается поверх итогового значения.|增加你的閃電技能傷害。 此屬性在最終數值之上計算。|雷スキルのダメージを増加します。このステータスは最終値に加えて計算されます。|번개 스킬의 데미지를 증가. 이 통계는 최종 값에 더하여 계산.|Erhöht den Schaden Ihrer Blitzfertigkeiten. Dieser Wert wird zusätzlich zum Endwert berechnet.|Augmente les dégâts de vos compétences Foudre. Cette statistique est calculée en plus de la valeur finale.|Aumenta el daño de tus Habilidades de Rayo. Este valor se calcula sobre el daño final.|Zwiększa obrażenia twoich umiejętności błyskawic. Ten stat jest obliczany na podstawie końcowej wartości.
stat_desc_life|Your Maximum Life.|Maksimielämäsi.|Sua vida máxima.|Ваша максимальная жизнь.|最大生命值。|最大ライフ。|최대 생명력.|Ihr maximales Leben.|Votre Vie Maximale.|Tu Vida Máxima.|Twoje maksymalne życie.
stat_desc_mana|Your Maximum Mana.|Suurin mana.|Sua mana máxima.|Ваша максимальная мана.|最大法力值。|最大マナ。|최대 마나.|Ihr maximales Mana.|Votre Mana Maximal.|Tu Maná Máximo.|Twoja maksymalna mana.
stat_desc_life_replenish|Amount of Life replenished each second.|Elämän määrä täydentyy joka sekunti.|Quantidade de vida recuperada a cada segundo.|Количество жизни, восстанавливаемой каждую секунду.|每秒生命回復。|毎秒回復するライフの量。|초당 회복되는 생명력의 양.|Lebensmenge, die jede Sekunde aufgefüllt wird.|Quantité de Vie reconstituée chaque seconde.|Cantidad de Vida regenerada por segundo.|Ilość życia odnawianego co sekundę.
stat_desc_mana_replenish|Amount of Mana replenished each second.|Joka sekunti täydennetty manan määrä.|Quantidade de mana recuperada a cada segundo.|Количество маны, восстанавливаемой каждую секунду.|每秒魔力回復。|毎秒回復するマナの量。|초당 회복되는 마나의 양.|Manamenge, die jede Sekunde aufgefüllt wird.|Quantité de Mana reconstituée chaque seconde.|Cantidad de Maná regenerado por segundo.|Ilość many odnawianej co sekundę.
stat_desc_life_per_hit|Amount of Life replenished when striking an enemy.|Elinmäärä, joka täydentyy viholliseen osuessa.|Quantidade de vida recuperada ao acertar um inimigo.|Количество жизни, восстанавливаемой при ударе по врагу.|擊中敵人時回復生命。|敵を攻撃したときに回復するライフの量。|적을 공격할 때 회복되는 생명력의 양.|Lebensmenge, die beim Schlagen eines Gegners aufgefüllt wird.|Quantité de Vie reconstituée en frappant un ennemi.|Cantidad de Vida recuperada al golpear a un enemigo.|Ilość życia odnawianego przy uderzeniu wroga.
stat_desc_mana_per_hit|Amount of Mana replenished when striking an enemy.|Manan määrä, joka täydennetään vihollisen iskeytyessä.|Quantidade de mana recuperada ao acertar um inimigo.|Количество маны, восстанавливаемой при ударе по врагу.|擊中敵人時回復魔力。|敵を攻撃したときに回復するマナの量。|적을 공격할 때 회복되는 마나의 양.|Manamenge, die beim Schlagen eines Gegners aufgefüllt wird.|Quantité de Mana reconstituée en frappant un ennemi.|Cantidad de Maná recuperado al golpear a un enemigo.|Ilość many odnawianej przy uderzeniu wroga.
stat_desc_cooldown_reduction|Increases cooldown recovery rate.|Lisää jäähdytyksen palautumisnopeutta.|Aumenta a taxa de recuperação de recarga.|Повышает скорость восстановления перезарядки.|增加冷卻回復速率。|クールダウン回復率を増加します。|재사용 대기시간을 감소.|Erhöht die Abklingzeit-Wiederherstellungsrate.|Augmente le taux de récupération du temps de recharge.|Reduce el tiempo de reutilización de las habilidades.|Zwiększa szybkość odnowienia cooldownów.
stat_desc_cooldown_reduction_potion|Increases Flask cooldown recovery rate.|Lisää juoman jäähtymisen palautumisnopeutta.|Aumenta a taxa de recuperação de recarga de frascos.|Повышает скорость восстановления перезарядки зелий.|增加藥劑冷卻回復速率。|ポーションのクールダウン回復率を増加します。|물약 재사용 대기사간을 감소.|Erhöht die Abklingzeit-Wiederherstellungsrate von Tränken.|Augmente le taux de récupération du temps de recharge des potions.|Reduce el tiempo de reutilización de las pociones.|Zwiększa szybkość odnowienia cooldownów flaszek.
stat_desc_life_after_kill|Amount of Life replenished after killing a monster.|Elämän määrä, joka täydennettiin hirviön tappamisen jälkeen.|Quantidade de vida recuperada após matar um monstro.|Количество жизни, восстанавливаемой после убийства монстра.|擊殺怪物時回復生命。|モンスターを倒した後に回復するライフの量。|몬스터를 처치한 후 회복되는 생명력의 양.|Lebensmenge, die nach dem Töten eines Monsters aufgefüllt wird.|Quantité de Vie reconstituée après avoir tué un monstre.|Cantidad de Vida recuperada al matar a un enemigo.|Ilość życia odnawianego po zabiciu potwora.
stat_desc_mana_after_kill|Amount of Mana replenished after killing a monster.|Manan määrä, joka täydennettiin hirviön tappamisen jälkeen.|Quantidade de mana recuperada após matar um monstro.|Количество маны, восстанавливаемой после убийства монстра.|擊殺怪物時回復魔力。|モンスターを倒した後に回復するマナの量。|몬스터를 처치한 후 회복되는 마나의 양.|Manamenge, die nach dem Töten eines Monsters aufgefüllt wird.|Quantité de Mana reconstituée après avoir tué un monstre.|Cantidad de Maná recuperado al matar a un enemigo.|Ilość many odnawianej po zabiciu potwora.
stat_desc_experience_gain|Increases your experience gained from killing monsters.|Lisää kokemustasi hirviöiden tappamisesta.|Aumenta a experiência ganha ao matar monstros.|Повышает получаемый опыт за убийство монстров.|增加擊殺怪物獲得的經驗值。|モンスターを倒したときに獲得する経験値を増加させます。|몬스터를 처치하여 얻는 경험치가 증가.|Erhöht Ihre Erfahrung, die Sie durch das Töten von Monstern gewinnen.|Augmente votre expérience acquise en tuant des monstres.|Aumenta la experiencia que ganas al matar monstruos.|Zwiększa doświadczenie zdobywane z zabijania potworów.
stat_desc_magic_find|Increased chance of finding magic items. (Mercenary’s Magic Find is added to player Magic Find on kills).|Lisääntynyt mahdollisuus löytää taikaesineitä. (Mercenary’s Magic Find lisätään pelaajan Magic Find tappeihin).|Chance aumentada de encontrar itens mágicos. (A chance de itens mágicos do mercenário é adicionada à do jogador ao matar).|Повышенный шанс нахождения магических предметов. (Магическая находка наёмника добавляется к магической находке игрока при убийствах).|增加物品稀有度。（傭兵的物品稀有度會在擊殺時累加至玩家的物品稀有度）。|魔法のアイテムを見つける確率が上昇します。(傭兵の魔法の発見は、キル時にプレイヤーの魔法の発見に追加されます)。|마법 아이템을 발견할 확률이 증가. (용병의 마법 발견은 처치 시 플레이어의 마법 발견에 추가됩니다.)|Erhöhte Chance, magische Gegenstände zu finden. (Magisches Gespür des Söldners wird bei Kills zum Magischen Gespür des Spielers hinzugefügt).|Augmentation des chances de trouver des objets magiques. (La découverte magique du mercenaire est ajoutée à la découverte magique du joueur lors des éliminations).|Aumenta la probabilidad de encontrar objetos mágicos. (El Hallazgo Mágico de tu mercenario se suma al tuyo al matar enemigos).|Zwiększona szansa na znalezienie magicznych przedmiotów. (Magic Find najemnika jest dodawany do Magic Find gracza przy zabójstwach).
stat_desc_block_rate|The chance to block incoming attacks and projectiles.|Mahdollisuus estää saapuvat hyökkäykset ja ammukset.|Chance de bloquear ataques e projéteis recebidos.|Шанс заблокировать входящие атаки и снаряды.|格擋近戰攻擊與投射物的機率。|攻撃や発射物をブロックする確率。|들어오는 공격과 투사체를 블로킹할 확률이 증가.|Die Chance, eingehende Angriffe und Projektile zu blockieren.|La ​​chance de bloquer les attaques et les projectiles entrants.|La probabilidad de bloquear ataques y proyectiles.|Szansa na zablokowanie przychodzących ataków i pocisków.
stat_desc_dodge_chance|The chance to dodge incoming attacks and projectiles.|||Шанс увернуться от входящих атак и снарядов.|閃避來襲攻擊與投射物的機率。||받는 공격과 투사체를 회피할 확률|||La probabilidad de esquivar ataques y proyectiles.|
stat_desc_defense|Defense lowers the chance of enemies hitting you with Physical Attacks or Projectiles.|Puolustus vähentää mahdollisuutta, että viholliset iskevät sinuun fyysisillä hyökkäyksillä tai ammuksilla.|Defesa reduz a chance de inimigos acertarem você com ataques físicos ou projéteis.|Защита снижает шанс, что враги попадут по вам физическими атаками или снарядами.|防禦會降低敵人以物理攻擊或投射物擊中你的機率。|防御は、敵が物理攻撃や発射物で攻撃してくる確率を下げます。|방어구는 적이 물리 공격이나 투사체로 당신을 때릴 확률을 낮춥니다.|Verteidigung verringert die Chance, dass Feinde Sie mit physischen Angriffen oder Projektilen treffen.|La défense réduit les chances que les ennemis vous touchent avec des attaques physiques ou des projectiles.|La Defensa reduce la probabilidad de que los enemigos te acierten con Ataques Físicos o Proyectiles.|Obrona zmniejsza szansę wrogów na trafienie cię atakami fizycznymi lub pociskami.
stat_desc_damage_reduced|Reduces a flat amount of damage from every source. This stat is additive and does not scale from anything.|Vähentää tasaisen määrän vaurioita kaikista lähteistä. Tämä tilasto on additiivinen eikä skaalaudu mistään.|Reduz uma quantidade fixa de dano de qualquer fonte. Este atributo é aditivo e não escala com nada.|Снижает фиксированное количество урона от любого источника. Этот параметр суммируется и ни от чего не масштабируется.|減少所有來源固定數值的傷害。此屬性為累加計算，不受其他數值影響。|あらゆるソースからのダメージを一定量軽減します。このステータスは加算され、何にも影響されません。|모든 출처에서 일정량의 데미지를 감소. 이 수치는 가산되며 어떤 것에서든 확장되지 않습니다.|Reduziert einen festen Schadensbetrag aus jeder Quelle. Dieser Wert ist additiv und skaliert nicht von irgendetwas.|Réduit un montant fixe de dégâts de chaque source. Cette statistique est additive et ne s'adapte à rien.|Reduce una cantidad fija de daño de cualquier fuente. Este valor es aditivo y no escala con nada.|Zmniejsza płaską ilość obrażeń ze wszystkich źródeł. Ten stat jest addytywny i nie skaluje się z niczym.
stat_desc_reduction|Reduces incoming Physical Damage|Vähentää tulevia fyysisiä vaurioita|Reduz o dano físico recebido.|Снижает входящий физический урон.|減少承受的物理傷害|受ける物理ダメージを軽減します|들어오는 물리 데미지를 감소.|Reduziert eingehenden physischen Schaden|Réduit les dégâts physiques entrants|Reduce el Daño Físico recibido.|Zmniejsza przychodzące obrażenia fizyczne
stat_desc_magic_reduction|Reduces incoming Magic Damage such as Cold, Fire, Lightning, Poison and Arcane|Vähentää saapuvia taikavaurioita, kuten kylmää, tulta, salamaa, myrkkyä ja arkaania|Reduz o dano mágico recebido (como gelo, fogo, relâmpago, veneno e arcano).|Снижает входящий магический урон (холод, огонь, молния, яд и тайная магия).|減少承受的魔法傷害（例如冰霜、火焰、閃電、毒素與奧術）|冷気、火、雷、毒、秘術などの魔法ダメージを軽減します|냉기, 불, 번개, 독, 아케인과 같은 들어오는 마법 데미지를 감소.|Reduziert eingehenden magischen Schaden wie Kälte, Feuer, Blitz, Gift und Arkanschaden|Réduit les dégâts magiques entrants tels que le froid, le feu, la foudre, le poison et les arcanes|Reduce el Daño Mágico recibido (Frío, Fuego, Rayo, Veneno y Arcano).|Zmniejsza przychodzące obrażenia magiczne takie jak zimno, ogień, błyskawice, trucizna i arkaniczne
stat_desc_damage_return|Amount of damage returned to the attacker.|Palauttaa osan tulevasta vahingosta takaisin hyökkääjälle.|Devolve parte do dano recebido ao atacante.|Возвращает часть входящего урона атакующему.|反彈給攻擊者的傷害量。|受けるダメージの一部を攻撃者に返します。|들어오는 데미지의 일부를 공격자에게 돌려줍니다.|Gibt einen Teil des eingehenden Schadens an den Angreifer zurück.|Montant des dégâts renvoyés à l'attaquant.|Devuelve una parte del daño recibido al atacante.|Zwraca część przychodzących obrażeń z powrotem do atakującego.
stat_desc_all_resistances|Increases your resistance against damage from All Elements.|Lisää vastustuskykyäsi kaikkien elementtien aiheuttamia vaurioita vastaan.|Aumenta sua resistência contra dano de todos os elementos.|Повышает ваше сопротивление урону от всех элементов.|增加對所有元素傷害的抗性。|すべての属性からのダメージに対する耐性が上昇します。|모든 원소의 데미지에 대한 저항력을 증가.|Erhöht Ihre Resistenz gegen Schaden durch alle Elemente.|Augmente votre résistance aux dégâts de tous les éléments.|Aumenta tu resistencia contra el daño de Todos los Elementos.|Zwiększa twoją odporność na obrażenia ze wszystkich żywiołów.
stat_desc_magic_resistance|Increases your resistance to Arcane damage.|Lisää vastustuskykyäsi Arcane-vaurioille.|Aumenta sua resistência ao dano arcano.|Повышает ваше сопротивление тайному урону.|增加對奧術傷害的抗性。|秘術ダメージに対する耐性が上昇します。 |아케인 데미지에 대한 저항력을 증가. |Erhöht die Resistenz gegen Arkanschaden.|Augmente votre résistance aux dégâts des arcanes. |Aumenta tu resistencia al daño Arcano.|Zwiększa twoją odporność na obrażenia arkaniczne.
stat_desc_cold_resistance|Increases your resistance to Cold damage.|Lisää vastustuskykyäsi kylmävaurioita vastaan.|Aumenta sua resistência ao dano de gelo.|Повышает ваше сопротивление урону от холода.|增加對冰霜傷害的抗性。|寒冷ダメージに対する耐性の増加。|냉기 데미지에 대한 저항력 증가.|Erhöht die Resistenz gegen Kälteschaden.|Augmente votre résistance contre les dégâts de froid.|Aumenta tu resistencia al daño de Frío.|Zwiększa twoją odporność na obrażenia lodowe.
stat_desc_fire_resistance|Increases your resistance to Fire damage.|Lisää vastustuskykyäsi palovaurioille. |Aumenta sua resistência ao dano de fogo.|Повышает ваше сопротивление урону от огня.|增加對火焰傷害的抗性。|火焔ダメージに対する耐性の増加。|불 데미지에 대한 저항력 증가.|Erhöht die Resistenz gegen Feuerschaden.|Augmente votre résistance contre les dégâts de feu.|Aumenta tu resistencia al daño de Fuego.|Zwiększa twoją odporność na obrażenia ognistych.
stat_desc_poison_resistance|Increases your resistance to Poison damage.|Lisää vastustuskykyäsi myrkkyvaurioille.|Aumenta sua resistência ao dano de veneno.|Повышает ваше сопротивление урону от яда.|增加對毒素傷害的抗性。|毒素ダメージに対する耐性の増加。|독 데미지에 대한 저항력 증가.|Erhöht die Resistenz gegen Feuerschaden.|Augmente votre résistance contre les dégâts de poison.|Aumenta tu resistencia al daño de Veneno.|Zwiększa twoją odporność na obrażenia trujące.
stat_desc_lightning_resistance|Increases your resistance to Lightning damage.|Lisää vastustuskykyäsi salamavaurioita vastaan.|Aumenta sua resistência ao dano de relâmpago.|Повышает ваше сопротивление урону от молнии.|增加對閃電傷害的抗性。|雷撃ダメージに対する耐性の増加。|번개 데미지에 대한 저항력 증가.|Erhöht die Resistenz gegen Blitzschaden.|Augmente votre résistance contre les dégâts de foudre.|Aumenta tu resistencia al daño de Rayo.|Zwiększa twoją odporność na obrażenia błyskawic.
stat_desc_arcane_absorb|Absorbs a portion of all incoming Arcane Damage as healing.||Absorve parte de todo dano arcano recebido e converte em cura.|Поглощает часть входящего тайного урона и превращает его в лечение.|將所受到的奧數傷害的一部分吸收為治療。|受ける全ての秘術ダメージの一部を回復として吸収する。|들어오는 모든 비전 피해의 일부를 치유량으로 흡수합니다.|Absorbiert einen Teil des gesamten eingehenden Arkanschadens als Heilung.|Absorbe une partie des dégâts arcaniques subis et les soigne.|Absorbe una parte de todo el daño arcano recibido como sanación.|Absorbuje część wszystkich przychodzących obrażeń arkanicznych jako leczenie.
stat_desc_poison_absorb|Absorbs a portion of all incoming Poison Damage as healing.||Absorve parte de todo dano de veneno recebido e converte em cura.|Поглощает часть входящего урона от яда и превращает его в лечение.|將所受到的毒素傷害的一部分吸收為治療。|受ける全ての毒ダメージの一部を回復として吸収する。 |들어오는 모든 독 피해의 일부를 치유량으로 흡수합니다. |Absorbiert einen Teil des gesamten eingehenden Giftschadens als Heilung.|Absorbe une partie des dégâts de poison subis et les soigne. |Absorbe una parte de todo el daño de veneno recibido como sanación. |Absorbuje część wszystkich przychodzących obrażeń trujących jako leczenie.
stat_desc_fire_absorb|Absorbs a portion of all incoming Fire Damage as healing.|Absorboi osan kaikista saapuvista palovahingoista paranemisena.|Absorve parte de todo dano de fogo recebido e converte em cura.|Поглощает часть входящего урона от огня и превращает его в лечение.|將所受到的火焰傷害的一部分吸收為治療。|受ける火焔ダメージの一部を回復します。|들어오는 불 데미지의 일부를 치유로 흡수.|Heilt einen Teil des erlittenen Feuerschadens.|Convertit une partie des dégâts de feu reçus en points de vie.|Absorbe una parte del Daño de Fuego recibido y lo convierte en Vida.|Absorbuje część wszystkich przychodzących obrażeń ognistych jako leczenie.
stat_desc_cold_absorb|Absorbs a portion of all incoming Cold Damage as healing.|Imee osan kaikesta saapuvasta kylmävauriosta parantavana.|Absorve parte de todo dano de gelo recebido e converte em cura.|Поглощает часть входящего урона от холода и превращает его в лечение.|將所受到的冰霜傷害的一部分吸收為治療。|受ける寒冷ダメージの一部を回復します。|들어오는 냉기 데미지의 일부를 치유로 흡수.|Heilt einen Teil des erlittenen Kälteschadens.|Convertit une partie des dégâts de froid reçus en points de vie.|Absorbe una parte del Daño de Frío recibido y lo convierte en Vida.|Absorbuje część всех przychodzących obrażeń lodowych jako leczenie.
stat_desc_lightning_absorb|Absorbs a portion of all incoming Lightning Damage as healing.|Absorboi osan kaikesta tulevasta salamavauriosta parantavana.|Absorve parte de todo dano de relâmpago recebido e converte em cura.|Поглощает часть входящего урона от молнии и превращает его в лечение.|將所受到的閃電傷害的一部分吸收為治療。|受ける雷撃ダメージの一部を回復します。|들어오는 번개 데미지의 일부를 치유로 흡수.|Heilt einen Teil des erlittenen Blitzschadens.|Convertit une partie des dégâts de foudre reçus en points de vie.|Absorbe una parte del Daño de Rayo recibido y lo convierte en Vida.|Absorbuje część wszystkich przychodzących obrażeń błyskawic jako leczenie.
stat_desc_light_radius|Effects your visibility range and base movement speed scaling.|Vaikuttaa näkyvyysalueeseesi ja perusliikenopeuden skaalaukseen.|Afeta seu raio de visibilidade e a escala da velocidade de movimento base.|Влияет на радиус видимости и масштабирование базовой скорости передвижения.|影響視野範圍與基礎移動速度加成。|視界範囲と基本移動速度のスケーリングに影響します。|시야 범위와 기본 이동 속도 스케일링에 영향을 줍니다.|Beeinflusst die Sichtweite und die grundlegende Bewegungsgeschwindigkeit.|Améliore la distance de visibilité et l'échelonnement de la vitesse de marche/course de base.|Afecta tu radio de visión y la velocidad de movimiento base.|Wpływa na zasięg widoczności i skalowanie bazowej prędkości ruchu.
stat_desc_mining|Your Mining skill level.|Kaivostaitosi.|Seu nível da habilidade de Mineração.|Ваш уровень навыка добычи руды.|你的採礦技能等級。|採掘スキルのレベル。|채광 스킬 레벨.|Level der Bergbaufähigkeit.|Votre niveau d'aptitude en tant que mineur. Le minerai de cuivre nécessite un niveau de mineur de 0. Le minerai de fer nécessite un niveau de mineur de 125. Le minerai d'or nécessite un niveau de mineur de 225 . Le minerai de rubis nécessite un niveau de mineur de 500. Le minerai de jade nécessite un niveau de mineur de 750 et a 2% de chances d'apparaître par veine de rubis. Augmenter votre niveau de mineur débloque de nouvelles recettes dans le menu d'artisanat.|Tu nivel en la habilidad de Minería.|Twój poziom umiejętności Górnictwa.
stat_desc_jewelcrafting|Your Jewelcrafting skill level.|Jalokiviaskartelutaitosi.|Seu nível da habilidade de Joalheria.|Ваш уровень навыка ювелирного дела.|你的珠寶加工技能等級。|宝石加工スキルのレベル。|보석 가공 스킬 레벨.|Level der Edelsteinschleif-Fähigkeit.|Votre niveau d'aptitude en tant que joaillier.|Tu nivel en la habilidad de Joyería.|Twój poziom umiejętności Jubilerstwa.
stat_desc_herbalism|Your Herbalism skill level.|Herbalismi-taitosi.|Seu nível da habilidade de Herborismo.|Ваш уровень навыка травничества.|你的草藥學技能等級。|あなたの本草学のスキルレベル。|약초 스킬 레벨.|Ihre Kräuterkunde Fähigkeitsstufe.|Votre niveau d'aptitude en tant qu'herboriste.|Tu nivel en la habilidad de Herboristería.|Twój poziom umiejętności Zielarstwa.
stat_desc_deadly_blow|Deadly Blow increases your Physical Damage by 35%|Deadly Blow lisää fyysisiä vahinkojasi 35%|Golpe Mortal aumenta seu dano físico em 35%.|Смертельный удар повышает ваш физический урон на 35%.|致命一擊使你的物理傷害增加 35%|致命的な一撃は物理ダメージを 50% 増加させます|데들리 블로는 물리 데미지를 50% 증가.|Tödlicher Schlag erhöht Ihren physischen Schaden um 35%.|Coup mortel augmente vos dégâts physiques de 35%.|Golpe Mortal aumenta tu Daño Físico un 35%.|Śmiertelny cios zwiększa twoje obrażenia fizyczne o 35%
stat_desc_crushing_blow|Crushing Blow breaks enemy armor by 10% stacking up to 5 times increasing physical damage taken by enemies.|Crushing Blow rikkoo vihollisen panssarin pinoamalla 10 % jopa 5 kertaa lisää vihollisten tekemiä fyysisiä vahinkoja.|Golpe Esmagador quebra a armadura do inimigo em 10%, acumulando até 5 vezes e aumentando o dano físico recebido pelos inimigos.|Сокрушительный удар пробивает броню врага на 10%, суммируется до 5 раз и повышает получаемый врагами физический урон.|壓碎打擊使敵人的護甲減少10%,可疊加5層,使敵人受到的物理傷害增加。|破滅的な一撃は敵の装甲を 10% 破壊し、最大 5 回までスタックして敵の物理ダメージを増加させます。|크러싱 블로는 적의 방어구를 10% 파괴하여 최대 5회까지 중첩하여 적이 받는 물리 데미지를 증가.|Zerschmetternder Schlag durchbricht die Rüstung des Gegners um 10 %, bis zu 5-mal stapelbar, und erhöht den physischen Schaden, den Gegner erleiden.|Coup écrasant brise l'armure ennemie de 10 % et se cumule jusqu'à 5 fois, augmentant ainsi les dégâts physiques subis par les ennemis. |Golpe Aplastante reduce la armadura del enemigo un 10% (se acumula hasta 5 veces), aumentando el daño físico que reciben.|Miażdżący cios przełamuje pancerz wroga o 10% stackując się do 5 razy, zwiększając obrażenia fizyczne przyjmowane przez wrogów.
stat_desc_open_wounds|Open Wounds bleeds target enemy for 20% of your Physical Damage.|Avoimet haavat kohdistavat vihollisen 20 %:iin fyysisistä vaurioistasi.|Feridas Abertas causam sangramento no alvo equivalente a 20% do seu dano físico.|Открытые раны вызывают кровотечение у цели на 20% от вашего физического урона.|撕裂傷口使目標敵人流血，造成相當於你 20% 物理傷害的傷害。|開いた傷は対象の敵から物理ダメージの 20% の出血を与えます。|출혈은 대상 적에게 물리 데미지의 20%만큼 출혈을 일으킵니다.|Offene Wunden lassen den anvisierten Gegner 20 % Ihres physischen Schadens bluten.|Blessure ouverte fait saigner l'ennemi ciblé pour 20% de vos dégâts physiques.|Heridas Abiertas provoca un sangrado en el enemigo por un 20% de tu Daño Físico.|Otwarte rany powodują krwawienie celu za 20% twoich obrażeń fizycznych.
stat_desc_ignore_defense|Ignores enemy Defense rating making it easier to hit the target.|Ei huomioi vihollisen puolustusluokitusta, mikä helpottaa maaliin osumista.|Ignora o rating de defesa do inimigo, tornando mais fácil acertar o alvo.|Игнорирует рейтинг защиты врага, делая попадание по цели проще.|無視敵人的防禦值，使其更容易被擊中。|敵の防御力を無視してターゲットに命中しやすくなります。|적의 방어구를 무시하여 대상을 더 쉽게 맞출 수 있습니다.|Ignoriert die Verteidigungswertung des Gegners, sodass das Ziel leichter getroffen werden kann.|Ignore l'indice de défense de l'ennemi, ce qui permet de toucher plus facilement la cible.|Ignora la Defensa del enemigo, haciendo que sea más fácil acertar tus golpes.|Ignoruje ocenę obrony wroga, ułatwiając trafienie celu.
stat_desc_slow_target|Attacks slow enemy Movement and Attack Speed.|Hyökkää hitaaseen vihollisen liikkeeseen ja hyökkäysnopeuteen.|Ataques reduzem a velocidade de movimento e ataque do inimigo.|Атаки замедляют скорость передвижения и атаки врага.|攻擊會減緩敵人的移動速度與攻擊速度。|攻撃は敵の移動速度と攻撃速度を低下させます。|공격 시 적의 이동 속도와 공격 속도가 느려집니다.|Angriffe verlangsamen die Bewegung und Angriffsgeschwindigkeit des Gegners.|Les attaques ralentissent le mouvement et la vitesse d'attaque des ennemis.|Tus ataques ralentizan la Velocidad de Movimiento y de Ataque del enemigo.|Ataki spowalniają ruch i szybkość ataku wroga.
stat_desc_extra_gold|Extra gold dropped from monsters when killed.|Ylimääräistä kultaa putosi hirviöistä, kun ne tapettiin.|Ouro extra obtido ao matar monstros.|Дополнительное золото, выпадающее с убитых монстров.|擊殺怪物時掉落額外金幣。|モンスターを倒すと追加のゴールドがドロップされます。|몬스터를 죽이면 골드가 추가로 떨어집니다.|Bei der Tötung von Monstern fallen zusätzliches Gold.|Or supplémentaire laissé par les monstres lorsqu'ils sont tués.|Los monstruos sueltan oro extra al morir.|Dodatkowe złoto z potworów po zabiciu.
stat_desc_merchant_prices|Discounted prices when buying from the Merchant.|Alennetut hinnat kauppiaalta ostettaessa.|Preços com desconto ao comprar do Comerciante.|Сниженные цены при покупке у торговца.|向商人購買時享價格折扣。|商人から購入するときの価格が割引されます。|상인에게서 구매할 때 할인된 가격.|Ermäßigte Preise beim Kauf beim Händler.|Prix réduits en achetant auprès des marchands.|Recibes descuentos al comprar en los mercaderes.|Obniżone ceny przy zakupie u Kupca.
stat_desc_poison_length_reduced|Lowered poison debuff duration.|Lyhennetty myrkkyjen debuffin kesto.|Duração do efeito de veneno reduzida.|Сниженная длительность эффекта яда.|減少受到的毒素持續時間。|毒のデバフの持続時間が短縮されます。|독 약화 지속 시간이 감소.|Gekürzte Dauer des Gift-Debuffs.|Réduction de la durée de l'effet de poison.|Reduce la duración de los efectos de veneno.|Skrócony czas działania debuffu trucizny.
stat_desc_ignore_magic_resist|The amount of enemy Arcane resistance ignored when dealing Arcane Damage.|Vihollisen arkaan vastustuksen määrä, joka jätettiin huomiotta käsiteltäessä Arcane Damagea.|Quantidade de resistência arcana do inimigo ignorada ao causar dano arcano.|Количество игнорируемого сопротивления тайной магии врага при нанесении тайного урона.|造成奧術傷害時無視敌人的奧術抗性數值。|秘術ダメージを与えるときに無視される敵の秘術耐性の量。|아케인 데미지를 입힐 때 무시되는 적의 아케인 저항력 양입니다.|Die Menge an feindlicher Arkanresistenz, die beim Verursachen von Arkanschaden ignoriert wird.|Montant de la résistance à l’arcane de l'ennemi ignorée lorsque vous infligez des dégâts magiques.|Cantidad de Resistencia Arcana del enemigo que es ignorada al infligir Daño Arcano.|Ilość ignorowanej odporności arkanicznej wroga przy zadawaniu obrażeń arkanicznych.
stat_desc_ignore_cold_resist|The amount of enemy Cold resistance ignored when dealing Cold Damage.|Vihollisen kylmävastus, joka jätettiin huomiotta kylmävaurioita käsiteltäessä.|Quantidade de resistência a gelo do inimigo ignorada ao causar dano de gelo.|Количество игнорируемого сопротивления холоду врага при нанесении урона от холода.|造成冰霜傷害時無視敌人的冰霜抗性數值。|冷気ダメージを与えるときに無視される敵の冷気耐性の量。|냉기 데미지를 입힐 때 무시되는 적의 냉기 저항력 양입니다.|Die Menge an feindlicher Kälteresistenz, die beim Verursachen von Kälteschaden ignoriert wird.|Montant de la résistance au froid de l'ennemi ignoré lorsque vous infligez des dégâts magiques.|Cantidad de Resistencia al Frío del enemigo que es ignorada al infligir Daño de Frío.|Ilość ignorowanej odporności na zimno wroga przy zadawaniu obrażeń lodowych.
stat_desc_ignore_fire_resist|The amount of enemy Fire resistance ignored when dealing Fire Damage.|Vihollisen palonkestävyyden määrä, joka jätettiin huomioimatta tulivaurioita käsiteltäessä.|Quantidade de resistência a fogo do inimigo ignorada ao causar dano de fogo.|Количество игнорируемого сопротивления огню врага при нанесении урона от огня.|造成火焰傷害時無視敌人的火焰抗性數值。|火炎ダメージを与えるときに無視される敵の火炎耐性の量。|불 데미지를 입힐 때 무시되는 적의 불 저항력 양입니다.|Die Menge an feindlicher Feuerresistenz, die beim Verursachen von Feuerschaden ignoriert wird.|Montant de la résistance au feu de l'ennemi ignoré lorsque vous infligez des dégâts magiques.|Cantidad de Resistencia al Fuego del enemigo que es ignorada al infligir Daño de Fuego.|Ilość ignorowanej odporności na ogień wroga przy zadawaniu obrażeń ognistych.
stat_desc_ignore_poison_resist|The amount of enemy Poison resistance ignored when dealing Poison Damage.|Vihollisen myrkkyresistanssin määrä, joka jätettiin huomiotta myrkkyvaurioita käsiteltäessä.|Quantidade de resistência a veneno do inimigo ignorada ao causar dano de veneno.|Количество игнорируемого сопротивления яду врага при нанесении урона от яда.|造成毒素傷害時無視敌人的毒素抗性數值。|毒ダメージを与えるときに無視される敵の毒耐性の量。|독 데미지를 입힐 때 무시되는 적의 독 저항력 양입니다.|Die Menge an feindlicher Giftresistenz, die beim Verursachen von Giftschaden ignoriert wird.|Montant de la résistance au poison de l'ennemi ignoré lorsque vous infligez des dégâts magiques.|Cantidad de Resistencia al Veneno del enemigo que es ignorada al infligir Daño de Veneno.|Ilość ignorowanej odporności na truciznę wroga przy zadawaniu obrażeń trujących.
stat_desc_ignore_lightning_resist|The amount of enemy Lightning resistance ignored when dealing Lightning Damage.|Vihollisen salamanvastuksen määrä, joka jätettiin huomiotta salamavaurioita käsiteltäessä.|Quantidade de resistência a relâmpago do inimigo ignorada ao causar dano de relâmpago.|Количество игнорируемого сопротивления молнии врага при нанесении урона от молнии.|造成閃電傷害時無視敌人的閃電抗性數值。|雷ダメージを与えるときに無視される敵の雷耐性の量。|번개 데미지를 입힐 때 무시되는 적의 번개 저항력 양입니다.|Die Menge an feindlicher Blitzresistenz, die beim Verursachen von Blitzschaden ignoriert wird.|Montant de la résistance à la foudre de l'ennemi ignoré lorsque vous infligez des dégâts magiques.|Cantidad de Resistencia al Rayo del enemigo que es ignorada al infligir Daño de Rayo.|Ilość ignorowanej odporności na błyskawice wroga przy zadawaniu obrażeń błyskawic.
stat_desc_faster_hit_recovery|Increases the speed of recovery after being hit by an attack or projectile.|Nopeuttaa toipumisnopeutta hyökkäyksen tai ammuksen osuman jälkeen. |Velocidade de recuperação após ser atingido por um ataque ou projétil.|Скорость восстановления после получения удара атакой или снарядом.|增加遭受攻擊或投射物擊中後的格擋回復與打擊回復速度。|攻撃または発射物に当たった後の回復速度が上昇します。 |공격이나 투사체에 맞은 후 회복 속도가 증가합니다. |Erhöht die Erholungsgeschwindigkeit nach einem Angriff oder Projektiltreffer.|Augmente la vitesse de récupération après avoir été touché par une attaque ou un projectile. |Aumenta la velocidad de recuperación tras ser alcanzado por un ataque o proyectil. |Szybkość odzyskania po trafieniu atakiem lub pociskiem.
stat_desc_charge_damage_strength|A portion of your strength is added as damage for charge skills.||Parte da sua força é adicionada como dano para habilidades de investida.|Часть силы добавляется как урон к навыкам рывка.|你的一部分力量會轉化為衝鋒技能的附加傷害。|突進スキルのダメージに、筋力の一部が加算されます。|힘의 일부가 돌진 스킬의 피해량에 추가됩니다.|Ein Teil deiner Stärke wird als Schaden für Stürmen-Fertigkeiten hinzugefügt.|Une partie de votre force est ajoutée aux dégâts des compétences chargées.|Una parte de tu fuerza se suma como daño en las habilidades de carga.|Część twojej siły jest dodawana jako obrażenia do umiejętności szarży.
stat_desc_unarmed_damage|Amount of damage increased while unarmed.||Quantidade de dano aumentado ao lutar desarmado.|Величина повышения урона при сражении без оружия.|赤手空拳時增加的傷害數值。|素手時のダメージが増加します。|맨손일 때 공격력이 증가합니다.|Der Schaden im unbewaffneten Kampf wird erhöht.|Dégâts augmentés à mains nues.|Aumenta la cantidad de daño mientras estás desarmado.|Ilość zwiększonych obrażeń bez broni.
stat_desc_unarmed_damage_strength|A portion of your strength is added as flat physical damage while unarmed.||Parte da sua força é adicionada como dano físico fixo ao lutar desarmado.|Часть силы добавляется как фиксированный физический урон при сражении без оружия.|赤手空拳時，你的一部分力量會轉化為附加物理傷害。|素手時の物理ダメージに、筋力の一部が加算されます。|맨손일 때 힘의 일부가 고정 물리 피해로 추가됩니다.|Ein Teil deiner Stärke wird im unbewaffneten Kampf als direkter physischer Schaden hinzugefügt.|Une partie de votre force est ajoutée aux dégâts physiques fixes à mains nues.|Una parte de tu fuerza se suma como daño físico fijo mientras estás desarmado.|Część twojej siły jest dodawana jako płaskie obrażenia fizyczne bez broni.
stat_desc_flask_regen_life|Amount of increased life regeneration from potions.||Quantidade de regeneração de vida aumentada de poções.|Величина повышения восстановления жизни от зелий.|增加藥劑獲得的生命回復數值。|ポーションによるライフ回復量が増加します。|물약으로 얻는 생명력 회복량이 증가합니다.|Die Lebensregeneration durch Tränke wird erhöht.|Régénération de vie augmentée grâce aux potions.|Aumenta la cantidad de regeneración de vida de las pociones.|Ilość zwiększonego odnawiania życia z mikstur.
stat_desc_flask_damage_taken|Amount of damage taken reduced when regenerating from a potion.||Quantidade de dano recebido reduzido enquanto regenera de uma poção.|Величина снижения получаемого урона во время восстановления от зелья.|使用藥劑回復時減少承受的傷害數值。|ポーションによるライフ回復時に受けるダメージが減少します。|물약으로 회복할 때 받는 피해량이 감소합니다.|Der erlittene Schaden wird beim Regenerieren durch einen Trank reduziert.|Dégâts subis réduits lors de la régénération grâce à une potion.|Reduces la cantidad de daño recibido al regenerarte con una poción.|Ilość zmniejszonych otrzymanych obrażeń podczas regeneracji z mikstury.
stat_desc_jumping_power|Increases how far you can jump.||Aumenta a distância que você pode pular.|Повышает дальность вашего прыжка.|增加你的跳躍距離。|ジャンプ距離が増加します。 |점프 거리가 증가합니다. |Erhöht deine Sprungweite.|Distance de saut augmentée. |Aumenta la distancia de tus saltos. |Zwiększa jak daleko możesz skakać.
|||||||||||
[Talent Tooltips]|||||||||||
tal_summon_amount|Summon Amount|Summon summa|Quantidade de Invocados|Количество призванных|召喚數量|召喚量|소환 수량|Beschwörungsmenge|Montant d'invocation|Cantidad de Invocaciones|Ilość przywołań
tal_duration|Duration|Kesto|Duração|Длительность|持續時間|持続時間|지속시간|Dauer|Durée|Duración|Czas trwania
tal_slow_duration|Slow Duration|Hidas kesto|Duração do Lentidão|Длительность замедления|緩速持續時間|スロー持続時間|슬로우 지속시간|Dauer der Verlangsamung|Durée de ralentissement|Duración de Ralentización|Czas spowolnienia
tal_slow_power|Slow Power|Hidas teho|Poder do Lentidão|Сила замедления|緩速強度|スローパワー|느린 힘|Verlangsamungskraft|Puissance de ralentissement|Potencia de Ralentización|Siła spowolnienia
tal_speed|Speed|Nopeus|Velocidade|Скорость|速度|速度|속도|Geschwindigkeit|Vitesse|Velocidad|Prędkość
tal_stun_duration|Stun Duration|Tainnutuksen kesto|Duração do Atordoamento|Длительность оглушения|暈眩持續時間|スタン持続時間|기절 지속시간|Dauer der Betäubung|Durée d'étourdissement|Duración de Aturdimiento|Czas ogłuszenia
tal_freeze_duration|Freeze Duration|Jäädytyksen kesto|Duração da Congelamento|Длительность заморозки|凍結持續時間|凍結持続時間|동결 지속시간|Dauer der Einfrierung|Durée de gel|Duración de Congelación|Czas zamrożenia
tal_hex_duration|Hex Duration|Hex Kesto|Duração do Hex|Длительность проклятия|咒術持續時間|呪い持続時間|육각 지속시간|Dauer der Verhexung|Durée de maléfice|Duración de Maldición|Czas heksu
tal_disarm_duration|Disarm Duration|Asetuksen kesto|Duração do Desarmamento|Длительность разоружения|繳械持續時間|武装解除持続時間|무장 해제 지속시간|Dauer der Entwaffnung|Durée de désarmement|Duración de Desarme|Czas rozbrojenia
tal_root_duration|Root Duration|Juuren kesto|Duração do Enraizamento|Длительность удержания на месте|禁錮持續時間|ルート持続時間|루트 지속시간|Dauer der Verwurzelung|Durée d'enracinement|Duración de Inmovilización|Czas unieruchomienia
tal_gold|Gold Amount|Kullan määrä|Quantidade de Ouro|Количество золота|金幣數量|ゴールド量|골드 양|Goldmenge|Quantité d'or|Cantidad de Oro|Ilość złota
tal_recall|Recall Summons|Muista kutsut|Recolher Invocados|Отзыв призванных|召回召喚物|召喚の呼び出し|소환수 소환해제|Beschwörungen zurückrufen|Invocations de rappel|Llamar Invocaciones|Przywołaj przywołania z powrotem
tal_skills|All Skills||Todas as Habilidades|Все навыки|所有技能|すべてのスキル |모든 기술 |Alle Fertigkeiten|Toutes les compétences |Todas las habilidades |Wszystkie umiejętności
tal_distance|Distance|Etäisyys|Distância|Расстояние|距離|距離|거리|Entfernung|Distance|Distancia|Odległość
tal_seconds|s|s|s|с|秒|s|s|s|s|s|s
tal_minutes|m|m|m|м|分|m|m|m|m|m|m
tal_size|Size|Koko|Tamanho|Размер|範圍/大小|サイズ|크기|Größe|Taille|Tamaño|Rozmiar
tal_targets|Targets|Tavoitteet|Alvos|Целей|目標數量|ターゲット|대상|Ziele|Cibles|Objetivos|Cele
tal_range|Range|Alue|Alcance|Дальность|範圍|範囲|사거리|Reichweite|Portée|Alcance|Zasięg
tal_projectiles|Projectiles|Ammukset|Projéteis|Снарядов|投射物數量|発射物|투사체|Projektile|Projectiles|Proyectiles|Pociski
tal_magic_find|Magic Find|Maaginen löytö|Chance de Itens Mágicos|Магическая находка|物品稀有度|魔法の発見|마법 아이템 발견|Magie Fund|Trouvée magique|Hallazgo Mágico|Szansa na magiczne przedmioty
tal_extra_gold|Extra Gold from kills|Ylimääräistä kultaa tappoista|Ouro Extra de Mortes|Дополнительное золото с убийств|擊殺獲得額外金幣|キルによる追加ゴールド|킬로 인한 추가 골드|Zusätzliches Gold durch Tötungen|Or supplémentaire des éliminations|Oro extra por muertes|Dodatkowe złoto z zabójstw
tal_movement_speed|Movement Speed|Liikkeen nopeus |Velocidade de Movimento|Скорость передвижения|移動速度|移動速度|이동 속도|Bewegungsgeschwindigkeit|Vitesse de déplacement|Velocidad de Movimiento|Prędkość ruchu
tal_attack_speed|Attack Speed|Hyökkäysnopeus|Velocidade de Ataque|Скорость атаки|攻擊速度|攻撃速度|공격 속도|Angriffsgeschwindigkeit|Vitesse d'attaque|Velocidad de Ataque|Szybkość ataku
tal_attack_rating|Attack Rating|Hyökkäysluokitus|Precisão de Ataque|Точность атаки|命中率|攻撃評価|공격 명중률|Angriffswertung|Indice d'attaque|Puntería|Celność ataku
tal_critical_chance|Critical Strike Chance|Kriittinen iskumahdollisuus|Chance de Acerto Crítico|Шанс критического удара|暴擊率|クリティカル ストライク チャンス|치명타 확률|Chance auf kritischen Treffer|Chances de coup critique|Probabilidad de Golpe Crítico|Szansa na trafienie krytyczne
tal_critical_damage|Critical Strike Damage|Kriittinen iskuvahinko|Dano de Acerto Crítico|Урон от критического удара|暴擊傷害|クリティカル ストライク ダメージ|치명타 데미지|Schaden durch kritischen Treffer|Dégâts de coup critique|Daño de Golpe Crítico|Obrażenia trafienia krytycznego
tal_spell_crit_chance|Spell Critical Chance|Kriittinen taikamahdollisuus|Chance Crítica de Feitiços|Шанс критического удара заклинанием|法術暴擊率|呪文クリティカル確率|주문 크리티컬 확률|Chance auf kritische Zaubertreffer|Chances de coup critique du sort|Probabilidad de Crítico con Hechizos|Szansa na krytyczne czary
tal_spell_crit_damage|Spell Critical Damage|Kriittinen taikavahinko|Dano Crítico de Feitiços|Критический урон от заклинаний|法術暴擊傷害|呪文クリティカルダメージ |주문 크리티컬 데미지 |Kritischer Zauberschaden|Dégâts critiques du sort |Daño Crítico de Hechizos|Obrażenia krytyczne czarów
tal_life_replenish|Life Replenish|Elämän täydennys|Recuperação de Vida|Восстановление жизни|生命回復|ライフ補充|생명력 회복|Lebensregeneration|Régénération de vie|Regeneración de Vida|Odnawianie życia
tal_mana_replenish|Mana Replenish|Manan täydennys|Recuperação de Mana|Восстановление маны|魔力回復|マナ補充|마나 회복|Manaregeneration|Régénération de mana|Regeneración de Maná|Odnawianie many
tal_magic_damage_taken|Magic Damage Reduction|Magic Damage Reduction|Redução de Dano Mágico|Снижение магического урона|魔法傷害減免|魔法ダメージ軽減|마법 데미지 감소|Reduzierung des magischen Schadens|Réduction des dégâts magiques|Reducción de Daño Mágico|Zmniejszenie obrażeń magicznych
tal_damage_taken|Physical Damage Reduction|Fyysisten vaurioiden vähentäminen|Redução de Dano Físico|Снижение физического урона|物理傷害減免|物理ダメージ軽減|물리 데미지 감소|Reduzierung des physischen Schadens|Réduction des dégâts physiques|Reducción de Daño Físico|Zmniejszenie obrażeń fizycznych
tal_all_damage_taken|Damage Reduction|Vahinkojen vähentäminen|Redução de Dano|Снижение урона|傷害減免|ダメージ軽減|데미지 감소|Schadensreduzierung|Réduction des dégâts|Reducción de Daño|Zmniejszenie obrażeń
tal_damage_return|Damage Return|Vahingon palautus|Devolução de Dano|Возврат урона|傷害反彈|ダメージ リターン|데미지 반환|Schadensrückgabe|Restitution des dégâts|Daño Devuelto|Zwrot obrażeń
tal_damage_return_p|Increased Damage Return|||Повышенный возврат урона|傷害反彈增加||데미지 반사 증가|||Daño Reflejado Aumentado|
tal_total_damage_return|Total Damage Return|Kokonaisvahingon palautus|Devolução Total de Dano|Общий возврат урона|總傷害反彈|総ダメージ リターン|총 데미지 반환|Gesamte Schadensrückgabe|Restitution des dégâts totaux|Daño Total Devuelto|Całkowity zwrot obrażeń
tal_defense|Defense|Puolustus|Defesa|Защита|防禦|防御|방어구|Verteidigung|Défense|Defensa|Obrona
tal_cooldown|Skill Haste|Jäähdytyspalautus|Aceleração de Habilidade|Скорость навыков|技能急速|クールダウン回復|재사용 대기시간 회복|Abkühlungserholung|Récupération du temps de recharge|Reducción de Enfriamiento|Przyspieszenie umiejętności
tal_cooldown_belt|Flask Skill Haste|Potion Cooldown Recovery|Aceleração de Habilidade de Frasco|Скорость навыков зелий|藥劑技能急速|ポーション クールダウン回復|물약 재사용 대기시간 회복|Abkühlungserholung des Tranks|Récupération du temps de recharge des potions|Reducción de Enfriamiento de Pociones|Przyspieszenie umiejętności flaszek
tal_parry_chance|Parry Chance|Parry mahdollisuus|Chance de Parada|Шанс парирования|招架機率|パリー チャンス|패리 확률|Parierchance|Chances de parade|Probabilidad de Parada|Szansa na parowanie
tal_dodge_chance|Dodge Chance|Dodge Chance|Chance de Esquiva|Шанс уклонения|閃避機率|ドッジ チャンス|회피 확률|Ausweichchance|Chances d'esquive|Probabilidad de Esquivar|Szansa na unik
tal_all_resistances|All Resistances|Kaikki vastukset|Todas as Resistências|Все сопротивления|所有元素抗性|全耐性|모든 저항력|Alle Widerstände|Toutes les résistances|Todas las Resistencias|Wszystkie odporności
tal_aoe|Area of Effect|Vaikutusalue|Área de Efeito|Радиус по площади|範圍效果|効果範囲|영향 범위|Wirkungsbereich|Zone d'effet|Área de Efecto|Obszar efektu
tal_intelligence|Intelligence|Älykkyys|Inteligência|Интеллект|智力|インテリジェンス|지능|Intelligenz|Intelligence|Inteligencia|Inteligencja
tal_energy|Energy|Energiaa|Energia|Энергия|能量|エネルギー|에너지|Energie|Énergie|Energía|Energia
tal_healing|Healing|Parantuminen|Cura|Исцеление|治療效果|治癒|치유|Heilung|Soins|Curación|Leczenie
tal_life|Life|Elämä|Vida|Жизнь|生命|ライフ|생명력|Leben|Vie|Vida|Życie
tal_mana|Mana|Mana|Mana|Мана|魔力|マナ|마나|Mana|Mana|Maná|Mana
tal_mana_cost|Mana Cost|Manan hinta|Custo de Mana|Затраты маны|魔力消耗|マナ コスト|마나 소모량|Manakosten|Coût en mana|Costo de Maná|Koszt many
tal_life_after_kill|Life After Kill|Elämä tappamisen jälkeen |Vida Após Morte|Жизнь после убийства|擊殺回復生命|キル後のライフ|킬 후 생명력|Leben nach Tötung|Vie après élimination|Vida por Muerte|Życie po zabiciu
tal_mana_after_kill|Mana After Kill|Mana After Kill|Mana Após Morte|Мана после убийства|擊殺回復魔力|キル後のマナ|킬 후 마나|Mana nach Tötung|Mana après élimination|Maná por Muerte|Mana po zabiciu
tal_faster_cast_rate|Faster Cast Rate|Nopeampi lähetysnopeus|Taxa de Conjuração Mais Rápida|Скорость чтения заклинаний|施法速度|キャスト レートの高速化|빠른 시전 속도|Schnellere Zauberrate|Taux d'incantation plus rapide|Velocidad de Lanzamiento|Szybsza szybkość rzucania
tal_life_steal|Life Steal|Elämä varastaa|Roubo de Vida|Кража жизни|生命偷取|ライフスティール|생명력 흡수|Lebensentzug|Vol de vie|Robo de Vida|Kradzież życia
tal_mana_steal|Mana Steal|Mana varastaa|Roubo de Mana|Кража маны|魔力偷取|マナスティール|마나 흡수 감소|Manaentzug|Vol de mana|Robo de Maná|Kradzież many
tal_whirlwind_damage|Whirlwind Damage|Pyörretuulen vaurio|Dano de Redemoinho|Урон от вихря|旋風斬傷害|旋風ダメージ|회오리바람 데미지|Wirbelsturmschaden|Dégâts de tourbillon|Daño de Torbellino|Obrażenia Whirlwind
tal_attack_damage|Attack Damage|Hyökkäysvaurio|Dano de Ataque|Урон от атаки|攻擊傷害|攻撃ダメージ|공격 데미지|Angriff Schaden|Dégâts d'attaque|Daño de Ataque|Obrażenia ataku
tal_damage_dealt|Damage Dealt|Vahinko käsitelty|Dano Causado|Наносимый урон|造成的傷害|与えるダメージ|입힌 데미지|Verursachter Schaden|Dégâts Infligé|Daño Infligido|Zadane obrażenia
tal_damage_multiplier|Damage Multiplier|Vahinkokerroin|Multiplicador de Dano|Множитель урона|傷害加成|ダメージ乗数|데미지 배수|Schadensmultiplikator|Multiplicateur de dégâts|Multiplicador de Daño|Mnożnik obrażeń
tal_damage|Damage|Vahingoittaa|Dano|Урон|傷害|ダメージ|데미지|Schaden|Dégâts|Daño|Obrażenia
tal_of_damage|Of Total Damage|Kokonaisvahingosta|Do Dano Total|От всего урона|總傷害|合計ダメージのうち|전체 데미지|Gesamtschaden|Des dégâts totaux|del Daño Total|Z całkowitych obrażeń
tal_damage_physical|Physical Damage|Fyysinen vahinko|Dano Físico|Физический урон|物理傷害|物理ダメージ|물리 데미지|Physischer Schaden|Dégâts physiques|Daño Físico|Obrażenia fizyczne
tal_damage_fire|Fire Damage|Tulivahingot|Dano de Fogo|Урон от огня|火焰傷害|火炎ダメージ|불 데미지|Feuerschaden|Dégâts de feu|Daño de Fuego|Obrażenia ogniste
tal_damage_cold|Cold Damage|Kylmävaurio|Dano de Gelo|Урон от холода|冰霜傷害|冷気ダメージ|냉기 데미지|Kälteschaden|Dégâts de froid|Daño de Frío|Obrażenia lodowe
tal_damage_poison|Poison Damage|Myrkytysvaurio|Dano de Veneno|Урон от яда|毒素傷害|毒ダメージ|독 데미지|Giftschaden|Dégâts de poison|Daño de Veneno|Obrażenia trujące
tal_damage_lightning|Lightning Damage|Salaman aiheuttama vahinko|Dano de Relâmpago|Урон от молнии|閃電傷害|雷ダメージ|번개 데미지|Blitzschaden|Dégâts de foudre|Daño de Rayo|Obrażenia błyskawic
tal_damage_magic|Arcane Damage|Arkaaninen vahinko|Dano Arcano|Тайный урон|奧術傷害|秘術ダメージ|아케인 데미지|Arkanschaden|Dégâts des arcanes|Daño Arcano|Obrażenia arkaniczne
tal_damage_elemental|Elemental Damage|Alkuainevaurio|Dano Elemental|Элементальный урон|元素傷害|属性ダメージ|원소 데미지|Elementarschaden|Dégâts élémentaires|Daño Elemental|Obrażenia żywiołowe
tal_skill_damage|Magic Skill Damage|Magic Skill Damage|Dano de Habilidades Mágicas|Урон от магических навыков|魔法技能傷害|魔法スキルダメージ |마법 스킬 데미지 |Magie-Fertigkeitsschaden|Dégâts de compétence magique |Daño de Habilidad Mágica|Obrażenia umiejętności magicznych
tal_skill_fire_damage|Fire Skill Damage|Palon taitojen vauriot|Dano de Habilidades de Fogo|Урон от навыков огня|火焰技能傷害|火のスキルのダメージ|불 스킬 데미지|Feuer-Fertigkeitsschaden|Dégâts des compétences de feu |Daño de Habilidad de Fuego|Obrażenia umiejętności ognistych
tal_skill_cold_damage|Cold Skill Damage|Kylmä taitovaurio|Dano de Habilidades de Gelo|Урон от навыков холода|冰霜技能傷害|氷のスキルのダメージ|냉기 스킬 데미지|Kälte-Fertigkeitsschaden|Dégâts des compétences de froid |Daño de Habilidad de Frío|Obrażenia umiejętności lodowych
tal_skill_poison_damage|Poison Skill Damage|Poison Skill Damage|Dano de Habilidades de Veneno|Урон от навыков яда|毒素技能傷害|毒のスキルのダメージ|독 스킬 데미지|Gift-Fertigkeitsschaden|Dégâts des compétences de poison |Daño de Habilidad de Veneno|Obrażenia umiejętności trujących
tal_skill_lightning_damage|Lightning Skill Damage|Salaman taidon vaurio|Dano de Habilidades de Relâmpago|Урон от навыков молнии|閃電技能傷害|雷のスキルのダメージ|번개 스킬 데미지|Blitz-Fertigkeitsschaden|Dégâts des compétences de foudre |Daño de Habilidad de Rayo|Obrażenia umiejętności błyskawic
tal_skill_magic_damage|Arcane Skill Damage|Arkaaninen taitovaurio|Dano de Habilidades Arcanas|Тайный урон от навыков|奧術技能傷害|アーケイン スキル ダメージ|아케인 스킬 데미지|Arkan-Fertigkeitsschaden|Dégâts des compétences arcaniques|Daño de Habilidad Arcana|Obrażenia umiejętności arkanicznych
tal_break_elemental|Elemental Break|Elemental Break |Quebra Elemental|Пробитие элементов|元素破壞|エレメンタル ブレイク |원소 관통|Elementarbruch|Rupture élémentaire |Ruptura Elemental|Przebicie żywiołowe
tal_break_armor|Armor Break|Armor Break|Quebra de Armadura|Пробитие брони|護甲破壞|アーマーブレイク|방어구 관통|Rüstungsdurchbruch|Brise-armure |Ruptura de Armadura|Przebicie pancerza
tal_break_fire|Fire Break|Fire Break|Quebra de Fogo|Пробитие огнём|火焰破壞|火のブレイク|불 관통|Feuerdurchbruch|Brèche de feu |Ruptura de Fuego|Przebicie ognia
tal_break_cold|Cold Break|Kylmäloma|Quebra de Gelo|Пробитие холодом|冰霜破壞|氷のブレイク|냉기 관통|Kältedurchbruch|Brèche de froid |Ruptura de Frío|Przebicie zimna
tal_break_poison|Poison Break|Poison Break|Quebra de Veneno|Пробитие ядом|毒素破壞|毒のブレイク|독 관통|Giftdurchbruch|Brèche de poison |Ruptura de Veneno|Przebicie trucizny
tal_break_lightning|Lightning Break|Salamanisku|Quebra de Relâmpago|Пробитие молнией|閃電破壞|雷のブレイク|번개 관통|Blitzdurchbruch|Brèche de foudre |Ruptura de Rayo|Przebicie błyskawic
tal_break_magic|Arcane Break|Arkaaninen tauko|Quebra Arcana|Пробитие тайной магией|奧術破壞|アーケインブレイク |아케인 브레이크|Arkandurchbruch|Brèche d'arcane |Ruptura Arcana|Przebicie arkaniczne
tal_poisoned_damage|Poisoned Damage|Myrkytetty vahinko|Dano de Veneno|Урон от отравления|中毒傷害|毒のダメージ|독 데미지|Vergiftungsschaden|Dégâts d’empoisonnement |Daño de Envenenamiento|Obrażenia zatrucia
tal_burning_damage|Burning Damage|Polttava vahinko|Dano de Queimadura|Урон от горения|燃燒傷害|燃焼ダメージ|화상 데미지|Brennschaden|Dégâts de brûlure |Daño de Quemadura|Obrażenia palenia
tal_total_burning_damage|Total Burning Damage|Lopullinen Polttava Vahinko|Dano Total de Queimadura|Общий урон от горения|總燃燒傷害|合計燃焼ダメージ |총 화상 데미지|Gesamter Brandschaden|Dégâts totaux de brûlure |Daño Total de Quemadura|Całkowite obrażenia palenia
tal_bleed_damage|Bleeding Damage|Verenvuotovaurio|Dano de Sangramento|Урон от кровотечения|流血傷害|出血ダメージ|출혈 데미지|Blutungsschaden|Dégâts de saignement |Daño de Sangrado|Obrażenia krwawienia
tal_total_bleed_damage|Total Bleed Damage|Lopullinen Verenvuotovaurio|Dano Total de Sangramento|Общий урон от кровотечения|總流血傷害|出血ダメージ合計 |총 출혈 데미지|Gesamtblutungsschaden|Dégâts de saignement totaux |Daño Total de Sangrado|Całkowite obrażenia krwawienia
tal_plague_damage|Plague Damage|Ruttovaurio|Dano de Praga|Урон от чумы|瘟疫傷害|疫病ダメージ|역병 데미지|Seuchenschaden|Dégâts de peste |Daño de Plaga|Obrażenia plagi
tal_stasis_damage|Stasis Damage|Stasi-vaurio|Dano de Estase|Урон от стазиса|停滯傷害|停滞ダメージ|정체 데미지|Stasisschaden|Dégâts de stase|Daño de Estasis|Obrażenia stasis
tal_shadow_burn_damage|Shadow Burn Damage|Shadow Burn Damage|Dano de Queimadura Sombria|Урон от теневого ожога|暗影灼燒傷害|シャドウバーンダメージ|그림자 화상 데미지|Schaden durch Schattenbrand|Dégâts de brûlure d'ombre|Daño de Quemadura de Sombra|Obrażenia cienia płonącego
tal_frostbite_damage|Frostbite Damage|Paleltumavaurio|Dano de Mordida de Gelo|Урон от обморожения|凍傷傷害|凍傷ダメージ|동상 데미지|Schaden durch Frostbiss|Dégâts de gelure|Daño por Congelación|Obrażenia odmrożenia
tal_bleed_target|Damage to Bleeding Targets|Verenvuotokohteiden vauriot|Dano Contra Alvos Sangrando|Урон по кровоточащим целям|對流血目標的傷害|出血中のターゲットへのダメージ|출혈 대상에 대한 데미지|Schaden an blutenden Zielen|Dégâts sur les cibles qui saignent|Daño a Objetivos con Sangrado|Obrażenia do krwawiących celów
tal_chain_damage|Serrated Chain Damage|Sahalaitainen ketjuvaurio|Dano de Corrente Serrilhada|Урон от зазубренной цепи|鋸齒鎖鏈傷害|鋸歯状チェーンダメージ|톱니 사슬 데미지|Schaden durch gezackte Kette|Dégâts de chaîne dentelée|Daño de Cadena Dentada|Obrażenia Serrated Chain
tal_ignore_armor|Armor Ignored|Panssari huomioimatta|Armadura Ignorada|Игнорирование брони|無視護甲|アーマー無視|방어력 무시|Ignorierte Rüstung|Armure ignorée|Armadura Ignorada|Ignorowany pancerz
tal_resistance_fire|Fire Resistance|Palonkestävyys|Resistência a Fogo|Сопротивление огню|火焰抗性|火炎耐性|불 저항|Feuerresistenz|Résistance au feu|Resistencia al Fuego|Odporność na ogień
tal_resistance_cold|Cold Resistance|Kylmäkestävyys|Resistência a Gelo|Сопротивление холоду|冰霜抗性|冷気耐性|냉기 저항|Kälteresistenz|Résistance au froid|Resistencia al Frío|Odporność na zimno
tal_resistance_poison|Poison Resistance|Myrkkynkestävyys|Resistência a Veneno|Сопротивление яду|毒素抗性|毒耐性|독 저항|Giftresistenz|Résistance au poison|Resistencia al Veneno|Odporność na truciznę
tal_resistance_lightning|Lightning Resistance|Salamankestävyys|Resistência a Relâmpago|Сопротивление молнии|閃電抗性|雷耐性|번개 저항|Blitzresistenz|Résistance à la foudre|Resistencia al Rayo|Odporność na błyskawice
tal_resistance_magic|Arcane Resistance|Arkaaninen vastustuskyky|Resistência Arcana|Сопротивление тайной магии|奧術抗性|秘術耐性|아케인 저항|Arkanresistenz|Résistance aux arcanes|Resistencia Arcana|Odporność arkaniczna
tal_multicast|Multicast|Multicast |Lançamento Múltiplo|Множественное применение|多重施法|マルチキャスト|멀티캐스트|Multicast|Multicast|Multilanzamiento|Multicasting
tal_multicast_chance|Multicast chance|Multicast mahdollisuus|Chance de Lançamento Múltiplo|Шанс множественного применения|多重施法機率|マルチキャスト確率|멀티キャスト 확률|Multicast-Chance|Chances de multicast|Probabilidad de Multilanzamiento|Szansa na multicasting
tal_mana_restored|Mana Restored|Mana palautettu|Mana Restaurada|Восстановленная мана|回復魔力|マナ回復|마나 회복|Wiederhergestelltes Mana|Mana restauré|Maná Restaurado|Mana przywrócona
tal_life_to_damage|Physical Damage per 500 Life|Fyysinen vahinko 500 henkeä kohti|Dano Físico por 500 de Vida|Физический урон за каждые 500 жизни|每 500 生命值獲得物理傷害|ライフ 500 あたりの物理ダメージ|생명력 500당 물리적 ​​데미지|Physischer Schaden pro 500 Leben|Dégâts physiques tous les 500 points de vie|Daño Físico por cada 500 de Vida|Obrażenia fizyczne na 500 życia
tal_life_to_poison_damage|Poison Damage per 500 Life||Dano de Veneno por 500 de Vida|Урон от яда за каждые 500 жизни|每 500 生命值獲得毒素傷害|500ライフごとに毒ダメージ |생명력 500당 독 피해량 |Giftschaden pro 500 Leben|Dégâts de poison par tranche de 500 points de vie |Daño por veneno por cada 500 puntos de vida |Obrażenia trujące na 500 życia
tal_life_to_cold_damage|Life to Cold Damage|Elämä kylmävaurioille|Vida Convertida em Dano de Gelo|Жизнь превращается в урон от холода|生命轉為冰冷傷害|ライフから冷気ダメージ|생명력을 냉기 데미지로 전환|Leben zu Kälteschaden|Vie en dégâts de froid|Vida a Daño de Frío|Życie na obrażenia lodowe
tal_procs|Procs|Pros|Disparos|Срабатывания|觸發次數|発動|프록|Procs|Procs|Activaciones|Procy
tal_bounces|Projectile Bounces|Ammus pomppii|Ricochetes de Projéteis|Отскоки снарядов|投射物彈射|発射物の跳ね返り |투사체 튕김|Projektil-Sprünge|Rebonds de projectiles |Rebotes del Proyectil|Odbicia pocisków
tal_increased_damage_burning|Damage to Burning targets Increased by|Palavien kohteiden vauriot lisääntyneet|Dano Contra Alvos Queimando Aumentado|Урон по горящим целям повышен|對燃燒目標的傷害增加|燃焼中のターゲットへのダメージが増加|화상에걸린 대상에 대한 데미지 증가|Schaden an brennenden Zielen erhöht um|Dégâts sur les cibles en feu augmentés de|Daño a enemigos quemados aumentado un|Obrażenia do palących się celów zwiększone o
tal_increased_damage_poisoned|Damage to Poisoned targets Increased by|Myrkytettyjen kohteiden vauriot lisääntyneet|Dano Contra Alvos Envenenados Aumentado|Урон по отравленным целям повышен|對中毒目標的傷害增加|毒状態のターゲットへのダメージが増加|중독된 대상에 대한 데미지 증가|Schaden an vergifteten Zielen erhöht um|Dégâts sur les cibles empoisonnées augmentés de|Daño a enemigos envenenados aumentado un|Obrażenia do zatrutych celów zwiększone o
tal_increased_damage_plagued|Damage to Plagued targets Increased by|Vaurioituneiden kohteiden vauriot lisääntyneet|Dano Contra Alvos Infectados Aumentado|Урон по заражённым целям повышен|對瘟疫目標的傷害增加|疫病状態のターゲットへのダメージが増加|역병에 걸린 대상에 대한 데미지 증가|Schaden an geplagten Zielen erhöht um|Dégâts sur les cibles pestiférées augmentés de|Daño a enemigos con plaga aumentado un|Obrażenia do zarażonych celów zwiększone o
tal_increased_damage_frozen|Damage to Frozen targets Increased by|Jäätyneiden kohteiden vauriot lisääntyneet|Dano Contra Alvos Congelados Aumentado|Урон по замороженным целям повышен|對冰凍目標的傷害增加|凍結状態のターゲットへのダメージが増加|동결 대상에 대한 데미지 증가|Schaden an gefrorenen Zielen erhöht um|Dégâts sur les cibles gelées augmentés de|Daño a enemigos congelados aumentado un|Obrażenia do zamrożonych celów zwiększone o
tal_increased_damage_stunned|Damage to Stunned targets Increased by|Tainnutusten kohteiden vauriot lisääntyneet|Dano Contra Alvos Atordoados Aumentado|Урон по оглушённым целям повышен|對暈眩目標的傷害增加|気絶状態のターゲットへのダメージが増加|기절한 대상에 대한 데미지 증가|Schaden an betäubten Zielen erhöht um|Dégâts sur les cibles étourdies augmentés de|Daño a enemigos aturdidos aumentado un|Obrażenia do oszołomionych celów zwiększone o
tal_increased_damage_bleeding|Damage to Bleeding targets Increased by|Verenvuotokohteiden vauriot lisääntyneet|Dano Contra Alvos Sangrando Aumentado|Урон по кровоточащим целям повышен|對流血目標的傷害增加|出血状態のターゲットへのダメージが増加|출혈 대상에 대한 데미지 증가|Schaden an blutenden Zielen erhöht um|Dégâts sur les cibles saignantes augmentés de|Daño a enemigos con sangrado aumentado un|Obrażenia do krwawiących celów zwiększone o
tal_increased_damage_stasis|Damage to Stasis inflicted targets increased by|Stasiksen kohteille aiheutuneet vahingot lisääntyivät|Dano Contra Alvos em Estase Aumentado|Урон по целям под стазисом повышен|對停滯目標的傷害增加|停滞状態のターゲットへのダメージが増加|정체 상태에 걸린 대상에 대한 데미지 증가|Schaden an von Stasis betroffenen Zielen erhöht um|Dégâts sur les cibles infligées par stase augmentés de|Daño a enemigos en estasis aumentado un|Obrażenia do celów w stasis zwiększone o
tal_increased_damage_shadow_burn|Damage to Shadow Burning targets increased by|Shadow Burning -kohteiden vauriot lisääntyivät|Dano Contra Alvos com Queimadura Sombria Aumentado|Урон по целям с теневым ожогом повышен|對暗影灼燒目標的傷害增加|シャドウバーニング状態のターゲットへのダメージが増加|그림자 화상에 걸린 대상에 대한 데미지 증가|Schaden an von Schattenbrand betroffenen Zielen erhöht um|Dégâts sur les cibles infligées par les ombres augmentés de|Daño a enemigos con quemadura de sombra aumentado un|Obrażenia do cieni płonących celów zwiększone o
tal_increased_damage_serrated|Damage to Serrated Chains inflicted targets increased by|Sahalaitaisten ketjujen aiheuttamien kohteiden vauriot lisääntyivät|Dano Contra Alvos com Correntes Serrilhadas Aumentado|Урон по целям с зазубренными цепями повышен|對鋸齒鎖鏈目標的傷害增加|鋸歯状の鎖状態のターゲットへのダメージが増加|톱니 사슬에 걸린 대상에 대한 데미지 증가|Schaden an von gezackten Ketten betroffenen Zielen erhöht um|Dégâts sur les cibles infligées par les chaînes dentelées augmentés de|Daño a enemigos afectados por Cadena Dentada aumentado un|Obrażenia do celów z Serrated Chains zwiększone o
tal_increased_damage_frostbite|Damage to Frost Bitten targets increased by|Frost Bitten -kohteiden vauriot lisääntyivät|Dano Contra Alvos com Mordida de Gelo Aumentado|Урон по обмороженным целям повышен|對凍傷目標的傷害增加|凍傷状態のターゲットへのダメージが増加|동상에 걸린 대상에 대한 데미지 증가|Schaden an frostgebissenen Zielen erhöht um|Dégâts sur les cibles mordues par le gel augmentés de|Daño a enemigos con congelación aumentado un|Obrażenia do odmrożonych celów zwiększone o
tal_increased_damage_ailments|Damage to monsters with Ailments increased by||Dano Contra Monstros com Efeitos Negativos Aumentado|Урон по монстрам с негативными эффектами повышен|對帶有異常狀態的怪物傷害增加|状態異常を持つモンスターへのダメージが増加する |상태이상에 걸린 몬스터에 대한 데미지 증가|Schaden an Monstern mit Leiden erhöht um||Daño a monstruos con estados alterados aumentado un|Obrażenia do potworów z dolegliwościami zwiększone o
tal_experience_gain|Experience Gain Increased by|Kokemus lisääntynyt|Ganho de Experiência Aumentado|Получение опыта повышено|經驗值獲得增加|経験値獲得が増加|경험치 획득 증가|Erfahrungsgewinn erhöht um|Gain d'expérience augmenté de|Ganancia de Experiencia aumentada un|Zdobywanie doświadczenia zwiększone o
tal_strength|Strength Increased by|Vahvuus lisääntynyt|Força Aumentada|Сила повышена|力量增加|体力の増加|힘 증가|Stärke erhöht um|Force augmentée de|Fuerza aumentada en|Siła zwiększona o
tal_vitality|Vitality Increased by|Elinvoimaisuus lisääntynyt|Vitalidade Aumentada|Живучесть повышена|體力增加|生命力の増加|활력 증가|Vitalität erhöht um|Vitalité augmentée de|Vitalidad aumentada en|Witalność zwiększona o
tal_command|Command Summons and Mercenary|Command Summons ja Mercenary|Comandar Invocados e Mercenário|Управление призванными и наёмником|指揮召喚物與傭兵|召喚と傭兵の命令|명령 소환 및 용병|Beschwörungen und Söldner befehligen|Invocations de commandement et mercenaire|Comandar Invocaciones y Mercenario|Dowodzenie przywołaniami i najemnikiem
tal_effectiveness|Effectiveness|Tehokkuus|Efetividade|Эффективность|效果|有効性|효과|Effektivität|Efficacité|Efectividad|Skuteczność
tal_projectile_speed|Projectile Speed Increased by|Ammusnopeus lisääntynyt|Velocidade dos Projéteis Aumentada|Скорость снарядов повышена|投射物速度增加|発射速度が増加|투사체 속도 증가|Projektilgeschwindigkeit erhöht um|Vitesse du projectile augmentée de|Velocidad de Proyectiles aumentada un|Prędkość pocisków zwiększona o
tal_orbital_speed|Orbital Speed increased by||Velocidade Orbital Aumentada|Скорость орбитальных снарядов повышена|環繞速度增加|軌道速度が増加 |궤도 속도가 증가함 |Die Orbitalgeschwindigkeit wurde erhöht um|Vitesse orbitale augmentée de |La velocidad orbital aumentó en |Prędkość orbitalna zwiększona o
tal_damage_per_enemy|Damage per hit Increased by|Vahinko osumaa kohti lisääntynyt|Dano por Acerto Aumentado|Урон за удар повышен|每次擊中傷害增加|ヒットごとのダメージが増加|타격당 데미지 증가|Schaden pro Treffer erhöht um|Dégâts par coup augmentés de|Daño por golpe aumentado un|Obrażenia na uderzenie zwiększone o
tal_rabies|Rabies|Raivotauti|Raiva|Бешенство|狂犬病|狂犬病|광견병|Tollwut|Rage|Rabia|Wścieklizna
tal_summon_damage|Summon Damage|Summo Damage|Dano de Invocação|Урон от призыва|召喚物傷害|召喚ダメージ|소환수 데미지|Beschwörungsschaden|Dégâts d'invocation|Daño de Invocación|Obrażenia przywołań
tal_target_defense|Ignore Target Defense|Ohita Target Defense |Ignorar Defesa do Alvo|Игнорирование защиты цели|無視目標防禦|ターゲット防御を無視|대상 방어구 무시|Zielverteidigung ignorieren|Ignorer la défense de la cible|Ignora la Defensa del Objetivo|Ignorowanie obrony celu
tal_enemy_damage_dealt|Enemy Damage Reduced by|Enemy Damage vähennetty|Dano dos Inimigos Reduzido|Урон врагов снижен|降低敵人傷害|敵のダメージが減少|적 데미지 감소|Feindlicher Schaden reduziert um|Dégâts ennemis réduits de|Daño de Enemigos Reducido un|Obrażenia wroga zmniejszone o
tal_chance|Chance|Mahdollisuus|Chance|Шанс|機率|確率|기회|Chance|Chance|Probabilidad|Szansa
tal_oil_spills|Oil Spills|Öljypäästöt|Poças de Óleo|Масляные лужи|潑灑石油|オイル流出|기름 유출|Ölverschmutzungen|Déversements d'huile|Derrames de Aceite|Plamy oleju
tal_shrapnel|Shrapnel|Sirpaleet|Estilhaços|Осколки|彈片|破片|파편|Schrapnell|Éclats d'obus|Metralla|Shrapnel
tal_energy_to_magic_damage|Energy converted to Magic Damage|Energia muunnetaan Magic Damageksi|Energia Convertida em Dano Mágico|Энергия превращается в магический урон|能量轉化為魔法傷害|エネルギーを魔法ダメージに変換|에너지를 마법 데미지로 전환|In magischen Schaden umgewandelte Energie|Énergie convertie en dégâts magiques|Energía convertida en Daño Mágico|Energia konwertowana na obrażenia magiczne
tal_diminish_reduced|Landing Diminish Reduced|Laskeutumista vähennetään|Redução de Lentidão ao Pousar Diminuída|Снижение замедления при приземлении уменьшено|落地後搖減少|着地減少|착지 딜레이 감소|Landungsverringerung reduziert|Diminution d'atterrissage réduite|Reduce la Disminución de Efecto|Zmniejszone osłabienie lądowania
tal_conversion|Conversion|Muuntaminen|Conversão|Превращение|轉化|変換|전환|Umwandlung|Conversion|Conversión|Konwersja
tal_slashes|Slashes|Viiltoja|Golpes Cortantes|Рубящие удары|劈砍|斬撃|베기|Schnitte|Entailles|Cuchilladas|Cięcia
tal_ricochet_chance|Ricochet Chance|Ricochet mahdollisuus|Chance de Ricochete|Шанс рикошета|跳彈機率|跳弾確率|도탄 기회|Abpraller-Chance|Chance de ricochet|Probabilidad de Rebote|Szansa na rykoszet
tal_disorientation_level|Disorientation Level|Suuntahäiriön taso|Nível de Desorientação|Уровень дезориентации|迷惑等級|混乱レベル|혼란 레벨|Desorientierung Level|Désorientation Niveau|Nivel de Desorientación|Poziom dezorientacji
tal_extra_totems|Extra Totems|Ylimääräisiä toteemeja|Totens Extras|Дополнительные тотемы|額外圖騰|追加トーテム|추가 토템|Zusätzliche Totems|Totems supplémentaires|Tótems Adicionales|Dodatkowe totemy
tal_extra_summons|Extra Summons|Ylimääräinen kutsu|Invocados Extras|Дополнительные призванные|額外召喚物|追加召喚|추가 소환수|Zusätzliche Beschwörungen|Invocations supplémentaires|Invocaciones Adicionales|Dodatkowe przywołania
tal_proc_chance|Proc Chance|Proc Chance|Chance de Disparo|Шанс срабатывания|觸發機率|発動確率|프록 기회|Proc-Chance|Chances de déclenchement|Probabilidad de Activación|Szansa na proc
tal_fork_chance|Chance to fork on hit|||Шанс раздвоиться при ударе|擊中時分裂的機率||명중 시 분열 확률|||Probabilidad de Bifurcar al Impactar|
tal_shrine_effect|Shrine Effects|Shrine Effects|Efeitos de Santuário|Эффекты святилищ|神殿效果|神殿効果|제단 효과|Schreineffekte|Effets de sanctuaire|Efectos de Santuario|Efekty ołtarza
tal_cold_conversion|Conversion to Cold|Muunnos kylmään|Conversão para Gelo|Превращение в холод|轉化為冰霜|冷気への変換|냉기로 변환|Umwandlung in Kälte|Conversion en froid|Conversión a Frío|Konwersja na zimno
tal_arcane_conversion|Conversion to Arcane|Muunnos Arcaneksi|Conversão para Arcano|Превращение в тайную магию|轉化為奧術|秘術への変換|아케인으로 변환|Umwandlung in Arkan|Conversion en arcane|Conversión a Arcano|Konwersja na arkaniczne
tal_fire_conversion|Conversion to Fire|Muuntaminen Fireksi|Conversão para Fogo|Превращение в огонь|轉化為火焰|火への変換|불로 변환|Umwandlung in Feuer|Conversion en feu|Conversión a Fuego|Konwersja na ogień
tal_poison_conversion|Conversion to Poison|Muunnos Poisoniksi|Conversão para Veneno|Превращение в яд|轉化為毒素|毒への変換|독으로 변환|Umwandlung in Gift|Conversion en poison|Conversión a Veneno|Konwersja na truciznę
tal_lightning_conversion|Conversion to Lightning|Muuntaminen Lightningiin|Conversão para Relâmpago|Превращение в молнию|轉化為閃電|雷への変換|번개로 변환|Umwandlung in Blitz|Conversion en foudre|Conversión a Rayo|Konwersja na błyskawice
tal_lucky_number|Lucky Number|Onnennumero|Número da Sorte|Счастливое число|幸運數字|幸運の数字|행운의 숫자|Glückszahl|Numéro porte-bonheur|Número de la Suerte|Szczęśliwa liczba
tal_barrels|Barrels|Tynnyrit|Barris|Бочки|木桶|樽|통|Fässer|Barils|Barriles|Beczki
tal_waves|Waves|Aallot|Ondas|Волны|波次|波|파도|Wellen|Vagues|Oleadas|Fale
tal_shouts|Shouts|Huudot|Gritos|Крики|喊叫聲|叫び|소리|Rufe|Cris|Gritos|Krzyki
tal_swings|Swings|Keinut|Golpes|Взмахи|揮擊|スイング|휘두르기|Schwünge|Balançoires|Mandobles|Zamachy
tal_execute|Execute below|Suorita alla|Executar Abaixo de|Добивание ниже|斬殺血量低於|以下で処刑|아래를 실행|Unterhalb ausführen|Exécuter ci-dessous|Ejecutar por debajo del|Egzekucja poniżej
tal_damage_stored|Damage Stored|Vauriot tallennettu|Dano Armazenado|Накопленный урон|儲存傷害|蓄積されたダメージ|저장된 데미지|Gespeicherter Schaden|Dégâts stockés|Daño Almacenado|Zmagazynowane obrażenia
tal_trails|Trails|Polut|Rastros|Следы|痕跡|軌跡|흔적|Spuren|Tracées|Estelas|Ślady
tal_stat_increase|Stat Increase|Tilan lisäys|Aumento de Atributo|Повышение характеристики|屬性增加|ステータス増加|능력치 증가|Stat-Erhöhung|Augmentation des statistiques|Aumento de Atributo|Zwiększenie statu
tal_extra_stacks|Extra Stacks|Ylimääräiset pinot |Acúmulos Extras|Дополнительные заряды|額外層數|追加スタック|추가 스택|Zusätzliche Stapel|Cumules supplémentaires|Acumulaciones Adicionales|Dodatkowe stacki
tal_hit_frequency|Hit Frequency|Osumataajuus|Frequência de Acerto|Частота ударов|擊中頻率|ヒット頻度|공격 빈도|Trefferhäufigkeit|Fréquence de coup|Frecuencia de Golpe|Częstotliwość trafień
tal_chains|Chains|Ketjut|Correntes|Цепи|連鎖|チェーン|사슬|Ketten|Chaînes|Cadenas|Łańcuchy
tal_additional_summons|Additional Summons|Lisäkutsu|Invocados Adicionais|Дополнительные призванные|額外召喚物|追加召喚|추가 소환수|Zusätzliche Beschwörungen|Invocations supplémentaires|Invocaciones Adicionales|Dodatkowe przywołania
tal_max_life_damage|Damage Based on Life|Elämään perustuva vahinko|Dano Baseado na Vida|Урон на основе жизни|基於生命的傷害|ライフに基づくダメージ|생명력에 따른 데미지|Schaden basierend auf Leben|Dégâts basés sur la vie|Daño basado en la Vida|Obrażenia na podstawie życia
tal_frequency|Frequency|Taajuus|Frequência|Частота|頻率|頻度|빈도|Häufigkeit|Fréquence|Frecuencia|Częstotliwość
tal_burning_frequency|Burning Frequency|||Частота горения|燃燒頻率||화상 빈도|||Frecuencia de Quemaduras|
tal_aoe_decreased|Area of Effect decreased by|Vaikutusalue pieneni|Área de Efeito Reduzida|Радиус по площади снижен|範圍效果減少|効果範囲減少|영향 영역 감소|Wirkungsbereich verringert um|Zone d'effet diminuée de|Área de Efecto reducida un|Obszar efektu zmniejszony o
tal_damage_taken_increased|Damage Taken Increased by|Tehdyt vahingot lisääntyneet|Dano Recebido Aumentado|Получаемый урон повышен|承受傷害增加|受けるダメージ増加|입는 데미지 증가|Erlittener Schaden erhöht um|Dégâts subis augmentés de|Daño Recibido aumentado un|Otrzymane obrażenia zwiększone o
tal_permafrost|Permafrost Damage|Ikiroudan vauriot|Dano de Permafrost|Урон от вечной мерзлоты|永久凍土傷害|永久凍土ダメージ減少|영구 동토 데미지|Permafrostschaden|Dégâts du pergélisol|Daño de Permafrost|Obrażenia Permafrost
tal_movement_diminish|Reduced Movement Diminish|Vähentynyt liike vähenee|Redução de Lentidão de Movimento Diminuída|Снижение замедления движения уменьшено|移動衰減減少|移動減少|감소된 이동 감소|Verringerte Bewegungsverringerung|Déplacement réduit diminué|Reducción de la Disminución de Movimiento|Zmniejszone osłabienie ruchu
tal_reduction|Reduction|Vähentäminen|Redução|Снижение|減少|減少|감소|Reduzierung|Réduction|Reducción|Redukcja
tal_pull_strength|Pull Strength|Vetovoima|Força de Puxão|Сила притяжения|拉扯強度|引き寄せ力減少|당기기 강도|Zugstärke|Force de traction|Fuerza de Atracción|Siła przyciągania
tal_spin_speed|Spinning Speed|Pyörimisnopeus|Velocidade de Giro|Скорость вращения|旋轉速度|回転速度|회전 속도|Drehgeschwindigkeit|Vitesse de rotation|Velocidad de Giro|Prędkość wirowania
tal_corpses|Corpses|Ruumiita|Cadáveres|Трупы|屍體|死体|시체|Leichen|Corps|Cadáveres|Trupy
tal_electrified|Electrified|Sähköistetty|Eletrizado|Электризация|帶電|感電|전기화|Elektrisiert|Électrifié|Electrificado|Elektryfikowane
tal_resets|Resets|Nollaa|Reinícios|Сбросы|重置|リセット|재설정|Zurücksetzungen|Réinitialisations|Reinicios|Resetuje
tal_damage_multiplied|Damage Multiplied by|Vahinko kerrottuna|Dano Multiplicado por|Урон умножается на|傷害倍率|ダメージ乗算|데미지 증가|Schaden multipliziert um|Dégâts multipliés par|Daño Multiplicado por|Obrażenia pomnożone przez
tal_stacks|Stacks|Pinot|Acúmulos|Заряды|層數|スタック|스택|Stapel|Cumules|Acumulaciones|Stacki
tal_boss_damage|Damage to Bosses increased by|Pomoille aiheutuneet vahingot lisääntyivät|Dano Contra Chefes Aumentado|Урон по боссам повышен|對首領的傷害增加|ボスへのダメージ増加|보스에 대한 데미지 증가|Schaden an Bossen erhöht um|Dégâts aux boss augmentés de|Daño a Jefes aumentado un|Obrażenia do bossów zwiększone o
tal_layer|Layers|Kerrokset|Camadas|Слои|層數|レイヤー|계층|Schichten|Couches|Capas|Warstwy
tal_loot_amount|Loot Amount increased by|Saalismäärä kasvoi|Quantidade de Saque Aumentada|Количество добычи повышено|戰利品數量增加|戦利品量増加|전리품 양 증가|Beutemenge erhöht um|Quantité de butin augmentée de|Cantidad de Botín aumentada un|Ilość łupu zwiększona o
tal_drop_chance|Drop Chance increased by|Pudotuksen mahdollisuus kasvoi|Chance de Queda Aumentada|Шанс выпадения повышен|掉落機率增加|ドロップ確率増加|드랍 확률 증가|Drop-Chance erhöht um|Chances de butin augmentées de|Probabilidad de Obtención aumentada un|Szansa na drop zwiększona o
tal_spawn_chance|Spawn Chance increased by|Spawn Chance kasvoi|Chance de Surgimento Aumentada|Шанс появления повышен|生成機率增加|スポーン確率増加|스폰 확률 증가|Spawn-Chance erhöht um|Chances d'apparition augmentées de|Probabilidad de Aparición aumentada un|Szansa na spawn zwiększona o
tal_armor|Armor increased by|Panssari kasvoi|Armadura Aumentada|Броня повышена|護甲增加|アーマー増加|방어구 증가|Panzerung erhöht um|Armure augmentée de|Armadura aumentada un|Pancerz zwiększony o
tal_per_point_mana|Per Point of Mana|Per Point of Mana|Por Ponto de Mana|За каждое очко маны|每點魔力|マナ1ポイントあたり|마나 포인트당|Pro Manapunkt|Par point de mana|Por Punto de Maná|Na punkt many
tal_ring_effect|Ring Effectiveness increased by|Renkaan tehokkuus parani|Efetividade do Anel Aumentada|Эффективность кольца повышена|戒指效果增加|リング効果急速起動の確率が|반지 효과 증가|Ring-Effektivität erhöht um|Efficacité de l'anneau augmentée de|Efectividad de Anillo aumentada un|Skuteczność pierścienia zwiększona o
tal_activation_time|Chance for Rapid Activation|Mahdollisuus nopeaan aktivointiin |Chance de Ativação Rápida|Шанс быстрой активации|快速啟動機率|増加 |빠른 활성화를 위한 기회|Chance auf schnelle Aktivierung|Chances d'activation rapide |Probabilidad de Activación Rápida|Szansa na szybką aktywację
tal_per_mana|Maximum Mana divided by|Suurin mana jaettuna |Mana Máxima Dividida por|Максимальная мана делится на|最大魔力除以|最大マナを |최대 마나를 나눈 값|Maximales Mana geteilt durch|Mana maximum divisé par |Maná Máximo dividido por|Maksymalna mana podzielona przez
tal_accuracy|Accuracy|Tarkkuus|Precisão|Точность|精準度|正確さ |정확도|Genauigkeit|Précision |Precisión|Celność
tal_life_conversion|Life Converted to Damage|Elämä muutettu vahingoksi|Vida Convertida em Dano|Жизнь превращается в урон|生命轉為傷害|ライフをダメージに変換 |생명력이 데미지로 전환됨|Leben in Schaden umgewandelt|La vie transformée en dégâts |Vida Convertida en Daño|Życie konwertowane na obrażenia
tal_stats|Stats|Tilastot|Atributos|Характеристики|屬性|ステータス|스탯|Statistiken|Statistiques|Atributos|Statystyki
tal_extra_loot|Extra Loot Amount|Ylimääräinen saalismäärä|Quantidade Extra de Saque|Дополнительное количество добычи|額外戰利品數量|追加戦利品数|추가 전리품 양|Zusätzliche Beutemenge|Butin supplémentaire|Cantidad de Botín Adicional|Dodatkowa ilość łupu
tal_weapon_restrictions|Weapon Restrictions Reduced by|Aserajoituksia alennettu|Restrições de Arma Reduzidas|Ограничения оружия снижены|武器限制減少|武器制限の減少|무기 제안 감소|Waffenbeschränkungen reduziert um|Restrictions d'armes réduites de|Restricciones de Arma Reducidas un|Ograniczenia broni zmniejszone o
tal_ripple_damage|Ripple Damage|Aaltoiluvaurio|Dano de Ondulação|Урон от ряби|波紋傷害|波及ダメージ|잔물결 피해|Wellenschaden|Dégâts d'entraînement|Daño de Onda|Obrażenia Ripple
tal_burning_max_life|Burning based on max life|Polttaminen perustuu maksimikäyttöikään|Queimadura Baseada na Vida Máxima|Горение на основе максимальной жизни|基於最大生命的燃燒|最大ライフに基づく燃焼|최대 생명력에 따라 화상|Brennen basierend auf maximalem Leben|Brûlures basées sur la vie maximale|Quemadura basada en la vida máxima|Palenie na podstawie maksymalnego życia
tal_consequent_critical_chance|Consequent Critical Chance|Seurauksena oleva kriittinen mahdollisuus|Chance de Crítico Consecutivo|Шанс последовательных критических ударов|連續暴擊機率|クリティカル発生率|결과적인 치명타 확률|Konsequente kritische Trefferchance|Chances de critique conséquentes|Probabilidad de Crítico Consecutivo|Kolejna szansa na krytyczne
tal_explosion_delay|Explosion Delay Reduced by|Räjähdysviivettä vähennetty |Atraso da Explosão Reduzido|Задержка взрыва снижена|減少的爆炸延遲|爆発遅延の減少 |폭발 지연 시간 감소 |Explosionsverzögerung reduziert um|Délai d'explosion réduit de |Retraso de Explosión reducido un|Opóźnienie wybuchu zmniejszone o
tal_maximum_critical_damage|Maximum Critical Damage||Dano Crítico Máximo|Максимальный урон от критического удара|最大暴擊傷害|最大クリティカルダメージ|최대 크리티컬 데미지|Maximaler kritischer Schaden|Dégâts critiques maximum|Daño crítico máximo|Maksymalne obrażenia krytyczne
tal_jagged_damage|Jagged Gauntlet Damage||Dano da Manopla Serrilhada|Урон от зазубренной перчатки|鋸齒手套傷害|ギザギザガントレットのダメージ|재기드 건틀렛 데미지|Schaden des gezackten Handschuhs|Dégâts du gantelet dentelé|Daño del guantelete dentado|Obrażenia Jagged Gauntlet
tal_rolls|Additional Rolls||Rolagens Adicionais|Дополнительные броски|額外骰擲次數|追加ロール|추가 굴림|Zusätzliche Würfe|Lancements supplémentaires|Tiradas adicionales|Dodatkowe rzuty
tal_drop_rate|Drop Rate Increased by||Taxa de Queda Aumentada|Шанс выпадения повышен|掉落率增加|ドロップ率増加|드랍률 증가|Droprate erhöht um|Taux de chute augmenté de |Tasa de caída aumentada en |Szansa na drop zwiększona o
tal_spirits_presence|Spirit´s Presence Buff||Buff da Presença do Espírito|Бафф присутствия духа|靈魂存在增益|精霊の存在感バフ|정령의 존재 버프|Buff „Geistpräsenz“|Bonus de présence spirituelle|Mejora de Presencia Espiritual|Buff Obecności Ducha
tal_overcap_mspeed_attack_damage|Added as Attack Damage||Adicionado como Dano de Ataque|Добавляется как урон от атаки|轉為攻擊傷害|攻撃ダメージとして追加|공격 피해로 추가|Zusätzlicher Angriffsschaden|Ajouté aux dégâts d'attaque|Añadido como daño de ataque|Dodane jako obrażenia ataku
tal_overcap_mspeed_skill_damage|Added as Magic Skill Damage||Adicionado como Dano de Habilidades Mágicas|Добавляется как урон от магических навыков|轉為魔法技能傷害|魔法スキルダメージとして追加|마법 스킬 피해로 추가|Zusätzlicher Magieschaden|Ajouté aux dégâts de compétence magique|Añadido como daño de habilidad mágica|Dodane jako obrażenia umiejętności magicznych
tal_damage_return_emmitted|Damage Return Emmitted||Devolução de Dano Emitida|Возврат урона испускается|發射傷害反彈|ダメージリターン発生|피해 반격|Zurückgeworferner Schaden verteilt|Dégâts renvoyés|Daño de retorno emitido|Zwrot obrażeń emitowany
tal_buff_duration_increased|Buff Duration Increased by||Duração do Buff Aumentada|Длительность баффа повышена|增益持續時間增加|バフ持続時間増加|버프 지속 시간 증가|Buff-Dauer erhöht um|Durée du bonus augmentée de|Duración de la mejora aumentada|Czas trwania buffa zwiększony o
tal_debuff_duration_decreased|Debuff Duration decreased by||Duração do Debuff Reduzida|Длительность дебаффа снижена|減益持續時間減少|デバフ持続時間減少|디버프 지속 시간 감소|Debuff-Dauer verringert um|Durée du malus réduite de|Duración de la desventaja disminuida|Czas trwania debuffa zmniejszony o
tal_deadly_blow|Chance to deal a Deadly Blow||Chance de Causar um Golpe Mortal|Шанс нанести смертельный удар|造成致命一擊機率|致命的な一撃を与える確率|치명타 확률 증가|Chance auf einen tödlichen Schlag|Chance d'infliger un coup fatal|Probabilidad de asestar un golpe mortal|Szansa na zadanie śmiertelnego ciosu
tal_deadly_blow_effectiveness|Deadly Blow Effectiveness||Efetividade do Golpe Mortal|Эффективность смертельного удара|致命一擊效果|致命的な一撃の効果|치명타 효과 증가|Effektivität des tödlichen Schlags|Efficacité du coup fatal|Efectividad del golpe mortal|Skuteczność śmiertelnego ciosu
tal_rage_stack|Maximum Rage stacks||Máximo de Acúmulos de Fúria|Максимум зарядов ярости|最大怒氣層數|怒りスタック最大数|최대 분노 중첩 수|Maximale Wutstapel|Nombre maximal de cumuls de rage|Máximo de acumulaciones de Furia|Maksymalna liczba stacków wściekłości
tal_jump_ignore_terrain|Terrain Ignored||Terreno Ignorado|Игнорирование ландшафта|無視地形|地形無視|지형 무시|Gelände ignoriert|Terrain ignoré|Terreno ignorado|Ignorowanie terenu
tal_ailment_damage|Ailment damage increased by||Dano de Efeitos Negativos Aumentado|Урон от негативных эффектов повышен|異常狀態傷害增加|状態異常ダメージ増加|상태 이상 피해 증가|Leidensschaden erhöht um|Dégâts des altérations d'état augmentés de|Daño de dolencia aumentado|Obrażenia dolegliwości zwiększone o
tal_max_pillars|Maximum Pillars||Máximo de Pilares|Максимум столбов|最大柱子數量|柱最大数|최대 기둥 수|Maximale Anzahl Säulen|Nombre maximal de piliers|Máximo de pilares|Maksymalna liczba filarów
tal_wooden_airplanes|Wooden Airplanes||Aviões de Madeira|Деревянные самолёты|木製飛機|木製飛行機|목조 비행기|Holzflugzeuge|Avions en bois|Aviones de madera|Drewniane samoloty
tal_motorcycle_riders|Motorcycle Riders||Pilotos de Motocicleta|Водители мотоциклов|摩托車騎士|オートバイライダー |오토바이 운전자 |Motorradfahrer|Motards |Motociclistas |Motocykliści
tal_gathering_storm_damage|Gathering Storm damage||Dano de Gathering Storm|Урон от собирающейся бури|聚集風暴傷害|ギャザリング・ストームのダメージ|개더링 스톰 데미지|Schaden durch „Aufziehender Sturm“|Dégâts de Tempête montante|Daño de Tormenta Inminente|Obrażenia od Gathering Storm
tal_nova_arrows|Nova Arrows||Flechas Nova|Нова Эрроуз|新星之箭|ノヴァ・アロー|노바 화살|Nova-Pfeile|Flèches Nova|Nova de Flechas|Strzały Nova
tal_multishot_projectiles|Multishot Projectiles||Projéteis de Multishot |Мультивыстрел|多重射擊投射物|マルチショットの投射物 |멀티샷 투사체|Mehrfachschuss-Projektile |Projectiles de Tir multiple |Proyectiles de Multidisparo|Pociski z Multishota
|||||||||||
[Buff Tooltips]|||||||||||
buff_heat|Heat||Calor|Жара|熱量|ヒート|열|Hitze|Chaleur |Calor |Ciepło
buff_attack_damage|Attack Damage Increased by|Attack Damage lisääntynyt|Dano de Ataque Aumentado|Урон от атаки повышен|攻擊傷害增加|攻撃ダメージ増加|공격력 증가|Angriffsschaden erhöht um|Dégâts d'attaque augmentés de |Daño de Ataque aumentado un|Obrażenia ataku zwiększone o
buff_attack_speed|Attack Speed Increased by|Hyökkäysnopeus lisääntynyt|Velocidade de Ataque Aumentada|Скорость атаки повышена|攻擊速度增加|攻撃速度増加|공격 속도 증가|Angriffsgeschwindigkeit erhöht um|Vitesse d'attaque augmentée de |Velocidad de Ataque aumentada un|Szybkość ataku zwiększona o
buff_attack_rating|Attack Rating Increased by|Hyökkäysluokitus nousi|Precisão de Ataque Aumentada|Точность атаки повышена|攻擊命中率增加|攻撃レーティング増加|명중률 증가|Angriffswertung erhöht um|Niveau d'attaque augmenté de |Puntería aumentada en|Celność ataku zwiększona o
buff_movement_speed|Movement Speed Increased by|Liikenopeus lisääntynyt|Velocidade de Movimento Aumentada|Скорость передвижения повышена|移動速度增加|移動速度増加|이동 속도 증가|Bewegungsgeschwindigkeit erhöht um|Vitesse de marche/course augmentée de |Velocidad de Movimento aumentada un|Prędkość ruchu zwiększona o
buff_movement_speed_reduced|Movement Speed Decreased by|Liikenopeus vähentynyt|Velocidade de Movimento Reduzida|Скорость передвижения снижена|移動速度降低|移動速度減少|이동 속도 감소|Bewegungsgeschwindigkeit verringert um|||Prędkość ruchu zmniejszona o
buff_defense|Defense Increased by|Puolustus lisääntynyt|Defesa Aumentada|Защиta повышена|防禦增加|防御増加|방어구 증가|Verteidigung erhöht um|Défense augmentée de |Defensa aumentada un|Obrona zwiększona o
buff_life|Life Increased by|Elinikä lisääntynyt|Vida Aumentada|Жизнь повышена|生命增加|ライフ増加|생명력 증가|Leben erhöht um|Vie augmentée de |Vida aumentada en|Życie zwiększone o
buff_mana|Mana Increased by|Mana lisääntynyt|Mana Aumentada|Мана повышена|魔力增加|マナ増加|마나 증가|Mana erhöht um|Mana augmenté de |Maná aumentado en|Mana zwiększona o
buff_life_steal|Life Steal per hit|Life Steal per osuma|Roubo de Vida por Acerto|Кража жизни за удар|每次擊中生命偷取|ヒットごとのライフスティール|타격당 생명력 흡수|Lebensraub pro Treffer|Vol de vie par coup |Robo de Vida por golpe|Kradzież życia na uderzenie
buff_mana_steal|Mana Steal per hit|Mana Steal per osuma|Roubo de Mana por Acerto|Кража маны за удар|每次擊中魔力偷取|ヒットごとのマナスティール|타격당 마나 흡수|Manaraub pro Treffer|Vol de mana par coup |Robo de Maná por golpe|Kradzież many na uderzenie
buff_life_replenish|Life Replenish by|Life Replenish by|Recuperação de Vida|Восстановление жизни|生命回復|ライフ補充|생명력 회복|Lebensregeneration um|Régénération de vie de |Regeneración de Vida aumentada en|Odnawianie życia o
buff_mana_replenish|Mana Replenish by|Mana Replenish by|Recuperação de Mana|Восстановление маны|魔力回復|マナ補充|마나 회복|Manaregeneration um|Régénération de mana de |Regeneración de Maná aumentada en|Odnawianie many o
buff_magic_damage_reduction|Magic Damage taken reduced by|Magic Damage vähennetty|Dano Mágico Recebido Reduzido|Снижение магического урона|魔法傷害減免|受ける魔法ダメージ減少|받는 마법 데미지 감소|Erlittener Magieschaden reduziert um|Dégâts magiques subis réduits de |Daño Mágico recibido reducido un|Otrzymane obrażenia magiczne zmniejszone o
buff_physical_damage_reduction|Physical Damage taken reduced by|Fyysiset vahingot vähennetty|Dano Físico Recebido Reduzido|Снижение физического урона|物理傷害減免|受ける物理ダメージ減少|받는 물리 데미지 감소|Erlittener physischer Schaden reduziert um|Les dégâts physiques subis sont réduits par |El daño físico sufrido se reduce por |Otrzymane obrażenia fizyczne zmniejszone o
buff_damage_reduction|Damage taken reduced by|Korvattu vahinko vähennetty|Dano Recebido Reduzido|Снижение урона|傷害減免|受けるダメージ減少|받는 데미지 감소|Erlittener Schaden reduziert um|Dégâts subis réduits de |Daño recibido reducido un|Otrzymane obrażenia zmniejszone o
buff_damage_taken_mana|Damage taken converted into mana|Vahinko muutettu manaksi|Dano Recebido Convertido em Mana|Полученный урон превращается в ману|承受的傷害轉為魔力|受けるダメージをマナに変換|받는 데미지가 마나로 전환|Erlittener Schaden in Mana umgewandelt|Dégâts subis sont convertis en mana |El daño recibido se convierte en Maná|Otrzymane obrażenia przekonwertowane na manę
buff_cast_rate|Cast Rate Increased by|Cast Rate lisääntynyt|Taxa de Conjuração Aumentada|Скорость чтения заклинаний повышена|施法速度增加|キャスト率増加|시전 속도 증가|Zauberrate erhöht um|Vitesse des sorts augmentée de |Velocidad de Lanzamiento aumentada un|Szybkość rzucania zwiększona o
buff_immortality|Immortality|Kuolemattomuus|Imortalidade|Бессмертие|不朽|不死|불멸|Unsterblichkeit|Invulnérable|Inmortalidad|Nieśmiertelność
buff_freeze|Freeze Duration|Jäädytyksen kesto|Duração da Congelamento|Длительность заморозки|冰凍持續時間|凍結持続時間|동결 지속 시간|Einfrierdauer|Durée du gel |Duración de Congelación|Czas zamrożenia
buff_slow|Slow Duration|Hidas kesto |Duração do Lentidão|Длительность замедления|緩速持續時間|スロウ持続時間|슬로우 지속 시간|Verlangsamungsdauer|Durée de ralentissement |Duración de Ralentización|Czas spowolnienia
buff_dodge|Dodge Increased by|Dodge lisääntynyt|Esquiva Aumentada|Уклонение повышено|閃避增加|回避増加|회피 증가|Ausweichen erhöht um|Esquiver et augmenter de |Esquivar Incrementado en |Unik zwiększony o
buff_stun|Stun Duration|Tainnutuksen kesto|Duração do Atordoamento|Длительность оглушения|暈眩持續時間|スタン持続時間|기절 지속 시간|Betäubungsdauer|Durée de l'étourdissement |Duración de Aturdimiento|Czas ogłuszenia
buff_damage_return|Damage Returned to attacker|Vahinko palautettu hyökkääjälle|Dano Devolvido ao Atacante|Урон возвращается атакующему|反彈傷害給攻擊者|攻撃者へのダメージ返還|공격자에게 반환되는 데미지|An Angreifer zurückgegebener Schaden|Dégâts renvoyés à l'attaquant |Daño devuelto al atacante|Obrażenia zwrócone atakującemu
buff_strength|Strength Increased by|Vahvuus lisääntynyt|Força Aumentada|Сила повышена|力量增加|筋力増加|힘 증가|Stärke erhöht um|Force augmentée de |Fuerza aumentada en|Siła zwiększona o
buff_dexterity|Dexterity Increased by|Kätevyys lisääntynyt|Destreza Aumentada|Ловкость повышена|敏捷增加|器用さ増加|민첩성 증가|Geschicklichkeit erhöht um|Dextérité augmentée de |Destreza aumentada en|Zręczność zwiększona o
buff_energy|Energy Increased by|Energiaa lisätty|Energia Aumentada|Энергия повышена|能量增加|エネルギー増加|에너지 증가|Energie erhöht um|Énergie augmentée de |Energía aumentada en|Energia zwiększona o
buff_armor|Armor Increased by|Panssari lisätty|Armadura Aumentada|Броня повышена|護甲增加|アーマー増加|방어력 증가|Rüstung erhöht um|Armure augmentée de |Armadura aumentada en|Pancerz zwiększony o
buff_vitality|Vitality Increased by|Elinvoimaisuus lisääntynyt|Vitalidade Aumentada|Живучесть повышена|體力增加|バイタリティ増加|활력 증가|Vitalität erhöht um|Vitalité augmentée de |Vitalidad aumentada en|Witalność zwiększona o
buff_experience_gain|Experience Gained Increased by|Saatu kokemus lisääntynyt|Ganho de Experiência Aumentado|Получение опыта повышено|經驗值獲得增加|獲得経験値増加|경험치 획득 증가|Erworbene Erfahrung erhöht um|Expérience gagnée augmentée de |Experiencia ganada aumentada un|Zdobywanie doświadczenia zwiększone o
buff_magic_find|Magic Find Increased by|Magic Find lisääntynyt|Chance de Itens Mágicos Aumentada|Магическая находка повышена|物品稀有度增加|魔法発見増加|마법 아이템 발견 확률 증가|Magie Fund erhöht um|Découverte d'objets magiques augmentée de |Hallazgo Mágico aumentado un|Szansa na magiczne przedmioty zwiększona o
buff_extra_gold|Extra Gold from kills|Ylimääräistä kultaa tappoista|Ouro Extra de Mortes|Дополнительное золото с убийств|擊殺獲得額外金幣|キルによる追加ゴールド|킬로 얻는 추가 골드|Zusätzliches Gold durch Kills|Or supplémentaire grâce aux éliminations |Oro extra por eliminaciones |Dodatkowe złoto z zabójstw
buff_all_skills|All Skills Increased by|Kaikki taidot lisääntyneet|Todas as Habilidades Aumentadas|Все навыки повышены|所有技能增加|全スキル増加|모든 스킬 증가|Alle Fertigkeiten erhöht um|Toutes les compétences augmentées de |Todas las Habilidades aumentadas en|Wszystkie umiejętności zwiększone o
buff_additive_physical_damage|Physical Damage Increased by|Fyysiset vauriot lisääntyneet|Dano Físico Aumentado|Физический урон повышен|物理傷害增加|物理ダメージ増加|물리 데미지 증가|Physischer Schaden erhöht um|Dégâts physiques augmentés de |Daño Físico aumentado un|Obrażenia fizyczne zwiększone o
buff_physical_damage|Physical Damage dealt|Fyysinen vahinko käsitelty|Dano Físico Causado|Наносимый физический урон|造成物理傷害|物理ダメージ与える|주는 물리 데미지|Verursachter physischer Schaden|Dégâts physiques infligés |Daño Físico infligido|Zadane obrażenia fizyczne
buff_skill_damage|Magic Skill Damage Increased by|Magic Skill Damage lisääntynyt|Dano de Habilidades Mágicas Aumentado|Урон от магических навыков повышен|魔法技能傷害增加|魔法スキルダメージが増加|마법 스킬 데미지 증가|Magiefertigkeit Schaden erhöht um|Dégâts des compétences augmentés de |Daño de Habilidad Mágica aumentado un|Obrażenia umiejętności magicznych zwiększone o
buff_additive_fire_damage|Additive Fire Damage Increased by|Lisäaine palovahinko lisääntynyt|Dano de Fogo Adicional Aumentado|Дополнительный урон от огня повышен|附加火焰傷害增加|追加火炎ダメージが増加|추가 불 데미지 증가|Additiver Feuerschaden erhöht um|Dégâts de feu augmentés de |Daño de Fuego aumentado un|Addytywne obrażenia ogniste zwiększone o
buff_fire_damage|Fire Damage dealt|Palovahingot käsitelty|Dano de Fogo Causado|Наносимый урон от огня|造成火焰傷害|与える火炎ダメージ|주는 불 데미지|Verursachter Feuerschaden|Dégâts de feu infligés |Daño de Fuego infligido|Zadane obrażenia ogniste
buff_fire_skill_damage|Fire Skill Damage Increased by|Palon taitojen vauriot lisääntyneet|Dano de Habilidades de Fogo Aumentado|Урон от навыков огня повышен|火焰技能傷害增加|火炎スキルダメージが増加|불 스킬 데미지 증가|Erhöhter Feuerfertigkeitsschaden um|Dégâts des compétences de feu augmentés de |Daño de Habilidad de Fuego aumentado un|Obrażenia umiejętności ognistych zwiększone o
buff_additive_cold_damage|Additive Cold Damage Increased by|Lisäaine Kylmävaurio lisääntynyt|Dano de Gelo Adicional Aumentado|Дополнительный урон от холода повышен|附加冰霜傷害增加|追加冷気ダメージが増加|추가 냉기 데미지 증가|Additiver Kälteschaden erhöht um|Dégâts de froid augmentés de |Daño de Frío aumentado un|Addytywne obrażenia lodowe zwiększone o
buff_cold_damage|Cold Damage dealt|Cold Damage jaettu|Dano de Gelo Causado|Наносимый урон от холода|造成冰霜傷害|与える冷気ダメージ|주는 냉기 데미지|Verursachter Kälteschaden|Dégâts de froid infligés |Daño de Frío infligido|Zadane obrażenia lodowe
buff_cold_skill_damage|Cold Skill Damage Increased by|Kylmätaitojen vauriot lisääntyneet|Dano de Habilidades de Gelo Aumentado|Урон от навыков холода повышен|冰霜技能傷害增加|冷気スキルダメージが増加|냉기 스킬 데미지 증가|Erhöhter Kältefertigkeitsschaden um|Dégâts des compétences de froid augmentés de |Daño de Habilidad de Frío aumentado un|Obrażenia umiejętności lodowych zwiększone o
buff_additive_lightning_damage|Additive Lightning Damage Increased by|Salaman lisävahinko lisääntynyt|Dano de Relâmpago Adicional Aumentado|Дополнительный урон от молнии повышен|附加閃電傷害增加|追加雷ダメージが増加|추가 번개 데미지 증가|Additiver Blitzschaden erhöht um|Dégâts de foudre augmentés de |Daño de Rayo aumentado un|Addytywne obrażenia błyskawic zwiększone o
buff_lightning_damage|Lightning Damage dealt|Salamavaurio käsitelty|Dano de Relâmpago Causado|Наносимый урон от молнии|造成閃電傷害|与える雷ダメージ|주는 번개 데미지|Verursachter Blitzschaden|Dégâts de foudre infligés |Daño de Rayo infligido|Zadane obrażenia błyskawic
buff_lightning_skill_damage|Lightning Skill Damage Increased by|Salaman taidon vauriot lisääntyneet|Dano de Habilidades de Relâmpago Aumentado|Урон от навыков молнии повышен|閃電技能傷害增加|雷スキルダメージが増加|번개 스킬 데미지 증가|Erhöhter Blitzfertigkeitsschaden um|Dégâts des compétences de foudre augmentés de |Daño de Habilidad de Rayo aumentado un|Obrażenia umiejętności błyskawic zwiększone o
buff_additive_poison_damage|Additive Poison Damage Increased by|Lisäainemyrkytysvaurio lisääntynyt |Dano de Veneno Adicional Aumentado|Дополнительный урон от яда повышен|附加毒素傷害增加|追加毒ダメージが増加|추가 독 데미지 증가|Additiver Giftschaden erhöht um|Dégâts de poison augmentés de |Daño de Veneno aumentado un|Addytywne obrażenia trujące zwiększone o
buff_poison_damage|Poison Damage dealt|Myrkky vahinko käsitelty|Dano de Veneno Causado|Наносимый урон от яда|造成毒素傷害|与える毒ダメージ|주는 독 데미지|Verursachter Giftschaden|Dégâts de poison infligés |Daño de Veneno infligido|Zadane obrażenia trujące
buff_poisoned_damage|Poisoned Damage dealt|Myrkytetty vahinko käsitelty|Dano de Veneno Causado|Наносимый урон от отравления|造成中毒傷害|与える毒ダメージ|가한 독 데미지|Verursachter Vergiftungsschaden|Dégâts empoisonnés infligés |Daño envenenado infligido |Zadane obrażenia zatrucia
buff_poison_skill_damage|Poison Skill Damage Increased by|Poison Skill Damage lisääntynyt|Dano de Habilidades de Veneno Aumentado|Урон от навыков яда повышен|毒素技能傷害增加|毒スキルダメージが増加|독 스킬 데미지 증가|Erhöhter Giftfertigkeitsschaden um|Dégâts des compétences de poison augmentés de |Daño de Habilidad de Veneno aumentado un|Obrażenia umiejętności trujących zwiększone o
buff_additive_magic_damage|Additive Arcane Damage Increased by|Additive Arcane Damage lisääntynyt|Dano Arcano Adicional Aumentado|Дополнительный тайный урон повышен|附加奧術傷害增加|追加秘術ダメージが増加|추가 아케인 데미지 증가|Additiver Arkanschaden erhöht um|Dégâts d'arcane augmentés de |Daño Arcano aumentado un|Addytywne obrażenia arkaniczne zwiększone o
buff_magic_damage|Arcane Damage dealt|Arcane Damage jaettu|Dano Arcano Causado|Наносимый тайный урон|造成奧術傷害|与える秘術ダメージ|주는 아케인 데미지|Verursachter Arkanschaden|Dégâts d'arcane infligés |Daño Arcano infligido|Zadane obrażenia arkaniczne
buff_magic_skill_damage|Arcane Skill Damage Increased by|Arcane Skill Damage lisääntynyt|Dano de Habilidades Arcanas Aumentado|Урон от тайных навыков повышен|奧術技能傷害增加|秘術スキルダメージが増加|아케인 스킬 데미지 증가|Erhöhter Arkanfertigkeitsschaden um|Dégâts des compétences d'arcane augmentés de |Daño de Habilidad Arcana aumentado un|Obrażenia umiejętności arkanicznych zwiększone o
buff_fire_resistance|Fire Resistance Increased by|Palonkestävyys lisääntynyt|Resistência a Fogo Aumentada|Сопротивление огню повышено|火焰抗性增加|火耐性が増加|불 저항력 증가|Erhöhter Feuerresistenz um|Résistance au feu augmentée de |Resistencia al Fuego aumentada en|Odporność na ogień zwiększona o
buff_cold_resistance|Cold Resistance Increased by|Kylmäkestävyys lisääntynyt|Resistência a Gelo Aumentada|Сопротивление холоду повышено|冰冷抗性增加|冷気耐性が増加|냉기 저항력 증가|Erhöhter Kälteresistenz um|Résistance au froid augmentée de |Resistencia al Frío aumentada en|Odporność na zimno zwiększona o
buff_lightning_resistance|Lightning Resistance Increased by|Salamankestävyys lisääntynyt|Resistência a Relâmpago Aumentada|Сопротивление молнии повышено|閃電抗性增加|雷耐性が増加|번개 저항력 증가|Erhöhter Blitzresistenz um|Résistance à la foudre augmentée de |Resistencia al Rayo aumentada en|Odporność na błyskawice zwiększona o
buff_poison_resistance|Poison Resistance Increased by|Myrkkynkestävyys lisääntynyt|Resistência a Veneno Aumentada|Сопротивление яду повышено|毒素抗性增加|毒耐性が増加|독 저항력 증가|Erhöhter Giftresistenz um|Résistance au poison augmentée de |Resistencia al Veneno aumentada en|Odporność na truciznę zwiększona o
buff_magic_resistance|Arcane Resistance Increased by|Arkaaninen vastustuskyky lisääntynyt|Resistência Arcana Aumentada|Сопротивление тайной магии повышено|秘術抗性增加|秘術耐性が増加|아케인 저항력 증가|Erhöhter Arkanresistenz um|Résistance à l'arcane augmentée de |Resistencia Arcana aumentada en|Odporność arkaniczna zwiększona o
buff_all_resistances|All Resistances Increased by|Kaikki vastukset lisääntyneet|Todas as Resistências Aumentadas|Все сопротивления повышены|所有抗性增加|すべての耐性が増加|모든 저항력 증가|Erhöhter Alle Widerstände um|Toutes les résistances augmentées de |Todas las Resistencias aumentadas en|Wszystkie odporności zwiększone o
buff_all_resistances_reduced|All Resistances Decreased by|Kaikki vastukset vähentyneet|Todas as Resistências Reduzidas|Все сопротивления снижены|所有抗性降低|すべての耐性が減少|모든 저항력 감소|Erhöhter Alle Widerstände um|Toutes les résistances diminuées par |Todas las resistencias disminuyeron por |Wszystkie odporności zmniejszone o
buff_multicast|Cast times increased by|Näyttelyajat kasvoivat|Quantidade de Conjurações Aumentada|Количество применений заклинаний повышено|施法次數增加|キャスト時間が増加|시전 시간 증가|Erhöhter Zauberzeiten um|Nombre de sort lancé augmenté de |Lanzamientos Múltiples|Czas rzucania zwiększony o
buff_bleed_damage|Bleeding damage |Verenvuotovaurio |Dano de Sangramento|Урон от кровотечения|流血傷害|出血ダメージ |출혈 데미지 |Blutungsschaden|Dégâts de saignement|Daño de Sangrado|Obrażenia krwawienia
buff_homing_projectiles|Homing Projectiles|Kohdistusammukset|Projéteis Teleguiados|Самонаводящиеся снаряды|追蹤投射物|ホーミング弾|추적 투사체|Zielsuchende Projektile|Projectiles à tête chercheuse|Proyectiles Teledirigidos|Pociski samonaprowadzające
buff_arcane_break|Arcane Break|Arkaaninen tauko|Quebra Arcana|Пробитие тайной магией|奧術破壞|アーケイン ブレイク|아케인 브레이크|Arkaner Bruch|Arcane Break|Ruptura Arcana|Przebicie arkaniczne
buff_phasing|Phasing|Vaiheittainen|Fase|Фазовый сдвиг|相位狀態|フェーズ|위상|Geisterschritt|Phasing|Fase|Fazowanie
buff_critical_damage|Critical Strike Damage Increased by|Kriittinen iskuvahinko lisääntynyt|Dano de Acerto Crítico Aumentado|Урон от критического удара повышен|暴擊傷害提高|クリティカル ストライク ダメージが増加|치명타 데미지 증가|Kritischer Trefferschaden erhöht um|Dégâts de coup critique augmentés de|Daño de Golpe Crítico aumentado un|Obrażenia trafienia krytycznego zwiększone o
buff_increased_damage_burning|Damage to Burning targets Increased by|Palavien kohteiden vauriot lisääntyneet|Dano Contra Alvos Queimando Aumentado|Урон по горящим целям повышен|對燃燒目標的傷害提高|燃焼ターゲットへのダメージが増加|화상입은 대상에게 주는 데미지 증가|Schaden an brennenden Zielen erhöht um|Dégâts aux cibles en feu augmentés de|Daño a enemigos quemados aumentado un|Obrażenia do palących się celów zwiększone o
buff_increased_damage_bleeding|Damage to Bleeding targets Increased by|Verenvuotokohteiden vauriot lisääntyneet|Dano Contra Alvos Sangrando Aumentado|Урон по кровоточащим целям повышен|對流血目標的傷害提高|出血ターゲットへのダメージが増加|출혈 대상에게 주는 데미지 증가|Schaden an blutenden Zielen erhöht um|Dégâts aux cibles saignantes augmentés de|Daño a enemigos con sangrado aumentado un|Obrażenia do krwawiących celów zwiększone o
buff_increased_damage_poisoned|Damage to Poisoned targets Increased by|Myrkytettyjen kohteiden vauriot lisääntyneet|Dano Contra Alvos Envenenados Aumentado|Урон по отравленным целям повышен|對中毒目標的傷害提高|毒ターゲットへのダメージが増加|중독된 대상에게 주는 데미지 증가|Schaden an vergifteten Zielen erhöht um|Dégâts aux cibles empoisonnées augmentés de|Daño a enemigos envenenados aumentado un|Obrażenia do zatrutych celów zwiększone o
buff_all_damage|All damage dealt Increased by|Kaikki vahingot lisääntyivät|Todo Dano Causado Aumentado|Весь наносимый урон повышен|造成的所有傷害提高|与えるすべてのダメージが増加|입힌 모든 데미지 증가|Gesamter Schaden erhöht um|Tous les dégâts infligés augmentés de|Todo el daño infligido aumentado un|Wszystkie zadane obrażenia zwiększone o
buff_meteor_storm|Meteor Storm Level|Meteorimyrskyn taso|Nível da Tempestade de Meteoros|Уровень метеоритного шторма|流星雨等级|メテオ ストーム レベル|유성 폭풍 레벨|Meteorsturm-Level|Niveau de la tempête de météores|Nivel de Tormenta de Meteoros|Poziom Meteor Storm
buff_loot_slots|Loot Amount increased by|Saalismäärä kasvoi|Quantidade de Saque Aumentada|Количество добычи повышено|戰利品數量增加|戦利品量が増加|전리품 양 증가|Beutemenge erhöht um|Quantité de butin augmentée de|Cantidad de Botín aumentada un|Ilość łupu zwiększona o
buff_gold_drops|Gold from monster kills increased by|Monsteritapojen kulta lisääntyi|Ouro de Mortes de Monstros Aumentado|Золото с убийств монстров повышено|擊殺怪物獲得的金錢增加|モンスターを倒して得られるゴールドが増加|몬스터 처치 시 얻는 골드 증가|Gold aus Monstertötungen erhöht um|L'or des monstres tués augmenté de|Oro obtenido de monstruos aumentado un|Złoto z zabitych potworów zwiększone o
buff_heroic_chance|Heroic Item drop chances increased by|Heroic Item -pudotusmahdollisuudet kasvoivat|Chance de Queda de Itens Heroicos Aumentada|Шанс выпадения героических предметов повышен|英雄物品掉落機率增加|ヒロイック アイテムのドロップ率が増加|영웅 아이템 드롭 확률 증가|Heroische Gegenstandsdrop-Chancen erhöht um|Chances d'obtention d'objets héroïques augmentées de|Probabilidad de obtener Objetos Heroicos aumentada un|Szanse na drop Heroicznych przedmiotów zwiększone o
buff_angelic_chance|Angelic Item drop chances increased by|Angelic Item -pudotusmahdollisuudet kasvoivat|Chance de Queda de Itens Angélicos Aumentada|Шанс выпадения ангельских предметов повышен|天使物品掉落機率增加|エンジェリック アイテムのドロップ率が増加|천사 아이템 드롭 확률 증가|Engelhafte Gegenstandsdrop-Chancen erhöht um|Chances d'obtention d'objets angéliques augmentées de|Probabilidad de obtener Objetos Angelicales aumentada un|Szanse na drop Anielskich przedmiotów zwiększone o
buff_ancient_relic|Ancient monsters have a chance to drop a Relic when killed|Muinaisilla hirviöillä on mahdollisuus pudottaa jäänne tapettuaan|Monstros Antigos têm chance de dropar uma Relíquia ao morrer|Древние монстры имеют шанс выронить реликвию при смерти|擊殺遠古怪物時有機率掉落遺物|古代モンスターを倒すとレリックをドロップする確率が増加|고대 몬스터 처치 시 유물 드롭 확률 증가|Uralte Monster haben die Chance, bei ihrer Tötung ein Relikt fallen zu lassen|Les monstres anciens ont une chance de laisser tomber une relique lorsqu'ils sont tués|Los monstruos Ancestrales pueden soltar una Reliquia al morir|Starożytne potwory mają szansę na drop reliktu po zabiciu
buff_ancient_goblin|Ancient monsters have a chance to summon a Treasure Goblin when killed|Muinaisilla hirviöillä on mahdollisuus kutsua Treasure Goblin kuollessaan|Monstros Antigos têm chance de invocar um Goblin do Tesouro ao morrer|Древние монстры имеют шанс призвать гоблина-сокровищницу при смерти|擊殺遠古怪物時有機率召喚寶藏哥布林|古代モンスターを倒すとトレジャー ゴブリンを召喚する確率が増加|고대 몬스터 처치 시 보물 고블린 소환 확률 증가|Uralte Monster haben die Chance, bei ihrer Tötung einen Schatzgoblin zu beschwören|Les monstres anciens ont une chance d'invoquer un gobelin au trésor lorsqu'ils sont tués|Los monstruos Ancestrales pueden invocar un Goblin del Tesoro al morir|Starożytne potwory mają szansę na przywołanie Skarbowego Goblina po zabiciu
buff_recovery|All Recovery increased by|Kaikki palautus lisääntyi|Toda Recuperação Aumentada|Все восстановления повышены|所有回復提高|すべての回復が増加|모든 회복 증가|Alle Erholungen erhöht um|Toutes les récupérations augmentées de|Toda la Recuperación aumentada un|Wszystkie odzyskanie zwiększone o
buff_enemy_miniboss|Monsters have a chance to re-spawn as a Legion|Hirviöillä on mahdollisuus syntyä uudelleen legioonana|Monstros têm chance de renascer como Legião|Монстры имеют шанс возродиться в виде легиона|怪物有機率以軍團的階級重新生成|モンスターがレギオンとして再出現する確率が増加|몬스터 군단으로 다시 소환될 확률 증가|Monster haben die Chance, als Legion wiederzuerstehen|Les monstres ont une chance de réapparaître en tant que Légion|Los monstruos tienen una probabilidad de reaparecer como una Legión|Potwory mają szansę na odrodzenie się jako Legion
buff_ancient_pack|Chance to spawn Ancient packs|Mahdollisuus synnyttää muinaisia ​​laumoja|Chance de Surgir Grupos de Monstros Antigos|Шанс появления групп древних монстров|有機率生成古代怪物群|古代パックを出現する確率|고대 무리 소환 확률 증가|Chance, uralte Rudel zu beschwören|Chances de faire apparaître des meutes anciennes|Probabilidad de que aparezcan grupos de Ancestrales|Szansa na spawn paczek Starożytnych
buff_angels_embrace|Angel’s Embrace|Enkelin syleily|Abraço do Anjo|Объятия ангела|天使之擁|エンジェルズ エンブレイス|천사의 포옹|Engelsumarmung|Étreinte de l'ange|Abrazo del Ángel|Anielskie Objęcia
buff_key_chance|All Key drop chances increased by|Kaikki Key-pudotusmahdollisuudet kasvoivat|Chance de Queda de Todas as Chaves Aumentada|Шанс выпадения всех ключей повышен|所有鑰匙掉落機率提高|すべてのキーのドロップ率が増加|모든 열쇠 드롭 확률 증가|Alle Schlüsseldrop-Chancen erhöht um|Toutes les chances de faire apparaître des clés augmentées de|Probabilidad de obtener Llaves aumentada un|Wszystkie szanse na drop kluczy zwiększone o
buff_all_attributes|All Attributes increased by|Kaikki attribuutit kasvoivat|Todos os Atributos Aumentados|Все характеристики повышены|所有屬性增加|すべての属性が増加|모든 능력치 증가|Alle Attribute erhöht um|Tous les attributs augmentés de|Todos los Atributos aumentados en|Wszystkie atrybuty zwiększone o
buff_summon_attack_speed|Summon Attack Speed increased by|Summon Attack Speed ​​kasvoi|Velocidade de Ataque dos Invocados Aumentada|Скорость атаки призванных повышена|召喚物攻擊速度提高|召喚攻撃速度が増加|소환 공격 속도 증가|Beschwörungsangriffsgeschwindigkeit erhöht um|Vitesse d'attaque d'invocation augmentée de|Velocidad de Ataque de Invocaciones aumentada un|Szybkość ataku przywołań zwiększona o
buff_disabled|Skill Disabled|Taito vammainen|Habilidade Desativada|Навык отключён|技能停用|スキル無効|스킬 비활성화|Fertigkeit deaktiviert|Compétence désactivée|Habilidad Desactivada|Umiejętność wyłączona
buff_rune_chance|Rune Drop Chances Increased by|Rune Drop mahdollisuudet lisääntyneet |Chance de Queda de Runas Aumentada|Шанс выпадения рун повышен|符文掉落機率提高|ルーン ドロップ率が増加|룬 드롭 확률 증가|Runendrop-Chancen erhöht um|Chances de faire apparaître des runes augmentées de|Probabilidad de obtener Runas aumentada un|Szanse na drop run zwiększone o
buff_jump_power|Jumping Power Increased by|Hyppyvoima lisääntynyt|Poder de Salto Aumentado|Сила прыжка повышена|跳躍力增加|ジャンプ力が増加し|점프 파워 증가|Sprungkraft erhöht um|Puissance de saut augmentée de|Poder de Salto aumentado en|Moc skoku zwiększona o
buff_card_collector|Monsters have a chance to drop a Tarot Deck when killed.|Mahdollisuus hirviölaumoille syntyä peikkolaumoina|Monstros têm chance de dropar um Baralho de Tarô ao morrer|Монстры имеют шанс выронить колоду Таро при смерти|擊殺怪物時有機率掉落一副塔羅牌|モンスター パックがゴブリンとして出現する確率パック|몬스터 무리가 고블린무리로 소환될 확률 증가|Chance, dass Monsterrudeln als Goblinrudeln erscheinen|Chances pour les meutes de monstres d'apparaître en tant que meutes de gobelins|Probabilidad de que los grupos de monstruos aparezcan como hordas de goblins|Potwory mają szansę na drop talii tarota po zabiciu.
buff_relic_feast|Chance to drop a relic on monster kill|Mahdollisuus pudottaa jäänne hirviön tappamiseen|Chance de dropar uma relíquia ao matar monstro|Шанс выронить реликвию при убийстве монстра|擊殺怪物時有機率掉落遺物|モンスターを倒すと遺物を落とすチャンス|몬스터 처치 시 유물을 떨어뜨릴 확률|Chance, eine Reliquie fallen zu lassen auf Monstertötung|Chances de faire apparaître une relique sur un monstre tuer|Probabilidad de obtener una reliquia al matar monstruos|Szansa na drop reliktu przy zabiciu potwora
buff_spelunker|Chance to spawn an ore node on ancient monster kill|Mahdollisuus synnyttää malmisolmu muinaisen hirviön tappamiseen |Chance de criar um nó de minério ao matar monstro antigo|Шанс создать узел руды при убийстве древнего монстра|擊殺古代怪物時有機率生成礦脈節點|古代のモンスターを倒すと鉱石ノードが出現するチャンス |고대 몬스터 처치 시 광석 노드를 생성할 확률|Chance, bei der Tötung eines antiken Monsters einen Erzknoten zu spawnen|Possibilité de faire apparaître un nœud de minerai en tuant un ancien monstre |Probabilidad de que aparezca una veta de mineral al matar un monstruo Ancestral|Szansa na spawn węzła rudy przy zabiciu starożytnego potwora
buff_incarnation|Increased experience gain.||Ganho de experiência aumentado|Получение опыта повышено|經驗值獲得提高|経験値獲得量の増加。 |경험치 획득량 증가. |Erhöhter Erfahrungszuwachs.|Gain d'expérience accru. |Mayor ganancia de experiencia. |Zwiększone zdobywanie doświadczenia.
buff_rift|Increased chance of dropping unstable dust from monster kills|Lisääntynyt mahdollisuus pudottaa epävakaata pölyä hirviöiden tappamisesta|Chance aumentada de dropar poeira instável de mortes de monstros|Шанс выпадения нестабильной пыли с убийств монстров|擊殺怪物時有機率掉落不穩定粉塵|モンスターを倒すと不安定なダストがドロップする確率が上昇|몬스터 처치시 불안정한 먼지 드랍될 확률 증가|Erhöhte Chance, instabilen Staub durch Monstertötungen fallen zu lassen|Chance accrue de laisser tomber de la poussière instable en tuant des monstres|Aumenta la probabilidad de obtener polvo inestable al matar monstruos|Zwiększona szansa na drop niestabilnego pyłu z zabitych potworów
buff_chaos|Chance to spawn a rogue Chaos Tower in the map|Mahdollisuus synnyttää karttaan roisto Chaos Tower |Chance de surgir uma Torre do Caos ladra no mapa|Шанс появления разбойничьей Башни Хаоса на карте|地圖中有機率生成異常混沌塔|マップ上にローグカオスタワーが出現する確率が上昇 |맵에 카오스 타워가 생성될 확률|Chance, einen abtrünnigen Chaosturm auf der Karte zu spawnen|Chance d'apparition d'une Tour du Chaos rebelle sur la carte |Probabilidad de que aparezca una Torre del Caos anómala en el mapa|Szansa na spawn rogue Chaos Tower na mapie
buff_disarm|Disarmed||Desarmado|Разоружён|繳械|武装解除|무장 해制|Entwaffnet|Désarmé|Desarmado|Rozbrojony
buff_disarmed|Unable to cast or attack||Incapaz de conjurar ou atacar|Невозможно применять заклинания или атаковать|無法施法或攻擊|詠唱や攻撃ができない|캐스팅과 공격 불가|Kann weder wirken noch angreifen|Impossible de lancer ou d'attaquer|No se puede lanzar hechizos ni atacar|Nie można rzucać ani atakować
buff_mimic|Increased chance to spawn mimics from chests||Chance aumentada de surgir mímicos em baús|Шанс появления мимиков из сундуков повышен|寶箱生成寶箱怪機率提高|宝箱からミミックが出現する確率増加|보물상자에서 미믹이 출현할 확률 증가|Erhöhte Chance, Nachahmer aus Truhen zu spawnen|Chances accrues d'apparition d'imitateurs dans les coffres|Mayor probabilidad de generar imitadores de cofres|Zwiększona szansa na spawn mimiców ze skrzyń
buff_density|Increases pack size by||Aumenta o tamanho dos grupos em|Размер групп монстров повышен|增加怪群大小|パックサイズ増加|팩 사이즈 증가|Erhöht die Rudelgröße um|Augmente la taille du groupe de |Aumenta el tamaño del grupo en |Zwiększa rozmiar paczki o
buff_name_damage_mitigation|Damage Mitigation||Mitigação de Dano|Снижение урона|傷害減免|ダメージ軽減|피해 감소|Schadensminderung|Atténuation des dégâts|Mitigación de daño|Łagodzenie obrażeń
buff_damage_mitigation|Incoming damage mitigated by||Dano Recebido Mitigado em|Входящий урон снижен|承受的傷害減免來自|受けるダメージ軽減|받는 피해 감소 효과|Eingehender Schaden wird gemindert durch|Dégâts subis atténués par|Daño recibido mitigado por|Przychodzące obrażenia złagodzone o
buff_name_spell_suppression|Spell Suppression||Supressão de Feitiços|Подавление заклинаний|法術壓抑|呪文抑制|주문 억제|Zauberunterdrückung|Suppression des sorts|Supresión de hechizos|Tłumienie czarów
buff_spell_suppression|Spell damage suppressed by||Dano de Feitiços Suprimido em|Урон от заклинаний подавлен|法術傷害被壓抑|呪文ダメージ抑制|주문 피해 감소 효과|Zauberschaden wird unterdrückt durch|Dégâts des sorts supprimés par|Daño de hechizos suprimido por|Obrażenia czarów tłumione o
buff_name_combat_mitigation|Combat Mitigation||Mitigação de Combate|Боевое ослабление|戰鬥減免|戦闘軽減|전투 감소|Kampfminderung|Atténuation des dégâts de combat|Mitigación de combate|Łagodzenie walki
buff_name_colossus|Colossus||Colosso|Колосс|巨像|巨像|거대|Koloss|Colosse|Coloso|Koloss
buff_colossus|Damage increased by||Dano Aumentado|Урон повышен|傷害提高|ダメージ増加|피해 증가 효과|Schaden erhöht durch|Dégâts augmentés par|Daño aumentado por|Obrażenia zwiększone o
buff_name_evasion|Evasion||Esquiva|Уклонение|閃避|回避|회피|Ausweichen|Évasion|Evasión|Unik
buff_evasion|Chance to dodge all damage||Chance de Esquivar Todo Dano|Шанс уклониться от всего урона|有機率閃避所有傷害|全ダメージ回避率|모든 피해 회피 확률|Chance, jeglichem Schaden auszuweichen|Chance d'esquiver tous les dégâts|Probabilidad de esquivar todo el daño|Szansa na uniknięcie wszystkich obrażeń
buff_name_rage|Rage||Fúria|Ярость|怒氣|激怒|분노|Wut|Rage|Furia|Wściekłość
buff_rage|Attack Speed increased by||Velocidade de Ataque Aumentada|Скорость атаки повышена|攻擊速度提高|攻撃速度増加|공격 속도 증가 효과|Angriffsgeschwindigkeit erhöht durch|Vitesse d'attaque augmentée par|Velocidad de ataque aumentada por|Szybkość ataku zwiększona o
buff_name_woodCutter|Wood Cutter||Lenhador|Дровосек|伐木者|木こり|나무 베기|Holzfäller|Coupe-bois|Cortador de madera|Drwal
buff_woodCutter|Tree branch damage||Dano de Galho de Árvore|Урон от веток деревьев|樹枝傷害|木の枝ダメージ|나무 가지 피해|Schaden durch Baumäste|Dégâts des branches d'arbres|Daño de rama de árbol|Obrażenia gałęzi drzewa
buff_name_timeSurge|Time Surge||Surto Temporal|Волна времени|時間湧動|タイムサージ|시간의 격류|Zeitschub|Vague temporelle|Oleada temporal|Surging Time
buff_timeSurge|Spell projectile amount increased by||Quantidade de Projéteis de Feitiços Aumentada|Количество снарядов заклинаний повышено|法術投射物數量增加|呪文投射物増加|주문 투사체 수 증가 효과|Anzahl der Zaubergeschosse erhöht durch|Nombre de projectiles de sorts augmenté par|Cantidad de proyectiles de hechizos aumentada por|Ilość pocisków czarów zwiększona o
buff_name_wizardWrath|Wizard Wrath||Fúria do Mago|Гнев мага|法師之怒|魔法使いの怒り|마법사의 분노|Zorn der Magie|Colère du sorcier|Ira del mago|Gniew Czarodzieja
buff_wizardWrath|Reduced total cast rate but increased damage by||Taxa Total de Conjuração Reduzida, mas Dano Aumentado|Общая скорость чтения заклинаний снижена, но урон повышен|總施法速度降低，但傷害提高|総詠唱速度低下、ダメージ増加|총 시전 속도 감소, 대신 피해 증가 효과|Gesamtzaubergeschwindigkeit reduziert, aber Schaden erhöht durch|Réduction de la vitesse d'incantation totale, mais augmentation des dégâts par|Velocidad de lanzamiento total reducida, pero daño aumentado por|Zmniejszona całkowita szybkość rzucania, ale zwiększone obrażenia o
buff_name_wizardry|Wizardry||Feitiçaria|Колдовство|巫術|魔術|마법의 힘|Magie|Magie|Hechicería|Czarodziejstwo
buff_wizardry|Faster Cast Rate increased by||Taxa de Conjuração Mais Rápida Aumentada|Скорость чтения заклинаний повышена|施法速度提高|詠唱速度増加|시전 속도 증가 효과|Schnellere Zaubergeschwindigkeit erhöht durch|Vitesse d'incantation accrue par|Velocidad de lanzamiento más rápida aumentada por|Szybsza szybkość rzucania zwiększona o
buff_name_mageGuard|Mage Guard||Guarda do Mago|Страж мага|法師護盾|魔道士の守護|마법사의 수호|Magierschutz|Garde du mage|Guardia del mago|Strażnik Maga
buff_mageGuard|Damage reduction increased by||Redução de Dano Aumentada|Снижение урона повышено|傷害減免提高|ダメージ軽減増加|피 감소 증가 효과|Schadensreduktion erhöht durch|Réduction des dégâts accrue par|Reducción de daño aumentada por|Zmniejszenie obrażeń zwiększone o
buff_name_surgingStorm|Surging Storm||Tempestade Crescente|Буря нарастания|湧動風暴|突撃の嵐|격류하는 폭풍|Wütender Sturm|Tempête déferlante|Tormenta creciente|Surging Storm
buff_surgingStorm|Damage dealt and damage taken increased by||Dano Causado e Dano Recebido Aumentados|Наносимый и получаемый урон повышены|造成的傷害與承受的傷害提高|与ダメージと被ダメージ増加|주는 피해 및 받는 피해 증가 효과|Verursachter und erlittener Schaden erhöht durch|Dégâts infligés et subis augmentés par|Daño infligido y daño recibido aumentado por|Zadane obrażenia i otrzymane obrażenia zwiększone o
buff_name_agitation|Agitation||Agitação|Возбуждение|激怒|動揺|동조|Aufruhr|Agitation|Agitación|Agitacja
buff_agitation|Movement speed increased by||Velocidade de Movimento Aumentada|Скорость передвижения повышена|移動速度提高|移動速度増加|이동 속도 증가 효과|Bewegungsgeschwindigkeit erhöht durch|Vitesse de déplacement augmentée de |Velocidad de movimiento aumentada por|Prędkość ruchu zwiększona o
buff_name_chaosPillarMS|Phasing Speed||Velocidade de Fase|Скорость фазового сдвига|相位速度|位相移動速度|위상 이동 속도|Phasengeschwindigkeit|Vitesse de mise en phase |Velocidad de fase|Prędkość fazowania
buff_chaosPillarMS|Movement speed increased by||Velocidade de Movimento Aumentada|Скорость передвижения повышена|移動速度提高|移動速度増加|이동 속도 증가 효과|Bewegungsgeschwindigkeit erhöht durch|Vitesse de déplacement augmentée de |Velocidad de movimiento aumentada por|Prędkość ruchu zwiększona o
buff_name_damageSuppressed|Damage Suppressed ||Dano Suprimido|Урон подавлен|傷害被壓抑|ダメージ抑制|피 억제|Unterdrückter Schaden|Suppression des dégâts|Daño suprimido|Obrażenia tłumione
buff_damageSuppressed|Damage suppressed by||Dano Suprimido em|Урон подавлен|傷害壓抑|ダメージ抑制|피 억제 효과|Schaden unterdrückt durch|Dégâts supprimés par|Daño suprimido por|Obrażenia tłumione o
buff_animalSiphoning|Animal Siphoning||Drenagem Animal|Поглощение от животных|動物吸取|動物吸収|동물 흡수|Tiersaugen|Siphon animal|Absorción animal|Siphoning Zwierząt
buff_slashingMomentum|Slashing Momentum||Impulso de Corte|Импульс рубящих ударов|斬擊之勢|斬撃の勢い|베는 기세|Schneidimpuls|Élan tranchant|Impulso cortante|Pęd Sieczenia
buff_devouringWorm|Devouring Worm||Verme Devorador|Пожирающий червь|吞噬蠕蟲|貪食の虫|포식하는 벌레|Verschlingender Wurm|Ver dévorant|Gusano devorador|Pożerający Robak
buff_bloodLust|Bloodlust||Sede de Sangue|Жажда крови|嗜血|血の渇望|피의 갈망|Blutdurst|Soif de sang|Sed de sangre|Żądza krwi
buff_clawarang|Clawarang||Bumerangue de Garra|Когтевой бумеранг|爪迴力鏢|クラワラング|갈고리|Klauenangriff|Clawarang|Clawarang|Clawarang
buff_bloodCarnage|Blood Carnage||Carnificina Sangrenta|Кровавое побоище|血腥屠殺|血の殺戮|피의 대학살|Blutgemetzel|Carnage sanglant|Carnicería sangrienta|Krwawe Rzeź
buff_vitalityOfWilderness|Vitality of Wilderness||Vitalidade da Natureza Selvagem|Живучесть дикой природы|荒野體力|荒野の活力|야생의 활력|Lebenskraft der Wildnis|Vitalité de la nature sauvage|Vitalidad de la naturaleza salvaje|Witalność Dziczy
buff_defenseOfWilderness|Defense of Wilderness||Defesa da Natureza Selvagem|Защита дикой природы|荒野防禦|荒野の防御|야생의 방어|Verteidigung der Wildnis|Défense de la nature sauvage|Defensa de la naturaleza salvaje|Obrona Dziczy
buff_recuperatingMantra|Recuperating Mantra||Mantra de Recuperação|Восстанавливающая мантра|恢復咒語|回復のマントラ|회복 만트라|Erholungsmantra|Mantra de récupération|Mantra de recuperación|Regenerująca Mantra
buff_prayerOfNature|Prayer of Nature||Oração da Natureza|Молитва природы|自然祈禱|祈り自然の精霊|자연의 기도|Gebet der Natur|Prière de Nature|Oración de la naturaleza|Modlitwa Natury
buff_manaWellOfWilderness|Manawell of Wilderness||Poço de Mana da Natureza Selvagem|Источник маны дикой природы|荒野魔力|荒野のマナウェル|야생의 마나웰|Manabrunnen Wildnis|Manawell de la nature sauvage|Pozo de maná de Naturaleza salvaje|Studnia Many Dziczy
buff_essenceOfDanger|Essence of Danger||Essência do Perigo|Сущность опасности|危險精華|危険の精髄|위험의 정수|Essenz der Gefahr|Essence du danger|Esencia del peligro|Esencja Niebezpieczeństwa
buff_blessingOfWilderness|Blessing of Wilderness||Bênção da Natureza Selvagem|Благословение дикой природы|荒野祝福|荒野の祝福|야생의 축복|Segen der Wildnis|Bénédiction de la nature sauvage|Bendición de la naturaleza salvaje|Błogosławieństwo Dziczy
buff_purifiedTerrain|Purified Terrain||Terreno Purificado|Очищенная местность|淨化地形|浄化された大地|정화된 땅|Gereinigtes Terrain|Terrain purifié|Terreno purificado|Oczyszczony Teren
buff_oaksHeart|Oak´s Heart||Coração do Carvalho|Сердце дуба|橡木之心|樫の木の心臓|참나무의 심장|Eichenherz|Cœur de chêne|Corazón de roble|Serce Dębu
buff_cursedSpirit|Cursed Spirit||Espírito Amaldiçoado|Проклятый дух|詛咒之靈|呪われた精霊|저주받은 영혼|Verfluchter Geist|Esprit maudit|Espíritu maldito|Przeklęty Duch
buff_mysticVoodoo|Mystic Voodoo||Vodu Místico|Мистическое вуду|神秘巫毒|神秘のブードゥー|신비로운 부두교|Mystischer Voodoo|Vaudou mystique|Vudú místico|Mistyczne Voodoo
buff_malevolentSpirit|Malevolent Spirit||Espírito Malévolo|Злобный дух|惡靈|悪意に満ちた精霊|악의적인 영혼|Bösartiger Geist|Esprit malveillant|Espíritu malévolo|Złośliwy Duch
buff_rampingPulse|Ramping Pulse||Impulso Crescente|Усиление импульса|脈衝增強|高まる脈動 |점점 격렬해지는 맥박 |Rasender Puls|Pulse croissante |Pulso acelerado |Narastający Puls
debuff_light_radius|Light Radius Decreased by|Valon säde pienentynyt|Raio de Luz Reduzido|Радиус освещения снижен|光照半徑降低|光の範囲が減少|빛 반경 감소|Lichtradius verringert um|Rayon de lumière diminué de|Radio de Luz reducido un|Promień światła zmniejszony o
debuff_all_resistances|All Resistances Decreased by|Kaikki vastukset vähentyneet|Todas as Resistências Reduzidas|Все сопротивления снижены|所有抗性降低|すべての耐性が減少|모든 저항력 감소|Alle Widerstände verringert um|Toutes les résistances diminuées de|Todas las Resistencias reducidas en|Wszystkie odporności zmniejszone o
debuff_damage_taken|Damage Taken increased by|Otettu vahinko kasvoi|Dano Recebido Aumentado|Получаемый урон повышен|受到的傷害增加|受けるダメージが増加|받는 데미지 증가|Erlittener Schaden erhöht um|Dégâts subis augmentés de|Daño Recibido aumentado un|Otrzymane obrażenia zwiększone o
debuff_life|Life decreased by|Elämä väheni|Vida Reduzida|Жизнь снижена|生命降低|ライフが減少|생명력 감소|Leben verringert um|Vie diminuée de|Vida reducida en|Życie zmniejszone o
debuff_mana|Mana decreased by|Mana väheni|Mana Reduzida|Мана снижена|魔力降低|マナが減少|마나 감소|Mana verringert um|Mana diminué de|Maná reducido en|Mana zmniejszona o
debuff_darkness|Darkness increased by|Pimeys lisääntyi|Escuridão Aumentada|Тьма повышена|黑暗提高|闇が増加|어둠 증가|Dunkelheit erhöht um|Ténèbres augmentées de|Oscuridad aumentada un|Ciemność zwiększona o
debuff_all_skills|All Skills decreased by|Kaikki taidot vähenivät|Todas as Habilidades Reduzidas|Все навыки снижены|所有技能等級降低|すべてのスキルが減少|모든 스킬 감소|Alle Fertigkeiten verringert um|Toutes les compétences diminuées de|Todas las Habilidades reducidas en|Wszystkie umiejętności zmniejszone o
debuff_all_attributes|All Attributes decreased by|Kaikki attribuutit laskivat|Todos os Atributos Reduzidos|Все характеристики снижены|所有屬性降低|すべての属性が減少|모든 속성 감소|Alle Attribute verringert um|Tous les attributs diminués de|Todos los Atributos reducidos en|Wszystkie atrybuty zmniejszone o
debuff_replenish|Life and Mana replenish decreased by|Elämä ja Mana-täyttö väheni|Recuperação de Vida e Mana Reduzida|Восстановление жизни и маны снижено|生命與魔力回復降低|ライフとマナの回復が減少|생명력과 마나 회복 감소|Lebens- und Mana-Erneuerung verringert um|La régénération de vie et de mana diminuée de|Regeneración de Vida y Maná reducida en|Odnawianie życia i many zmniejszone o
debuff_life_steal|Life Steal decreased by|Life Steal väheni|Roubo de Vida Reduzido|Кража жизни снижена|生命偷取降低|ライフスティールが減少|생명력 흡수 감소|Lebensraub verringert um|Vol de vie diminué de|Robo de Vida reducido un|Kradzież życia zmniejszona o
debuff_mana_steal|Mana Steal decreased by|Mana Steal väheni|Roubo de Mana Reduzido|Кража маны снижена|魔力偷取降低|マナスティールが減少|마나 흡수 감소|Manaraub verringert um|Vol de mana diminué de|Robo de Maná reducido un|Kradzież many zmniejszona o
debuff_cooldown|Cooldown Recovery reduced by|Jäähdytyksen palautumista vähennetty|Recuperação de Recarga Reduzida|Восстановление перезарядки снижено|冷卻回復降低|クールダウン回復が減少|재사용 대기시간 증가|Abklingzeit-Wiederherstellung verringert um|Récupération après temps de recharge réduite de|Recuperación de Enfriamiento reducida un|Szybkość odnowienia cooldownów zmniejszona o
debuff_boulder_fall|Monsters have a chance to drop a boulder from the sky when killed|Hirviöillä on mahdollisuus pudottaa lohkare taivaalta kuollessaan|Monstros têm chance de fazer cair uma pedra do céu ao morrer|Монстры имеют шанс сбросить валун с неба при смерти|擊殺怪物時有機率從天空掉落巨石|モンスターが倒されたときに空から岩を落とす可能性がある|몬스터가 죽을 때 하늘에서 바위를 떨어뜨릴 확률|Monster haben die Chance, einen Felsbrocken vom Himmel fallen zu lassen, wenn sie getötet werden|Les monstres ont une chance de laisser tomber un rocher du ciel lorsqu'ils sont tués|Al morir, los monstruos pueden dejar caer una roca del cielo|Potwory mają szansę na zrzucenie głazu z nieba po zabiciu
debuff_movement_speed|Movement Speed decreased by|Liikenopeus pieneni |Velocidade de Movimento Reduzida|Скорость передвижения снижена|移動速度降低|移動速度が減少|이동 속도 감소|Bewegungsgeschwindigkeit verringert um|Vitesse de déplacement diminuée de|Velocidad de Movimiento reducida un|Prędkość ruchu zmniejszona o
debuff_monster_life|Monster life increased by|Monsterin elämä lisääntyi|Vida dos Monstros Aumentada|Жизнь монстров повышена|怪物生命提高|モンスターのライフが増加|몬스터 생명력 증가|Monsterleben erhöht um|Vie du monstre augmentée de|Vida de los monstruos aumentada un|Życie potworów zwiększone o
debuff_necrosis|Life drained every second by|Elämä tyhjeni joka sekunti|Vida Drenada a Cada Segundo|Жизнь высасывается каждую секунду|每秒流失生命|毎秒のライフ消耗が増加|매초마다 생명력 소모|Leben wird pro Sekunde entzogen um|Vie drainée toutes les secondes de|Drenaje de Vida por segundo de|Życie wysysane co sekundę o
debuff_poison_length|Poison Length increased by|Myrkyn pituus kasvoi|Duração do Veneno Aumentada|Длительность яда повышена|中毒持續時間提高|毒の長さが増加|독 지속 시간 증가|Giftdauer erhöht um|Durée du poison augmentée de|Duración del Veneno aumentada un|Czas działania trucizny zwiększony o
debuff_flaming_agony|Monsters unleash a Fire Nova when killed dealing fire damage of|Hirviöt vapauttavat Fire Novan kuollessaan ja aiheuttavat tulivahinkoja|Monstros liberam uma Nova de Fogo ao morrer, causando dano de fogo de|Монстры выпускают огненную нову при смерти, нанося урон от огня|擊殺怪物時釋放火焰新星，造成火焰傷害|モンスターが倒されたときに火炎ノヴァを放ち、火炎ダメージを与える|몬스터가 죽을 때 불의 노바를 방출하여 불 데미지를 입힙니다.|Monster entfesseln eine Feuernova, wenn sie getötet werden, und verursachen Feuerschaden von|Les monstres déclenchent une nova de feu lorsqu'ils sont tués, infligeant des dégâts de feu de|Los monstruos liberan una Nova de Fuego al morir, infligiendo un daño de fuego de|Potwory wyzwalają Fire Nova po zabiciu zadając obrażenia ogniste o
debuff_unholy_agility|Monster Movement Speed and Attack Speed increased by|Monster Movement Speed ​​ja Attack Speed ​​kasvoivat|Velocidade de Movimento e Ataque dos Monstros Aumentada|Скорость передвижения и атаки монстров повышена|怪物的移動速度與攻擊速度提高|モンスターの移動速度と攻撃速度が増加|몬스터 이동 속도와 공격 속도 증가|Bewegungsgeschwindigkeit und Angriffsgeschwindigkeit der Monster erhöht um|Vitesse de déplacement et vitesse d'attaque du monstre augmentées de|Velocidad de Movimiento y Ataque de los monstruos aumentada un|Prędkość ruchu i ataku potworów zwiększona o
debuff_block|Block Rating reduced by|Block Rating alennettu|Rating de Bloqueio Reduzido|Рейтинг блока снижен|格擋率降低|ブロックレーティングが減少|블록 등급 감소|Blockwertung verringert um|Taux de blocage réduit de|Probabilidad de Bloqueo reducida un|Ocena blokowania zmniejszona o
debuff_hemorrhage|Monster attacks inflict a bleed that stacks 20 times dealing damage per stack of|Hirviöhyökkäykset aiheuttavat vuodon, joka pinoutuu 20 kertaa ja aiheuttaa vahinkoa pinoa kohden|Ataques de monstros causam sangramento que acumula 20 vezes, causando dano por acúmulo de|Атаки монстров вызывают кровотечение, суммирующееся до 20 раз и наносящее урон за каждый заряд|怪物的攻擊造成流血，每層流血造成傷害，最多可疊加 20 層|モンスターの攻撃は20回スタックする出血を引き起こし、スタックごとにダメージを与える|몬스터 공격 시 20번 중첩되는 출혈을 유발하여 중첩당 데미지를 입힙니다.|Monsterangriffe verursachen eine Blutung, die 20-mal stapelbar ist und pro Stapel Schaden verursacht von|Les attaques de monstres infligent un saignement qui se cumule 20 fois, infligeant des dégâts par cumul de|Los ataques de los monstruos infligen un sangrado que se acumula 20 veces, causando daño por acumulación de|Ataki potworów zadają krwawienie stackujące się 20 razy zadające obrażenia na stack o
debuff_crippling_slow|Monster attacks inflict a slow for 2 seconds by|Hirviöhyökkäykset hidastavat 2 sekuntia|Ataques de monstros causam lentidão por 2 segundos de|Атаки монстров вызывают замедление на 2 секунды|怪物的攻擊造成緩速效果，持續 2 秒|モンスターの攻撃は2秒間のスローを引き起こす|몬스터 공격 시 2초 동안 느려짐|Monsterangriffe verursachen eine Verlangsamung für 2 Sekunden um|Les attaques de monstres infligent un ralentissement pendant 2 secondes de|Los ataques de los monstruos infligen una ralentización de 2 segundos de|Ataki potworów zadają spowolnienie na 2 sekundy o
debuff_monster_crit|Monster Critical Strike Damage increased by|Monster Critical Strike Damage kasvoi|Dano de Acerto Crítico dos Monstros Aumentado|Урон от критического удара монстров повышен|怪物的暴擊傷害提高|モンスターのクリティカルストライクダメージが増加|몬스터 치명타 데미지 증가|Kritischer Trefferschaden der Monster erhöht um|Dégâts de coup critique de monstre augmentés de|Daño de Golpe Crítico de los monstruos aumentado un|Obrażenia trafienia krytycznego potworów zwiększone o
debuff_lifesap|Lifesap|Lifesap|Drenagem de Vida|Поглощение жизни|生命汲取|ライフサップ|생명력 흡수|Lebenssaft|Sève de vie|Saviavital|Lifesap
debuff_lifesap_effect|All healing reduced by|Kaikki paraneminen vähentynyt|Toda Cura Reduzida|Все исцеления снижены|所有治療效果降低|すべての回復が減少|모든 치유량 감소|Alle Heilung verringert um|Tous les soins réduits de|Toda la curación reducida un|Wszystkie leczenie zmniejszone o
debuff_agony|Agony|Tuska|Agonia|Агония|痛苦|苦悶|고통|Qual|Agonie|Agonía|Agonia
debuff_agony_effect|All Resistances decreased by|Kaikki vastukset laskivat|Todas as Resistências Reduzidas|Все сопротивления снижены|所有抗性降低|すべての耐性が減少|모든 저항력 감소|Alle Widerstände verringert um|Toutes les résistances diminuées de|Todas las Resistencias reducidas en|Wszystkie odporności zmniejszone o
debuff_curseOfAmunRa|Curse of Amun Ra|Amun Ra:n kirous |Maldição de Amon-Rá|Проклятие Амона-Ра|阿蒙拉的詛咒|アムン・ラーの呪い |아문 라의 저주 |Fluch des Amun Ra|Malédiction d'Amon Ra |Maldición de Amón-Ra|Klątwa Amun Ra
debuff_timeLapsed|Timelapsed||Tempo Acelerado|Временной сдвиг|時間流逝|タイムラプス|시간 경과|Zeitraffer|Accéléré|Velocidad de acción reducida|Timelapsed
debuff_reduced_action_speed|Action Speed reduced by||Velocidade de Ação Reduzida|Скорость действий снижена|動作速度降低|行動速度低下|행동 속도 감소|Aktionsgeschwindigkeit reduziert um|Vitesse d'action réduite de|Tiempo de expiración de desventajas reducido|Szybkość akcji zmniejszona o
debuff_reduced_buff_time|Debuff expiration time reduced by||Tempo de Expiração do Debuff Reduzido|Время действия дебаффа снижено|減益效果持續時間降低|デバフ効果時間短縮|디버프 만료 시간 감소|Debuff-Ablaufzeit reduziert um|Durée d'expiration des malus réduite de|El tiempo de expiración del perjuicio se reduce en |Czas wygaśnięcia debuffa zmniejszony o
debuff_reduced_cdr|Cooldown Recovery Reduced by||Recuperação de Recarga Reduzida|Восстановление перезарядки снижено|冷卻恢復減少|クールダウン回復時間短縮|재사용 대기시간 회복 감소|Abklingzeit reduziert um|Récupération du temps de recharge réduite de|Recuperación de enfriamiento reducida|Szybkość odnowienia cooldownów zmniejszona o
debuff_fracturedReality|Fractured Reality||Realidade Fraturada|Расколотая реальность|分裂現實|フラクチャード・リアリティ|균열된 현실|Gebrochene Realität|Réalité fracturée|Realidad fracturada|Złamana Rzeczywistość
debuff_fracturedReality_desc|Cannot use blink skills||Não é possível usar habilidades de piscar|Невозможно использовать навыки мгновенного перемещения|無法使用閃現技能|ブリンクスキル使用不可 |순간 이동 스킬 사용 불가 |Blinkfertigkeiten können nicht eingesetzt werden|Impossible d'utiliser les compétences de téléportation |No se pueden usar habilidades de teletransporte |Nie można używać umiejętności blink
|||||||||||
[Difficulty Settings]|||||||||||
difficulty_resistances|Monster Resistances|Monster Resistances|Resistências dos Monstros|Сопротивления монстров|怪物抗性|モンスターの耐性|몬스터 저항력|Monsterresistenzen|Résistances des monstres|Resistencias de los Monstruos|Odporności potworów
difficulty_leechResistance|Monster Leech Resistance|Monster Leech Resistance|Resistência a Roubo dos Monstros|Сопротивление краже у монстров|怪物偷取抗性|モンスターの吸血耐性|몬스터 흡혈 저항력|Monster-Leech-Resistenz|Résistance au vol de monstres|Resistencia al Robo de Vida de los Monstruos|Odporność na leech potworów
difficulty_magicFind|Increased Magic Find|Lisääntynyt Magic Find|Chance de Itens Mágicos Aumentada|Магическая находка повышена|物品稀有度增加|魔法の発見の増加|마법 아이템 발견 확률 증가|Erhöhter Magie Fund|Augmentation de la découverte de magie|Hallazgo Mágico Aumentado|Zwiększona szansa na magiczne przedmioty
difficulty_experienceGain|Increased Experience Gain|Lisääntynyt kokemuksen saanti|Ganho de Experiência Aumentado|Получение опыта повышено|經驗值獲得提高|経験値の増加|경험치 획득 증가|Erhöhte Erfahrungsgewinnung|Augmentation du gain d'expérience|Ganancia de Experiencia Aumentada|Zwiększone zdobywanie doświadczenia
difficulty_life|Monster Life|Monster Life|Vida dos Monstros|Жизнь монстров|怪物生命|モンスターのライフ|몬스터 생명력|Monsterleben|Vie des monstres|Vida de los Monstruos|Życie potworów
difficulty_damage|Monster Damage|Hirviövaurio|Dano dos Monstros|Урон монстров|怪物傷害|モンスターのダメージ|몬스터 데미지|Monsterschaden|Dégâts des monstres|Daño de los Monstruos|Obrażenia potworów
difficulty_attackRating|Monster Attack Rating|Monster Attack -luokitus|Precisão de Ataque dos Monstros|Точность атаки монстров|怪物攻擊命中率|モンスターの攻撃力|몬스터 명중률|Monsterangriffswertung|Indice d'attaque des monstres|Puntería de los Monstruos|Celność ataku potworów
difficulty_defenseRating|Monster Defense Rating|Monster Defense -luokitus |Rating de Defesa dos Monstros|Рейтинг защиты монстров|怪物防禦值|モンスターの防御力 |몬스터 방어구 등급|Monsterverteidigungswertung|Indice de défense des monstres |Defensa de los Monstruos|Ocena obrony potworów
|||||||||||
[Satanic Buffs]|||||||||||
satanicBuffLootSlots|Loot Goblin|Ryöstä Goblin|Goblin do Saque|Гоблин-добытчик|哥布林戰利品|戦利品ゴブリン|전리품 고블린|Beute-Goblin|Gobelin à butin|Goblin del Botín|Loot Goblin
satanicBuffRuneDrops|Rune Master|Rune Master|Mestre das Runas|Мастер рун|符文大師|ルーンマスター|룬 마스터|Runenmeister|Maître des runes|Maestro de las Runas|Rune Master
satanicBuffGoldDrops|Gold Hunger|Kullannälkä|Fome por Ouro|Голод по золоту|渴望黄金|ゴールドハンガー|금의 굶주림|Goldhunger|Avidité d'or|Hambre de Oro|Gold Hunger
satanicBuffHeroicChances|Heroic Windfall|Heroic Windfall|Ventania Heroica|Героический ветер|英雄的意外之財|英雄的な大金|영웅적 횡재|Heroischer Glücksfall|Aubaine héroïque|Fortuna Heroica|Heroic Windfall
satanicBuffAngelicChances|Angelic Fortune|Enkeli onni|Fortuna Angélica|Ангельское везение|天使的財富|天使の幸運|천사의 행운|Engelhaftes Glück|Fortune angélique|Fortuna Angelical|Angelic Fortune
satanicBuffMovementSpeed|Zephy’s Grace|Zephy's Grace|Graça de Zefir|Милость Зефира|澤菲的恩典|ゼフィーの恵み|제피의 은총|Zephys Gnade|Grâce de Zephy|Gracia de Céfiro|Zephy’s Grace
satanicBuffAttackSpeed|Fury of Tempest|Fury of Tempest|Fúria da Tempestade|Ярость бури|暴風之怒|嵐の激怒|폭풍의 분노|Wut des Sturms|Fureur de la tempête|Furia de la Tempestad|Fury of Tempest
satanicBuffCastRate|Rapid Casting|Nopea valu|Conjuração Rápida|Быстрое чтение заклинаний|快速施法|ラピッドキャスティング|빠른 주문|Schnelles Zaubern|Incantation rapide|Lanzamiento Rápido|Rapid Casting
satanicBuffAttackDamage|Onslaught|Hyökkäys|Investida|Натиск|猛攻|猛攻|맹공|Ansturm|Assaut|Embate|Onslaught
satanicBuffSkillDamage|Nether Surge|Nether Surge|Surto do Submundo|Волна преисподней|虛空湧動|ネザーサージ|네더 서지|Netherwoge|Déferlement du Néant|Oleada del Abismo|Nether Surge
satanicBuffAncientRelic|Relic Keepers|Reliiktien säilyttäjät|Guardiões de Relíquias|Хранители реликвий|遺物守護者|遺物の番人|유물 관리자|Reliquienbewahrer|Gardiens de reliques|Guardianes de Reliquias|Relic Keepers
satanicBuffAncientGoblin|Goblin’s Greed|Goblinin ahneus|Ganância do Goblin|Жадность гоблина|哥布林的貪婪|ゴブリンの強欲|고블린의 탐욕|Goblins Gier|Avidité du gobelin|Avaricia del Goblin|Goblin’s Greed
satanicBuffMagicFind01|Artifact Digger|Artefact Digger|Escavador de Artefatos|Копатель артефактов|神器挖掘者|アーティファクトディガー|유물 파는자|Artefaktgräber|Excavateur d'artefacts|Excavador de Artefactos|Artifact Digger
satanicBuffMagicFind02|Artifact Seeker|Artefaktin etsijä|Buscador de Artefatos|Искатель артефактов|神器探索者|アーティファクトシーカー|유물 찾는자|Artefaktsucher|Chercheur d'artefacts|Buscador de Artefactos|Artifact Seeker
satanicBuffMagicFind03|Artifact Excavator|Artefaktikaivinkone|Escavador de Artefatos|Раскапыватель артефактов|神器探求者|アーティファクト発掘者|유물 발굴자|Artefaktausgräber|Excavateur d'artefacts|Excavador de Artefactos|Artifact Excavator
satanicBuffExperience01|Recruit|Rekrytoida|Recruta|Новобранец|招募|リクルート|모집|Rekrut|Recrue|Recluta|Recruit
satanicBuffExperience02|Combat Training|Taistelukoulutus|Treinamento de Combate|Боевая подготовка|戰鬥訓練|戦闘訓練|전투 훈련|Kampftraining|Entraînement au combat|Entrenamiento de Combate|Combat Training
satanicBuffExperience03|Battle Scarred|Battle Scarred|Marcado pela Batalha|Боевые шрамы|戰鬥傷痕|戦闘の傷跡|전투의 상처|Vom Kampf gezeichnet|Blessures de combat|Cicatrices de Batalla|Battle Scarred
satanicBuffRecovery|Clairvoyance|Selvänäköisyys|Clarividência|Ясновидение|千里眼|千里眼|투시력|Hellsehen|Clairvoyance|Clarividencia|Clairvoyance
satanicBuffEnemyMiniboss|Aftermath|Seuraukset|Consequências|Последствия|餘波|余波|여파|Nachwirkungen|Conséquences|Repercusión|Aftermath
satanicBuffCriticalStrike|Deep Cuts|Syviä leikkauksia|Cortes Profundos|Глубокие порезы|深度切割|ディープカット|깊은 상처|Tiefe Schnitte|Coupures profondes|Cortes Profundos|Deep Cuts
satanicBuffAncientMonster01|Old Town|Vanha kaupunki|Cidade Velha|Старый город|舊城區|オールドタウン|구시가지|Altstadt|Vieille ville|Pueblo Viejo|Old Town
satanicBuffAncientMonster02|Terror Zone|Terrorin vyöhyke|Zona de Terror|Зона ужаса|恐怖地带|テラーゾーン|테러 존|Terrorzone|Zone de terreur|Zona de Terror|Terror Zone
satanicBuffAncientMonster03|Fields of Carnage|Fields of Carnage|Campos de Carnificina|Поля резни|殺戮戰場|大虐殺の野原|대학살의 들판|Felder des Gemetzels|Champs de carnage|Campos de Masacre|Fields of Carnage
satanicBuffCardCollector|Card Collector|Kortinkerääjä|Colecionador de Cartas|Собиратель карт|卡片收集家|カードコレクター|카드 수집가|Kartensammler|Collectionneur de cartes |Coleccionista de cartas |Card Collector
satanicBuffRelicFeast|Relic Feast|Relic-juhla|Banquete de Relíquias|Пир реликвий|遺物盛宴|遺物の饗宴|유물 향연|Reliktfest|Festin de reliques|Festín de Reliquias|Relic Feast
satanicBuffSpelunker|Spelunker|Spelunker |Explorador de Cavernas|Пещерный исследователь|洞穴探險者|洞窟探検家 |동굴 탐험가|Höhlenforscher|Spéléologue |Espeleólogo|Spelunker
satanicBuffRift|Riftwalker|Riftikävely|Andarilho de Fendas|Странник разломов|裂縫行者|リフトウォーカー|균열의 수호자|Risswanderer|Marcheur des failles|Errante de las Grietas|Riftwalker
satanicBuffIncarnation|Experienced||Experiente|Опытный|身經百戰|経験豊富な |경험이 풍부한 |Erfahren|Expérimenté |Experimentado |Experienced
satanicBuffChaos|Land of Chaos|Kaaoksen maa |Terra do Caos|Земля хаоса|混沌之地|混沌の地 |혼돈의 땅 |Land des Chaos|Terre du Chaos |Tierra del Caos|Land of Chaos
satanicBuffMimic|Mimicry|Matkiminen|Mimetismo|Мимикрия|擬態|擬態|의태|Mimikry|Mimétisme|Mimetismo|Mimicry
satanicBuffDensity|Chaos Density|Kaaoksen tiheys |Densidade do Caos|Плотность хаоса|混沌密度|カオス密度|카오스 밀도|Chaosdichte|Densité du chaos |Densidad del Caos |Chaos Density
|||||||||||
[Satanic Debuffs]|||||||||||
satanicDebuffLightRadius|Dusk’s Shroud|Hämärän käärinliina|Manto do Crepúsculo|Покров сумерек|暮色帷幕|夕暮れの覆い|황혼의 수의|Leichentuch der Dämmerung|Linceul du crépuscule|Sudario del Ocaso|Dusk’s Shroud
satanicDebuffAllResistances|Elemental Erosion|Alkuaineeroosio|Erosão Elemental|Эрозия элементов|元素侵蝕|元素の侵食|원소 침식|Elementare Erosion|Érosion élémentaire|Erosión Elemental|Elemental Erosion
satanicDebuffDamageTaken|Sundered Armor|Sundered Armor|Armadura Despedaçada|Разбитая броня|斷裂鎧甲|鎧の破壊|분열된 갑옷|Zerrissene Rüstung|Armure brisée|Armadura Fragmentada|Sundered Armor
satanicDebuffLife|Vitality Drain|Vitality Drain|Drenagem de Vitalidade|Истощение живучести|生命汲取|生命力の吸収|활력 소모|Vitalitätsentzug|Drain de vitalité|Drenaje de Vitalidad|Vitality Drain
satanicDebuffMana|Essence Drain|Essence Drain|Drenagem de Essência|Истощение сущности|魔力汲取|エッセンスの吸収|에센스 소모|Essenzentzug|Drain d'essence|Drenaje de Esencia|Essence Drain
satanicDebuffDarkness|Abyssal Gloom|Abyssal Gloom|Escuridão Abissal|Бездонная мгла|黑暗深淵|深淵の暗黒|심연의 우울|Abgründige Düsternis|Obscurité abyssale|Penumbra Abisal|Abyssal Gloom
satanicDebuffAllSkills|Skill Debilitation|Taitojen heikkeneminen|Debilitamento de Habilidades|Ослабление навыков|技能衰弱|スキルの衰弱|스킬 약화|Fertigkeitsschwächung|Affaiblissement des compétences|Debilitación de Habilidad|Skill Debilitation
satanicDebuffAllAttributes|Weakening Essence|Heikentävä Essence|Essência Enfraquecora|Ослабляющая сущность|虛弱精華|エッセンスの弱体化|약화된 에센스|Schwächende Essenz|Affaiblissement de l'essence|Esencia Debilitadora|Weakening Essence
satanicDebuffRegen|Lifeflow Starvation|Lifeflow Starvation|Fome de Fluxo Vital|Голод по жизненной силе|生命流逝|生命の流れの飢餓|생명력 흐름 기아|Lebensflussverhungerung|Famine du flux de vie|Inanición del Flujo Vital|Lifeflow Starvation
satanicDebuffLifeSteal|Sanguine Impairment|Sanguine-vamma|Comprometimento Sanguíneo|Кровавое ухудшение|血液衰弱|血の衰弱|혈관 손상|Sanguine Beeinträchtigung|Affaiblissement sanguin|Deterioro Sanguíneo|Sanguine Impairment
satanicDebuffManaSteal|Arcane Impairment|Arkaaninen heikentyminen|Comprometimento Arcano|Тайное ухудшение|奧術衰弱|秘術の衰弱|아케인 손상|Arkane Beeinträchtigung|Affaiblissement des arcanes|Deterioro Arcano|Arcane Impairment
satanicDebuffCooldown01|Consumed Time|Kulutettu aika|Tempo Consumido|Поглощённое время|吞噬時間|時間の消費|소모된 시간|Verbrauchte Zeit|Temps consommé|Tiempo Consumido|Consumed Time
satanicDebuffCooldown02|Absolute Limbo|Absoluuttinen Limbo|Limbo Absoluto|Абсолютный лимб|絕對地獄邊境|絶対的な辺境|절대적 변두리|Absolutes Limbo|Limbes absolus|Limbo Absoluto|Absolute Limbo
satanicDebuffBoulderFall|Boulder Fall|Boulder Fall|Queda de Pedregulho|Падение валуна|巨石墜落|岩の落下|바위 낙하|Felssturz|Chute de rochers|Caída de Rocas|Boulder Fall
satanicDebuffMovementSpeed|Lingering Evil|Viipyvä paha|Mal Persistente|Затяжное зло|邪惡纏綿|長引く悪|남아있는 악|Verweilendes Böses|Mal persistant|Maldad Persistente|Lingering Evil
satanicDebuffMonsterCrit|Fatal Wounds|Kuolemalliset haavat|Feridas Fatais|Смертельные раны|致命傷口|致命傷|치명적 상처|Tödliche Wunden|Blessures mortelles|Heridas Mortales|Fatal Wounds
satanicDebuffMonsterLife01|Bloated Veins|Turvonnut suonet|Veias Inchadas|Раздутые вены|腫脹血管|膨張した静脈|부풀어오른 정맥|Geschwollene Adern|Veines gonflées|Venas Hinchadas|Bloated Veins
satanicDebuffMonsterLife02|Abnormal Dwelling|Epänormaali Asunto|Habitação Anormal|Аномальное обиталище|異常居所|異常な住処|비정상적인 거주|Abnormales Wohnen|Habitat anormal|Morada Anormal|Abnormal Dwelling
satanicDebuffMonsterLife03|Colossal Bloating|Valtava turvotus|Inchaço Colossal|Колоссальное раздутие|巨型膨脹|巨大な膨張|거대한 부풀어오름|Kolossale Aufblähung|Ballonnement colossal|Hinchazón Colosal|Colossal Bloating
satanicDebuffNecrosis|Necrosis|Nekroosi|Necrose|Некроз|壞死|壊死|괴사|Nekrose|Nécrose|Necrosis|Necrosis
satanicDebuffPoisonDuration|Venomous Presence|Myrkyllinen läsnäolo|Presença Venenosa|Ядовитое присутствие|劇毒附著|毒の存在|독이 있는 존재|Giftige Präsenz|Présence venimeuse|Presencia Venenosa|Venomous Presence
satanicDebuffFlamingAgony|Flaming Agony|Lievä tuska|Agonia Flamejante|Пылающая агония|燃燒痛苦|燃える苦痛|불타는 고통|Flammende Qual|Agonie enflammée|Agonía Llameante|Flaming Agony
satanicDebuffMonsterSpeed|Unholy Agility|Epäpyhä Agility|Agilidade Profana|Нечестивая ловкость|不潔敏捷|不浄な敏捷性|불경스러운 민첩성|Unheilige Beweglichkeit|Agilité impie|Agilidad Profana|Unholy Agility
satanicDebuffBlockDisabled|Broken Armor|Rikkoutunut panssari|Armadura Quebrada|Сломанная броня|破碎護甲|鎧の破壊|깨진 갑옷|Zerbrochene Rüstung|Armure brisée|Armadura Rota|Broken Armor
satanicDebuffStackedBleeding|Hemorrhage|Verenvuoto|Hemorragia|Кровотечение|出血|出血|지속적 출혈|Blutung|Hémorragie|Hemorragia|Hemorrhage
satanicDebuffCripplingSlow|Crippling Slow|Lamauttavaa hidasta |Lentidão Incapacitante|Калечащее замедление|致殘緩速|麻痺させるほどのスロー |심각한 둔화|Lähmende Verlangsamung|Lenteur invalidante |Ralentización Agobiante|Crippling Slow
|||||||||||
[Unique Buffs]|||||||||||
buff_turret_damage|Turret Damage Increased by |Tornin vauriot lisääntyneet |Dano da Torreta Aumentado|Урон турели повышен|砲台傷害提高|タレットのダメージが増加|포탑 데미지 증가|Turmschaden erhöht um|Dégâts des tourelles augmentés de |Daño de Torreta aumentado un|Obrażenia Turret zwiększone o
buff_turret_attack_speed|Turret Attack Speed Increased by |Tornin hyökkäysnopeus lisääntynyt |Velocidade de Ataque da Torreta Aumentada|Скорость атаки турели повышена|砲台攻擊速度提高|タレットの攻撃速度が増加|포탑 공격 속도 증가|Turmangriffsgeschwindigkeit erhöht um|Vitesse d'attaque des tourelles augmentée de |Velocidad de Ataque de Torreta aumentada un|Szybkość ataku Turret zwiększona o
buff_suffering|Suffering |Kärsimystä |Sofrimento|Страдание|苦痛|バフ_苦しみ |고통|Erleiden von|Souffrance : |Sufrimiento|Cierpienie
buff_poison_damage_per_second|Poison Damage per second.|Myrkkyvaurio sekunnissa.|Dano de Veneno por Segundo|Урон от яда в секунду|每秒中毒傷害。|毒ダメージを1秒ごとに受ける。|초당 독 데미지.|Giftschaden pro Sekunde.| de dégâts de poison par seconde.|Daño de Veneno por segundo.|Obrażenia trujące na sekundę.
buff_burning_damage_per_second|Burning Damage per second.|Palava vahinko sekunnissa.|Dano de Queimadura por Segundo|Урон от горения в секунду|每秒燃燒傷害。|燃焼ダメージを1秒ごとに受ける。|초당 화상 데미지.|Brennschaden pro Sekunde.| de dégâts de brûlure par seconde.|Daño de Quemadura por segundo.|Obrażenia palenia na sekundę.
buff_bleeding_damage_per_second|Bleeding Damage per second.|Verenvuotovaurio sekunnissa.|Dano de Sangramento por Segundo|Урон от кровотечения в секунду|每秒流血傷害。|出血ダメージを1秒ごとに受ける。|초당 출혈 데미지.|Blutungsschaden pro Sekunde.|Dégâts de saignement par seconde. |Daño de Sangrado por segundo.|Obrażenia krwawienia na sekundę.
buff_damage_taken_increased|Damage taken Increased by |Otettu vahinko lisääntynyt |Dano Recebido Aumentado|Получаемый урон повышен|承受的傷害提高|受けるダメージが増加|받는 데미지 증가|Erlittener Schaden erhöht um|Dégâts subis augmentés de |Daño recibido aumentado un|Otrzymane obrażenia zwiększone o
buff_paralyzed|Paralyzed, unable to attack or cast.|Halvautunut, ei pysty hyökkäämään tai heittämään. |Paralisado, incapaz de atacar ou conjurar|Парализован, невозможно атаковать или применять заклинания|麻痺，無法攻擊或施法。|麻痺し、攻撃や詠唱ができなくなる。 |마비, 공격 또는 시전 불가.|Gelähmt, unfähig anzugreifen oder zu zaubern.|Paralysé (incapable d'attaquer ou de lancer des sorts.)|Paralizado, no puedes atacar ni lanzar hechizos.|Sparaliżowany, nie można atakować ani rzucać.
|||||||||||
[Augments]|||||||||||
augment|Augment|Lisävoima|Aprimoramento|Усиление|增強|増強|증강|Augment|Augmentation|Aumento|Augment
per_level|per level|per taso|por nível|за уровень|每一級|レベルごと|레벨당|pro Level|par niveau|por nivel|na poziom
per_point|per point|per piste|por ponto|за очко|每一點|ポイントごと |포인트당|pro Punkt|par point|por punto|na punkt
|||||||||||
[Misc]|||||||||||
spell_type_chainlightning|Chain Lightning|Ketjun salama|Relâmpago em Cadeia|Цепная молния|連鎖閃電特效|チェインライトニング|체인 라이트닝|Kettenblitz|Chaîne d'éclairs|Cadena de relámpagos|Chain Lightning
spell_type_explosion|Explosion|Räjähdys|Explosão|Взрыв|爆炸|爆発|폭발|Explosion|Explosion|Explosión|Explosion
tower_reward_chest|Tower Reward Chest|Tornin palkintoarkku |Baú de Recompensa da Torre|Наградной сундук башни|渾沌塔獎勵寶箱|タワー報酬チェスト|타워 보상 상자|Turm-Belohnungstruhe|Coffre de récompense de la tour |Cofre de recompensas de la torre |Skrzynia nagrody z wieży
item_dropped_by_mf|of Fortune|onnen|da Sorte|удачи|幸運之|幸運|행운의|des Glücks|de la Fortune|de la Fortuna|of Fortune
item_unique_equipped|Unique Equipped|Ainutlaatuinen Varustettu|Único Equipado|Уникальный предмет экипирован|獨特裝備|ユニーク装備|고유 장비|Einzigartig ausgerüstet|Unique équipé|Único Equipado|Unique Equipped
item_cloned|Mirrored||Espelhado|Зеркальный|鏡像|ミラード |복제된|Gespiegelt|En miroir |Reflejado|Mirrored
item_twisted|Twisted|||Скрученный|扭曲的||비틀어진|||Alterado|
unidentified|Unidentified|Tuntematon|Não Identificado|Неопознанный|未鑑定|未確認|미확인|Unidentifiziert|Non identifié|Sin identificar|Nieidentyfikowany
identify|Right Click to Identify|Napsauta hiiren kakkospainikkeella tunnistaaksesi|Clique com o Botão Direito para Identificar|Щёлкните правой кнопкой для опознания|點擊右鍵鑑定|右クリックして確認|식별하려면 마우스 오른쪽 클릭|Rechtsklick zum Identifizieren|Clic droit pour identifier|Clic derecho para identificar|Prawy przycisk aby zidentyfikować
identify_mobile|Double Tap to Identify|Tunnista kaksoisnapauttamalla|Toque Duplo para Identificar|Дважды нажмите для опознания|雙擊鑑定|ダブルタップして確認|식별하려면 두 번 탭|Doppeltippen zum Identifizieren|Appuyez deux fois pour identifier|Toca dos veces para identificar|Podwójne tapnięcie aby zidentyfikować
identify_gamepad|Press [input_gamepad,0] to Identify|Paina [input_gamepad,0] tunnistaaksesi|Pressione [input_gamepad,0] para Identificar|Нажмите [input_gamepad,0] для опознания|按下[input_gamepad,0]以鑑定|[input_gamepad,0] を押して確認|식별하려면 [input_gamepad,0]을 누르세요|Drücken Sie [input_gamepad,0] zum Identifizieren|Appuyez sur [input_gamepad,0] pour identifier|Presiona [input_gamepad,0] para identificar|Naciśnij [input_gamepad,0] aby zidentyfikować
receives_bonuses|Receives Bonuses From:|Saa bonuksia:|Recebe Bônus de|Получает бонусы от|獲得協同傷害加成來自： |ボーナスを受け取る対象:|보너스 수신:|Erhält Boni von:|Reçoit des bonus de :|Recibe bonificaciones de:|Otrzymuje bonusy od:
aura_self|Holder Only|Vain haltija|Apenas para o Portador|Только для владельца|僅供持有者使用|所有者のみ|소지자만|Nur Inhaber|Titulaire uniquement|Solo para el portador|Tylko dla posiadacza
castProc|Cast|Heittää|Conjuração|Применение заклинания|施放|キャスト|시전|Wirken|Cast|Lanzar|Rzut
attackProc|Attack|Hyökkäys|Ataque|Атака|攻擊|攻撃|공격|Angreifen|Attaque|Atacar|Atak
scales_from|Scales from|Vaa'at alkaen|Escala com|Масштабируется от|加成源自|スケール|다음에서 스케일|Skalen von|Échelles de|Escala con|Skaluje z
cast|Cast|Heittää|Conjuração|Применение заклинания|施放|キャスト|시전|Wirken|Cast|Lanzamiento|Rzut
show_loot_info|Show Information|Näytä tiedot|Mostrar Informações|Показать информацию|顯示資訊|情報を表示|정보 표시|Informationen anzeigen|Afficher les informations|Mostrar información|Pokaż informacje
gem|Gem|Helmi|Gema|Самоцвет|寶石|宝石|젬|Edelstein|Gemme|Gema|Klejnot
jewel|Jewel|Helmi|Joia|Ювелирное изделие|珠寶|宝石 |쥬얼|Juwel|Bijou |Joya|Jewel
orb|Orb|Orb|Orbe|Сфера|寶球|オーブ|오브|Kugel|Orbe|Orbe|Orb
skill_summon|Summon|Kutsu|Invocação|Призыв|召喚物|召喚|소환|Beschwörung|Invocation|Invocación|Przywołanie
skill_sentry|Sentry|Vartiomies|Sentinela|Часовой|哨兵|セントリー|센트리|Wachturm|Sentinelle|Centinela|Wartownik
skill_explosion|Explosion|Räjähdys|Explosão|Взрыв|爆炸|爆発|폭발|Explosion|Explosion|Explosión|Wybuch
skill_guardian|Guardian|Suojelija|Guardião|Страж|守護者|ガーディアン|가디언|Wächter|Gardien|Guardián|Strażnik
unbreakable_desc|Cannot be prospected|Ei voida ennakoida|Não Pode Ser Prospectado|Нельзя prospect|無法探礦|探査不可|추출불가|Kann nicht erkundet werden|Ne peut pas être prospecté|No se puede desguazar|Nie można prospektować
scaling|scaling|skaalaus|Escala|масштабирование|縮放|スケーリング|스케일링|Skalierung|Échelle|Escalado|skalowanie
base|Base|Pohja|Base|База|基礎|基本|베이스|Basis|Base|Base|Baza
quality|Quality|Laatu|Qualidade|Качество|品質|品質|품질|Qualität|Qualité|Calidad|Jakość
node_rich|Rich|Rikas|Rico|Богатый|富有的|リッチ|풍부|Reich|Riche|Rico|Bogaty
node_overflowing|Overflowing|Ylivuoto|Transbordante|Переполненный|充盈的|あふれ出る|넘침|Überfließend|Débordement|Rebosante|Przelewający się
node_bottomless|Bottomless||Sem fundo |Бездонный|無盡的|底なし |밑바닥이 없는|Unbegrenzt |Sans fond |Inagotable|Bez dna 
spiderling|Spiderling|Hämähäkki|Filhote de Aranha|Паучок|小蜘蛛|スパイダーリング|거미 새끼|Spinnenling|Araignée|Cría de araña|Spiderling
satanic_zone|Satanic Zone|Saatanallinen vyöhyke|Zona Satânica|Зона Сатаны|撒旦地帶|サタニックゾーン|사탄의 영역|Satanische Zone|Zone satanique|Zona Satánica|Satanic Zone
drop_chance|Drop Chance|Pudota mahdollisuus|Chance de Queda|Шанс выпадения|掉落機率|ドロップ確率|드랍 확률|Fallchance|Chances de chute|Probabilidad de obtención|Szansa na drop
floor_cleared|Floor Cleared|Lattia tyhjennetty |Andar Concluído|Этаж пройден|完成層數|フロアクリア |플로어 클리어 |Boden geräumt|Étage nettoyé |Piso completado|Piętro wyczyszczone
gold_spent|Gold Spent|Kulta käytetty|Ouro Gasto|Золото потрачено|花費金幣|使ったゴールド|골드 지출|Ausgegebenes Gold|Or dépensé|Oro gastado|Złoto wydane
gamble_for|Gamble for|Pelaa uhkapeliä varten |Apostar em|Сыграть на|賭博：|ギャンブル |도박|Glücksspiel für|Misez pour |Apostar por|Gamble for
bpToken|Token|Merkki|Ficha|Жетон|代幣|トークン|토큰|Token|Jeton|Ficha|Token
bpTokens|Tokens|Merkkejä|Fichas|Жетоны|代幣|トークン |토큰들|Token|Jetons |Fichas|Tokeny
journal|Journal|Päiväkirja|Diário|Журнал|日誌|ジャーナル |저널|Logbuch|Journal |Diario|Dziennik
title|Title|Otsikko|Título|Титул|稱號|タイトル|제목|Titel|Titre|Título|Tytuł
item_cannot_be_sold|Item cannot be sold|Esettä ei voi myydä|Item não pode ser vendido|Предмет нельзя продать|物品無法出售|アイテムは販売できない|아이템 판매 불가|Gegenstand nicht verkaufbar|L'objet ne peut pas être vendu|El artículo no se puede vender|Przedmiot nie może być sprzedany
vault_reap|Reap|Niitä|Colher|Сбор|收割|収穫|수확|Ernte|Récoltez|Cosechar|Żniwo
vault_common|souls from any monster in Act|Sieluja hirviöiltä alueelta|almas de qualquer monstro no Ato|душ с любого монстра в акте|任何怪物的靈魂來自章節|Actのどのモンスターからも魂を |3막의 모든 몬스터에게서 얻는 영혼|Seelen von beliebigen Monstern in Akt|Âmes de n'importe quel monstre de l'Acte|almas de cualquier monstruo en el acto|dusz z dowolnego potwora w Akcie
vault_legion|souls from Legion monsters in Act|Sieluja legioona hirviöiltä alueelta|almas de monstros de Legião no Ato|душ с легионных монстров в акте|任何軍團怪物的靈魂來自章節|Actのレギオンモンスターの魂 |3막의 군단 몬스터에게서 얻는 영혼|Seelen von Legion-Monstern in Akt|Âmes des monstres de la Légion dans l'Acte|almas de monstruos de la Legión en el acto|dusz z legionów w Akcie
vault_boss|souls from||almas de|душ из|靈魂來自|からの魂 |영혼 |Seelen von|Âmes de |almas de |dusz z
vault_unlock|Unlock the Essence Vault|Avaa esanssiholvi|Desbloquear o Cofre de Essências|Разблокировать Хранилище сущностей|解鎖精華寶庫|エッセンス保管庫を開放|에센스 보관소 잠금 해제|Öffne die Essenzkammer|Déverrouillez le coffre à essence|Desbloquear la Bóveda de Esencias|Odblokuj Essence Vault
vault_locked|Can be unlocked after fulfilling its contract|Voidaan avata sopimuksen täyttämisen jälkeen|Pode ser desbloqueado após cumprir seu contrato|Можно разблокировать после выполнения контракта|完成合約後即可解鎖|契約を達成すると開放可能|계약을 이행하면 잠금 해제 가능|Kann nach Erfüllung des Vertrags freigeschaltet werden|Peut être déverrouillé après avoir rempli son contrat|Se puede desbloquear tras cumplir su contrato|Może być odblokowane po spełnieniu kontraktu
vault_reward|Rewards when unlocked|Palkinnot avattaessa|Recompensas ao desbloquear|Награды при разблокировке|解鎖時獎勵|開放時の報酬|잠금 해제 시 보상|Belohnungen nach Freischaltung|Récompenses une fois déverrouillé|Recompensas al desbloquear|Nagrody po odblokowaniu
vault_sealed|Sealed|Sinetöity |Selado|Запечатано|已封印|封印済み|봉인됨|Versiegelt|Scellé |Sellado |Zapieczętowany
codex_tier|Eternity Tier||Nível Eternidade|Уровень кодекса|永恆階級|エターニティ・ティア|영원한 티어|Ewigkeit-Stufe|Palier Éternité|Tier Eterna|Poziom Wieczności
codex_upgrade_buff|All codex buffs are increased by||Todos os bônus do Códice são aumentados por|Все баффы кодекса увеличиваются на|所有法典增益效果提高|すべてのコーデックス・バフが強化される|모든 코덱스 버프 증가|Alle Codex-Boni werden erhöht durch|Tous les bonus du Codex sont augmentés par|Todos los beneficios de codex aumentados en|Wszystkie wzmocnienia z kodeksu są zwiększane przez
codex_entries|Codex Entries||Entradas do Códice |Записи Кодекса|法典條目|コーデックス・エントリー |코덱스 항목|Codex-Einträge |les entrées du Codex |Entradas al Codex|Wpisy w kodeksie
|||||||||||
[Tags]|||||||||||
abilityTagExplosion|Explosion|Räjähdys|Explosão|Взрыв|爆炸|爆発|폭발|Explosion|Explosion|Explosión|Wybuch
abilityTagOrbit|Orbital|Kiertorata|Orbital|Орбитальный|環繞|軌道|궤도|Orbital|Orbital|Orbital|Orbitalny
abilityTagAoe|Area of Effect|Vaikutusalue|Área de Efeito|Радиус по площади|範圍效果|範囲効果|효과 범위|Wirkungsbereich|Zone d'effet|Área de efecto|Obszar efektu
abilityTagProjectile|Projectile|Ammuksen|Projétil|Снаряд|投射物|発射物|투사체|Projektil|Projectile|Proyectil|Pociskowy
abilityTagChaining|Chaining|Ketjuttaminen|Em Cadeia|Цепной|連鎖|連鎖|연쇄|Verkettung|Enchaînement|Encadenamiento|Łańcuchowy
abilityTagMovement|Movement|Liike|Movimento|Движение|移動|移動|이동|Bewegung|Mouvement|Movimiento|Ruch
abilityTagBlink|Blink|Räpäytys|Piscar|Мгновенное перемещение|閃現|ブリンク|점멸|Blinken|Clinique|Parpadeo|Blink
abilityTagGuardian|Guardian|Vartija|Guardião|Страж|守護者|ガーディアン|수호자|Wächter|Gardien|Guardián|Strażnik
abilityTagSummon|Summon|Kutsuminen|Invocação|Призыв|召喚|召喚|소환|Beschwörung|Invocation|Invocación|Przywołanie
abilityTagSentry|Sentry|Vartio|Sentinela|Часовой|哨兵|セントリー|파수꾼|Wachturm|Sentinelle|Centinela|Wartownik
abilityTagAura|Aura|Aura|Aura|Аура|光環|オーラ|오라|Aura|Aura|Aura|Aura
abilityTagBuff|Buff|Parannus|Buff|Усиление|增益|バフ|버프|Stärkung|Buff|Mejora|Buff
abilityTagAilment|Ailment |Vaiva|Efeito Negativo|Негативный эффект|異常狀態|状態異常|상태 이상|Leiden|Affection|Achaque|Dolegliwość
abilityTagPassive|Passive|Passiivinen|Passiva|Пассивный|被動|パッシブ|패시브|Passiv|Passif|Pasiva|Pasywna
abilityTagActive|Active|Aktiivinen|Ativa|Активный|主動|アクティブ|액티브|Aktiv|Actif|Activa|Aktywna
abilityTagMelee|Melee|Lähitaisteluun|Corpo a Corpo|Ближний бой|近戰|近接|근접|Nahkampf|Mêlée|Cuerpo a cuerpo|Melee
abilityTagStrike|Strike|Isku|Golpe|Удар|打擊|ストライク|스트라이크|Schlag|Frappe|Golpe|Uderzenie
abilityTagRanged|Ranged|Etäisyys|Longo Alcance|Дальний бой|遠程|遠隔|원거리|Fernkampf|À distance|A distancia|Dystansowa
abilityTagSpell|Spell|Loitsu|Feitiço|Заклинание|法術|呪文 |주문 |Zauber|Sort|Hechizo|Czar
abilityTagRelic|Relic |Muinaisjäänne|Relíquia|Реликвия|遺物|レリック|유물|Relikt|Relique|Reliquia|Relikt
abilityTagFollower|Follower|Seuraaja|Seguidor|Последователь|追隨者|フォロワー|추종자|Anhänger|Suiveur|Seguidor|Follower
abilityTagQuest|Quest|Tehtävä |Missão|Задание|任務|クエスト|퀘스트|Quest|Quête |Misión |Zadanie
abilityTagShield|Shield||Escudo|Щит|盾牌|シールド|방어막|Schild|Bouclier|Escudo|Tarcza
abilityTagCharge|Charge||Investida|Рывок|衝鋒|チャージ|충전|Stürmen|Charge|Carga|Szarża
abilityTagChainLightning|Chain Lightning||Relâmpago em Cadeia|Цепная молния|連鎖閃電|チェーンライトニング|연쇄 번개|Kettenblitz|Éclair en chaîne|Relámpago en cadena|Chain Lightning
abilityTagShapeShifting|Shape Shift||Transformação|Смена формы|變形|シェイプシフト |형태 변환 |Gestaltwandlung|Métamorphose |Cambio de forma |Shape Shift
abilityTagLeap|Leap||Salto |Прыжок|跳躍|飛躍 |도약|Sprung |Saut |Salto|Skok 
|||||||||||
craft_charm|Non Unique Item|Ei ainutlaatuinen kohde|Item Não Único|Не уникальный предмет|非傳奇物品|ユニークでないアイテム|비 유니크 아이템|Nicht einzigartiger Gegenstand|Objet non unique|Objeto no Único|Nieunikalny przedmiot
craft_weapon|Weapon|Mikä tahansa ase|Qualquer Arma|Любое оружие|任何武器|任意の武器|모든 무기|Jede Waffe|Arme|Cualquier Arma|Dowolna broń
craft_any_item|Item|Kaikki laitteet|Qualquer Equipamento|Любая экипировка|任意裝備|任意の装備|모든 장비|Jede Ausrüstung|Objet|Cualquier Pieza de Equipo|Dowolny ekwipunek
craft_roll_sockets|Roll Sockets|Roll Sockets|Adicionar Slots|Вставить слоты|重骰洞數|ソケットをロール|소켓 뚫기|Sockel würfeln|Emplacements de lancement|Generar Ranuras|Losuj gniazda
craft_destroy_sockets|Destroy Sockets|Tuhoa soketit|Destruir Slots|Уничтожить слоты|摧毀一般裝備上的洞數|ソケットを破壊|소켓 파괴|Sockel zerstören|Détruire les emplacements|Destruir Ranuras|Zniszcz gniazda
craft_gypsys_prophecy|Apply Gypsy´s Prophecy|Käytä mustalaisennustusta|Aplicar Profecia da Cigana|Применить Пророчество цыганки|使用吉普賽的預言|ジプシーの予言を適用|집시의 예언 적용|Prophezeiung des Zigeuners anwenden|Appliquer la Prophétie de Gypsy|Aplicar la Profecía Gitana|Zastosuj Gypsy´s Prophecy
craft_destiny_shard|Apply Destiny Shard|Käytä kohtalon sirpaletta|Aplicar Fragmento do Destino|Применить Осколок судьбы|使用命運碎片|運命の破片を適用|운명의 파편 적용|Schicksalssplitter anwenden|Appliquer l'Éclat du Destin|Aplicar Esquirla del Destino|Zastosuj Destiny Shard
craft_prophets_wisdom|Cleanse Corruption|Puhdista korruptio|Purificar Corrupção|Очистить порчу|淨化腐化|腐敗を浄化|부패 정화|Verderbnis läutern|Nettoyer la Corruption|Limpiar Corrupción|Oczyść korupcję
craft_infuse_lesser_dust|Infuse Lesser Unstable Dust|Lisää vähemmän epävakaata pölyä|Infundir Poeira Instável Menor|Влить малую нестабильную пыль|注入較小的不穩定粉塵埃|不安定な塵を弱体化|하급 불안정한 가루 주입|Schwacheren instabilen Staub einflößen|Infuser la Poussière Instable Inférieure|Imbuir con Polvo Inestable Menor|Infuzja Mniejszego Niestabilnego Pyłu
craft_infuse_dust|Infuse Unstable Dust|Lisää epävakaata pölyä|Infundir Poeira Instável|Влить нестабильную пыль|注入不穩定粉塵|不安定な塵を弱体化|불안정한 가루 주입|Instabilen Staub einflößen|Infuser la Poussière Instable Inférieure|Imbuir con Polvo Inestable|Infuzja Niestabilnego Pyłu
craft_infuse_greater_dust|Infuse Greater Unstable Dust|Lisää suurempaa epävakaata pölyä |Infundir Poeira Instável Maior|Влить большую нестабильную пыль|注入更大的不穩定粉塵|不安定な塵を強体化 |상급 불안정한 가루 주입 |Großeren instabilen Staub einflößen|Infuser la Poussière Instable Inférieure |Imbuir con Polvo Inestable Superior|Infuzja Większego Niestabilnego Pyłu
craft_re_roll_charm|Re-roll Affixes|Rullaa kiinnitykset uudelleen|Rerolar Afixos|Перебросить аффиксы|重骰詞綴|アフィックスを再ロール|접사 재굴리기|Affixierungen neu würfeln|Relancer les affixes|Volver a tirar Afijos|Przelosuj afiksy
craft_angelic_augment|Angelic Augment|Enkelinen lisäys|Aprimoramento Angélico|Ангельское усиление|天使強化|天使の強化|천사 증강|Engelhafte Verstärkung|Augmentation angélique|Aumento Angelical|Anielski Augment
craft_common_item|Common White Item|Yhteinen valkoinen esine |Item Comum Branco|Обычный белый предмет|普通白色物品|一般的な白のアイテム |일반 화이트 아이템|Gewöhnlicher weißer Gegenstand|Objet blanc commun |Objeto Común (Blanco)|Zwykły biały przedmiot
craft_any_satanic|Any Satanic Item|Mikä tahansa saatanallinen esine|Qualquer Item Satânico|Любой предмет Сатаны|任何撒旦物品|あらゆるサタニックアイテム|모든 사탄 아이템|Jeder satanische Gegenstand|Tout objet satanique|Cualquier Objeto Satánico|Dowolny przedmiot Satanic
craft_satanic_d|D-Tier Satanic||Satânico Nível D|Сатанинский уровень D|D階級撒旦|Dランク・サタニック|D-티어 사탄|Satanisch (D-Rang)|Satanique de rang D|Satánico de Tier D|Poziom D (Satanistyczny)
craft_satanic_c|C-Tier Satanic||Satânico Nível C|Сатанинский уровень C|C階級撒旦|Cランク・サタニック|C-티어 사탄|Satanisch (C-Rang)|Satanique de rang C|Satánico de Tier C|Poziom C (Satanistyczny)
craft_satanic_b|B-Tier Satanic||Satânico Nível B|Сатанинский уровень B|B階級撒旦|Bランク・サタニック|B-티어 사탄|Satanisch (B-Rang)|Satanique de rang B|Satánico de Tier B|Poziom B (Satanistyczny)
craft_satanic_a|A-Tier Satanic||Satânico Nível A|Сатанинский уровень A|A階級撒旦|Aランク・サタニック|A-티어 사탄|Satanisch (A-Rang)|Satanique de rang A|Satánico de Tier A|Poziom A (Satanistyczny)
craft_satanic_s|S-Tier Satanic||Satânico Nível S|Сатанинский уровень S|S階級撒旦|Sランク・サタニック|S-티어 사탄|Satanisch (S-Rang)|Satanique de rang S|Satánico de Tier S|Poziom S (Satanistyczny)
craft_satanic_ss|SS-Tier Satanic||Satânico Nível SS |Сатанинский уровень SS|SS階級撒旦|SSランク・サタニック |SS-티어 사탄|Satanisch (SS-Rang) |Satanique de rang SS |Satánico de Tier SS|Poziom SS (Satanistyczny)
|||||||||||
|||||||||||
craft_any_common|Any Common Item|Mikä tahansa yhteinen kohde|Qualquer Item Comum|Любой обычный предмет|任意普通物品|あらゆる一般アイテム|모든 일반 아이템|Jeder gewöhnliche Gegenstand|Tout objet commun|Cualquier Objeto Común|Dowolny zwykły przedmiot
craft_any_mythic|Any Mythic Item|Mikä tahansa myyttinen esine |Qualquer Item Mítico|Любой мифический предмет|任意神話物品|あらゆる神話アイテム |모든 신화 아이템 |Jeder mythische Gegenstand|Tout objet mythique |Cualquier objeto mítico |Dowolny przedmiot Mythic
craft_tier_dust|Satanic Crystal Fragment|Saatanallinen kristallifragmentti|Fragmento de Cristal Satânico|Фрагмент кристалла Сатаны|撒旦水晶碎片|サタニッククリスタルの破片|사탄 수정 조각|Satanisches Kristallfragment|Fragment de cristal satanique|Fragmento de Cristal Satánico|Fragment Kryształu Satanic
craft_mythic_dust|Mythic Dust based on Tier|Mythic Dust perustuu tasoon|Poeira Mítica Baseada no Nível|Мифическая пыль в зависимости от уровня|基於階級的神話粉塵|ティアに応じたミシックダスト|티어에 따른 신화의 가루|Mythischer Staub basierend auf der Stufe|Poussière mythique selon le niveau|Polvo Mítico según el Nivel|Mythic Dust na podstawie tieru
craft_weapon_augment_ranger|Random Ranged Weapon Augment|Random Ranged Weapon Augment|Aprimoramento Aleatório de Arma de Longo Alcance|Случайное усиление дальнобойного оружия|隨機增强遠程武器|ランダム遠距離武器強化|무작위 원거리 무기 증강|Zufällige Fernkampfwaffenverstärkung|Augmentation aléatoire d'arme à distance|Aumento Aleatorio de Arma a Distancia|Losowy augment broni dystansowej
craft_weapon_augment_warrior|Random Melee Weapon Augment|Satunnainen lähitaistelu aseen lisäys|Aprimoramento Aleatório de Arma Corpo a Corpo|Случайное усиление оружия ближнего боя|隨機增强近戰武器|ランダム近接武器強化|무작위 근접 무기 증강|Zufällige Nahkampfwaffenverstärkung|Augmentation aléatoire d'arme de mêlée|Aumento Aleatorio de Arma Cuerpo a Cuerpo|Losowy augment broni melee
craft_weapon_augment_mage|Random Caster Weapon Augment|Random Caster Weapon Augment|Aprimoramento Aleatório de Arma de Conjurador|Случайное усиление оружия заклинателя|隨機增强法術武器|ランダムキャスター武器強化|무작위 캐스터 무기 증강|Zufällige Zauberwaffenverstärkung|Augmentation aléatoire d'arme de lanceur|Aumento Aleatorio de Arma de Hechicero|Losowy augment broni castera
craft_weapon_augment_level|Weapon Augment Level|Aseen lisäyksen taso|Nível de Aprimoramento de Arma|Уровень усиления оружия|强化武器等级|武器強化レベル|무기 증강 레벨|Waffenverstärkungsstufe|Niveau d'augmentation d'arme|Nivel de Aumento de Arma|Poziom augmentu broni
craft_glyph|Glyph|Glyph |Glifo|Глиф|雕文|グリフ |글리프|Glyphe|Glyphe |Glifo|Glyph
weapon_sword|Sword|Miekka|Espada|Меч|劍|剣|검|Schwert|Épée|Espada|Miecz
weapon_dagger|Dagger|Puukko|Adaga|Кинжал|匕首|短剣|단검|Dolch|Dague|Daga|Sztylet
weapon_mace|Mace|Nuija|Maça|Булава|錘|メイス|메이스|Streitkolben|Masse|Maza|Maczuga
weapon_axe|Axe|Kirves|Machado|Топор|斧|斧|도끼|Axt|Hache|Hacha|Topór
weapon_claw|Claw|Koura|Garra|Коготь|爪|爪|크로우|Klaue|Griffe|Garra|Pazur
weapon_polearm|Polearm|Varsiase|Arma de Haste|Древковое оружие|長柄武器|ポールアーム|장창|Stangenwaffe|Arme d'hast|Arma de Asta|Halabarda
weapon_chainsaw|Chainsaw|Moottorisaha|Serra Elétrica|Бензопила|電鋸|チェーンソー|전기톱|Kettensäge|Tronçonneuse|Motosierra|Piła łańcuchowa
weapon_staff|Staff|Taistelukeppi|Cajado|Посох|長杖|杖|스테프|Stab|Bâton|Bastón|Laska
weapon_cane|Cane|Kävelykeppi|Bengala|Трость|手杖|杖|케인|Spazierstock|Canne|Vara|Laska
weapon_wand|Wand|Sauva|Varinha|Жезл|魔杖|ワンド|완드|Zauberstab|Baguette|Varita|Różdżka
weapon_book|Book|Kirja|Livro|Книга|書本|本|책|Buch|Livre|Libro|Książka
weapon_spellblade|Spellblade|Taikamiekka|Lâmina Mágica|Клинок заклинаний|魔法短剑|スペルブレード|주문검|Zauberklinge|Magi'lame|Espada Mágica|Spellblade
weapon_bow|Bow|Jousi|Arco|Лук|弓|弓|활|Bogen|Arme de lancer|Arco|Łuk
weapon_gun|Gun|Ampuma-ase|Arma de Fogo|Огнестрельное оружие|槍|銃|총|Gewehr|Arme à feu|Pistola|Broń palna
weapon_flask|Flask|Pullo|Frasco|Зелье|魔瓶|フラスコ|플라스크 |Flasche|Flasque|Frasco|Flaszka
weapon_throwing|Throwing|Heittoase|Arremesso|Метательное|投擲武器|投擲|투척무기|Werfen|Arme de jet|Arma Arrojadiza|Miotana
weapon_universal|Novelty|Keräilyesine|Novidade|Новинка|新奇物品|ノベルティ|참신함|Neuheit|Nouveauté|Novedad|Nowość
item_bodyarmor|Body Armor|Haarniska|Armadura Corporal|Нагрудная броня|胸甲|ボディアーマー|갑옷|Körperpanzerung|Armure|Armadura|Zbroja korpusu
item_helmet|Helmet|Kypärä|Elmo|Шлем|頭盔|ヘルメット|헬멧|Helm|Casque|Yelmo|Hełm
item_shield|Shield|Kilpi|Escudo|Щит|盾牌|シールド|방패|Schild|Bouclier|Escudo|Tarcza
item_boots|Boots|Kengät|Botas|Сапоги|鞋子|ブーツ |부츠|Stiefel|Bottes|Botas|Buty
|||||||||||
[Achievements]|||||||||||
satanicItem01_desc|Obtain a Satanic Item|Hanki saatanallinen esine|Obter um Item Satânico|Получить предмет Сатаны|獲得一件撒旦物品|悪魔のアイテムを入手|사탄 아이템 획득|Erhalte einen satanischen Gegenstand|Obtenir un objet satanique|Consigue un Objeto Satánico|Uzyskaj przedmiot Satanic
satanicItem02_desc|Obtain 50 Satanic Items|Hanki 50 saatanallista esinettä|Obter 50 Itens Satânicos|Получить 50 предметов Сатаны|獲得50個撒旦物品|悪魔のアイテムを 50 個入手|사탄 아이템 50개 획득|Erhalte 50 satanische Gegenstände|Obtenir 50 objets sataniques|Consigue 50 Objetos Satánicos|Uzyskaj 50 przedmiotów Satanic
satanicItem03_desc|Obtain 200 Satanic Items|Hanki 200 saatanallista esinettä|Obter 200 Itens Satânicos|Получить 200 предметов Сатаны|獲得200個撒旦物品|悪魔のアイテムを 200 個入手|사탄 아이템 200개 획득|Erhalte 200 satanische Gegenstände|Obtenir 200 objets sataniques|Consigue 200 Objetos Satánicos|Uzyskaj 200 przedmiotów Satanic
angelicItem01_desc|Obtain an Angelic Item|Hanki enkelitarvike|Obter um Item Angélico|Получить ангельский предмет|獲得一件天使物品|天使のアイテムを入手|천사 아이템 획득|Erhalte einen Engelsgegenstand|Obtenir un objet angélique|Consigue un Objeto Angelical|Uzyskaj przedmiot Anielski
angelicItem02_desc|Obtain 5 Angelic Items|Hanki 5 Enkeli-esinettä|Obter 5 Itens Angélicos|Получить 5 ангельских предметов|獲得5個天使物品|天使のアイテムを 5 個入手|천사 아이템 5개 획득|Erhalte 5 Engelsgegenstände|Obtenir 5 objets angéliques|Consigue 5 Objetos Angelicales|Uzyskaj 5 przedmiotów Anielskich
angelicItem03_desc|Obtain 10 Angelic Items|Hanki 10 Enkeli-esinettä|Obter 10 Itens Angélicos|Получить 10 ангельских предметов|獲得10個天使物品|天使のアイテムを 10 個入手|천사 아이템 10개 획득|Erhalte 10 Engelsgegenstände|Obtenir 10 objets angéliques|Consigue 10 Objetos Angelicales|Uzyskaj 10 przedmiotów Anielskich
ancientMonsters01_desc|Kill 5000 Ancient Monsters|Tapa 5000 muinaista hirviötä|Matar 5000 Monstros Antigos|Убить 5000 древних монстров|殺死5000個古代怪物|古代モンスターを 5000 体倒す|고대 몬스터 5000마리 처치|Töte 5000 uralte Monster|Tuer 5 000 monstres antiques|Mata 5000 Monstruos Ancestrales|Zabij 5000 Starożytnych Potworów
ancientMonsters02_desc|Kill 12500 Ancient Monsters|Tapa 12500 muinaista hirviötä|Matar 12500 Monstros Antigos|Убить 12500 древних монстров|殺死12500個古代怪物|古代モンスターを 12500 体倒す|고대 몬스터 12500마리 처치|Töte 12500 uralte Monster|Tuer 12 500 monstres antiques|Mata 12500 Monstruos Ancestrales|Zabij 12500 Starożytnych Potworów
ancientMonsters03_desc|Kill 20000 Ancient Monsters|Tapa 20 000 muinaista hirviötä|Matar 20000 Monstros Antigos|Убить 20000 древних монстров|殺死20000只古怪物|古代モンスターを 20000 体倒す|고대 몬스터 20000마리 처치|Töte 20000 uralte Monster|Tuer 20 000 monstres antiques|Mata 20000 Monstruos Ancestrales|Zabij 20000 Starożytnych Potworów
hellGurag_desc|Kill Gurag on hell difficulty|Tapa Gurag helvetin vaikeuksissa|Matar Gurag na dificuldade Inferno|Убить Гурага на сложности Ад|殺死地獄難度下的古拉格|地獄の難易度でグラグを倒す|지옥 난이도에서 구라그 처치|Töte Gurag auf Höllenschwierigkeit|Tuer Gurag en difficulté infernale|Mata a Gurag en dificultad Infierno|Zabij Gurag na trudności hell
hellReaper_desc|Kill Grim Reaper on hell difficulty|Tapa Grim Reaper helvetin vaikeuksissa|Matar Ceifador Sombrio na dificuldade Inferno|Убить Мрачного Жнеца на сложности Ад|殺死地獄難度下的死神|地獄の難易度でグリムリーパーを倒す|지옥 난이도에서 그림 리퍼 처치|Töte Sensenmann auf Höllenschwierigkeit|Tuer Grim Reaper en difficulté infernale|Mata al Grim Reaper en dificultad Infierno|Zabij Grim Reaper na trudności hell
hellAnubis_desc|Kill Anubis on hell difficulty|Tapa Anubis helvetin vaikeuksissa|Matar Anúbis na dificuldade Inferno|Убить Анубиса на сложности Ад|殺死地獄難度下的阿努比斯|地獄の難易度でアヌビスを倒す|지옥 난이도에서 아누비스 처치|Töte Anubis auf Höllenschwierigkeit|Tuer Anubis en difficulté infernale|Mata a Anubis en dificultad Infierno|Zabij Anubis na trudności hell
hellDamien_desc|Kill Damien on hell difficulty|Tapa Damien helvetin vaikeuksissa|Matar Damião na dificuldade Inferno|Убить Дамиана на сложности Ад|在地獄難度下殺死達米安|地獄の難易度でダミアンを倒す|지옥 난이도에서 데미안 처치|Töte Damien auf Höllenschwierigkeit|Tuer Damien en difficulté infernale|Mata a Damien en dificultad Infierno|Zabij Damien na trudności hell
hellKarpKing_desc|Kill Karp King on hell difficulty|Tapa Karp King helvetin vaikeuksissa|Matar Rei Karp na dificuldade Inferno|Убить Короля Карпа на сложности Ад|殺死地獄難度下的卡普國王|地獄の難易度でカープキングを倒す|지옥 난이도에서 카프 킹 처치|Töte Karp King auf Höllenschwierigkeit|Tuer Karp King en difficulté infernale|Mata al Rey Karp en dificultad Infierno|Zabij Karp King na trudności hell
hellSatan_desc|Kill Satan on hell difficulty|Tapa Saatana helvetin vaikeuksissa|Matar Satã na dificuldade Inferno|Убить Сатану на сложности Ад|在地獄難度下殺死撒旦|地獄の難易度でサタンを倒す|지옥 난이도에서 사탄 처치|Töte Satan auf Höllenschwierigkeit|Tuer Satan en difficulté infernale|Mata a Satán en dificultad Infierno|Zabij Satan na trudności hell
hellMevius_desc|Kill Mevius on hell difficulty|Tapa Mevius helvetin vaikeuksissa|Matar Mevius na dificuldade Inferno|Убить Мевиуса на сложности Ад|以地獄難度殺死梅维烏斯|地獄の難易度でメビウスを倒す|지옥 난이도에서 메비우스 처치|Töte Mevius auf Höllenschwierigkeit|Tuer Mevius en difficulté infernale|Mata a Mevius en dificultad Infierno|Zabij Mevius na trudności hell
hellOdin_desc|Kill Corrupted Odin on hell difficulty|Tapa korruptoitunut Odin helvetin vaikeuksissa|Matar Odin Corrompido na dificuldade Inferno|Убить Падшего Одина на сложности Ад|殺死地獄難度下的堕落的奥丁|地獄の難易度でコラプトオーディンを倒す|지옥 난이도에서 타락한 오딘 처치|Töte den verdorbenen Odin auf Höllenschwierigkeit|Tuer Odin corrompu en difficulté infernale|Mata a Odín Corrupto en dificultad Infierno|Zabij Corrupted Odin na trudności hell
nightmareGurag_desc|Kill Gurag on nightmare difficulty|Tapa Gurag painajaisvaikeudessa|Matar Gurag na dificuldade Pesadelo|Убить Гурага на сложности Кошмар|在噩梦難度下殺死古拉格|悪夢の難易度でグラグを倒す|악몽 난이도에서 구라그 처치|Töte Gurag auf Albtraumschwierigkeit|Tuer Gurag en difficulté cauchemardesque|Mata a Gurag en dificultad Pesadilla|Zabij Gurag na trudności nightmare
nightmareReaper_desc|Kill Grim Reaper on nightmare difficulty|Tapa Grim Reaper painajaisvaikeudessa|Matar Ceifador Sombrio na dificuldade Pesadelo|Убить Мрачного Жнеца на сложности Кошмар|在噩梦難度下殺死死神|悪夢の難易度でグリムリーパーを倒す|악몽 난이도에서 그림 리퍼 처치|Töte Sensenmann auf Albtraumschwierigkeit|Tuer Grim Reaper en difficulté cauchemardesque|Mata al Grim Reaper en dificultad Pesadilla|Zabij Grim Reaper na trudności nightmare
nightmareAnubis_desc|Kill Anubis on nightmare difficulty|Tapa Anubis painajaisvaikeudessa|Matar Anúbis na dificuldade Pesadelo|Убить Анубиса на сложности Кошмар|在噩梦難度下殺死阿努比斯|悪夢の難易度でアヌビスを倒す|악몽 난이도에서 아누비스 처치|Töte Anubis auf Albtraumschwierigkeit|Tuer Anubis en difficulté cauchemardesque|Mata a Anubis en dificultad Pesadilla|Zabij Anubis na trudności nightmare
nightmareDamien_desc|Kill Damien on nightmare difficulty|Tapa Damien painajaisvaikeudessa|Matar Damião na dificuldade Pesadelo|Убить Дамиана на сложности Кошмар|在噩梦難度下殺死達米安|悪夢の難易度でダミアンを倒す|악몽 난이도에서 데미안 처치|Töte Damien auf Albtraumschwierigkeit|Tuer Damien en difficulté cauchemardesque|Mata a Damien en dificultad Pesadilla|Zabij Damien na trudności nightmare
nightmareKarpKing_desc|Kill Karp King on nightmare difficulty|Tapa Karp King painajaisvaikeudessa|Matar Rei Karp na dificuldade Pesadelo|Убить Короля Карпа на сложности Кошмар|在噩梦難度下殺死卡普國王|悪夢の難易度でカープキングを倒す|악몽 난이도에서 카프 킹 처치|Töte Karp King auf Albtraumschwierigkeit|Tuer Karp King en difficulté cauchemardesque|Mata al Rey Karp en dificultad Pesadilla|Zabij Karp King na trudności nightmare
nightmareSatan_desc|Kill Satan on nightmare difficulty|Tapa Saatana painajaisten vaikeuksissa|Matar Satã na dificuldade Pesadelo|Убить Сатану на сложности Кошмар|在噩梦難度下殺死撒旦|悪夢の難易度でサタンを倒す|악몽 난이도에서 사탄 처치|Töte Satan auf Albtraumschwierigkeit|Tuer Satan en difficulté cauchemardesque|Mata a Satán en dificultad Pesadilla|Zabij Satan na trudności nightmare
nightmareMevius_desc|Kill Mevius on nightmare difficulty|Tapa Mevius painajaisvaikeudessa|Matar Mevius na dificuldade Pesadelo|Убить Мевиуса на сложности Кошмар|在噩梦難度下殺死梅维烏斯|悪夢の難易度でメビウスを倒す難易度|악몽 난이도에서 메비우스 처치|Töte Mevius auf Albtraumschwierigkeit|Tuer Mevius en difficulté cauchemardesque|Mata a Mevius en dificultad Pesadilla|Zabij Mevius na trudności nightmare
nightmareOdin_desc|Kill Corrupted Odin on nightmare difficulty|Tapa korruptoitunut Odin painajaisvaikeudessa|Matar Odin Corrompido na dificuldade Pesadelo|Убить Падшего Одина на сложности Кошмар|在噩梦難度下殺死堕落的奥丁|悪夢の難易度で堕落したオーディンを倒す|처치 악몽 난이도에서 부패한 오딘 처치|Töte den verdorbenen Odin auf Albtraumschwierigkeit Schwierigkeit|Tuer Odin corrompu en difficulté cauchemardesque|Mata a Odín Corrupto en dificultad Pesadilla|Zabij Corrupted Odin na trudności nightmare
normalGurag_desc|Kill Gurag on normal difficulty|Tapa Gurag normaalilla vaikeusasteella|Matar Gurag na dificuldade Normal|Убить Гурага на обычной сложности|在普通難度下殺死古拉格|通常の難易度でグラグを倒す|일반 난이도에서 구라그 처치|Töte Gurag auf normalem Schwierigkeitsgrad|Tuer Gurag en difficulté normale|Mata a Gurag en dificultad Normal|Zabij Gurag na trudności normal
normalReaper_desc|Kill Grim Reaper on normal difficulty|Tapa Grim Reaper normaalilla vaikeusasteella|Matar Ceifador Sombrio na dificuldade Normal|Убить Мрачного Жнеца на обычной сложности|在普通難度下殺死死神|通常の難易度で死神を倒す|일반 난이도에서 사신 처치|Töte Grim Reaper auf normalem Schwierigkeitsgrad|Tuer Grim Reaper en difficulté normale|Mata al Grim Reaper en dificultad Normal|Zabij Grim Reaper na trudności normal
normalAnubis_desc|Kill Anubis on normal difficulty|Tapa Anubis normaalilla vaikeusasteella |Matar Anúbis na dificuldade Normal|Убить Анубиса на обычной сложности|在普通難度下殺死阿努比斯|通常の難易度でアヌビスを倒す|일반 난이도에서 아누비스 처치|Töte Anubis auf normalem Schwierigkeitsgrad|Tuer Anubis en difficulté normale|Mata a Anubis en dificultad Normal|Zabij Anubis na trudności normal
normalDamien_desc|Kill Damien on normal difficulty|Tapa Damien normaalilla vaikeusasteella|Matar Damião na dificuldade Normal|Убить Дамиана на обычной сложности|在普通難度下殺死達米安|通常の難易度でダミアンを倒す|일반 난이도에서 데미언 처치|Töte Damien auf normalem Schwierigkeitsgrad|Tuer Damien en difficulté normale|Mata a Damien en dificultad Normal|Zabij Damien na trudności normal
normalKarpKing_desc|Kill Karp King on normal difficulty|Tapa Karp King normaalilla vaikeusasteella|Matar Rei Karp na dificuldade Normal|Убить Короля Карпа на обычной сложности|在普通難度下殺死卡普國王|通常の難易度でカープキングを倒す|일반 난이도에서 잉어왕 처치|Töte Karp King auf normalem Schwierigkeitsgrad|Tuer Karp King en difficulté normale|Mata al Rey Karp en dificultad Normal|Zabij Karp King na trudności normal
normalSatan_desc|Kill Satan on normal difficulty|Tapa Saatana normaalilla vaikeusasteella|Matar Satã na dificuldade Normal|Убить Сатану на обычной сложности|在普通難度下殺死撒旦|通常の難易度でサタンを倒す|일반 난이도에서 사탄 처치|Töte Satan auf normalem Schwierigkeitsgrad|Tuer Satan en difficulté normale|Mata a Satán en dificultad Normal|Zabij Satan na trudności normal
normalMevius_desc|Kill Mevius on normal difficulty|Tapa Mevius normaalilla vaikeusasteella|Matar Mevius na dificuldade Normal|Убить Мевиуса на обычной сложности|在普通難度下殺死梅维烏斯|通常の難易度でメビウスを倒す|일반 난이도에서 뫼비우스 처치|Töte Mevius auf normalem Schwierigkeitsgrad|Tuer Mevius en difficulté normale|Mata a Mevius en dificultad Normal|Zabij Mevius na trudności normal
normalOdin_desc|Kill Corrupted Odin on normal difficulty|Tapa Corrupted Odin normaalilla vaikeusasteella|Matar Odin Corrompido na dificuldade Normal|Убить Падшего Одина на обычной сложности|在普通難度下殺死堕落的奥丁 |通常の難易度で堕落したオーディンを倒す |일반 난이도에서 부패한 오딘 처치 |Töte Corrupted Odin auf normalem Schwierigkeitsgrad|Tuer Corrupted Odin en difficulté normale |Mata a Odín Corrupto en dificultad Normal|Zabij Corrupted Odin na trudności normal
satansHands30sec_desc|Destroy Satan's Hands in less than 30 seconds.|Tuhoa Saatanan Kädet alle 30 sekunnissa.|Destruir as Mãos de Satã em menos de 30 segundos|Уничтожить Руки Сатаны менее чем за 30 секунд|在30秒内摧毁撒旦之手|30 秒以内にサタンの手を破壊します。|30초 이내에 사탄의 손을 파괴하세요.|Zerstöre Satans Hände in weniger als 30 Sekunden.|Détruisez les mains de Satan en moins de 30 secondes.|Destruye las Manos de Satán en menos de 30 segundos.|Zniszcz ręce Satana w mniej niż 30 sekund.
uberDamien01_desc|Slay Damien in Fallen Inoya|Tapa Damien Fallen Inoyassa|Matar Damião na Inoya Caída|Убить Дамиана в Падшей Иное|在陷落的伊諾亞中殺死達米安|堕落したイノヤでダミアンを倒す|타락한 이노야에서 데미안을 처치하세요|Töte Damien im gefallenen Inoya|Tuez Damien dans Fallen Inoya|Asesina a Damien en Inoya Caída|Zabij Damien w Fallen Inoya
uberReaper01_desc|Slay Shadow Reaper in the Shadow Realm|Slay Shadow Reaper varjomaailmassa|Matar Ceifador Sombrio na Região das Sombras|Убить Теневого Жнеца в Области Теней|在影之領域中殺死暗影死神|シャドウ レルムでシャドウ リーパーを倒す|그림자 왕국에서 섀도우 리퍼를 처치하세요|Töte Shadow Reaper im Schattenreich|Tuez Shadow Reaper dans le Royaume des Ombres|Asesina al Segador de las Sombras en el Reino de las Sombras|Zabij Shadow Reaper w Shadow Realm
uberSungLee01_desc|Slay Sung Lee in the Eternal Battle Fields|Tapa Sung Lee ikuisilla taistelukentillä|Matar Song Lee nos Campos Eternos de Batalha|Убить Сон Ли на Вечном Поле Битвы|在永恆戰場中殺死李晟|永遠の戦場でソン リーを倒す|영원한 전장에서 성 리를 처치하세요|Töte Sung Lee auf den ewigen Schlachtfeldern|Tuez Sung Lee dans les Champs de Bataille Éternels|Asesina a Sung Lee en los Campos de Batalla Eternos|Zabij Sung Lee w Eternal Battle Fields
uberKingRakhul01_desc|Slay King Rakhul in the Chaos Tower|Tapa kuningas Rakhul Chaos Towerissa|Matar Rei Rakhul na Torre do Caos|Убить Короля Ракула в Башне Хаоса|在混沌之塔中殺死拉庫爾國王|カオス タワーでキング ラクールを倒す|카오스 타워에서 라쿨 왕을 처치하세요|Töte König Rakhul im Chaosturm|Tuez le Roi Rakhul dans la Tour du Chaos|Asesina al Rey Rakhul en la Torre del Caos|Zabij King Rakhul w Chaos Tower
uberGabriel01_desc|Defeat Gabriel in the Circle of Hatred|Voita Gabriel vihan kehässä|Derrotar Gabriel no Círculo do Ódio|Победить Гавриила в Круге Ненависти|在仇恨之環中擊敗加百列|サークル オブ ヘイトでガブリエルを倒す|증오의 원에서 가브리엘을 물리치세요|Besiege Gabriel im Kreis des Hasses|Vainquez Gabriel dans le Cercle de la Haine|Derrota a Gabriel en el Círculo del Odio|Pokonaj Gabriel w Circle of Hatred
uberSungLee05_desc|Slay Sung Lee in the Eternal Battle Fields on the Hell 5 difficulty|Slay Sung Lee Eternal Battle Fields on the Hell 5 -ongelmassa|Matar Song Lee nos Campos Eternos de Batalha na dificuldade Inferno 5|Убить Сон Ли на Вечном Поле Битвы на сложности Ад 5|在地獄5難度下，擊敗戰場中的李宋|地獄 5 難易度で永遠の戦場でソン リーを倒す|지옥 5 난이도의 영원한 전장에서 숭 리를 처치하세요|Töte Sung Lee auf den ewigen Schlachtfeldern auf dem Schwierigkeitsgrad Hölle 5|Tuez Sung Lee dans les Champs de Bataille Éternels en difficulté Enfer 5|Asesina a Sung Lee en los Campos de Batalla Eternos en dificultad Infierno 5|Zabij Sung Lee w Eternal Battle Fields na trudności Hell 5
uberReaper05_desc|Slay Shadow Reaper in the Shadow Realm on the Hell 5 difficulty|Slay Shadow Reaper in the Shadow Realm on the Hell 5 -vaikeusaste|Matar Ceifador Sombrio na Região das Sombras na dificuldade Inferno 5|Убить Теневого Жнеца в Области Теней на сложности Ад 5|在地獄5難度下，擊敗影之領域中的暗影死神|地獄 5 難易度でシャドウ レルムでシャドウ リーパーを倒す|지옥 5 난이도의 섀도우 영역에서 섀도우 리퍼를 처치하세요|Töte Shadow Reaper im Schattenreich auf dem Schwierigkeitsgrad Hölle 5|Tuez Shadow Reaper dans le Royaume des Ombres en difficulté Enfer 5|Asesina al Segador de las Sombras en el Reino de las Sombras en dificultad Infierno 5|Zabij Shadow Reaper w Shadow Realm na trudności Hell 5
uberDamien05_desc|Slay Damien in Fallen Inoya on the Hell 5 difficulty|Tapa Damien Fallen Inoya on the Hell 5 -ongelmassa|Matar Damião na Inoya Caída na dificuldade Inferno 5|Убить Дамиана в Падшей Иное на сложности Ад 5|在地獄5難度下，擊敗在陷落的伊諾亞中的達米安|堕落したイノヤでダミアンを倒す|지옥 5 난이도의 타락한 이노야에서 데미안을 처치하세요|Töte Damien im gefallenen Inoya auf dem Schwierigkeitsgrad Hölle 5|Tuez Damien dans Fallen Inoya en difficulté Enfer 5|Asesina a Damien en Inoya Caída en dificultad Infierno 5|Zabij Damien w Fallen Inoya na trudności Hell 5
uberKingRakhul05_desc|Slay King Rakhul in the Chaos Tower on the Hell 5 difficulty|Tapa kuningas Rakhul Chaos Tower on the Hell 5 -ongelmassa|Matar Rei Rakhul na Torre do Caos na dificuldade Inferno 5|Убить Короля Ракула в Башне Хаоса на сложности Ад 5|在地獄5難度下的“混沌之塔”中殺死拉胡爾國王|地獄 5 難易度でカオス タワーでキング ラクールを倒す|지옥 5 난이도의 카오스 타워에서 라쿨 왕을 처치하세요|Töte König Rakhul im Chaosturm auf dem Schwierigkeitsgrad Hölle 5|Tuez le Roi Rakhul dans la Tour du Chaos en difficulté Enfer 5|Asesina al Rey Rakhul en la Torre del Caos en dificultad Infierno 5|Zabij King Rakhul w Chaos Tower na trudności Hell 5
uberGabriel05_desc|Defeat Gabriel in the Circle of Hatred on Hell 5 difficulty|Päihitä Gabriel vihan ympyrässä Hell 5:n vaikeusasteessa|Derrotar Gabriel no Círculo do Ódio na dificuldade Inferno 5|Победить Гавриила в Круге Ненависти на сложности Ад 5|在地獄5難度下的仇恨之環中擊敗加百列|地獄 5 難易度でサークル オブ ヘイトでガブリエルを倒す|지옥 5 난이도의 증오의 원에서 가브리엘을 물리치세요|Besiege Gabriel im Kreis des Hasses auf dem Schwierigkeitsgrad Hölle 5|Vainquez Gabriel dans le Cercle de la Haine en difficulté Enfer 5|Derrota a Gabriel en el Círculo del Odio en dificultad Infierno 5|Pokonaj Gabriel w Circle of Hatred na trudności Hell 5
uberSungLeeInferno_desc|Slay Sung Lee in the Eternal Battle Fields on the Inferno difficulty|Slay Sung Lee Eternal Battle Fields on the Inferno -vaikeusasteessa|Matar Song Lee nos Campos Eternos de Batalha na dificuldade Infernal|Убить Сон Ли на Вечном Поле Битвы на сложности Инферно|在煉獄難度的永恆戰場中殺死李宋|難易度インフェルノのエターナル バトル フィールドでソン リーを倒す|인페르노 난이도의 영원한 전장에서 성 리 처치|Töte Sung Lee auf den Ewigen Schlachtfeldern im Schwierigkeitsgrad „Inferno“|Tuez Sung Lee dans les champs de bataille éternels en difficulté Inferno|Asesina a Sung Lee en los Campos de Batalla Eternos en dificultad Averno|Zabij Sung Lee w Eternal Battle Fields na trudności Inferno
uberReaperInferno_desc|Slay Shadow Reaper in the Shadow Realm on the Inferno difficulty|Slay Shadow Reaper in the Shadow Realm Infernon vaikeusasteessa|Matar Ceifador Sombrio na Região das Sombras na dificuldade Infernal|Убить Теневого Жнеца в Области Теней на сложности Инферно|在煉獄難度的影之領域中殺死暗影死神|難易度インフェルノのシャドウ レルムでシャドウ リーパーを倒す|인페르노 난이도의 그림자 왕국에서 섀도우 리퍼 처치|Töte Shadow Reaper im Schattenreich im Schwierigkeitsgrad „Inferno“|Tuez Shadow Reaper dans le royaume des ombres en difficulté Inferno|Asesina al Segador de las Sombras en el Reino de las Sombras en dificultad Averno|Zabij Shadow Reaper w Shadow Realm na trudności Inferno
uberDamienInferno_desc|Slay Damien in Fallen Inoya on the Inferno difficulty|Tapa Damien Fallen Inoyassa Helvetin vaikeudessa|Matar Damião na Inoya Caída na dificuldade Infernal|Убить Дамиана в Падшей Иное на сложности Инферно|在煉獄難度下擊敗在陷落的伊諾亞中的達米安|難易度インフェルノのフォールン イノヤでダミアンを倒す|인페르노 난이도의 파괴된 이노야에서 데미언 처치|Töte Damien im Gefallenen Inoya im Schwierigkeitsgrad „Inferno“|Tuez Damien dans Fallen Inoya en difficulté Inferno|Asesina a Damien en Inoya Caída en dificultad Averno|Zabij Damien w Fallen Inoya na trudności Inferno
uberKingRakhulInferno_desc|Slay King Rakhul in the Chaos Tower on the Inferno difficulty|Tapa kuningas Rakhul Chaos Towerissa Inferno-vaikeusasteessa|Matar Rei Rakhul na Torre do Caos na dificuldade Infernal|Убить Короля Ракула в Башне Хаоса на сложности Инферно|在煉獄難度下的混沌之塔中殺死拉胡爾國王|難易度インフェルノのカオス タワーでキング ラクールを倒す|인페르노 난이도의 카오스 타워에서 킹 라쿨 처치|Töte König Rakhul im Chaosturm im Schwierigkeitsgrad „Inferno“|Tuez le roi Rakhul dans la tour du chaos en difficulté Inferno|Asesina al Rey Rakhul en la Torre del Caos en dificultad Averno|Zabij King Rakhul w Chaos Tower na trudności Inferno
uberGabrielInferno_desc|Defeat Gabriel in the Circle of Hatred on Inferno difficulty|Päihitä Gabriel Inferno-vaikeusasteessa Vihan ympyrässä|Derrotar Gabriel no Círculo do Ódio na dificuldade Infernal|Победить Гавриила в Круге Ненависти на сложности Инферно|在煉獄難度下的仇恨之環中殺死加百列|難易度インフェルノのサークル オブ ヘイトでガブリエルを倒す |인페르노 난이도의 증오의 원에서 가브리엘 처치 |Besiege Gabriel im Kreis des Hasses im Schwierigkeitsgrad „Inferno“|Vainquez Gabriel dans le cercle de la haine en difficulté Inferno |Derrota a Gabriel en el Círculo del Odio en dificultad Averno|Pokonaj Gabriel w Circle of Hatred na trudności Inferno
coffeeClub_desc|Join Sarcaster's Coffee Club!|Liity Sarcaster's Coffee Clubiin!|Junte-se ao Clube de Café do Sarcaster!|Присоединяйся к Клубу Кофе Саркастера!|加入薩卡斯特咖啡俱樂部|サルカスターのコーヒー クラブに参加しましょう!|사캐스터의 커피 클럽에 가입하세요!|Tritt Sarcasters Kaffeeclub bei!|Rejoignez le Sarcaster's Coffee Club !|¡Únete al Club de Café de Sarcaster!|Dołącz do Sarcaster's Coffee Club!
sheepLevel_desc|Enter the gate's of Sheeponia!|Sisään Sheeponian portista!|Entrar nos portões de Ovelândia!|Войти в ворота Овечьей Земли!|進入綿羊之地的大門|シーポニアの門をくぐりましょう!|시포니아의 문으로 들어가세요!|Betrete die Tore von Sheeponia!|Entrez par les portes de Sheeponia !|¡Entra por las puertas de Ovejonia!|Wejdź do bram Sheeponia!
normalSC_desc|Complete normal difficulty on Softcore|Täydellinen normaali vaikeusaste Softcorella|Completar a dificuldade Normal no Softcore|Пройти обычную сложность в режиме Softcore|在一般模式上完成普通難度|ソフトコアでノーマル難易度をクリア|소프트코어에서 일반 난이도 완료|Schließe den normalen Schwierigkeitsgrad auf Softcore ab|Difficulté normale complète sur Softcore|Completa la dificultad Normal en Softcore|Ukończ normal difficulty na Softcore
nightmareSC_desc|Complete nightmare difficulty on Softcore|Täydellinen painajainen vaikeus Softcorella |Completar a dificuldade Pesadelo no Softcore|Пройти сложность Кошмар в режиме Softcore|在一模式上完成噩梦難度|ソフトコアでナイトメア難易度をクリア|소프트코어에서 악몽 난이도 완료|Schließe den Albtraum-Schwierigkeitsgrad auf Softcore ab|Difficulté cauchemar complète sur Softcore|Completa la dificultad Pesadilla en Softcore|Ukończ nightmare difficulty na Softcore
hellSC_desc|Complete hell difficulty on Softcore|Täydellinen helvetin vaikeus Softcorella|Completar a dificuldade Inferno no Softcore|Пройти сложность Ад в режиме Softcore|在一般模式上完成地獄難度|ソフトコアでヘル難易度をクリア|소프트코어에서 지옥 난이도 완료|Schließe den Höllen-Schwierigkeitsgrad auf Softcore ab|Difficulté enfer complète sur Softcore|Completa la dificultad Infierno en Softcore|Ukończ hell difficulty na Softcore
hellSC05_desc|Complete hell 5 difficulty on Softcore|Täydellinen helvetin 5 vaikeusaste Softcorella|Completar a dificuldade Inferno 5 no Softcore|Пройти сложность Ад 5 в режиме Softcore|在一般模式上完成地獄5難度|ソフトコアでヘル難易度 5 をクリア|소프트코어에서 지옥 5 난이도 완료|Schließe den Höllen-Schwierigkeitsgrad 5 auf Softcore ab|Difficulté enfer complète 5 sur Softcore|Completa la dificultad Infierno 5 en Softcore|Ukończ hell 5 difficulty na Softcore
normalHC_desc|Complete normal difficulty on Hardcore|Täydellinen normaali vaikeusaste Hardcorella|Completar a dificuldade Normal no Hardcore|Пройти обычную сложность в режиме Hardcore|在專家模式下完成普通難度|ハードコアでノーマル難易度をクリア|하드코어에서 일반 난이도 완료|Schließe den normalen Schwierigkeitsgrad auf Hardcore ab|Difficulté normale complète sur Hardcore|Completa la dificultad Normal en Hardcore|Ukończ normal difficulty na Hardcore
nightmareHC_desc|Complete nightmare difficulty on Hardcore|Täydellinen painajainen vaikeus Hardcorella|Completar a dificuldade Pesadelo no Hardcore|Пройти сложность Кошмар в режиме Hardcore|在專家模式下完成噩梦難度|ハードコアでナイトメア難易度をクリア|하드코어에서 악몽 난이도 완료|Schließe den Albtraum-Schwierigkeitsgrad auf Hardcore ab|Difficulté cauchemar complète sur Hardcore|Completa la dificultad Pesadilla en Hardcore|Ukończ nightmare difficulty na Hardcore
hellHC_desc|Complete hell difficulty on Hardcore|Täydellinen helvetin vaikeus Hardcorella|Completar a dificuldade Inferno no Hardcore|Пройти сложность Ад в режиме Hardcore|在專家模式下完成地獄難度|ハードコアでヘル難易度をクリア|하드코어에서 지옥 난이도 완료|Schließe den Höllen-Schwierigkeitsgrad auf Hardcore ab|Difficulté enfer complète sur Hardcore|Completa la dificultad Infierno en Hardcore|Ukończ hell difficulty na Hardcore
hellHC05_desc|Complete hell 5 difficulty on Hardcore|Täydellinen Hell 5 -vaikeusaste Hardcorella|Completar a dificuldade Inferno 5 no Hardcore|Пройти сложность Ад 5 в режиме Hardcore|在專家模式下完成地獄5難度|ハードコアでヘル難易度 5 をクリア|하드코어에서 지옥 5 난이도 완료|Schließe den Höllen-Schwierigkeitsgrad 5 auf Hardcore ab|Difficulté enfer complète 5 sur Hardcore|Completa la dificultad Infierno 5 en Hardcore|Ukończ hell 5 difficulty na Hardcore
normalSsfSC_desc|Complete normal difficulty on Odyssey Softcore|Täydellinen normaali vaikeusaste Odyssey Softcorella|Completar a dificuldade Normal no Odyssey Softcore|Пройти обычную сложность в режиме Odyssey Softcore|在奧德賽一般模式上完成普通難度|Odyssey Softcore でノーマル難易度をクリア|오디세이 소프트코어에서 일반 난이도 완료|Schließe den Schwierigkeitsgrad „Normal“ auf Odyssey Softcore ab|Difficulté normale complète sur Odyssey Softcore|Completa la dificultad Normal en Odisea Softcore|Ukończ normal difficulty na Odyssey Softcore
nightmareSsfSC_desc|Complete nightmare difficulty on Odyssey Softcore|Täydellinen painajainen Odyssey Softcoressa|Completar a dificuldade Pesadelo no Odyssey Softcore|Пройти сложность Кошмар в режиме Odyssey Softcore|在奧德賽一般模式上完成噩梦難度|Odyssey Softcore でナイトメア難易度をクリア|오디세이 소프트코어에서 악몽 난이도 완료|Schließe den Schwierigkeitsgrad „Albtraum“ auf Odyssey Softcore ab|Difficulté cauchemar complète sur Odyssey Softcore|Completa la dificultad Pesadilla en Odisea Softcore|Ukończ nightmare difficulty na Odyssey Softcore
hellSsfSC_desc|Complete hell difficulty on Odyssey Softcore|Täydellinen helvetin vaikeus Odyssey Softcorella|Completar a dificuldade Inferno no Odyssey Softcore|Пройти сложность Ад в режиме Odyssey Softcore|在奧德賽一般模式上完成地獄難度|Odyssey Softcore でヘル難易度をクリア|오디세이 소프트코어에서 지옥 난이도 완료|Schließe den Schwierigkeitsgrad „Hölle“ auf Odyssey Softcore ab|Difficulté enfer complète sur Odyssey Softcore|Completa la dificultad Infierno en Odisea Softcore|Ukończ hell difficulty na Odyssey Softcore
hellSsfSC05_desc|Complete hell 5 difficulty on Odyssey Softcore|Täydellinen helvetin vaikeusaste Odyssey Softcorella|Completar a dificuldade Inferno 5 no Odyssey Softcore|Пройти сложность Ад 5 в режиме Odyssey Softcore|在奧德賽一般模式上完成地獄5難度|Odyssey Softcore でヘル 5 難易度をクリア|오디세이 소프트코어에서 지옥 5 난이도 완료|Schließe den Schwierigkeitsgrad „Hölle 5“ auf Odyssey Softcore ab|Difficulté enfer complète 5 sur Odyssey Softcore|Completa la dificultad Infierno 5 en Odisea Softcore|Ukończ hell 5 difficulty na Odyssey Softcore
normalSsfHC_desc|Complete normal difficulty on Odyssey Hardcore|Täydellinen normaali vaikeusaste Odyssey Hardcoressa|Completar a dificuldade Normal no Odyssey Hardcore|Пройти обычную сложность в режиме Odyssey Hardcore|在奧德賽專家模式下完成普通難度|Odyssey Hardcore でノーマル難易度をクリア|오디세이 하드코어에서 일반 난이도 완료|Schließe den Schwierigkeitsgrad „Normal“ auf Odyssey Hardcore ab|Difficulté normale complète sur Odyssey Hardcore|Completa la dificultad Normal en Odisea Hardcore|Ukończ normal difficulty na Odyssey Hardcore
nightmareSsfHC_desc|Complete nightmare difficulty on Odyssey Hardcore|Täydellinen painajainen Odyssey Hardcoressa|Completar a dificuldade Pesadelo no Odyssey Hardcore|Пройти сложность Кошмар в режиме Odyssey Hardcore|在奧德賽專家上完成噩梦難度|Odyssey Hardcore でナイトメア難易度をクリア|오디세이 하드코어에서 악몽 난이도 완료|Schließe den Schwierigkeitsgrad „Albtraum“ auf Odyssey Hardcore ab|Difficulté cauchemar complète sur Odyssey Hardcore|Completa la dificultad Pesadilla en Odisea Hardcore|Ukończ nightmare difficulty na Odyssey Hardcore
hellSsfHC_desc|Complete hell difficulty on Odyssey Hardcore|Täydelliset helvetin vaikeudet Odyssey Hardcoressa|Completar a dificuldade Inferno no Odyssey Hardcore|Пройти сложность Ад в режиме Odyssey Hardcore|在奧德賽專家模式下完成地獄難度|Odyssey Hardcore でヘル難易度をクリア|오디세이 하드코어에서 지옥 난이도 완료|Schließe den Schwierigkeitsgrad „Hölle“ auf Odyssey Hardcore ab|Difficulté enfer complète sur Odyssey Hardcore|Completa la dificultad Infierno en Odisea Hardcore|Ukończ hell difficulty na Odyssey Hardcore
hellSsfHC05_desc|Complete hell 5 difficulty on Odyssey Hardcore|Täydellinen helvetin vaikeusaste Odyssey Hardcorella|Completar a dificuldade Inferno 5 no Odyssey Hardcore|Пройти сложность Ад 5 в режиме Odyssey Hardcore|在奧德賽專家中完成地獄5難度|Odyssey Hardcore でヘル 5 難易度をクリア |오디세이 하드코어에서 지옥 5 난이도 완료 |Schließe den Schwierigkeitsgrad „Hölle 5“ auf Odyssey Hardcore ab|Difficulté enfer complète 5 sur Odyssey Hardcore |Completa la dificultad Infierno 5 en Odisea Hardcore|Ukończ hell 5 difficulty na Odyssey Hardcore
infernoSC_desc|Complete inferno difficulty on Softcore|Täydellinen helvetin vaikeus Softcorella|Completar a dificuldade Infernal no Softcore|Пройти сложность Инферно в режиме Softcore|一般模式完成煉獄難度|ソフトコアでインフェルノ難易度をクリア|소프트코어에서 인페르노 난이도 완료|Schließe den Inferno-Schwierigkeitsgrad auf Softcore ab|Difficulté complète de l'enfer sur Softcore|Completa la dificultad Averno en Softcore|Ukończ inferno difficulty na Softcore
infernoSsfSC_desc|Complete inferno difficulty on Odyssey Softcore|Täydellinen helvetin vaikeus Odyssey Softcoressa|Completar a dificuldade Infernal no Odyssey Softcore|Пройти сложность Инферно в режиме Odyssey Softcore|在奧德賽一般模式中完成煉獄難度|オデッセイ ソフトコアでインフェルノ難易度をクリア|오디세이 소프트코어에서 인페르노 난이도 완료|Schließe den Inferno-Schwierigkeitsgrad auf Odyssey Softcore ab|Difficulté complète de l'enfer sur Odyssey Softcore|Completa la dificultad Averno en Odisea Softcore|Ukończ inferno difficulty na Odyssey Softcore
infernoHC_desc|Complete inferno difficulty on Hardcore|Täydellinen helvetin vaikeus Hardcorella|Completar a dificuldade Infernal no Hardcore|Пройти сложность Инферно в режиме Hardcore|專家模式完成煉獄難度|ハードコアでインフェルノ難易度をクリア|하드코어에서 인페르노 난이도 완료|Schließe den Inferno-Schwierigkeitsgrad auf Hardcore ab|Difficulté complète de l'enfer sur Hardcore|Completa la dificultad Averno en Hardcore|Ukończ inferno difficulty na Hardcore
infernoSsfHC_desc|Complete inferno difficulty on Odyssey Hardcore|Täydellinen helvetin vaikeus Odyssey Hardcoressa|Completar a dificuldade Infernal no Odyssey Hardcore|Пройти сложность Инферно в режиме Odyssey Hardcore|在奧德賽專家模式中完成煉獄難度|オデッセイ ハードコアでインフェルノ難易度をクリア |오디세이 하드코어에서 인페르노 난이도 완료 |Schließe den Inferno-Schwierigkeitsgrad auf Odyssey Hardcore ab|Difficulté complète de l'enfer sur Odyssey Hardcore |Completa la dificultad Averno en Odisea Hardcore|Ukończ inferno difficulty na Odyssey Hardcore
monstersKilled100_desc|Slay 100 Monsters|Tapa 100 hirviötä|Matar 100 Monstros|Убить 100 монстров|殺死100個怪物|モンスター100体を倒す|몬스터 100마리 처치|Töte 100 Monster|Tuez 100 monstres|Mata 100 monstruos|Zabij 100 potworów
monstersKilled400_desc|Slay 400 Monsters|Tapa 400 hirviötä|Matar 400 Monstros|Убить 400 монстров|殺死400個怪物|モンスター400体を倒す|몬스터 400마리 처치|Töte 400 Monster|Tuez 400 monstres|Mata 400 monstruos|Zabij 400 potworów
monstersKilled1600_desc|Slay 1600 Monsters|Tapa 1600 hirviötä|Matar 1600 Monstros|Убить 1600 монстров|殺死1600個怪物|モンスター1600体を倒す|몬스터 1600마리 처치|Töte 1600 Monster|Tuez 1600 monstres|Mata 1600 monstruos|Zabij 1600 potworów
monstersKilled6400_desc|Slay 6400 Monsters|Tapa 6400 Monsters|Matar 6400 Monstros|Убить 6400 монстров|殺死6400只怪物|モンスター6400体を倒す|몬스터 6400마리 처치|Töte 6400 Monster|Tuez 6400 monstres|Mata 6400 monstruos|Zabij 6400 potworów
monstersKilled25400_desc|Slay 25400 Monsters|Tapa 25400 hirviötä|Matar 25400 Monstros|Убить 25400 монстров|殺死25400個怪物|モンスター25400体を倒す|몬스터 25400마리 처치|Töte 25400 Monster|Tuez 25400 monstres|Mata 25400 monstruos|Zabij 25400 potworów
monstersKilled50000_desc|Slay 50000 Monsters|Tapa 50 000 hirviötä|Matar 50000 Monstros|Убить 50000 монстров|殺死50000個怪物|モンスター50000体を倒す|몬스터 50000마리 처치|Töte 50000 Monster|Tuez 50000 monstres|Mata 50000 monstruos|Zabij 50000 potworów
gold01_desc|Collect 100,000 Gold|Kerää 100 000 kultaa|Coletar 100.000 de Ouro|Собрать 100000 золота|收集100,000黄金|ゴールド10万を集める|골드 100,000개 수집|Sammle 100.000 Gold|Récupérez 100 000 pièces d'or|Consigue 100.000 de Oro|Zbierz 100,000 złota
gold02_desc|Collect 1,000,000 Gold|Kerää 1 000 000 kultaa |Coletar 1.000.000 de Ouro|Собрать 1000000 золота|收集1,000,000金幣|ゴールド100万を集める|골드 1,000,000개 수집|Sammle 1.000.000 Gold|Récupérez 1 000 000 pièces d'or|Consigue 1.000.000 de Oro|Zbierz 1,000,000 złota
allHeroes100_desc|Obtain level 100 with Viking, Pyromancer, Marksman, Pirate, Nomad, Redneck and Necromancer|Hanki taso 100 Vikingillä, Pyromancerilla, Marksmanilla, Piratella, Nomadilla, Redneckillä ja Necromancerilla|Alcançar Nível 100 com Viking, Piromante, Atirador, Pirata, Nômade, Caipira e Necromante|Достичь 100 уровня персонажами Викинг, Пиромант, Стрелок, Пират, Кочевник, Деревенщина и Некромант|用維京人、火法師、神射手、海盜、遊牧者、鄉巴佬和亡靈巫師獲得100級|バイキング、パイロマンサー、マークスマン、パイレーツ、ノマド、レッドネック、ネクロマンサーでレベル100に到達する|바이킹, 파이로맨서, 사수, 해적, 유목민, 레드넥, 네크로맨서로 레벨 100 달성|Erreiche Level 100 mit Wikinger, Pyromant, Scharfschütze, Pirat, Nomade, Hinterwäldler und Totenbeschwörer|Obtenez le niveau 100 avec Viking, Pyromancien, Tireur d'élite, Pirate, Nomade, Plouc et Nécromancien|Alcanza el nivel 100 con el Vikingo, Piromante, Tirador, Pirata, Nómada, Palurdo y Nigromante|Osiągnij poziom 100 z Viking, Pyromancer, Marksman, Pirate, Nomad, Redneck i Necromancer
level10_desc|Reach Level 10 with a Hero|Saavuta taso 10 sankarilla|Alcançar Nível 10 com um Herói|Достичь 10 уровня героем|達到英雄等级 10 级|ヒーローでレベル10に到達する|영웅으로 레벨 10 달성|Erreiche Level 10 mit einem Helden|Atteignez le niveau 10 avec un héros|Alcanza el nivel 10 con un héroe|Osiągnij poziom 10 z bohaterem
level20_desc|Reach Level 20 with a Hero|Saavuta taso 20 sankarilla|Alcançar Nível 20 com um Herói|Достичь 20 уровня героем|達到英雄等级 20 级|ヒーローでレベル20に到達する|영웅으로 레벨 20 달성|Erreiche Level 20 mit einem Helden|Atteignez le niveau 20 avec un héros|Alcanza el nivel 20 con un héroe|Osiągnij poziom 20 z bohaterem
level30_desc|Reach Level 30 with a Hero|Saavuta taso 30 sankarilla|Alcançar Nível 30 com um Herói|Достичь 30 уровня героем|達到英雄等级 30 级|ヒーローでレベル30に到達する|영웅으로 레벨 30 달성|Erreiche Level 30 mit einem Helden|Atteignez le niveau 30 avec un héros|Alcanza el nivel 30 con un héroe|Osiągnij poziom 30 z bohaterem
level40_desc|Reach Level 40 with a Hero|Saavuta taso 40 sankarilla|Alcançar Nível 40 com um Herói|Достичь 40 уровня героем|達到英雄等级 40 级|ヒーローでレベル40に到達する|영웅으로 레벨 40 달성|Erreiche Level 40 mit einem Helden|Atteignez le niveau 40 avec un héros|Alcanza el nivel 40 con un héroe|Osiągnij poziom 40 z bohaterem
level50_desc|Reach Level 50 with a Hero|Saavuta taso 50 sankarilla|Alcançar Nível 50 com um Herói|Достичь 50 уровня героем|達到英雄等级 50 级|ヒーローでレベル50に到達する|영웅으로 레벨 50 달성|Erreiche Level 50 mit einem Helden|Atteignez le niveau 50 avec un héros|Alcanza el nivel 50 con un héroe|Osiągnij poziom 50 z bohaterem
level60_desc|Reach Level 60 with a Hero|Saavuta taso 60 sankarilla|Alcançar Nível 60 com um Herói|Достичь 60 уровня героем|達到英雄等级 60 级|ヒーローでレベル60に到達する|영웅으로 레벨 60 달성|Erreiche Level 60 mit einem Helden|Atteignez le niveau 60 avec un héros|Alcanza el nivel 60 con un héroe|Osiągnij poziom 60 z bohaterem
level70_desc|Reach Level 70 with a Hero|Saavuta taso 70 sankarilla|Alcançar Nível 70 com um Herói|Достичь 70 уровня героем|達到英雄等级 70 级|ヒーローでレベル70に到達する|영웅으로 레벨 70 달성|Erreiche Level 70 mit einem Helden|Atteignez le niveau 70 avec un héros|Alcanza el nivel 70 con un héroe|Osiągnij poziom 70 z bohaterem
level80_desc|Reach Level 80 with a Hero|Saavuta taso 80 sankarilla|Alcançar Nível 80 com um Herói|Достичь 80 уровня героем|達到英雄等级 80 级|ヒーローでレベル80に到達する|영웅으로 레벨 80 달성|Erreiche Level 80 mit einem Helden|Atteignez le niveau 80 avec un héros|Alcanza el nivel 80 con un héroe|Osiągnij poziom 80 z bohaterem
level90_desc|Reach Level 90 with a Hero|Saavuta taso 90 sankarilla|Alcançar Nível 90 com um Herói|Достичь 90 уровня героем|達到英雄等级 90 级|ヒーローでレベル90に到達する|영웅으로 레벨 90 달성|Erreiche Level 90 mit einem Helden|Atteignez le niveau 90 avec un héros|Alcanza el nivel 90 con un héroe|Osiągnij poziom 90 z bohaterem
level100_desc|Reach Level 100 with a Hero|Saavuta taso 100 sankarilla|Alcançar Nível 100 com um Herói|Достичь 100 уровня героем|到英雄等级 100 级|ヒーローでレベル100に到達する|영웅으로 레벨 100 달성|Erreiche Level 100 mit einem Helden|Atteignez le niveau 100 avec un héros|Alcanza el nivel 100 con un héroe|Osiągnij poziom 100 z bohaterem
chaosTower_desc|Clear a Chaos Tower|Tyhjennä Chaos Tower|Completar uma Torre do Caos|Пройти одну Башню Хаоса|通關一次混沌塔|カオスタワーをクリアする|카오스 타워 클리어|Räume einen Chaosturm|Terminez une tour du chaos|Completa una Torre del Caos|Wyczyść Chaos Tower
angelicRealm_desc|Enter the Angelic Realm|Astu enkelimaailmaan|Entrar na Região Angélica|Войти в Ангельскую Область|進入天使領域|天使の領域に入る|천사의 영역 진입|Betrete das Reich der Engel|Entrez dans le royaume angélique|Entra en el Reino Angelical|Wejdź do Anielskiego Królestwa
valhallaRiver_desc|Slay the Jörmundgar in the Valhalla River|Tapa Jörmundgar Valhalla-joessa|Matar Jörmungandr no Rio Valhalla|Убить Ёрмунганда в Реке Вальгаллы|在瓦尔哈拉河中殺死耶夢加德|ヴァルハラ川のヨルムンドガル|발할라 강의 요르문드가르|Töte den Jörmundgar in Walhalla Fluss|Tuez les Jörmundgar dans le Rivière Valhalla|Asesina al Jörmundgar en el Río Valhalla|Zabij Jörmundgar w Valhalla River
valhallaRing_desc|Obtain the Soulforged Ring|Hanki Soulforged-sormus|Obter o Anel Forjado em Almas|Получить Кольцо, выкованное из Душ|獲得魂鑄戒指|魂の指輪を手に入れる|영혼 단련 반지 획득|Erhalte den seelengeschmiedeten Ring|Obtenez l'anneau forgé par l'âme|Consigue el Anillo Forjado de Almas|Uzyskaj Soulforged Ring
valhallaValkyrie_desc|Slay the Valkyrie in the Plains of Ida|Tapa Valkyrie Idan tasangoilla|Matar a Valquíria nas Planícies de Ida|Убить Валькирию на Равнинах Иды|在伊達平原殺死瓦爾基里|イダ平原のヴァルキュリーを倒す|이다 평원에서 발키리 처치|Töte die Walküre in den Ebenen von Ida|Tuez la Valkyrie dans les plaines d'Ida|Asesina a la Valquiria en las Llanuras de Ida|Zabij Valkyrie na Plains of Ida
elemelon_desc|Obtain the Supreme Elemelon|Hanki Korkein Elemelon|Obter o Elemelon Supremo|Получить Высший Элемелон|獲得至尊元素瓜|至高のエレメロンを手に入れる|최고의 엘레멜론 획득|Erhalte die höchste Elementarmelone|Obtenez l'élément suprême|Consigue el Elemelón Supremo|Uzyskaj Supreme Elemelon
seasonalHalloween_desc|Complete the Halloween quest chain|Täydennä Halloween-tehtäväketju|Completar a cadeia de missões do Halloween|Завершить цепочку заданий Хэллоуина|完成萬聖節系列任務|ハロウィンクエストチェーンを完了する|할로윈 퀘스트 체인 완료|Schließe die Halloween-Questreihe ab|Terminez la chaîne de quêtes d'Halloween|Completa la cadena de misiones de Halloween|Ukończ łańcuch zadań Halloween
seasonalChristmas_desc|Complete the Christmas quest chain|Täydennä joulutehtäväketju |Completar a cadeia de missões do Natal|Завершить цепочку заданий Рождества|完成聖誕節系列任務|クリスマスクエストチェーンを完了する |크리스마스 퀘스트 체인 완료|Schließe die Weihnachts-Questreihe ab|Terminez la chaîne de quêtes de Noël |Completa la cadena de misiones de Navidad|Ukończ łańcuch zadań Bożego Narodzenia
seasonFirst100SC|Reach level 100 in Softcore faster than everyone else!|Saavuta taso 100 Softcoressa nopeammin kuin muut!|Alcançar nível 100 no Softcore mais rápido que todo mundo!|Достичь 100 уровня в режиме Softcore быстрее всех!|在SC模式比所有人更快達到一百級|誰よりも早くソフトコアでレベル 100 に到達しましょう!|소프트코어에서 다른 사람보다 빠르게 레벨 100에 도달하세요!|Erreiche Level 100 in Softcore schneller als alle anderen!|Atteignez le niveau 100 en Softcore plus rapidement que tout le monde !|¡Alcanza el nivel 100 en Softcore antes que nadie!|Osiągnij poziom 100 na Softcore szybciej niż wszyscy inni!
seasonFirst100HC|Reach level 100 in Hardcore faster than everyone else!|Saavuta taso 100 Hardcoressa nopeammin kuin muut!|Alcançar nível 100 no Hardcore mais rápido que todo mundo!|Достичь 100 уровня в режиме Hardcore быстрее всех!|在HC模式比所有人更快達到一百級|誰よりも早くハードコアでレベル 100 に到達しましょう!|하드코어에서 다른 사람보다 빠르게 레벨 100에 도달하세요!|Erreiche Level 100 in Hardcore schneller als alle anderen!|Atteignez le niveau 100 en Hardcore plus rapidement que tout le monde !|¡Alcanza el nivel 100 en Hardcore antes que nadie!|Osiągnij poziom 100 na Hardcore szybciej niż wszyscy inni!
seasonFirst100SCOdyssey|Reach level 100 in Softcore Odyssey faster than everyone else!|Saavuta taso 100 Softcore Odysseyssa nopeammin kuin muut!|Alcançar nível 100 no Odyssey Softcore mais rápido que todo mundo!|Достичь 100 уровня в режиме Odyssey Softcore быстрее всех!|在奧德賽SC模式比所有人更快達到一百級|誰よりも早くソフトコア オデッセイでレベル 100 に到達しましょう!|소프트코어 오디세이에서 다른 사람보다 빠르게 레벨 100에 도달하세요!|Erreiche Level 100 in Softcore Odyssey schneller als alle anderen!|Atteignez le niveau 100 en Softcore Odyssey plus rapidement que tout le monde !|¡Alcanza el nivel 100 en Odisea Softcore antes que nadie!|Osiągnij poziom 100 na Softcore Odyssey szybciej niż wszyscy inni!
seasonFirst100HCOdyssey|Reach level 100 in Hardcore Odyssey faster than everyone else!|Saavuta taso 100 Hardcore Odysseyssa nopeammin kuin muut! |Alcançar nível 100 no Odyssey Hardcore mais rápido que todo mundo!|Достичь 100 уровня в режиме Odyssey Hardcore быстрее всех!|在奧德賽HC模式比所有人更快達到一百級|誰よりも早くハードコア オデッセイでレベル 100 に到達しましょう! |하드코어 오디세이에서 다른 사람보다 빠르게 레벨 100에 도달하세요!|Erreiche Level 100 in Hardcore Odyssey schneller als alle anderen!|Atteignez le niveau 100 en Hardcore Odyssey plus rapidement que tout le monde ! |¡Alcanza el nivel 100 en Odisea Hardcore antes que nadie!|Osiągnij poziom 100 na Hardcore Odyssey szybciej niż wszyscy inni!
infernoGurag_desc|Kill Gurag on inferno difficulty|Tapa Gurag inferno-vaikeusasteessa|Matar Gurag na dificuldade Infernal|Убить Гурага на сложности Инферно|在煉獄難度下殺死古拉格|難易度インフェルノでグラグを倒す|인페르노 난이도에서 구라그 처치|Töte Gurag im Schwierigkeitsgrad Inferno|Tuer Gurag en difficulté Enfer|Mata a Gurag en dificultad Averno|Zabij Gurag na trudności inferno
infernoReaper_desc|Kill Grim Reaper on inferno difficulty|Tapa Grim Reaper helvetin vaikeusasteessa|Matar Ceifador Sombrio na dificuldade Infernal|Убить Мрачного Жнеца на сложности Инферно|在煉獄難度擊殺死神|難易度インフェルノでグリムリーパーを倒す|인페르노 난이도에서 사신 처치|Töte den Sensenmann im Schwierigkeitsgrad Inferno|Tuer la Faucheuse en difficulté Enfer|Mata al Grim Reaper en dificultad Averno|Zabij Grim Reaper na trudności inferno
infernoAnubis_desc|Kill Anubis on inferno difficulty|Tapa Anubis helvetin vaikeusasteessa|Matar Anúbis na dificuldade Infernal|Убить Анубиса на сложности Инферно|在煉獄難度擊殺阿努比斯|難易度インフェルノでアヌビスを倒す|인페르노 난이도에서 아누비스 처치|Töte Anubis im Schwierigkeitsgrad Inferno|Tuer Anubis en difficulté Enfer|Mata a Anubis en dificultad Averno|Zabij Anubis na trudności inferno
infernoDamien_desc|Kill Damien on inferno difficulty|Tapa Damien helvetin vaikeuksissa|Matar Damião na dificuldade Infernal|Убить Дамиана на сложности Инферно|在煉獄難度擊殺達米安|難易度インフェルノでダミアンを倒す|인페르노 난이도에서 데미언 처치|Töte Damien im Schwierigkeitsgrad Inferno|Tuer Damien en difficulté Enfer|Mata a Damien en dificultad Averno|Zabij Damien na trudności inferno
infernoKarpKing_desc|Kill Karp King on inferno difficulty|Tapa Karp King helvetin vaikeusasteessa|Matar Rei Karp na dificuldade Infernal|Убить Короля Карпа на сложности Инферно|在煉獄難度殺死卡普王|難易度インフェルノでカープキングを倒す|인페르노 난이도에서  잉어왕 처치|Töte Karp King im Schwierigkeitsgrad Inferno|Tuer Karp King en difficulté Enfer|Mata al Rey Karp en dificultad Averno|Zabij Karp King na trudności inferno
infernoSatan_desc|Kill Satan on inferno difficulty|Tapa Saatana helvetin vaikeuksissa|Matar Satã na dificuldade Infernal|Убить Сатану на сложности Инферно|在煉獄難度擊殺撒旦|難易度インフェルノでサタンを倒す|인페르노 난이도에서 사탄 처치|Töte Satan im Schwierigkeitsgrad Inferno|Tuer Satan en difficulté Enfer|Mata a Satán en dificultad Averno|Zabij Satan na trudności inferno
infernoMevius_desc|Kill Mevius on inferno difficulty|Tapa Mevius inferno-vaikeusasteessa|Matar Mevius na dificuldade Infernal|Убить Мевиуса на сложности Инферно|在煉獄難度擊殺梅維烏斯|難易度インフェルノでメビウスを倒す|인페르노 난이도에서 뫼비우스 처치|Töte Mevius im Schwierigkeitsgrad Inferno|Tuer Mevius en difficulté Enfer|Mata a Mevius en dificultad Averno|Zabij Mevius na trudności inferno
infernoOdin_desc|Kill Corrupted Odin on inferno difficulty|Tapa Corrupted Odin inferno-vaikeusasteessa |Matar Odin Corrompido na dificuldade Infernal|Убить Падшего Одина на сложности Инферно|在煉獄難度擊殺墮落奧丁|難易度インフェルノでコラプトオーディンを倒す |인페르노 난이도에서 부패한 오딘 처치|Töte den verdorbenen Odin im Schwierigkeitsgrad Inferno|Tuer Odin corrompu en difficulté Enfer |Mata a Odín Corrupto en dificultad Averno|Zabij Corrupted Odin na trudności inferno
gamba100_desc|Destroy 100 slot machines|Tuhoa 100 kolikkopelikonetta|Destruir 100 máquinas caça-níqueis|Уничтожить 100 игровых автоматов|摧毀100台拉霸機 |スロットマシンを100台破壊する |슬롯 머신 100개를 파괴하라|Zerstöre 100 Spielautomaten|Détruisez 100 machines à sous |Destruye 100 máquinas tragaperras|Zniszcz 100 automatów do gry
|||||||||||
[Chaos Tower Debuffs]|||||||||||
ct_shadeOfChaos|Shade of Chaos|Kaaoksen varjo|Sombra do Caos|Тень Хаоса|混沌之影|混沌の影|혼돈의 그늘|Schatten des Chaos|Ombre du chaos|Sombra del Caos|Shade of Chaos
ct_chaosTurrets|Chaos Turrets|Kaaoksen tornit|Torretas do Caos|Башни Хаоса|混沌砲台|混沌のタレット|혼돈의 포탑|Chaostürme|Tourelles du chaos|Torretas del Caos|Chaos Turrets
ct_poolsOfChaos|Pools of Chaos|Kaaoksen altaat|Poças do Caos|Лужи Хаоса|混沌之池|混沌のプール|혼돈의 웅덩이|Chaospfützen|Bassins du chaos|Pozos del Caos|Pools of Chaos
ct_stutter|Stutter|Änkyttää|Gagueira|Заикание|口吃|スタッター|말더듬기|Stottern|Bégaiement|Tartamudeo|Stutter
ct_chaosFortitude|Chaos Fortitude|Chaos Fortitude|Fortitude do Caos|Твёрдость Хаоса|混沌堅韌|混沌の不屈|혼돈의 강인함|Chaos-Kraft|Fortitude du chaos|Fortaleza del Caos|Chaos Fortitude
ct_BloatedIntestines|Bloated Intestines|Turvonnut suolet|Intestinos Inchados|Раздутые кишки|脹氣腸道|膨張した腸|팽창한 내장|Aufgeblähte Därme|Intestins gonflés|Intestinos Hinchados|Bloated Intestines
ct_chaosEnchant|Chaos Enchant|Chaos Enchant|Encantamento do Caos|Чары Хаоса|混沌附魔|混沌のエンチャント|혼돈의 마법 부여|Chaos-Verzauberung|Enchantement du chaos|Encantamiento del Caos|Chaos Enchant
ct_chaosCorrosion|Chaos Corrosion|Kaaoksen korroosio|Corrosão do Caos|Коррозия Хаоса|混沌腐蝕|混沌の腐食|혼돈의 부식|Chaos-Korrosion|Corrosion du chaos|Corrosión del Caos|Chaos Corrosion
ct_absoluteChaos|Absolute Chaos|Absoluuttinen kaaos|Caos Absoluto|Абсолютный Хаос|絕對混沌|絶対的な混沌|절대적인 혼돈|Absolutes Chaos|Chaos absolu|Caos Absoluto|Absolute Chaos
ct_pillarsOfFire|Pillars of Fire|Tulipatsaat|Pilares de Fogo|Столбы Огня|烈焰之柱|火柱|불기둥|Feuersäulen|Piliers de feu|Pilares de Fuego|Pillars of Fire
ct_spawnsOfChaos|Spawns of Chaos|Kaaoksen kutuja|Filhos do Caos|Отпрыски Хаоса|混沌之子|混沌のスポーン|혼돈의 산란|Chaos-Brut|Apparitions du chaos|Engendros del Caos|Spawns of Chaos
ct_legionOfChaos|Legion of Chaos|Kaaoksen legioona|Legião do Caos|Легион Хаоса|混沌軍團|混沌の軍団|혼돈의 군단|Legion des Chaos|Légion du chaos|Legión del Caos|Legion of Chaos
ct_resistanceIsFutile|Resistance is Futile|Vastustus on turhaa|Resistência é Inútil|Сопротивление бесполезно|抵抗是徒勞的|抵抗は無駄|저항은 헛되다|Widerstand ist zwecklos|La résistance est futile|La Resistencia es Fútil|Resistance is Futile
ct_lifeNoMore|Life no More|Elämää ei enää|Vida Não Mais|Жизни больше нет|生機不存|もはや命なし|더 이상 생명이 없다|Kein Leben mehr|Plus de vie|No Más Vida|Life no More
ct_electricChaos|Electric Chaos|Sähköinen kaaos|Caos Elétrico|Электрический Хаос|電能混沌|電気混沌|전기적 혼돈|Elektrisches Chaos|Chaos électrique|Caos Eléctrico|Electric Chaos
ct_arcaniumOfChaos|Arcanium of Chaos|Kaaoksen arkanium|Arcanium do Caos|Арканиум Хаоса|混沌祕法|混沌のアルカニウム|혼돈의 아르카ни움|Arkanium des Chaos|Arcanium du chaos|Arcanium del Caos|Arcanium of Chaos
ct_tribalExecution|Tribal Execution|Heimojen teloitus|Execução Tribal|Племенная казнь|部落處決|部族の処刑|부족의 처형|Stammeshinrichtung|Exécution tribale|Ejecución Tribal|Tribal Execution
ct_bloodBath|Bloodbath|Verilöyly|Banho de Sangue|Кровавая баня|血洗|血の惨劇|혈욕|Blutbad|Bain de sang|Baño de Sangre|Bloodbath
ct_puppeteer|Puppeteer|Nukkenäyttelijä|Manipulador de Marionetes|Кукловод|傀儡師|操り人形師|인형 조종사|Puppenspieler|Marionnettiste|Titiritero|Puppeteer
ct_corrosiveRain|Corrosive Rain|Syövyttävä sade|Chuva Corrosiva|Едкий дождь|腐蝕之雨|腐食の雨|부식성 비|Ätzender Regen|Pluie corrosive|Lluvia Corrosiva|Corrosive Rain
ct_queenBee|Queen Bee|Queen Bee|Rainha das Abelhas|Королева пчёл|蜂后|女王蜂|여왕벌|Bienenkönigin|Reine des abeilles|Abeja Reina|Queen Bee
ct_boomStick|Boomstick|Boomstick|Canhão|Дробовик|霰彈槍|ブームスティック|붐스틱|Boomstick|Boomstick|Boomstick|Boomstick
ct_deepWounds|Deep Wounds|Syviä haavoja|Feridas Profundas|Глубокие раны|深重傷口|深い傷|깊은 상처|Tiefe Wunden|Blessures profondes|Heridas Profundas|Deep Wounds
ct_reverseMatrix|Reverse Matrix|Käänteinen matriisi|Matriz Reversa|Обратная матрица|反轉矩陣|リバースマトリックス|역행렬|Umgekehrte Matrix|Matrice inversée|Matriz Inversa|Reverse Matrix
ct_boulderBlasting|Boulder Blasting|Boulder-räjäytys|Explosão de Pedregulhos|Взрыв валунов|巨石爆破|岩石爆破|바위 폭파|Felsbrockensprengung|Explosion de rochers|Explosión de Rocas|Boulder Blasting
ct_noEscape|No Escape|Ei pakoa|Não Há Escapatória|Бегство невозможно|無處可逃|逃げ場なし|탈출 불가|Kein Entkommen|Pas d'échappatoire|Sin Escapatoria|No Escape
ct_surpriseBomb|Surprise Bomb|Yllätyspommi|Bomba Surpresa|Сюрприз-бомба|驚喜炸彈|サプライズボム|깜짝 폭탄|Überraschungsbombe|Bombe surprise|Bomba Sorpresa|Surprise Bomb
ct_timeToReap|Time to Reap|Aika korjata|Hora de Colher|Время жатвы|收割時刻|刈り取る時|수확 시간|Zeit zum Ernten|Il est temps de récolter|La Hora de la Siega|Time to Reap
ct_gargantuans|Gargantuans|Jännittäviä|Gigantes|Гиганты|巨人|巨大人|거대|Gargantuen|Gargantuesques|Gargantúas|Gargantuans
ct_trickOrTreat|Trick or Treat|Trick or Treat|Doce ou Travessura|Сладость или гадость|不給糖就搗蛋|トリックオアトリート|속임수나 대접|Süßes oder Saures|Des bonbons ou un sort|Truco o Trato|Trick or Treat
ct_bulletHell|Bullet Hell|Bullet Hell|Inferno de Balas|Адский огонь снарядов|彈幕地獄|弾幕|탄환 지옥|Kugelhölle|Enfer de balles|Infierno de Balas|Bullet Hell
ct_reversal|Reversal|Kääntäminen|Reversão|Обращение|逆轉|リバーサル|역전|Umkehrung|Inversion|Reversión|Reversal
ct_speedPowder|Speed Powder|Speed ​​Powder|Pó da Velocidade|Порошок скорости|速度粉末|スピードパウダー|스피드 파우더|Geschwindigkeitspulver|Poudre de vitesse|Polvo de Velocidad|Speed Powder
ct_superSized|Supersized|Supersized|Superdimensionado|Увеличенные|特大型|特大|대형|Übergroß|Supersized|Tamaño Gigante|Supersized
ct_combatImpairement|Combat Impairement|Taistele heikkenemistä vastaan|Comprometimento de Combate|Боевое ослабление|戰鬥妨礙|戦闘障害|전투 방해|Kampfbeeinträchtigung|Altérabilité de combat|Deterioro de Combate|Combat Impairement
ct_quickSand|Quicksand|Juoksuhiekka|Areia Movediça|Зыбучие пески|流沙|流砂|유사모래|Treibsand|Sables mouvants|Arenas Movedizas|Quicksand
ct_manaCorruption|Mana Corruption|Mana korruptio|Corrupção de Mana|Разложение маны|法力腐化|マナの腐敗|마나 부패|Mana-Korruption|Corruption de mana|Corrupción de Maná|Mana Corruption
ct_chaosSanctuary|Chaos Sanctuary|Chaos Sanctuary|Santuário do Caos|Святилище Хаоса|混沌庇護所|混沌の聖域|혼돈의 성소|Chaos-Heiligtum|Sanctuaire du chaos|Santuario del Caos|Chaos Sanctuary
ct_chaosBerserkers|Chaos Berserkers|Chaos Berserkers|Berserkers do Caos|Берсерки Хаоса|混沌狂戰士|混沌の狂戦士|혼돈의 광전사|Chaos-Berserker|Berserkers du chaos|Berserkers del Caos|Chaos Berserkers
ct_lifeTap|Life Tap|Life Tap|Toque de Vida|Кража жизни|生命之塔|ライフタップ|생명력 탭|Lebensentzug|Prise de vie|Absorber Vida|Life Tap
ct_multiShot|Multishot|Multishot|Tiro Múltiplo|Многострельба|多重射擊|マルチショット|멀티샷|Mehrfachschuss|Tir multiple|Disparo Múltiple|Multishot
ct_scorchedGround|Scorched Ground|Poltettu maa|Chão Queimado|Выжженная земля|焦土|焦土|그을린 땅|Verbrannter Boden|Sol brûlé|Tierra Calcinada|Scorched Ground
ct_closeAndPersonal|Close and Personal|Läheinen ja henkilökohtainen |De Perto e Pessoal|Ближний бой|近身肉搏|至近距離 |근접 |Nah und persönlich|Rapprochement rapproché |A Corta Distancia|Close and Personal
ct_chaoticWeakness|Chaotic Weakness|Kaoottinen heikkous|Fraqueza Caótica|Слабость Хаоса|混沌虛弱|混沌の弱点|혼돈의 약함|Chaotische Schwäche|Faiblesse chaotique|Debilidad Caótica|Chaotic Weakness
ct_manaDevourer|Mana Devourer|Mana Devourer|Devorador de Mana|Пожиратель маны|魔力吞噬者|マナを貪る者|마나 포식자|Mana-Verschlingung|Dévoreur de mana|Devorador de Maná|Mana Devourer
ct_emotionalDamage|Emotional Damage|Emotionaalinen vahinko|Dano Emocional|Эмоциональный урон|Emotional Damage|感情的ダメージ|감정적 손상|Emotionaler Schaden|Dégâts émotionnels|Daño Emocional|Emotional Damage
ct_oldMansBack|Old Man´s Back|Vanhan miehen selkä|Dor nas Costas do Velho|Спина старика|老人背影|老人の背中|노인의 등|Alter Mannsrücken|Dos du vieil homme|Espalda de Anciano|Old Man´s Back
ct_shitamorphosis|Shitamorphosis|Shitamorfoosi|Metamorfose de Merda|Превращение в дерьмо|史變身|シタモルフォシス|시타모르포시스|Shitamorphose|Shitamorphose|Shitamorfosis|Shitamorphosis
ct_vitalCorrosion|Vital Corrosion|Vital korroosio |Corrosão de Vitalidade|Коррозия живучести|生命腐蝕|生命の腐食 |필수 부식|Vitalkorrosion|Corrosion vitale |Corrosión Vital|Vital Corrosion
ct_chaosChampions|Chaos Champions|Chaos-mestarit|Campeões do Caos|Чемпионы Хаоса|混沌冠軍|混沌のチャンピオン|혼돈의 챔피언|Chaos-Champions|Champions du chaos|Campeones del Caos|Chaos Champions
|||||||||||
ct_desc_chaosEnchant_desc_01|Monster Damage Increased by||Dano dos Monstros Aumentado|Урон монстров повышен|怪物傷害增加|モンスターのダメージが増加する |몬스터 공격력 증가량|Monsterschaden erhöht um|Dégâts des monstres augmentés par|Daño de monstruo aumentado|Obrażenia potworów zwiększone o
ct_desc_chaosCorrosion_desc_01|Monster Poisoned Damage||Dano de Veneno dos Monstros|Урон от отравления монстров|怪物中毒傷害|モンスターの毒ダメージ |몬스터 중독 피해량|Vergiftungsschaden des Monsters|Dégâts empoisonnés des monstres|Daño de monstruo envenenado|Obrażenia zatrucia potworów
ct_desc_absoluteChaos_desc_01|Extra Monster Affix||Afixo Extra de Monstro|Дополнительный аффикс монстра|額外怪物詞綴|エクストラモンスターアフィックス |추가 몬스터 속성|Zusätzlicher Monster-Affix|Affixe de monstre supplémentaire|Afijo de monstruo adicional|Dodatkowy afiks potwora
ct_desc_spawnsOfChaos_desc|Monster Level Increased by||Nível dos Monstros Aumentado|Уровень монстра повышен|怪物等級增加|モンスターレベルが上昇 |몬스터 레벨 증가량|Monsterstufe erhöht um|Niveau du monstre augmenté par|Nivel de monstruo aumentado|Poziom potwora zwiększony o
ct_desc_legionOfChaos_desc_01|Rarity Increased by||Raridade Aumentada|Редкость повышена|稀有度增加|レアリティ上昇|희귀도 증가량|Seltenheit erhöht um|Rareté augmentée par|Rareza aumentada|Rzadkość zwiększona o
ct_desc_legionOfChaos_desc_02|Monster Damage Increased by||Dano dos Monstros Aumentado|Урон монстров повышен|怪物傷害增加|モンスターダメージ上昇|몬스터 공격력 증가량|Monsterschaden erhöht um|Dégâts des monstres augmentés par|Daño de monstruo aumentado|Obrażenia potworów zwiększone o
ct_desc_legionOfChaos_desc_03|Monster Magic Find Decreased by||Chance de Itens Mágicos dos Monstros Reduzida|Магическая находка монстров снижена|怪物掉寶率降低|モンスター魔法発見率低下 |몬스터 마법 발견 확률 감소량|Magiefund des Monsters verringert um|Trouver de la magie des monstres diminué par|Probabilidad de hallazgo mágico de monstruo disminuida|Szansa na magiczne przedmioty potworów zmniejszona o
ct_desc_resistanceIsFutile_desc_01|Resistances Decreased by||Resistências Reduzidas|Сопротивления снижены|抗性降低|抵抗が減少しました |저항력 감소량|Resistenzen verringert um|Résistances diminuées par|Resistencias disminuidas|Odporności zmniejszone o
ct_desc_lifeNoMore_desc_01|All Life Replenish Decreased by||Toda Recuperação de Vida Reduzida|Всё восстановление жизни снижено|所有生命回復降低|すべての生命回復量が減少 |모든 생명력 회복량 감소량|Lebensregeneration verringert um|Régénération de vie diminuée par|Recuperación de vida total disminuida|Wszystkie odnawianie życia zmniejszone o
ct_desc_queenBee_desc_01|Monster Attack Speed Increased by||Velocidade de Ataque dos Monstros Aumentada|Скорость атаки монстров повышена|怪物攻擊速度增加|モンスターの攻撃速度が上昇|몬스터 공격 속도 증가량|Angriffsgeschwindigkeit des Monsters erhöht um|Vitesse d'attaque des monstres augmentée par|Velocidad de ataque de monstruo aumentada|Szybkość ataku potworów zwiększona o
ct_desc_queenBee_desc_02|Monster Life Increased by||Vida dos Monstros Aumentada|Жизнь монстров повышена|怪物生命增加|モンスターの体力が上昇|몬스터 생명력 증가량|Monsterleben erhöht um|Vie des monstres augmentée par|Vida de monstruo aumentada|Życie potworów zwiększone o
ct_desc_queenBee_desc_03|Monster Damage Reduction Increased by||Redução de Dano dos Monstros Aumentada|Снижение урона монстров повышено|怪物傷害減免增加|モンスターのダメージ軽減率が上昇 |몬스터 피해 감소량 증가량|Schadensreduktion des Monsters erhöht um|Réduction des dégâts des monstres augmentée par|Reducción de daño de monstruo aumentada|Zmniejszenie obrażeń potworów zwiększone o
ct_desc_boomStick_desc_01|Monster Attack Speed Increased by||Velocidade de Ataque dos Monstros Aumentada|Скорость атаки монстров повышена|怪物攻擊速度增加|モンスターの攻撃速度が上昇|몬스터 공격 속도 증가량|Angriffsgeschwindigkeit des Monsters erhöht um|Vitesse d'attaque des monstres augmentée par|Velocidad de ataque de monstruo aumentada|Szybkość ataku potworów zwiększona o
ct_desc_boomStick_desc_02|Monster Life Increased by||Vida dos Monstros Aumentada|Жизнь монстров повышена|怪物生命增加|モンスターの体力が上昇|몬스터 생명력 증가량|Monsterleben erhöht um|Vie des monstres augmentée par|Vida de monstruo aumentada|Życie potworów zwiększone o
ct_desc_boomStick_desc_03|Monster Damage Increased by||Dano dos Monstros Aumentado|Урон монстров повышен|怪物傷害增加|モンスターのダメージが上昇 |몬스터 공격력 증가량|Monsterschaden erhöht um|Dégâts des monstres augmentés par|Daño de monstruo aumentado|Obrażenia potworów zwiększone o
ct_desc_deepWounds_desc_01|Life Drained||Vida Drenada|Высасывание жизни|生命吸收|命を消耗した |생명력 흡수량|Entzogenes Leben|Vie drainée|Vida drenada|Życie wysysane
ct_desc_speedPowder_desc_01|Monster Movement Speed Increased by||Velocidade de Movimento dos Monstros Aumentada|Скорость передвижения монстров повышена|怪物移動速度增加|モンスターの移動速度が上昇 |몬스터 이동 속도 증가량|Bewegungsgeschwindigkeit des Monsters erhöht um|Vitesse de déplacement des monstres augmentée par|Velocidad de movimiento de monstruo aumentada|Prędkość ruchu potworów zwiększona o
ct_desc_superSized_desc_01|Radius Increased by||Raio Aumentado|Радиус повышен|範圍增加|半径が増加 |범위 증가량|Radius erhöht um|Rayon augmenté par|Radio aumentado|Promień zwiększony o
ct_desc_quickSand_desc_01|Total Movement Speed Decreased by||Velocidade Total de Movimento Reduzida|Общая скорость передвижения снижена|總移動速度降低|総移動速度が減少 |총 이동 속도 감소량|Gesamte Bewegungsgeschwindigkeit verringert um|Vitesse de déplacement totale diminuée par|Velocidad de movimiento total disminuida|Całkowita prędkość ruchu zmniejszona o
ct_desc_combatImpairement_desc_01|Total Action Speed Decreased by||Velocidade Total de Ação Reduzida|Общая скорость действий снижена|總動作速度降低|総動作速度が減少 |총 행동 속도 감소량|Gesamte Aktionsgeschwindigkeit verringert um|Vitesse d'action totale diminuée par|Velocidad de acción total disminuida|Całkowita szybkość akcji zmniejszona o
ct_desc_manaCorruption_desc_01|Mana Costs Increased by||Custos de Mana Aumentados|Затраты маны повышены|魔力消耗增加|マナコスト増加 |마나 소모량 증가량|Manakosten erhöht um|Coût en mana augmenté par|Coste de maná aumentado|Koszt many zwiększony o
ct_desc_chaosSanctuary_desc_01|Monster Critical Strike Chance||Chance de Acerto Crítico dos Monstros|Шанс критического удара монстров|怪物暴擊機率|モンスターのクリティカルヒット率|몬스터 치명타 확률|Kritische Trefferchance des Monsters|Chance de coup critique des monstres|Probabilidad de golpe crítico de monstruo|Szansa na trafienie krytyczne potworów
ct_desc_chaosSanctuary_desc_02|Monster Critical Strike Damage||Dano de Acerto Crítico dos Monstros|Урон от критического удара монстров|怪物暴擊傷害|モンスターのクリティカルヒットダメージ |몬스터 치명타 피해량|Kritischer Trefferschaden des Monsters|Dégâts critiques des monstres|Daño de golpe crítico de monstruo|Obrażenia trafienia krytycznego potworów
ct_desc_chaosBerserkers_desc_01|Monster Attack Speed Increased by||Velocidade de Ataque dos Monstros Aumentada|Скорость атаки монстров повышена|怪物攻擊速度增加|モンスターの攻撃速度が上昇 |몬스터 공격 속도 증가량|Angriffsgeschwindigkeit des Monsters erhöht um|Vitesse d'attaque des monstres augmentée par|Velocidad de ataque de monstruo aumentada|Szybkość ataku potworów zwiększona o
ct_desc_lifeTap_desc_01|Maximum Life Decreased by||Vida Máxima Reduzida|Максимальная жизнь снижена|最大生命降低|最大寿命が減少 |최대 생명력 감소량|Maximales Leben verringert um|Vie maximale diminuée par|Vida máxima disminuida|Maksymalne życie zmniejszone o
ct_desc_chaoticWeakness_desc_01|Maximum Resistances Decreased by||Resistências Máximas Reduzidas|Максимальные сопротивления снижены|最大抗性降低|最大抵抗値の低下 |최대 저항력 감소량|Maximale Resistenzen verringert um|Résistances maximales diminuées par|Resistencias máximas disminuidas|Maksymalne odporności zmniejszone o
ct_desc_emotionalDamage_desc_01|Damage Dealt Decreased by||Dano Causado Reduzido|Наносимый урон снижен|造成傷害降低|与えるダメージが減少 |가하는 피해량 감소량|Verursachter Schaden verringert um|Dégâts infligés diminués par|Daño infligido disminuido|Zadane obrażenia zmniejszone o
ct_desc_oldMansBack_desc_01|Damage Taken Increased by||Dano Recebido Aumentado|Получаемый урон повышен|承受傷害增加|被ダメージ増加 |받는 피해량 증가량|Erlittener Schaden erhöht um|Dégâts subis augmentés par|Daño recibido aumentado|Otrzymane obrażenia zwiększone o
ct_desc_shitamorphosis_desc_01|Proc Chance||Chance de Disparo|Шанс срабатывания|觸發機率|プロセスチャンス |발동 확률|Auslösechance|Chance de déclenchement|Probabilidad de activación|Szansa na proc
ct_desc_vitalCorrosion_desc_01|Maximum Life Reduced by||Vida Máxima Reduzida|Максимальная жизнь снижена|最大生命降低|最大寿命が短縮される |최대 생명력 감소량 작성자:|Maximales Leben verringert um|Vie maximale réduite par|Vida máxima reducida|Maksymalne życie zmniejszone o
ct_desc_chaosChampions_desc_01|Proc Chance||Chance de Disparo|Шанс срабатывания|觸發機率|プロセスチャンス |프로크 찬스 |Auslösechance|Chance de déclenchement |Probabilidad de activación |Szansa na proc
|||||||||||
ct_desc_shadeOfChaos|Shades spawn frequently nearby you following you around, when you come close they stop and explode after a short delay shattering your resistances|Varjostimet kutevat usein lähelläsi ja seuraavat sinua, kun tulet lähelle ne pysähtyvät ja räjähtävät lyhyen viiveen jälkeen murtaen vastuksesi|Sombras aparecem frequentemente perto de você e o seguem. Quando você se aproxima, elas param e explodem após um curto atraso, destruindo suas resistências|Тени часто появляются рядом с вами и следуют за вами. Когда вы приближаетесь, они останавливаются и взрываются через короткую задержку, разрушая ваши сопротивления|殘影頻繁在你附近生成並跟隨你，當你靠近時它們會停止並在短暫延遲後爆炸，粉碎你的抗性|影はあなたの近くに頻繁に出現し、あなたを追いかけ回します。あなたが近づくと、影は止まり、少し遅れて爆発し、あなたの耐性を打ち砕きます|그림자가 주변에서 자주 나타나 당신을 따라다니며, 가까이 다가가면 잠시 멈췄다가 폭발하여 저항력을 산산조각냅니다.|Schatten erscheinen häufig in deiner Nähe und folgen dir. Wenn du dich näherst, bleiben sie stehen und explodieren nach einer kurzen Verzögerung, wodurch deine Resistenzen zerstört werden.|Les ombres apparaissent fréquemment à proximité de vous et vous suivent partout. Lorsque vous vous approchez, elles s'arrêtent et explosent après un court délai, brisant vos résistances.|Aparecen sombras cerca de ti con frecuencia y te siguen. Cuando te acercas, se detienen y explotan tras un breve instante, destrozando tus resistencias.|Cienie często spawnują się blisko ciebie i podążają za tobą, gdy podejdziesz blisko zatrzymują się i eksplodują po krótkim opóźnieniu rozbijając twoje odporności
ct_desc_chaosTurrets|Spawn multiple turrets in the floor that shoot chaos fire into a set direction|Poiki lattiaan useita torneja, jotka ampuvat kaaosta tiettyyn suuntaan|Invoca várias torretas no chão que disparam fogo caótico em uma direção fixa|Создаёт несколько турелей на этаже, которые стреляют хаотическим огнём в заданном направлении|在地板上生成多個砲台，向指定方向發射混沌之火|床に複数の砲塔を出現させ、指定された方向にカオスの火を発射します|바닥에 여러 개의 포탑을 생성하여 특정 방향으로 혼돈의 불을 뿜습니다.|Erzeuge mehrere Türme im Boden, die Chaosfeuer in eine festgelegte Richtung schießen.|Apparaît plusieurs tourelles dans le sol qui tirent du feu du chaos dans une direction définie.|Aparecen múltiples torretas en el suelo que disparan fuego del caos en una dirección fija.|Spawn wielu turrets na podłodze, które strzelają chaos fire w ustalonym kierunku
ct_desc_poolsOfChaos|Monsters evaporate into pools of chaos essence dealing damage after a short delay from spawning|Hirviöt haihtuvat kaaosolemuksen altaiksi ja aiheuttavat vahinkoa lyhyen viiveen jälkeen kutemisesta|Monstros evaporam em poças de essência do caos e causam dano após um curto atraso do surgimento|Монстры испаряются в лужи сущности хаоса и наносят урон через короткую задержку после появления|怪物生成後短暫延遲蒸發成混沌精華池並造成傷害|モンスターは出現から少し遅れてカオスのエッセンスのプールに蒸発し、ダメージを与えます|몬스터가 생성 후 잠시 멈춘 후 혼돈의 정수 웅덩이로 증발하여 데미지를 입힙니다.|Monster verdampfen nach einer kurzen Verzögerung nach dem Erscheinen zu Pfützen aus Chaosessenz und verursachen Schaden.|Les monstres s'évaporent dans des flaques d'essence du chaos infligeant des dégâts après un court délai après leur apparition.|Los monstruos se evaporan en pozos de esencia del caos, que infligen daño poco después de aparecer.|Potwory parują się w kałuże chaos essence zadając obrażenia po krótkim opóźnieniu od spawnienia
ct_desc_stutter|Monsters always stun on hit|Hirviöt hämmästyttävät aina osuessaan|Monstros sempre atordoam ao acertar|Монстры всегда оглушают при ударе|怪物擊中時總是造成眩暈|モンスターはヒットすると常にスタンします|몬스터가 타격 시 항상 기절합니다.|Monster betäuben immer bei Treffer.|Les monstres sont toujours étourdis à l'impact.|Los monstruos siempre aturden al golpear.|Potwory zawsze ogłuszają przy trafieniu
ct_desc_chaosFortitude|Increases all resistances of monsters in chaos tower|Lisääntynyt hirviöiden vastustuskyky 40 %|Aumenta todas as resistências dos monstros na Torre do Caos|Повышает все сопротивления монстров в Башне Хаоса|增加混沌塔中怪物的所有抗性|モンスターの耐性が 40% 増加しました|몬스터 저항력이 40% 증가합니다.|Erhöhte Monsterresistenzen um 40 %.|Les résistances des monstres ont augmenté de 40 %.|Aumenta las resistencias de los monstruos un 40%.|Zwiększa wszystkie odporności potworów w chaos tower
ct_desc_chaosFortitude_desc_01|Monster Resistances||Resistências dos Monstros|Сопротивления монстров|怪物抗性|モンスターの耐性 |몬스터 저항 |Monsterwiderstände|Résistances des monstres |Resistencias de monstruos |Odporności potworów
ct_desc_BloatedIntestines|Monsters in chaos tower gain increased maximum life|Lisää hirviön elämää 50 %|Monstros na Torre do Caos ganham vida máxima aumentada|Монстры в Башне Хаоса получают повышенную максимальную жизнь|混沌塔中怪物獲得最大生命增加|モンスターのライフが 50% 増加しました|몬스터 생명력이 50% 증가합니다.|Erhöhte Monsterlebensdauer um 50 %.|La vie des monstres a augmenté de 50 %.|Aumenta la vida de los monstruos un 50%.|Potwory w chaos tower zyskują zwiększone maksymalne życie
ct_desc_BloatedIntestines_desc_01|Monster Life Increased by||Vida dos Monstros Aumentada|Жизнь монстров повышена|怪物生命增加|モンスターのライフが増加 |몬스터 생명력 증가 |Monsterleben erhöht um|Vie des monstres augmentée par |La vida de los monstruos aumentó en |Życie potworów zwiększone o
ct_desc_chaosEnchant|Monsters in chaos tower gain increased damage|Lisääntynyt hirviövaurio 15 %|Monstros na Torre do Caos ganham dano aumentado|Монстры в Башне Хаоса получают повышенный урон|混沌塔中怪物獲得傷害增加|モンスターのダメージが 15% 増加しました|몬스터 데미지가 15% 증가합니다.|Erhöhter Monsterschaden um 15 %.|Les dégâts des monstres ont augmenté de 15 %.|Aumenta el daño de los monstruos un 15%.|Potwory w chaos tower zyskują zwiększone obrażenia
ct_desc_chaosCorrosion|Monsters in chaos tower inflict poisoned on hit|Hirviöt myrkyttävät nyt aina osuessaan ja käsittelevät 20 % vahingoistaan ​​myrkytettyinä.|Monstros na Torre do Caos aplicam veneno ao acertar|Монстры в Башне Хаоса накладывают отравление при ударе|混沌塔中怪物擊中時造成中毒|モンスターはヒットすると常に毒を付与し、毒によるダメージの 20% を与えます|몬스터가 타격 시 항상 독을 입히고 데미지의 20%를 독으로 입힙니다.|Monster vergiften jetzt immer bei Treffer und verursachen 20 % ihres Schadens als Vergiftung.|Les monstres empoisonnent désormais toujours à l'impact, infligeant 20 % de leurs dégâts sous forme d'empoisonnement.|Ahora los monstruos siempre envenenan al golpear, infligiendo un 20% de su daño como veneno.|Potwory w chaos tower zadają zatrucie przy trafieniu
ct_desc_absoluteChaos|Monsters in chaos tower gain an additional affix|Hirviöt saavat 1 ylimääräisen liitteen|Monstros na Torre do Caos ganham um afixo adicional|Монстры в Башне Хаоса получают дополнительный аффикс|混沌塔中怪物獲得額外詞綴|モンスターは追加アフィックスを 1 つ獲得します|몬스터가 추가 접미사를 1개 얻습니다.|Monster erhalten 1 zusätzliches Affix.|Les monstres gagnent 1 affixe supplémentaire.|Los monstruos obtienen 1 afijo extra.|Potwory w chaos tower zyskują dodatkowy afiks
ct_desc_pillarsOfFire|Pillars of fire spawned at your feet frequently|Tulipatsaat poikivat usein jalkojesi juureen|Pilares de fogo surgem frequentemente aos seus pés|Столбы огня часто появляются у ваших ног|火焰之柱頻繁在你腳下生成|足元に火柱が頻繁に出現します|불기둥이 자주 발아래 생성됩니다.|Feuersäulen erscheinen häufig zu deinen Füßen.|Des piliers de feu apparaissent fréquemment à vos pieds.|Aparecen pilares de fuego a tus pies con frecuencia.|Słupy ognia spawnujące się pod twoimi stopami często
ct_desc_spawnsOfChaos|Monsters in chaos tower gain increased monster level|Hirviöt saavat 25 hirviötasoa |Monstros na Torre do Caos ganham nível de monstro aumentado|Монстры в Башне Хаоса получают повышенный уровень монстра|混沌塔中怪物獲得怪物等級增加|モンスターはモンスター レベルが 25 上昇します |몬스터가 25 몬스터 레벨을 얻습니다. |Monster erhalten 25 Monsterlevel.|Les monstres gagnent 25 niveaux de monstre. |Los monstruos ganan 25 niveles.|Potwory w chaos tower zyskują zwiększony poziom potwora
ct_desc_legionOfChaos|Monsters are spawned as higher rarity, increased damage and decreased magic find. Legion and Fallen monsters gain an extra affix.|Hirviöt saavat +1 harvinaisuuden, legioonit saavat lisäliitteen, +50% vahinkoa, -250% taikaesineiden löytöä|Monstros surgem com raridade mais alta, dano aumentado e chance de itens mágicos reduzida. Monstros de Legião e Caídos ganham um afixo extra|Монстры появляются с более высокой редкостью, повышенным уроном и сниженной магической находкой. Легионные и падшие монстры получают дополнительный аффикс|怪物以更高稀有度階級生成，傷害增加且掉寶率降低。軍團與墮落怪物獲得額外詞綴|モンスターのレア度が+1、軍団が追加のアフィックスを獲得、ダメージが+50%、魔法の発見が-250% |몬스터는 희귀도가 +1 증가하고, 군단은 추가 접미사를 얻고, 데미지가 +50% 증가하고, -250% 마법 아이템 확률을 받습니다.|Monster erhalten +1 Seltenheit, Legionen erhalten ein zusätzliches Affix, +50 % Schaden, -250 % Magisches Gespür|Les monstres gagnent +1 en rareté, les légions gagnent un affixe supplémentaire, +50% de dégâts, -250% de découverte magique |Los monstruos obtienen +1 a su rareza, las legiones obtienen un afijo extra, +50% de daño y -250% de Hallazgo Mágico.|Potwory spawnują się jako wyższa rzadkość, zwiększone obrażenia i zmniejszony magic find. Legiony i Upadłe potwory zyskują dodatkowy afiks.
ct_desc_resistanceIsFutile|Your resistances in the chaos tower are decreased significantly|Vähentää vastuksesi 75 %|Suas resistências na Torre do Caos são significativamente reduzidas|Ваши сопротивления в Башне Хаоса значительно снижены|你在混沌塔中的抗性大幅降低|耐性が 75% 減少します|저항력이 75% 감소합니다.|Verringert deine Resistenzen um 75 %|Réduit vos résistances de 75 %|Reduce tus resistencias un 75%.|Twoje odporności w chaos tower są znacznie zmniejszone
ct_desc_lifeNoMore|Your life replenish from all sources is significantly decreased|Kaikki elämää täydentävät lähteet vähenivät 75 %|Sua recuperação de vida de todas as fontes é significativamente reduzida|Восстановление вашей жизни из всех источников значительно снижено|你從所有來源獲得的生命回復大幅降低|ライフ回復源がすべて 75% 減少します|모든 생명력 회복 소스가 75% 감소합니다.|Alle lebenserneuernden Quellen werden um 75 % verringert|Toutes les sources de régénération de vie sont réduites de 75 %|Todas las fuentes de regeneración de vida se reducen un 75%.|Twoje odnawianie życia ze wszystkich źródeł jest znacznie zmniejszone
ct_desc_electricChaos|All monsters become lightning enhanced|Kaikista hirviöistä tulee salamannopeaa|Todos os monstros ganham o reforço de relâmpago|Все монстры получают усиление молнией|所有怪物獲得閃電強化|すべてのモンスターが稲妻強化になります|모든 몬스터가 번개 강화 상태가 됩니다.|Alle Monster werden blitzverstärkt|Tous les monstres sont améliorés par la foudre|Todos los monstruos obtienen el encanto de rayo.|Wszystkie potwory stają się wzmocnione błyskawicami
ct_desc_arcaniumOfChaos|All monsters become arcana|Kaikista hirviöistä tulee arkaaneja|Todos os monstros ganham o reforço arcano|Все монстры получают усиление тайной магией|所有怪物獲得奧術強化|すべてのモンスターがアルカナになります|모든 몬스터가 아르카나가 됩니다.|Alle Monster werden arkan|Tous les monstres deviennent des arcanes|Todos los monstruos se convierten en arcanos.|Wszystkie potwory stają się arkaniczne
ct_desc_tribalExecution|A rain of arrows frequently storm into your location|Nuolisade ryntää usein sijaintiisi|Uma chuva de flechas frequentemente cai na sua localização|Частый дождь из стрел обрушивается на вашу позицию|箭雨頻繁轟擊你的位置|矢の雨が頻繁にあなたのいる場所に降り注ぎます|화살의 비가 자주 쏟아집니다.|Ein Pfeilhagel stürmt häufig auf deinen Standort zu|Une pluie de flèches tombe fréquemment sur votre emplacement|Una lluvia de flechas cae con frecuencia sobre tu posición.|Deszcz strzał często spada w twoją lokalizację
ct_desc_bloodBath|Waves of blood are unleashed from a random direction towards you on a frequent basis|Veren aallot vapautuvat satunnaisesta suunnasta sinua kohti usein|Ondas de sangue são liberadas de uma direção aleatória em sua direção com frequência|Волны крови выпускаются с случайного направления в вашу сторону с частыми интервалами|血浪從隨機方向頻繁向你席捲而來|血の波がランダムな方向から頻繁にあなたに向かって放たれます|피의 파도가 무작위 방향에서 자주 방출됩니다.|Aus einer zufälligen Richtung werden regelmäßig Blutwellen auf dich losgelassen|Des vagues de sang sont déclenchées d'une direction aléatoire vers vous de manière fréquente|Oleadas de sangre se lanzan hacia ti con frecuencia desde una dirección aleatoria.|Fale krwi są wyzwalane z losowego kierunku w twoją stronę na częstej podstawie
ct_desc_puppeteer|Monsters scatter into multiple Cursed Dolls upon death|Hirviöt hajoavat useiksi kirotuiksi nukeiksi kuoleman jälkeen|Monstros se dividem em várias Bonecas Amaldiçoadas ao morrer|Монстры при смерти распадаются на несколько Проклятых Кукол|怪物死亡時分裂成多個詛咒娃娃|モンスターは死亡すると複数の呪われた人形に散らばります|몬스터가 죽으면 여러 개의 저주받은 인형으로 흩어집니다.|Monster zerstreuen sich beim Tod in mehrere verfluchte Puppen|Les monstres se dispersent en plusieurs poupées maudites à leur mort|Al morir, los monstruos se dividen en varias Muñecas Malditas.|Potwory rozpraszają się na wiele Przeklętych Lalek po śmierci
ct_desc_corrosiveRain|Venomous meteors rain from the sky unleshing a long lasting poison cloud when hitting the ground inflicting poisoned on hit|Myrkylliset meteorit sataa taivaalta vapauttaen pitkäkestoisen myrkkypilven osuessaan maahan ja aiheuttaen myrkytyksen osumaan|Meteoros venenosos caem do céu liberando uma nuvem de veneno de longa duração ao atingir o chão, aplicando veneno ao acertar|Ядовитые метеоры падают с неба и при ударе о землю создают долгое облако яда, накладывающее отравление при попадании|劇毒隕石從天而降，擊中地面時釋放持久毒雲，擊中時造成中毒|有毒な流星が空から降り注ぎ、地面に当たると長時間持続する毒雲を放ち、命中すると毒状態になります|하늘에서 독이 있는 운석이 쏟아져 땅에 부딪히면 오래 지속되는 독 구름을 방출하여 적중 시 중독을 입힙니다.|Giftige Meteore regnen vom Himmel und setzen eine lang anhaltende Giftwolke frei, wenn sie auf den Boden treffen und bei einem Treffer Vergiftung verursachen|Des météores venimeux pleuvent du ciel, libérant un nuage de poison de longue durée en touchant le sol, infligeant un empoisonnement au coup|Meteoritos venenosos caen del cielo y, al golpear el suelo, liberan una nube de veneno duradera que envenena al impactar.|Trujące meteory spadają z nieba wyzwalając długotrwałą chmurę trucizny przy uderzeniu w ziemię zadającą zatrucie przy trafieniu
ct_desc_queenBee|Monsters in chaos tower are now spawned as wasps with increased attack speed, increased life and increased damage reduction|Kaikki hirviöt ovat nyt ampiaisia, joilla on 40 % suurempi hyökkäysnopeus, 10 % pidempi käyttöikä ja 15 % lisääntynyt vahinkovähennys|Monstros na Torre do Caos agora surgem como vespas com velocidade de ataque, vida e redução de dano aumentadas|Монстры в Башне Хаоса теперь появляются в виде ос с повышенной скоростью атаки, повышенной жизнью и повышенным снижением урона|混沌塔中怪物現在以黃蜂形式生成，攻擊速度、生命與傷害減免增加|すべてのモンスターがスズメバチになり、攻撃速度が 40% 増加、ライフが 10% 増加、ダメージ軽減が 15% 増加します|모든 몬스터가 이제 공격 속도가 40% 증가하고, 생명력이 10% 증가하고, 데미지 감소가 15% 증가하는 말벌이 됩니다.|Alle Monster sind jetzt Wespen mit 40 % erhöhter Angriffsgeschwindigkeit, 10 % erhöhtem Leben und 15 % erhöhter Schadensreduzierung|Tous les monstres sont désormais des guêpes avec une vitesse d'attaque augmentée de 40 %, une vie augmentée de 10 % et une réduction des dégâts augmentée de 15 %|Todos los monstruos ahora son avispas con un 40% más de velocidad de ataque, un 10% más de Vida y un 15% más de reducción de daño.|Potwory w chaos tower są teraz spawnowane jako osy ze zwiększoną szybkością ataku, zwiększonym życiem i zwiększonym zmniejszeniem obrażeń
ct_desc_boomStick|Monsters in chaos tower are now spawned as goblin bombers with increased attack speed, increased life and increased damage|Kaikki hirviöt ovat nyt Devilkin Bombereja, joilla on 40 % lisääntynyt hyökkäysnopeus, 20 % lisääntynyt käyttöikä, 10 % lisääntynyt vahinko.|Monstros na Torre do Caos agora surgem como goblins bombardeiros com velocidade de ataque, vida e dano aumentados|Монстры в Башне Хаоса теперь появляются в виде гоблинов-бомбардиров с повышенной скоростью атаки, повышенной жизнью и повышенным уроном|混沌高塔中怪物現在以哥布林炸彈手形式生成，攻擊速度、生命與傷害增加|すべてのモンスターがデビルキン ボンバーになり、攻撃速度が 40% 増加、ライフが 20% 増加、与えるダメージが 10% 増加します|모든 몬스터가 이제 공격 속도가 40% 증가하고, 생명력이 20% 증가하고, 데미지량이 10% 증가하는 데빌킨 폭격기가 됩니다.|Alle Monster sind jetzt Devilkin Bomber mit 40 % erhöhter Angriffsgeschwindigkeit, 20 % erhöhtem Leben und 10 % erhöhtem Schaden|Tous les monstres sont désormais des bombardiers Devilkin avec une vitesse d'attaque augmentée de 40 %, une vie augmentée de 20 %, des dégâts infligés augmentés de 10 %|Todos los monstruos ahora son Bombarderos Demoníacos con un 40% más de velocidad de ataque, un 20% más de Vida y un 10% más de daño infligido.|Potwory w chaos tower są teraz spawnowane jako goblin bombers ze zwiększoną szybkością ataku, zwiększonym życiem i zwiększonymi obrażeniami
ct_desc_deepWounds|Your life is drained every second in the chaos tower|Elämäsi kuluu 6 % maksimielämästäsi sekunnissa|Sua vida é drenada a cada segundo na Torre do Caos|Ваша жизнь высасывается каждую секунду в Башне Хаоса|混沌塔中受傷時每秒生命被吸取|ライフは毎秒最大ライフの 6% 減少します |초당 최대 생명력의 6%만큼 생명력이 소모됩니다. |Dein Leben wird pro Sekunde um 6 % deines maximalen Lebens entzogen|Votre vie est drainée de 6 % de votre vie maximale par seconde |Tu vida se drena un 6% de tu vida máxima por segundo.|Twoje życie jest wysysane co sekundę w chaos tower
ct_desc_reverseMatrix|You can no longer dodge any attacks or projectiles|Et voi enää väistää hyökkäyksiä tai ammuksia|Você não pode mais esquivar de nenhum ataque ou projétil|Вы больше не можете уклоняться от любых атак или снарядов|您無法再閃避任何攻擊或投射物|攻撃や発射物をかわすことはできなくなります|더 이상 공격이나 투사체를 회피할 수 없습니다.|Sie können keinen Angriffen oder Geschossen mehr ausweichen.|Vous ne pouvez plus esquiver d'attaques ou de projectiles|Ya no puedes esquivar ningún ataque o proyectil.|Nie możesz już unikać żadnych ataków ani pocisków
ct_desc_boulderBlasting|Three colossal boulders spawn inside the tower traveling in a circle around the floor|Tornin sisällä kutee kolme jättimäistä lohkaaria, jotka kulkevat ympyrää pitkin lattiaa|Três pedregulhos colossais surgem dentro da torre viajando em círculo pelo andar|Внутри башни появляются три огромных валуна, движущихся по кругу по этажу|塔內生成三個巨型巨石，圍繞地板呈圓形移動|タワー内に巨大な岩が3つ出現し、床の周りを円を描いて移動します|타워 내부에 거대한 바위 3개가 생성되어 바닥 주위를 원형으로 이동합니다.|Drei riesige Felsbrocken erscheinen im Turm und bewegen sich kreisförmig über den Boden.|Trois rochers colossaux apparaissent à l'intérieur de la tour et se déplacent en cercle autour du sol|Tres rocas colosales aparecen dentro de la torre, moviéndose en círculo por el suelo.|Trzy kolosalne głazy spawnują się wewnątrz wieży poruszając się w okręgu wokół podłogi
ct_desc_noEscape|An Immortal Snail slowly follows you dealing fatal damage on hit|Kuolematon etana seuraa sinua hitaasti ja tekee kohtalokasta vahinkoa osumalla|Uma Lesma Imortal segue você lentamente causando dano fatal ao acertar|Бессмертная Улитка медленно преследует вас и наносит смертельный урон при попадании|一隻不朽蝸牛緩慢跟隨你，擊中時造成致死傷害|不滅のカタツムリがゆっくりとあなたを追いかけ、ヒット時に致命的なダメージを与えます|불멸의 달팽이가 천천히 당신을 따라오며 적중 시 치명적인 데미지를 입힙니다.|Eine unsterbliche Schnecke folgt Ihnen langsam und verursacht bei einem Treffer tödlichen Schaden.|Un escargot immortel vous suit lentement et inflige des dégâts mortels à l'impact|Un Caracol Inmortal te sigue lentamente, infligiendo daño letal al golpear.|Nieśmiertelny Ślimak powoli podąża za tobą zadając śmiertelne obrażenia przy trafieniu
ct_desc_surpriseBomb|Monsters have a chance on death to throw an explosive towards you that explodes after a short delay|Hirviöillä on mahdollisuus kuollessaan heittää sinua kohti räjähde, joka räjähtää lyhyen viiveen jälkeen|Monstros têm chance ao morrer de arremessar uma bomba explosiva em sua direção que explode após um curto atraso|Монстры имеют шанс при смерти бросить в вас взрывчатку, которая взрывается через короткую задержку|怪物死亡時有機率向你投擲爆炸物，短暫延遲後爆炸|モンスターは死亡時に爆発物を投げる可能性があり、少し遅れて爆発します|몬스터가 죽을 때 짧은 지연 시간 후에 폭발하는 폭발물을 던질 확률이 있습니다.|Monster haben beim Tod die Chance, einen Sprengsatz auf Sie zu werfen, der nach einer kurzen Verzögerung explodiert.|Les monstres ont une chance à la mort de lancer un explosif vers vous qui explose après un court délai|Al morir, los monstruos tienen una probabilidad de lanzarte un explosivo que detona tras un breve instante.|Potwory mają szansę po śmierci na rzucenie wybuchowym przedmiotem w twoją stronę, który eksploduje po krótkim opóźnieniu
ct_desc_timeToReap|Occasionally become targeted by death itself spawning in multiple scythes in an X or + pattern around you, after a short delay the fly towards you|Joudu toisinaan itse kuoleman kohteeksi, joka kutee useissa viikateissa X- tai +-kuviolla ympärilläsi, lyhyen viiveen jälkeen lentää sinua kohti|Ocasionalmente você é alvo da própria morte, gerando várias foices em padrão de X ou + ao seu redor; após um curto atraso elas voam em sua direção|Иногда вас отмечает сама Смерть, создавая несколько кос в форме X или + вокруг вас; через короткую задержку они летят в вашу сторону|偶爾會被死亡本身鎖定，在你周圍以 X 或 + 位置生成多把鐮刀，短暫延遲後飛向你|時々、死そのものの標的となり、Xまたは+パターンで複数の鎌があなたの周りに出現し、少し遅れてあなたに向かって飛んでいきます|가끔 죽음의 대상이 되어 당신 주변에 X 또는 + 패턴으로 여러 개의 낫이 생성되고, 짧은 지연 시간 후에 당신을 향해 날아옵니다.|Gelegentlich werden Sie vom Tod selbst angegriffen, der in mehreren Sensen in einem X- oder +-Muster um Sie herum erscheint und nach einer kurzen Verzögerung auf Sie zufliegt.|Devenez parfois la cible de la mort elle-même en générant plusieurs faux dans un motif X ou + autour de vous, après un court délai, ils volent vers vous|Ocasionalmente, la propia muerte te marcará como objetivo, haciendo aparecer múltiples guadañas a tu alrededor en un patrón de X o +, que volarán hacia ti tras un breve instante.|Czasami stajesz się celem samej śmierci spawnującej wiele kos w kształcie X lub + wokół ciebie, po krótkim opóźnieniu lecą w twoją stronę
ct_desc_gargantuans|Monsters grow in size, speed and deal increased damage the lower their health is|Hirviöt kasvavat kooltaan, nopeudeltaan ja aiheuttavat sitä enemmän vahinkoa, mitä heikompi heidän terveytensä on |Monstros crescem em tamanho, velocidade e causam mais dano quanto menor sua vida|Монстры увеличиваются в размере и скорости и наносят больше урона, чем ниже их здоровье|怪物體積、速度增大，且生命越低造成的傷害越高|モンスターは体力が低いほどサイズと速度が大きくなり、与えるダメージが増加します|몬스터는 체력이 낮을수록 크기와 속도가 커지고 데미지가 증가합니다.|Monster werden größer und schneller und verursachen mehr Schaden, je geringer ihre Gesundheit ist.|Les monstres grandissent en taille, en vitesse et infligent des dégâts accrus à mesure que leur santé est faible|Los monstruos crecen en tamaño, velocidad e infligen más daño cuanto menos vida tienen.|Potwory rosną w rozmiarze, prędkości i zadają zwiększone obrażenia im niższe jest ich zdrowie
ct_desc_trickOrTreat|Enemies have a low chance on death to explode into multiple homing pumpkin heads|Vihollisilla on pieni mahdollisuus kuolla räjähtäen useisiin kurpitsanpäihin|Inimigos têm baixa chance ao morrer de explodir em várias cabeças de abóbora teleguiadas|У врагов есть небольшой шанс при смерти взорваться несколькими самонаводящимися тыквенными головами|敵人死亡時有機率爆炸成多個追踪南瓜頭|敵が死亡時に複数のホーミングカボチャの頭に爆発する可能性は低くなります|적은 죽을 때 낮은 확률로 여러개의 유도성 호박머리로 폭발합니다.|Feinde haben beim Tod eine geringe Chance, in mehrere zielsuchende Kürbisköpfe zu explodieren.|Les ennemis ont une faible chance à la mort d'exploser en plusieurs têtes de citrouille à tête chercheuse|Al morir, los enemigos tienen una baja probabilidad de explotar en múltiples calabazas teledirigidas.|Wrogowie mają niską szansę po śmierci na eksplozję w wiele samonaprowadzających się głów dyni
ct_desc_bulletHell|All monster projectiles travel faster|Kaikki hirviöammukset kulkevat nopeammin|Todos os projéteis dos monstros viajam mais rápido|Все снаряды монстров летят быстрее|所有怪物投射物飛行速度增加|モンスターの発射物はすべてより速く移動します|모든 몬스터 투사체가 더 빨라집니다.|Alle Monsterprojektile bewegen sich schneller.|Tous les projectiles des monstres voyagent plus vite|Todos los proyectiles de los monstruos viajan más rápido.|Wszystkie pociski potworów podróżują szybciej
ct_desc_reversal|Your damage fluctuates between 50% and 150% of your total damage. Changing every 5 seconds|Vahinkosi vaihtelee 50 % ja 150 % välillä kokonaisvahingostasi. Vaihtuu 5 sekunnin välein|Seu dano oscila entre 50% e 150% do seu dano total, mudando a cada 5 segundos|Ваш урон колеблется от 50% до 150% от общего урона, меняясь каждые 5 секунд|你的傷害在總傷害的 50% 至 150% 之間波動，每 5 秒變換一次，每五秒变化一次|ダメージは合計ダメージの50%から150%の間で変動します。 5 秒ごとに変化|데미지량은 총 데미지량의 50%에서 150% 사이에서 변동합니다. 5초마다 변경|Ihr Schaden schwankt zwischen 50 % und 150 % Ihres Gesamtschadens. Wechselt alle 5 Sekunden|Vos dégâts fluctuent entre 50% et 150% de vos dégâts totaux. Change toutes les 5 secondes|Tu daño fluctúa entre el 50% y el 150% de tu daño total, cambiando cada 5 segundos.|Twoje obrażenia wahają się między 50% a 150% twoich całkowitych obrażeń. Zmienia się co 5 sekund
ct_desc_speedPowder|Monsters in chaos tower gain significantly increased movement speed|Monsterin liikenopeus kasvaa 200 %|Monstros na Torre do Caos ganham velocidade de movimento significativamente aumentada|Монстры в Башне Хаоса получают значительно повышенную скорость передвижения|混沌塔中怪物獲得大幅移動速度增加|モンスターの移動速度が 200% 増加|몬스터 이동 속도가 200% 증가합니다.|Die Bewegungsgeschwindigkeit der Monster wird um 200 % erhöht|La vitesse de déplacement des monstres est augmentée de 200 %|La velocidad de movimiento de los monstruos aumenta un 200%.|Potwory w chaos tower zyskują znacznie zwiększoną prędkość ruchu
ct_desc_superSized|Monsters in chaos tower gain increased attack and projectile area of effect size|Lisää hirviöhyökkäystä / taitoaluetta 100 %|Monstros na Torre do Caos ganham tamanho de área de efeito de ataque e projéteis aumentado|Монстры в Башне Хаоса получают повышенный радиус атаки и снарядов|混沌塔中怪物獲得攻擊與投射物範圍效果尺寸增加|モンスターの攻撃 / スキル効果範囲が 100% 増加|몬스터 공격/스킬 효과 영역이 100% 증가합니다.|Erhöht den Wirkungsbereich von Monsterangriffen/Fertigkeiten um 100 %|Augmente la zone d'effet de l'attaque/compétence des monstres de 100 %|Aumenta el área de efecto de los ataques y habilidades de los monstruos un 100%.|Potwory w chaos tower zyskują zwiększony rozmiar obszaru ataku i pocisków
ct_desc_combatImpairement|Your total attack speed and cast rate is decreased in the chaos tower|Vähentää kokonaishyökkäysnopeuttasi ja heittonopeuttasi 25 %|Sua velocidade total de ataque e conjuração é reduzida na Torre do Caos|Ваша общая скорость атаки и чтения заклинаний снижена в Башне Хаоса|你在混沌塔中總攻擊速度與施法速度降低|攻撃速度と詠唱速度の合計が 25% 減少|전체 공격 속도와 시전 속도가 25% 감소합니다.|Verringert Ihre gesamte Angriffsgeschwindigkeit und Zauberrate um 25 %|Diminue votre vitesse d'attaque totale et votre taux d'incantation de 25 %|Reduce tu velocidad de ataque y de lanzamiento de hechizos totales un 25%.|Twoja całkowita szybkość ataku i rzucania jest zmniejszona w chaos tower
ct_desc_quickSand|Your total movement speed is decreased in the chaos tower|Vähentää kokonaisliikenopeuttasi 25 %|Sua velocidade total de movimento é reduzida na Torre do Caos|Ваша общая скорость передвижения снижена в Башне Хаоса|你在混沌塔中總移動速度降低|移動速度の合計が 25% 減少|전체 이동 속도가 25% 감소합니다.|Verringert Ihre gesamte Bewegungsgeschwindigkeit um 25 %|Diminue votre vitesse de déplacement totale de 25 %|Reduce tu velocidad de movimiento total un 25%.|Twoja całkowita prędkość ruchu jest zmniejszona w chaos tower
ct_desc_manaCorruption|Your mana costs are significantly increased in the chaos tower|Nostaa taitosi manahintaa 100 %|Seus custos de mana são significativamente aumentados na Torre do Caos|Ваши затраты маны значительно повышены в Башне Хаоса|你在混沌塔中魔力消耗大幅增加|スキルのマナ コストが 100% 増加|스킬의 마나 비용이 100% 증가합니다.|Erhöht die Manakosten Ihrer Fertigkeiten um 100 %|Augmente le coût en mana de vos compétences de 100 %|Aumenta el coste de maná de tus habilidades un 100%.|Koszt twojej many jest znacznie zwiększony w chaos tower
ct_desc_chaosSanctuary|Monsters in chaos tower gain a chance to deal critical strikes with increased critical strike damage|Hirviöillä on 25 %:n mahdollisuus iskeä kriittisesti saadakseen 100 %:n suuremman vahingon|Monstros na Torre do Caos ganham chance de causar acertos críticos com dano crítico aumentado|Монстры в Башне Хаоса имеют шанс наносить критические удары с повышенным уроном от критического удара|混沌塔中怪物獲得暴擊機率與暴擊傷害增加|モンスターがクリティカル ヒットする確率が 25% 増加し、ダメージが 100% 増加|몬스터가 치명타를 가할 확률이 25%로 100% 증가합니다.|Monster haben eine 25-prozentige Chance, einen kritischen Treffer zu landen, der 100 % mehr Schaden verursacht|Les monstres ont 25 % de chances de faire un coup critique pour 100 % de dégâts supplémentaires|Los monstruos tienen una probabilidad del 25% de asestar un golpe crítico que inflige un 100% de daño aumentado.|Potwory w chaos tower zyskują szansę na zadawanie trafień krytycznych ze zwiększonymi obrażeniami krytycznymi
ct_desc_chaosBerserkers|Monsters in chaos tower gain increased attack speed|Lisää hirviöiden hyökkäysnopeutta 50 %|Monstros na Torre do Caos ganham velocidade de ataque aumentada|Монстры в Башне Хаоса получают повышенную скорость атаки|混沌塔中怪物獲得攻擊速度增加|モンスターの攻撃速度が 50% 増加|몬스터 공격 속도가 50% 증가합니다.|Erhöht die Angriffsgeschwindigkeit der Monster um 50 %|Augmente la vitesse d'attaque des monstres de 50 %|Aumenta la velocidad de ataque de los monstruos un 50%.|Potwory w chaos tower zyskują zwiększoną szybkość ataku
ct_desc_lifeTap|Your maximum life is significantly decreased in the chaos tower|Vähentää elämääsi 33 %|Sua vida máxima é significativamente reduzida na Torre do Caos|Ваша максимальная жизнь значительно снижена в Башне Хаоса|你在混沌高塔中最大生命大幅降低|ライフが 33% 減少|생명력이 33% 감소합니다.|Verringert Ihre Lebenspunkte um 33 %|Diminue votre vie de 33 %|Reduce tu vida un 33%.|Twoje maksymalne życie jest znacznie zmniejszone w chaos tower
ct_desc_multiShot|All monsters gain the multishot affix|Kaikki hirviöt saavat multishot-liitteen|Todos os monstros ganham o afixo de tiro múltiplo|Все монстры получают аффикс многострельбы|所有怪物獲得多重射擊詞綴|すべてのモンスターにマルチショット アフィックスが付与|모든 몬스터가 멀티샷 접미사를 얻습니다.|Alle Monster erhalten das Multishot-Affix|Tous les monstres obtiennent l'affixe multishot|Todos los monstruos obtienen el afijo Disparo Múltiple.|Wszystkie potwory zyskują afiks multishot
ct_desc_scorchedGround|Spawns patches of scorched ground around the floor slowing and dealing fire damage.|Kutee palanut maaperä lattian ympärille hidastaen ja aiheuttaen palovahinkoja.|Gera manchas de chão queimado pelo andar, causando lentidão e dano de fogo|Создаёт пятна выжженной земли по всему этажу, замедляющие и наносящие урон от огня|在地板周圍生成焦土區域，造成減速與火焰傷害|床の周りに焦げた地面の斑点を生成し、動きを遅くし、火炎ダメージを与えます。|바닥 주변에 타들어간 땅이 생성되어 속도가 느려지고 불 데미지를 입힙니다.|Erzeugt Flecken verbrannten Bodens auf dem Boden, die verlangsamen und Feuerschaden verursachen.|Fait apparaître des zones de sol brûlé autour du sol, ralentissant et infligeant des dégâts de feu.|Crea áreas de tierra calcinada por el suelo que ralentizan e infligen daño de fuego.|Spawnują się plamy spalonej ziemi wokół podłogi spowalniając i zadając obrażenia ogniste.
ct_desc_closeAndPersonal|Monsters become proximity tangible and no longer take damage from long range damage sources.|Hirviöt tulevat läheisyydestä konkreettisiksi eivätkä enää ota vahinkoa pitkän kantaman vauriolähteistä. |Monstros se tornam tangíveis apenas em proximidade e não recebem mais dano de fontes de longo alcance|Монстры становятся ощутимыми только вблизи и больше не получают урон от дальнобойных источников|怪物變為近身實體，不再受到遠程傷害來源影響|モンスターは近接して触れられるようになり、遠距離のダメージ源からダメージを受けなくなります。 |몬스터가 근접 가시화 상태가 되고 더 이상 장거리 데미지 소스로부터 데미지를 입지 않습니다. |Monster werden aus der Nähe greifbar und erleiden keinen Schaden mehr durch Schadensquellen mit großer Reichweite.|Les monstres deviennent tangibles à proximité et ne subissent plus de dégâts provenant de sources de dégâts à longue portée. |Los monstruos se vuelven tangibles en la proximidad y ya no reciben daño de fuentes de largo alcance.|Potwory stają się proximity tangible i nie przyjmują już obrażeń ze źródeł dalekiego zasięgu.
ct_desc_chaoticWeakness|Your maximum resistances are significantly decreased in the chaos tower|Vähentää maksimivastuksiasi 25 %|Suas resistências máximas são significativamente reduzidas na Torre do Caos|Ваши максимальные сопротивления значительно снижены в Башне Хаоса|你在混沌塔中最大抗性大幅降低|最大耐性が 25% 減少|최대 저항력이 25% 감소합니다.|Verringert deine maximalen Widerstände um 25 %|Réduit vos résistances maximales de 25 %|Reduce tus resistencias máximas un 25%.|Twoje maksymalne odporności są znacznie zmniejszone w chaos tower
ct_desc_manaDevourer|Ancient and Legion monsters get the Mana Devourer affix draining mana around them|Muinaiset ja legioonalaiset hirviöt saavat Mana Devourer -liitteen, joka valuttaa manaa ympärilleen|Monstros Antigos e de Legião ganham o afixo Devorador de Mana, drenando mana ao seu redor|Древние и легионные монстры получают аффикс Пожирателя маны, высасывающего ману вокруг себя|遠古與軍團怪物獲得魔力吞噬者詞綴，抽離其周圍的魔力|古代およびレギオンのモンスターは周囲のマナを吸収するマナ デバウアー アフィックスを獲得|고대와 군단 몬스터는 마나 포식자 접미사를 얻어 주변의 마나를 소모합니다.|Monster der Antike und der Legion erhalten das Mana-Verschlingungs-Affix, das Mana um sie herum absaugt|Les monstres anciens et de la Légion obtiennent l'affixe Dévoreur de mana qui draine le mana autour d'eux|Los monstruos Ancestrales y de Legión obtienen el afijo Devorador de Maná, que drena el maná a su alrededor.|Starożytne i Legion potwory dostają afiks Mana Devourer wysysający manę wokół siebie
ct_desc_emotionalDamage|Your damage dealt from all sources is significantly decreased in the chaos tower|Vähentää kaikkia aiheutuneita vahinkoja 50 %|Seu dano causado de todas as fontes é significativamente reduzido na Torre do Caos|Ваш наносимый урон из всех источников значительно снижен в Башне Хаоса|你在混沌塔中所有來源造成的傷害大幅降低|与えるダメージがすべて 50% 減少|모든 데미지를 50% 감소시킵니다.|Verringert allen verursachten Schaden um 50 %|Réduit tous les dégâts infligés de 50 %|Reduce todo el daño infligido un 50%.|Twoje zadane obrażenia ze wszystkich źródeł są znacznie zmniejszone w chaos tower
ct_desc_oldMansBack|You take significantly increased damage in the chaos tower|Lisää kaikkia aiheutuneita vahinkoja 50 %|Você recebe dano significativamente aumentado na Torre do Caos|Вы получаете значительно повышенный урон в Башне Хаоса|你在混沌塔中承受的傷害大幅增加|受けるダメージがすべて 50% 増加|모든 데미지를 50% 증가시킵니다.|Erhöht allen erlittenen Schaden um 50 %|Augmente tous les dégâts subis de 50 %|Aumenta todo el daño recibido un 50%.|Przyjmujesz znacznie zwiększone obrażenia w chaos tower
ct_desc_shitamorphosis|You have a chance to morph into steve when casting or attacking|1 % mahdollisuus heittää tai hyökätä tulla steveksi|Você tem chance de se transformar em Steve ao conjurar ou atacar|У вас есть шанс превратиться в Стива при применении заклинания или атаке|你在施法或攻擊時有機率變形為史蒂夫|キャストまたは攻撃時にスティーブになる確率が 1%|시전 또는 공격 시 1% 확률로 스티브상태가 됩니다.|1 % Chance, beim Wirken oder Angreifen zu Steve zu werden|1 % de chance lors de l'incantation ou de l'attaque de devenir Steve|1% de probabilidad al lanzar un hechizo o atacar de convertirte en Steve.|Masz szansę na przemianę w steve przy rzucaniu lub atakowaniu
ct_desc_vitalCorrosion|Monster hits inflict a debuff reducing your maximum life|Hirviöiskut aiheuttavat ihastusta ja vähentävät enimmäisikääsi yhdellä prosentilla|Ataques de monstros aplicam um debuff que reduz sua vida máxima|Удары монстров накладывают дебафф, снижающий вашу максимальную жизнь|怪物擊中時造成減益，降低你的最大生命|モンスターの攻撃により最大ライフが 1% 減少するバフが付与される|몬스터에 맞으면 버프를 부여하여 최대 생명력을 1% 감소시킵니다.|Monstertreffer verursachen einen Buff, der dein maximales Leben um 1 % reduziert|Les monstres touchés infligent un buff réduisant votre vie maximale de 1 %|Los golpes de los monstruos infligen un perjuicio que reduce tu vida máxima un 1%.|Trafienia potworów zadają debuff zmniejszający twoje maksymalne życie
ct_desc_chaosChampions|Monsters have a chance on kill to unleash a random death rattle|Hirviöillä on 20 %:n mahdollisuus tappamiseen päästääkseen valloilleen satunnaisen kuolemanhelinan |Monstros têm chance ao matar de liberar um grito de morte aleatório|Монстры имеют шанс при убийстве выпустить случайный предсмертный хрип|怪物被擊殺時有機率釋放隨機死亡之聲|モンスターを倒すとランダムな断末魔が 20% 発生する |몬스터가 처치 시 20% 확률로 무작위 죽음의 신음소리를 발산합니다. |Monster haben eine 20 %ige Chance, beim Töten ein zufälliges Todesröcheln auszulösen|Les monstres ont 20 % de chance lors de leur élimination de déclencher un râle d'agonie aléatoire |Al morir, los monstruos tienen una probabilidad del 20% de liberar un estertor de muerte aleatorio.|Potwory mają szansę po zabiciu na wyzwolenie losowego death rattle
|||||||||||
[Chaos Tower Buffs]|||||||||||
ct_angelicDropRates|Angel´s Grace|Enkelin armo|Graça do Anjo|Милость Ангела|天使恩典|天使の恵み|천사의 은총|Gnade des Engels|Grâce de l'ange|Gracia del Ángel|Anielska Łaska
ct_heroicDropRates|Hero´s Grace|Hero's Grace|Graça do Herói|Милость Героя|英雄恩典|英雄の恵み|영웅의 은총|Gnade des Helden|Grâce du héros|Gracia del Héroe|Bohaterska Łaska
ct_runeDropRates|Runic Grace|Runic Grace|Graça Rúnica|Милость Рун|符文的恩賜|ルーンの恵み|룬의 은총|Runengnade|Grâce runique|Gracia Rúnica|Runiczna Łaska
ct_magicFind|Magic Finder|Magic Finder|Encontrador de Itens Mágicos|Мастер магической находки|尋寶者|魔法の探求者|마법 찾기|Magiefinder|Recherche de magie|Buscador Mágico|Magic Finder
ct_expGain|Combat Veteran|Taisteluveteraani|Veterano de Combate|Ветеран боя|身經百戰|戦闘のベテラン|전투 베테랑|Kampfveteran|Vétéran du combat|Veterano de Combate|Weteran Walki
ct_movementSpeed|Swift Feet|Nopeat jalat|Pés Velozes|Быстрые ноги|迅捷之足|素早い足|빠른 발걸음|Flinke Füße|Pieds rapides|Pies Ligeros|Szybkie Stopy
ct_lootAmount|Loot Goblin|Ryöstä Goblin|Goblin do Saque|Гоблин-добытчик|哥布林戰利品|戦利品ゴブリン|약탈 고블린|Beutekobold|Gobelin à butin|Goblin del Botín|Loot Goblin
ct_manaRegeneration|Manalicious|Manalistinen|Cheio de Mana|Полный маны|魔力湧動|狂気|마날리셔스|Manalicious|Manalicious|Manalicioso|Manalicious
ct_increasedLife|Vigor|Vigor|Vigor|Сила|活力|活力|활기찬|Vigor|Vigueur|Vigor|Wigor
ct_increasedCrit|Destroyer|Hävittäjä|Destruidor|Разрушитель|毀滅者|破壊者|파괴자|Zerstörer|Destructeur|Destructor|Niszczyciel
ct_increasedGoldFind|Greedy Lizard|Ahne lisko|Lagarto Ganancioso|Жадная ящерица|貪婪蜥蜴|貪欲なトカゲ|탐욕스러운 도마뱀|Gierige Echse|Lézard gourmand|Lagarto Codicioso|Chciwy Jaszczur
ct_dropCommonCharm|Charms, So Many Charms|Hurmaa, niin monta hurmaa|Amuleto, Tantos Amuletos|Амулеты, так много амулетов|護身符，如此多的護身符|チャーム、たくさんのチャーム|매력, 너무나 많은 매력|Zauber, so viele Zauber|Charmes, tant de charmes|Amuletos, Tantos Amuletos|Charmsy, Tyle Charmsów
ct_dropCommonSocketed|Lots of Potential|Paljon potentiaalia|Muito Potencial|Огромный потенциал|潛力無窮|多くの可能性|많은 잠재력|Viel Potenzial|Beaucoup de potentiel|Mucho Potencial|Dużo Potencjału
ct_dropMidRunes|Runic Grace|Runic Grace|Graça Rúnica|Милость Рун|符文恩典|ルーンの恵み|룬의 은총|Runengnade|Grâce runique|Gracia Rúnica|Runiczna Łaska
ct_dropRune|Runic Feast|Riimujuhla|Banquete Rúnico|Пир Рун|符文盛宴|ルーンの饗宴|룬의 향연|Runenfest|Festin runique|Festín Rúnico|Runiczna Uczta
ct_dropSatanic|Satanic Chant|Saatanallinen laulu|Canto Satânico|Песнопение Сатаны|惡魔的頌歌|悪魔の詠唱|사탄의 주문|Satanischer Gesang|Chant satanique|Cántico Satánico|Satanic Chant
ct_dropOre|Professional Spelunker|Ammattimainen Spelunker|Explorador Profissional de Cavernas|Профессиональный исследователь пещер|專業洞穴探險者|プロの洞窟探検家|전문 동굴 탐험가|Professioneller Höhlenforscher|Spéléologue professionnel|Espeleólogo Profesional|Profesjonalny Spelunker
ct_dropDungeonKey|Dungeon Master|Dungeon Master|Mestre de Masmorras|Мастер подземелий|地城大師|ダンジョンマスター|던전 마스터|Dungeon-Meister|Maître du donjon|Señor de la Mazmorra|Mistrz Lochów
ct_dropAngelicKey|Key to Heaven|Avain taivaaseen|Chave do Céu|Ключ от Небес|天堂之鑰|天国への鍵|천국의 열쇠|Schlüssel zum Himmel|Clé du paradis|Llave al Cielo|Klucz do Nieba
ct_dropPerfectGem|Jewelcrafter|Jewelcrafter|Joalheiro|Ювелир|珠寶匠|宝石細工師|보석 세공인|Juwelenschleifer|Joaillier|Joyero|Jubiler
ct_dropRandomDust|Enchanting Specialist|Lumoava asiantuntija |Especialista em Encantamentos|Специалист по зачарованию|附魔專家|エンチャント専門家 |마법 부여 전문가|Verzauberungsspezialist|Spécialiste de l'enchantement |Especialista en Encantamientos|Specjalista od Zaklinania
ct_desc_angelicDropRates|Gain increased drop rate of angelic items.|Hanki lisääntynyt enkeliesineiden pudotusnopeus.|Aumenta a taxa de queda de itens angélicos|Повышает шанс выпадения ангельских предметов|增加天使物品掉落率|天使のアイテムのドロップ率が上昇します。|천사 아이템의 드랍률 증가.|Erhöhte Droprate von Engelsgegenständen.|Augmentez le taux de drop des objets angéliques.|Obtienes una mayor probabilidad de obtener objetos Angelicales.|Zyskaj zwiększoną szansę na drop anielskich przedmiotów.
ct_desc_heroicDropRates|Gain increased drop rate of heroic items.|Hanki lisääntynyt sankarillisten esineiden pudotusnopeus.|Aumenta a taxa de queda de itens heroicos|Повышает шанс выпадения героических предметов|增加英雄物品掉落率|英雄的なアイテムのドロップ率が上昇します。|영웅 아이템의 드랍률 증가.|Erhöhte Droprate von Heldengegenständen.|Augmentez le taux de drop des objets héroïques.|Obtienes una mayor probabilidad de obtener objetos Heroicos.|Zyskaj zwiększoną szansę na drop heroicznych przedmiotów.
ct_desc_runeDropRates|Gain increased drop rate of runes.|Hanki lisääntynyt riimujen pudotusnopeus.|Aumenta a taxa de queda de runas|Повышает шанс выпадения рун|增加符文掉落率|ルーンのドロップ率が上昇します。|룬의 드랍률 증가.|Erhöhte Droprate von Runen.|Augmentez le taux de drop des runes.|Obtienes una mayor probabilidad de obtener runas.|Zyskaj zwiększoną szansę na drop run.
ct_desc_magicFind|Gain increased magic find.|Hanki lisää taikalöytöjä.|Aumenta a chance de itens mágicos|Повышает магическую находку|物品稀有度增加|魔法の発見率が上昇します。|마법 발견 증가.|Erhöhte magische Funde.|Augmentez la découverte de magie.|Obtienes Hallazgo Mágico aumentado.|Zyskaj zwiększoną szansę na magiczne przedmioty.
ct_desc_expGain|Gain increased experience gained from killing monsters.|Hanki lisää kokemusta hirviöiden tappamisesta.|Aumenta o ganho de experiência ao matar monstros|Повышает получаемый опыт за убийство монстров|增加擊殺怪物獲得的經驗值|モンスターを倒して得られる経験値が上昇します。|몬스터 처치 시 얻는 경험치 증가.|Erhöhte Erfahrung durch das Töten von Monstern.|Augmentez l'expérience acquise en tuant des monstres.|Obtienes más experiencia al matar monstruos.|Zyskaj zwiększone zdobywanie doświadczenia z zabijania potworów.
ct_desc_movementSpeed|Gain increased movement speed|Lisää liikenopeutta|Aumenta a velocidade de movimento|Повышает скорость передвижения|增加移動速度|移動速度が上昇します|이동 속도 증가.|Erhöhte Bewegungsgeschwindigkeit.|Augmentez la vitesse de déplacement|Obtienes velocidad de movimiento aumentada.|Zyskaj zwiększoną prędkość ruchu
ct_desc_lootAmount|Gain increased amount of loot from killing monsters.|Hanki suurempi määrä saaliista tappamalla hirviöitä.|Aumenta a quantidade de saque ao matar monstros|Повышает количество добычи с убийств монстров|增加擊殺怪物掉落的戰利品數量|モンスターを倒して得られる戦利品の量が上昇します。|몬스터 처치 시 얻는 전리품 양 증가.|Erhöhte Beutemenge durch das Töten von Monstern.|Gagnez une quantité accrue de butin en tuant des monstres.|Obtienes una mayor cantidad de botín al matar monstruos.|Zyskaj zwiększoną ilość łupu z zabijania potworów.
ct_desc_manaRegeneration|Gain increased mana replenish.|Hanki lisääntynyt manatäydennys.|Aumenta a regeneração de mana|Повышает восстановление маны|增加魔力回復|マナ補充が上昇します。|마나 회복 증가.|Erhöhte Manaregeneration.|Augmentez la reconstitution de mana.|Obtienes regeneración de maná aumentada.|Zyskaj zwiększone odnawianie many.
ct_desc_increasedLife|Gain increased maximum life.|Lisää käyttöikää.|Aumenta a vida máxima|Повышает максимальную жизнь|增加最大生命值|最大ライフが上昇します。|최대 생명력 증가.|Erhöhtes maximales Leben.|Augmentez la vie maximale.|Obtienes vida máxima aumentada.|Zyskaj zwiększone maksymalne życie.
ct_desc_increasedCrit|Gain increased critical strike and spell critical damage.|Hanki lisää kriittistä iskua ja loitsu kriittistä vahinkoa.|Aumenta o dano de acerto crítico e dano crítico de feitiços|Повышает урон от критического удара и критический урон от заклинаний|增加暴擊幾率和法術暴擊傷害|クリティカル ストライクと呪文クリティカル ダメージが上昇します。|치명타 및 주문 치명타 데미지 증가.|Erhöhte kritische Treffer und kritischen Zauberschaden.|Augmentez les dégâts critiques des coups critiques et des sorts.|Obtienes daño de golpe crítico y daño crítico con hechizos aumentado.|Zyskaj zwiększone obrażenia trafienia krytycznego i krytycznego czaru.
ct_desc_increasedGoldFind|Gain increased gold drops from killing monsters.|Hanki lisää kultapisaroita tappamalla hirviöitä.|Aumenta a quantidade de ouro obtido ao matar monstros|Повышает количество золота с убийств монстров|增加擊殺怪物掉落的金幣|モンスターを倒して得られるゴールド ドロップ率が上昇します。|몬스터 처치 시 얻는 골드 드랍률 증가.|Erhöhte Golddrops durch das Töten von Monstern.|Augmentez les gouttes d'or en tuant des monstres.|Obtienes más oro al matar monstruos.|Zyskaj zwiększone dropy złota z zabijania potworów.
ct_desc_dropCommonCharm|Drop common charms after clearing the tower.|Pudota yleiset hurmat tornin tyhjentämisen jälkeen.|Após completar a torre, dropa amuletos comuns|После прохождения башни выпадают обычные амулеты|通關塔後掉落普通護身符|タワーをクリアした後、一般的なチャームがドロップします。|타워를 클리어한 후 일반 부적 드랍.|Lasst nach dem Säubern des Turms gewöhnliche Amulette fallen.|Lâchez des charmes communs après avoir nettoyé la tour.|Obtienes amuletos comunes al completar la torre.|Drop zwykłych charmsów po wyczyszczeniu wieży.
ct_desc_dropCommonSocketed|Drop common items with sockets after clearing the tower.|Pudota yleiset tavarat pistorasialla tornin tyhjentämisen jälkeen.|Após completar a torre, dropa itens comuns com slots|После прохождения башни выпадают обычные предметы с гнёздами|通關塔後掉落帶鑲嵌孔的普通物品|タワーをクリアした後、ソケット付きの一般的なアイテムがドロップします。|타워를 클리어한 후 소켓이 있는 일반 아이템 드랍.|Lasst nach dem Säubern des Turms gewöhnliche Gegenstände mit Sockeln fallen.|Lâchez des objets communs avec des emplacements après avoir nettoyé la tour.|Obtienes objetos comunes con ranuras al completar la torre.|Drop zwykłych przedmiotów z gniazdami po wyczyszczeniu wieży.
ct_desc_dropMidRunes|Drop mid tier runes after clearing the tower.|Pudota keskitason riimut tornin tyhjentämisen jälkeen.|Após completar a torre, dropa runas de nível médio|После прохождения башни выпадают руны среднего уровня|通關塔後掉落中階符文|タワーをクリアした後、中級のルーンがドロップします。|타워를 클리어한 후 중간 티어 룬 드랍.|Lasst nach dem Säubern des Turms Runen mittlerer Stufe fallen.|Lâchez des runes de niveau intermédiaire après avoir nettoyé la tour.|Obtienes runas de grado medio al completar la torre.|Drop run średniego tieru po wyczyszczeniu wieży.
ct_desc_dropRune|Drop a random rune after clearing the tower.|Pudota satunnainen riimu tornin tyhjentämisen jälkeen.|Após completar a torre, dropa uma runa aleatória|После прохождения башни выпадает случайная руна|通關塔後掉落隨機符文|タワーをクリアした後、ランダムなルーンがドロップします。|타워를 클리어한 후 무작위 룬 드랍.|Lasst nach dem Säubern des Turms eine zufällige Rune fallen.|Lâchez une rune aléatoire après avoir nettoyé la tour.|Obtienes una runa aleatoria al completar la torre.|Drop losowej runy po wyczyszczeniu wieży.
ct_desc_dropSatanic|Drop a satanic item after clearing the tower.|Pudota saatanallinen esine tornin tyhjentämisen jälkeen.|Após completar a torre, dropa um item satânico|После прохождения башни выпадает предмет Сатаны|通關塔後掉落一件撒旦物品|タワーをクリアした後、悪魔的なアイテムがドロップします。|타워를 클리어한 후 사탄 아이템 드랍.|Lasst nach dem Säubern des Turms einen satanischen Gegenstand fallen.|Lâchez un objet satanique après avoir nettoyé la tour.|Obtienes un objeto Satánico al completar la torre.|Drop satanic przedmiotu po wyczyszczeniu wieży.
ct_desc_dropOre|Drop ore after clearing the tower.|Pudota malmia tornin tyhjentämisen jälkeen.|Após completar a torre, dropa minério|После прохождения башни выпадает руда|通關塔後掉落礦石|タワーをクリアした後、鉱石がドロップします。|타워를 클리어한 후 광석 드랍.|Lasst nach dem Säubern des Turms Erz fallen.|Lâchez du minerai après avoir nettoyé la tour.|Obtienes minerales al completar la torre.|Drop rudy po wyczyszczeniu wieży.
ct_desc_dropDungeonKey|Chance to drop a dungeon key after clearing the tower.|Mahdollisuus pudottaa vankityrmän avain tornin tyhjentämisen jälkeen.|Após completar a torre, há chance de dropar uma chave de masmorra|После прохождения башни есть шанс выпасть ключ от подземелья|通關塔後有機率掉落地下城鑰匙|タワーをクリアするとダンジョン キーをドロップするチャンスがあります。|타워를 클리어한 후 던전 키를 떨어뜨릴 확률.|Es besteht die Möglichkeit, dass nach dem Räumen des Turms ein Dungeon-Schlüssel fällt.|Possibilité de laisser tomber une clé de donjon après avoir nettoyé la tour.|Probabilidad de obtener una llave de mazmorra al completar la torre.|Szansa na drop klucza do lochu po wyczyszczeniu wieży.
ct_desc_dropAngelicKey|Chance to drop an angelic key after clearing the tower.|Mahdollisuus pudottaa enkeliavain tornin tyhjentämisen jälkeen. |Após completar a torre, há chance de dropar uma chave angélica|После прохождения башни есть шанс выпасть ангельский ключ|通關塔後有機率掉落天使鑰匙|タワーをクリアすると天使のキーをドロップするチャンスがあります。 |타워를 클리어한 후 천사 키를 떨어뜨릴 확률.|Es besteht die Möglichkeit, dass nach dem Räumen des Turms ein Engelsschlüssel fällt.|Possibilité de laisser tomber une clé angélique après avoir nettoyé la tour. |Probabilidad de obtener una llave angelical al completar la torre.|Szansa na drop anielskiego klucza po wyczyszczeniu wieży.
ct_desc_dropPerfectGem|Drop perfect gems after clearing the tower.|Pudota täydellisiä helmiä tornin tyhjentämisen jälkeen.|Após completar a torre, dropa gemas perfeitas|После прохождения башни выпадают идеальные камни|通關塔後掉落完美寶石|タワーをクリアした後、パーフェクト ジェムがドロップします。タワーをクリアした後、ランダムにダストをドロップします。 |타워를 클리어한 후 완벽한 보석 드랍.|Lasst nach dem Säubern des Turms perfekte Edelsteine ​​fallen.|Lâchez des gemmes parfaites après avoir nettoyé la tour.|Obtienes gemas perfectas al completar la torre.|Drop perfekcyjnych klejnotów po wyczyszczeniu wieży.
ct_desc_dropRandomDust|Drop a random amount of satanic crystal fragments after clearing the tower.|Pudota satunnainen määrä saatanallisia kristallifragmentteja tornin raivaamisen jälkeen. |Após completar a torre, dropa uma quantidade aleatória de fragmentos de cristal satânico|После прохождения башни выпадает случайное количество фрагментов кристалла Сатаны|通關塔後掉落隨機數量的撒旦水晶碎片|タワーをクリアすると、ランダムな量の悪魔のクリスタルの破片がドロップされます。 |탑을 클리어한 후 무작위 양의 사탄 수정 조각을 드랍합니다.|Lassen Sie nach dem Reinigen des Turms eine zufällige Menge satanischer Kristallfragmente fallen.|Laissez tomber une quantité aléatoire de fragments de cristal satanique après avoir nettoyé la tour. |Obtienes una cantidad aleatoria de fragmentos de cristal satánico al completar la torre.|Drop losowej ilości fragmentów kryształu satanic po wyczyszczeniu wieży.
codexBuffName01|Infernal Magic Find||Chance de Itens Mágicos Infernal|Инфернальная магическая находка|≤煉獄≥物品稀有度|インフェルナル・マジックファインド|인페르날 마법 찾기|Höllischer Zauberfund|Découverte de magie infernale|Hallazgo Mágico Infernal|Infernal Magic Find
codexBuffName02|Infernal Runemaster||Mestre das Runas Infernal|Инфернальный мастер рун|≤煉獄≥符文大師|インフェルナル・ルーンマスター|인페르날 룬마스터|Höllischer Runenmeister|Maître des runes infernal|Maestro de Runas Infernal|Infernal Runemaster
codexBuffName03|Infernal Demigod||Semideus Infernal|Инфернальный полубог|≤煉獄≥半神|インフェルナル・デミゴッド|인페르날 데미갓|Höllischer Halbgott|Demi-dieu infernal|Semidios Infernal|Infernal Demigod
codexBuffName04|Infernal Tinkerer||Inventor Infernal|Инфернальный изобретатель|≤煉獄≥工匠|インフェルナル・ティンカーラー|인페르날 팅커러|Höllischer Tüftler|Bricoleur infernal|Manitas Infernal|Infernal Tinkerer
codexBuffName05|Infernal Fortune Teller||Adivinho Infernal|Инфернальный гадатель|≤煉獄≥預言家|インフェルナル・フォーチュンテラー|인페르날 포츈 텔러|Höllischer Wahrsager|Diseuse de bonne aventure infernale|Adivino Infernal|Infernal Fortune Teller
codexBuffName06|Infernal Essence Bender||Dobradora de Essências Infernal|Инфернальный повелитель сущностей|≤煉獄≥精華扭曲者|インフェルナル・エッセンスベンダー|인페르날 에센스 벤더|Höllischer Essenzbrecher|Manipulateur d'essence infernal|Doblador de Esencias Infernal|Infernal Essence Bender
codexBuffName07|Infernal Codex Master||Mestre dos Códices Infernal|Инфернальный мастер кодексов|≤煉獄≥法典大師|インフェルナル・コーデックスマスター|인페르날 코덱스 마스터|Höllischer Kodexmeister|Maître du codex infernal|Maestro del Códice Infernal|Infernal Codex Master
codexBuffName08|Infernal Loot Master||Mestre do Saque Infernal|Инфернальный мастер добычи|≤煉獄≥戰利品大師|インフェルナル・ルートマスター|인페르날 룻 마스터|Höllischer Beutemeister|Maître du butin infernal|Maestro del Botín Infernal|Infernal Loot Master
codexBuffName09|Infernal Runeword||Palavra Rúnica Infernal|Инфернальное рунное слово|≤煉獄≥符文之語|インフェルナル・ルーンワード|인페르날 룬워드|Höllisches Runenwort|Mot runique infernal|Palabra Rúnica Infernal|Infernal Runeword
codexBuffName10|Infernal Pillar Spawner||Gerador de Pilares Infernal|Инфернальный генератор столбов|≤煉獄≥柱子生成器|インフェルナル・ピラースポーナー |인페르날 필러 스포너|Höllischer Säulenerzeuger|Générateur de piliers infernaux |Generador de Pilares Infernales |Infernal Pillar Spawner
codexBuff01|Increased total Magic Find||Chance Total de Itens Mágicos Aumentada|Общая магическая находка повышена|增加總物品稀有度|合計マジック発見率増加|총 마법 아이템 발견 확률 증가|Erhöhte Gesamtmenge an magischem Gespür|Augmentation du nombre total de trouvailles magiques|Aumento del total de Hallazgos Mágicos|Zwiększona całkowita szansa na magiczne przedmioty
codexBuff02|Additional Rune Rolls on monster kill||Rolagens Adicionais de Runas ao Matar Monstro|Дополнительные броски рун при убийстве монстра|殺死怪物時會再骰一次獲得符文的機會|モンスター撃破時に追加ルーンロール|몬스터 처치 시 추가 룬 굴림|Zusätzliche Runenwürfe bei Monstertötung|Runes supplémentaires obtenues en tuant un monstre|Tiradas de Runas adicionales al matar un monstruo|Dodatkowe rzuty run na zabicie potwora
codexBuff03|Additional Rolls to Angelic and Unholy items on monster kill||Rolagens Adicionais para Itens Angélicos e Profanos ao Matar Monstro|Дополнительные броски для ангельских и нечестивых предметов при убийстве монстра|殺死怪物時會再骰一次獲得天使與邪惡物品的機會|モンスター撃破時に天使系および邪悪系アイテムへの追加ロール|몬스터 처치 시 천사 및 타락 아이템 추가 굴림|Zusätzliche Würfe für Engels- und Unheilige Gegenstände bei Monstertötung|Lances supplémentaires pour les objets angéliques et impies en tuant un monstre|Tiradas adicionales para objetos Angélicos e Impíos al matar un monstruo|Dodatkowe rzuty do Anielskich i Unholy przedmiotów na zabicie potwora
codexBuff04|Additional Rolls to high quality materials on monster kill||Rolagens Adicionais para Materiais de Alta Qualidade ao Matar Monstro|Дополнительные броски для материалов высокого качества при убийстве монстра|殺死怪物時會再骰一次獲得高品質材料的機會|モンスター撃破時に高品質素材への追加ロール|몬스터 처치 시 고품질 재료 추가 굴림|Zusätzliche Würfe für hochwertige Materialien bei Monstertötung|Lances supplémentaires pour les matériaux de haute qualité en tuant un monstre|Tiradas adicionales para materiales de alta calidad al matar un monstruo|Dodatkowe rzuty do materiałów wysokiej jakości na zabicie potwora
codexBuff05|Chance to drop a Tarot Card on monster kill||Chance de Dropar uma Carta de Tarô ao Matar Monstro|Шанс выпасть карте Таро при убийстве монстра|殺死怪物時有機率掉落一張塔羅牌|モンスター撃破時にタロットデッキをドロップする確率|몬스터 처치 시 타롯 덱 드롭 확률|Chance, eine Tarotkarte bei Monstertötung zu erhalten|Chance d'obtenir une carte de tarot en tuant un monstre|Probabilidad de obtener una Carta del Tarot al matar un monstruo|Szansa na drop karty tarota na zabicie potwora
codexBuff06|Chance to drop an Essence of Chaos on monster kill||Chance de Dropar uma Essência do Caos ao Matar Monstro|Шанс выпасть Сущности Хаоса при убийстве монстра|殺死怪物時有機率掉落混沌精華|モンスター撃破時にカオスのエッセンスをドロップする確率|몬스터 처치 시 혼돈의 정수 드롭 확률|Chance, eine Essenz des Chaos bei Monstertötung zu erhalten|Chance d'obtenir une essence du chaos en tuant un monstre|Probabilidad de obtener una Esencia del Caos al matar un monstruo|Szansa na drop Essence of Chaos na zabicie potwora
codexBuff07|Increased chance to drop Infernal Codex on monster kill||Chance Aumentada de Dropar Códice Infernal ao Matar Monstro|Повышенный шанс выпадения Инфернального кодекса при убийстве монстра|殺死怪物時掉落煉獄法典的機率增加|モンスター撃破時にインフェルナルコーデックスをドロップする確率増加|몬스터 처치 시 지옥의 코덱스 드롭 확률 증가|Erhöhte Chance, einen Höllenkodex bei Monstertötung zu erhalten|Chance accrue d'obtenir un codex infernal en tuant un monstre|Mayor probabilidad de obtener Códice Infernal al matar un monstruo|Zwiększona szansa na drop Infernal Codex na zabicie potwora
codexBuff08|All common item drops are S tier||Todos os itens comuns dropados são de Tier S|Все выпадающие обычные предметы — S-ранга|所有一般物品皆為S階|すべてのコモンアイテムドロップがSランクになる|모든 일반 아이템 드롭이 S 티어로 변경|Alle gewöhnlichen Gegenstände sind S-Stufe|Tous les objets communs sont de niveau S|Todos los objetos comunes que se obtienen son de nivel S|Wszystkie dropy zwykłych przedmiotów są S tier
codexBuff09|All common item drops are white||Todos os itens comuns dropados são brancos|Все выпадающие обычные предметы — белые|所有一般物品掉落都是白色的|すべてのコモンアイテムドロップが白色になる|모든 일반 아이템 드롭이 흰색으로 변경|Alle gewöhnlichen Gegenstände sind weiß|Tous les objets communs sont blancs|Todos los objetos comunes que se obtienen son blancos|Wszystkie dropy zwykłych przedmiotów są białe
codexBuff10|Monster Packs now have a chance to spawn as Chaos Pillars||Agora, os Pacotes de Monstros têm uma chance de surgir como Pilares do Caos. |Теперь стаи монстров могут появляться в виде Столпов Хаоса. |怪物群現在有機率生成為混沌柱。 |モンスターパックがカオスピラーとして出現する可能性があるようになった |이제 몬스터 팩에서 혼돈의 기둥이 나타날 확률이 생겼습니다. |Monstergruppen können nun mit etwas Glück als Chaossäulen erscheinen. |Les packs de monstres ont désormais une chance d'apparaître sous forme de piliers du chaos. |Ahora, los grupos de monstruos tienen la posibilidad de aparecer como pilares del caos. |Stada potworów mają teraz szansę pojawić się jako Filary Chaosu
codexDebuff01|Movement skills are disabled||Habilidades de Movimento Desativadas|Навыки передвижения отключены|禁用移動技能|移動スキルが無効化される|이동 스킬 비활성화|Bewegungsfertigkeiten sind deaktiviert.|Les compétences de mouvement sont désactivées.|Habilidades de movimiento deshabilitadas.|Umiejętności ruchu są wyłączone
codexDebuff02|Additional monster projectiles||Projéteis Adicionais de Monstros|Дополнительные снаряды монстров|額外的怪物投射物|追加のモンスター投射物|몬스터 추가 투사체|Zusätzliche Monsterprojektile.|Projectiles de monstres supplémentaires.|Proyectiles de monstruos adicionales.|Dodatkowe pociski potworów
codexDebuff03|Ancient monsters are proximity tangible||Monstros Antigos se tornam tangíveis apenas em proximidade|Древние монстры становятся ощутимыми только вблизи|遠古怪物變得近距離有形，不再受到遠距離傷害源的傷害|古代モンスターが近接接触可能になる|고대 몬스터가 근접 시 실체화됨|Uralte Monster sind aus der Nähe greifbar.|Les monstres anciens sont tangibles à proximité.|Los monstruos antiguos son tangibles por proximidad.|Starożytne potwory są proximity tangible
codexDebuff04|Chance on hit to reflect your damage as a meteor on your location||Chance ao acertar de refletir seu dano como um meteoro na sua localização|Шанс при ударе отразить ваш урон в виде метеора на вашу позицию|擊中時有機率將你的傷害反射為流星，落在你的位置|ヒット時に自分の位置へ隕石として自分のダメージを反射する確率|피격 시 일정 확률로 자신의 데미지를 운석 형태로 위치에 반사|Bei einem Treffer besteht die Chance, dass dein Schaden als Meteor auf deinen Standort reflektiert wird.|Chance de renvoyer vos dégâts sous forme de météore à votre emplacement en cas d'impact.|Probabilidad de que al impactar, tu daño se refleje como un meteorito en tu ubicación.|Szansa przy trafieniu na odbicie twoich obrażeń jako meteor w twojej lokalizacji
codexDebuff05|Increased monster attack and aggro range||Alcance de Ataque e Agro dos Monstros Aumentado|Дальность атаки и агрессии монстров повышена|增加怪物攻擊力和仇恨範圍|モンスターの攻撃および敵対範囲増加|몬스터의 공격 및 인식 범위 증가|Erhöhte Monsterangriffs- und Aggro-Reichweite.|Attaque et portée d'aggro des monstres augmentées.|Mayor ataque y alcance de agresividad de los monstruos.|Zwiększony zasięg ataku i aggro potworów
codexDebuff06|Increased monster attack, movement and projectile speed||Velocidade de Ataque, Movimento e Projéteis dos Monstros Aumentada|Скорость атаки, передвижения и снарядов монстров повышена|增加怪物攻擊力、移動力和投射物速度|モンスターの攻撃速度・移動速度・投射物速度増加|몬스터의 공격, 이동, 투사체 속도 증가|Erhöhte Monsterangriffs-, Bewegungs- und Projektilgeschwindigkeit.|Attaque, déplacement et vitesse de projectiles des monstres augmentés.|Mayor ataque, movimiento y velocidad de proyectil de los monstruos.|Zwiększona szybkość ataku, ruchu i pocisków potworów
codexDebuff07|Summon 3 Scythes targeting you when using a flask||Invoca 3 Foices mirando em você ao usar um frasco|При использовании зелья призывает 3 косы, нацеленные на вас|使用藥劑時召喚3把鐮刀瞄準你|フラスコ使用時に自分を狙う大鎌を3本召喚する|플라스크 사용 시 나를 타겟팅하는 낫 3개 소환|Beschwöre 3 Sensen, die dich anvisieren, wenn du einen Trank benutzt.|Invoque 3 faux qui vous ciblent lorsque vous utilisez une fiole. |Invoca 3 guadañas que te apuntan al usar un frasco. |Przywołaj 3 Kosy celujące w ciebie przy użyciu flaszki
|||||||||||
[Journal]|||||||||||
journal_runewords|Runeword|Runeword |Palavra Rúnica|Рунное слово|符文之語|ルーンワード |룬워드 |Runenwort|Mot runique |Palabra Rúnica|Runeword
journal_chaos_pillar|Chaos Pillar|Kaaoksen pilari|Pilar do Caos|Столб Хаоса|混沌之柱|カオスピラー|혼돈의 기둥|Chaossäule|Pilier du Chaos|Pilar del Caos|Chaos Pillar
journal_bifrost|Bifröst|Bifröst|Ponte do Arco-Íris|Радужный мост|彩虹橋|ビフロスト|비프로스트|Bifröst|Bifröst|Bifröst|Bifröst
journal_unstableRift|Unstable Rift|Epävakaa Rift|Fenda Instável|Нестабильный разлом|不穩定裂縫|不安定な裂け目|불안정한 균열|Instabiler Riss|Faille instable|Grieta Inestable|Unstable Rift
journal_eternalBattleField|Eternal Battle Field|Ikuinen taistelukenttä|Campo de Batalha Eterno|Вечное Поле Битвы|永恆戰場|永遠の戦場|영원한 전장|Ewiges Schlachtfeld|Champ de bataille éternel|Campo de Batalla Eterno|Eternal Battle Field
journal_shadowRealm|Shadow Realm|Varjomaailma|Região das Sombras|Область Теней|影之領域|シャドウレルム|그림자 왕국|Schattenreich|Royaume des ombres|Reino de las Sombras|Shadow Realm
journal_chaosTower|Chaos Tower|Kaaoksen torni|Torre do Caos|Башня Хаоса|混沌塔|カオスタワー|카오스 타워|Chaosturm|Tour du Chaos|Torre del Caos|Chaos Tower
journal_wormhole|Wormhole|Madonreikä|Fenda|Червоточина|蟲洞|ワームホール|웜홀|Wurmloch|Trou de ver|Agujero de Gusano|Wormhole
journal_challengeDungeons|Challenge Dungeon|Haasta Dungeon|Masmorra de Desafio|Испытательное подземелье|挑戰地下城|チャレンジダンジョン|챌린지 던전|Herausforderungsdungeon|Donjon défi|Mazmorra de Desafío|Challenge Dungeon
journal_angelicRealm|Angelic Realm|Enkelimaailma |Região Angélica|Ангельская Область|天使領域|エンジェリックレルム |천사의 영역|Engelreich|Royaume angélique |Reino Angelical|Angelic Realm
journal_unholy_siege|Unholy Siege||Cerco Profano|Нечестивая осада|邪惡圍攻|邪悪な包囲戦|불경한 포위 공격|Unheilige Belagerung|Siège impie|Asedio impío|Unholy Siege
journal_cursed_spirit|Cursed Spirit||Espírito Amaldiçoado|Проклятый дух|詛咒之靈|呪われた精霊 |저주받은 영혼 |Verfluchter Geist|Esprit maudit |Espíritu maldito |Cursed Spirit
journal_abyssal_chest|Abyssal Chest||Baú Abissal |Сундук Бездны|深淵寶箱|深淵の宝箱 |어비셜 상자|Abyssale Truhe |Coffre abyssal |Cofre Abisal|Otchłanna skrzynia
journal_desc_runewords|You can insert Runes into gray items with sockets in order to create powerful runeword items. Runes need to be inserted in the right order; You can find all the runewords in the journal´s Runewords tab.|Voit lisätä riimuja harmaisiin esineisiin, joissa on pistorasiat, luodaksesi tehokkaita riimusanoja. Riimut on lisättävä oikeassa järjestyksessä; Löydät kaikki riimusanat päiväkirjan Riimusanat-välilehdeltä. |Você pode inserir Runas em itens cinzas com encaixes para criar poderosas runas. As runas precisam ser inseridas na ordem correta; você pode encontrar todas as runas na aba Runas do diário. |Вы можете вставлять руны в серые предметы с гнездами, чтобы создавать мощные предметы рунных слов. Руны необходимо вставлять в правильном порядке; Вы можете найти все рунные слова на вкладке журнала «Рунные слова». |您可以將符文插入帶有鑲孔的灰色物品中，從而打造強大的符文之語物品。符文需要按照正確的順序插入；您可以在日誌的「符文之語配方」分頁中找到所有的符文之語。 |ソケット付きの灰色のアイテムにルーンを挿入することで、強力なルーンワードアイテムを作成できます。ルーンは正しい順序で挿入する必要があります。すべてのルーンワードはジャーナルの「ルーンワード」タブで確認できます。 |소켓이 있는 회색 아이템에 룬을 삽입하면 강력한 룬워드 아이템을 제작할 수 있습니다. 룬은 올바른 순서로 삽입해야 합니다. 모든 룬워드는 제작 일지의 룬워드 탭에서 확인할 수 있습니다. |Du kannst Runen in graue Gegenstände mit Sockeln einsetzen, um mächtige Runenwort-Gegenstände zu erstellen. Die Runen müssen in der richtigen Reihenfolge eingesetzt werden. Alle Runenwörter findest du im Reiter „Runenwörter“ des Journals. |Vous pouvez insérer des runes dans des objets gris dotés de châsses afin de créer de puissants objets de mots runiques. Les runes doivent être insérées dans le bon ordre ; vous trouverez tous les mots runiques dans l'onglet « Mots runiques » du journal. 
journal_desc_chaos_pillar|You can find Chaos Pillars in the overworld areas. These pillars can spawn as Common / Superior / Rare / Mythic / Satanic / Angelic. The higher rarity the pillar is, the more affixes it gives. Once you activate the pillar, it will collapse and spawn a pack of monsters with the pillars modifiers. You can obtain Chaos Keys as random drops from killing monsters!|Löydät Chaos Pilarit ylimaailman alueilta. Nämä pilarit voivat syntyä tavallisina / ylivertaisina / harvinaisina / myyttisinä / saatanallisina / enkelinä. Mitä harvinaisempi pilari on, sitä enemmän kiinnityksiä se antaa. Kun aktivoit pilarin, se romahtaa ja synnyttää hirviöparin pilarien muokkaajilla. Voit saada Chaos Keys satunnaisina tippoina tappavilta hirviöiltä!|Você pode encontrar Pilares do Caos nas áreas do mundo superior. Esses pilares podem surgir como Comum / Superior / Raro / Mítico / Satânico / Angelical. Quanto maior a raridade do pilar, mais afixos ele concede. Assim que você ativar o pilar, ele entrará em colapso e gerará um grupo de monstros com os modificadores dos pilares. Você pode obter Chaves do Caos como itens aleatórios ao matar monstros!|Вы можете найти Столпы Хаоса в областях надземного мира. Эти столбы могут появляться как Обычные / Превосходные / Редкие / Мифические / Сатанинские / Ангельские. Чем выше редкость столба, тем больше аффиксов он дает. Как только вы активируете столб, он рухнет и породит группу монстров с модификаторами столбов. Вы можете получить Ключи Хаоса как случайные выпадения при убийстве монстров!|你可以在世界地圖中找到混沌柱。  這些柱子會有普通/高級/稀有/神話/惡魔/天使等級。  柱子的等級越高，它提供的詞綴就越多。  一旦你啟動柱子，它就會坍塌並生成一群帶有柱子詞綴的怪物。  殺死怪物後獲得混沌鑰匙！|混沌の柱はオーバーワールドエリアで見つかります。これらの柱は、コモン / スーペリア / レア / ミシック / サタニック / エンジェリックのいずれかで出現します。レア度が高いほど、付与されるアフィックスも多くなります。柱を起動すると崩壊し、柱のモディファイアを持つモンスターの群れが出現します。カオスキーはモンスターを倒すとランダムドロップとして入手できます！|혼돈의 기둥은 오버월드 지역에서 찾을 수 있습니다. 이 기둥은 일반/상급/희귀/신화/사탄/천사로 생성됩니다. 기둥의 희귀도가 높을수록 더 많은 접미사가 부여됩니다. 기둥을 활성화하면 기둥이 붕괴되고 기둥 속성 부여를 가진 몬스터 무리가 생성됩니다. 몬스터를 처치하면 무작위 드랍으로 혼돈의 열쇠를 획득할 수 있습니다!|Chaossäulen findet ihr in den Oberweltgebieten. Diese Säulen können in den Modi Gewöhnlich, Überragend, Selten, Mythisch, Satanisch oder Engelhaft erscheinen. Je seltener die Säule, desto mehr Affixierungen verleiht sie. Sobald ihr die Säule aktiviert, bricht sie zusammen und erzeugt eine Gruppe von Monstern mit den entsprechenden Modifikatoren. Chaosschlüssel erhaltet ihr zufällig durch das Töten von Monstern!|Vous trouverez des Piliers du Chaos dans les zones du monde extérieur. Ces piliers peuvent apparaître en tant que Communs / Supérieurs / Rares / Mythiques / Sataniques / Angéliques. Plus le pilier est rare, plus il confère d'affixes. Une fois activé, le pilier s'effondrera et fera apparaître une meute de monstres possédant les modificateurs des piliers. Vous pouvez obtenir des Clés du Chaos aléatoirement en tuant des monstres !
journal_desc_bifrost|Once you find a Bifröst Key you can visit Astral Encampment (Act 7 town) to access Bifröst. In Bifröst you meet Heimdall who will grant you two randomly picked choices. Once chosen, enter the Bifröst device behind Heimdall to travel into the destination!|Kun löydät Bifröst-avaimen, voit vierailla Astral-leirillä (7. lain kaupunki) päästäksesi Bifröstiin. Bifröstissä tapaat Heimdallin, joka antaa sinulle kaksi satunnaisesti valittua vaihtoehtoa. Kun olet valinnut, syötä Bifröst-laite Heimdallin taakse matkustaaksesi määränpäähän!|Após encontrar uma Chave de Bifröst, você pode visitar o Acampamento Astral (cidade do Ato 7) para acessar Bifröst. Em Bifröst, você encontrará Heimdall, que lhe concederá duas opções escolhidas aleatoriamente. Uma vez escolhidas, entre no dispositivo Bifröst atrás de Heimdall para viajar até o destino!|Как только вы найдете Ключ Бифрёста, вы можете посетить Астральный Лагерь (город Акта 7), чтобы получить доступ к Бифрёсту. В Бифрёсте вы встречаете Хеймдалля, который предоставит вам два случайно выбранных варианта. После выбора войдите в устройство Бифрёста позади Хеймдалля, чтобы отправиться в пункт назначения!|找到彩虹橋鑰匙後，你可以前往星界營地（第七章城鎮）進入彩虹橋。  在彩虹橋，你會遇到海姆達爾，他會給你兩個隨機的選擇。  選擇後，進入海姆達爾身後的彩虹橋裝置前往目的地！|ビフロストキーを見つけたら、アストラル・エンキャンプメント（Act 7の町）を訪れてビフロストへアクセスできます。ビフロストではヘイムダルと出会い、ランダムに2つの選択肢を与えられます。選択肢を選んだら、ヘイムダルの後ろにあるビフロスト装置に入り、目的地へ向かいましょう！|비프로스트 열쇠를 찾으면 아스트랄 엔캠프(7막 마을)를 방문하여 비프로스트에 접근할 수 있습니다. 비프로스트에서 헤임달을 만나면 무작위로 두 가지 선택지를 줍니다. 선택지를 고르면 헤임달 뒤에 있는 비프로스트 장치를 타고 목적지로 이동하세요!|Sobald ihr einen Bifröst-Schlüssel gefunden habt, könnt ihr das Astrallager (Stadt in Akt 7) besuchen, um auf Bifröst zuzugreifen. In Bifröst trefft ihr Heimdall, der euch zwei zufällig ausgewählte Optionen gewährt. Betretet nach eurer Wahl das Bifröst-Gerät hinter Heimdall, um zum Zielort zu reisen!|Une fois que vous avez trouvé une Clé de Bifröst, vous pouvez vous rendre au Campement Astral (ville de l'Acte 7) pour accéder à Bifröst. À Bifröst, vous rencontrerez Heimdall qui vous proposera deux choix aléatoires. Une fois votre choix effectué, entrez dans le dispositif de Bifröst derrière Heimdall pour vous rendre à destination !
journal_desc_unstableRift|Unstable Rifts can spawn into the overworld areas. Entering a rift can send you inside a Chaos Tower, or into a random dungeon or into an unstable version of the area you entered in. Unstable areas have a chance to drop Unstable Dust from monsters when killed.|Epävakaat riftit voivat syntyä ylimaailman alueille. Halkeamaan joutuminen voi viedä sinut Chaos Towerin sisään tai satunnaiseen vankityrmään tai epävakaaseen versioon alueesta, jolle astuit. Epävakailla alueilla on mahdollisuus pudottaa epävakaa pölyä hirviöistä tapettuna.|Fendas Instáveis ​​podem surgir nas áreas do mundo superior. Entrar em uma fenda pode levá-lo para dentro de uma Torre do Caos, para uma masmorra aleatória ou para uma versão instável da área em que você entrou. Áreas instáveis ​​têm a chance de dropar Pó Instável de monstros ao serem mortas.|Нестабильные Разломы могут появляться в областях надземного мира. Вход в разлом может отправить вас в Башню Хаоса, или в случайное подземелье, или в нестабильную версию области, в которую вы вошли. Нестабильные области имеют шанс выбросить Нестабильную Пыль из монстров при убийстве.|世界地圖中可能會產生不穩定裂縫。  進入裂縫可能將你送入混沌之塔，或進入隨機的地下城，或進入你所進入區域的不穩定版本。  殺死不穩定區域的怪物有機率掉落不穩定粉塵。|不安定な裂け目はオーバーワールドエリアに出現することがあります。裂け目に入ると、カオスタワー、ランダムダンジョン、あるいは入ったエリアの不安定なバージョンへと飛ばされる可能性があります。不安定なエリアでは、モンスターを倒した際に不安定なダストを落とす可能性があります。|불안정한 균열은 오버월드 지역에서 생성될 수 있습니다. 균열에 들어가면 카오스 타워, 무작위 던전, 또는 진입한 지역의 불안정한 버전으로 이동할 수 있습니다. 불안정한 지역에서 몬스터를 처치하면 일정 확률로 불안정한 가루를 획득할 수 있습니다.|Instabile Risse können in den Oberweltgebieten erscheinen. Das Betreten eines Risses kann euch in einen Chaosturm, einen zufälligen Dungeon oder eine instabile Version des Gebiets führen, in das ihr gelangt seid. Instabile Gebiete können beim Töten von Monstern instabilen Staub hinterlassen.|Des Failles Instables peuvent apparaître dans les zones du monde extérieur. Entrer dans une faille peut vous envoyer dans une Tour du Chaos, un donjon aléatoire ou une version instable de la zone d'entrée. Les zones instables ont une chance de laisser tomber de la Poussière instable sur les monstres tués.
journal_desc_eternalBattleField|Eternal Battle Field can randomly spawn into the overworld areas. Going close to the portal it will activate, growing larger and larger spawning legions of monsters. These monsters can drop Battle Fragments, which can be used to enter a cleared portal to travel into the Eternal Battlefield.|Eternal Battle Field voi satunnaisesti poiketa ylimaailman alueille. Portaalin lähelle meneminen aktivoituu ja kasvattaa yhä suurempia hirviöiden kutevia legioonaa. Nämä hirviöt voivat pudottaa taistelufragmentteja, joita voidaan käyttää puhdistettuun portaaliin päästäkseen ikuiselle taistelukentälle.|O Campo de Batalha Eterno pode surgir aleatoriamente nas áreas do mundo superior. Ao se aproximar do portal, ele será ativado, crescendo cada vez mais e gerando legiões de monstros. Esses monstros podem dropar Fragmentos de Batalha, que podem ser usados ​​para entrar em um portal limpo e viajar para o Campo de Batalha Eterno.|Вечное Поле Битвы может случайным образом появляться в областях надземного мира. Приближаясь к порталу, он активируется, становясь все больше и больше, порождая легионы монстров. Эти монстры могут выбрасывать Фрагменты Битвы, которые можно использовать для входа в очищенный портал, чтобы отправиться на Вечное Поле Битвы.|永恆戰場會隨機出現在世界地圖中。  靠近傳送門就會被啟動，不斷湧現出越來越龐大的怪物軍團。  這些怪物會掉落戰鬥碎片，可以用來進入已清理完的戰場傳送門，前往永恆戰場對抗李晟。|永遠の戦場は、地上エリアにランダムに出現することがあります。ポータルに近づくとポータルが起動し、どんどん巨大化し、モンスターの大群が出現します。これらのモンスターはバトルフラグメントを落とすことがあります。バトルフラグメントは、クリアされたポータルに入り、永遠の戦場へと移動するために使用できます。|영원한 전장은 오버월드 지역에 무작위로 생성됩니다. 차원문에 접근하면 차원문이 활성화되어 점점 더 큰 몬스터 군단이 생성됩니다. 이 몬스터들은 전투 조각을 드랍하며, 이 조각을 사용하여 클리어된 차원문을 통해 영원한 전장으로 이동할 수 있습니다.|Das Ewige Schlachtfeld kann zufällig in der Oberwelt erscheinen. Nähert man sich dem Portal, wird es aktiviert, wächst und wächst und erzeugt Legionen von Monstern. Diese Monster können Kampffragmente fallen lassen, mit denen man ein freigemachtes Portal betreten und zum Ewigen Schlachtfeld reisen kann.|Le Champ de Bataille Éternel peut apparaître aléatoirement dans les zones du monde extérieur. En vous approchant du portail, il s'active, grandissant et générant des légions de monstres. Ces monstres peuvent laisser tomber des Fragments de Bataille, qui peuvent être utilisés pour entrer dans un portail dégagé et accéder au Champ de Bataille Éternel.
journal_desc_shadowRealm|Shadow Realm can randomly spawn into the overworld areas. Entering the portal will take you to Shadow Realm where you can obtain Dimensional Shards from monster kills, buy items from the black market (Veras) or enter the portal using Dimensional Shards to fight against Shadow Reaper.|Shadow Realm voi satunnaisesti poiketa ylimaailman alueille. Portaaliin astuminen vie sinut Shadow Realmiin, jossa voit hankkia Dimensional Shards -sirpaleita hirviötapoista, ostaa esineitä mustalta markkinoilta (Veras) tai mennä portaaliin Dimensional Shards -työkalulla taistellaksesi Shadow Reaperia vastaan. |O Reino das Sombras pode surgir aleatoriamente nas áreas do mundo superior. Ao entrar no portal, você será levado ao Reino das Sombras, onde poderá obter Fragmentos Dimensionais matando monstros, comprar itens no mercado negro (Veras) ou entrar no portal usando Fragmentos Dimensionais para lutar contra o Ceifador das Sombras. |Теневое Царство может случайным образом появляться в областях надземного мира. Вход в портал перенесет вас в Теневое Царство, где вы можете получить Пространственные Осколки за убийство монстров, купить предметы на черном рынке (Верас) или войти в портал, используя Пространственные Осколки, чтобы сразиться с Жнецом Теней. |影之領域會隨機出現在世界地圖中。  進入傳送門後，你將進入影之領域，在那裡你可以從擊殺怪物獲得次元碎片，也能從黑市（維拉斯）購買物品，或者使用次元碎片進入傳送門對抗闇影收割者。 |シャドウレルムは、地上エリアにランダムに出現することがあります。ポータルに入るとシャドウレルムへ移動します。そこでは、モンスターを倒して次元の破片を入手したり、ブラックマーケット（ヴェラス）でアイテムを購入したり、次元の破片を使ってポータルに入り、シャドウリーパーと戦ったりすることができます。 |그림자 왕국은 오버월드 지역에 무작위로 생성됩니다. 차원문에 진입하면 그림자 왕국으로 이동하며, 몬스터 처치 시 차원 파편을 획득하거나, 암시장(베라스)에서 아이템을 구매하거나, 차원 파편을 사용하여 차원문에 진입하여 그림자 사신과 싸울 수 있습니다. |Das Schattenreich kann zufällig in der Oberwelt erscheinen. Betritt man das Portal, gelangt man ins Schattenreich, wo man Dimensionssplitter durch Monstertötungen erhalten, Gegenstände auf dem Schwarzmarkt (Veras) kaufen oder das Portal mit Dimensionssplittern betreten kann, um gegen Shadow Reaper zu kämpfen. |Le Royaume des Ombres peut apparaître aléatoirement dans les zones du monde extérieur. En entrant dans le portail, vous accéderez au Royaume des Ombres où vous pourrez obtenir des Éclats Dimensionnels en tuant des monstres, acheter des objets au marché noir (Veras) ou utiliser des Éclats Dimensionnels pour affronter le Faucheur des Ombres. 
journal_desc_chaosTower|Chaos Towers can randomly spawn into the overworld areas. Entering the tower will take you into the tower´s lobby where you can start the tower. Once in the first floor, you will be granted a buff and a debuff of your choice. At the last floor, you will claim your drop buffs and exit the tower or use Colosseum Fragments to enter the colosseum in order to fight against King Rakhul.|Kaaostornit voivat syntyä satunnaisesti ylimaailman alueille. Torniin astuminen vie sinut tornin aulaan, josta voit käynnistää tornin. Kun olet ensimmäisessä kerroksessa, sinulle myönnetään valitsemasi buff ja debuff. Viimeisessä kerroksessa lunastat pudotusbuffit ja poistut tornista tai käytät Colosseumin fragmentteja päästäksesi Colosseumiin taistellaksesi kuningas Rakhulia vastaan.|Torres do Caos podem surgir aleatoriamente nas áreas do mundo superior. Ao entrar na torre, você será levado ao lobby da torre, onde poderá iniciá-la. Ao chegar ao primeiro andar, você receberá um bônus e um debuff à sua escolha. No último andar, você resgatará seus bônus e sairá da torre ou usará Fragmentos do Coliseu para entrar no coliseu e lutar contra o Rei Rakhul.|Башни Хаоса могут случайным образом появляться в областях надземного мира. Вход в башню приведет вас в вестибюль башни, где вы можете начать башню. Оказавшись на первом этаже, вы получите бафф и дебафф по вашему выбору. На последнем этаже вы получите свои баффы и выйдете из башни или используете фрагменты Колизея, чтобы войти в Колизей, чтобы сразиться с королем Рахулом.|混沌之塔會隨機生成於世界地圖。  進入塔樓後，您將進入塔樓大廳，在那裡您可以向上面的樓層前進。  到達第一層後，您將獲得一個增益效果和一個您選擇的減益效果。  在最後一層，您可以領取掉落的增益效果並離開塔樓，或使用鬥獸場碎片進入鬥獸場，與拉胡爾國王戰鬥。|カオスタワーは、オーバーワールドエリアにランダムに出現します。タワーに入ると、ロビーに移動し、そこからタワーをプレイできます。1階に到達すると、選択したバフとデバフが付与されます。最終階では、ドロップバフを受け取った後、タワーを出る、またはコロシアムフラグメントを使用してコロシアムに入り、ラクール王と戦うことができます。|카오스 타워는 오버월드 지역에 무작위로 생성됩니다. 타워에 입장하면 타워 로비로 이동하여 타워 건설을 시작할 수 있습니다. 1층에 진입하면 원하는 버프와 디버프를 받을 수 있습니다. 마지막 층에서는 획득한 버프를 획득하고 타워에서 나가거나, 콜로세움 조각을 사용하여 콜로세움에 입장하여 라쿨 왕과 싸울 수 있습니다.|Chaostürme können zufällig in den Oberweltbereichen erscheinen. Wenn Sie den Turm betreten, gelangen Sie in die Lobby des Turms, wo Sie den Turm starten können. Im ersten Stock erhalten Sie einen Buff und einen Debuff Ihrer Wahl. Im letzten Stock fordern Sie Ihre Drop-Buffs an und verlassen den Turm oder benutzen Kolosseumfragmente, um das Kolosseum zu betreten und gegen König Rakhul zu kämpfen.|Les Tours du Chaos peuvent apparaître aléatoirement dans les zones du monde extérieur. En entrant dans la tour, vous accéderez au hall d'entrée, où vous pourrez la démarrer. Une fois au premier étage, vous recevrez un bonus et un affaiblissement de votre choix. Au dernier étage, vous récupérerez vos bonus et sortirez de la tour, ou utiliserez des fragments du Colisée pour entrer dans le Colisée et combattre le Roi Rakhul.
journal_desc_wormhole|Wormholes are timed areas where you can limit test your character. When you kill all the monsters and go towards the pentagram a boss will spawn. After beating the boss, gain all the items from monsters killed as a loot explosion. You can decide to upgrade your wormhole to make it harder, the faster you cleared the more levels you gain. Wormhole also has global rankings and at certain thresholds you will be eligible for seasonal rewards which range between different types of cosmetics!|Madonreiät ovat ajoitettuja alueita, joilla voit rajoittaa hahmosi testaamista. Kun tapat kaikki hirviöt ja menet kohti pentagrammia, pomo syntyy. Kun olet lyönyt pomon, hanki kaikki esineet hirviöiltä, ​​jotka tapettiin ryöstöräjähdyksessä. Voit päättää päivittää madonreikää tehdäksesi siitä vaikeamman. Mitä nopeammin tyhjennät, sitä enemmän tasoja saat. Wormholella on myös globaaleja sijoituksia, ja tietyillä kynnyksillä olet oikeutettu kausipalkkioihin, jotka vaihtelevat erityyppisten kosmetiikkatuotteiden välillä!|Buracos de Minhoca são áreas com tempo limitado onde você pode testar seu personagem. Ao matar todos os monstros e ir em direção ao pentagrama, um chefe aparecerá. Após derrotar o chefe, você receberá todos os itens dos monstros mortos como uma explosão de saque. Você pode optar por aprimorar seu buraco de minhoca para torná-lo mais difícil; quanto mais rápido você passar, mais níveis você ganhará. O Buraco de Minhoca também possui classificações globais e, em certos níveis, você poderá receber recompensas sazonais que variam entre diferentes tipos de cosméticos!|Червоточины — это временные области, где вы можете ограничить проверку своего персонажа. Когда вы убьете всех монстров и пойдете к пентаграмме, появится босс. После победы над боссом получите все предметы от убитых монстров в виде взрыва добычи. Вы можете решить улучшить свою червоточину, чтобы сделать ее сложнее, чем быстрее вы ее зачистите, тем больше уровней получите. Червоточина также имеет глобальные рейтинги, и при определенных пороговых значениях вы сможете получить сезонные награды, которые варьируются между различными типами косметических предметов!|蟲洞是限時區域，您可以在其中極限測試您的角色。  當您殺死所有怪物並前往五芒星時，將會出現一個Boss。  擊敗Boss後，透過爆炸式的掉落來獲得所有殺死怪物的獎勵品。  您可以決定升級蟲洞以增加難度，您越快通關，獲得的等級就越高。  蟲洞還設有全球排名，達到一定門檻後，您將有資格獲得各種裝飾品的賽季獎勵！|ワームホールは、キャラクターの限界に挑戦できる時間制限のあるエリアです。すべてのモンスターを倒して五芒星に向かうとボスが出現します。ボスを倒すと、倒したモンスターからすべてのアイテムが戦利品として獲得できます。ワームホールをアップグレードして難易度を上げることもできます。クリアが速いほど、レベルが上がります。ワームホールにはグローバルランキングがあり、一定の基準に達すると、様々な種類のコスメティックアイテムを含む季節限定の報酬を獲得できます！|웜홀은 캐릭터의 한계를 시험할 수 있는 시간 제한이 있는 지역입니다. 모든 몬스터를 처치하고 펜타그램으로 이동하면 보스가 등장합니다. 보스를 처치하면 처치한 몬스터의 모든 아이템이 전리품 폭발로 획득됩니다. 웜홀을 더 어렵게 업그레이드할 수도 있으며, 빠르게 클리어할수록 더 높은 레벨을 획득할 수 있습니다. 웜홀에는 글로벌 랭킹도 있으며, 특정 구간을 달성하면 다양한 종류의 장식 아이템이 포함된 시즌 보상을 획득할 수 있습니다!|Wurmlöcher sind zeitgesteuerte Bereiche, in denen Sie Ihren Charakter auf die Probe stellen können. Wenn Sie alle Monster getötet und sich auf das Pentagramm zubewegt haben, erscheint ein Boss. Nachdem Sie den Boss besiegt haben, erhalten Sie alle Gegenstände der getöteten Monster als Beuteexplosion. Sie können Ihr Wurmloch verbessern, um es schwieriger zu machen. Je schneller Sie es abschließen, desto mehr Level steigen Sie auf. Wurmlöcher haben außerdem globale Ranglisten und ab bestimmten Schwellenwerten können Sie saisonale Belohnungen erhalten, die zwischen verschiedenen Arten von kosmetischen Gegenständen variieren!|Les trous de ver sont des zones chronométrées où vous pouvez tester les limites de votre personnage. Lorsque vous tuez tous les monstres et que vous vous dirigez vers le pentagramme, un boss apparaît. Après avoir vaincu le boss, vous récupérez tous les objets des monstres tués grâce à l'explosion de butin. Vous pouvez améliorer votre trou de ver pour le rendre plus difficile : plus vous le terminez rapidement, plus vous gagnez de niveaux. Les trous de ver disposent également de classements mondiaux et, à certains niveaux, vous pourrez obtenir des récompenses saisonnières, notamment des objets cosmétiques !
journal_desc_challengeDungeons|On Hell+ difficulty you can use Dungeon Keys to start a challenge at a specific dungeon. Talk to Lady Sonya outside the dungeon in order to activate it, after entering and clearing the dungeon you will be rewarded with a big treasure chest.||Na dificuldade Inferno+ você pode usar Chaves de Masmorra para iniciar um desafio em uma masmorra específica. Fale com Lady Sonya do lado de fora da masmorra para ativá-la. Após entrar e limpar a masmorra, você será recompensado com um grande baú de tesouro.|На сложности Ад+ вы можете использовать ключи от подземелий для запуска испытания в конкретном подземелье. Поговорите с леди Соней снаружи подземелья, чтобы активировать его. После прохождения подземелья вы получите большой сундук с сокровищами.|在地獄以上的難度下，你可以使用地下城鑰匙在指定地下城開啟挑戰。在地下城外與索妮亞女士（Lady Sonya）對話即可啟用；進入並通關地下城後，你將獲得一個大型寶箱作為獎勵。|ヘル+難易度では、ダンジョンキーを使って特定のダンジョンに挑戦できます。ダンジョンの外にいるソニア様に話しかけてダンジョンを起動し、ダンジョンに入ってクリアすると、大きな宝箱が報酬として手に入ります。 |지옥+ 난이도에서는 던전 열쇠를 사용하여 특정 던전에서 도전을 시작할 수 있습니다. 던전 밖에 있는 소냐 부인에게 말을 걸어 도전을 활성화하세요. 던전에 들어가 클리어하면 큰 보물 상자를 보상으로 받게 됩니다. |Im Schwierigkeitsgrad „Hölle+“ kannst du mit Dungeon-Schlüsseln eine Herausforderung in einem bestimmten Dungeon starten. Sprich mit Lady Sonya vor dem Dungeon, um sie zu aktivieren. Nach dem Betreten und Abschließen des Dungeons erhältst du eine große Schatztruhe.|En mode Enfer+, vous pouvez utiliser des clés de donjon pour lancer un défi dans un donjon spécifique. Parlez à Dame Sonya à l'extérieur du donjon pour l'activer. Une fois à l'intérieur et après avoir terminé le donjon, vous recevrez un grand coffre au trésor en récompense. |En la dificultad Infierno+, puedes usar Llaves de Mazmorra para iniciar un desafío en una mazmorra específica. Habla con Lady Sonya fuera de la mazmorra para activarla. Tras entrar y completar la mazmorra, recibirás un gran cofre del tesoro. |Na trudności Hell+ możesz używać Dungeon Keys, aby rozpocząć wyzwanie w konkretnym lochu. Porozmawiaj z Lady Sonya poza lochiem, aby aktywować je. Po wejściu i wyczyszczeniu lochu otrzymasz dużą skrzynię ze skarbami.
journal_desc_angelicRealm|Once you find an Angelic Key you can visit Dawn´s Chapel (Act 6 town) to access the Angelic Realm by talking to St. Peter. In the angelic realm you can choose a random chest augment or the augment of your choice if you spend more keys when entering the left side gate. On the right side gate you can upgrade the augments level up to level 7. Bare in mind that you require the same amount of keys as the augments current level in order to upgrade it. From monster kills, only monsters with the “Fallen Angel” affix can drop Angelic Keys.|"Kun löydät enkeliavaimen, voit vierailla Dawnin kappelissa (6. säädöksen kaupunki) päästäksesi Enkelimaailmaan puhumalla Pyhän Pietarin kanssa. Enkelimaailmassa voit valita satunnaisen rintalisäyksen tai valitsemasi lisäyksen, jos käytät enemmän avaimia astuessasi sisään vasemmasta sivuportista. Oikeanpuoleisessa portissa voit päivittää augments-tason tasolle 7. Muista, että tarvitset saman määrän avaimia kuin augmentsin nykyinen taso, jotta voit päivittää sen. Hirviötapoista vain hirviöt, joissa on ""Fallen Angel"" -liite, voivat pudottaa enkeliavaimet. "|"Ao encontrar uma Chave Angelical, você pode visitar a Capela do Amanhecer (cidade do Ato 6) para acessar o Reino Angelical conversando com São Pedro. No Reino Angelical, você pode escolher um aprimoramento aleatório para o baú ou o aprimoramento de sua escolha se gastar mais chaves ao entrar pelo portão esquerdo. No portão direito, você pode aprimorar o nível dos aprimoramentos até o nível 7. Lembre-se de que você precisa da mesma quantidade de chaves que o nível atual do aprimoramento para aprimorá-lo. Ao matar monstros, apenas monstros com o afixo ""Anjo Caído"" podem dropar Chaves Angelicais. "|Как только вы найдете Ангельский ключ, вы можете посетить Часовню рассвета (город 6 акта), чтобы получить доступ к Ангельскому царству, поговорив со Святым Петром. В ангельском царстве вы можете выбрать случайное улучшение сундука или улучшение по вашему выбору, если вы потратите больше ключей при входе в левые ворота. У правых ворот вы можете улучшить уровень улучшения до 7-го уровня. Помните, что вам потребуется столько же ключей, сколько и текущий уровень улучшения, чтобы улучшить его. Из убийств монстров только монстры с аффиксом «Падший ангел» могут выпадать Ангельские ключи. |找到天使鑰匙後，您可以前往黎明的禮拜堂（第六章城鎮），與聖彼得交談，進入天使領域。  在天使領域，您可以選擇隨機強化你的裝備，或在進入左側大門時需花費更多天使鑰匙可自選獲得你要的強化效果。  在右側大門，您可以將強化裝備的等級升級到最高7級。  請注意，升級所需的鑰匙數量與強化道具的當前等級相同。  只有「墮落天使」詞綴的怪物才能掉落天使鑰匙。|天使の鍵を見つけたら、暁の礼拝堂（Act 6の町）を訪れ、聖ペテロに話しかけることで天使界へアクセスできます。天使界では、左側の門に入る際に鍵を複数消費することで、ランダムに宝箱の強化アイテムを1つ選択するか、任意の強化アイテムを選択できます。右側の門では、強化アイテムのレベルを7までアップグレードできます。アップグレードには、強化アイテムの現在のレベルと同じ数の鍵が必要であることに注意してください。モンスターを倒しても、「堕天使」のアフィックスを持つモンスターのみが天使の鍵をドロップします。 |"천사 열쇠를 찾으면 새벽의 예배당(6막 마을)으로 가서 성 베드로와 대화하여 천사의 영역으로 들어갈 수 있습니다. 천사의 영역에서는 무작위 상자 강화 아이템을 선택하거나, 왼쪽 문으로 들어갈 때 더 많은 열쇠를 사용하면 원하는 강화 아이템을 선택할 수 있습니다. 오른쪽 문에서는 강화 아이템 레벨을 최대 7레벨까지 업그레이드할 수 있습니다. 강화 아이템을 업그레이드하려면 강화 아이템의 현재 레벨과 같은 양의 열쇠가 필요하다는 점을 명심하세요. 몬스터 처치 시 ""타락한 천사"" 속성이 있는 몬스터만 천사 열쇠를 드랍할 수 있습니다. "|Sobald du einen Engelsschlüssel gefunden hast, kannst du Dawns Kapelle (Stadt in Akt 6) besuchen, um durch ein Gespräch mit St. Peter ins Engelsreich zu gelangen. Im Engelsreich kannst du eine zufällige Truhenerweiterung oder eine Erweiterung deiner Wahl auswählen, wenn du beim Betreten des linken Tors mehrere Schlüssel ausgibst. Am rechten Tor kannst du die Erweiterung auf Stufe 7 aufrüsten. Beachte, dass du für die Aufrüstung die gleiche Anzahl an Schlüsseln benötigst wie die Erweiterung auf ihrem aktuellen Level ist. Nur Monster mit dem Affix „Gefallener Engel“ können Engelsschlüssel fallen lassen, wenn du Monster besiegst. |Une fois que vous avez trouvé une Clé angélique, vous pouvez vous rendre à la Chapelle de l'Aurore (ville de l'acte 6) pour accéder au Royaume angélique en parlant à Saint-Pierre. Dans le Royaume angélique, vous pouvez choisir une amélioration de coffre aléatoire ou l'amélioration de votre choix si vous dépensez plus de clés en franchissant la porte de gauche. Sur la porte de droite, vous pouvez améliorer le niveau de l'amélioration jusqu'au niveau 7. N'oubliez pas que vous avez besoin du même nombre de clés que le niveau actuel de l'amélioration pour l'améliorer. En tuant des monstres, seuls les monstres portant l'affixe « Ange déchu » peuvent laisser tomber des Clés angéliques. 
journal_desc_unholy_siege|Unholy Siege is a mystic structure which activates when approached. The portal will spawn monsters and trigger a random event with various kinds of possible rewards. Monsters from unholy siege can drop tarot cards.||||邪惡圍攻是一個神秘的建築，靠近時會啟動。傳送門會產生怪物並觸發隨機事件，帶來各種獎勵。邪惡圍攻中的怪物可能會掉落塔羅牌。||||En dificultad Infierno+, puedes usar Llaves de Mazmorra para empezar un desafío en una mazmorra específica. Habla con Lady Sonya fuera de la mazmorra para activarlo. Tras entrar y completar la mazmorra, serás recompensado con un gran cofre del tesoro. También obtienes experiencia de Encarnación al matar monstruos. Los monstruos también pueden soltar Glifos que se pueden subir de nivel usando la experiencia de Encarnación. Puedes poner Glifos en tu árbol de Encarnación después de alcanzar el nivel 100 y ganar niveles de héroe.
journal_desc_cursed_spirit|Approach the cursed altar to summon cursed spirit. The spirit will move around the map spawning monsters when it reaches its destination, killing the monsters and popping its pustules gives the cursed spirit more life time. After clearing the monsters the spirit will seek a new location to spawn monsters in. Each wave cleared increases the loot explosions loot amount and magic find for each roll.||Aproxime-se do altar amaldiçoado para invocar o Espírito Amaldiçoado. O espírito se move pelo mapa invocando monstros ao chegar ao destino. Matar os monstros e estourar seus abscessos dá mais tempo de vida ao Espírito Amaldiçoado. Após limpar os monstros, o espírito buscará um novo local para invocar monstros. Cada onda limpa aumenta a quantidade de saque da explosão de loot e a chance de itens mágicos para cada rolagem. |Подойдите к проклятому алтарю, чтобы призвать Проклятого духа. Дух будет перемещаться по карте и призывать монстров, когда достигнет цели. Убийство монстров и уничтожение гнойников увеличивает время жизни Проклятого духа. После очистки монстров дух найдёт новое место для призыва. Каждая очищенная волна повышает количество добычи во взрыве и магическую находку для каждого броска. |靠近詛咒祭壇即可召喚詛咒之靈。詛咒之靈會在地圖上移動，到達目的地後會召喚怪物。擊殺怪物並戳破它們的膿皰可以提升詛咒之靈的生命值。清除怪物後，詛咒之靈會尋找新的地點再次召喚怪物。每清除一波怪物，每次刷新都會增加戰利品爆炸的數量和掉寶率。 |呪われた祭壇に近づくと、呪われた精霊が召喚されます。精霊はマップ上を移動し、目的地に到達するとモンスターを出現させます。モンスターを倒し、精霊の膿疱を潰すと、呪われた精霊の寿命が延びます。モンスターを全滅させた後、精霊はモンスターを出現させる新たな場所を探します。ウェーブをクリアするごとに、戦利品爆発の戦利品量と、各ロールで獲得できる魔法アイテムの数が増加します。 |저주받은 제단에 다가가 저주받은 정령을 소환하세요. 정령은 맵을 돌아다니며 목적지에 도달하면 몬스터를 소환합니다. 몬스터를 처치하고 정령의 고름을 터뜨리면 저주받은 정령의 수명이 늘어납니다. 몬스터를 모두 처치하면 정령은 새로운 몬스터 소환 장소를 찾아 이동합니다. 몬스터 무리를 처치할 때마다 전리품 폭발 시 획득하는 전리품 양과 마법 아이템 발견 확률이 증가합니다. |Nähere dich dem verfluchten Altar, um den verfluchten Geist zu beschwören. Der Geist bewegt sich auf der Karte und beschwört Monster, sobald er sein Ziel erreicht. Das Töten der Monster und das Zerstören seiner Pusteln verlängert seine Lebensdauer. Sobald alle Monster besiegt sind, sucht sich der Geist einen neuen Ort, um dort weitere Monster zu beschwören. Jede besiegte Monsterwelle erhöht die Menge der Beuteexplosionen und die Magiefundrate pro Wurf.|Approchez-vous de l'autel maudit pour invoquer l'esprit maudit. Ce dernier se déplacera sur la carte en invoquant des monstres à destination. Tuer ces monstres et faire éclater leurs pustules augmente la durée de vie de l'esprit maudit. Une fois les monstres éliminés, l'esprit cherchera un nouvel endroit pour en invoquer d'autres. Chaque vague de monstres vaincue augmente la quantité de butin et le bonus de chance magique pour chaque jet de dés. |Acércate al altar maldito para invocar al espíritu maldito. El espíritu se moverá por el mapa generando monstruos al llegar a su destino. Al matar a los monstruos y reventar sus pústulas, el espíritu maldito tendrá más vida. Tras eliminar a los monstruos, el espíritu buscará una nueva ubicación para generar más. Cada oleada eliminada aumenta la cantidad de botín de las explosiones y la probabilidad de encontrar objetos mágicos en cada tirada. |Podejdź do przeklętego ołtarza, aby przywołać cursed spirit. Duch będzie poruszał się po mapie spawnując potwory gdy dotrze do celu. Zabijanie potworów i pękanie jego pęcherzy daje cursed spirit więcej czasu życia. Po wyczyszczeniu potworów duch poszuka nowej lokalizacji do spawnienia potworów. Każda wyczyszczona fala zwiększa ilość łupu z eksplozji i magic find dla każdego rolla. 
journal_desc_abyssal_chest|Detonate levers in order to open locks on the chest. You can claim the chest at any time after the first lock, activating the chest spawns a pack of monsters which power is determined by the amount of locks. More locks means more rewards but more risk!||Acione as alavancas para abrir as trancas do baú. Você pode resgatar o baú a qualquer momento após a primeira tranca; ao ativá-lo, surge um grupo de monstros cujo poder é determinado pela quantidade de trancas. Mais trancas significam mais recompensas, mas também mais riscos! |Приведите в действие рычаги, чтобы открыть замки на сундуке. Вы можете забрать судук в любой момент после первого замка, активация сундука призывает группу монстров, сила которых определяется количеством замков. Больше замков означает больше наград, но и больше риска!|依序引爆槓桿以解開寶箱上的鎖。解開第一道鎖後，你隨時都能開啟寶箱；開啟寶箱會召喚出一群怪物，其強度取決於解開的鎖頭數量。解開越多的鎖意味著獎勵越豐厚，但風險也越高！|レバーを爆破して、宝箱のロックを解除しましょう。最初のロックを解除した後はいつでも宝箱を開けることができますが、起動するとモンスターの集団が出現します。その強さは解除したロックの数によって決まります。ロックの数が多いほど報酬も増えますが、リスクも高まります！ |레버를 작동시켜 상자의 잠금을 해제하세요. 첫 번째 잠금을 푼 후에는 언제든지 상자를 열 수 있지만, 상자를 활성화하면 잠금 해제된 개수에 따라 강도가 결정되는 몬스터 무리가 나타납니다. 잠금을 많이 풀수록 보상은 늘어나지만 위험도 커집니다! |Löse die Hebel aus, um die Schlösser der Truhe zu öffnen. Du kannst die Truhe jederzeit nach dem ersten Schloss beanspruchen; ihre Aktivierung ruft eine Gruppe von Monstern hervor, deren Stärke von der Anzahl der Schlösser abhängt. Mehr Schlösser bedeuten mehr Belohnungen, aber auch ein höheres Risiko! |Faites exploser les leviers pour déverrouiller les serrures du coffre. Vous pouvez récupérer le coffre à tout moment après avoir ouvert la première serrure ; l'activer fait apparaître un groupe de monstres dont la puissance dépend du nombre de serrures débloquées. Plus il y a de serrures, plus les récompenses sont importantes, mais plus le risque est élevé ! |Detona las palancas en orden para abrir las cerraduras del cofre. Puedes reclamar el cofre en cualquier momento luego de abrir la primera cerradura. Al activar el cofre, aparecerá un grupo de monstruos cuyo poder dependerá de la cantidad de cerraduras abiertas. ¡Más cerraduras significan más recompensas pero también más riesgo! |Wysadzaj dźwignie, aby otwierać zamki skrzyni. Możesz ją przejąć w dowolnym momencie po otwarciu pierwszego zamka; aktywacja skrzyni powoduje pojawienie się grupy potworów, których siła zależy od liczby odblokowanych zamków. Więcej zamków oznacza lepsze nagrody, ale też większe ryzyko!
